[2026-08-19 14:11:45.684 GPU_Scheduler_0] starting GPU scheduler for GPU 0
[2026-08-19 14:11:45.686 GPU_Scheduler_0] [PAPER-ALG2] enabled=True prefill_speed_entries=6 log=/workspace/prism-exp/exp/results/paper-faithful-v4/tau-study/raw/paper-faithful-v4/bursty/rate_8/seed_2/server-logs/server.log.alg2_gpu0.jsonl
[2026-08-19 14:11:45.687 GPU_Scheduler_0] Model states init: {'model_1': 'deactivated', 'model_2': 'deactivated', 'model_3': 'deactivated', 'model_4': 'deactivated', 'model_5': 'deactivated', 'model_6': 'deactivated'}
[2026-08-19 14:11:46.277 GPU_Scheduler_0] Assign worker 0 to model_1. Current model_to_worker: {'model_1': 0}
[2026-08-19 14:11:46.278 GPU_Scheduler_0] Assign worker 1 to model_4. Current model_to_worker: {'model_1': 0, 'model_4': 1}
[2026-08-19 14:11:46.279 GPU_Scheduler_0] Assign worker 2 to model_5. Current model_to_worker: {'model_1': 0, 'model_4': 1, 'model_5': 2}
[2026-08-19 14:11:46.284 GPU_Scheduler_0] Waiting for models to be activated: {'model_1': 'activating', 'model_2': 'deactivated', 'model_3': 'deactivated', 'model_4': 'activating', 'model_5': 'activating', 'model_6': 'deactivated'}
[2026-08-19 14:11:46.294 GPU_Scheduler_0] Waiting for models to be activated: {'model_1': 'activating', 'model_2': 'deactivated', 'model_3': 'deactivated', 'model_4': 'activating', 'model_5': 'activating', 'model_6': 'deactivated'}
[2026-08-19 14:11:46.305 GPU_Scheduler_0] Waiting for models to be activated: {'model_1': 'activating', 'model_2': 'deactivated', 'model_3': 'deactivated', 'model_4': 'activating', 'model_5': 'activating', 'model_6': 'deactivated'}
[2026-08-19 14:11:46.315 GPU_Scheduler_0] Waiting for models to be activated: {'model_1': 'activating', 'model_2': 'deactivated', 'model_3': 'deactivated', 'model_4': 'activating', 'model_5': 'activating', 'model_6': 'deactivated'}
[2026-08-19 14:11:46.326 GPU_Scheduler_0] Waiting for models to be activated: {'model_1': 'activating', 'model_2': 'deactivated', 'model_3': 'deactivated', 'model_4': 'activating', 'model_5': 'activating', 'model_6': 'deactivated'}
[2026-08-19 14:11:46.336 GPU_Scheduler_0] Waiting for models to be activated: {'model_1': 'activating', 'model_2': 'deactivated', 'model_3': 'deactivated', 'model_4': 'activating', 'model_5': 'activating', 'model_6': 'deactivated'}
[2026-08-19 14:11:46.347 GPU_Scheduler_0] Waiting for models to be activated: {'model_1': 'activating', 'model_2': 'deactivated', 'model_3': 'deactivated', 'model_4': 'activating', 'model_5': 'activating', 'model_6': 'deactivated'}
[2026-08-19 14:11:46.357 GPU_Scheduler_0] Waiting for models to be activated: {'model_1': 'activating', 'model_2': 'deactivated', 'model_3': 'deactivated', 'model_4': 'activating', 'model_5': 'activating', 'model_6': 'deactivated'}
[2026-08-19 14:11:46.368 GPU_Scheduler_0] Waiting for models to be activated: {'model_1': 'activating', 'model_2': 'deactivated', 'model_3': 'deactivated', 'model_4': 'activating', 'model_5': 'activating', 'model_6': 'deactivated'}
[2026-08-19 14:11:46.378 GPU_Scheduler_0] Waiting for models to be activated: {'model_1': 'activating', 'model_2': 'deactivated', 'model_3': 'deactivated', 'model_4': 'activating', 'model_5': 'activating', 'model_6': 'deactivated'}
[2026-08-19 14:11:46.389 GPU_Scheduler_0] Waiting for models to be activated: {'model_1': 'activating', 'model_2': 'deactivated', 'model_3': 'deactivated', 'model_4': 'activating', 'model_5': 'activating', 'model_6': 'deactivated'}
[2026-08-19 14:11:46.399 GPU_Scheduler_0] Waiting for models to be activated: {'model_1': 'activating', 'model_2': 'deactivated', 'model_3': 'deactivated', 'model_4': 'activating', 'model_5': 'activating', 'model_6': 'deactivated'}
[2026-08-19 14:11:46.410 GPU_Scheduler_0] Waiting for models to be activated: {'model_1': 'activating', 'model_2': 'deactivated', 'model_3': 'deactivated', 'model_4': 'activating', 'model_5': 'activating', 'model_6': 'deactivated'}
[2026-08-19 14:11:46.421 GPU_Scheduler_0] Waiting for models to be activated: {'model_1': 'activating', 'model_2': 'deactivated', 'model_3': 'deactivated', 'model_4': 'activating', 'model_5': 'activating', 'model_6': 'deactivated'}
[2026-08-19 14:11:46.431 GPU_Scheduler_0] Waiting for models to be activated: {'model_1': 'activating', 'model_2': 'deactivated', 'model_3': 'deactivated', 'model_4': 'activating', 'model_5': 'activating', 'model_6': 'deactivated'}
[2026-08-19 14:11:46.442 GPU_Scheduler_0] Waiting for models to be activated: {'model_1': 'activating', 'model_2': 'deactivated', 'model_3': 'deactivated', 'model_4': 'activating', 'model_5': 'activating', 'model_6': 'deactivated'}
[2026-08-19 14:11:46.453 GPU_Scheduler_0] Waiting for models to be activated: {'model_1': 'activating', 'model_2': 'deactivated', 'model_3': 'deactivated', 'model_4': 'activating', 'model_5': 'activating', 'model_6': 'deactivated'}
[2026-08-19 14:11:46.463 GPU_Scheduler_0] Waiting for models to be activated: {'model_1': 'activating', 'model_2': 'deactivated', 'model_3': 'deactivated', 'model_4': 'activating', 'model_5': 'activating', 'model_6': 'deactivated'}
[2026-08-19 14:11:46.474 GPU_Scheduler_0] Waiting for models to be activated: {'model_1': 'activating', 'model_2': 'deactivated', 'model_3': 'deactivated', 'model_4': 'activating', 'model_5': 'activating', 'model_6': 'deactivated'}
[2026-08-19 14:11:46.484 GPU_Scheduler_0] Waiting for models to be activated: {'model_1': 'activating', 'model_2': 'deactivated', 'model_3': 'deactivated', 'model_4': 'activating', 'model_5': 'activating', 'model_6': 'deactivated'}
[2026-08-19 14:11:46.494 GPU_Scheduler_0] Waiting for models to be activated: {'model_1': 'activating', 'model_2': 'deactivated', 'model_3': 'deactivated', 'model_4': 'activating', 'model_5': 'activating', 'model_6': 'deactivated'}
[2026-08-19 14:11:46.504 GPU_Scheduler_0] Waiting for models to be activated: {'model_1': 'activating', 'model_2': 'deactivated', 'model_3': 'deactivated', 'model_4': 'activating', 'model_5': 'activating', 'model_6': 'deactivated'}
[2026-08-19 14:11:46.515 GPU_Scheduler_0] Waiting for models to be activated: {'model_1': 'activating', 'model_2': 'deactivated', 'model_3': 'deactivated', 'model_4': 'activating', 'model_5': 'activating', 'model_6': 'deactivated'}
[2026-08-19 14:11:46.525 GPU_Scheduler_0] Waiting for models to be activated: {'model_1': 'activating', 'model_2': 'deactivated', 'model_3': 'deactivated', 'model_4': 'activating', 'model_5': 'activating', 'model_6': 'deactivated'}
[2026-08-19 14:11:46.535 GPU_Scheduler_0] Waiting for models to be activated: {'model_1': 'activating', 'model_2': 'deactivated', 'model_3': 'deactivated', 'model_4': 'activating', 'model_5': 'activating', 'model_6': 'deactivated'}
[2026-08-19 14:11:46.545 GPU_Scheduler_0] Waiting for models to be activated: {'model_1': 'activating', 'model_2': 'deactivated', 'model_3': 'deactivated', 'model_4': 'activating', 'model_5': 'activating', 'model_6': 'deactivated'}
[2026-08-19 14:11:46.556 GPU_Scheduler_0] Waiting for models to be activated: {'model_1': 'activating', 'model_2': 'deactivated', 'model_3': 'deactivated', 'model_4': 'activating', 'model_5': 'activating', 'model_6': 'deactivated'}
[2026-08-19 14:11:46.566 GPU_Scheduler_0] Waiting for models to be activated: {'model_1': 'activating', 'model_2': 'deactivated', 'model_3': 'deactivated', 'model_4': 'activating', 'model_5': 'activating', 'model_6': 'deactivated'}
[2026-08-19 14:11:46.576 GPU_Scheduler_0] Waiting for models to be activated: {'model_1': 'activating', 'model_2': 'deactivated', 'model_3': 'deactivated', 'model_4': 'activating', 'model_5': 'activating', 'model_6': 'deactivated'}
[2026-08-19 14:11:46.587 GPU_Scheduler_0] Waiting for models to be activated: {'model_1': 'activating', 'model_2': 'deactivated', 'model_3': 'deactivated', 'model_4': 'activating', 'model_5': 'activating', 'model_6': 'deactivated'}
[2026-08-19 14:11:46.597 GPU_Scheduler_0] Waiting for models to be activated: {'model_1': 'activating', 'model_2': 'deactivated', 'model_3': 'deactivated', 'model_4': 'activating', 'model_5': 'activating', 'model_6': 'deactivated'}
[2026-08-19 14:11:46.607 GPU_Scheduler_0] Waiting for models to be activated: {'model_1': 'activating', 'model_2': 'deactivated', 'model_3': 'deactivated', 'model_4': 'activating', 'model_5': 'activating', 'model_6': 'deactivated'}
[2026-08-19 14:11:46.618 GPU_Scheduler_0] Waiting for models to be activated: {'model_1': 'activating', 'model_2': 'deactivated', 'model_3': 'deactivated', 'model_4': 'activating', 'model_5': 'activating', 'model_6': 'deactivated'}
[2026-08-19 14:11:46.628 GPU_Scheduler_0] Waiting for models to be activated: {'model_1': 'activating', 'model_2': 'deactivated', 'model_3': 'deactivated', 'model_4': 'activating', 'model_5': 'activating', 'model_6': 'deactivated'}
[2026-08-19 14:11:46.638 GPU_Scheduler_0] Waiting for models to be activated: {'model_1': 'activating', 'model_2': 'deactivated', 'model_3': 'deactivated', 'model_4': 'activating', 'model_5': 'activating', 'model_6': 'deactivated'}
[2026-08-19 14:11:46.649 GPU_Scheduler_0] Waiting for models to be activated: {'model_1': 'activating', 'model_2': 'deactivated', 'model_3': 'deactivated', 'model_4': 'activating', 'model_5': 'activating', 'model_6': 'deactivated'}
[2026-08-19 14:11:46.659 GPU_Scheduler_0] Waiting for models to be activated: {'model_1': 'activating', 'model_2': 'deactivated', 'model_3': 'deactivated', 'model_4': 'activating', 'model_5': 'activating', 'model_6': 'deactivated'}
[2026-08-19 14:11:46.670 GPU_Scheduler_0] Waiting for models to be activated: {'model_1': 'activating', 'model_2': 'deactivated', 'model_3': 'deactivated', 'model_4': 'activating', 'model_5': 'activating', 'model_6': 'deactivated'}
[2026-08-19 14:11:46.680 GPU_Scheduler_0] Waiting for models to be activated: {'model_1': 'activating', 'model_2': 'deactivated', 'model_3': 'deactivated', 'model_4': 'activating', 'model_5': 'activating', 'model_6': 'deactivated'}
[2026-08-19 14:11:46.690 GPU_Scheduler_0] Waiting for models to be activated: {'model_1': 'activating', 'model_2': 'deactivated', 'model_3': 'deactivated', 'model_4': 'activating', 'model_5': 'activating', 'model_6': 'deactivated'}
[2026-08-19 14:11:46.701 GPU_Scheduler_0] Waiting for models to be activated: {'model_1': 'activating', 'model_2': 'deactivated', 'model_3': 'deactivated', 'model_4': 'activating', 'model_5': 'activating', 'model_6': 'deactivated'}
[2026-08-19 14:11:46.711 GPU_Scheduler_0] Waiting for models to be activated: {'model_1': 'activating', 'model_2': 'deactivated', 'model_3': 'deactivated', 'model_4': 'activating', 'model_5': 'activating', 'model_6': 'deactivated'}
[2026-08-19 14:11:46.722 GPU_Scheduler_0] Waiting for models to be activated: {'model_1': 'activating', 'model_2': 'deactivated', 'model_3': 'deactivated', 'model_4': 'activating', 'model_5': 'activating', 'model_6': 'deactivated'}
[2026-08-19 14:11:46.732 GPU_Scheduler_0] Waiting for models to be activated: {'model_1': 'activating', 'model_2': 'deactivated', 'model_3': 'deactivated', 'model_4': 'activating', 'model_5': 'activating', 'model_6': 'deactivated'}
[2026-08-19 14:11:46.743 GPU_Scheduler_0] Waiting for models to be activated: {'model_1': 'activating', 'model_2': 'deactivated', 'model_3': 'deactivated', 'model_4': 'activating', 'model_5': 'activating', 'model_6': 'deactivated'}
[2026-08-19 14:11:46.753 GPU_Scheduler_0] Waiting for models to be activated: {'model_1': 'activating', 'model_2': 'deactivated', 'model_3': 'deactivated', 'model_4': 'activating', 'model_5': 'activating', 'model_6': 'deactivated'}
[2026-08-19 14:11:46.763 GPU_Scheduler_0] Waiting for models to be activated: {'model_1': 'activating', 'model_2': 'deactivated', 'model_3': 'deactivated', 'model_4': 'activating', 'model_5': 'activating', 'model_6': 'deactivated'}
[2026-08-19 14:11:46.774 GPU_Scheduler_0] Waiting for models to be activated: {'model_1': 'activating', 'model_2': 'deactivated', 'model_3': 'deactivated', 'model_4': 'activating', 'model_5': 'activating', 'model_6': 'deactivated'}
[2026-08-19 14:11:46.784 GPU_Scheduler_0] Waiting for models to be activated: {'model_1': 'activating', 'model_2': 'deactivated', 'model_3': 'deactivated', 'model_4': 'activating', 'model_5': 'activating', 'model_6': 'deactivated'}
[2026-08-19 14:11:46.795 GPU_Scheduler_0] Waiting for models to be activated: {'model_1': 'activating', 'model_2': 'deactivated', 'model_3': 'deactivated', 'model_4': 'activating', 'model_5': 'activating', 'model_6': 'deactivated'}
[2026-08-19 14:11:46.805 GPU_Scheduler_0] Waiting for models to be activated: {'model_1': 'activating', 'model_2': 'deactivated', 'model_3': 'deactivated', 'model_4': 'activating', 'model_5': 'activating', 'model_6': 'deactivated'}
[2026-08-19 14:11:46.816 GPU_Scheduler_0] Waiting for models to be activated: {'model_1': 'activating', 'model_2': 'deactivated', 'model_3': 'deactivated', 'model_4': 'activating', 'model_5': 'activating', 'model_6': 'deactivated'}
[2026-08-19 14:11:46.827 GPU_Scheduler_0] Waiting for models to be activated: {'model_1': 'activating', 'model_2': 'deactivated', 'model_3': 'deactivated', 'model_4': 'activating', 'model_5': 'activating', 'model_6': 'deactivated'}
[2026-08-19 14:11:46.837 GPU_Scheduler_0] Waiting for models to be activated: {'model_1': 'activating', 'model_2': 'deactivated', 'model_3': 'deactivated', 'model_4': 'activating', 'model_5': 'activating', 'model_6': 'deactivated'}
[2026-08-19 14:11:46.848 GPU_Scheduler_0] Waiting for models to be activated: {'model_1': 'activating', 'model_2': 'deactivated', 'model_3': 'deactivated', 'model_4': 'activating', 'model_5': 'activating', 'model_6': 'deactivated'}
[2026-08-19 14:11:46.858 GPU_Scheduler_0] Waiting for models to be activated: {'model_1': 'activating', 'model_2': 'deactivated', 'model_3': 'deactivated', 'model_4': 'activating', 'model_5': 'activating', 'model_6': 'deactivated'}
[2026-08-19 14:11:46.869 GPU_Scheduler_0] Waiting for models to be activated: {'model_1': 'activating', 'model_2': 'deactivated', 'model_3': 'deactivated', 'model_4': 'activating', 'model_5': 'activating', 'model_6': 'deactivated'}
[2026-08-19 14:11:46.879 GPU_Scheduler_0] Waiting for models to be activated: {'model_1': 'activating', 'model_2': 'deactivated', 'model_3': 'deactivated', 'model_4': 'activating', 'model_5': 'activating', 'model_6': 'deactivated'}
[2026-08-19 14:11:46.890 GPU_Scheduler_0] Waiting for models to be activated: {'model_1': 'activating', 'model_2': 'deactivated', 'model_3': 'deactivated', 'model_4': 'activating', 'model_5': 'activating', 'model_6': 'deactivated'}
[2026-08-19 14:11:46.900 GPU_Scheduler_0] Waiting for models to be activated: {'model_1': 'activating', 'model_2': 'deactivated', 'model_3': 'deactivated', 'model_4': 'activating', 'model_5': 'activating', 'model_6': 'deactivated'}
[2026-08-19 14:11:46.911 GPU_Scheduler_0] Waiting for models to be activated: {'model_1': 'activating', 'model_2': 'deactivated', 'model_3': 'deactivated', 'model_4': 'activating', 'model_5': 'activating', 'model_6': 'deactivated'}
[2026-08-19 14:11:46.921 GPU_Scheduler_0] Waiting for models to be activated: {'model_1': 'activating', 'model_2': 'deactivated', 'model_3': 'deactivated', 'model_4': 'activating', 'model_5': 'activating', 'model_6': 'deactivated'}
[2026-08-19 14:11:46.932 GPU_Scheduler_0] Waiting for models to be activated: {'model_1': 'activating', 'model_2': 'deactivated', 'model_3': 'deactivated', 'model_4': 'activating', 'model_5': 'activating', 'model_6': 'deactivated'}
[2026-08-19 14:11:46.942 GPU_Scheduler_0] Waiting for models to be activated: {'model_1': 'activating', 'model_2': 'deactivated', 'model_3': 'deactivated', 'model_4': 'activating', 'model_5': 'activating', 'model_6': 'deactivated'}
[2026-08-19 14:11:46.953 GPU_Scheduler_0] Waiting for models to be activated: {'model_1': 'activating', 'model_2': 'deactivated', 'model_3': 'deactivated', 'model_4': 'activating', 'model_5': 'activating', 'model_6': 'deactivated'}
[2026-08-19 14:11:46.963 GPU_Scheduler_0] Waiting for models to be activated: {'model_1': 'activating', 'model_2': 'deactivated', 'model_3': 'deactivated', 'model_4': 'activating', 'model_5': 'activating', 'model_6': 'deactivated'}
[2026-08-19 14:11:46.973 GPU_Scheduler_0] Waiting for models to be activated: {'model_1': 'activating', 'model_2': 'deactivated', 'model_3': 'deactivated', 'model_4': 'activating', 'model_5': 'activating', 'model_6': 'deactivated'}
[2026-08-19 14:11:46.984 GPU_Scheduler_0] Waiting for models to be activated: {'model_1': 'activating', 'model_2': 'deactivated', 'model_3': 'deactivated', 'model_4': 'activating', 'model_5': 'activating', 'model_6': 'deactivated'}
[2026-08-19 14:11:46.995 GPU_Scheduler_0] Waiting for models to be activated: {'model_1': 'activating', 'model_2': 'deactivated', 'model_3': 'deactivated', 'model_4': 'activating', 'model_5': 'activating', 'model_6': 'deactivated'}
[2026-08-19 14:11:47.005 GPU_Scheduler_0] Waiting for models to be activated: {'model_1': 'activating', 'model_2': 'deactivated', 'model_3': 'deactivated', 'model_4': 'activating', 'model_5': 'activating', 'model_6': 'deactivated'}
[2026-08-19 14:11:47.016 GPU_Scheduler_0] Waiting for models to be activated: {'model_1': 'activating', 'model_2': 'deactivated', 'model_3': 'deactivated', 'model_4': 'activating', 'model_5': 'activating', 'model_6': 'deactivated'}
[2026-08-19 14:11:47.026 GPU_Scheduler_0] Waiting for models to be activated: {'model_1': 'activating', 'model_2': 'deactivated', 'model_3': 'deactivated', 'model_4': 'activating', 'model_5': 'activating', 'model_6': 'deactivated'}
[2026-08-19 14:11:47.037 GPU_Scheduler_0] Waiting for models to be activated: {'model_1': 'activating', 'model_2': 'deactivated', 'model_3': 'deactivated', 'model_4': 'activating', 'model_5': 'activating', 'model_6': 'deactivated'}
[2026-08-19 14:11:47.047 GPU_Scheduler_0] Waiting for models to be activated: {'model_1': 'activating', 'model_2': 'deactivated', 'model_3': 'deactivated', 'model_4': 'activating', 'model_5': 'activating', 'model_6': 'deactivated'}
[2026-08-19 14:11:47.058 GPU_Scheduler_0] Waiting for models to be activated: {'model_1': 'activating', 'model_2': 'deactivated', 'model_3': 'deactivated', 'model_4': 'activating', 'model_5': 'activating', 'model_6': 'deactivated'}
[2026-08-19 14:11:47.068 GPU_Scheduler_0] Waiting for models to be activated: {'model_1': 'activating', 'model_2': 'deactivated', 'model_3': 'deactivated', 'model_4': 'activating', 'model_5': 'activating', 'model_6': 'deactivated'}
[2026-08-19 14:11:47.079 GPU_Scheduler_0] Waiting for models to be activated: {'model_1': 'activating', 'model_2': 'deactivated', 'model_3': 'deactivated', 'model_4': 'activating', 'model_5': 'activating', 'model_6': 'deactivated'}
[2026-08-19 14:11:47.089 GPU_Scheduler_0] Waiting for models to be activated: {'model_1': 'activating', 'model_2': 'deactivated', 'model_3': 'deactivated', 'model_4': 'activating', 'model_5': 'activating', 'model_6': 'deactivated'}
[2026-08-19 14:11:47.100 GPU_Scheduler_0] Waiting for models to be activated: {'model_1': 'activating', 'model_2': 'deactivated', 'model_3': 'deactivated', 'model_4': 'activating', 'model_5': 'activating', 'model_6': 'deactivated'}
[2026-08-19 14:11:47.110 GPU_Scheduler_0] Waiting for models to be activated: {'model_1': 'activating', 'model_2': 'deactivated', 'model_3': 'deactivated', 'model_4': 'activating', 'model_5': 'activating', 'model_6': 'deactivated'}
[2026-08-19 14:11:47.121 GPU_Scheduler_0] Waiting for models to be activated: {'model_1': 'activating', 'model_2': 'deactivated', 'model_3': 'deactivated', 'model_4': 'activating', 'model_5': 'activating', 'model_6': 'deactivated'}
[2026-08-19 14:11:47.131 GPU_Scheduler_0] Waiting for models to be activated: {'model_1': 'activating', 'model_2': 'deactivated', 'model_3': 'deactivated', 'model_4': 'activating', 'model_5': 'activating', 'model_6': 'deactivated'}
[2026-08-19 14:11:47.141 GPU_Scheduler_0] Waiting for models to be activated: {'model_1': 'activating', 'model_2': 'deactivated', 'model_3': 'deactivated', 'model_4': 'activating', 'model_5': 'activating', 'model_6': 'deactivated'}
[2026-08-19 14:11:47.152 GPU_Scheduler_0] Waiting for models to be activated: {'model_1': 'activating', 'model_2': 'deactivated', 'model_3': 'deactivated', 'model_4': 'activating', 'model_5': 'activating', 'model_6': 'deactivated'}
[2026-08-19 14:11:47.162 GPU_Scheduler_0] Waiting for models to be activated: {'model_1': 'activating', 'model_2': 'deactivated', 'model_3': 'deactivated', 'model_4': 'activating', 'model_5': 'activating', 'model_6': 'deactivated'}
[2026-08-19 14:11:47.173 GPU_Scheduler_0] Waiting for models to be activated: {'model_1': 'activating', 'model_2': 'deactivated', 'model_3': 'deactivated', 'model_4': 'activating', 'model_5': 'activating', 'model_6': 'deactivated'}
[2026-08-19 14:11:47.183 GPU_Scheduler_0] Waiting for models to be activated: {'model_1': 'activating', 'model_2': 'deactivated', 'model_3': 'deactivated', 'model_4': 'activating', 'model_5': 'activating', 'model_6': 'deactivated'}
[2026-08-19 14:11:47.194 GPU_Scheduler_0] Waiting for models to be activated: {'model_1': 'activating', 'model_2': 'deactivated', 'model_3': 'deactivated', 'model_4': 'activating', 'model_5': 'activating', 'model_6': 'deactivated'}
[2026-08-19 14:11:47.204 GPU_Scheduler_0] Waiting for models to be activated: {'model_1': 'activating', 'model_2': 'deactivated', 'model_3': 'deactivated', 'model_4': 'activating', 'model_5': 'activating', 'model_6': 'deactivated'}
[2026-08-19 14:11:47.215 GPU_Scheduler_0] Waiting for models to be activated: {'model_1': 'activating', 'model_2': 'deactivated', 'model_3': 'deactivated', 'model_4': 'activating', 'model_5': 'activating', 'model_6': 'deactivated'}
[2026-08-19 14:11:47.225 GPU_Scheduler_0] Waiting for models to be activated: {'model_1': 'activating', 'model_2': 'deactivated', 'model_3': 'deactivated', 'model_4': 'activating', 'model_5': 'activating', 'model_6': 'deactivated'}
[2026-08-19 14:11:47.236 GPU_Scheduler_0] Waiting for models to be activated: {'model_1': 'activating', 'model_2': 'deactivated', 'model_3': 'deactivated', 'model_4': 'activating', 'model_5': 'activating', 'model_6': 'deactivated'}
[2026-08-19 14:11:47.246 GPU_Scheduler_0] Waiting for models to be activated: {'model_1': 'activating', 'model_2': 'deactivated', 'model_3': 'deactivated', 'model_4': 'activating', 'model_5': 'activating', 'model_6': 'deactivated'}
[2026-08-19 14:11:47.257 GPU_Scheduler_0] Waiting for models to be activated: {'model_1': 'activating', 'model_2': 'deactivated', 'model_3': 'deactivated', 'model_4': 'activating', 'model_5': 'activating', 'model_6': 'deactivated'}
[2026-08-19 14:11:47.268 GPU_Scheduler_0] Waiting for models to be activated: {'model_1': 'activating', 'model_2': 'deactivated', 'model_3': 'deactivated', 'model_4': 'activating', 'model_5': 'activating', 'model_6': 'deactivated'}
[2026-08-19 14:11:47.279 GPU_Scheduler_0] Waiting for models to be activated: {'model_1': 'activating', 'model_2': 'deactivated', 'model_3': 'deactivated', 'model_4': 'activating', 'model_5': 'activating', 'model_6': 'deactivated'}
[2026-08-19 14:11:47.290 GPU_Scheduler_0] Waiting for models to be activated: {'model_1': 'activating', 'model_2': 'deactivated', 'model_3': 'deactivated', 'model_4': 'activating', 'model_5': 'activating', 'model_6': 'deactivated'}
[2026-08-19 14:11:47.301 GPU_Scheduler_0] Waiting for models to be activated: {'model_1': 'activating', 'model_2': 'deactivated', 'model_3': 'deactivated', 'model_4': 'activating', 'model_5': 'activating', 'model_6': 'deactivated'}
[2026-08-19 14:11:47.312 GPU_Scheduler_0] Waiting for models to be activated: {'model_1': 'activating', 'model_2': 'deactivated', 'model_3': 'deactivated', 'model_4': 'activating', 'model_5': 'activating', 'model_6': 'deactivated'}
[2026-08-19 14:11:47.323 GPU_Scheduler_0] Waiting for models to be activated: {'model_1': 'activating', 'model_2': 'deactivated', 'model_3': 'deactivated', 'model_4': 'activating', 'model_5': 'activating', 'model_6': 'deactivated'}
[2026-08-19 14:11:47.334 GPU_Scheduler_0] Waiting for models to be activated: {'model_1': 'activating', 'model_2': 'deactivated', 'model_3': 'deactivated', 'model_4': 'activating', 'model_5': 'activating', 'model_6': 'deactivated'}
[2026-08-19 14:11:47.345 GPU_Scheduler_0] Waiting for models to be activated: {'model_1': 'activating', 'model_2': 'deactivated', 'model_3': 'deactivated', 'model_4': 'activating', 'model_5': 'activating', 'model_6': 'deactivated'}
[2026-08-19 14:11:47.356 GPU_Scheduler_0] Waiting for models to be activated: {'model_1': 'activating', 'model_2': 'deactivated', 'model_3': 'deactivated', 'model_4': 'activating', 'model_5': 'activating', 'model_6': 'deactivated'}
[2026-08-19 14:11:47.367 GPU_Scheduler_0] Waiting for models to be activated: {'model_1': 'activating', 'model_2': 'deactivated', 'model_3': 'deactivated', 'model_4': 'activating', 'model_5': 'activating', 'model_6': 'deactivated'}
[2026-08-19 14:11:47.378 GPU_Scheduler_0] Waiting for models to be activated: {'model_1': 'activating', 'model_2': 'deactivated', 'model_3': 'deactivated', 'model_4': 'activating', 'model_5': 'activating', 'model_6': 'deactivated'}
[2026-08-19 14:11:47.389 GPU_Scheduler_0] Waiting for models to be activated: {'model_1': 'activating', 'model_2': 'deactivated', 'model_3': 'deactivated', 'model_4': 'activating', 'model_5': 'activating', 'model_6': 'deactivated'}
[2026-08-19 14:11:47.400 GPU_Scheduler_0] Waiting for models to be activated: {'model_1': 'activating', 'model_2': 'deactivated', 'model_3': 'deactivated', 'model_4': 'activating', 'model_5': 'activating', 'model_6': 'deactivated'}
[2026-08-19 14:11:47.411 GPU_Scheduler_0] Waiting for models to be activated: {'model_1': 'activating', 'model_2': 'deactivated', 'model_3': 'deactivated', 'model_4': 'activating', 'model_5': 'activating', 'model_6': 'deactivated'}
[2026-08-19 14:11:47.422 GPU_Scheduler_0] Waiting for models to be activated: {'model_1': 'activating', 'model_2': 'deactivated', 'model_3': 'deactivated', 'model_4': 'activating', 'model_5': 'activating', 'model_6': 'deactivated'}
[2026-08-19 14:11:47.433 GPU_Scheduler_0] Waiting for models to be activated: {'model_1': 'activating', 'model_2': 'deactivated', 'model_3': 'deactivated', 'model_4': 'activating', 'model_5': 'activating', 'model_6': 'deactivated'}
[2026-08-19 14:11:47.443 GPU_Scheduler_0] Waiting for models to be activated: {'model_1': 'activating', 'model_2': 'deactivated', 'model_3': 'deactivated', 'model_4': 'activating', 'model_5': 'activating', 'model_6': 'deactivated'}
[2026-08-19 14:11:47.454 GPU_Scheduler_0] Waiting for models to be activated: {'model_1': 'activating', 'model_2': 'deactivated', 'model_3': 'deactivated', 'model_4': 'activating', 'model_5': 'activating', 'model_6': 'deactivated'}
[2026-08-19 14:11:47.465 GPU_Scheduler_0] Waiting for models to be activated: {'model_1': 'activating', 'model_2': 'deactivated', 'model_3': 'deactivated', 'model_4': 'activating', 'model_5': 'activating', 'model_6': 'deactivated'}
[2026-08-19 14:11:47.476 GPU_Scheduler_0] Waiting for models to be activated: {'model_1': 'activating', 'model_2': 'deactivated', 'model_3': 'deactivated', 'model_4': 'activating', 'model_5': 'activating', 'model_6': 'deactivated'}
[2026-08-19 14:11:47.487 GPU_Scheduler_0] Waiting for models to be activated: {'model_1': 'activating', 'model_2': 'deactivated', 'model_3': 'deactivated', 'model_4': 'activating', 'model_5': 'activating', 'model_6': 'deactivated'}
[2026-08-19 14:11:47.498 GPU_Scheduler_0] Waiting for models to be activated: {'model_1': 'activating', 'model_2': 'deactivated', 'model_3': 'deactivated', 'model_4': 'activating', 'model_5': 'activating', 'model_6': 'deactivated'}
[2026-08-19 14:11:47.509 GPU_Scheduler_0] Waiting for models to be activated: {'model_1': 'activating', 'model_2': 'deactivated', 'model_3': 'deactivated', 'model_4': 'activating', 'model_5': 'activating', 'model_6': 'deactivated'}
[2026-08-19 14:11:47.520 GPU_Scheduler_0] Waiting for models to be activated: {'model_1': 'activating', 'model_2': 'deactivated', 'model_3': 'deactivated', 'model_4': 'activating', 'model_5': 'activating', 'model_6': 'deactivated'}
[2026-08-19 14:11:47.531 GPU_Scheduler_0] Waiting for models to be activated: {'model_1': 'activating', 'model_2': 'deactivated', 'model_3': 'deactivated', 'model_4': 'activating', 'model_5': 'activating', 'model_6': 'deactivated'}
[2026-08-19 14:11:47.541 GPU_Scheduler_0] Waiting for models to be activated: {'model_1': 'activating', 'model_2': 'deactivated', 'model_3': 'deactivated', 'model_4': 'activating', 'model_5': 'activating', 'model_6': 'deactivated'}
[2026-08-19 14:11:47.552 GPU_Scheduler_0] Waiting for models to be activated: {'model_1': 'activating', 'model_2': 'deactivated', 'model_3': 'deactivated', 'model_4': 'activating', 'model_5': 'activating', 'model_6': 'deactivated'}
[2026-08-19 14:11:47.562 GPU_Scheduler_0] Waiting for models to be activated: {'model_1': 'activating', 'model_2': 'deactivated', 'model_3': 'deactivated', 'model_4': 'activating', 'model_5': 'activating', 'model_6': 'deactivated'}
[2026-08-19 14:11:47.573 GPU_Scheduler_0] Waiting for models to be activated: {'model_1': 'activating', 'model_2': 'deactivated', 'model_3': 'deactivated', 'model_4': 'activating', 'model_5': 'activating', 'model_6': 'deactivated'}
[2026-08-19 14:11:47.583 GPU_Scheduler_0] Waiting for models to be activated: {'model_1': 'activating', 'model_2': 'deactivated', 'model_3': 'deactivated', 'model_4': 'activating', 'model_5': 'activating', 'model_6': 'deactivated'}
[2026-08-19 14:11:47.594 GPU_Scheduler_0] Waiting for models to be activated: {'model_1': 'activating', 'model_2': 'deactivated', 'model_3': 'deactivated', 'model_4': 'activating', 'model_5': 'activating', 'model_6': 'deactivated'}
[2026-08-19 14:11:47.604 GPU_Scheduler_0] Waiting for models to be activated: {'model_1': 'activating', 'model_2': 'deactivated', 'model_3': 'deactivated', 'model_4': 'activating', 'model_5': 'activating', 'model_6': 'deactivated'}
[2026-08-19 14:11:47.615 GPU_Scheduler_0] Waiting for models to be activated: {'model_1': 'activating', 'model_2': 'deactivated', 'model_3': 'deactivated', 'model_4': 'activating', 'model_5': 'activating', 'model_6': 'deactivated'}
[2026-08-19 14:11:47.625 GPU_Scheduler_0] Waiting for models to be activated: {'model_1': 'activating', 'model_2': 'deactivated', 'model_3': 'deactivated', 'model_4': 'activating', 'model_5': 'activating', 'model_6': 'deactivated'}
[2026-08-19 14:11:47.636 GPU_Scheduler_0] Waiting for models to be activated: {'model_1': 'activating', 'model_2': 'deactivated', 'model_3': 'deactivated', 'model_4': 'activating', 'model_5': 'activating', 'model_6': 'deactivated'}
[2026-08-19 14:11:47.646 GPU_Scheduler_0] Waiting for models to be activated: {'model_1': 'activating', 'model_2': 'deactivated', 'model_3': 'deactivated', 'model_4': 'activating', 'model_5': 'activating', 'model_6': 'deactivated'}
[2026-08-19 14:11:47.657 GPU_Scheduler_0] Waiting for models to be activated: {'model_1': 'activating', 'model_2': 'deactivated', 'model_3': 'deactivated', 'model_4': 'activating', 'model_5': 'activating', 'model_6': 'deactivated'}
[2026-08-19 14:11:47.667 GPU_Scheduler_0] Waiting for models to be activated: {'model_1': 'activating', 'model_2': 'deactivated', 'model_3': 'deactivated', 'model_4': 'activating', 'model_5': 'activating', 'model_6': 'deactivated'}
[2026-08-19 14:11:47.678 GPU_Scheduler_0] Waiting for models to be activated: {'model_1': 'activating', 'model_2': 'deactivated', 'model_3': 'deactivated', 'model_4': 'activating', 'model_5': 'activating', 'model_6': 'deactivated'}
[2026-08-19 14:11:47.688 GPU_Scheduler_0] Waiting for models to be activated: {'model_1': 'activating', 'model_2': 'deactivated', 'model_3': 'deactivated', 'model_4': 'activating', 'model_5': 'activating', 'model_6': 'deactivated'}
[2026-08-19 14:11:47.699 GPU_Scheduler_0] Waiting for models to be activated: {'model_1': 'activating', 'model_2': 'deactivated', 'model_3': 'deactivated', 'model_4': 'activating', 'model_5': 'activating', 'model_6': 'deactivated'}
[2026-08-19 14:11:47.710 GPU_Scheduler_0] Waiting for models to be activated: {'model_1': 'activating', 'model_2': 'deactivated', 'model_3': 'deactivated', 'model_4': 'activating', 'model_5': 'activating', 'model_6': 'deactivated'}
[2026-08-19 14:11:47.720 GPU_Scheduler_0] Waiting for models to be activated: {'model_1': 'activating', 'model_2': 'deactivated', 'model_3': 'deactivated', 'model_4': 'activating', 'model_5': 'activating', 'model_6': 'deactivated'}
[2026-08-19 14:11:47.731 GPU_Scheduler_0] Waiting for models to be activated: {'model_1': 'activating', 'model_2': 'deactivated', 'model_3': 'deactivated', 'model_4': 'activating', 'model_5': 'activating', 'model_6': 'deactivated'}
[2026-08-19 14:11:47.741 GPU_Scheduler_0] Waiting for models to be activated: {'model_1': 'activating', 'model_2': 'deactivated', 'model_3': 'deactivated', 'model_4': 'activating', 'model_5': 'activating', 'model_6': 'deactivated'}
[2026-08-19 14:11:47.752 GPU_Scheduler_0] Waiting for models to be activated: {'model_1': 'activating', 'model_2': 'deactivated', 'model_3': 'deactivated', 'model_4': 'activating', 'model_5': 'activating', 'model_6': 'deactivated'}
[2026-08-19 14:11:47.762 GPU_Scheduler_0] Waiting for models to be activated: {'model_1': 'activating', 'model_2': 'deactivated', 'model_3': 'deactivated', 'model_4': 'activating', 'model_5': 'activating', 'model_6': 'deactivated'}
[2026-08-19 14:11:47.773 GPU_Scheduler_0] Waiting for models to be activated: {'model_1': 'activating', 'model_2': 'deactivated', 'model_3': 'deactivated', 'model_4': 'activating', 'model_5': 'activating', 'model_6': 'deactivated'}
[2026-08-19 14:11:47.784 GPU_Scheduler_0] Waiting for models to be activated: {'model_1': 'activating', 'model_2': 'deactivated', 'model_3': 'deactivated', 'model_4': 'activating', 'model_5': 'activating', 'model_6': 'deactivated'}
[2026-08-19 14:11:47.794 GPU_Scheduler_0] Waiting for models to be activated: {'model_1': 'activating', 'model_2': 'deactivated', 'model_3': 'deactivated', 'model_4': 'activating', 'model_5': 'activating', 'model_6': 'deactivated'}
[2026-08-19 14:11:47.805 GPU_Scheduler_0] Waiting for models to be activated: {'model_1': 'activating', 'model_2': 'deactivated', 'model_3': 'deactivated', 'model_4': 'activating', 'model_5': 'activating', 'model_6': 'deactivated'}
[2026-08-19 14:11:47.815 GPU_Scheduler_0] Waiting for models to be activated: {'model_1': 'activating', 'model_2': 'deactivated', 'model_3': 'deactivated', 'model_4': 'activating', 'model_5': 'activating', 'model_6': 'deactivated'}
[2026-08-19 14:11:47.826 GPU_Scheduler_0] Waiting for models to be activated: {'model_1': 'activating', 'model_2': 'deactivated', 'model_3': 'deactivated', 'model_4': 'activating', 'model_5': 'activating', 'model_6': 'deactivated'}
[2026-08-19 14:11:47.836 GPU_Scheduler_0] Waiting for models to be activated: {'model_1': 'activating', 'model_2': 'deactivated', 'model_3': 'deactivated', 'model_4': 'activating', 'model_5': 'activating', 'model_6': 'deactivated'}
[2026-08-19 14:11:47.847 GPU_Scheduler_0] Waiting for models to be activated: {'model_1': 'activating', 'model_2': 'deactivated', 'model_3': 'deactivated', 'model_4': 'activating', 'model_5': 'activating', 'model_6': 'deactivated'}
[2026-08-19 14:11:47.858 GPU_Scheduler_0] Waiting for models to be activated: {'model_1': 'activating', 'model_2': 'deactivated', 'model_3': 'deactivated', 'model_4': 'activating', 'model_5': 'activating', 'model_6': 'deactivated'}
[2026-08-19 14:11:47.868 GPU_Scheduler_0] Waiting for models to be activated: {'model_1': 'activating', 'model_2': 'deactivated', 'model_3': 'deactivated', 'model_4': 'activating', 'model_5': 'activating', 'model_6': 'deactivated'}
[2026-08-19 14:11:47.879 GPU_Scheduler_0] Waiting for models to be activated: {'model_1': 'activating', 'model_2': 'deactivated', 'model_3': 'deactivated', 'model_4': 'activating', 'model_5': 'activating', 'model_6': 'deactivated'}
[2026-08-19 14:11:47.889 GPU_Scheduler_0] Waiting for models to be activated: {'model_1': 'activating', 'model_2': 'deactivated', 'model_3': 'deactivated', 'model_4': 'activating', 'model_5': 'activating', 'model_6': 'deactivated'}
[2026-08-19 14:11:47.900 GPU_Scheduler_0] Waiting for models to be activated: {'model_1': 'activating', 'model_2': 'deactivated', 'model_3': 'deactivated', 'model_4': 'activating', 'model_5': 'activating', 'model_6': 'deactivated'}
[2026-08-19 14:11:47.911 GPU_Scheduler_0] Waiting for models to be activated: {'model_1': 'activating', 'model_2': 'deactivated', 'model_3': 'deactivated', 'model_4': 'activating', 'model_5': 'activating', 'model_6': 'deactivated'}
[2026-08-19 14:11:47.921 GPU_Scheduler_0] Waiting for models to be activated: {'model_1': 'activating', 'model_2': 'deactivated', 'model_3': 'deactivated', 'model_4': 'activating', 'model_5': 'activating', 'model_6': 'deactivated'}
[2026-08-19 14:11:47.932 GPU_Scheduler_0] Waiting for models to be activated: {'model_1': 'activating', 'model_2': 'deactivated', 'model_3': 'deactivated', 'model_4': 'activating', 'model_5': 'activating', 'model_6': 'deactivated'}
[2026-08-19 14:11:47.942 GPU_Scheduler_0] Waiting for models to be activated: {'model_1': 'activating', 'model_2': 'deactivated', 'model_3': 'deactivated', 'model_4': 'activating', 'model_5': 'activating', 'model_6': 'deactivated'}
[2026-08-19 14:11:47.953 GPU_Scheduler_0] Waiting for models to be activated: {'model_1': 'activating', 'model_2': 'deactivated', 'model_3': 'deactivated', 'model_4': 'activating', 'model_5': 'activating', 'model_6': 'deactivated'}
[2026-08-19 14:11:47.963 GPU_Scheduler_0] Waiting for models to be activated: {'model_1': 'activating', 'model_2': 'deactivated', 'model_3': 'deactivated', 'model_4': 'activating', 'model_5': 'activating', 'model_6': 'deactivated'}
[2026-08-19 14:11:47.974 GPU_Scheduler_0] Waiting for models to be activated: {'model_1': 'activating', 'model_2': 'deactivated', 'model_3': 'deactivated', 'model_4': 'activating', 'model_5': 'activating', 'model_6': 'deactivated'}
[2026-08-19 14:11:47.985 GPU_Scheduler_0] Waiting for models to be activated: {'model_1': 'activating', 'model_2': 'deactivated', 'model_3': 'deactivated', 'model_4': 'activating', 'model_5': 'activating', 'model_6': 'deactivated'}
[2026-08-19 14:11:47.995 GPU_Scheduler_0] Waiting for models to be activated: {'model_1': 'activating', 'model_2': 'deactivated', 'model_3': 'deactivated', 'model_4': 'activating', 'model_5': 'activating', 'model_6': 'deactivated'}
[2026-08-19 14:11:48.006 GPU_Scheduler_0] Waiting for models to be activated: {'model_1': 'activating', 'model_2': 'deactivated', 'model_3': 'deactivated', 'model_4': 'activating', 'model_5': 'activating', 'model_6': 'deactivated'}
[2026-08-19 14:11:48.017 GPU_Scheduler_0] Waiting for models to be activated: {'model_1': 'activating', 'model_2': 'deactivated', 'model_3': 'deactivated', 'model_4': 'activating', 'model_5': 'activating', 'model_6': 'deactivated'}
[2026-08-19 14:11:48.027 GPU_Scheduler_0] Waiting for models to be activated: {'model_1': 'activating', 'model_2': 'deactivated', 'model_3': 'deactivated', 'model_4': 'activating', 'model_5': 'activating', 'model_6': 'deactivated'}
[2026-08-19 14:11:48.038 GPU_Scheduler_0] Waiting for models to be activated: {'model_1': 'activating', 'model_2': 'deactivated', 'model_3': 'deactivated', 'model_4': 'activating', 'model_5': 'activating', 'model_6': 'deactivated'}
[2026-08-19 14:11:48.048 GPU_Scheduler_0] Waiting for models to be activated: {'model_1': 'activating', 'model_2': 'deactivated', 'model_3': 'deactivated', 'model_4': 'activating', 'model_5': 'activating', 'model_6': 'deactivated'}
[2026-08-19 14:11:48.059 GPU_Scheduler_0] Waiting for models to be activated: {'model_1': 'activating', 'model_2': 'deactivated', 'model_3': 'deactivated', 'model_4': 'activating', 'model_5': 'activating', 'model_6': 'deactivated'}
[2026-08-19 14:11:48.069 GPU_Scheduler_0] Waiting for models to be activated: {'model_1': 'activating', 'model_2': 'deactivated', 'model_3': 'deactivated', 'model_4': 'activating', 'model_5': 'activating', 'model_6': 'deactivated'}
[2026-08-19 14:11:48.080 GPU_Scheduler_0] Waiting for models to be activated: {'model_1': 'activating', 'model_2': 'deactivated', 'model_3': 'deactivated', 'model_4': 'activating', 'model_5': 'activating', 'model_6': 'deactivated'}
[2026-08-19 14:11:48.091 GPU_Scheduler_0] Waiting for models to be activated: {'model_1': 'activating', 'model_2': 'deactivated', 'model_3': 'deactivated', 'model_4': 'activating', 'model_5': 'activating', 'model_6': 'deactivated'}
[2026-08-19 14:11:48.101 GPU_Scheduler_0] Waiting for models to be activated: {'model_1': 'activating', 'model_2': 'deactivated', 'model_3': 'deactivated', 'model_4': 'activating', 'model_5': 'activating', 'model_6': 'deactivated'}
[2026-08-19 14:11:48.112 GPU_Scheduler_0] Waiting for models to be activated: {'model_1': 'activating', 'model_2': 'deactivated', 'model_3': 'deactivated', 'model_4': 'activating', 'model_5': 'activating', 'model_6': 'deactivated'}
[2026-08-19 14:11:48.123 GPU_Scheduler_0] Waiting for models to be activated: {'model_1': 'activating', 'model_2': 'deactivated', 'model_3': 'deactivated', 'model_4': 'activating', 'model_5': 'activating', 'model_6': 'deactivated'}
[2026-08-19 14:11:48.133 GPU_Scheduler_0] Waiting for models to be activated: {'model_1': 'activating', 'model_2': 'deactivated', 'model_3': 'deactivated', 'model_4': 'activating', 'model_5': 'activating', 'model_6': 'deactivated'}
[2026-08-19 14:11:48.144 GPU_Scheduler_0] Waiting for models to be activated: {'model_1': 'activating', 'model_2': 'deactivated', 'model_3': 'deactivated', 'model_4': 'activating', 'model_5': 'activating', 'model_6': 'deactivated'}
[2026-08-19 14:11:48.154 GPU_Scheduler_0] Waiting for models to be activated: {'model_1': 'activating', 'model_2': 'deactivated', 'model_3': 'deactivated', 'model_4': 'activating', 'model_5': 'activating', 'model_6': 'deactivated'}
[2026-08-19 14:11:48.165 GPU_Scheduler_0] Waiting for models to be activated: {'model_1': 'activating', 'model_2': 'deactivated', 'model_3': 'deactivated', 'model_4': 'activating', 'model_5': 'activating', 'model_6': 'deactivated'}
[2026-08-19 14:11:48.175 GPU_Scheduler_0] Waiting for models to be activated: {'model_1': 'activating', 'model_2': 'deactivated', 'model_3': 'deactivated', 'model_4': 'activating', 'model_5': 'activating', 'model_6': 'deactivated'}
[2026-08-19 14:11:48.186 GPU_Scheduler_0] Waiting for models to be activated: {'model_1': 'activating', 'model_2': 'deactivated', 'model_3': 'deactivated', 'model_4': 'activating', 'model_5': 'activating', 'model_6': 'deactivated'}
[2026-08-19 14:11:48.197 GPU_Scheduler_0] Waiting for models to be activated: {'model_1': 'activating', 'model_2': 'deactivated', 'model_3': 'deactivated', 'model_4': 'activating', 'model_5': 'activating', 'model_6': 'deactivated'}
[2026-08-19 14:11:48.207 GPU_Scheduler_0] Waiting for models to be activated: {'model_1': 'activating', 'model_2': 'deactivated', 'model_3': 'deactivated', 'model_4': 'activating', 'model_5': 'activating', 'model_6': 'deactivated'}
[2026-08-19 14:11:48.218 GPU_Scheduler_0] Waiting for models to be activated: {'model_1': 'activating', 'model_2': 'deactivated', 'model_3': 'deactivated', 'model_4': 'activating', 'model_5': 'activating', 'model_6': 'deactivated'}
[2026-08-19 14:11:48.228 GPU_Scheduler_0] Waiting for models to be activated: {'model_1': 'activating', 'model_2': 'deactivated', 'model_3': 'deactivated', 'model_4': 'activating', 'model_5': 'activating', 'model_6': 'deactivated'}
[2026-08-19 14:11:48.239 GPU_Scheduler_0] Waiting for models to be activated: {'model_1': 'activating', 'model_2': 'deactivated', 'model_3': 'deactivated', 'model_4': 'activating', 'model_5': 'activating', 'model_6': 'deactivated'}
[2026-08-19 14:11:48.249 GPU_Scheduler_0] Waiting for models to be activated: {'model_1': 'activating', 'model_2': 'deactivated', 'model_3': 'deactivated', 'model_4': 'activating', 'model_5': 'activating', 'model_6': 'deactivated'}
[2026-08-19 14:11:48.260 GPU_Scheduler_0] Waiting for models to be activated: {'model_1': 'activating', 'model_2': 'deactivated', 'model_3': 'deactivated', 'model_4': 'activating', 'model_5': 'activating', 'model_6': 'deactivated'}
[2026-08-19 14:11:48.271 GPU_Scheduler_0] Waiting for models to be activated: {'model_1': 'activating', 'model_2': 'deactivated', 'model_3': 'deactivated', 'model_4': 'activating', 'model_5': 'activating', 'model_6': 'deactivated'}
[2026-08-19 14:11:48.281 GPU_Scheduler_0] Waiting for models to be activated: {'model_1': 'activating', 'model_2': 'deactivated', 'model_3': 'deactivated', 'model_4': 'activating', 'model_5': 'activating', 'model_6': 'deactivated'}
[2026-08-19 14:11:48.292 GPU_Scheduler_0] Waiting for models to be activated: {'model_1': 'activating', 'model_2': 'deactivated', 'model_3': 'deactivated', 'model_4': 'activating', 'model_5': 'activating', 'model_6': 'deactivated'}
[2026-08-19 14:11:48.302 GPU_Scheduler_0] Waiting for models to be activated: {'model_1': 'activating', 'model_2': 'deactivated', 'model_3': 'deactivated', 'model_4': 'activating', 'model_5': 'activating', 'model_6': 'deactivated'}
[2026-08-19 14:11:48.313 GPU_Scheduler_0] Waiting for models to be activated: {'model_1': 'activating', 'model_2': 'deactivated', 'model_3': 'deactivated', 'model_4': 'activating', 'model_5': 'activating', 'model_6': 'deactivated'}
[2026-08-19 14:11:48.324 GPU_Scheduler_0] Waiting for models to be activated: {'model_1': 'activating', 'model_2': 'deactivated', 'model_3': 'deactivated', 'model_4': 'activating', 'model_5': 'activating', 'model_6': 'deactivated'}
[2026-08-19 14:11:48.334 GPU_Scheduler_0] Waiting for models to be activated: {'model_1': 'activating', 'model_2': 'deactivated', 'model_3': 'deactivated', 'model_4': 'activating', 'model_5': 'activating', 'model_6': 'deactivated'}
[2026-08-19 14:11:48.345 GPU_Scheduler_0] Waiting for models to be activated: {'model_1': 'activating', 'model_2': 'deactivated', 'model_3': 'deactivated', 'model_4': 'activating', 'model_5': 'activating', 'model_6': 'deactivated'}
[2026-08-19 14:11:48.355 GPU_Scheduler_0] Waiting for models to be activated: {'model_1': 'activating', 'model_2': 'deactivated', 'model_3': 'deactivated', 'model_4': 'activating', 'model_5': 'activating', 'model_6': 'deactivated'}
[2026-08-19 14:11:48.366 GPU_Scheduler_0] Waiting for models to be activated: {'model_1': 'activating', 'model_2': 'deactivated', 'model_3': 'deactivated', 'model_4': 'activating', 'model_5': 'activating', 'model_6': 'deactivated'}
[2026-08-19 14:11:48.376 GPU_Scheduler_0] Waiting for models to be activated: {'model_1': 'activating', 'model_2': 'deactivated', 'model_3': 'deactivated', 'model_4': 'activating', 'model_5': 'activating', 'model_6': 'deactivated'}
[2026-08-19 14:11:48.387 GPU_Scheduler_0] Waiting for models to be activated: {'model_1': 'activating', 'model_2': 'deactivated', 'model_3': 'deactivated', 'model_4': 'activating', 'model_5': 'activating', 'model_6': 'deactivated'}
[2026-08-19 14:11:48.398 GPU_Scheduler_0] Waiting for models to be activated: {'model_1': 'activating', 'model_2': 'deactivated', 'model_3': 'deactivated', 'model_4': 'activating', 'model_5': 'activating', 'model_6': 'deactivated'}
[2026-08-19 14:11:48.408 GPU_Scheduler_0] Waiting for models to be activated: {'model_1': 'activating', 'model_2': 'deactivated', 'model_3': 'deactivated', 'model_4': 'activating', 'model_5': 'activating', 'model_6': 'deactivated'}
[2026-08-19 14:11:48.419 GPU_Scheduler_0] Waiting for models to be activated: {'model_1': 'activating', 'model_2': 'deactivated', 'model_3': 'deactivated', 'model_4': 'activating', 'model_5': 'activating', 'model_6': 'deactivated'}
[2026-08-19 14:11:48.430 GPU_Scheduler_0] Waiting for models to be activated: {'model_1': 'activating', 'model_2': 'deactivated', 'model_3': 'deactivated', 'model_4': 'activating', 'model_5': 'activating', 'model_6': 'deactivated'}
[2026-08-19 14:11:48.440 GPU_Scheduler_0] Waiting for models to be activated: {'model_1': 'activating', 'model_2': 'deactivated', 'model_3': 'deactivated', 'model_4': 'activating', 'model_5': 'activating', 'model_6': 'deactivated'}
[2026-08-19 14:11:48.451 GPU_Scheduler_0] Waiting for models to be activated: {'model_1': 'activating', 'model_2': 'deactivated', 'model_3': 'deactivated', 'model_4': 'activating', 'model_5': 'activating', 'model_6': 'deactivated'}
[2026-08-19 14:11:48.461 GPU_Scheduler_0] Waiting for models to be activated: {'model_1': 'activating', 'model_2': 'deactivated', 'model_3': 'deactivated', 'model_4': 'activating', 'model_5': 'activating', 'model_6': 'deactivated'}
[2026-08-19 14:11:48.472 GPU_Scheduler_0] Waiting for models to be activated: {'model_1': 'activating', 'model_2': 'deactivated', 'model_3': 'deactivated', 'model_4': 'activating', 'model_5': 'activating', 'model_6': 'deactivated'}
[2026-08-19 14:11:48.482 GPU_Scheduler_0] Waiting for models to be activated: {'model_1': 'activating', 'model_2': 'deactivated', 'model_3': 'deactivated', 'model_4': 'activating', 'model_5': 'activating', 'model_6': 'deactivated'}
[2026-08-19 14:11:48.493 GPU_Scheduler_0] Waiting for models to be activated: {'model_1': 'activating', 'model_2': 'deactivated', 'model_3': 'deactivated', 'model_4': 'activating', 'model_5': 'activating', 'model_6': 'deactivated'}
[2026-08-19 14:11:48.504 GPU_Scheduler_0] Waiting for models to be activated: {'model_1': 'activating', 'model_2': 'deactivated', 'model_3': 'deactivated', 'model_4': 'activating', 'model_5': 'activating', 'model_6': 'deactivated'}
[2026-08-19 14:11:48.514 GPU_Scheduler_0] Waiting for models to be activated: {'model_1': 'activating', 'model_2': 'deactivated', 'model_3': 'deactivated', 'model_4': 'activating', 'model_5': 'activating', 'model_6': 'deactivated'}
[2026-08-19 14:11:48.525 GPU_Scheduler_0] Waiting for models to be activated: {'model_1': 'activating', 'model_2': 'deactivated', 'model_3': 'deactivated', 'model_4': 'activating', 'model_5': 'activating', 'model_6': 'deactivated'}
[2026-08-19 14:11:48.535 GPU_Scheduler_0] Waiting for models to be activated: {'model_1': 'activating', 'model_2': 'deactivated', 'model_3': 'deactivated', 'model_4': 'activating', 'model_5': 'activating', 'model_6': 'deactivated'}
[2026-08-19 14:11:48.546 GPU_Scheduler_0] Waiting for models to be activated: {'model_1': 'activating', 'model_2': 'deactivated', 'model_3': 'deactivated', 'model_4': 'activating', 'model_5': 'activating', 'model_6': 'deactivated'}
[2026-08-19 14:11:48.557 GPU_Scheduler_0] Waiting for models to be activated: {'model_1': 'activating', 'model_2': 'deactivated', 'model_3': 'deactivated', 'model_4': 'activating', 'model_5': 'activating', 'model_6': 'deactivated'}
[2026-08-19 14:11:48.567 GPU_Scheduler_0] Waiting for models to be activated: {'model_1': 'activating', 'model_2': 'deactivated', 'model_3': 'deactivated', 'model_4': 'activating', 'model_5': 'activating', 'model_6': 'deactivated'}
[2026-08-19 14:11:48.578 GPU_Scheduler_0] Waiting for models to be activated: {'model_1': 'activating', 'model_2': 'deactivated', 'model_3': 'deactivated', 'model_4': 'activating', 'model_5': 'activating', 'model_6': 'deactivated'}
[2026-08-19 14:11:48.588 GPU_Scheduler_0] Waiting for models to be activated: {'model_1': 'activating', 'model_2': 'deactivated', 'model_3': 'deactivated', 'model_4': 'activating', 'model_5': 'activating', 'model_6': 'deactivated'}
[2026-08-19 14:11:48.599 GPU_Scheduler_0] Waiting for models to be activated: {'model_1': 'activating', 'model_2': 'deactivated', 'model_3': 'deactivated', 'model_4': 'activating', 'model_5': 'activating', 'model_6': 'deactivated'}
[2026-08-19 14:11:48.609 GPU_Scheduler_0] Waiting for models to be activated: {'model_1': 'activating', 'model_2': 'deactivated', 'model_3': 'deactivated', 'model_4': 'activating', 'model_5': 'activating', 'model_6': 'deactivated'}
[2026-08-19 14:11:48.620 GPU_Scheduler_0] Waiting for models to be activated: {'model_1': 'activating', 'model_2': 'deactivated', 'model_3': 'deactivated', 'model_4': 'activating', 'model_5': 'activating', 'model_6': 'deactivated'}
[2026-08-19 14:11:48.631 GPU_Scheduler_0] Waiting for models to be activated: {'model_1': 'activating', 'model_2': 'deactivated', 'model_3': 'deactivated', 'model_4': 'activating', 'model_5': 'activating', 'model_6': 'deactivated'}
[2026-08-19 14:11:48.641 GPU_Scheduler_0] Waiting for models to be activated: {'model_1': 'activating', 'model_2': 'deactivated', 'model_3': 'deactivated', 'model_4': 'activating', 'model_5': 'activating', 'model_6': 'deactivated'}
[2026-08-19 14:11:48.652 GPU_Scheduler_0] Waiting for models to be activated: {'model_1': 'activating', 'model_2': 'deactivated', 'model_3': 'deactivated', 'model_4': 'activating', 'model_5': 'activating', 'model_6': 'deactivated'}
[2026-08-19 14:11:48.662 GPU_Scheduler_0] Waiting for models to be activated: {'model_1': 'activating', 'model_2': 'deactivated', 'model_3': 'deactivated', 'model_4': 'activating', 'model_5': 'activating', 'model_6': 'deactivated'}
[2026-08-19 14:11:48.673 GPU_Scheduler_0] Waiting for models to be activated: {'model_1': 'activating', 'model_2': 'deactivated', 'model_3': 'deactivated', 'model_4': 'activating', 'model_5': 'activating', 'model_6': 'deactivated'}
[2026-08-19 14:11:48.683 GPU_Scheduler_0] Waiting for models to be activated: {'model_1': 'activating', 'model_2': 'deactivated', 'model_3': 'deactivated', 'model_4': 'activating', 'model_5': 'activating', 'model_6': 'deactivated'}
[2026-08-19 14:11:48.694 GPU_Scheduler_0] Waiting for models to be activated: {'model_1': 'activating', 'model_2': 'deactivated', 'model_3': 'deactivated', 'model_4': 'activating', 'model_5': 'activating', 'model_6': 'deactivated'}
[2026-08-19 14:11:48.705 GPU_Scheduler_0] Waiting for models to be activated: {'model_1': 'activating', 'model_2': 'deactivated', 'model_3': 'deactivated', 'model_4': 'activating', 'model_5': 'activating', 'model_6': 'deactivated'}
[2026-08-19 14:11:48.715 GPU_Scheduler_0] Waiting for models to be activated: {'model_1': 'activating', 'model_2': 'deactivated', 'model_3': 'deactivated', 'model_4': 'activating', 'model_5': 'activating', 'model_6': 'deactivated'}
[2026-08-19 14:11:48.726 GPU_Scheduler_0] Waiting for models to be activated: {'model_1': 'activating', 'model_2': 'deactivated', 'model_3': 'deactivated', 'model_4': 'activating', 'model_5': 'activating', 'model_6': 'deactivated'}
[2026-08-19 14:11:48.736 GPU_Scheduler_0] Waiting for models to be activated: {'model_1': 'activating', 'model_2': 'deactivated', 'model_3': 'deactivated', 'model_4': 'activating', 'model_5': 'activating', 'model_6': 'deactivated'}
[2026-08-19 14:11:48.747 GPU_Scheduler_0] Waiting for models to be activated: {'model_1': 'activating', 'model_2': 'deactivated', 'model_3': 'deactivated', 'model_4': 'activating', 'model_5': 'activating', 'model_6': 'deactivated'}
[2026-08-19 14:11:48.757 GPU_Scheduler_0] Waiting for models to be activated: {'model_1': 'activating', 'model_2': 'deactivated', 'model_3': 'deactivated', 'model_4': 'activating', 'model_5': 'activating', 'model_6': 'deactivated'}
[2026-08-19 14:11:48.768 GPU_Scheduler_0] Waiting for models to be activated: {'model_1': 'activating', 'model_2': 'deactivated', 'model_3': 'deactivated', 'model_4': 'activating', 'model_5': 'activating', 'model_6': 'deactivated'}
[2026-08-19 14:11:48.779 GPU_Scheduler_0] Waiting for models to be activated: {'model_1': 'activating', 'model_2': 'deactivated', 'model_3': 'deactivated', 'model_4': 'activating', 'model_5': 'activating', 'model_6': 'deactivated'}
[2026-08-19 14:11:48.789 GPU_Scheduler_0] Waiting for models to be activated: {'model_1': 'activating', 'model_2': 'deactivated', 'model_3': 'deactivated', 'model_4': 'activating', 'model_5': 'activating', 'model_6': 'deactivated'}
[2026-08-19 14:11:48.800 GPU_Scheduler_0] Waiting for models to be activated: {'model_1': 'activating', 'model_2': 'deactivated', 'model_3': 'deactivated', 'model_4': 'activating', 'model_5': 'activating', 'model_6': 'deactivated'}
[2026-08-19 14:11:48.810 GPU_Scheduler_0] Waiting for models to be activated: {'model_1': 'activating', 'model_2': 'deactivated', 'model_3': 'deactivated', 'model_4': 'activating', 'model_5': 'activating', 'model_6': 'deactivated'}
[2026-08-19 14:11:48.821 GPU_Scheduler_0] Waiting for models to be activated: {'model_1': 'activating', 'model_2': 'deactivated', 'model_3': 'deactivated', 'model_4': 'activating', 'model_5': 'activating', 'model_6': 'deactivated'}
[2026-08-19 14:11:48.831 GPU_Scheduler_0] Waiting for models to be activated: {'model_1': 'activating', 'model_2': 'deactivated', 'model_3': 'deactivated', 'model_4': 'activating', 'model_5': 'activating', 'model_6': 'deactivated'}
[2026-08-19 14:11:48.842 GPU_Scheduler_0] Waiting for models to be activated: {'model_1': 'activating', 'model_2': 'deactivated', 'model_3': 'deactivated', 'model_4': 'activating', 'model_5': 'activating', 'model_6': 'deactivated'}
[2026-08-19 14:11:48.852 GPU_Scheduler_0] Waiting for models to be activated: {'model_1': 'activating', 'model_2': 'deactivated', 'model_3': 'deactivated', 'model_4': 'activating', 'model_5': 'activating', 'model_6': 'deactivated'}
[2026-08-19 14:11:48.863 GPU_Scheduler_0] Waiting for models to be activated: {'model_1': 'activating', 'model_2': 'deactivated', 'model_3': 'deactivated', 'model_4': 'activating', 'model_5': 'activating', 'model_6': 'deactivated'}
[2026-08-19 14:11:48.873 GPU_Scheduler_0] Waiting for models to be activated: {'model_1': 'activating', 'model_2': 'deactivated', 'model_3': 'deactivated', 'model_4': 'activating', 'model_5': 'activating', 'model_6': 'deactivated'}
[2026-08-19 14:11:48.884 GPU_Scheduler_0] Waiting for models to be activated: {'model_1': 'activating', 'model_2': 'deactivated', 'model_3': 'deactivated', 'model_4': 'activating', 'model_5': 'activating', 'model_6': 'deactivated'}
[2026-08-19 14:11:48.894 GPU_Scheduler_0] Waiting for models to be activated: {'model_1': 'activating', 'model_2': 'deactivated', 'model_3': 'deactivated', 'model_4': 'activating', 'model_5': 'activating', 'model_6': 'deactivated'}
[2026-08-19 14:11:48.904 GPU_Scheduler_0] Waiting for models to be activated: {'model_1': 'activating', 'model_2': 'deactivated', 'model_3': 'deactivated', 'model_4': 'activating', 'model_5': 'activating', 'model_6': 'deactivated'}
[2026-08-19 14:11:48.915 GPU_Scheduler_0] Waiting for models to be activated: {'model_1': 'activating', 'model_2': 'deactivated', 'model_3': 'deactivated', 'model_4': 'activating', 'model_5': 'activating', 'model_6': 'deactivated'}
[2026-08-19 14:11:48.925 GPU_Scheduler_0] Waiting for models to be activated: {'model_1': 'activating', 'model_2': 'deactivated', 'model_3': 'deactivated', 'model_4': 'activating', 'model_5': 'activating', 'model_6': 'deactivated'}
[2026-08-19 14:11:48.935 GPU_Scheduler_0] Waiting for models to be activated: {'model_1': 'activating', 'model_2': 'deactivated', 'model_3': 'deactivated', 'model_4': 'activating', 'model_5': 'activating', 'model_6': 'deactivated'}
[2026-08-19 14:11:48.946 GPU_Scheduler_0] Waiting for models to be activated: {'model_1': 'activating', 'model_2': 'deactivated', 'model_3': 'deactivated', 'model_4': 'activating', 'model_5': 'activating', 'model_6': 'deactivated'}
[2026-08-19 14:11:48.956 GPU_Scheduler_0] Waiting for models to be activated: {'model_1': 'activating', 'model_2': 'deactivated', 'model_3': 'deactivated', 'model_4': 'activating', 'model_5': 'activating', 'model_6': 'deactivated'}
[2026-08-19 14:11:48.966 GPU_Scheduler_0] Waiting for models to be activated: {'model_1': 'activating', 'model_2': 'deactivated', 'model_3': 'deactivated', 'model_4': 'activating', 'model_5': 'activating', 'model_6': 'deactivated'}
[2026-08-19 14:11:48.976 GPU_Scheduler_0] Waiting for models to be activated: {'model_1': 'activating', 'model_2': 'deactivated', 'model_3': 'deactivated', 'model_4': 'activating', 'model_5': 'activating', 'model_6': 'deactivated'}
[2026-08-19 14:11:48.987 GPU_Scheduler_0] Waiting for models to be activated: {'model_1': 'activating', 'model_2': 'deactivated', 'model_3': 'deactivated', 'model_4': 'activating', 'model_5': 'activating', 'model_6': 'deactivated'}
[2026-08-19 14:11:48.997 GPU_Scheduler_0] Waiting for models to be activated: {'model_1': 'activating', 'model_2': 'deactivated', 'model_3': 'deactivated', 'model_4': 'activating', 'model_5': 'activating', 'model_6': 'deactivated'}
[2026-08-19 14:11:49.007 GPU_Scheduler_0] Waiting for models to be activated: {'model_1': 'activating', 'model_2': 'deactivated', 'model_3': 'deactivated', 'model_4': 'activating', 'model_5': 'activating', 'model_6': 'deactivated'}
[2026-08-19 14:11:49.018 GPU_Scheduler_0] Waiting for models to be activated: {'model_1': 'activating', 'model_2': 'deactivated', 'model_3': 'deactivated', 'model_4': 'activating', 'model_5': 'activating', 'model_6': 'deactivated'}
[2026-08-19 14:11:49.028 GPU_Scheduler_0] Waiting for models to be activated: {'model_1': 'activating', 'model_2': 'deactivated', 'model_3': 'deactivated', 'model_4': 'activating', 'model_5': 'activating', 'model_6': 'deactivated'}
[2026-08-19 14:11:49.038 GPU_Scheduler_0] Waiting for models to be activated: {'model_1': 'activating', 'model_2': 'deactivated', 'model_3': 'deactivated', 'model_4': 'activating', 'model_5': 'activating', 'model_6': 'deactivated'}
[2026-08-19 14:11:49.049 GPU_Scheduler_0] Waiting for models to be activated: {'model_1': 'activating', 'model_2': 'deactivated', 'model_3': 'deactivated', 'model_4': 'activating', 'model_5': 'activating', 'model_6': 'deactivated'}
[2026-08-19 14:11:49.059 GPU_Scheduler_0] Waiting for models to be activated: {'model_1': 'activating', 'model_2': 'deactivated', 'model_3': 'deactivated', 'model_4': 'activating', 'model_5': 'activating', 'model_6': 'deactivated'}
[2026-08-19 14:11:49.070 GPU_Scheduler_0] Waiting for models to be activated: {'model_1': 'activating', 'model_2': 'deactivated', 'model_3': 'deactivated', 'model_4': 'activating', 'model_5': 'activating', 'model_6': 'deactivated'}
[2026-08-19 14:11:49.080 GPU_Scheduler_0] Waiting for models to be activated: {'model_1': 'activating', 'model_2': 'deactivated', 'model_3': 'deactivated', 'model_4': 'activating', 'model_5': 'activating', 'model_6': 'deactivated'}
[2026-08-19 14:11:49.091 GPU_Scheduler_0] Waiting for models to be activated: {'model_1': 'activating', 'model_2': 'deactivated', 'model_3': 'deactivated', 'model_4': 'activating', 'model_5': 'activating', 'model_6': 'deactivated'}
[2026-08-19 14:11:49.101 GPU_Scheduler_0] Waiting for models to be activated: {'model_1': 'activating', 'model_2': 'deactivated', 'model_3': 'deactivated', 'model_4': 'activating', 'model_5': 'activating', 'model_6': 'deactivated'}
[2026-08-19 14:11:49.112 GPU_Scheduler_0] Waiting for models to be activated: {'model_1': 'activating', 'model_2': 'deactivated', 'model_3': 'deactivated', 'model_4': 'activating', 'model_5': 'activating', 'model_6': 'deactivated'}
[2026-08-19 14:11:49.122 GPU_Scheduler_0] Waiting for models to be activated: {'model_1': 'activating', 'model_2': 'deactivated', 'model_3': 'deactivated', 'model_4': 'activating', 'model_5': 'activating', 'model_6': 'deactivated'}
[2026-08-19 14:11:49.132 GPU_Scheduler_0] Waiting for models to be activated: {'model_1': 'activating', 'model_2': 'deactivated', 'model_3': 'deactivated', 'model_4': 'activating', 'model_5': 'activating', 'model_6': 'deactivated'}
[2026-08-19 14:11:49.142 GPU_Scheduler_0] Waiting for models to be activated: {'model_1': 'activating', 'model_2': 'deactivated', 'model_3': 'deactivated', 'model_4': 'activating', 'model_5': 'activating', 'model_6': 'deactivated'}
[2026-08-19 14:11:49.153 GPU_Scheduler_0] Waiting for models to be activated: {'model_1': 'activating', 'model_2': 'deactivated', 'model_3': 'deactivated', 'model_4': 'activating', 'model_5': 'activating', 'model_6': 'deactivated'}
[2026-08-19 14:11:49.163 GPU_Scheduler_0] Waiting for models to be activated: {'model_1': 'activating', 'model_2': 'deactivated', 'model_3': 'deactivated', 'model_4': 'activating', 'model_5': 'activating', 'model_6': 'deactivated'}
[2026-08-19 14:11:49.173 GPU_Scheduler_0] Waiting for models to be activated: {'model_1': 'activating', 'model_2': 'deactivated', 'model_3': 'deactivated', 'model_4': 'activating', 'model_5': 'activating', 'model_6': 'deactivated'}
[2026-08-19 14:11:49.183 GPU_Scheduler_0] Waiting for models to be activated: {'model_1': 'activating', 'model_2': 'deactivated', 'model_3': 'deactivated', 'model_4': 'activating', 'model_5': 'activating', 'model_6': 'deactivated'}
[2026-08-19 14:11:49.194 GPU_Scheduler_0] Waiting for models to be activated: {'model_1': 'activating', 'model_2': 'deactivated', 'model_3': 'deactivated', 'model_4': 'activating', 'model_5': 'activating', 'model_6': 'deactivated'}
[2026-08-19 14:11:49.204 GPU_Scheduler_0] Waiting for models to be activated: {'model_1': 'activating', 'model_2': 'deactivated', 'model_3': 'deactivated', 'model_4': 'activating', 'model_5': 'activating', 'model_6': 'deactivated'}
[2026-08-19 14:11:49.215 GPU_Scheduler_0] Waiting for models to be activated: {'model_1': 'activating', 'model_2': 'deactivated', 'model_3': 'deactivated', 'model_4': 'activating', 'model_5': 'activating', 'model_6': 'deactivated'}
[2026-08-19 14:11:49.225 GPU_Scheduler_0] Waiting for models to be activated: {'model_1': 'activating', 'model_2': 'deactivated', 'model_3': 'deactivated', 'model_4': 'activating', 'model_5': 'activating', 'model_6': 'deactivated'}
[2026-08-19 14:11:49.235 GPU_Scheduler_0] Waiting for models to be activated: {'model_1': 'activating', 'model_2': 'deactivated', 'model_3': 'deactivated', 'model_4': 'activating', 'model_5': 'activating', 'model_6': 'deactivated'}
[2026-08-19 14:11:49.246 GPU_Scheduler_0] Waiting for models to be activated: {'model_1': 'activating', 'model_2': 'deactivated', 'model_3': 'deactivated', 'model_4': 'activating', 'model_5': 'activating', 'model_6': 'deactivated'}
[2026-08-19 14:11:49.256 GPU_Scheduler_0] Waiting for models to be activated: {'model_1': 'activating', 'model_2': 'deactivated', 'model_3': 'deactivated', 'model_4': 'activating', 'model_5': 'activating', 'model_6': 'deactivated'}
[2026-08-19 14:11:49.267 GPU_Scheduler_0] Waiting for models to be activated: {'model_1': 'activating', 'model_2': 'deactivated', 'model_3': 'deactivated', 'model_4': 'activating', 'model_5': 'activating', 'model_6': 'deactivated'}
[2026-08-19 14:11:49.277 GPU_Scheduler_0] Waiting for models to be activated: {'model_1': 'activating', 'model_2': 'deactivated', 'model_3': 'deactivated', 'model_4': 'activating', 'model_5': 'activating', 'model_6': 'deactivated'}
[2026-08-19 14:11:49.288 GPU_Scheduler_0] Waiting for models to be activated: {'model_1': 'activating', 'model_2': 'deactivated', 'model_3': 'deactivated', 'model_4': 'activating', 'model_5': 'activating', 'model_6': 'deactivated'}
[2026-08-19 14:11:49.298 GPU_Scheduler_0] Waiting for models to be activated: {'model_1': 'activating', 'model_2': 'deactivated', 'model_3': 'deactivated', 'model_4': 'activating', 'model_5': 'activating', 'model_6': 'deactivated'}
[2026-08-19 14:11:49.308 GPU_Scheduler_0] Waiting for models to be activated: {'model_1': 'activating', 'model_2': 'deactivated', 'model_3': 'deactivated', 'model_4': 'activating', 'model_5': 'activating', 'model_6': 'deactivated'}
[2026-08-19 14:11:49.319 GPU_Scheduler_0] Waiting for models to be activated: {'model_1': 'activating', 'model_2': 'deactivated', 'model_3': 'deactivated', 'model_4': 'activating', 'model_5': 'activating', 'model_6': 'deactivated'}
[2026-08-19 14:11:49.329 GPU_Scheduler_0] Waiting for models to be activated: {'model_1': 'activating', 'model_2': 'deactivated', 'model_3': 'deactivated', 'model_4': 'activating', 'model_5': 'activating', 'model_6': 'deactivated'}
[2026-08-19 14:11:49.340 GPU_Scheduler_0] Waiting for models to be activated: {'model_1': 'activating', 'model_2': 'deactivated', 'model_3': 'deactivated', 'model_4': 'activating', 'model_5': 'activating', 'model_6': 'deactivated'}
[2026-08-19 14:11:49.350 GPU_Scheduler_0] Waiting for models to be activated: {'model_1': 'activating', 'model_2': 'deactivated', 'model_3': 'deactivated', 'model_4': 'activating', 'model_5': 'activating', 'model_6': 'deactivated'}
[2026-08-19 14:11:49.360 GPU_Scheduler_0] Waiting for models to be activated: {'model_1': 'activating', 'model_2': 'deactivated', 'model_3': 'deactivated', 'model_4': 'activating', 'model_5': 'activating', 'model_6': 'deactivated'}
[2026-08-19 14:11:49.371 GPU_Scheduler_0] Waiting for models to be activated: {'model_1': 'activating', 'model_2': 'deactivated', 'model_3': 'deactivated', 'model_4': 'activating', 'model_5': 'activating', 'model_6': 'deactivated'}
[2026-08-19 14:11:49.381 GPU_Scheduler_0] Waiting for models to be activated: {'model_1': 'activating', 'model_2': 'deactivated', 'model_3': 'deactivated', 'model_4': 'activating', 'model_5': 'activating', 'model_6': 'deactivated'}
[2026-08-19 14:11:49.392 GPU_Scheduler_0] Waiting for models to be activated: {'model_1': 'activating', 'model_2': 'deactivated', 'model_3': 'deactivated', 'model_4': 'activating', 'model_5': 'activating', 'model_6': 'deactivated'}
[2026-08-19 14:11:49.402 GPU_Scheduler_0] Waiting for models to be activated: {'model_1': 'activating', 'model_2': 'deactivated', 'model_3': 'deactivated', 'model_4': 'activating', 'model_5': 'activating', 'model_6': 'deactivated'}
[2026-08-19 14:11:49.413 GPU_Scheduler_0] Waiting for models to be activated: {'model_1': 'activating', 'model_2': 'deactivated', 'model_3': 'deactivated', 'model_4': 'activating', 'model_5': 'activating', 'model_6': 'deactivated'}
[2026-08-19 14:11:49.423 GPU_Scheduler_0] Waiting for models to be activated: {'model_1': 'activating', 'model_2': 'deactivated', 'model_3': 'deactivated', 'model_4': 'activating', 'model_5': 'activating', 'model_6': 'deactivated'}
[2026-08-19 14:11:49.433 GPU_Scheduler_0] Waiting for models to be activated: {'model_1': 'activating', 'model_2': 'deactivated', 'model_3': 'deactivated', 'model_4': 'activating', 'model_5': 'activating', 'model_6': 'deactivated'}
[2026-08-19 14:11:49.443 GPU_Scheduler_0] Waiting for models to be activated: {'model_1': 'activating', 'model_2': 'deactivated', 'model_3': 'deactivated', 'model_4': 'activating', 'model_5': 'activating', 'model_6': 'deactivated'}
[2026-08-19 14:11:49.454 GPU_Scheduler_0] Waiting for models to be activated: {'model_1': 'activating', 'model_2': 'deactivated', 'model_3': 'deactivated', 'model_4': 'activating', 'model_5': 'activating', 'model_6': 'deactivated'}
[2026-08-19 14:11:49.464 GPU_Scheduler_0] Waiting for models to be activated: {'model_1': 'activating', 'model_2': 'deactivated', 'model_3': 'deactivated', 'model_4': 'activating', 'model_5': 'activating', 'model_6': 'deactivated'}
[2026-08-19 14:11:49.474 GPU_Scheduler_0] Waiting for models to be activated: {'model_1': 'activating', 'model_2': 'deactivated', 'model_3': 'deactivated', 'model_4': 'activating', 'model_5': 'activating', 'model_6': 'deactivated'}
[2026-08-19 14:11:49.485 GPU_Scheduler_0] Waiting for models to be activated: {'model_1': 'activating', 'model_2': 'deactivated', 'model_3': 'deactivated', 'model_4': 'activating', 'model_5': 'activating', 'model_6': 'deactivated'}
[2026-08-19 14:11:49.495 GPU_Scheduler_0] Waiting for models to be activated: {'model_1': 'activating', 'model_2': 'deactivated', 'model_3': 'deactivated', 'model_4': 'activating', 'model_5': 'activating', 'model_6': 'deactivated'}
[2026-08-19 14:11:49.505 GPU_Scheduler_0] Waiting for models to be activated: {'model_1': 'activating', 'model_2': 'deactivated', 'model_3': 'deactivated', 'model_4': 'activating', 'model_5': 'activating', 'model_6': 'deactivated'}
[2026-08-19 14:11:49.515 GPU_Scheduler_0] Waiting for models to be activated: {'model_1': 'activating', 'model_2': 'deactivated', 'model_3': 'deactivated', 'model_4': 'activating', 'model_5': 'activating', 'model_6': 'deactivated'}
[2026-08-19 14:11:49.526 GPU_Scheduler_0] Waiting for models to be activated: {'model_1': 'activating', 'model_2': 'deactivated', 'model_3': 'deactivated', 'model_4': 'activating', 'model_5': 'activating', 'model_6': 'deactivated'}
[2026-08-19 14:11:49.536 GPU_Scheduler_0] Waiting for models to be activated: {'model_1': 'activating', 'model_2': 'deactivated', 'model_3': 'deactivated', 'model_4': 'activating', 'model_5': 'activating', 'model_6': 'deactivated'}
[2026-08-19 14:11:49.547 GPU_Scheduler_0] Waiting for models to be activated: {'model_1': 'activating', 'model_2': 'deactivated', 'model_3': 'deactivated', 'model_4': 'activating', 'model_5': 'activating', 'model_6': 'deactivated'}
[2026-08-19 14:11:49.557 GPU_Scheduler_0] Waiting for models to be activated: {'model_1': 'activating', 'model_2': 'deactivated', 'model_3': 'deactivated', 'model_4': 'activating', 'model_5': 'activating', 'model_6': 'deactivated'}
[2026-08-19 14:11:49.567 GPU_Scheduler_0] Waiting for models to be activated: {'model_1': 'activating', 'model_2': 'deactivated', 'model_3': 'deactivated', 'model_4': 'activating', 'model_5': 'activating', 'model_6': 'deactivated'}
[2026-08-19 14:11:49.578 GPU_Scheduler_0] Waiting for models to be activated: {'model_1': 'activating', 'model_2': 'deactivated', 'model_3': 'deactivated', 'model_4': 'activating', 'model_5': 'activating', 'model_6': 'deactivated'}
[2026-08-19 14:11:49.588 GPU_Scheduler_0] Waiting for models to be activated: {'model_1': 'activating', 'model_2': 'deactivated', 'model_3': 'deactivated', 'model_4': 'activating', 'model_5': 'activating', 'model_6': 'deactivated'}
[2026-08-19 14:11:49.599 GPU_Scheduler_0] Waiting for models to be activated: {'model_1': 'activating', 'model_2': 'deactivated', 'model_3': 'deactivated', 'model_4': 'activating', 'model_5': 'activating', 'model_6': 'deactivated'}
[2026-08-19 14:11:49.609 GPU_Scheduler_0] Waiting for models to be activated: {'model_1': 'activating', 'model_2': 'deactivated', 'model_3': 'deactivated', 'model_4': 'activating', 'model_5': 'activating', 'model_6': 'deactivated'}
[2026-08-19 14:11:49.620 GPU_Scheduler_0] Waiting for models to be activated: {'model_1': 'activating', 'model_2': 'deactivated', 'model_3': 'deactivated', 'model_4': 'activating', 'model_5': 'activating', 'model_6': 'deactivated'}
[2026-08-19 14:11:49.630 GPU_Scheduler_0] Waiting for models to be activated: {'model_1': 'activating', 'model_2': 'deactivated', 'model_3': 'deactivated', 'model_4': 'activating', 'model_5': 'activating', 'model_6': 'deactivated'}
[2026-08-19 14:11:49.641 GPU_Scheduler_0] Waiting for models to be activated: {'model_1': 'activating', 'model_2': 'deactivated', 'model_3': 'deactivated', 'model_4': 'activating', 'model_5': 'activating', 'model_6': 'deactivated'}
[2026-08-19 14:11:49.652 GPU_Scheduler_0] Model model_1 (instance 0) activation succeeded on GPU 0
[2026-08-19 14:11:49.652 GPU_Scheduler_0] Waiting for models to be activated: {'model_1': 'activated', 'model_2': 'deactivated', 'model_3': 'deactivated', 'model_4': 'activating', 'model_5': 'activating', 'model_6': 'deactivated'}
[2026-08-19 14:11:49.662 GPU_Scheduler_0] Waiting for models to be activated: {'model_1': 'activated', 'model_2': 'deactivated', 'model_3': 'deactivated', 'model_4': 'activating', 'model_5': 'activating', 'model_6': 'deactivated'}
[2026-08-19 14:11:49.672 GPU_Scheduler_0] Waiting for models to be activated: {'model_1': 'activated', 'model_2': 'deactivated', 'model_3': 'deactivated', 'model_4': 'activating', 'model_5': 'activating', 'model_6': 'deactivated'}
[2026-08-19 14:11:49.683 GPU_Scheduler_0] Waiting for models to be activated: {'model_1': 'activated', 'model_2': 'deactivated', 'model_3': 'deactivated', 'model_4': 'activating', 'model_5': 'activating', 'model_6': 'deactivated'}
[2026-08-19 14:11:49.693 GPU_Scheduler_0] Waiting for models to be activated: {'model_1': 'activated', 'model_2': 'deactivated', 'model_3': 'deactivated', 'model_4': 'activating', 'model_5': 'activating', 'model_6': 'deactivated'}
[2026-08-19 14:11:49.704 GPU_Scheduler_0] Waiting for models to be activated: {'model_1': 'activated', 'model_2': 'deactivated', 'model_3': 'deactivated', 'model_4': 'activating', 'model_5': 'activating', 'model_6': 'deactivated'}
[2026-08-19 14:11:49.714 GPU_Scheduler_0] Waiting for models to be activated: {'model_1': 'activated', 'model_2': 'deactivated', 'model_3': 'deactivated', 'model_4': 'activating', 'model_5': 'activating', 'model_6': 'deactivated'}
[2026-08-19 14:11:49.725 GPU_Scheduler_0] Waiting for models to be activated: {'model_1': 'activated', 'model_2': 'deactivated', 'model_3': 'deactivated', 'model_4': 'activating', 'model_5': 'activating', 'model_6': 'deactivated'}
[2026-08-19 14:11:49.735 GPU_Scheduler_0] Waiting for models to be activated: {'model_1': 'activated', 'model_2': 'deactivated', 'model_3': 'deactivated', 'model_4': 'activating', 'model_5': 'activating', 'model_6': 'deactivated'}
[2026-08-19 14:11:49.746 GPU_Scheduler_0] Waiting for models to be activated: {'model_1': 'activated', 'model_2': 'deactivated', 'model_3': 'deactivated', 'model_4': 'activating', 'model_5': 'activating', 'model_6': 'deactivated'}
[2026-08-19 14:11:49.756 GPU_Scheduler_0] Waiting for models to be activated: {'model_1': 'activated', 'model_2': 'deactivated', 'model_3': 'deactivated', 'model_4': 'activating', 'model_5': 'activating', 'model_6': 'deactivated'}
[2026-08-19 14:11:49.767 GPU_Scheduler_0] Waiting for models to be activated: {'model_1': 'activated', 'model_2': 'deactivated', 'model_3': 'deactivated', 'model_4': 'activating', 'model_5': 'activating', 'model_6': 'deactivated'}
[2026-08-19 14:11:49.777 GPU_Scheduler_0] Waiting for models to be activated: {'model_1': 'activated', 'model_2': 'deactivated', 'model_3': 'deactivated', 'model_4': 'activating', 'model_5': 'activating', 'model_6': 'deactivated'}
[2026-08-19 14:11:49.788 GPU_Scheduler_0] Waiting for models to be activated: {'model_1': 'activated', 'model_2': 'deactivated', 'model_3': 'deactivated', 'model_4': 'activating', 'model_5': 'activating', 'model_6': 'deactivated'}
[2026-08-19 14:11:49.798 GPU_Scheduler_0] Waiting for models to be activated: {'model_1': 'activated', 'model_2': 'deactivated', 'model_3': 'deactivated', 'model_4': 'activating', 'model_5': 'activating', 'model_6': 'deactivated'}
[2026-08-19 14:11:49.809 GPU_Scheduler_0] Waiting for models to be activated: {'model_1': 'activated', 'model_2': 'deactivated', 'model_3': 'deactivated', 'model_4': 'activating', 'model_5': 'activating', 'model_6': 'deactivated'}
[2026-08-19 14:11:49.819 GPU_Scheduler_0] Waiting for models to be activated: {'model_1': 'activated', 'model_2': 'deactivated', 'model_3': 'deactivated', 'model_4': 'activating', 'model_5': 'activating', 'model_6': 'deactivated'}
[2026-08-19 14:11:49.830 GPU_Scheduler_0] Waiting for models to be activated: {'model_1': 'activated', 'model_2': 'deactivated', 'model_3': 'deactivated', 'model_4': 'activating', 'model_5': 'activating', 'model_6': 'deactivated'}
[2026-08-19 14:11:49.840 GPU_Scheduler_0] Waiting for models to be activated: {'model_1': 'activated', 'model_2': 'deactivated', 'model_3': 'deactivated', 'model_4': 'activating', 'model_5': 'activating', 'model_6': 'deactivated'}
[2026-08-19 14:11:49.851 GPU_Scheduler_0] Waiting for models to be activated: {'model_1': 'activated', 'model_2': 'deactivated', 'model_3': 'deactivated', 'model_4': 'activating', 'model_5': 'activating', 'model_6': 'deactivated'}
[2026-08-19 14:11:49.861 GPU_Scheduler_0] Waiting for models to be activated: {'model_1': 'activated', 'model_2': 'deactivated', 'model_3': 'deactivated', 'model_4': 'activating', 'model_5': 'activating', 'model_6': 'deactivated'}
[2026-08-19 14:11:49.872 GPU_Scheduler_0] Waiting for models to be activated: {'model_1': 'activated', 'model_2': 'deactivated', 'model_3': 'deactivated', 'model_4': 'activating', 'model_5': 'activating', 'model_6': 'deactivated'}
[2026-08-19 14:11:49.882 GPU_Scheduler_0] Waiting for models to be activated: {'model_1': 'activated', 'model_2': 'deactivated', 'model_3': 'deactivated', 'model_4': 'activating', 'model_5': 'activating', 'model_6': 'deactivated'}
[2026-08-19 14:11:49.893 GPU_Scheduler_0] Waiting for models to be activated: {'model_1': 'activated', 'model_2': 'deactivated', 'model_3': 'deactivated', 'model_4': 'activating', 'model_5': 'activating', 'model_6': 'deactivated'}
[2026-08-19 14:11:49.903 GPU_Scheduler_0] Waiting for models to be activated: {'model_1': 'activated', 'model_2': 'deactivated', 'model_3': 'deactivated', 'model_4': 'activating', 'model_5': 'activating', 'model_6': 'deactivated'}
[2026-08-19 14:11:49.914 GPU_Scheduler_0] Waiting for models to be activated: {'model_1': 'activated', 'model_2': 'deactivated', 'model_3': 'deactivated', 'model_4': 'activating', 'model_5': 'activating', 'model_6': 'deactivated'}
[2026-08-19 14:11:49.924 GPU_Scheduler_0] Waiting for models to be activated: {'model_1': 'activated', 'model_2': 'deactivated', 'model_3': 'deactivated', 'model_4': 'activating', 'model_5': 'activating', 'model_6': 'deactivated'}
[2026-08-19 14:11:49.935 GPU_Scheduler_0] Waiting for models to be activated: {'model_1': 'activated', 'model_2': 'deactivated', 'model_3': 'deactivated', 'model_4': 'activating', 'model_5': 'activating', 'model_6': 'deactivated'}
[2026-08-19 14:11:49.946 GPU_Scheduler_0] Waiting for models to be activated: {'model_1': 'activated', 'model_2': 'deactivated', 'model_3': 'deactivated', 'model_4': 'activating', 'model_5': 'activating', 'model_6': 'deactivated'}
[2026-08-19 14:11:49.956 GPU_Scheduler_0] Waiting for models to be activated: {'model_1': 'activated', 'model_2': 'deactivated', 'model_3': 'deactivated', 'model_4': 'activating', 'model_5': 'activating', 'model_6': 'deactivated'}
[2026-08-19 14:11:49.967 GPU_Scheduler_0] Waiting for models to be activated: {'model_1': 'activated', 'model_2': 'deactivated', 'model_3': 'deactivated', 'model_4': 'activating', 'model_5': 'activating', 'model_6': 'deactivated'}
[2026-08-19 14:11:49.977 GPU_Scheduler_0] Waiting for models to be activated: {'model_1': 'activated', 'model_2': 'deactivated', 'model_3': 'deactivated', 'model_4': 'activating', 'model_5': 'activating', 'model_6': 'deactivated'}
[2026-08-19 14:11:49.988 GPU_Scheduler_0] Waiting for models to be activated: {'model_1': 'activated', 'model_2': 'deactivated', 'model_3': 'deactivated', 'model_4': 'activating', 'model_5': 'activating', 'model_6': 'deactivated'}
[2026-08-19 14:11:49.998 GPU_Scheduler_0] Waiting for models to be activated: {'model_1': 'activated', 'model_2': 'deactivated', 'model_3': 'deactivated', 'model_4': 'activating', 'model_5': 'activating', 'model_6': 'deactivated'}
[2026-08-19 14:11:50.008 GPU_Scheduler_0] Waiting for models to be activated: {'model_1': 'activated', 'model_2': 'deactivated', 'model_3': 'deactivated', 'model_4': 'activating', 'model_5': 'activating', 'model_6': 'deactivated'}
[2026-08-19 14:11:50.019 GPU_Scheduler_0] Waiting for models to be activated: {'model_1': 'activated', 'model_2': 'deactivated', 'model_3': 'deactivated', 'model_4': 'activating', 'model_5': 'activating', 'model_6': 'deactivated'}
[2026-08-19 14:11:50.029 GPU_Scheduler_0] Waiting for models to be activated: {'model_1': 'activated', 'model_2': 'deactivated', 'model_3': 'deactivated', 'model_4': 'activating', 'model_5': 'activating', 'model_6': 'deactivated'}
[2026-08-19 14:11:50.040 GPU_Scheduler_0] Waiting for models to be activated: {'model_1': 'activated', 'model_2': 'deactivated', 'model_3': 'deactivated', 'model_4': 'activating', 'model_5': 'activating', 'model_6': 'deactivated'}
[2026-08-19 14:11:50.050 GPU_Scheduler_0] Waiting for models to be activated: {'model_1': 'activated', 'model_2': 'deactivated', 'model_3': 'deactivated', 'model_4': 'activating', 'model_5': 'activating', 'model_6': 'deactivated'}
[2026-08-19 14:11:50.061 GPU_Scheduler_0] Waiting for models to be activated: {'model_1': 'activated', 'model_2': 'deactivated', 'model_3': 'deactivated', 'model_4': 'activating', 'model_5': 'activating', 'model_6': 'deactivated'}
[2026-08-19 14:11:50.071 GPU_Scheduler_0] Waiting for models to be activated: {'model_1': 'activated', 'model_2': 'deactivated', 'model_3': 'deactivated', 'model_4': 'activating', 'model_5': 'activating', 'model_6': 'deactivated'}
[2026-08-19 14:11:50.082 GPU_Scheduler_0] Waiting for models to be activated: {'model_1': 'activated', 'model_2': 'deactivated', 'model_3': 'deactivated', 'model_4': 'activating', 'model_5': 'activating', 'model_6': 'deactivated'}
[2026-08-19 14:11:50.092 GPU_Scheduler_0] Waiting for models to be activated: {'model_1': 'activated', 'model_2': 'deactivated', 'model_3': 'deactivated', 'model_4': 'activating', 'model_5': 'activating', 'model_6': 'deactivated'}
[2026-08-19 14:11:50.103 GPU_Scheduler_0] Waiting for models to be activated: {'model_1': 'activated', 'model_2': 'deactivated', 'model_3': 'deactivated', 'model_4': 'activating', 'model_5': 'activating', 'model_6': 'deactivated'}
[2026-08-19 14:11:50.113 GPU_Scheduler_0] Waiting for models to be activated: {'model_1': 'activated', 'model_2': 'deactivated', 'model_3': 'deactivated', 'model_4': 'activating', 'model_5': 'activating', 'model_6': 'deactivated'}
[2026-08-19 14:11:50.124 GPU_Scheduler_0] Waiting for models to be activated: {'model_1': 'activated', 'model_2': 'deactivated', 'model_3': 'deactivated', 'model_4': 'activating', 'model_5': 'activating', 'model_6': 'deactivated'}
[2026-08-19 14:11:50.134 GPU_Scheduler_0] Waiting for models to be activated: {'model_1': 'activated', 'model_2': 'deactivated', 'model_3': 'deactivated', 'model_4': 'activating', 'model_5': 'activating', 'model_6': 'deactivated'}
[2026-08-19 14:11:50.145 GPU_Scheduler_0] Waiting for models to be activated: {'model_1': 'activated', 'model_2': 'deactivated', 'model_3': 'deactivated', 'model_4': 'activating', 'model_5': 'activating', 'model_6': 'deactivated'}
[2026-08-19 14:11:50.155 GPU_Scheduler_0] Waiting for models to be activated: {'model_1': 'activated', 'model_2': 'deactivated', 'model_3': 'deactivated', 'model_4': 'activating', 'model_5': 'activating', 'model_6': 'deactivated'}
[2026-08-19 14:11:50.166 GPU_Scheduler_0] Waiting for models to be activated: {'model_1': 'activated', 'model_2': 'deactivated', 'model_3': 'deactivated', 'model_4': 'activating', 'model_5': 'activating', 'model_6': 'deactivated'}
[2026-08-19 14:11:50.176 GPU_Scheduler_0] Waiting for models to be activated: {'model_1': 'activated', 'model_2': 'deactivated', 'model_3': 'deactivated', 'model_4': 'activating', 'model_5': 'activating', 'model_6': 'deactivated'}
[2026-08-19 14:11:50.187 GPU_Scheduler_0] Waiting for models to be activated: {'model_1': 'activated', 'model_2': 'deactivated', 'model_3': 'deactivated', 'model_4': 'activating', 'model_5': 'activating', 'model_6': 'deactivated'}
[2026-08-19 14:11:50.197 GPU_Scheduler_0] Waiting for models to be activated: {'model_1': 'activated', 'model_2': 'deactivated', 'model_3': 'deactivated', 'model_4': 'activating', 'model_5': 'activating', 'model_6': 'deactivated'}
[2026-08-19 14:11:50.208 GPU_Scheduler_0] Waiting for models to be activated: {'model_1': 'activated', 'model_2': 'deactivated', 'model_3': 'deactivated', 'model_4': 'activating', 'model_5': 'activating', 'model_6': 'deactivated'}
[2026-08-19 14:11:50.218 GPU_Scheduler_0] Waiting for models to be activated: {'model_1': 'activated', 'model_2': 'deactivated', 'model_3': 'deactivated', 'model_4': 'activating', 'model_5': 'activating', 'model_6': 'deactivated'}
[2026-08-19 14:11:50.229 GPU_Scheduler_0] Waiting for models to be activated: {'model_1': 'activated', 'model_2': 'deactivated', 'model_3': 'deactivated', 'model_4': 'activating', 'model_5': 'activating', 'model_6': 'deactivated'}
[2026-08-19 14:11:50.239 GPU_Scheduler_0] Waiting for models to be activated: {'model_1': 'activated', 'model_2': 'deactivated', 'model_3': 'deactivated', 'model_4': 'activating', 'model_5': 'activating', 'model_6': 'deactivated'}
[2026-08-19 14:11:50.250 GPU_Scheduler_0] Waiting for models to be activated: {'model_1': 'activated', 'model_2': 'deactivated', 'model_3': 'deactivated', 'model_4': 'activating', 'model_5': 'activating', 'model_6': 'deactivated'}
[2026-08-19 14:11:50.260 GPU_Scheduler_0] Waiting for models to be activated: {'model_1': 'activated', 'model_2': 'deactivated', 'model_3': 'deactivated', 'model_4': 'activating', 'model_5': 'activating', 'model_6': 'deactivated'}
[2026-08-19 14:11:50.270 GPU_Scheduler_0] Waiting for models to be activated: {'model_1': 'activated', 'model_2': 'deactivated', 'model_3': 'deactivated', 'model_4': 'activating', 'model_5': 'activating', 'model_6': 'deactivated'}
[2026-08-19 14:11:50.281 GPU_Scheduler_0] Waiting for models to be activated: {'model_1': 'activated', 'model_2': 'deactivated', 'model_3': 'deactivated', 'model_4': 'activating', 'model_5': 'activating', 'model_6': 'deactivated'}
[2026-08-19 14:11:50.292 GPU_Scheduler_0] Waiting for models to be activated: {'model_1': 'activated', 'model_2': 'deactivated', 'model_3': 'deactivated', 'model_4': 'activating', 'model_5': 'activating', 'model_6': 'deactivated'}
[2026-08-19 14:11:50.302 GPU_Scheduler_0] Waiting for models to be activated: {'model_1': 'activated', 'model_2': 'deactivated', 'model_3': 'deactivated', 'model_4': 'activating', 'model_5': 'activating', 'model_6': 'deactivated'}
[2026-08-19 14:11:50.312 GPU_Scheduler_0] Waiting for models to be activated: {'model_1': 'activated', 'model_2': 'deactivated', 'model_3': 'deactivated', 'model_4': 'activating', 'model_5': 'activating', 'model_6': 'deactivated'}
[2026-08-19 14:11:50.323 GPU_Scheduler_0] Waiting for models to be activated: {'model_1': 'activated', 'model_2': 'deactivated', 'model_3': 'deactivated', 'model_4': 'activating', 'model_5': 'activating', 'model_6': 'deactivated'}
[2026-08-19 14:11:50.334 GPU_Scheduler_0] Waiting for models to be activated: {'model_1': 'activated', 'model_2': 'deactivated', 'model_3': 'deactivated', 'model_4': 'activating', 'model_5': 'activating', 'model_6': 'deactivated'}
[2026-08-19 14:11:50.344 GPU_Scheduler_0] Waiting for models to be activated: {'model_1': 'activated', 'model_2': 'deactivated', 'model_3': 'deactivated', 'model_4': 'activating', 'model_5': 'activating', 'model_6': 'deactivated'}
[2026-08-19 14:11:50.354 GPU_Scheduler_0] Waiting for models to be activated: {'model_1': 'activated', 'model_2': 'deactivated', 'model_3': 'deactivated', 'model_4': 'activating', 'model_5': 'activating', 'model_6': 'deactivated'}
[2026-08-19 14:11:50.365 GPU_Scheduler_0] Waiting for models to be activated: {'model_1': 'activated', 'model_2': 'deactivated', 'model_3': 'deactivated', 'model_4': 'activating', 'model_5': 'activating', 'model_6': 'deactivated'}
[2026-08-19 14:11:50.376 GPU_Scheduler_0] Waiting for models to be activated: {'model_1': 'activated', 'model_2': 'deactivated', 'model_3': 'deactivated', 'model_4': 'activating', 'model_5': 'activating', 'model_6': 'deactivated'}
[2026-08-19 14:11:50.386 GPU_Scheduler_0] Waiting for models to be activated: {'model_1': 'activated', 'model_2': 'deactivated', 'model_3': 'deactivated', 'model_4': 'activating', 'model_5': 'activating', 'model_6': 'deactivated'}
[2026-08-19 14:11:50.397 GPU_Scheduler_0] Waiting for models to be activated: {'model_1': 'activated', 'model_2': 'deactivated', 'model_3': 'deactivated', 'model_4': 'activating', 'model_5': 'activating', 'model_6': 'deactivated'}
[2026-08-19 14:11:50.407 GPU_Scheduler_0] Waiting for models to be activated: {'model_1': 'activated', 'model_2': 'deactivated', 'model_3': 'deactivated', 'model_4': 'activating', 'model_5': 'activating', 'model_6': 'deactivated'}
[2026-08-19 14:11:50.418 GPU_Scheduler_0] Waiting for models to be activated: {'model_1': 'activated', 'model_2': 'deactivated', 'model_3': 'deactivated', 'model_4': 'activating', 'model_5': 'activating', 'model_6': 'deactivated'}
[2026-08-19 14:11:50.428 GPU_Scheduler_0] Waiting for models to be activated: {'model_1': 'activated', 'model_2': 'deactivated', 'model_3': 'deactivated', 'model_4': 'activating', 'model_5': 'activating', 'model_6': 'deactivated'}
[2026-08-19 14:11:50.439 GPU_Scheduler_0] Waiting for models to be activated: {'model_1': 'activated', 'model_2': 'deactivated', 'model_3': 'deactivated', 'model_4': 'activating', 'model_5': 'activating', 'model_6': 'deactivated'}
[2026-08-19 14:11:50.449 GPU_Scheduler_0] Waiting for models to be activated: {'model_1': 'activated', 'model_2': 'deactivated', 'model_3': 'deactivated', 'model_4': 'activating', 'model_5': 'activating', 'model_6': 'deactivated'}
[2026-08-19 14:11:50.460 GPU_Scheduler_0] Waiting for models to be activated: {'model_1': 'activated', 'model_2': 'deactivated', 'model_3': 'deactivated', 'model_4': 'activating', 'model_5': 'activating', 'model_6': 'deactivated'}
[2026-08-19 14:11:50.470 GPU_Scheduler_0] Waiting for models to be activated: {'model_1': 'activated', 'model_2': 'deactivated', 'model_3': 'deactivated', 'model_4': 'activating', 'model_5': 'activating', 'model_6': 'deactivated'}
[2026-08-19 14:11:50.481 GPU_Scheduler_0] Waiting for models to be activated: {'model_1': 'activated', 'model_2': 'deactivated', 'model_3': 'deactivated', 'model_4': 'activating', 'model_5': 'activating', 'model_6': 'deactivated'}
[2026-08-19 14:11:50.491 GPU_Scheduler_0] Waiting for models to be activated: {'model_1': 'activated', 'model_2': 'deactivated', 'model_3': 'deactivated', 'model_4': 'activating', 'model_5': 'activating', 'model_6': 'deactivated'}
[2026-08-19 14:11:50.502 GPU_Scheduler_0] Waiting for models to be activated: {'model_1': 'activated', 'model_2': 'deactivated', 'model_3': 'deactivated', 'model_4': 'activating', 'model_5': 'activating', 'model_6': 'deactivated'}
[2026-08-19 14:11:50.512 GPU_Scheduler_0] Waiting for models to be activated: {'model_1': 'activated', 'model_2': 'deactivated', 'model_3': 'deactivated', 'model_4': 'activating', 'model_5': 'activating', 'model_6': 'deactivated'}
[2026-08-19 14:11:50.523 GPU_Scheduler_0] Waiting for models to be activated: {'model_1': 'activated', 'model_2': 'deactivated', 'model_3': 'deactivated', 'model_4': 'activating', 'model_5': 'activating', 'model_6': 'deactivated'}
[2026-08-19 14:11:50.533 GPU_Scheduler_0] Waiting for models to be activated: {'model_1': 'activated', 'model_2': 'deactivated', 'model_3': 'deactivated', 'model_4': 'activating', 'model_5': 'activating', 'model_6': 'deactivated'}
[2026-08-19 14:11:50.544 GPU_Scheduler_0] Waiting for models to be activated: {'model_1': 'activated', 'model_2': 'deactivated', 'model_3': 'deactivated', 'model_4': 'activating', 'model_5': 'activating', 'model_6': 'deactivated'}
[2026-08-19 14:11:50.554 GPU_Scheduler_0] Waiting for models to be activated: {'model_1': 'activated', 'model_2': 'deactivated', 'model_3': 'deactivated', 'model_4': 'activating', 'model_5': 'activating', 'model_6': 'deactivated'}
[2026-08-19 14:11:50.565 GPU_Scheduler_0] Waiting for models to be activated: {'model_1': 'activated', 'model_2': 'deactivated', 'model_3': 'deactivated', 'model_4': 'activating', 'model_5': 'activating', 'model_6': 'deactivated'}
[2026-08-19 14:11:50.575 GPU_Scheduler_0] Waiting for models to be activated: {'model_1': 'activated', 'model_2': 'deactivated', 'model_3': 'deactivated', 'model_4': 'activating', 'model_5': 'activating', 'model_6': 'deactivated'}
[2026-08-19 14:11:50.586 GPU_Scheduler_0] Waiting for models to be activated: {'model_1': 'activated', 'model_2': 'deactivated', 'model_3': 'deactivated', 'model_4': 'activating', 'model_5': 'activating', 'model_6': 'deactivated'}
[2026-08-19 14:11:50.597 GPU_Scheduler_0] Waiting for models to be activated: {'model_1': 'activated', 'model_2': 'deactivated', 'model_3': 'deactivated', 'model_4': 'activating', 'model_5': 'activating', 'model_6': 'deactivated'}
[2026-08-19 14:11:50.607 GPU_Scheduler_0] Waiting for models to be activated: {'model_1': 'activated', 'model_2': 'deactivated', 'model_3': 'deactivated', 'model_4': 'activating', 'model_5': 'activating', 'model_6': 'deactivated'}
[2026-08-19 14:11:50.618 GPU_Scheduler_0] Waiting for models to be activated: {'model_1': 'activated', 'model_2': 'deactivated', 'model_3': 'deactivated', 'model_4': 'activating', 'model_5': 'activating', 'model_6': 'deactivated'}
[2026-08-19 14:11:50.629 GPU_Scheduler_0] Waiting for models to be activated: {'model_1': 'activated', 'model_2': 'deactivated', 'model_3': 'deactivated', 'model_4': 'activating', 'model_5': 'activating', 'model_6': 'deactivated'}
[2026-08-19 14:11:50.639 GPU_Scheduler_0] Waiting for models to be activated: {'model_1': 'activated', 'model_2': 'deactivated', 'model_3': 'deactivated', 'model_4': 'activating', 'model_5': 'activating', 'model_6': 'deactivated'}
[2026-08-19 14:11:50.650 GPU_Scheduler_0] Waiting for models to be activated: {'model_1': 'activated', 'model_2': 'deactivated', 'model_3': 'deactivated', 'model_4': 'activating', 'model_5': 'activating', 'model_6': 'deactivated'}
[2026-08-19 14:11:50.660 GPU_Scheduler_0] Waiting for models to be activated: {'model_1': 'activated', 'model_2': 'deactivated', 'model_3': 'deactivated', 'model_4': 'activating', 'model_5': 'activating', 'model_6': 'deactivated'}
[2026-08-19 14:11:50.671 GPU_Scheduler_0] Waiting for models to be activated: {'model_1': 'activated', 'model_2': 'deactivated', 'model_3': 'deactivated', 'model_4': 'activating', 'model_5': 'activating', 'model_6': 'deactivated'}
[2026-08-19 14:11:50.681 GPU_Scheduler_0] Waiting for models to be activated: {'model_1': 'activated', 'model_2': 'deactivated', 'model_3': 'deactivated', 'model_4': 'activating', 'model_5': 'activating', 'model_6': 'deactivated'}
[2026-08-19 14:11:50.692 GPU_Scheduler_0] Waiting for models to be activated: {'model_1': 'activated', 'model_2': 'deactivated', 'model_3': 'deactivated', 'model_4': 'activating', 'model_5': 'activating', 'model_6': 'deactivated'}
[2026-08-19 14:11:50.702 GPU_Scheduler_0] Waiting for models to be activated: {'model_1': 'activated', 'model_2': 'deactivated', 'model_3': 'deactivated', 'model_4': 'activating', 'model_5': 'activating', 'model_6': 'deactivated'}
[2026-08-19 14:11:50.713 GPU_Scheduler_0] Waiting for models to be activated: {'model_1': 'activated', 'model_2': 'deactivated', 'model_3': 'deactivated', 'model_4': 'activating', 'model_5': 'activating', 'model_6': 'deactivated'}
[2026-08-19 14:11:50.723 GPU_Scheduler_0] Waiting for models to be activated: {'model_1': 'activated', 'model_2': 'deactivated', 'model_3': 'deactivated', 'model_4': 'activating', 'model_5': 'activating', 'model_6': 'deactivated'}
[2026-08-19 14:11:50.734 GPU_Scheduler_0] Waiting for models to be activated: {'model_1': 'activated', 'model_2': 'deactivated', 'model_3': 'deactivated', 'model_4': 'activating', 'model_5': 'activating', 'model_6': 'deactivated'}
[2026-08-19 14:11:50.745 GPU_Scheduler_0] Waiting for models to be activated: {'model_1': 'activated', 'model_2': 'deactivated', 'model_3': 'deactivated', 'model_4': 'activating', 'model_5': 'activating', 'model_6': 'deactivated'}
[2026-08-19 14:11:50.755 GPU_Scheduler_0] Waiting for models to be activated: {'model_1': 'activated', 'model_2': 'deactivated', 'model_3': 'deactivated', 'model_4': 'activating', 'model_5': 'activating', 'model_6': 'deactivated'}
[2026-08-19 14:11:50.766 GPU_Scheduler_0] Waiting for models to be activated: {'model_1': 'activated', 'model_2': 'deactivated', 'model_3': 'deactivated', 'model_4': 'activating', 'model_5': 'activating', 'model_6': 'deactivated'}
[2026-08-19 14:11:50.776 GPU_Scheduler_0] Waiting for models to be activated: {'model_1': 'activated', 'model_2': 'deactivated', 'model_3': 'deactivated', 'model_4': 'activating', 'model_5': 'activating', 'model_6': 'deactivated'}
[2026-08-19 14:11:50.787 GPU_Scheduler_0] Waiting for models to be activated: {'model_1': 'activated', 'model_2': 'deactivated', 'model_3': 'deactivated', 'model_4': 'activating', 'model_5': 'activating', 'model_6': 'deactivated'}
[2026-08-19 14:11:50.797 GPU_Scheduler_0] Waiting for models to be activated: {'model_1': 'activated', 'model_2': 'deactivated', 'model_3': 'deactivated', 'model_4': 'activating', 'model_5': 'activating', 'model_6': 'deactivated'}
[2026-08-19 14:11:50.808 GPU_Scheduler_0] Waiting for models to be activated: {'model_1': 'activated', 'model_2': 'deactivated', 'model_3': 'deactivated', 'model_4': 'activating', 'model_5': 'activating', 'model_6': 'deactivated'}
[2026-08-19 14:11:50.818 GPU_Scheduler_0] Waiting for models to be activated: {'model_1': 'activated', 'model_2': 'deactivated', 'model_3': 'deactivated', 'model_4': 'activating', 'model_5': 'activating', 'model_6': 'deactivated'}
[2026-08-19 14:11:50.829 GPU_Scheduler_0] Waiting for models to be activated: {'model_1': 'activated', 'model_2': 'deactivated', 'model_3': 'deactivated', 'model_4': 'activating', 'model_5': 'activating', 'model_6': 'deactivated'}
[2026-08-19 14:11:50.839 GPU_Scheduler_0] Waiting for models to be activated: {'model_1': 'activated', 'model_2': 'deactivated', 'model_3': 'deactivated', 'model_4': 'activating', 'model_5': 'activating', 'model_6': 'deactivated'}
[2026-08-19 14:11:50.850 GPU_Scheduler_0] Waiting for models to be activated: {'model_1': 'activated', 'model_2': 'deactivated', 'model_3': 'deactivated', 'model_4': 'activating', 'model_5': 'activating', 'model_6': 'deactivated'}
[2026-08-19 14:11:50.860 GPU_Scheduler_0] Waiting for models to be activated: {'model_1': 'activated', 'model_2': 'deactivated', 'model_3': 'deactivated', 'model_4': 'activating', 'model_5': 'activating', 'model_6': 'deactivated'}
[2026-08-19 14:11:50.871 GPU_Scheduler_0] Waiting for models to be activated: {'model_1': 'activated', 'model_2': 'deactivated', 'model_3': 'deactivated', 'model_4': 'activating', 'model_5': 'activating', 'model_6': 'deactivated'}
[2026-08-19 14:11:50.881 GPU_Scheduler_0] Waiting for models to be activated: {'model_1': 'activated', 'model_2': 'deactivated', 'model_3': 'deactivated', 'model_4': 'activating', 'model_5': 'activating', 'model_6': 'deactivated'}
[2026-08-19 14:11:50.892 GPU_Scheduler_0] Waiting for models to be activated: {'model_1': 'activated', 'model_2': 'deactivated', 'model_3': 'deactivated', 'model_4': 'activating', 'model_5': 'activating', 'model_6': 'deactivated'}
[2026-08-19 14:11:50.902 GPU_Scheduler_0] Waiting for models to be activated: {'model_1': 'activated', 'model_2': 'deactivated', 'model_3': 'deactivated', 'model_4': 'activating', 'model_5': 'activating', 'model_6': 'deactivated'}
[2026-08-19 14:11:50.913 GPU_Scheduler_0] Waiting for models to be activated: {'model_1': 'activated', 'model_2': 'deactivated', 'model_3': 'deactivated', 'model_4': 'activating', 'model_5': 'activating', 'model_6': 'deactivated'}
[2026-08-19 14:11:50.923 GPU_Scheduler_0] Waiting for models to be activated: {'model_1': 'activated', 'model_2': 'deactivated', 'model_3': 'deactivated', 'model_4': 'activating', 'model_5': 'activating', 'model_6': 'deactivated'}
[2026-08-19 14:11:50.934 GPU_Scheduler_0] Waiting for models to be activated: {'model_1': 'activated', 'model_2': 'deactivated', 'model_3': 'deactivated', 'model_4': 'activating', 'model_5': 'activating', 'model_6': 'deactivated'}
[2026-08-19 14:11:50.945 GPU_Scheduler_0] Model model_4 (instance 0) activation succeeded on GPU 0
[2026-08-19 14:11:50.945 GPU_Scheduler_0] Waiting for models to be activated: {'model_1': 'activated', 'model_2': 'deactivated', 'model_3': 'deactivated', 'model_4': 'activated', 'model_5': 'activating', 'model_6': 'deactivated'}
[2026-08-19 14:11:50.956 GPU_Scheduler_0] Waiting for models to be activated: {'model_1': 'activated', 'model_2': 'deactivated', 'model_3': 'deactivated', 'model_4': 'activated', 'model_5': 'activating', 'model_6': 'deactivated'}
[2026-08-19 14:11:50.966 GPU_Scheduler_0] Waiting for models to be activated: {'model_1': 'activated', 'model_2': 'deactivated', 'model_3': 'deactivated', 'model_4': 'activated', 'model_5': 'activating', 'model_6': 'deactivated'}
[2026-08-19 14:11:50.977 GPU_Scheduler_0] Waiting for models to be activated: {'model_1': 'activated', 'model_2': 'deactivated', 'model_3': 'deactivated', 'model_4': 'activated', 'model_5': 'activating', 'model_6': 'deactivated'}
[2026-08-19 14:11:50.987 GPU_Scheduler_0] Waiting for models to be activated: {'model_1': 'activated', 'model_2': 'deactivated', 'model_3': 'deactivated', 'model_4': 'activated', 'model_5': 'activating', 'model_6': 'deactivated'}
[2026-08-19 14:11:50.998 GPU_Scheduler_0] Waiting for models to be activated: {'model_1': 'activated', 'model_2': 'deactivated', 'model_3': 'deactivated', 'model_4': 'activated', 'model_5': 'activating', 'model_6': 'deactivated'}
[2026-08-19 14:11:51.008 GPU_Scheduler_0] Waiting for models to be activated: {'model_1': 'activated', 'model_2': 'deactivated', 'model_3': 'deactivated', 'model_4': 'activated', 'model_5': 'activating', 'model_6': 'deactivated'}
[2026-08-19 14:11:51.019 GPU_Scheduler_0] Waiting for models to be activated: {'model_1': 'activated', 'model_2': 'deactivated', 'model_3': 'deactivated', 'model_4': 'activated', 'model_5': 'activating', 'model_6': 'deactivated'}
[2026-08-19 14:11:51.029 GPU_Scheduler_0] Waiting for models to be activated: {'model_1': 'activated', 'model_2': 'deactivated', 'model_3': 'deactivated', 'model_4': 'activated', 'model_5': 'activating', 'model_6': 'deactivated'}
[2026-08-19 14:11:51.040 GPU_Scheduler_0] Waiting for models to be activated: {'model_1': 'activated', 'model_2': 'deactivated', 'model_3': 'deactivated', 'model_4': 'activated', 'model_5': 'activating', 'model_6': 'deactivated'}
[2026-08-19 14:11:51.050 GPU_Scheduler_0] Waiting for models to be activated: {'model_1': 'activated', 'model_2': 'deactivated', 'model_3': 'deactivated', 'model_4': 'activated', 'model_5': 'activating', 'model_6': 'deactivated'}
[2026-08-19 14:11:51.061 GPU_Scheduler_0] Waiting for models to be activated: {'model_1': 'activated', 'model_2': 'deactivated', 'model_3': 'deactivated', 'model_4': 'activated', 'model_5': 'activating', 'model_6': 'deactivated'}
[2026-08-19 14:11:51.072 GPU_Scheduler_0] Waiting for models to be activated: {'model_1': 'activated', 'model_2': 'deactivated', 'model_3': 'deactivated', 'model_4': 'activated', 'model_5': 'activating', 'model_6': 'deactivated'}
[2026-08-19 14:11:51.082 GPU_Scheduler_0] Waiting for models to be activated: {'model_1': 'activated', 'model_2': 'deactivated', 'model_3': 'deactivated', 'model_4': 'activated', 'model_5': 'activating', 'model_6': 'deactivated'}
[2026-08-19 14:11:51.093 GPU_Scheduler_0] Waiting for models to be activated: {'model_1': 'activated', 'model_2': 'deactivated', 'model_3': 'deactivated', 'model_4': 'activated', 'model_5': 'activating', 'model_6': 'deactivated'}
[2026-08-19 14:11:51.104 GPU_Scheduler_0] Waiting for models to be activated: {'model_1': 'activated', 'model_2': 'deactivated', 'model_3': 'deactivated', 'model_4': 'activated', 'model_5': 'activating', 'model_6': 'deactivated'}
[2026-08-19 14:11:51.114 GPU_Scheduler_0] Waiting for models to be activated: {'model_1': 'activated', 'model_2': 'deactivated', 'model_3': 'deactivated', 'model_4': 'activated', 'model_5': 'activating', 'model_6': 'deactivated'}
[2026-08-19 14:11:51.125 GPU_Scheduler_0] Waiting for models to be activated: {'model_1': 'activated', 'model_2': 'deactivated', 'model_3': 'deactivated', 'model_4': 'activated', 'model_5': 'activating', 'model_6': 'deactivated'}
[2026-08-19 14:11:51.135 GPU_Scheduler_0] Waiting for models to be activated: {'model_1': 'activated', 'model_2': 'deactivated', 'model_3': 'deactivated', 'model_4': 'activated', 'model_5': 'activating', 'model_6': 'deactivated'}
[2026-08-19 14:11:51.146 GPU_Scheduler_0] Waiting for models to be activated: {'model_1': 'activated', 'model_2': 'deactivated', 'model_3': 'deactivated', 'model_4': 'activated', 'model_5': 'activating', 'model_6': 'deactivated'}
[2026-08-19 14:11:51.156 GPU_Scheduler_0] Waiting for models to be activated: {'model_1': 'activated', 'model_2': 'deactivated', 'model_3': 'deactivated', 'model_4': 'activated', 'model_5': 'activating', 'model_6': 'deactivated'}
[2026-08-19 14:11:51.167 GPU_Scheduler_0] Waiting for models to be activated: {'model_1': 'activated', 'model_2': 'deactivated', 'model_3': 'deactivated', 'model_4': 'activated', 'model_5': 'activating', 'model_6': 'deactivated'}
[2026-08-19 14:11:51.177 GPU_Scheduler_0] Waiting for models to be activated: {'model_1': 'activated', 'model_2': 'deactivated', 'model_3': 'deactivated', 'model_4': 'activated', 'model_5': 'activating', 'model_6': 'deactivated'}
[2026-08-19 14:11:51.188 GPU_Scheduler_0] Waiting for models to be activated: {'model_1': 'activated', 'model_2': 'deactivated', 'model_3': 'deactivated', 'model_4': 'activated', 'model_5': 'activating', 'model_6': 'deactivated'}
[2026-08-19 14:11:51.198 GPU_Scheduler_0] Waiting for models to be activated: {'model_1': 'activated', 'model_2': 'deactivated', 'model_3': 'deactivated', 'model_4': 'activated', 'model_5': 'activating', 'model_6': 'deactivated'}
[2026-08-19 14:11:51.209 GPU_Scheduler_0] Waiting for models to be activated: {'model_1': 'activated', 'model_2': 'deactivated', 'model_3': 'deactivated', 'model_4': 'activated', 'model_5': 'activating', 'model_6': 'deactivated'}
[2026-08-19 14:11:51.220 GPU_Scheduler_0] Waiting for models to be activated: {'model_1': 'activated', 'model_2': 'deactivated', 'model_3': 'deactivated', 'model_4': 'activated', 'model_5': 'activating', 'model_6': 'deactivated'}
[2026-08-19 14:11:51.230 GPU_Scheduler_0] Waiting for models to be activated: {'model_1': 'activated', 'model_2': 'deactivated', 'model_3': 'deactivated', 'model_4': 'activated', 'model_5': 'activating', 'model_6': 'deactivated'}
[2026-08-19 14:11:51.241 GPU_Scheduler_0] Waiting for models to be activated: {'model_1': 'activated', 'model_2': 'deactivated', 'model_3': 'deactivated', 'model_4': 'activated', 'model_5': 'activating', 'model_6': 'deactivated'}
[2026-08-19 14:11:51.251 GPU_Scheduler_0] Waiting for models to be activated: {'model_1': 'activated', 'model_2': 'deactivated', 'model_3': 'deactivated', 'model_4': 'activated', 'model_5': 'activating', 'model_6': 'deactivated'}
[2026-08-19 14:11:51.262 GPU_Scheduler_0] Waiting for models to be activated: {'model_1': 'activated', 'model_2': 'deactivated', 'model_3': 'deactivated', 'model_4': 'activated', 'model_5': 'activating', 'model_6': 'deactivated'}
[2026-08-19 14:11:51.272 GPU_Scheduler_0] Waiting for models to be activated: {'model_1': 'activated', 'model_2': 'deactivated', 'model_3': 'deactivated', 'model_4': 'activated', 'model_5': 'activating', 'model_6': 'deactivated'}
[2026-08-19 14:11:51.283 GPU_Scheduler_0] Waiting for models to be activated: {'model_1': 'activated', 'model_2': 'deactivated', 'model_3': 'deactivated', 'model_4': 'activated', 'model_5': 'activating', 'model_6': 'deactivated'}
[2026-08-19 14:11:51.293 GPU_Scheduler_0] Waiting for models to be activated: {'model_1': 'activated', 'model_2': 'deactivated', 'model_3': 'deactivated', 'model_4': 'activated', 'model_5': 'activating', 'model_6': 'deactivated'}
[2026-08-19 14:11:51.304 GPU_Scheduler_0] Waiting for models to be activated: {'model_1': 'activated', 'model_2': 'deactivated', 'model_3': 'deactivated', 'model_4': 'activated', 'model_5': 'activating', 'model_6': 'deactivated'}
[2026-08-19 14:11:51.315 GPU_Scheduler_0] Waiting for models to be activated: {'model_1': 'activated', 'model_2': 'deactivated', 'model_3': 'deactivated', 'model_4': 'activated', 'model_5': 'activating', 'model_6': 'deactivated'}
[2026-08-19 14:11:51.325 GPU_Scheduler_0] Waiting for models to be activated: {'model_1': 'activated', 'model_2': 'deactivated', 'model_3': 'deactivated', 'model_4': 'activated', 'model_5': 'activating', 'model_6': 'deactivated'}
[2026-08-19 14:11:51.336 GPU_Scheduler_0] Waiting for models to be activated: {'model_1': 'activated', 'model_2': 'deactivated', 'model_3': 'deactivated', 'model_4': 'activated', 'model_5': 'activating', 'model_6': 'deactivated'}
[2026-08-19 14:11:51.346 GPU_Scheduler_0] Waiting for models to be activated: {'model_1': 'activated', 'model_2': 'deactivated', 'model_3': 'deactivated', 'model_4': 'activated', 'model_5': 'activating', 'model_6': 'deactivated'}
[2026-08-19 14:11:51.357 GPU_Scheduler_0] Waiting for models to be activated: {'model_1': 'activated', 'model_2': 'deactivated', 'model_3': 'deactivated', 'model_4': 'activated', 'model_5': 'activating', 'model_6': 'deactivated'}
[2026-08-19 14:11:51.367 GPU_Scheduler_0] Waiting for models to be activated: {'model_1': 'activated', 'model_2': 'deactivated', 'model_3': 'deactivated', 'model_4': 'activated', 'model_5': 'activating', 'model_6': 'deactivated'}
[2026-08-19 14:11:51.378 GPU_Scheduler_0] Waiting for models to be activated: {'model_1': 'activated', 'model_2': 'deactivated', 'model_3': 'deactivated', 'model_4': 'activated', 'model_5': 'activating', 'model_6': 'deactivated'}
[2026-08-19 14:11:51.389 GPU_Scheduler_0] Model model_5 (instance 0) activation succeeded on GPU 0
[2026-08-19 14:12:01.494 GPU_Scheduler_1] starting GPU scheduler for GPU 1
[2026-08-19 14:12:01.496 GPU_Scheduler_1] [PAPER-ALG2] enabled=True prefill_speed_entries=6 log=/workspace/prism-exp/exp/results/paper-faithful-v4/tau-study/raw/paper-faithful-v4/bursty/rate_8/seed_2/server-logs/server.log.alg2_gpu1.jsonl
[2026-08-19 14:12:01.497 GPU_Scheduler_1] Model states init: {'model_1': 'deactivated', 'model_2': 'deactivated', 'model_3': 'deactivated', 'model_4': 'deactivated', 'model_5': 'deactivated', 'model_6': 'deactivated'}
[2026-08-19 14:12:01.540 GPU_Scheduler_1] Assign worker 0 to model_2. Current model_to_worker: {'model_2': 0}
[2026-08-19 14:12:01.540 GPU_Scheduler_1] Assign worker 1 to model_3. Current model_to_worker: {'model_2': 0, 'model_3': 1}
[2026-08-19 14:12:01.541 GPU_Scheduler_1] Assign worker 2 to model_6. Current model_to_worker: {'model_2': 0, 'model_3': 1, 'model_6': 2}
[2026-08-19 14:12:01.544 GPU_Scheduler_1] Waiting for models to be activated: {'model_1': 'deactivated', 'model_2': 'activating', 'model_3': 'activating', 'model_4': 'deactivated', 'model_5': 'deactivated', 'model_6': 'activating'}
[2026-08-19 14:12:01.554 GPU_Scheduler_1] Waiting for models to be activated: {'model_1': 'deactivated', 'model_2': 'activating', 'model_3': 'activating', 'model_4': 'deactivated', 'model_5': 'deactivated', 'model_6': 'activating'}
[2026-08-19 14:12:01.564 GPU_Scheduler_1] Waiting for models to be activated: {'model_1': 'deactivated', 'model_2': 'activating', 'model_3': 'activating', 'model_4': 'deactivated', 'model_5': 'deactivated', 'model_6': 'activating'}
[2026-08-19 14:12:01.575 GPU_Scheduler_1] Waiting for models to be activated: {'model_1': 'deactivated', 'model_2': 'activating', 'model_3': 'activating', 'model_4': 'deactivated', 'model_5': 'deactivated', 'model_6': 'activating'}
[2026-08-19 14:12:01.585 GPU_Scheduler_1] Waiting for models to be activated: {'model_1': 'deactivated', 'model_2': 'activating', 'model_3': 'activating', 'model_4': 'deactivated', 'model_5': 'deactivated', 'model_6': 'activating'}
[2026-08-19 14:12:01.596 GPU_Scheduler_1] Waiting for models to be activated: {'model_1': 'deactivated', 'model_2': 'activating', 'model_3': 'activating', 'model_4': 'deactivated', 'model_5': 'deactivated', 'model_6': 'activating'}
[2026-08-19 14:12:01.606 GPU_Scheduler_1] Waiting for models to be activated: {'model_1': 'deactivated', 'model_2': 'activating', 'model_3': 'activating', 'model_4': 'deactivated', 'model_5': 'deactivated', 'model_6': 'activating'}
[2026-08-19 14:12:01.616 GPU_Scheduler_1] Waiting for models to be activated: {'model_1': 'deactivated', 'model_2': 'activating', 'model_3': 'activating', 'model_4': 'deactivated', 'model_5': 'deactivated', 'model_6': 'activating'}
[2026-08-19 14:12:01.626 GPU_Scheduler_1] Waiting for models to be activated: {'model_1': 'deactivated', 'model_2': 'activating', 'model_3': 'activating', 'model_4': 'deactivated', 'model_5': 'deactivated', 'model_6': 'activating'}
[2026-08-19 14:12:01.637 GPU_Scheduler_1] Waiting for models to be activated: {'model_1': 'deactivated', 'model_2': 'activating', 'model_3': 'activating', 'model_4': 'deactivated', 'model_5': 'deactivated', 'model_6': 'activating'}
[2026-08-19 14:12:01.647 GPU_Scheduler_1] Waiting for models to be activated: {'model_1': 'deactivated', 'model_2': 'activating', 'model_3': 'activating', 'model_4': 'deactivated', 'model_5': 'deactivated', 'model_6': 'activating'}
[2026-08-19 14:12:01.658 GPU_Scheduler_1] Waiting for models to be activated: {'model_1': 'deactivated', 'model_2': 'activating', 'model_3': 'activating', 'model_4': 'deactivated', 'model_5': 'deactivated', 'model_6': 'activating'}
[2026-08-19 14:12:01.668 GPU_Scheduler_1] Waiting for models to be activated: {'model_1': 'deactivated', 'model_2': 'activating', 'model_3': 'activating', 'model_4': 'deactivated', 'model_5': 'deactivated', 'model_6': 'activating'}
[2026-08-19 14:12:01.679 GPU_Scheduler_1] Waiting for models to be activated: {'model_1': 'deactivated', 'model_2': 'activating', 'model_3': 'activating', 'model_4': 'deactivated', 'model_5': 'deactivated', 'model_6': 'activating'}
[2026-08-19 14:12:01.689 GPU_Scheduler_1] Waiting for models to be activated: {'model_1': 'deactivated', 'model_2': 'activating', 'model_3': 'activating', 'model_4': 'deactivated', 'model_5': 'deactivated', 'model_6': 'activating'}
[2026-08-19 14:12:01.700 GPU_Scheduler_1] Waiting for models to be activated: {'model_1': 'deactivated', 'model_2': 'activating', 'model_3': 'activating', 'model_4': 'deactivated', 'model_5': 'deactivated', 'model_6': 'activating'}
[2026-08-19 14:12:01.710 GPU_Scheduler_1] Waiting for models to be activated: {'model_1': 'deactivated', 'model_2': 'activating', 'model_3': 'activating', 'model_4': 'deactivated', 'model_5': 'deactivated', 'model_6': 'activating'}
[2026-08-19 14:12:01.721 GPU_Scheduler_1] Waiting for models to be activated: {'model_1': 'deactivated', 'model_2': 'activating', 'model_3': 'activating', 'model_4': 'deactivated', 'model_5': 'deactivated', 'model_6': 'activating'}
[2026-08-19 14:12:01.731 GPU_Scheduler_1] Waiting for models to be activated: {'model_1': 'deactivated', 'model_2': 'activating', 'model_3': 'activating', 'model_4': 'deactivated', 'model_5': 'deactivated', 'model_6': 'activating'}
[2026-08-19 14:12:01.741 GPU_Scheduler_1] Waiting for models to be activated: {'model_1': 'deactivated', 'model_2': 'activating', 'model_3': 'activating', 'model_4': 'deactivated', 'model_5': 'deactivated', 'model_6': 'activating'}
[2026-08-19 14:12:01.752 GPU_Scheduler_1] Waiting for models to be activated: {'model_1': 'deactivated', 'model_2': 'activating', 'model_3': 'activating', 'model_4': 'deactivated', 'model_5': 'deactivated', 'model_6': 'activating'}
[2026-08-19 14:12:01.762 GPU_Scheduler_1] Waiting for models to be activated: {'model_1': 'deactivated', 'model_2': 'activating', 'model_3': 'activating', 'model_4': 'deactivated', 'model_5': 'deactivated', 'model_6': 'activating'}
[2026-08-19 14:12:01.773 GPU_Scheduler_1] Waiting for models to be activated: {'model_1': 'deactivated', 'model_2': 'activating', 'model_3': 'activating', 'model_4': 'deactivated', 'model_5': 'deactivated', 'model_6': 'activating'}
[2026-08-19 14:12:01.783 GPU_Scheduler_1] Waiting for models to be activated: {'model_1': 'deactivated', 'model_2': 'activating', 'model_3': 'activating', 'model_4': 'deactivated', 'model_5': 'deactivated', 'model_6': 'activating'}
[2026-08-19 14:12:01.794 GPU_Scheduler_1] Waiting for models to be activated: {'model_1': 'deactivated', 'model_2': 'activating', 'model_3': 'activating', 'model_4': 'deactivated', 'model_5': 'deactivated', 'model_6': 'activating'}
[2026-08-19 14:12:01.804 GPU_Scheduler_1] Waiting for models to be activated: {'model_1': 'deactivated', 'model_2': 'activating', 'model_3': 'activating', 'model_4': 'deactivated', 'model_5': 'deactivated', 'model_6': 'activating'}
[2026-08-19 14:12:01.814 GPU_Scheduler_1] Waiting for models to be activated: {'model_1': 'deactivated', 'model_2': 'activating', 'model_3': 'activating', 'model_4': 'deactivated', 'model_5': 'deactivated', 'model_6': 'activating'}
[2026-08-19 14:12:01.825 GPU_Scheduler_1] Waiting for models to be activated: {'model_1': 'deactivated', 'model_2': 'activating', 'model_3': 'activating', 'model_4': 'deactivated', 'model_5': 'deactivated', 'model_6': 'activating'}
[2026-08-19 14:12:01.835 GPU_Scheduler_1] Waiting for models to be activated: {'model_1': 'deactivated', 'model_2': 'activating', 'model_3': 'activating', 'model_4': 'deactivated', 'model_5': 'deactivated', 'model_6': 'activating'}
[2026-08-19 14:12:01.846 GPU_Scheduler_1] Waiting for models to be activated: {'model_1': 'deactivated', 'model_2': 'activating', 'model_3': 'activating', 'model_4': 'deactivated', 'model_5': 'deactivated', 'model_6': 'activating'}
[2026-08-19 14:12:01.856 GPU_Scheduler_1] Waiting for models to be activated: {'model_1': 'deactivated', 'model_2': 'activating', 'model_3': 'activating', 'model_4': 'deactivated', 'model_5': 'deactivated', 'model_6': 'activating'}
[2026-08-19 14:12:01.867 GPU_Scheduler_1] Waiting for models to be activated: {'model_1': 'deactivated', 'model_2': 'activating', 'model_3': 'activating', 'model_4': 'deactivated', 'model_5': 'deactivated', 'model_6': 'activating'}
[2026-08-19 14:12:01.877 GPU_Scheduler_1] Waiting for models to be activated: {'model_1': 'deactivated', 'model_2': 'activating', 'model_3': 'activating', 'model_4': 'deactivated', 'model_5': 'deactivated', 'model_6': 'activating'}
[2026-08-19 14:12:01.887 GPU_Scheduler_1] Waiting for models to be activated: {'model_1': 'deactivated', 'model_2': 'activating', 'model_3': 'activating', 'model_4': 'deactivated', 'model_5': 'deactivated', 'model_6': 'activating'}
[2026-08-19 14:12:01.898 GPU_Scheduler_1] Waiting for models to be activated: {'model_1': 'deactivated', 'model_2': 'activating', 'model_3': 'activating', 'model_4': 'deactivated', 'model_5': 'deactivated', 'model_6': 'activating'}
[2026-08-19 14:12:01.908 GPU_Scheduler_1] Waiting for models to be activated: {'model_1': 'deactivated', 'model_2': 'activating', 'model_3': 'activating', 'model_4': 'deactivated', 'model_5': 'deactivated', 'model_6': 'activating'}
[2026-08-19 14:12:01.919 GPU_Scheduler_1] Waiting for models to be activated: {'model_1': 'deactivated', 'model_2': 'activating', 'model_3': 'activating', 'model_4': 'deactivated', 'model_5': 'deactivated', 'model_6': 'activating'}
[2026-08-19 14:12:01.929 GPU_Scheduler_1] Waiting for models to be activated: {'model_1': 'deactivated', 'model_2': 'activating', 'model_3': 'activating', 'model_4': 'deactivated', 'model_5': 'deactivated', 'model_6': 'activating'}
[2026-08-19 14:12:01.940 GPU_Scheduler_1] Waiting for models to be activated: {'model_1': 'deactivated', 'model_2': 'activating', 'model_3': 'activating', 'model_4': 'deactivated', 'model_5': 'deactivated', 'model_6': 'activating'}
[2026-08-19 14:12:01.950 GPU_Scheduler_1] Waiting for models to be activated: {'model_1': 'deactivated', 'model_2': 'activating', 'model_3': 'activating', 'model_4': 'deactivated', 'model_5': 'deactivated', 'model_6': 'activating'}
[2026-08-19 14:12:01.961 GPU_Scheduler_1] Waiting for models to be activated: {'model_1': 'deactivated', 'model_2': 'activating', 'model_3': 'activating', 'model_4': 'deactivated', 'model_5': 'deactivated', 'model_6': 'activating'}
[2026-08-19 14:12:01.971 GPU_Scheduler_1] Waiting for models to be activated: {'model_1': 'deactivated', 'model_2': 'activating', 'model_3': 'activating', 'model_4': 'deactivated', 'model_5': 'deactivated', 'model_6': 'activating'}
[2026-08-19 14:12:01.982 GPU_Scheduler_1] Waiting for models to be activated: {'model_1': 'deactivated', 'model_2': 'activating', 'model_3': 'activating', 'model_4': 'deactivated', 'model_5': 'deactivated', 'model_6': 'activating'}
[2026-08-19 14:12:01.992 GPU_Scheduler_1] Waiting for models to be activated: {'model_1': 'deactivated', 'model_2': 'activating', 'model_3': 'activating', 'model_4': 'deactivated', 'model_5': 'deactivated', 'model_6': 'activating'}
[2026-08-19 14:12:02.002 GPU_Scheduler_1] Waiting for models to be activated: {'model_1': 'deactivated', 'model_2': 'activating', 'model_3': 'activating', 'model_4': 'deactivated', 'model_5': 'deactivated', 'model_6': 'activating'}
[2026-08-19 14:12:02.013 GPU_Scheduler_1] Waiting for models to be activated: {'model_1': 'deactivated', 'model_2': 'activating', 'model_3': 'activating', 'model_4': 'deactivated', 'model_5': 'deactivated', 'model_6': 'activating'}
[2026-08-19 14:12:02.023 GPU_Scheduler_1] Waiting for models to be activated: {'model_1': 'deactivated', 'model_2': 'activating', 'model_3': 'activating', 'model_4': 'deactivated', 'model_5': 'deactivated', 'model_6': 'activating'}
[2026-08-19 14:12:02.034 GPU_Scheduler_1] Waiting for models to be activated: {'model_1': 'deactivated', 'model_2': 'activating', 'model_3': 'activating', 'model_4': 'deactivated', 'model_5': 'deactivated', 'model_6': 'activating'}
[2026-08-19 14:12:02.044 GPU_Scheduler_1] Waiting for models to be activated: {'model_1': 'deactivated', 'model_2': 'activating', 'model_3': 'activating', 'model_4': 'deactivated', 'model_5': 'deactivated', 'model_6': 'activating'}
[2026-08-19 14:12:02.054 GPU_Scheduler_1] Waiting for models to be activated: {'model_1': 'deactivated', 'model_2': 'activating', 'model_3': 'activating', 'model_4': 'deactivated', 'model_5': 'deactivated', 'model_6': 'activating'}
[2026-08-19 14:12:02.065 GPU_Scheduler_1] Waiting for models to be activated: {'model_1': 'deactivated', 'model_2': 'activating', 'model_3': 'activating', 'model_4': 'deactivated', 'model_5': 'deactivated', 'model_6': 'activating'}
[2026-08-19 14:12:02.075 GPU_Scheduler_1] Waiting for models to be activated: {'model_1': 'deactivated', 'model_2': 'activating', 'model_3': 'activating', 'model_4': 'deactivated', 'model_5': 'deactivated', 'model_6': 'activating'}
[2026-08-19 14:12:02.086 GPU_Scheduler_1] Waiting for models to be activated: {'model_1': 'deactivated', 'model_2': 'activating', 'model_3': 'activating', 'model_4': 'deactivated', 'model_5': 'deactivated', 'model_6': 'activating'}
[2026-08-19 14:12:02.096 GPU_Scheduler_1] Waiting for models to be activated: {'model_1': 'deactivated', 'model_2': 'activating', 'model_3': 'activating', 'model_4': 'deactivated', 'model_5': 'deactivated', 'model_6': 'activating'}
[2026-08-19 14:12:02.107 GPU_Scheduler_1] Waiting for models to be activated: {'model_1': 'deactivated', 'model_2': 'activating', 'model_3': 'activating', 'model_4': 'deactivated', 'model_5': 'deactivated', 'model_6': 'activating'}
[2026-08-19 14:12:02.117 GPU_Scheduler_1] Waiting for models to be activated: {'model_1': 'deactivated', 'model_2': 'activating', 'model_3': 'activating', 'model_4': 'deactivated', 'model_5': 'deactivated', 'model_6': 'activating'}
[2026-08-19 14:12:02.128 GPU_Scheduler_1] Waiting for models to be activated: {'model_1': 'deactivated', 'model_2': 'activating', 'model_3': 'activating', 'model_4': 'deactivated', 'model_5': 'deactivated', 'model_6': 'activating'}
[2026-08-19 14:12:02.138 GPU_Scheduler_1] Waiting for models to be activated: {'model_1': 'deactivated', 'model_2': 'activating', 'model_3': 'activating', 'model_4': 'deactivated', 'model_5': 'deactivated', 'model_6': 'activating'}
[2026-08-19 14:12:02.148 GPU_Scheduler_1] Waiting for models to be activated: {'model_1': 'deactivated', 'model_2': 'activating', 'model_3': 'activating', 'model_4': 'deactivated', 'model_5': 'deactivated', 'model_6': 'activating'}
[2026-08-19 14:12:02.159 GPU_Scheduler_1] Waiting for models to be activated: {'model_1': 'deactivated', 'model_2': 'activating', 'model_3': 'activating', 'model_4': 'deactivated', 'model_5': 'deactivated', 'model_6': 'activating'}
[2026-08-19 14:12:02.169 GPU_Scheduler_1] Waiting for models to be activated: {'model_1': 'deactivated', 'model_2': 'activating', 'model_3': 'activating', 'model_4': 'deactivated', 'model_5': 'deactivated', 'model_6': 'activating'}
[2026-08-19 14:12:02.180 GPU_Scheduler_1] Waiting for models to be activated: {'model_1': 'deactivated', 'model_2': 'activating', 'model_3': 'activating', 'model_4': 'deactivated', 'model_5': 'deactivated', 'model_6': 'activating'}
[2026-08-19 14:12:02.190 GPU_Scheduler_1] Waiting for models to be activated: {'model_1': 'deactivated', 'model_2': 'activating', 'model_3': 'activating', 'model_4': 'deactivated', 'model_5': 'deactivated', 'model_6': 'activating'}
[2026-08-19 14:12:02.201 GPU_Scheduler_1] Waiting for models to be activated: {'model_1': 'deactivated', 'model_2': 'activating', 'model_3': 'activating', 'model_4': 'deactivated', 'model_5': 'deactivated', 'model_6': 'activating'}
[2026-08-19 14:12:02.211 GPU_Scheduler_1] Waiting for models to be activated: {'model_1': 'deactivated', 'model_2': 'activating', 'model_3': 'activating', 'model_4': 'deactivated', 'model_5': 'deactivated', 'model_6': 'activating'}
[2026-08-19 14:12:02.222 GPU_Scheduler_1] Waiting for models to be activated: {'model_1': 'deactivated', 'model_2': 'activating', 'model_3': 'activating', 'model_4': 'deactivated', 'model_5': 'deactivated', 'model_6': 'activating'}
[2026-08-19 14:12:02.232 GPU_Scheduler_1] Waiting for models to be activated: {'model_1': 'deactivated', 'model_2': 'activating', 'model_3': 'activating', 'model_4': 'deactivated', 'model_5': 'deactivated', 'model_6': 'activating'}
[2026-08-19 14:12:02.243 GPU_Scheduler_1] Waiting for models to be activated: {'model_1': 'deactivated', 'model_2': 'activating', 'model_3': 'activating', 'model_4': 'deactivated', 'model_5': 'deactivated', 'model_6': 'activating'}
[2026-08-19 14:12:02.253 GPU_Scheduler_1] Waiting for models to be activated: {'model_1': 'deactivated', 'model_2': 'activating', 'model_3': 'activating', 'model_4': 'deactivated', 'model_5': 'deactivated', 'model_6': 'activating'}
[2026-08-19 14:12:02.263 GPU_Scheduler_1] Waiting for models to be activated: {'model_1': 'deactivated', 'model_2': 'activating', 'model_3': 'activating', 'model_4': 'deactivated', 'model_5': 'deactivated', 'model_6': 'activating'}
[2026-08-19 14:12:02.274 GPU_Scheduler_1] Waiting for models to be activated: {'model_1': 'deactivated', 'model_2': 'activating', 'model_3': 'activating', 'model_4': 'deactivated', 'model_5': 'deactivated', 'model_6': 'activating'}
[2026-08-19 14:12:02.284 GPU_Scheduler_1] Waiting for models to be activated: {'model_1': 'deactivated', 'model_2': 'activating', 'model_3': 'activating', 'model_4': 'deactivated', 'model_5': 'deactivated', 'model_6': 'activating'}
[2026-08-19 14:12:02.294 GPU_Scheduler_1] Waiting for models to be activated: {'model_1': 'deactivated', 'model_2': 'activating', 'model_3': 'activating', 'model_4': 'deactivated', 'model_5': 'deactivated', 'model_6': 'activating'}
[2026-08-19 14:12:02.305 GPU_Scheduler_1] Waiting for models to be activated: {'model_1': 'deactivated', 'model_2': 'activating', 'model_3': 'activating', 'model_4': 'deactivated', 'model_5': 'deactivated', 'model_6': 'activating'}
[2026-08-19 14:12:02.315 GPU_Scheduler_1] Waiting for models to be activated: {'model_1': 'deactivated', 'model_2': 'activating', 'model_3': 'activating', 'model_4': 'deactivated', 'model_5': 'deactivated', 'model_6': 'activating'}
[2026-08-19 14:12:02.325 GPU_Scheduler_1] Waiting for models to be activated: {'model_1': 'deactivated', 'model_2': 'activating', 'model_3': 'activating', 'model_4': 'deactivated', 'model_5': 'deactivated', 'model_6': 'activating'}
[2026-08-19 14:12:02.335 GPU_Scheduler_1] Waiting for models to be activated: {'model_1': 'deactivated', 'model_2': 'activating', 'model_3': 'activating', 'model_4': 'deactivated', 'model_5': 'deactivated', 'model_6': 'activating'}
[2026-08-19 14:12:02.346 GPU_Scheduler_1] Waiting for models to be activated: {'model_1': 'deactivated', 'model_2': 'activating', 'model_3': 'activating', 'model_4': 'deactivated', 'model_5': 'deactivated', 'model_6': 'activating'}
[2026-08-19 14:12:02.356 GPU_Scheduler_1] Waiting for models to be activated: {'model_1': 'deactivated', 'model_2': 'activating', 'model_3': 'activating', 'model_4': 'deactivated', 'model_5': 'deactivated', 'model_6': 'activating'}
[2026-08-19 14:12:02.367 GPU_Scheduler_1] Waiting for models to be activated: {'model_1': 'deactivated', 'model_2': 'activating', 'model_3': 'activating', 'model_4': 'deactivated', 'model_5': 'deactivated', 'model_6': 'activating'}
[2026-08-19 14:12:02.377 GPU_Scheduler_1] Waiting for models to be activated: {'model_1': 'deactivated', 'model_2': 'activating', 'model_3': 'activating', 'model_4': 'deactivated', 'model_5': 'deactivated', 'model_6': 'activating'}
[2026-08-19 14:12:02.388 GPU_Scheduler_1] Waiting for models to be activated: {'model_1': 'deactivated', 'model_2': 'activating', 'model_3': 'activating', 'model_4': 'deactivated', 'model_5': 'deactivated', 'model_6': 'activating'}
[2026-08-19 14:12:02.398 GPU_Scheduler_1] Waiting for models to be activated: {'model_1': 'deactivated', 'model_2': 'activating', 'model_3': 'activating', 'model_4': 'deactivated', 'model_5': 'deactivated', 'model_6': 'activating'}
[2026-08-19 14:12:02.409 GPU_Scheduler_1] Waiting for models to be activated: {'model_1': 'deactivated', 'model_2': 'activating', 'model_3': 'activating', 'model_4': 'deactivated', 'model_5': 'deactivated', 'model_6': 'activating'}
[2026-08-19 14:12:02.419 GPU_Scheduler_1] Waiting for models to be activated: {'model_1': 'deactivated', 'model_2': 'activating', 'model_3': 'activating', 'model_4': 'deactivated', 'model_5': 'deactivated', 'model_6': 'activating'}
[2026-08-19 14:12:02.430 GPU_Scheduler_1] Waiting for models to be activated: {'model_1': 'deactivated', 'model_2': 'activating', 'model_3': 'activating', 'model_4': 'deactivated', 'model_5': 'deactivated', 'model_6': 'activating'}
[2026-08-19 14:12:02.440 GPU_Scheduler_1] Waiting for models to be activated: {'model_1': 'deactivated', 'model_2': 'activating', 'model_3': 'activating', 'model_4': 'deactivated', 'model_5': 'deactivated', 'model_6': 'activating'}
[2026-08-19 14:12:02.450 GPU_Scheduler_1] Waiting for models to be activated: {'model_1': 'deactivated', 'model_2': 'activating', 'model_3': 'activating', 'model_4': 'deactivated', 'model_5': 'deactivated', 'model_6': 'activating'}
[2026-08-19 14:12:02.461 GPU_Scheduler_1] Waiting for models to be activated: {'model_1': 'deactivated', 'model_2': 'activating', 'model_3': 'activating', 'model_4': 'deactivated', 'model_5': 'deactivated', 'model_6': 'activating'}
[2026-08-19 14:12:02.471 GPU_Scheduler_1] Waiting for models to be activated: {'model_1': 'deactivated', 'model_2': 'activating', 'model_3': 'activating', 'model_4': 'deactivated', 'model_5': 'deactivated', 'model_6': 'activating'}
[2026-08-19 14:12:02.482 GPU_Scheduler_1] Waiting for models to be activated: {'model_1': 'deactivated', 'model_2': 'activating', 'model_3': 'activating', 'model_4': 'deactivated', 'model_5': 'deactivated', 'model_6': 'activating'}
[2026-08-19 14:12:02.492 GPU_Scheduler_1] Waiting for models to be activated: {'model_1': 'deactivated', 'model_2': 'activating', 'model_3': 'activating', 'model_4': 'deactivated', 'model_5': 'deactivated', 'model_6': 'activating'}
[2026-08-19 14:12:02.503 GPU_Scheduler_1] Waiting for models to be activated: {'model_1': 'deactivated', 'model_2': 'activating', 'model_3': 'activating', 'model_4': 'deactivated', 'model_5': 'deactivated', 'model_6': 'activating'}
[2026-08-19 14:12:02.513 GPU_Scheduler_1] Waiting for models to be activated: {'model_1': 'deactivated', 'model_2': 'activating', 'model_3': 'activating', 'model_4': 'deactivated', 'model_5': 'deactivated', 'model_6': 'activating'}
[2026-08-19 14:12:02.524 GPU_Scheduler_1] Waiting for models to be activated: {'model_1': 'deactivated', 'model_2': 'activating', 'model_3': 'activating', 'model_4': 'deactivated', 'model_5': 'deactivated', 'model_6': 'activating'}
[2026-08-19 14:12:02.534 GPU_Scheduler_1] Waiting for models to be activated: {'model_1': 'deactivated', 'model_2': 'activating', 'model_3': 'activating', 'model_4': 'deactivated', 'model_5': 'deactivated', 'model_6': 'activating'}
[2026-08-19 14:12:02.545 GPU_Scheduler_1] Waiting for models to be activated: {'model_1': 'deactivated', 'model_2': 'activating', 'model_3': 'activating', 'model_4': 'deactivated', 'model_5': 'deactivated', 'model_6': 'activating'}
[2026-08-19 14:12:02.555 GPU_Scheduler_1] Waiting for models to be activated: {'model_1': 'deactivated', 'model_2': 'activating', 'model_3': 'activating', 'model_4': 'deactivated', 'model_5': 'deactivated', 'model_6': 'activating'}
[2026-08-19 14:12:02.566 GPU_Scheduler_1] Waiting for models to be activated: {'model_1': 'deactivated', 'model_2': 'activating', 'model_3': 'activating', 'model_4': 'deactivated', 'model_5': 'deactivated', 'model_6': 'activating'}
[2026-08-19 14:12:02.576 GPU_Scheduler_1] Waiting for models to be activated: {'model_1': 'deactivated', 'model_2': 'activating', 'model_3': 'activating', 'model_4': 'deactivated', 'model_5': 'deactivated', 'model_6': 'activating'}
[2026-08-19 14:12:02.587 GPU_Scheduler_1] Waiting for models to be activated: {'model_1': 'deactivated', 'model_2': 'activating', 'model_3': 'activating', 'model_4': 'deactivated', 'model_5': 'deactivated', 'model_6': 'activating'}
[2026-08-19 14:12:02.597 GPU_Scheduler_1] Waiting for models to be activated: {'model_1': 'deactivated', 'model_2': 'activating', 'model_3': 'activating', 'model_4': 'deactivated', 'model_5': 'deactivated', 'model_6': 'activating'}
[2026-08-19 14:12:02.608 GPU_Scheduler_1] Waiting for models to be activated: {'model_1': 'deactivated', 'model_2': 'activating', 'model_3': 'activating', 'model_4': 'deactivated', 'model_5': 'deactivated', 'model_6': 'activating'}
[2026-08-19 14:12:02.618 GPU_Scheduler_1] Waiting for models to be activated: {'model_1': 'deactivated', 'model_2': 'activating', 'model_3': 'activating', 'model_4': 'deactivated', 'model_5': 'deactivated', 'model_6': 'activating'}
[2026-08-19 14:12:02.629 GPU_Scheduler_1] Waiting for models to be activated: {'model_1': 'deactivated', 'model_2': 'activating', 'model_3': 'activating', 'model_4': 'deactivated', 'model_5': 'deactivated', 'model_6': 'activating'}
[2026-08-19 14:12:02.639 GPU_Scheduler_1] Waiting for models to be activated: {'model_1': 'deactivated', 'model_2': 'activating', 'model_3': 'activating', 'model_4': 'deactivated', 'model_5': 'deactivated', 'model_6': 'activating'}
[2026-08-19 14:12:02.650 GPU_Scheduler_1] Waiting for models to be activated: {'model_1': 'deactivated', 'model_2': 'activating', 'model_3': 'activating', 'model_4': 'deactivated', 'model_5': 'deactivated', 'model_6': 'activating'}
[2026-08-19 14:12:02.660 GPU_Scheduler_1] Waiting for models to be activated: {'model_1': 'deactivated', 'model_2': 'activating', 'model_3': 'activating', 'model_4': 'deactivated', 'model_5': 'deactivated', 'model_6': 'activating'}
[2026-08-19 14:12:02.671 GPU_Scheduler_1] Waiting for models to be activated: {'model_1': 'deactivated', 'model_2': 'activating', 'model_3': 'activating', 'model_4': 'deactivated', 'model_5': 'deactivated', 'model_6': 'activating'}
[2026-08-19 14:12:02.681 GPU_Scheduler_1] Waiting for models to be activated: {'model_1': 'deactivated', 'model_2': 'activating', 'model_3': 'activating', 'model_4': 'deactivated', 'model_5': 'deactivated', 'model_6': 'activating'}
[2026-08-19 14:12:02.692 GPU_Scheduler_1] Waiting for models to be activated: {'model_1': 'deactivated', 'model_2': 'activating', 'model_3': 'activating', 'model_4': 'deactivated', 'model_5': 'deactivated', 'model_6': 'activating'}
[2026-08-19 14:12:02.702 GPU_Scheduler_1] Waiting for models to be activated: {'model_1': 'deactivated', 'model_2': 'activating', 'model_3': 'activating', 'model_4': 'deactivated', 'model_5': 'deactivated', 'model_6': 'activating'}
[2026-08-19 14:12:02.713 GPU_Scheduler_1] Waiting for models to be activated: {'model_1': 'deactivated', 'model_2': 'activating', 'model_3': 'activating', 'model_4': 'deactivated', 'model_5': 'deactivated', 'model_6': 'activating'}
[2026-08-19 14:12:02.723 GPU_Scheduler_1] Waiting for models to be activated: {'model_1': 'deactivated', 'model_2': 'activating', 'model_3': 'activating', 'model_4': 'deactivated', 'model_5': 'deactivated', 'model_6': 'activating'}
[2026-08-19 14:12:02.734 GPU_Scheduler_1] Waiting for models to be activated: {'model_1': 'deactivated', 'model_2': 'activating', 'model_3': 'activating', 'model_4': 'deactivated', 'model_5': 'deactivated', 'model_6': 'activating'}
[2026-08-19 14:12:02.744 GPU_Scheduler_1] Waiting for models to be activated: {'model_1': 'deactivated', 'model_2': 'activating', 'model_3': 'activating', 'model_4': 'deactivated', 'model_5': 'deactivated', 'model_6': 'activating'}
[2026-08-19 14:12:02.755 GPU_Scheduler_1] Waiting for models to be activated: {'model_1': 'deactivated', 'model_2': 'activating', 'model_3': 'activating', 'model_4': 'deactivated', 'model_5': 'deactivated', 'model_6': 'activating'}
[2026-08-19 14:12:02.765 GPU_Scheduler_1] Waiting for models to be activated: {'model_1': 'deactivated', 'model_2': 'activating', 'model_3': 'activating', 'model_4': 'deactivated', 'model_5': 'deactivated', 'model_6': 'activating'}
[2026-08-19 14:12:02.776 GPU_Scheduler_1] Waiting for models to be activated: {'model_1': 'deactivated', 'model_2': 'activating', 'model_3': 'activating', 'model_4': 'deactivated', 'model_5': 'deactivated', 'model_6': 'activating'}
[2026-08-19 14:12:02.786 GPU_Scheduler_1] Waiting for models to be activated: {'model_1': 'deactivated', 'model_2': 'activating', 'model_3': 'activating', 'model_4': 'deactivated', 'model_5': 'deactivated', 'model_6': 'activating'}
[2026-08-19 14:12:02.797 GPU_Scheduler_1] Waiting for models to be activated: {'model_1': 'deactivated', 'model_2': 'activating', 'model_3': 'activating', 'model_4': 'deactivated', 'model_5': 'deactivated', 'model_6': 'activating'}
[2026-08-19 14:12:02.807 GPU_Scheduler_1] Waiting for models to be activated: {'model_1': 'deactivated', 'model_2': 'activating', 'model_3': 'activating', 'model_4': 'deactivated', 'model_5': 'deactivated', 'model_6': 'activating'}
[2026-08-19 14:12:02.818 GPU_Scheduler_1] Waiting for models to be activated: {'model_1': 'deactivated', 'model_2': 'activating', 'model_3': 'activating', 'model_4': 'deactivated', 'model_5': 'deactivated', 'model_6': 'activating'}
[2026-08-19 14:12:02.828 GPU_Scheduler_1] Waiting for models to be activated: {'model_1': 'deactivated', 'model_2': 'activating', 'model_3': 'activating', 'model_4': 'deactivated', 'model_5': 'deactivated', 'model_6': 'activating'}
[2026-08-19 14:12:02.839 GPU_Scheduler_1] Waiting for models to be activated: {'model_1': 'deactivated', 'model_2': 'activating', 'model_3': 'activating', 'model_4': 'deactivated', 'model_5': 'deactivated', 'model_6': 'activating'}
[2026-08-19 14:12:02.849 GPU_Scheduler_1] Waiting for models to be activated: {'model_1': 'deactivated', 'model_2': 'activating', 'model_3': 'activating', 'model_4': 'deactivated', 'model_5': 'deactivated', 'model_6': 'activating'}
[2026-08-19 14:12:02.859 GPU_Scheduler_1] Waiting for models to be activated: {'model_1': 'deactivated', 'model_2': 'activating', 'model_3': 'activating', 'model_4': 'deactivated', 'model_5': 'deactivated', 'model_6': 'activating'}
[2026-08-19 14:12:02.870 GPU_Scheduler_1] Waiting for models to be activated: {'model_1': 'deactivated', 'model_2': 'activating', 'model_3': 'activating', 'model_4': 'deactivated', 'model_5': 'deactivated', 'model_6': 'activating'}
[2026-08-19 14:12:02.880 GPU_Scheduler_1] Waiting for models to be activated: {'model_1': 'deactivated', 'model_2': 'activating', 'model_3': 'activating', 'model_4': 'deactivated', 'model_5': 'deactivated', 'model_6': 'activating'}
[2026-08-19 14:12:02.890 GPU_Scheduler_1] Waiting for models to be activated: {'model_1': 'deactivated', 'model_2': 'activating', 'model_3': 'activating', 'model_4': 'deactivated', 'model_5': 'deactivated', 'model_6': 'activating'}
[2026-08-19 14:12:02.900 GPU_Scheduler_1] Waiting for models to be activated: {'model_1': 'deactivated', 'model_2': 'activating', 'model_3': 'activating', 'model_4': 'deactivated', 'model_5': 'deactivated', 'model_6': 'activating'}
[2026-08-19 14:12:02.910 GPU_Scheduler_1] Waiting for models to be activated: {'model_1': 'deactivated', 'model_2': 'activating', 'model_3': 'activating', 'model_4': 'deactivated', 'model_5': 'deactivated', 'model_6': 'activating'}
[2026-08-19 14:12:02.921 GPU_Scheduler_1] Waiting for models to be activated: {'model_1': 'deactivated', 'model_2': 'activating', 'model_3': 'activating', 'model_4': 'deactivated', 'model_5': 'deactivated', 'model_6': 'activating'}
[2026-08-19 14:12:02.931 GPU_Scheduler_1] Waiting for models to be activated: {'model_1': 'deactivated', 'model_2': 'activating', 'model_3': 'activating', 'model_4': 'deactivated', 'model_5': 'deactivated', 'model_6': 'activating'}
[2026-08-19 14:12:02.941 GPU_Scheduler_1] Waiting for models to be activated: {'model_1': 'deactivated', 'model_2': 'activating', 'model_3': 'activating', 'model_4': 'deactivated', 'model_5': 'deactivated', 'model_6': 'activating'}
[2026-08-19 14:12:02.951 GPU_Scheduler_1] Waiting for models to be activated: {'model_1': 'deactivated', 'model_2': 'activating', 'model_3': 'activating', 'model_4': 'deactivated', 'model_5': 'deactivated', 'model_6': 'activating'}
[2026-08-19 14:12:02.962 GPU_Scheduler_1] Waiting for models to be activated: {'model_1': 'deactivated', 'model_2': 'activating', 'model_3': 'activating', 'model_4': 'deactivated', 'model_5': 'deactivated', 'model_6': 'activating'}
[2026-08-19 14:12:02.972 GPU_Scheduler_1] Waiting for models to be activated: {'model_1': 'deactivated', 'model_2': 'activating', 'model_3': 'activating', 'model_4': 'deactivated', 'model_5': 'deactivated', 'model_6': 'activating'}
[2026-08-19 14:12:02.982 GPU_Scheduler_1] Waiting for models to be activated: {'model_1': 'deactivated', 'model_2': 'activating', 'model_3': 'activating', 'model_4': 'deactivated', 'model_5': 'deactivated', 'model_6': 'activating'}
[2026-08-19 14:12:02.992 GPU_Scheduler_1] Waiting for models to be activated: {'model_1': 'deactivated', 'model_2': 'activating', 'model_3': 'activating', 'model_4': 'deactivated', 'model_5': 'deactivated', 'model_6': 'activating'}
[2026-08-19 14:12:03.003 GPU_Scheduler_1] Waiting for models to be activated: {'model_1': 'deactivated', 'model_2': 'activating', 'model_3': 'activating', 'model_4': 'deactivated', 'model_5': 'deactivated', 'model_6': 'activating'}
[2026-08-19 14:12:03.013 GPU_Scheduler_1] Waiting for models to be activated: {'model_1': 'deactivated', 'model_2': 'activating', 'model_3': 'activating', 'model_4': 'deactivated', 'model_5': 'deactivated', 'model_6': 'activating'}
[2026-08-19 14:12:03.024 GPU_Scheduler_1] Waiting for models to be activated: {'model_1': 'deactivated', 'model_2': 'activating', 'model_3': 'activating', 'model_4': 'deactivated', 'model_5': 'deactivated', 'model_6': 'activating'}
[2026-08-19 14:12:03.034 GPU_Scheduler_1] Waiting for models to be activated: {'model_1': 'deactivated', 'model_2': 'activating', 'model_3': 'activating', 'model_4': 'deactivated', 'model_5': 'deactivated', 'model_6': 'activating'}
[2026-08-19 14:12:03.044 GPU_Scheduler_1] Waiting for models to be activated: {'model_1': 'deactivated', 'model_2': 'activating', 'model_3': 'activating', 'model_4': 'deactivated', 'model_5': 'deactivated', 'model_6': 'activating'}
[2026-08-19 14:12:03.055 GPU_Scheduler_1] Waiting for models to be activated: {'model_1': 'deactivated', 'model_2': 'activating', 'model_3': 'activating', 'model_4': 'deactivated', 'model_5': 'deactivated', 'model_6': 'activating'}
[2026-08-19 14:12:03.065 GPU_Scheduler_1] Waiting for models to be activated: {'model_1': 'deactivated', 'model_2': 'activating', 'model_3': 'activating', 'model_4': 'deactivated', 'model_5': 'deactivated', 'model_6': 'activating'}
[2026-08-19 14:12:03.076 GPU_Scheduler_1] Waiting for models to be activated: {'model_1': 'deactivated', 'model_2': 'activating', 'model_3': 'activating', 'model_4': 'deactivated', 'model_5': 'deactivated', 'model_6': 'activating'}
[2026-08-19 14:12:03.086 GPU_Scheduler_1] Waiting for models to be activated: {'model_1': 'deactivated', 'model_2': 'activating', 'model_3': 'activating', 'model_4': 'deactivated', 'model_5': 'deactivated', 'model_6': 'activating'}
[2026-08-19 14:12:03.097 GPU_Scheduler_1] Waiting for models to be activated: {'model_1': 'deactivated', 'model_2': 'activating', 'model_3': 'activating', 'model_4': 'deactivated', 'model_5': 'deactivated', 'model_6': 'activating'}
[2026-08-19 14:12:03.107 GPU_Scheduler_1] Waiting for models to be activated: {'model_1': 'deactivated', 'model_2': 'activating', 'model_3': 'activating', 'model_4': 'deactivated', 'model_5': 'deactivated', 'model_6': 'activating'}
[2026-08-19 14:12:03.118 GPU_Scheduler_1] Waiting for models to be activated: {'model_1': 'deactivated', 'model_2': 'activating', 'model_3': 'activating', 'model_4': 'deactivated', 'model_5': 'deactivated', 'model_6': 'activating'}
[2026-08-19 14:12:03.128 GPU_Scheduler_1] Waiting for models to be activated: {'model_1': 'deactivated', 'model_2': 'activating', 'model_3': 'activating', 'model_4': 'deactivated', 'model_5': 'deactivated', 'model_6': 'activating'}
[2026-08-19 14:12:03.139 GPU_Scheduler_1] Waiting for models to be activated: {'model_1': 'deactivated', 'model_2': 'activating', 'model_3': 'activating', 'model_4': 'deactivated', 'model_5': 'deactivated', 'model_6': 'activating'}
[2026-08-19 14:12:03.149 GPU_Scheduler_1] Waiting for models to be activated: {'model_1': 'deactivated', 'model_2': 'activating', 'model_3': 'activating', 'model_4': 'deactivated', 'model_5': 'deactivated', 'model_6': 'activating'}
[2026-08-19 14:12:03.160 GPU_Scheduler_1] Waiting for models to be activated: {'model_1': 'deactivated', 'model_2': 'activating', 'model_3': 'activating', 'model_4': 'deactivated', 'model_5': 'deactivated', 'model_6': 'activating'}
[2026-08-19 14:12:03.170 GPU_Scheduler_1] Waiting for models to be activated: {'model_1': 'deactivated', 'model_2': 'activating', 'model_3': 'activating', 'model_4': 'deactivated', 'model_5': 'deactivated', 'model_6': 'activating'}
[2026-08-19 14:12:03.181 GPU_Scheduler_1] Waiting for models to be activated: {'model_1': 'deactivated', 'model_2': 'activating', 'model_3': 'activating', 'model_4': 'deactivated', 'model_5': 'deactivated', 'model_6': 'activating'}
[2026-08-19 14:12:03.191 GPU_Scheduler_1] Waiting for models to be activated: {'model_1': 'deactivated', 'model_2': 'activating', 'model_3': 'activating', 'model_4': 'deactivated', 'model_5': 'deactivated', 'model_6': 'activating'}
[2026-08-19 14:12:03.202 GPU_Scheduler_1] Waiting for models to be activated: {'model_1': 'deactivated', 'model_2': 'activating', 'model_3': 'activating', 'model_4': 'deactivated', 'model_5': 'deactivated', 'model_6': 'activating'}
[2026-08-19 14:12:03.212 GPU_Scheduler_1] Waiting for models to be activated: {'model_1': 'deactivated', 'model_2': 'activating', 'model_3': 'activating', 'model_4': 'deactivated', 'model_5': 'deactivated', 'model_6': 'activating'}
[2026-08-19 14:12:03.223 GPU_Scheduler_1] Waiting for models to be activated: {'model_1': 'deactivated', 'model_2': 'activating', 'model_3': 'activating', 'model_4': 'deactivated', 'model_5': 'deactivated', 'model_6': 'activating'}
[2026-08-19 14:12:03.233 GPU_Scheduler_1] Waiting for models to be activated: {'model_1': 'deactivated', 'model_2': 'activating', 'model_3': 'activating', 'model_4': 'deactivated', 'model_5': 'deactivated', 'model_6': 'activating'}
[2026-08-19 14:12:03.244 GPU_Scheduler_1] Waiting for models to be activated: {'model_1': 'deactivated', 'model_2': 'activating', 'model_3': 'activating', 'model_4': 'deactivated', 'model_5': 'deactivated', 'model_6': 'activating'}
[2026-08-19 14:12:03.254 GPU_Scheduler_1] Waiting for models to be activated: {'model_1': 'deactivated', 'model_2': 'activating', 'model_3': 'activating', 'model_4': 'deactivated', 'model_5': 'deactivated', 'model_6': 'activating'}
[2026-08-19 14:12:03.265 GPU_Scheduler_1] Waiting for models to be activated: {'model_1': 'deactivated', 'model_2': 'activating', 'model_3': 'activating', 'model_4': 'deactivated', 'model_5': 'deactivated', 'model_6': 'activating'}
[2026-08-19 14:12:03.275 GPU_Scheduler_1] Waiting for models to be activated: {'model_1': 'deactivated', 'model_2': 'activating', 'model_3': 'activating', 'model_4': 'deactivated', 'model_5': 'deactivated', 'model_6': 'activating'}
[2026-08-19 14:12:03.286 GPU_Scheduler_1] Waiting for models to be activated: {'model_1': 'deactivated', 'model_2': 'activating', 'model_3': 'activating', 'model_4': 'deactivated', 'model_5': 'deactivated', 'model_6': 'activating'}
[2026-08-19 14:12:03.297 GPU_Scheduler_1] Waiting for models to be activated: {'model_1': 'deactivated', 'model_2': 'activating', 'model_3': 'activating', 'model_4': 'deactivated', 'model_5': 'deactivated', 'model_6': 'activating'}
[2026-08-19 14:12:03.307 GPU_Scheduler_1] Waiting for models to be activated: {'model_1': 'deactivated', 'model_2': 'activating', 'model_3': 'activating', 'model_4': 'deactivated', 'model_5': 'deactivated', 'model_6': 'activating'}
[2026-08-19 14:12:03.318 GPU_Scheduler_1] Waiting for models to be activated: {'model_1': 'deactivated', 'model_2': 'activating', 'model_3': 'activating', 'model_4': 'deactivated', 'model_5': 'deactivated', 'model_6': 'activating'}
[2026-08-19 14:12:03.328 GPU_Scheduler_1] Waiting for models to be activated: {'model_1': 'deactivated', 'model_2': 'activating', 'model_3': 'activating', 'model_4': 'deactivated', 'model_5': 'deactivated', 'model_6': 'activating'}
[2026-08-19 14:12:03.339 GPU_Scheduler_1] Waiting for models to be activated: {'model_1': 'deactivated', 'model_2': 'activating', 'model_3': 'activating', 'model_4': 'deactivated', 'model_5': 'deactivated', 'model_6': 'activating'}
[2026-08-19 14:12:03.350 GPU_Scheduler_1] Waiting for models to be activated: {'model_1': 'deactivated', 'model_2': 'activating', 'model_3': 'activating', 'model_4': 'deactivated', 'model_5': 'deactivated', 'model_6': 'activating'}
[2026-08-19 14:12:03.360 GPU_Scheduler_1] Waiting for models to be activated: {'model_1': 'deactivated', 'model_2': 'activating', 'model_3': 'activating', 'model_4': 'deactivated', 'model_5': 'deactivated', 'model_6': 'activating'}
[2026-08-19 14:12:03.371 GPU_Scheduler_1] Waiting for models to be activated: {'model_1': 'deactivated', 'model_2': 'activating', 'model_3': 'activating', 'model_4': 'deactivated', 'model_5': 'deactivated', 'model_6': 'activating'}
[2026-08-19 14:12:03.381 GPU_Scheduler_1] Waiting for models to be activated: {'model_1': 'deactivated', 'model_2': 'activating', 'model_3': 'activating', 'model_4': 'deactivated', 'model_5': 'deactivated', 'model_6': 'activating'}
[2026-08-19 14:12:03.392 GPU_Scheduler_1] Waiting for models to be activated: {'model_1': 'deactivated', 'model_2': 'activating', 'model_3': 'activating', 'model_4': 'deactivated', 'model_5': 'deactivated', 'model_6': 'activating'}
[2026-08-19 14:12:03.402 GPU_Scheduler_1] Waiting for models to be activated: {'model_1': 'deactivated', 'model_2': 'activating', 'model_3': 'activating', 'model_4': 'deactivated', 'model_5': 'deactivated', 'model_6': 'activating'}
[2026-08-19 14:12:03.412 GPU_Scheduler_1] Waiting for models to be activated: {'model_1': 'deactivated', 'model_2': 'activating', 'model_3': 'activating', 'model_4': 'deactivated', 'model_5': 'deactivated', 'model_6': 'activating'}
[2026-08-19 14:12:03.422 GPU_Scheduler_1] Waiting for models to be activated: {'model_1': 'deactivated', 'model_2': 'activating', 'model_3': 'activating', 'model_4': 'deactivated', 'model_5': 'deactivated', 'model_6': 'activating'}
[2026-08-19 14:12:03.433 GPU_Scheduler_1] Waiting for models to be activated: {'model_1': 'deactivated', 'model_2': 'activating', 'model_3': 'activating', 'model_4': 'deactivated', 'model_5': 'deactivated', 'model_6': 'activating'}
[2026-08-19 14:12:03.443 GPU_Scheduler_1] Waiting for models to be activated: {'model_1': 'deactivated', 'model_2': 'activating', 'model_3': 'activating', 'model_4': 'deactivated', 'model_5': 'deactivated', 'model_6': 'activating'}
[2026-08-19 14:12:03.453 GPU_Scheduler_1] Waiting for models to be activated: {'model_1': 'deactivated', 'model_2': 'activating', 'model_3': 'activating', 'model_4': 'deactivated', 'model_5': 'deactivated', 'model_6': 'activating'}
[2026-08-19 14:12:03.463 GPU_Scheduler_1] Waiting for models to be activated: {'model_1': 'deactivated', 'model_2': 'activating', 'model_3': 'activating', 'model_4': 'deactivated', 'model_5': 'deactivated', 'model_6': 'activating'}
[2026-08-19 14:12:03.474 GPU_Scheduler_1] Waiting for models to be activated: {'model_1': 'deactivated', 'model_2': 'activating', 'model_3': 'activating', 'model_4': 'deactivated', 'model_5': 'deactivated', 'model_6': 'activating'}
[2026-08-19 14:12:03.484 GPU_Scheduler_1] Waiting for models to be activated: {'model_1': 'deactivated', 'model_2': 'activating', 'model_3': 'activating', 'model_4': 'deactivated', 'model_5': 'deactivated', 'model_6': 'activating'}
[2026-08-19 14:12:03.495 GPU_Scheduler_1] Waiting for models to be activated: {'model_1': 'deactivated', 'model_2': 'activating', 'model_3': 'activating', 'model_4': 'deactivated', 'model_5': 'deactivated', 'model_6': 'activating'}
[2026-08-19 14:12:03.505 GPU_Scheduler_1] Waiting for models to be activated: {'model_1': 'deactivated', 'model_2': 'activating', 'model_3': 'activating', 'model_4': 'deactivated', 'model_5': 'deactivated', 'model_6': 'activating'}
[2026-08-19 14:12:03.515 GPU_Scheduler_1] Waiting for models to be activated: {'model_1': 'deactivated', 'model_2': 'activating', 'model_3': 'activating', 'model_4': 'deactivated', 'model_5': 'deactivated', 'model_6': 'activating'}
[2026-08-19 14:12:03.526 GPU_Scheduler_1] Waiting for models to be activated: {'model_1': 'deactivated', 'model_2': 'activating', 'model_3': 'activating', 'model_4': 'deactivated', 'model_5': 'deactivated', 'model_6': 'activating'}
[2026-08-19 14:12:03.536 GPU_Scheduler_1] Waiting for models to be activated: {'model_1': 'deactivated', 'model_2': 'activating', 'model_3': 'activating', 'model_4': 'deactivated', 'model_5': 'deactivated', 'model_6': 'activating'}
[2026-08-19 14:12:03.547 GPU_Scheduler_1] Waiting for models to be activated: {'model_1': 'deactivated', 'model_2': 'activating', 'model_3': 'activating', 'model_4': 'deactivated', 'model_5': 'deactivated', 'model_6': 'activating'}
[2026-08-19 14:12:03.557 GPU_Scheduler_1] Waiting for models to be activated: {'model_1': 'deactivated', 'model_2': 'activating', 'model_3': 'activating', 'model_4': 'deactivated', 'model_5': 'deactivated', 'model_6': 'activating'}
[2026-08-19 14:12:03.568 GPU_Scheduler_1] Waiting for models to be activated: {'model_1': 'deactivated', 'model_2': 'activating', 'model_3': 'activating', 'model_4': 'deactivated', 'model_5': 'deactivated', 'model_6': 'activating'}
[2026-08-19 14:12:03.578 GPU_Scheduler_1] Waiting for models to be activated: {'model_1': 'deactivated', 'model_2': 'activating', 'model_3': 'activating', 'model_4': 'deactivated', 'model_5': 'deactivated', 'model_6': 'activating'}
[2026-08-19 14:12:03.593 GPU_Scheduler_1] Waiting for models to be activated: {'model_1': 'deactivated', 'model_2': 'activating', 'model_3': 'activating', 'model_4': 'deactivated', 'model_5': 'deactivated', 'model_6': 'activating'}
[2026-08-19 14:12:03.604 GPU_Scheduler_1] Waiting for models to be activated: {'model_1': 'deactivated', 'model_2': 'activating', 'model_3': 'activating', 'model_4': 'deactivated', 'model_5': 'deactivated', 'model_6': 'activating'}
[2026-08-19 14:12:03.614 GPU_Scheduler_1] Waiting for models to be activated: {'model_1': 'deactivated', 'model_2': 'activating', 'model_3': 'activating', 'model_4': 'deactivated', 'model_5': 'deactivated', 'model_6': 'activating'}
[2026-08-19 14:12:03.625 GPU_Scheduler_1] Waiting for models to be activated: {'model_1': 'deactivated', 'model_2': 'activating', 'model_3': 'activating', 'model_4': 'deactivated', 'model_5': 'deactivated', 'model_6': 'activating'}
[2026-08-19 14:12:03.635 GPU_Scheduler_1] Waiting for models to be activated: {'model_1': 'deactivated', 'model_2': 'activating', 'model_3': 'activating', 'model_4': 'deactivated', 'model_5': 'deactivated', 'model_6': 'activating'}
[2026-08-19 14:12:03.646 GPU_Scheduler_1] Waiting for models to be activated: {'model_1': 'deactivated', 'model_2': 'activating', 'model_3': 'activating', 'model_4': 'deactivated', 'model_5': 'deactivated', 'model_6': 'activating'}
[2026-08-19 14:12:03.656 GPU_Scheduler_1] Waiting for models to be activated: {'model_1': 'deactivated', 'model_2': 'activating', 'model_3': 'activating', 'model_4': 'deactivated', 'model_5': 'deactivated', 'model_6': 'activating'}
[2026-08-19 14:12:03.667 GPU_Scheduler_1] Waiting for models to be activated: {'model_1': 'deactivated', 'model_2': 'activating', 'model_3': 'activating', 'model_4': 'deactivated', 'model_5': 'deactivated', 'model_6': 'activating'}
[2026-08-19 14:12:03.677 GPU_Scheduler_1] Waiting for models to be activated: {'model_1': 'deactivated', 'model_2': 'activating', 'model_3': 'activating', 'model_4': 'deactivated', 'model_5': 'deactivated', 'model_6': 'activating'}
[2026-08-19 14:12:03.688 GPU_Scheduler_1] Waiting for models to be activated: {'model_1': 'deactivated', 'model_2': 'activating', 'model_3': 'activating', 'model_4': 'deactivated', 'model_5': 'deactivated', 'model_6': 'activating'}
[2026-08-19 14:12:03.698 GPU_Scheduler_1] Waiting for models to be activated: {'model_1': 'deactivated', 'model_2': 'activating', 'model_3': 'activating', 'model_4': 'deactivated', 'model_5': 'deactivated', 'model_6': 'activating'}
[2026-08-19 14:12:03.709 GPU_Scheduler_1] Waiting for models to be activated: {'model_1': 'deactivated', 'model_2': 'activating', 'model_3': 'activating', 'model_4': 'deactivated', 'model_5': 'deactivated', 'model_6': 'activating'}
[2026-08-19 14:12:03.719 GPU_Scheduler_1] Waiting for models to be activated: {'model_1': 'deactivated', 'model_2': 'activating', 'model_3': 'activating', 'model_4': 'deactivated', 'model_5': 'deactivated', 'model_6': 'activating'}
[2026-08-19 14:12:03.730 GPU_Scheduler_1] Waiting for models to be activated: {'model_1': 'deactivated', 'model_2': 'activating', 'model_3': 'activating', 'model_4': 'deactivated', 'model_5': 'deactivated', 'model_6': 'activating'}
[2026-08-19 14:12:03.740 GPU_Scheduler_1] Waiting for models to be activated: {'model_1': 'deactivated', 'model_2': 'activating', 'model_3': 'activating', 'model_4': 'deactivated', 'model_5': 'deactivated', 'model_6': 'activating'}
[2026-08-19 14:12:03.751 GPU_Scheduler_1] Waiting for models to be activated: {'model_1': 'deactivated', 'model_2': 'activating', 'model_3': 'activating', 'model_4': 'deactivated', 'model_5': 'deactivated', 'model_6': 'activating'}
[2026-08-19 14:12:03.762 GPU_Scheduler_1] Waiting for models to be activated: {'model_1': 'deactivated', 'model_2': 'activating', 'model_3': 'activating', 'model_4': 'deactivated', 'model_5': 'deactivated', 'model_6': 'activating'}
[2026-08-19 14:12:03.772 GPU_Scheduler_1] Waiting for models to be activated: {'model_1': 'deactivated', 'model_2': 'activating', 'model_3': 'activating', 'model_4': 'deactivated', 'model_5': 'deactivated', 'model_6': 'activating'}
[2026-08-19 14:12:03.784 GPU_Scheduler_1] Model model_2 (instance 1) activation succeeded on GPU 1
[2026-08-19 14:12:03.784 GPU_Scheduler_1] Waiting for models to be activated: {'model_1': 'deactivated', 'model_2': 'activated', 'model_3': 'activating', 'model_4': 'deactivated', 'model_5': 'deactivated', 'model_6': 'activating'}
[2026-08-19 14:12:03.794 GPU_Scheduler_1] Waiting for models to be activated: {'model_1': 'deactivated', 'model_2': 'activated', 'model_3': 'activating', 'model_4': 'deactivated', 'model_5': 'deactivated', 'model_6': 'activating'}
[2026-08-19 14:12:03.805 GPU_Scheduler_1] Waiting for models to be activated: {'model_1': 'deactivated', 'model_2': 'activated', 'model_3': 'activating', 'model_4': 'deactivated', 'model_5': 'deactivated', 'model_6': 'activating'}
[2026-08-19 14:12:03.815 GPU_Scheduler_1] Waiting for models to be activated: {'model_1': 'deactivated', 'model_2': 'activated', 'model_3': 'activating', 'model_4': 'deactivated', 'model_5': 'deactivated', 'model_6': 'activating'}
[2026-08-19 14:12:03.826 GPU_Scheduler_1] Waiting for models to be activated: {'model_1': 'deactivated', 'model_2': 'activated', 'model_3': 'activating', 'model_4': 'deactivated', 'model_5': 'deactivated', 'model_6': 'activating'}
[2026-08-19 14:12:03.837 GPU_Scheduler_1] Model model_3 (instance 1) activation succeeded on GPU 1
[2026-08-19 14:12:03.837 GPU_Scheduler_1] Waiting for models to be activated: {'model_1': 'deactivated', 'model_2': 'activated', 'model_3': 'activated', 'model_4': 'deactivated', 'model_5': 'deactivated', 'model_6': 'activating'}
[2026-08-19 14:12:03.848 GPU_Scheduler_1] Waiting for models to be activated: {'model_1': 'deactivated', 'model_2': 'activated', 'model_3': 'activated', 'model_4': 'deactivated', 'model_5': 'deactivated', 'model_6': 'activating'}
[2026-08-19 14:12:03.858 GPU_Scheduler_1] Waiting for models to be activated: {'model_1': 'deactivated', 'model_2': 'activated', 'model_3': 'activated', 'model_4': 'deactivated', 'model_5': 'deactivated', 'model_6': 'activating'}
[2026-08-19 14:12:03.869 GPU_Scheduler_1] Waiting for models to be activated: {'model_1': 'deactivated', 'model_2': 'activated', 'model_3': 'activated', 'model_4': 'deactivated', 'model_5': 'deactivated', 'model_6': 'activating'}
[2026-08-19 14:12:03.879 GPU_Scheduler_1] Waiting for models to be activated: {'model_1': 'deactivated', 'model_2': 'activated', 'model_3': 'activated', 'model_4': 'deactivated', 'model_5': 'deactivated', 'model_6': 'activating'}
[2026-08-19 14:12:03.890 GPU_Scheduler_1] Waiting for models to be activated: {'model_1': 'deactivated', 'model_2': 'activated', 'model_3': 'activated', 'model_4': 'deactivated', 'model_5': 'deactivated', 'model_6': 'activating'}
[2026-08-19 14:12:03.900 GPU_Scheduler_1] Waiting for models to be activated: {'model_1': 'deactivated', 'model_2': 'activated', 'model_3': 'activated', 'model_4': 'deactivated', 'model_5': 'deactivated', 'model_6': 'activating'}
[2026-08-19 14:12:03.911 GPU_Scheduler_1] Waiting for models to be activated: {'model_1': 'deactivated', 'model_2': 'activated', 'model_3': 'activated', 'model_4': 'deactivated', 'model_5': 'deactivated', 'model_6': 'activating'}
[2026-08-19 14:12:03.921 GPU_Scheduler_1] Waiting for models to be activated: {'model_1': 'deactivated', 'model_2': 'activated', 'model_3': 'activated', 'model_4': 'deactivated', 'model_5': 'deactivated', 'model_6': 'activating'}
[2026-08-19 14:12:03.932 GPU_Scheduler_1] Waiting for models to be activated: {'model_1': 'deactivated', 'model_2': 'activated', 'model_3': 'activated', 'model_4': 'deactivated', 'model_5': 'deactivated', 'model_6': 'activating'}
[2026-08-19 14:12:03.942 GPU_Scheduler_1] Waiting for models to be activated: {'model_1': 'deactivated', 'model_2': 'activated', 'model_3': 'activated', 'model_4': 'deactivated', 'model_5': 'deactivated', 'model_6': 'activating'}
[2026-08-19 14:12:03.953 GPU_Scheduler_1] Waiting for models to be activated: {'model_1': 'deactivated', 'model_2': 'activated', 'model_3': 'activated', 'model_4': 'deactivated', 'model_5': 'deactivated', 'model_6': 'activating'}
[2026-08-19 14:12:03.963 GPU_Scheduler_1] Waiting for models to be activated: {'model_1': 'deactivated', 'model_2': 'activated', 'model_3': 'activated', 'model_4': 'deactivated', 'model_5': 'deactivated', 'model_6': 'activating'}
[2026-08-19 14:12:03.974 GPU_Scheduler_1] Waiting for models to be activated: {'model_1': 'deactivated', 'model_2': 'activated', 'model_3': 'activated', 'model_4': 'deactivated', 'model_5': 'deactivated', 'model_6': 'activating'}
[2026-08-19 14:12:03.985 GPU_Scheduler_1] Waiting for models to be activated: {'model_1': 'deactivated', 'model_2': 'activated', 'model_3': 'activated', 'model_4': 'deactivated', 'model_5': 'deactivated', 'model_6': 'activating'}
[2026-08-19 14:12:03.995 GPU_Scheduler_1] Waiting for models to be activated: {'model_1': 'deactivated', 'model_2': 'activated', 'model_3': 'activated', 'model_4': 'deactivated', 'model_5': 'deactivated', 'model_6': 'activating'}
[2026-08-19 14:12:04.006 GPU_Scheduler_1] Waiting for models to be activated: {'model_1': 'deactivated', 'model_2': 'activated', 'model_3': 'activated', 'model_4': 'deactivated', 'model_5': 'deactivated', 'model_6': 'activating'}
[2026-08-19 14:12:04.016 GPU_Scheduler_1] Waiting for models to be activated: {'model_1': 'deactivated', 'model_2': 'activated', 'model_3': 'activated', 'model_4': 'deactivated', 'model_5': 'deactivated', 'model_6': 'activating'}
[2026-08-19 14:12:04.027 GPU_Scheduler_1] Waiting for models to be activated: {'model_1': 'deactivated', 'model_2': 'activated', 'model_3': 'activated', 'model_4': 'deactivated', 'model_5': 'deactivated', 'model_6': 'activating'}
[2026-08-19 14:12:04.037 GPU_Scheduler_1] Waiting for models to be activated: {'model_1': 'deactivated', 'model_2': 'activated', 'model_3': 'activated', 'model_4': 'deactivated', 'model_5': 'deactivated', 'model_6': 'activating'}
[2026-08-19 14:12:04.048 GPU_Scheduler_1] Waiting for models to be activated: {'model_1': 'deactivated', 'model_2': 'activated', 'model_3': 'activated', 'model_4': 'deactivated', 'model_5': 'deactivated', 'model_6': 'activating'}
[2026-08-19 14:12:04.058 GPU_Scheduler_1] Waiting for models to be activated: {'model_1': 'deactivated', 'model_2': 'activated', 'model_3': 'activated', 'model_4': 'deactivated', 'model_5': 'deactivated', 'model_6': 'activating'}
[2026-08-19 14:12:04.069 GPU_Scheduler_1] Waiting for models to be activated: {'model_1': 'deactivated', 'model_2': 'activated', 'model_3': 'activated', 'model_4': 'deactivated', 'model_5': 'deactivated', 'model_6': 'activating'}
[2026-08-19 14:12:04.079 GPU_Scheduler_1] Waiting for models to be activated: {'model_1': 'deactivated', 'model_2': 'activated', 'model_3': 'activated', 'model_4': 'deactivated', 'model_5': 'deactivated', 'model_6': 'activating'}
[2026-08-19 14:12:04.090 GPU_Scheduler_1] Waiting for models to be activated: {'model_1': 'deactivated', 'model_2': 'activated', 'model_3': 'activated', 'model_4': 'deactivated', 'model_5': 'deactivated', 'model_6': 'activating'}
[2026-08-19 14:12:04.100 GPU_Scheduler_1] Waiting for models to be activated: {'model_1': 'deactivated', 'model_2': 'activated', 'model_3': 'activated', 'model_4': 'deactivated', 'model_5': 'deactivated', 'model_6': 'activating'}
[2026-08-19 14:12:04.111 GPU_Scheduler_1] Waiting for models to be activated: {'model_1': 'deactivated', 'model_2': 'activated', 'model_3': 'activated', 'model_4': 'deactivated', 'model_5': 'deactivated', 'model_6': 'activating'}
[2026-08-19 14:12:04.121 GPU_Scheduler_1] Waiting for models to be activated: {'model_1': 'deactivated', 'model_2': 'activated', 'model_3': 'activated', 'model_4': 'deactivated', 'model_5': 'deactivated', 'model_6': 'activating'}
[2026-08-19 14:12:04.132 GPU_Scheduler_1] Waiting for models to be activated: {'model_1': 'deactivated', 'model_2': 'activated', 'model_3': 'activated', 'model_4': 'deactivated', 'model_5': 'deactivated', 'model_6': 'activating'}
[2026-08-19 14:12:04.143 GPU_Scheduler_1] Waiting for models to be activated: {'model_1': 'deactivated', 'model_2': 'activated', 'model_3': 'activated', 'model_4': 'deactivated', 'model_5': 'deactivated', 'model_6': 'activating'}
[2026-08-19 14:12:04.153 GPU_Scheduler_1] Waiting for models to be activated: {'model_1': 'deactivated', 'model_2': 'activated', 'model_3': 'activated', 'model_4': 'deactivated', 'model_5': 'deactivated', 'model_6': 'activating'}
[2026-08-19 14:12:04.164 GPU_Scheduler_1] Waiting for models to be activated: {'model_1': 'deactivated', 'model_2': 'activated', 'model_3': 'activated', 'model_4': 'deactivated', 'model_5': 'deactivated', 'model_6': 'activating'}
[2026-08-19 14:12:04.174 GPU_Scheduler_1] Waiting for models to be activated: {'model_1': 'deactivated', 'model_2': 'activated', 'model_3': 'activated', 'model_4': 'deactivated', 'model_5': 'deactivated', 'model_6': 'activating'}
[2026-08-19 14:12:04.185 GPU_Scheduler_1] Waiting for models to be activated: {'model_1': 'deactivated', 'model_2': 'activated', 'model_3': 'activated', 'model_4': 'deactivated', 'model_5': 'deactivated', 'model_6': 'activating'}
[2026-08-19 14:12:04.195 GPU_Scheduler_1] Waiting for models to be activated: {'model_1': 'deactivated', 'model_2': 'activated', 'model_3': 'activated', 'model_4': 'deactivated', 'model_5': 'deactivated', 'model_6': 'activating'}
[2026-08-19 14:12:04.206 GPU_Scheduler_1] Waiting for models to be activated: {'model_1': 'deactivated', 'model_2': 'activated', 'model_3': 'activated', 'model_4': 'deactivated', 'model_5': 'deactivated', 'model_6': 'activating'}
[2026-08-19 14:12:04.216 GPU_Scheduler_1] Waiting for models to be activated: {'model_1': 'deactivated', 'model_2': 'activated', 'model_3': 'activated', 'model_4': 'deactivated', 'model_5': 'deactivated', 'model_6': 'activating'}
[2026-08-19 14:12:04.227 GPU_Scheduler_1] Waiting for models to be activated: {'model_1': 'deactivated', 'model_2': 'activated', 'model_3': 'activated', 'model_4': 'deactivated', 'model_5': 'deactivated', 'model_6': 'activating'}
[2026-08-19 14:12:04.238 GPU_Scheduler_1] Waiting for models to be activated: {'model_1': 'deactivated', 'model_2': 'activated', 'model_3': 'activated', 'model_4': 'deactivated', 'model_5': 'deactivated', 'model_6': 'activating'}
[2026-08-19 14:12:04.248 GPU_Scheduler_1] Waiting for models to be activated: {'model_1': 'deactivated', 'model_2': 'activated', 'model_3': 'activated', 'model_4': 'deactivated', 'model_5': 'deactivated', 'model_6': 'activating'}
[2026-08-19 14:12:04.259 GPU_Scheduler_1] Waiting for models to be activated: {'model_1': 'deactivated', 'model_2': 'activated', 'model_3': 'activated', 'model_4': 'deactivated', 'model_5': 'deactivated', 'model_6': 'activating'}
[2026-08-19 14:12:04.269 GPU_Scheduler_1] Waiting for models to be activated: {'model_1': 'deactivated', 'model_2': 'activated', 'model_3': 'activated', 'model_4': 'deactivated', 'model_5': 'deactivated', 'model_6': 'activating'}
[2026-08-19 14:12:04.280 GPU_Scheduler_1] Waiting for models to be activated: {'model_1': 'deactivated', 'model_2': 'activated', 'model_3': 'activated', 'model_4': 'deactivated', 'model_5': 'deactivated', 'model_6': 'activating'}
[2026-08-19 14:12:04.290 GPU_Scheduler_1] Waiting for models to be activated: {'model_1': 'deactivated', 'model_2': 'activated', 'model_3': 'activated', 'model_4': 'deactivated', 'model_5': 'deactivated', 'model_6': 'activating'}
[2026-08-19 14:12:04.301 GPU_Scheduler_1] Waiting for models to be activated: {'model_1': 'deactivated', 'model_2': 'activated', 'model_3': 'activated', 'model_4': 'deactivated', 'model_5': 'deactivated', 'model_6': 'activating'}
[2026-08-19 14:12:04.311 GPU_Scheduler_1] Waiting for models to be activated: {'model_1': 'deactivated', 'model_2': 'activated', 'model_3': 'activated', 'model_4': 'deactivated', 'model_5': 'deactivated', 'model_6': 'activating'}
[2026-08-19 14:12:04.322 GPU_Scheduler_1] Waiting for models to be activated: {'model_1': 'deactivated', 'model_2': 'activated', 'model_3': 'activated', 'model_4': 'deactivated', 'model_5': 'deactivated', 'model_6': 'activating'}
[2026-08-19 14:12:04.332 GPU_Scheduler_1] Waiting for models to be activated: {'model_1': 'deactivated', 'model_2': 'activated', 'model_3': 'activated', 'model_4': 'deactivated', 'model_5': 'deactivated', 'model_6': 'activating'}
[2026-08-19 14:12:04.343 GPU_Scheduler_1] Waiting for models to be activated: {'model_1': 'deactivated', 'model_2': 'activated', 'model_3': 'activated', 'model_4': 'deactivated', 'model_5': 'deactivated', 'model_6': 'activating'}
[2026-08-19 14:12:04.353 GPU_Scheduler_1] Waiting for models to be activated: {'model_1': 'deactivated', 'model_2': 'activated', 'model_3': 'activated', 'model_4': 'deactivated', 'model_5': 'deactivated', 'model_6': 'activating'}
[2026-08-19 14:12:04.364 GPU_Scheduler_1] Waiting for models to be activated: {'model_1': 'deactivated', 'model_2': 'activated', 'model_3': 'activated', 'model_4': 'deactivated', 'model_5': 'deactivated', 'model_6': 'activating'}
[2026-08-19 14:12:04.374 GPU_Scheduler_1] Waiting for models to be activated: {'model_1': 'deactivated', 'model_2': 'activated', 'model_3': 'activated', 'model_4': 'deactivated', 'model_5': 'deactivated', 'model_6': 'activating'}
[2026-08-19 14:12:04.385 GPU_Scheduler_1] Waiting for models to be activated: {'model_1': 'deactivated', 'model_2': 'activated', 'model_3': 'activated', 'model_4': 'deactivated', 'model_5': 'deactivated', 'model_6': 'activating'}
[2026-08-19 14:12:04.395 GPU_Scheduler_1] Waiting for models to be activated: {'model_1': 'deactivated', 'model_2': 'activated', 'model_3': 'activated', 'model_4': 'deactivated', 'model_5': 'deactivated', 'model_6': 'activating'}
[2026-08-19 14:12:04.406 GPU_Scheduler_1] Waiting for models to be activated: {'model_1': 'deactivated', 'model_2': 'activated', 'model_3': 'activated', 'model_4': 'deactivated', 'model_5': 'deactivated', 'model_6': 'activating'}
[2026-08-19 14:12:04.416 GPU_Scheduler_1] Waiting for models to be activated: {'model_1': 'deactivated', 'model_2': 'activated', 'model_3': 'activated', 'model_4': 'deactivated', 'model_5': 'deactivated', 'model_6': 'activating'}
[2026-08-19 14:12:04.427 GPU_Scheduler_1] Waiting for models to be activated: {'model_1': 'deactivated', 'model_2': 'activated', 'model_3': 'activated', 'model_4': 'deactivated', 'model_5': 'deactivated', 'model_6': 'activating'}
[2026-08-19 14:12:04.437 GPU_Scheduler_1] Waiting for models to be activated: {'model_1': 'deactivated', 'model_2': 'activated', 'model_3': 'activated', 'model_4': 'deactivated', 'model_5': 'deactivated', 'model_6': 'activating'}
[2026-08-19 14:12:04.448 GPU_Scheduler_1] Waiting for models to be activated: {'model_1': 'deactivated', 'model_2': 'activated', 'model_3': 'activated', 'model_4': 'deactivated', 'model_5': 'deactivated', 'model_6': 'activating'}
[2026-08-19 14:12:04.458 GPU_Scheduler_1] Waiting for models to be activated: {'model_1': 'deactivated', 'model_2': 'activated', 'model_3': 'activated', 'model_4': 'deactivated', 'model_5': 'deactivated', 'model_6': 'activating'}
[2026-08-19 14:12:04.469 GPU_Scheduler_1] Waiting for models to be activated: {'model_1': 'deactivated', 'model_2': 'activated', 'model_3': 'activated', 'model_4': 'deactivated', 'model_5': 'deactivated', 'model_6': 'activating'}
[2026-08-19 14:12:04.480 GPU_Scheduler_1] Waiting for models to be activated: {'model_1': 'deactivated', 'model_2': 'activated', 'model_3': 'activated', 'model_4': 'deactivated', 'model_5': 'deactivated', 'model_6': 'activating'}
[2026-08-19 14:12:04.490 GPU_Scheduler_1] Waiting for models to be activated: {'model_1': 'deactivated', 'model_2': 'activated', 'model_3': 'activated', 'model_4': 'deactivated', 'model_5': 'deactivated', 'model_6': 'activating'}
[2026-08-19 14:12:04.500 GPU_Scheduler_1] Waiting for models to be activated: {'model_1': 'deactivated', 'model_2': 'activated', 'model_3': 'activated', 'model_4': 'deactivated', 'model_5': 'deactivated', 'model_6': 'activating'}
[2026-08-19 14:12:04.511 GPU_Scheduler_1] Waiting for models to be activated: {'model_1': 'deactivated', 'model_2': 'activated', 'model_3': 'activated', 'model_4': 'deactivated', 'model_5': 'deactivated', 'model_6': 'activating'}
[2026-08-19 14:12:04.522 GPU_Scheduler_1] Waiting for models to be activated: {'model_1': 'deactivated', 'model_2': 'activated', 'model_3': 'activated', 'model_4': 'deactivated', 'model_5': 'deactivated', 'model_6': 'activating'}
[2026-08-19 14:12:04.532 GPU_Scheduler_1] Waiting for models to be activated: {'model_1': 'deactivated', 'model_2': 'activated', 'model_3': 'activated', 'model_4': 'deactivated', 'model_5': 'deactivated', 'model_6': 'activating'}
[2026-08-19 14:12:04.543 GPU_Scheduler_1] Waiting for models to be activated: {'model_1': 'deactivated', 'model_2': 'activated', 'model_3': 'activated', 'model_4': 'deactivated', 'model_5': 'deactivated', 'model_6': 'activating'}
[2026-08-19 14:12:04.553 GPU_Scheduler_1] Waiting for models to be activated: {'model_1': 'deactivated', 'model_2': 'activated', 'model_3': 'activated', 'model_4': 'deactivated', 'model_5': 'deactivated', 'model_6': 'activating'}
[2026-08-19 14:12:04.564 GPU_Scheduler_1] Waiting for models to be activated: {'model_1': 'deactivated', 'model_2': 'activated', 'model_3': 'activated', 'model_4': 'deactivated', 'model_5': 'deactivated', 'model_6': 'activating'}
[2026-08-19 14:12:04.574 GPU_Scheduler_1] Waiting for models to be activated: {'model_1': 'deactivated', 'model_2': 'activated', 'model_3': 'activated', 'model_4': 'deactivated', 'model_5': 'deactivated', 'model_6': 'activating'}
[2026-08-19 14:12:04.585 GPU_Scheduler_1] Waiting for models to be activated: {'model_1': 'deactivated', 'model_2': 'activated', 'model_3': 'activated', 'model_4': 'deactivated', 'model_5': 'deactivated', 'model_6': 'activating'}
[2026-08-19 14:12:04.595 GPU_Scheduler_1] Waiting for models to be activated: {'model_1': 'deactivated', 'model_2': 'activated', 'model_3': 'activated', 'model_4': 'deactivated', 'model_5': 'deactivated', 'model_6': 'activating'}
[2026-08-19 14:12:04.606 GPU_Scheduler_1] Waiting for models to be activated: {'model_1': 'deactivated', 'model_2': 'activated', 'model_3': 'activated', 'model_4': 'deactivated', 'model_5': 'deactivated', 'model_6': 'activating'}
[2026-08-19 14:12:04.616 GPU_Scheduler_1] Waiting for models to be activated: {'model_1': 'deactivated', 'model_2': 'activated', 'model_3': 'activated', 'model_4': 'deactivated', 'model_5': 'deactivated', 'model_6': 'activating'}
[2026-08-19 14:12:04.627 GPU_Scheduler_1] Waiting for models to be activated: {'model_1': 'deactivated', 'model_2': 'activated', 'model_3': 'activated', 'model_4': 'deactivated', 'model_5': 'deactivated', 'model_6': 'activating'}
[2026-08-19 14:12:04.637 GPU_Scheduler_1] Waiting for models to be activated: {'model_1': 'deactivated', 'model_2': 'activated', 'model_3': 'activated', 'model_4': 'deactivated', 'model_5': 'deactivated', 'model_6': 'activating'}
[2026-08-19 14:12:04.648 GPU_Scheduler_1] Waiting for models to be activated: {'model_1': 'deactivated', 'model_2': 'activated', 'model_3': 'activated', 'model_4': 'deactivated', 'model_5': 'deactivated', 'model_6': 'activating'}
[2026-08-19 14:12:04.658 GPU_Scheduler_1] Waiting for models to be activated: {'model_1': 'deactivated', 'model_2': 'activated', 'model_3': 'activated', 'model_4': 'deactivated', 'model_5': 'deactivated', 'model_6': 'activating'}
[2026-08-19 14:12:04.669 GPU_Scheduler_1] Waiting for models to be activated: {'model_1': 'deactivated', 'model_2': 'activated', 'model_3': 'activated', 'model_4': 'deactivated', 'model_5': 'deactivated', 'model_6': 'activating'}
[2026-08-19 14:12:04.679 GPU_Scheduler_1] Waiting for models to be activated: {'model_1': 'deactivated', 'model_2': 'activated', 'model_3': 'activated', 'model_4': 'deactivated', 'model_5': 'deactivated', 'model_6': 'activating'}
[2026-08-19 14:12:04.690 GPU_Scheduler_1] Waiting for models to be activated: {'model_1': 'deactivated', 'model_2': 'activated', 'model_3': 'activated', 'model_4': 'deactivated', 'model_5': 'deactivated', 'model_6': 'activating'}
[2026-08-19 14:12:04.700 GPU_Scheduler_1] Waiting for models to be activated: {'model_1': 'deactivated', 'model_2': 'activated', 'model_3': 'activated', 'model_4': 'deactivated', 'model_5': 'deactivated', 'model_6': 'activating'}
[2026-08-19 14:12:04.711 GPU_Scheduler_1] Waiting for models to be activated: {'model_1': 'deactivated', 'model_2': 'activated', 'model_3': 'activated', 'model_4': 'deactivated', 'model_5': 'deactivated', 'model_6': 'activating'}
[2026-08-19 14:12:04.721 GPU_Scheduler_1] Waiting for models to be activated: {'model_1': 'deactivated', 'model_2': 'activated', 'model_3': 'activated', 'model_4': 'deactivated', 'model_5': 'deactivated', 'model_6': 'activating'}
[2026-08-19 14:12:04.732 GPU_Scheduler_1] Waiting for models to be activated: {'model_1': 'deactivated', 'model_2': 'activated', 'model_3': 'activated', 'model_4': 'deactivated', 'model_5': 'deactivated', 'model_6': 'activating'}
[2026-08-19 14:12:04.743 GPU_Scheduler_1] Waiting for models to be activated: {'model_1': 'deactivated', 'model_2': 'activated', 'model_3': 'activated', 'model_4': 'deactivated', 'model_5': 'deactivated', 'model_6': 'activating'}
[2026-08-19 14:12:04.754 GPU_Scheduler_1] Model model_6 (instance 1) activation succeeded on GPU 1
[2026-08-19 14:12:05.826 GPU_Scheduler_0] Admitted 1 requests for model_1
[2026-08-19 14:12:05.826 GPU_Scheduler_0] Admitted 1 requests for model_4
[2026-08-19 14:12:05.826 GPU_Scheduler_0] Admitted 1 requests for model_5
[2026-08-19 14:12:05.832 GPU_Scheduler_1] Admitted 1 requests for model_6
[2026-08-19 14:12:05.832 GPU_Scheduler_1] Admitted 1 requests for model_3
[2026-08-19 14:12:05.832 GPU_Scheduler_1] Admitted 1 requests for model_2
[2026-08-19 14:12:08.158 GPU_Scheduler_1] Admitted 1 requests for model_3
[2026-08-19 14:12:08.320 GPU_Scheduler_0] Admitted 1 requests for model_4
[2026-08-19 14:12:08.353 GPU_Scheduler_0] Admitted 1 requests for model_4
[2026-08-19 14:12:08.536 GPU_Scheduler_0] Admitted 1 requests for model_4
[2026-08-19 14:12:08.547 GPU_Scheduler_0] Admitted 1 requests for model_1
[2026-08-19 14:12:08.646 GPU_Scheduler_1] Admitted 1 requests for model_3
[2026-08-19 14:12:08.720 GPU_Scheduler_0] Admitted 1 requests for model_1
[2026-08-19 14:12:08.767 GPU_Scheduler_0] Admitted 1 requests for model_1
[2026-08-19 14:12:09.098 GPU_Scheduler_0] Admitted 1 requests for model_1
[2026-08-19 14:12:09.530 GPU_Scheduler_1] Admitted 1 requests for model_3
[2026-08-19 14:12:09.594 GPU_Scheduler_0] Admitted 1 requests for model_1
[2026-08-19 14:12:09.775 GPU_Scheduler_1] Admitted 1 requests for model_3
[2026-08-19 14:12:10.007 GPU_Scheduler_0] Admitted 1 requests for model_1
[2026-08-19 14:12:10.158 GPU_Scheduler_0] Admitted 1 requests for model_1
[2026-08-19 14:12:10.233 GPU_Scheduler_0] Admitted 1 requests for model_1
[2026-08-19 14:12:10.437 GPU_Scheduler_0] Admitted 1 requests for model_1
[2026-08-19 14:12:10.518 GPU_Scheduler_1] Admitted 1 requests for model_3
[2026-08-19 14:12:10.667 GPU_Scheduler_0] Admitted 1 requests for model_4
[2026-08-19 14:12:10.679 GPU_Scheduler_0] Admitted 1 requests for model_1
[2026-08-19 14:12:10.834 GPU_Scheduler_0] Admitted 1 requests for model_4
[2026-08-19 14:12:11.338 GPU_Scheduler_0] Admitted 1 requests for model_1
[2026-08-19 14:12:11.361 GPU_Scheduler_0] Admitted 1 requests for model_4
[2026-08-19 14:12:11.423 GPU_Scheduler_1] Admitted 1 requests for model_3
[2026-08-19 14:12:11.514 GPU_Scheduler_0] Admitted 1 requests for model_1
[2026-08-19 14:12:11.755 GPU_Scheduler_1] Admitted 1 requests for model_3
[2026-08-19 14:12:11.930 GPU_Scheduler_0] Admitted 1 requests for model_1
[2026-08-19 14:12:11.964 GPU_Scheduler_0] Admitted 1 requests for model_4
[2026-08-19 14:12:12.029 GPU_Scheduler_0] Admitted 1 requests for model_1
[2026-08-19 14:12:12.172 GPU_Scheduler_0] Admitted 1 requests for model_1
[2026-08-19 14:12:12.347 GPU_Scheduler_0] Admitted 1 requests for model_1
[2026-08-19 14:12:12.578 GPU_Scheduler_0] Admitted 1 requests for model_1
[2026-08-19 14:12:12.644 GPU_Scheduler_0] Admitted 1 requests for model_1
[2026-08-19 14:12:12.699 GPU_Scheduler_0] Admitted 1 requests for model_1
[2026-08-19 14:12:12.743 GPU_Scheduler_0] Admitted 1 requests for model_4
[2026-08-19 14:12:12.864 GPU_Scheduler_0] Admitted 1 requests for model_4
[2026-08-19 14:12:13.214 GPU_Scheduler_0] Admitted 1 requests for model_4
[2026-08-19 14:12:13.269 GPU_Scheduler_0] Admitted 1 requests for model_1
[2026-08-19 14:12:13.368 GPU_Scheduler_0] Admitted 1 requests for model_4
[2026-08-19 14:12:13.391 GPU_Scheduler_0] Admitted 1 requests for model_1
[2026-08-19 14:12:13.402 GPU_Scheduler_0] Admitted 1 requests for model_1
[2026-08-19 14:12:13.563 GPU_Scheduler_1] Admitted 1 requests for model_3
[2026-08-19 14:12:13.664 GPU_Scheduler_0] Admitted 1 requests for model_1
[2026-08-19 14:12:13.871 GPU_Scheduler_0] Admitted 1 requests for model_4
[2026-08-19 14:12:13.904 GPU_Scheduler_0] Admitted 1 requests for model_1
[2026-08-19 14:12:14.275 GPU_Scheduler_0] Admitted 1 requests for model_4
[2026-08-19 14:12:14.701 GPU_Scheduler_0] Admitted 1 requests for model_1
[2026-08-19 14:12:14.756 GPU_Scheduler_0] Admitted 1 requests for model_1
[2026-08-19 14:12:15.050 GPU_Scheduler_0] Admitted 1 requests for model_4
[2026-08-19 14:12:15.335 GPU_Scheduler_0] Admitted 1 requests for model_4
[2026-08-19 14:12:15.519 GPU_Scheduler_1] Admitted 1 requests for model_3
[2026-08-19 14:12:15.543 GPU_Scheduler_0] Admitted 1 requests for model_4
[2026-08-19 14:12:15.566 GPU_Scheduler_0] Admitted 1 requests for model_1
[2026-08-19 14:12:15.803 GPU_Scheduler_1] Admitted 1 requests for model_3
[2026-08-19 14:12:15.882 GPU_Scheduler_1] Admitted 1 requests for model_3
[2026-08-19 14:12:15.906 GPU_Scheduler_0] Admitted 1 requests for model_1
[2026-08-19 14:12:16.026 GPU_Scheduler_0] Admitted 1 requests for model_1
[2026-08-19 14:12:16.299 GPU_Scheduler_0] Admitted 1 requests for model_1
[2026-08-19 14:12:16.605 GPU_Scheduler_0] Admitted 1 requests for model_4
[2026-08-19 14:12:16.824 GPU_Scheduler_0] Admitted 1 requests for model_1
[2026-08-19 14:12:16.912 GPU_Scheduler_0] Admitted 1 requests for model_1
[2026-08-19 14:12:16.978 GPU_Scheduler_0] Admitted 1 requests for model_4
[2026-08-19 14:12:17.047 GPU_Scheduler_1] Admitted 1 requests for model_3
[2026-08-19 14:12:17.110 GPU_Scheduler_0] Admitted 1 requests for model_4
[2026-08-19 14:12:17.118 GPU_Scheduler_1] Admitted 1 requests for model_3
[2026-08-19 14:12:17.207 GPU_Scheduler_0] Admitted 1 requests for model_1
[2026-08-19 14:12:17.251 GPU_Scheduler_0] Admitted 1 requests for model_1
[2026-08-19 14:12:17.315 GPU_Scheduler_1] Admitted 1 requests for model_3
[2026-08-19 14:12:17.349 GPU_Scheduler_0] Admitted 1 requests for model_1
[2026-08-19 14:12:17.459 GPU_Scheduler_0] Admitted 3 requests for model_1
[2026-08-19 14:12:17.689 GPU_Scheduler_0] Admitted 1 requests for model_1
[2026-08-19 14:12:17.766 GPU_Scheduler_0] Admitted 1 requests for model_4
[2026-08-19 14:12:17.810 GPU_Scheduler_0] Admitted 1 requests for model_4
[2026-08-19 14:12:18.032 GPU_Scheduler_1] Admitted 1 requests for model_3
[2026-08-19 14:12:18.061 GPU_Scheduler_0] Admitted 1 requests for model_4
[2026-08-19 14:12:18.181 GPU_Scheduler_0] Admitted 1 requests for model_1
[2026-08-19 14:12:18.391 GPU_Scheduler_1] Admitted 1 requests for model_3
[2026-08-19 14:12:18.399 GPU_Scheduler_0] Admitted 1 requests for model_4
[2026-08-19 14:12:18.656 GPU_Scheduler_0] Admitted 1 requests for model_1
[2026-08-19 14:12:18.860 GPU_Scheduler_0] Admitted 1 requests for model_4
[2026-08-19 14:12:18.975 GPU_Scheduler_1] Admitted 1 requests for model_3
[2026-08-19 14:12:19.064 GPU_Scheduler_0] Admitted 1 requests for model_1
[2026-08-19 14:12:19.171 GPU_Scheduler_0] Admitted 1 requests for model_1
[2026-08-19 14:12:19.203 GPU_Scheduler_0] Admitted 1 requests for model_1
[2026-08-19 14:12:19.300 GPU_Scheduler_0] Admitted 1 requests for model_1
[2026-08-19 14:12:19.514 GPU_Scheduler_0] Admitted 2 requests for model_1
[2026-08-19 14:12:19.600 GPU_Scheduler_0] Admitted 1 requests for model_1
[2026-08-19 14:12:19.879 GPU_Scheduler_0] Admitted 1 requests for model_4
[2026-08-19 14:12:19.955 GPU_Scheduler_1] Admitted 1 requests for model_3
[2026-08-19 14:12:20.083 GPU_Scheduler_0] Admitted 1 requests for model_1
[2026-08-19 14:12:20.104 GPU_Scheduler_0] Admitted 1 requests for model_1
[2026-08-19 14:12:20.216 GPU_Scheduler_1] Admitted 1 requests for model_3
[2026-08-19 14:12:20.223 GPU_Scheduler_0] Admitted 1 requests for model_1
[2026-08-19 14:12:20.244 GPU_Scheduler_0] Admitted 1 requests for model_1
[2026-08-19 14:12:20.384 GPU_Scheduler_0] Admitted 1 requests for model_1
[2026-08-19 14:12:20.416 GPU_Scheduler_0] Admitted 1 requests for model_1
[2026-08-19 14:12:20.588 GPU_Scheduler_0] Admitted 1 requests for model_1
[2026-08-19 14:12:20.674 GPU_Scheduler_0] Admitted 1 requests for model_4
[2026-08-19 14:12:20.824 GPU_Scheduler_0] Admitted 1 requests for model_1
[2026-08-19 14:12:21.146 GPU_Scheduler_0] Admitted 1 requests for model_1
[2026-08-19 14:12:21.158 GPU_Scheduler_0] Admitted 1 requests for model_1
[2026-08-19 14:12:21.192 GPU_Scheduler_1] Admitted 1 requests for model_3
[2026-08-19 14:12:21.213 GPU_Scheduler_0] Admitted 1 requests for model_1
[2026-08-19 14:12:21.445 GPU_Scheduler_1] Admitted 1 requests for model_3
[2026-08-19 14:12:21.515 GPU_Scheduler_1] Admitted 1 requests for model_3
[2026-08-19 14:12:21.573 GPU_Scheduler_1] Admitted 1 requests for model_3
[2026-08-19 14:12:21.608 GPU_Scheduler_1] Admitted 1 requests for model_3
[2026-08-19 14:12:22.189 GPU_Scheduler_0] Admitted 1 requests for model_1
[2026-08-19 14:12:22.200 GPU_Scheduler_0] Admitted 1 requests for model_1
[2026-08-19 14:12:22.243 GPU_Scheduler_0] Admitted 1 requests for model_1
[2026-08-19 14:12:22.402 GPU_Scheduler_0] Admitted 1 requests for model_4
[2026-08-19 14:12:22.681 GPU_Scheduler_0] Admitted 1 requests for model_4
[2026-08-19 14:12:22.890 GPU_Scheduler_0] Admitted 1 requests for model_1
[2026-08-19 14:12:22.911 GPU_Scheduler_0] Admitted 1 requests for model_4
[2026-08-19 14:12:22.983 GPU_Scheduler_1] Admitted 1 requests for model_3
[2026-08-19 14:12:23.105 GPU_Scheduler_0] Admitted 1 requests for model_4
[2026-08-19 14:12:23.127 GPU_Scheduler_0] Admitted 1 requests for model_1
[2026-08-19 14:12:23.171 GPU_Scheduler_0] Admitted 1 requests for model_4
[2026-08-19 14:12:23.485 GPU_Scheduler_1] Admitted 1 requests for model_3
[2026-08-19 14:12:23.936 GPU_Scheduler_0] Admitted 1 requests for model_4
[2026-08-19 14:12:24.137 GPU_Scheduler_1] Admitted 1 requests for model_3
[2026-08-19 14:12:24.284 GPU_Scheduler_0] Admitted 1 requests for model_1
[2026-08-19 14:12:24.310 GPU_Scheduler_1] Admitted 1 requests for model_3
[2026-08-19 14:12:24.318 GPU_Scheduler_0] Admitted 1 requests for model_4
[2026-08-19 14:12:24.591 GPU_Scheduler_0] Admitted 1 requests for model_1
[2026-08-19 14:12:24.592 GPU_Scheduler_1] Admitted 1 requests for model_3
[2026-08-19 14:12:24.668 GPU_Scheduler_0] Admitted 1 requests for model_1
[2026-08-19 14:12:24.690 GPU_Scheduler_0] Admitted 1 requests for model_4
[2026-08-19 14:12:24.788 GPU_Scheduler_0] Admitted 1 requests for model_1
[2026-08-19 14:12:24.940 GPU_Scheduler_0] Admitted 1 requests for model_4
[2026-08-19 14:12:24.972 GPU_Scheduler_0] Admitted 1 requests for model_1
[2026-08-19 14:12:25.112 GPU_Scheduler_0] Admitted 1 requests for model_1
[2026-08-19 14:12:25.119 GPU_Scheduler_1] Admitted 1 requests for model_3
[2026-08-19 14:12:25.284 GPU_Scheduler_0] Admitted 1 requests for model_1
[2026-08-19 14:12:25.306 GPU_Scheduler_1] Admitted 1 requests for model_3
[2026-08-19 14:12:25.439 GPU_Scheduler_0] Admitted 1 requests for model_1
[2026-08-19 14:12:25.570 GPU_Scheduler_0] Admitted 1 requests for model_1
[2026-08-19 14:12:25.647 GPU_Scheduler_0] Admitted 1 requests for model_1
[2026-08-19 14:12:25.724 GPU_Scheduler_0] Admitted 1 requests for model_1
[2026-08-19 14:12:25.856 GPU_Scheduler_0] Admitted 1 requests for model_1
[2026-08-19 14:12:26.020 GPU_Scheduler_0] Admitted 1 requests for model_4
[2026-08-19 14:12:26.075 GPU_Scheduler_0] Admitted 1 requests for model_4
[2026-08-19 14:12:26.108 GPU_Scheduler_0] Admitted 1 requests for model_1
[2026-08-19 14:12:26.204 GPU_Scheduler_1] Admitted 1 requests for model_3
[2026-08-19 14:12:26.218 GPU_Scheduler_0] Admitted 1 requests for model_4
[2026-08-19 14:12:26.240 GPU_Scheduler_0] Admitted 1 requests for model_1
[2026-08-19 14:12:26.372 GPU_Scheduler_0] Admitted 1 requests for model_1
[2026-08-19 14:12:26.499 GPU_Scheduler_0] Admitted 1 requests for model_1
[2026-08-19 14:12:26.542 GPU_Scheduler_0] Admitted 1 requests for model_4
[2026-08-19 14:12:26.616 GPU_Scheduler_0] Admitted 1 requests for model_1
[2026-08-19 14:12:26.732 GPU_Scheduler_0] Admitted 1 requests for model_1
[2026-08-19 14:12:26.785 GPU_Scheduler_0] Admitted 1 requests for model_4
[2026-08-19 14:12:26.796 GPU_Scheduler_0] Admitted 2 requests for model_1
[2026-08-19 14:12:27.162 GPU_Scheduler_0] Admitted 1 requests for model_1
[2026-08-19 14:12:27.315 GPU_Scheduler_0] Admitted 1 requests for model_1
[2026-08-19 14:12:27.414 GPU_Scheduler_0] Admitted 1 requests for model_1
[2026-08-19 14:12:27.495 GPU_Scheduler_1] Admitted 1 requests for model_3
[2026-08-19 14:12:27.579 GPU_Scheduler_0] Admitted 1 requests for model_1
[2026-08-19 14:12:27.623 GPU_Scheduler_0] Admitted 1 requests for model_4
[2026-08-19 14:12:27.796 GPU_Scheduler_1] Admitted 1 requests for model_3
[2026-08-19 14:12:27.946 GPU_Scheduler_1] Admitted 1 requests for model_3
[2026-08-19 14:12:28.017 GPU_Scheduler_0] Admitted 1 requests for model_1
[2026-08-19 14:12:28.075 GPU_Scheduler_1] Admitted 1 requests for model_3
[2026-08-19 14:12:28.268 GPU_Scheduler_1] Admitted 1 requests for model_3
[2026-08-19 14:12:28.333 GPU_Scheduler_1] Admitted 1 requests for model_3
[2026-08-19 14:12:28.389 GPU_Scheduler_0] Admitted 1 requests for model_1
[2026-08-19 14:12:28.498 GPU_Scheduler_0] Admitted 1 requests for model_1
[2026-08-19 14:12:28.685 GPU_Scheduler_0] Admitted 1 requests for model_1
[2026-08-19 14:12:28.772 GPU_Scheduler_1] Admitted 1 requests for model_3
[2026-08-19 14:12:28.969 GPU_Scheduler_0] Admitted 1 requests for model_1
[2026-08-19 14:12:29.099 GPU_Scheduler_0] Admitted 1 requests for model_1
[2026-08-19 14:12:29.493 GPU_Scheduler_0] Admitted 1 requests for model_4
[2026-08-19 14:12:29.537 GPU_Scheduler_0] Admitted 1 requests for model_1
[2026-08-19 14:12:29.549 GPU_Scheduler_0] Admitted 1 requests for model_1
[2026-08-19 14:12:29.582 GPU_Scheduler_0] Admitted 1 requests for model_1
[2026-08-19 14:12:29.823 GPU_Scheduler_0] Admitted 1 requests for model_4
[2026-08-19 14:12:29.856 GPU_Scheduler_0] Admitted 1 requests for model_1
[2026-08-19 14:12:29.879 GPU_Scheduler_0] Admitted 1 requests for model_1
[2026-08-19 14:12:29.923 GPU_Scheduler_0] Admitted 1 requests for model_1
[2026-08-19 14:12:30.207 GPU_Scheduler_0] Admitted 1 requests for model_4
[2026-08-19 14:12:30.239 GPU_Scheduler_0] Admitted 1 requests for model_1
[2026-08-19 14:12:30.357 GPU_Scheduler_0] Admitted 1 requests for model_1
[2026-08-19 14:12:30.445 GPU_Scheduler_1] Admitted 1 requests for model_3
[2026-08-19 14:12:30.632 GPU_Scheduler_1] Admitted 1 requests for model_3
[2026-08-19 14:12:30.923 GPU_Scheduler_0] Admitted 1 requests for model_4
[2026-08-19 14:12:31.260 GPU_Scheduler_1] Admitted 1 requests for model_3
[2026-08-19 14:12:31.266 GPU_Scheduler_0] Admitted 1 requests for model_4
[2026-08-19 14:12:31.395 GPU_Scheduler_0] Admitted 1 requests for model_4
[2026-08-19 14:12:31.438 GPU_Scheduler_1] Admitted 1 requests for model_3
[2026-08-19 14:12:31.449 GPU_Scheduler_1] Admitted 1 requests for model_3
[2026-08-19 14:12:31.535 GPU_Scheduler_0] Admitted 1 requests for model_1
[2026-08-19 14:12:31.782 GPU_Scheduler_0] Admitted 1 requests for model_1
[2026-08-19 14:12:31.859 GPU_Scheduler_0] Admitted 1 requests for model_4
[2026-08-19 14:12:32.154 GPU_Scheduler_0] Admitted 1 requests for model_4
[2026-08-19 14:12:32.231 GPU_Scheduler_0] Admitted 1 requests for model_1
[2026-08-19 14:12:32.374 GPU_Scheduler_0] Admitted 1 requests for model_4
[2026-08-19 14:12:32.549 GPU_Scheduler_0] Admitted 1 requests for model_1
[2026-08-19 14:12:32.561 GPU_Scheduler_0] Admitted 1 requests for model_4
[2026-08-19 14:12:32.845 GPU_Scheduler_0] Admitted 1 requests for model_1
[2026-08-19 14:12:32.867 GPU_Scheduler_0] Admitted 1 requests for model_1
[2026-08-19 14:12:33.130 GPU_Scheduler_0] Admitted 1 requests for model_4
[2026-08-19 14:12:33.173 GPU_Scheduler_0] Admitted 1 requests for model_4
[2026-08-19 14:12:33.495 GPU_Scheduler_0] Admitted 1 requests for model_1
[2026-08-19 14:12:33.666 GPU_Scheduler_0] Admitted 1 requests for model_4
[2026-08-19 14:12:33.752 GPU_Scheduler_0] Admitted 1 requests for model_1
[2026-08-19 14:12:33.763 GPU_Scheduler_1] Admitted 1 requests for model_3
[2026-08-19 14:12:33.977 GPU_Scheduler_0] Admitted 1 requests for model_1
[2026-08-19 14:12:34.138 GPU_Scheduler_0] Admitted 1 requests for model_1
[2026-08-19 14:12:34.149 GPU_Scheduler_0] Admitted 1 requests for model_1
[2026-08-19 14:12:34.245 GPU_Scheduler_1] Admitted 1 requests for model_3
[2026-08-19 14:12:34.266 GPU_Scheduler_1] Admitted 1 requests for model_3
[2026-08-19 14:12:34.374 GPU_Scheduler_0] Admitted 1 requests for model_4
[2026-08-19 14:12:34.406 GPU_Scheduler_0] Admitted 1 requests for model_1
[2026-08-19 14:12:34.717 GPU_Scheduler_0] Admitted 1 requests for model_1
[2026-08-19 14:12:34.888 GPU_Scheduler_0] Admitted 1 requests for model_1
[2026-08-19 14:12:34.994 GPU_Scheduler_1] Admitted 1 requests for model_3
[2026-08-19 14:12:35.039 GPU_Scheduler_0] Admitted 1 requests for model_1
[2026-08-19 14:12:35.126 GPU_Scheduler_0] Admitted 1 requests for model_1
[2026-08-19 14:12:35.351 GPU_Scheduler_0] Admitted 1 requests for model_1
[2026-08-19 14:12:35.406 GPU_Scheduler_1] Admitted 2 requests for model_3
[2026-08-19 14:12:35.640 GPU_Scheduler_0] Admitted 1 requests for model_1
[2026-08-19 14:12:35.683 GPU_Scheduler_0] Admitted 1 requests for model_1
[2026-08-19 14:12:35.865 GPU_Scheduler_0] Admitted 1 requests for model_1
[2026-08-19 14:12:35.876 GPU_Scheduler_0] Admitted 1 requests for model_4
[2026-08-19 14:12:36.101 GPU_Scheduler_0] Admitted 1 requests for model_1
[2026-08-19 14:12:36.112 GPU_Scheduler_0] Admitted 1 requests for model_4
[2026-08-19 14:12:36.860 GPU_Scheduler_0] Admitted 1 requests for model_4
[2026-08-19 14:12:36.967 GPU_Scheduler_0] Admitted 1 requests for model_4
[2026-08-19 14:12:37.106 GPU_Scheduler_0] Admitted 1 requests for model_1
[2026-08-19 14:12:37.189 GPU_Scheduler_1] Admitted 1 requests for model_3
[2026-08-19 14:12:37.203 GPU_Scheduler_0] Admitted 1 requests for model_4
[2026-08-19 14:12:37.243 GPU_Scheduler_1] Admitted 1 requests for model_3
[2026-08-19 14:12:37.396 GPU_Scheduler_0] Admitted 1 requests for model_1
[2026-08-19 14:12:37.499 GPU_Scheduler_1] Admitted 1 requests for model_3
[2026-08-19 14:12:37.510 GPU_Scheduler_1] Admitted 1 requests for model_3
[2026-08-19 14:12:37.535 GPU_Scheduler_0] Admitted 1 requests for model_1
[2026-08-19 14:12:37.706 GPU_Scheduler_0] Admitted 1 requests for model_1
[2026-08-19 14:12:37.739 GPU_Scheduler_0] Admitted 1 requests for model_1
[2026-08-19 14:12:37.889 GPU_Scheduler_0] Admitted 1 requests for model_4
[2026-08-19 14:12:37.942 GPU_Scheduler_0] Admitted 1 requests for model_1
[2026-08-19 14:12:37.954 GPU_Scheduler_0] Admitted 1 requests for model_1
[2026-08-19 14:12:38.082 GPU_Scheduler_1] Admitted 1 requests for model_3
[2026-08-19 14:12:38.126 GPU_Scheduler_1] Admitted 1 requests for model_3
[2026-08-19 14:12:38.211 GPU_Scheduler_0] Admitted 1 requests for model_1
[2026-08-19 14:12:38.435 GPU_Scheduler_0] Admitted 1 requests for model_4
[2026-08-19 14:12:38.628 GPU_Scheduler_0] Admitted 1 requests for model_1
[2026-08-19 14:12:38.661 GPU_Scheduler_0] Admitted 1 requests for model_1
[2026-08-19 14:12:38.692 GPU_Scheduler_1] Admitted 1 requests for model_3
[2026-08-19 14:12:38.767 GPU_Scheduler_1] Admitted 1 requests for model_3
[2026-08-19 14:12:39.030 GPU_Scheduler_0] Admitted 1 requests for model_1
[2026-08-19 14:12:39.746 GPU_Scheduler_0] Admitted 1 requests for model_1
[2026-08-19 14:12:39.889 GPU_Scheduler_0] Admitted 1 requests for model_1
[2026-08-19 14:12:40.570 GPU_Scheduler_0] Admitted 2 requests for model_1
[2026-08-19 14:12:40.819 GPU_Scheduler_0] Admitted 1 requests for model_1
[2026-08-19 14:12:40.895 GPU_Scheduler_0] Admitted 1 requests for model_4
[2026-08-19 14:12:40.959 GPU_Scheduler_0] Admitted 1 requests for model_1
[2026-08-19 14:12:41.014 GPU_Scheduler_1] Admitted 1 requests for model_3
[2026-08-19 14:12:41.123 GPU_Scheduler_0] Admitted 1 requests for model_1
[2026-08-19 14:12:41.187 GPU_Scheduler_0] Admitted 1 requests for model_1
[2026-08-19 14:12:41.208 GPU_Scheduler_1] Admitted 1 requests for model_3
[2026-08-19 14:12:42.056 GPU_Scheduler_0] Admitted 1 requests for model_1
[2026-08-19 14:12:42.057 GPU_Scheduler_0] Admitted 1 requests for model_4
[2026-08-19 14:12:42.175 GPU_Scheduler_0] Admitted 1 requests for model_1
[2026-08-19 14:12:42.229 GPU_Scheduler_0] Admitted 1 requests for model_1
[2026-08-19 14:12:42.272 GPU_Scheduler_0] Admitted 1 requests for model_1
[2026-08-19 14:12:42.283 GPU_Scheduler_0] Admitted 1 requests for model_1
[2026-08-19 14:12:42.391 GPU_Scheduler_1] Admitted 1 requests for model_3
[2026-08-19 14:12:42.464 GPU_Scheduler_0] Admitted 1 requests for model_1
[2026-08-19 14:12:42.662 GPU_Scheduler_0] Admitted 1 requests for model_4
[2026-08-19 14:12:42.780 GPU_Scheduler_0] Admitted 1 requests for model_1
[2026-08-19 14:12:43.080 GPU_Scheduler_0] Admitted 1 requests for model_1
[2026-08-19 14:12:43.187 GPU_Scheduler_0] Admitted 1 requests for model_1
[2026-08-19 14:12:43.219 GPU_Scheduler_0] Admitted 1 requests for model_1
[2026-08-19 14:12:43.220 GPU_Scheduler_0] Admitted 1 requests for model_4
[2026-08-19 14:12:43.408 GPU_Scheduler_0] Admitted 1 requests for model_1
[2026-08-19 14:12:43.470 GPU_Scheduler_1] Admitted 1 requests for model_3
[2026-08-19 14:12:43.604 GPU_Scheduler_0] Admitted 1 requests for model_4
[2026-08-19 14:12:43.649 GPU_Scheduler_0] Admitted 1 requests for model_4
[2026-08-19 14:12:43.660 GPU_Scheduler_0] Admitted 1 requests for model_4
[2026-08-19 14:12:43.909 GPU_Scheduler_1] Admitted 1 requests for model_3
[2026-08-19 14:12:43.979 GPU_Scheduler_0] Admitted 1 requests for model_1
[2026-08-19 14:12:44.057 GPU_Scheduler_0] Admitted 1 requests for model_1
[2026-08-19 14:12:44.289 GPU_Scheduler_0] Admitted 1 requests for model_1
[2026-08-19 14:12:44.389 GPU_Scheduler_0] Admitted 1 requests for model_4
[2026-08-19 14:12:44.432 GPU_Scheduler_1] Admitted 1 requests for model_3
[2026-08-19 14:12:44.632 GPU_Scheduler_0] Admitted 1 requests for model_1
[2026-08-19 14:12:44.644 GPU_Scheduler_0] Admitted 1 requests for model_1
[2026-08-19 14:12:44.721 GPU_Scheduler_0] Admitted 1 requests for model_1
[2026-08-19 14:12:44.782 GPU_Scheduler_1] Admitted 1 requests for model_3
[2026-08-19 14:12:44.871 GPU_Scheduler_1] Admitted 1 requests for model_3
[2026-08-19 14:12:44.920 GPU_Scheduler_0] Admitted 1 requests for model_4
[2026-08-19 14:12:44.954 GPU_Scheduler_0] Admitted 1 requests for model_1
[2026-08-19 14:12:45.235 GPU_Scheduler_1] Admitted 1 requests for model_3
[2026-08-19 14:12:45.238 GPU_Scheduler_0] Admitted 1 requests for model_4
[2026-08-19 14:12:45.293 GPU_Scheduler_0] Admitted 1 requests for model_1
[2026-08-19 14:12:45.370 GPU_Scheduler_0] Admitted 1 requests for model_1
[2026-08-19 14:12:45.524 GPU_Scheduler_0] Admitted 1 requests for model_4
[2026-08-19 14:12:45.546 GPU_Scheduler_0] Admitted 1 requests for model_1
[2026-08-19 14:12:45.645 GPU_Scheduler_0] Admitted 1 requests for model_1
[2026-08-19 14:12:45.798 GPU_Scheduler_0] Admitted 1 requests for model_4
[2026-08-19 14:12:45.843 GPU_Scheduler_0] Admitted 1 requests for model_4
[2026-08-19 14:12:46.052 GPU_Scheduler_0] Admitted 1 requests for model_1
[2026-08-19 14:12:46.096 GPU_Scheduler_0] Admitted 1 requests for model_1
[2026-08-19 14:12:46.181 GPU_Scheduler_1] Admitted 1 requests for model_3
[2026-08-19 14:12:46.208 GPU_Scheduler_0] Admitted 1 requests for model_1
[2026-08-19 14:12:46.219 GPU_Scheduler_0] Admitted 1 requests for model_1
[2026-08-19 14:12:46.442 GPU_Scheduler_0] Admitted 1 requests for model_1
[2026-08-19 14:12:46.487 GPU_Scheduler_0] Admitted 1 requests for model_1
[2026-08-19 14:12:46.641 GPU_Scheduler_0] Admitted 1 requests for model_1
[2026-08-19 14:12:46.675 GPU_Scheduler_0] Admitted 1 requests for model_4
[2026-08-19 14:12:47.116 GPU_Scheduler_0] Admitted 1 requests for model_1
[2026-08-19 14:12:47.707 GPU_Scheduler_0] Admitted 2 requests for model_1
[2026-08-19 14:12:47.772 GPU_Scheduler_1] Admitted 1 requests for model_3
[2026-08-19 14:12:47.777 GPU_Scheduler_0] Admitted 1 requests for model_1
[2026-08-19 14:12:48.126 GPU_Scheduler_0] Admitted 1 requests for model_4
[2026-08-19 14:12:48.173 GPU_Scheduler_0] Admitted 1 requests for model_1
[2026-08-19 14:12:48.290 GPU_Scheduler_0] Admitted 1 requests for model_4
[2026-08-19 14:12:48.337 GPU_Scheduler_0] Admitted 1 requests for model_1
[2026-08-19 14:12:48.524 GPU_Scheduler_1] Admitted 1 requests for model_3
[2026-08-19 14:12:48.524 GPU_Scheduler_0] Admitted 1 requests for model_1
[2026-08-19 14:12:48.571 GPU_Scheduler_0] Admitted 1 requests for model_1
[2026-08-19 14:12:48.654 GPU_Scheduler_0] Admitted 1 requests for model_4
[2026-08-19 14:12:48.850 GPU_Scheduler_0] Admitted 1 requests for model_4
[2026-08-19 14:12:49.003 GPU_Scheduler_0] Admitted 1 requests for model_1
[2026-08-19 14:12:49.298 GPU_Scheduler_0] Admitted 1 requests for model_1
[2026-08-19 14:12:49.345 GPU_Scheduler_0] Admitted 2 requests for model_1
[2026-08-19 14:12:49.393 GPU_Scheduler_0] Admitted 1 requests for model_1
[2026-08-19 14:12:49.474 GPU_Scheduler_0] Admitted 1 requests for model_1
[2026-08-19 14:12:49.510 GPU_Scheduler_0] Admitted 1 requests for model_1
[2026-08-19 14:12:49.590 GPU_Scheduler_0] Admitted 1 requests for model_1
[2026-08-19 14:12:49.809 GPU_Scheduler_0] Admitted 1 requests for model_1
[2026-08-19 14:12:49.992 GPU_Scheduler_1] Admitted 1 requests for model_3
[2026-08-19 14:12:50.063 GPU_Scheduler_0] Admitted 1 requests for model_1
[2026-08-19 14:12:50.133 GPU_Scheduler_0] Admitted 1 requests for model_4
[2026-08-19 14:12:50.448 GPU_Scheduler_0] Admitted 1 requests for model_4
[2026-08-19 14:12:50.484 GPU_Scheduler_0] Admitted 1 requests for model_4
[2026-08-19 14:12:50.877 GPU_Scheduler_0] Admitted 1 requests for model_4
[2026-08-19 14:12:50.993 GPU_Scheduler_0] Admitted 1 requests for model_1
[2026-08-19 14:12:51.291 GPU_Scheduler_0] Admitted 1 requests for model_1
[2026-08-19 14:12:51.500 GPU_Scheduler_0] Admitted 1 requests for model_4
[2026-08-19 14:12:51.697 GPU_Scheduler_0] Admitted 1 requests for model_1
[2026-08-19 14:12:51.872 GPU_Scheduler_0] Admitted 1 requests for model_1
[2026-08-19 14:12:51.911 GPU_Scheduler_1] Admitted 1 requests for model_3
[2026-08-19 14:12:52.087 GPU_Scheduler_1] Admitted 1 requests for model_3
[2026-08-19 14:12:52.300 GPU_Scheduler_0] Admitted 1 requests for model_1
[2026-08-19 14:12:52.498 GPU_Scheduler_0] Admitted 1 requests for model_1
[2026-08-19 14:12:52.579 GPU_Scheduler_0] Admitted 1 requests for model_1
[2026-08-19 14:12:52.963 GPU_Scheduler_0] Admitted 1 requests for model_1
[2026-08-19 14:12:53.114 GPU_Scheduler_0] Admitted 1 requests for model_1
[2026-08-19 14:12:53.208 GPU_Scheduler_0] Admitted 1 requests for model_1
[2026-08-19 14:12:53.208 GPU_Scheduler_1] Admitted 1 requests for model_3
[2026-08-19 14:12:53.383 GPU_Scheduler_0] Admitted 1 requests for model_4
[2026-08-19 14:12:53.418 GPU_Scheduler_0] Admitted 1 requests for model_1
[2026-08-19 14:12:53.684 GPU_Scheduler_0] Admitted 2 requests for model_1
[2026-08-19 14:12:53.755 GPU_Scheduler_0] Admitted 1 requests for model_4
[2026-08-19 14:12:53.779 GPU_Scheduler_0] Admitted 1 requests for model_1
[2026-08-19 14:12:53.850 GPU_Scheduler_0] Admitted 1 requests for model_1
[2026-08-19 14:12:53.909 GPU_Scheduler_0] Admitted 1 requests for model_1
[2026-08-19 14:12:54.083 GPU_Scheduler_0] Admitted 1 requests for model_4
[2026-08-19 14:12:54.119 GPU_Scheduler_0] Admitted 1 requests for model_1
[2026-08-19 14:12:54.143 GPU_Scheduler_0] Admitted 1 requests for model_4
[2026-08-19 14:12:54.306 GPU_Scheduler_0] Admitted 1 requests for model_4
[2026-08-19 14:12:54.330 GPU_Scheduler_0] Admitted 1 requests for model_4
[2026-08-19 14:12:54.528 GPU_Scheduler_0] Admitted 1 requests for model_1
[2026-08-19 14:12:54.802 GPU_Scheduler_1] Admitted 1 requests for model_3
[2026-08-19 14:12:54.922 GPU_Scheduler_0] Admitted 1 requests for model_4
[2026-08-19 14:12:54.923 GPU_Scheduler_1] Admitted 1 requests for model_3
[2026-08-19 14:12:54.969 GPU_Scheduler_0] Admitted 1 requests for model_1
[2026-08-19 14:12:55.004 GPU_Scheduler_0] Admitted 1 requests for model_1
[2026-08-19 14:12:55.051 GPU_Scheduler_0] Admitted 1 requests for model_1
[2026-08-19 14:12:55.198 GPU_Scheduler_1] Admitted 1 requests for model_3
[2026-08-19 14:12:55.201 GPU_Scheduler_0] Admitted 1 requests for model_1
[2026-08-19 14:12:55.411 GPU_Scheduler_0] Admitted 1 requests for model_1
[2026-08-19 14:12:55.549 GPU_Scheduler_0] Admitted 1 requests for model_1
[2026-08-19 14:12:55.643 GPU_Scheduler_0] Admitted 1 requests for model_4
[2026-08-19 14:12:55.863 GPU_Scheduler_0] Admitted 1 requests for model_1
[2026-08-19 14:12:56.196 GPU_Scheduler_0] Admitted 1 requests for model_1
[2026-08-19 14:12:56.220 GPU_Scheduler_0] Admitted 1 requests for model_4
[2026-08-19 14:12:56.323 GPU_Scheduler_1] Admitted 1 requests for model_3
[2026-08-19 14:12:56.462 GPU_Scheduler_1] Admitted 1 requests for model_3
[2026-08-19 14:12:56.749 GPU_Scheduler_0] Admitted 1 requests for model_1
[2026-08-19 14:12:56.819 GPU_Scheduler_0] Admitted 1 requests for model_1
[2026-08-19 14:12:57.142 GPU_Scheduler_0] Admitted 1 requests for model_1
[2026-08-19 14:12:57.212 GPU_Scheduler_1] Admitted 1 requests for model_3
[2026-08-19 14:12:57.213 GPU_Scheduler_0] Admitted 1 requests for model_4
[2026-08-19 14:12:57.483 GPU_Scheduler_1] Admitted 1 requests for model_3
[2026-08-19 14:12:57.704 GPU_Scheduler_0] Admitted 2 requests for model_1
[2026-08-19 14:12:57.775 GPU_Scheduler_0] Admitted 1 requests for model_1
[2026-08-19 14:12:57.935 GPU_Scheduler_1] Admitted 1 requests for model_3
[2026-08-19 14:12:57.963 GPU_Scheduler_0] Admitted 1 requests for model_1
[2026-08-19 14:12:58.081 GPU_Scheduler_0] Admitted 1 requests for model_1
[2026-08-19 14:12:58.646 GPU_Scheduler_0] Received deactivate request for model model_5
[2026-08-19 14:12:58.647 GPU_Scheduler_0] Received deactivate request for model_5, model_states: {'model_1': 'activated', 'model_2': 'deactivated', 'model_3': 'deactivated', 'model_4': 'activated', 'model_5': 'deactivating', 'model_6': 'deactivated'}
[2026-08-19 14:12:58.647 GPU_Scheduler_0] Release worker 2 from model model_5. Current model_to_worker: {'model_1': 0, 'model_4': 1}
[2026-08-19 14:12:58.649 GPU_Scheduler_1] Received deactivate request for model model_2
[2026-08-19 14:12:58.649 GPU_Scheduler_1] Received deactivate request for model_2, model_states: {'model_1': 'deactivated', 'model_2': 'deactivating', 'model_3': 'activated', 'model_4': 'deactivated', 'model_5': 'deactivated', 'model_6': 'activated'}
[2026-08-19 14:12:58.649 GPU_Scheduler_1] Release worker 0 from model model_2. Current model_to_worker: {'model_3': 1, 'model_6': 2}
[2026-08-19 14:12:58.650 GPU_Scheduler_1] Received deactivate request for model model_6
[2026-08-19 14:12:58.650 GPU_Scheduler_1] Received deactivate request for model_6, model_states: {'model_1': 'deactivated', 'model_2': 'deactivating', 'model_3': 'activated', 'model_4': 'deactivated', 'model_5': 'deactivated', 'model_6': 'deactivating'}
[2026-08-19 14:12:58.650 GPU_Scheduler_1] Release worker 2 from model model_6. Current model_to_worker: {'model_3': 1}
[2026-08-19 14:12:58.651 GPU_Scheduler_0] Admitted 1 requests for model_1
[2026-08-19 14:12:58.663 GPU_Scheduler_0] Admitted 1 requests for model_1
[2026-08-19 14:12:58.745 GPU_Scheduler_0] Admitted 1 requests for model_1
[2026-08-19 14:12:59.188 GPU_Scheduler_0] Admitted 1 requests for model_4
[2026-08-19 14:12:59.212 GPU_Scheduler_0] Admitted 1 requests for model_4
[2026-08-19 14:12:59.266 GPU_Scheduler_1] Admitted 1 requests for model_3
[2026-08-19 14:12:59.282 GPU_Scheduler_0] Admitted 1 requests for model_4
[2026-08-19 14:12:59.364 GPU_Scheduler_0] Admitted 1 requests for model_1
[2026-08-19 14:12:59.389 GPU_Scheduler_0] Admitted 1 requests for model_1
[2026-08-19 14:12:59.657 GPU_Scheduler_0] Admitted 1 requests for model_1
[2026-08-19 14:12:59.809 GPU_Scheduler_0] Admitted 1 requests for model_1
[2026-08-19 14:12:59.856 GPU_Scheduler_0] Admitted 1 requests for model_4
[2026-08-19 14:12:59.879 GPU_Scheduler_0] Admitted 1 requests for model_4
[2026-08-19 14:12:59.938 GPU_Scheduler_0] Admitted 1 requests for model_1
[2026-08-19 14:12:59.998 GPU_Scheduler_0] Admitted 1 requests for model_4
[2026-08-19 14:13:00.022 GPU_Scheduler_0] Admitted 1 requests for model_4
[2026-08-19 14:13:00.152 GPU_Scheduler_0] Admitted 1 requests for model_1
[2026-08-19 14:13:00.199 GPU_Scheduler_0] Admitted 1 requests for model_1
[2026-08-19 14:13:00.246 GPU_Scheduler_0] Admitted 1 requests for model_1
[2026-08-19 14:13:00.338 GPU_Scheduler_1] Model model_2 (instance 1) deactivation succeeded on GPU 1
[2026-08-19 14:13:00.613 GPU_Scheduler_0] Model model_5 (instance 0) deactivation succeeded on GPU 0
[2026-08-19 14:13:00.615 GPU_Scheduler_1] Model model_6 (instance 1) deactivation succeeded on GPU 1
[2026-08-19 14:13:00.843 GPU_Scheduler_0] Admitted 1 requests for model_4
[2026-08-19 14:13:00.855 GPU_Scheduler_0] Admitted 1 requests for model_1
[2026-08-19 14:13:00.944 GPU_Scheduler_0] Admitted 1 requests for model_1
[2026-08-19 14:13:01.011 GPU_Scheduler_0] Admitted 1 requests for model_1
[2026-08-19 14:13:01.145 GPU_Scheduler_0] Admitted 1 requests for model_4
[2026-08-19 14:13:01.256 GPU_Scheduler_0] Admitted 1 requests for model_1
[2026-08-19 14:13:01.324 GPU_Scheduler_0] Admitted 1 requests for model_1
[2026-08-19 14:13:01.347 GPU_Scheduler_0] Admitted 1 requests for model_1
[2026-08-19 14:13:01.392 GPU_Scheduler_0] Admitted 1 requests for model_4
[2026-08-19 14:13:01.525 GPU_Scheduler_0] Admitted 1 requests for model_4
[2026-08-19 14:13:01.654 GPU_Scheduler_1] Admitted 1 requests for model_3
[2026-08-19 14:13:01.781 GPU_Scheduler_0] Admitted 1 requests for model_1
[2026-08-19 14:13:01.794 GPU_Scheduler_0] Admitted 1 requests for model_1
[2026-08-19 14:13:01.861 GPU_Scheduler_0] Admitted 1 requests for model_4
[2026-08-19 14:13:02.045 GPU_Scheduler_1] Admitted 1 requests for model_3
[2026-08-19 14:13:02.115 GPU_Scheduler_0] Admitted 1 requests for model_1
[2026-08-19 14:13:02.259 GPU_Scheduler_1] Admitted 1 requests for model_3
[2026-08-19 14:13:02.288 GPU_Scheduler_0] Admitted 1 requests for model_1
[2026-08-19 14:13:02.299 GPU_Scheduler_0] Admitted 1 requests for model_1
[2026-08-19 14:13:02.398 GPU_Scheduler_0] Admitted 1 requests for model_1
[2026-08-19 14:13:02.409 GPU_Scheduler_0] Admitted 1 requests for model_4
[2026-08-19 14:13:02.634 GPU_Scheduler_1] Admitted 1 requests for model_3
[2026-08-19 14:13:02.634 GPU_Scheduler_0] Admitted 1 requests for model_1
[2026-08-19 14:13:02.752 GPU_Scheduler_0] Admitted 1 requests for model_4
[2026-08-19 14:13:02.784 GPU_Scheduler_0] Admitted 1 requests for model_1
[2026-08-19 14:13:02.838 GPU_Scheduler_0] Admitted 1 requests for model_4
[2026-08-19 14:13:02.913 GPU_Scheduler_0] Admitted 1 requests for model_4
[2026-08-19 14:13:03.484 GPU_Scheduler_1] Admitted 1 requests for model_3
[2026-08-19 14:13:03.543 GPU_Scheduler_0] Admitted 1 requests for model_1
[2026-08-19 14:13:03.554 GPU_Scheduler_0] Admitted 1 requests for model_1
[2026-08-19 14:13:03.714 GPU_Scheduler_0] Admitted 1 requests for model_1
[2026-08-19 14:13:03.726 GPU_Scheduler_0] Admitted 1 requests for model_1
[2026-08-19 14:13:03.806 GPU_Scheduler_1] Admitted 1 requests for model_3
[2026-08-19 14:13:03.982 GPU_Scheduler_0] Admitted 1 requests for model_4
[2026-08-19 14:13:04.250 GPU_Scheduler_0] Admitted 1 requests for model_4
[2026-08-19 14:13:04.293 GPU_Scheduler_0] Admitted 1 requests for model_4
[2026-08-19 14:13:04.347 GPU_Scheduler_1] Admitted 1 requests for model_3
[2026-08-19 14:13:04.357 GPU_Scheduler_0] Admitted 2 requests for model_1
[2026-08-19 14:13:04.465 GPU_Scheduler_0] Admitted 1 requests for model_1
[2026-08-19 14:13:04.572 GPU_Scheduler_0] Admitted 1 requests for model_1
[2026-08-19 14:13:04.733 GPU_Scheduler_0] Admitted 1 requests for model_1
[2026-08-19 14:13:04.787 GPU_Scheduler_0] Admitted 1 requests for model_4
[2026-08-19 14:13:04.926 GPU_Scheduler_0] Admitted 1 requests for model_1
[2026-08-19 14:13:05.023 GPU_Scheduler_0] Admitted 1 requests for model_4
[2026-08-19 14:13:05.064 GPU_Scheduler_1] Admitted 1 requests for model_3
[2026-08-19 14:13:05.301 GPU_Scheduler_0] Admitted 1 requests for model_4
[2026-08-19 14:13:05.376 GPU_Scheduler_1] Admitted 2 requests for model_3
[2026-08-19 14:13:05.504 GPU_Scheduler_0] Admitted 1 requests for model_1
[2026-08-19 14:13:05.537 GPU_Scheduler_0] Admitted 1 requests for model_1
[2026-08-19 14:13:05.591 GPU_Scheduler_0] Admitted 1 requests for model_1
[2026-08-19 14:13:05.591 GPU_Scheduler_0] Admitted 1 requests for model_4
[2026-08-19 14:13:05.699 GPU_Scheduler_0] Admitted 1 requests for model_1
[2026-08-19 14:13:05.812 GPU_Scheduler_1] Admitted 1 requests for model_3
[2026-08-19 14:13:06.148 GPU_Scheduler_0] Admitted 1 requests for model_1
[2026-08-19 14:13:06.254 GPU_Scheduler_0] Admitted 1 requests for model_4
[2026-08-19 14:13:06.506 GPU_Scheduler_0] Admitted 1 requests for model_1
[2026-08-19 14:13:06.527 GPU_Scheduler_0] Admitted 1 requests for model_1
[2026-08-19 14:13:06.748 GPU_Scheduler_0] Admitted 1 requests for model_1
[2026-08-19 14:13:06.812 GPU_Scheduler_0] Admitted 1 requests for model_1
[2026-08-19 14:13:06.928 GPU_Scheduler_0] Admitted 1 requests for model_1
[2026-08-19 14:13:07.065 GPU_Scheduler_0] Admitted 1 requests for model_4
[2026-08-19 14:13:07.125 GPU_Scheduler_1] Admitted 1 requests for model_3
[2026-08-19 14:13:07.364 GPU_Scheduler_0] Admitted 1 requests for model_4
[2026-08-19 14:13:07.386 GPU_Scheduler_0] Admitted 1 requests for model_1
[2026-08-19 14:13:07.461 GPU_Scheduler_0] Admitted 1 requests for model_4
[2026-08-19 14:13:07.568 GPU_Scheduler_0] Admitted 1 requests for model_1
[2026-08-19 14:13:07.601 GPU_Scheduler_0] Admitted 1 requests for model_1
[2026-08-19 14:13:07.812 GPU_Scheduler_1] Admitted 1 requests for model_3
[2026-08-19 14:13:07.967 GPU_Scheduler_0] Admitted 1 requests for model_1
[2026-08-19 14:13:08.206 GPU_Scheduler_1] Admitted 1 requests for model_3
[2026-08-19 14:13:08.309 GPU_Scheduler_0] Admitted 1 requests for model_4
[2026-08-19 14:13:08.567 GPU_Scheduler_0] Admitted 1 requests for model_1
[2026-08-19 14:13:09.072 GPU_Scheduler_0] Admitted 1 requests for model_1
[2026-08-19 14:13:09.158 GPU_Scheduler_0] Admitted 1 requests for model_4
[2026-08-19 14:13:09.233 GPU_Scheduler_0] Admitted 1 requests for model_1
[2026-08-19 14:13:09.349 GPU_Scheduler_0] Admitted 2 requests for model_1
[2026-08-19 14:13:09.381 GPU_Scheduler_0] Admitted 1 requests for model_1
[2026-08-19 14:13:09.424 GPU_Scheduler_0] Admitted 1 requests for model_1
[2026-08-19 14:13:09.466 GPU_Scheduler_0] Admitted 1 requests for model_1
[2026-08-19 14:13:09.466 GPU_Scheduler_0] Admitted 1 requests for model_4
[2026-08-19 14:13:09.572 GPU_Scheduler_0] Admitted 1 requests for model_1
[2026-08-19 14:13:09.572 GPU_Scheduler_0] Admitted 1 requests for model_4
[2026-08-19 14:13:09.604 GPU_Scheduler_0] Admitted 1 requests for model_1
[2026-08-19 14:13:09.772 GPU_Scheduler_0] Admitted 1 requests for model_1
[2026-08-19 14:13:09.993 GPU_Scheduler_0] Admitted 1 requests for model_4
[2026-08-19 14:13:09.999 GPU_Scheduler_1] Admitted 1 requests for model_3
[2026-08-19 14:13:10.215 GPU_Scheduler_0] Admitted 1 requests for model_1
[2026-08-19 14:13:10.373 GPU_Scheduler_0] Admitted 1 requests for model_4
[2026-08-19 14:13:10.488 GPU_Scheduler_0] Admitted 1 requests for model_1
[2026-08-19 14:13:10.688 GPU_Scheduler_0] Admitted 1 requests for model_1
[2026-08-19 14:13:10.849 GPU_Scheduler_1] Admitted 1 requests for model_3
[2026-08-19 14:13:10.941 GPU_Scheduler_0] Admitted 1 requests for model_1
[2026-08-19 14:13:10.945 GPU_Scheduler_1] Admitted 1 requests for model_3
[2026-08-19 14:13:10.983 GPU_Scheduler_0] Admitted 1 requests for model_4
[2026-08-19 14:13:11.256 GPU_Scheduler_0] Admitted 1 requests for model_1
[2026-08-19 14:13:11.393 GPU_Scheduler_0] Admitted 1 requests for model_4
[2026-08-19 14:13:11.845 GPU_Scheduler_0] Admitted 1 requests for model_4
[2026-08-19 14:13:11.993 GPU_Scheduler_1] Admitted 1 requests for model_3
[2026-08-19 14:13:12.171 GPU_Scheduler_0] Admitted 1 requests for model_1
[2026-08-19 14:13:12.318 GPU_Scheduler_0] Admitted 1 requests for model_4
[2026-08-19 14:13:12.470 GPU_Scheduler_1] Admitted 1 requests for model_3
[2026-08-19 14:13:12.497 GPU_Scheduler_0] Admitted 1 requests for model_4
[2026-08-19 14:13:12.844 GPU_Scheduler_0] Admitted 1 requests for model_1
[2026-08-19 14:13:12.970 GPU_Scheduler_0] Admitted 1 requests for model_4
[2026-08-19 14:13:13.241 GPU_Scheduler_1] Admitted 1 requests for model_3
[2026-08-19 14:13:13.473 GPU_Scheduler_0] Admitted 1 requests for model_4
[2026-08-19 14:13:13.515 GPU_Scheduler_0] Admitted 1 requests for model_4
[2026-08-19 14:13:13.578 GPU_Scheduler_0] Admitted 1 requests for model_1
[2026-08-19 14:13:13.694 GPU_Scheduler_0] Admitted 1 requests for model_4
[2026-08-19 14:13:13.716 GPU_Scheduler_0] Admitted 1 requests for model_4
[2026-08-19 14:13:13.801 GPU_Scheduler_1] Admitted 1 requests for model_3
[2026-08-19 14:13:13.915 GPU_Scheduler_0] Admitted 1 requests for model_4
[2026-08-19 14:13:14.273 GPU_Scheduler_0] Admitted 1 requests for model_4
[2026-08-19 14:13:14.316 GPU_Scheduler_0] Admitted 1 requests for model_4
[2026-08-19 14:13:14.775 GPU_Scheduler_0] Admitted 1 requests for model_4
[2026-08-19 14:13:14.861 GPU_Scheduler_0] Admitted 1 requests for model_1
[2026-08-19 14:13:14.875 GPU_Scheduler_1] Admitted 1 requests for model_3
[2026-08-19 14:13:15.076 GPU_Scheduler_0] Admitted 1 requests for model_1
[2026-08-19 14:13:15.108 GPU_Scheduler_0] Admitted 1 requests for model_1
[2026-08-19 14:13:15.237 GPU_Scheduler_0] Admitted 1 requests for model_4
[2026-08-19 14:13:15.453 GPU_Scheduler_0] Admitted 1 requests for model_1
[2026-08-19 14:13:15.464 GPU_Scheduler_0] Admitted 1 requests for model_1
[2026-08-19 14:13:15.498 GPU_Scheduler_0] Admitted 1 requests for model_4
[2026-08-19 14:13:15.531 GPU_Scheduler_0] Admitted 1 requests for model_4
[2026-08-19 14:13:15.710 GPU_Scheduler_1] Admitted 1 requests for model_3
[2026-08-19 14:13:16.039 GPU_Scheduler_0] Admitted 1 requests for model_1
[2026-08-19 14:13:16.049 GPU_Scheduler_1] Admitted 1 requests for model_3
[2026-08-19 14:13:16.360 GPU_Scheduler_0] Admitted 1 requests for model_1
[2026-08-19 14:13:16.413 GPU_Scheduler_0] Admitted 1 requests for model_4
[2026-08-19 14:13:16.451 GPU_Scheduler_1] Admitted 1 requests for model_3
[2026-08-19 14:13:16.508 GPU_Scheduler_0] Admitted 1 requests for model_1
[2026-08-19 14:13:16.623 GPU_Scheduler_0] Admitted 1 requests for model_4
[2026-08-19 14:13:16.687 GPU_Scheduler_0] Admitted 1 requests for model_1
[2026-08-19 14:13:16.844 GPU_Scheduler_0] Admitted 1 requests for model_1
[2026-08-19 14:13:16.950 GPU_Scheduler_0] Admitted 1 requests for model_4
[2026-08-19 14:13:17.066 GPU_Scheduler_0] Admitted 1 requests for model_1
[2026-08-19 14:13:17.448 GPU_Scheduler_1] Admitted 1 requests for model_3
[2026-08-19 14:13:17.687 GPU_Scheduler_0] Admitted 1 requests for model_1
[2026-08-19 14:13:17.709 GPU_Scheduler_0] Admitted 1 requests for model_1
[2026-08-19 14:13:17.816 GPU_Scheduler_0] Admitted 1 requests for model_1
[2026-08-19 14:13:17.956 GPU_Scheduler_0] Admitted 1 requests for model_1
[2026-08-19 14:13:18.269 GPU_Scheduler_1] Admitted 1 requests for model_3
[2026-08-19 14:13:18.318 GPU_Scheduler_0] Admitted 1 requests for model_1
[2026-08-19 14:13:18.476 GPU_Scheduler_0] Admitted 1 requests for model_4
[2026-08-19 14:13:18.570 GPU_Scheduler_0] Admitted 1 requests for model_4
[2026-08-19 14:13:18.688 GPU_Scheduler_0] Admitted 1 requests for model_4
[2026-08-19 14:13:18.839 GPU_Scheduler_0] Admitted 1 requests for model_4
[2026-08-19 14:13:18.894 GPU_Scheduler_0] Admitted 1 requests for model_1
[2026-08-19 14:13:19.012 GPU_Scheduler_0] Admitted 1 requests for model_4
[2026-08-19 14:13:19.044 GPU_Scheduler_1] Admitted 1 requests for model_3
[2026-08-19 14:13:19.409 GPU_Scheduler_0] Admitted 1 requests for model_1
[2026-08-19 14:13:19.441 GPU_Scheduler_0] Admitted 1 requests for model_1
[2026-08-19 14:13:19.452 GPU_Scheduler_0] Admitted 1 requests for model_4
[2026-08-19 14:13:19.635 GPU_Scheduler_0] Admitted 1 requests for model_4
[2026-08-19 14:13:19.647 GPU_Scheduler_0] Admitted 1 requests for model_4
[2026-08-19 14:13:19.713 GPU_Scheduler_1] Admitted 1 requests for model_3
[2026-08-19 14:13:19.744 GPU_Scheduler_0] Admitted 1 requests for model_1
[2026-08-19 14:13:19.820 GPU_Scheduler_0] Admitted 1 requests for model_1
[2026-08-19 14:13:19.906 GPU_Scheduler_0] Admitted 1 requests for model_1
[2026-08-19 14:13:19.993 GPU_Scheduler_0] Admitted 1 requests for model_1
[2026-08-19 14:13:20.059 GPU_Scheduler_0] Admitted 1 requests for model_4
[2026-08-19 14:13:20.167 GPU_Scheduler_0] Admitted 1 requests for model_4
[2026-08-19 14:13:20.255 GPU_Scheduler_0] Admitted 1 requests for model_1
[2026-08-19 14:13:20.355 GPU_Scheduler_0] Admitted 1 requests for model_4
[2026-08-19 14:13:20.543 GPU_Scheduler_0] Admitted 1 requests for model_4
[2026-08-19 14:13:20.584 GPU_Scheduler_1] Admitted 1 requests for model_3
[2026-08-19 14:13:20.810 GPU_Scheduler_0] Admitted 1 requests for model_1
[2026-08-19 14:13:20.818 GPU_Scheduler_1] Admitted 1 requests for model_3
[2026-08-19 14:13:20.822 GPU_Scheduler_0] Admitted 1 requests for model_1
[2026-08-19 14:13:20.851 GPU_Scheduler_1] Admitted 1 requests for model_3
[2026-08-19 14:13:20.862 GPU_Scheduler_1] Admitted 1 requests for model_3
[2026-08-19 14:13:20.989 GPU_Scheduler_0] Admitted 1 requests for model_1
[2026-08-19 14:13:21.112 GPU_Scheduler_0] Admitted 1 requests for model_1
[2026-08-19 14:13:21.179 GPU_Scheduler_0] Admitted 1 requests for model_1
[2026-08-19 14:13:21.191 GPU_Scheduler_0] Admitted 1 requests for model_1
[2026-08-19 14:13:21.314 GPU_Scheduler_0] Admitted 1 requests for model_4
[2026-08-19 14:13:21.380 GPU_Scheduler_0] Admitted 1 requests for model_1
[2026-08-19 14:13:21.448 GPU_Scheduler_0] Admitted 1 requests for model_1
[2026-08-19 14:13:21.504 GPU_Scheduler_0] Admitted 1 requests for model_4
[2026-08-19 14:13:21.748 GPU_Scheduler_0] Admitted 1 requests for model_4
[2026-08-19 14:13:21.849 GPU_Scheduler_0] Admitted 1 requests for model_1
[2026-08-19 14:13:21.892 GPU_Scheduler_1] Admitted 1 requests for model_3
[2026-08-19 14:13:22.004 GPU_Scheduler_0] Admitted 1 requests for model_1
[2026-08-19 14:13:22.126 GPU_Scheduler_0] Admitted 1 requests for model_4
[2026-08-19 14:13:22.242 GPU_Scheduler_1] Admitted 1 requests for model_3
[2026-08-19 14:13:22.326 GPU_Scheduler_0] Admitted 1 requests for model_1
[2026-08-19 14:13:22.371 GPU_Scheduler_0] Admitted 1 requests for model_4
[2026-08-19 14:13:22.426 GPU_Scheduler_0] Admitted 1 requests for model_4
[2026-08-19 14:13:22.846 GPU_Scheduler_0] Admitted 1 requests for model_4
[2026-08-19 14:13:23.012 GPU_Scheduler_0] Admitted 1 requests for model_1
[2026-08-19 14:13:23.145 GPU_Scheduler_0] Admitted 1 requests for model_1
[2026-08-19 14:13:23.229 GPU_Scheduler_1] Admitted 1 requests for model_3
[2026-08-19 14:13:23.323 GPU_Scheduler_0] Admitted 1 requests for model_1
[2026-08-19 14:13:23.456 GPU_Scheduler_0] Admitted 1 requests for model_4
[2026-08-19 14:13:23.566 GPU_Scheduler_0] Admitted 1 requests for model_4
[2026-08-19 14:13:23.932 GPU_Scheduler_0] Admitted 1 requests for model_4
[2026-08-19 14:13:24.044 GPU_Scheduler_0] Admitted 1 requests for model_1
[2026-08-19 14:13:24.199 GPU_Scheduler_0] Admitted 1 requests for model_4
[2026-08-19 14:13:24.265 GPU_Scheduler_0] Admitted 1 requests for model_4
[2026-08-19 14:13:24.377 GPU_Scheduler_0] Admitted 1 requests for model_1
[2026-08-19 14:13:24.433 GPU_Scheduler_0] Admitted 1 requests for model_4
[2026-08-19 14:13:24.489 GPU_Scheduler_0] Admitted 1 requests for model_1
[2026-08-19 14:13:24.831 GPU_Scheduler_1] Admitted 1 requests for model_3
[2026-08-19 14:13:24.897 GPU_Scheduler_0] Admitted 1 requests for model_4
[2026-08-19 14:13:25.250 GPU_Scheduler_0] Admitted 1 requests for model_4
[2026-08-19 14:13:25.295 GPU_Scheduler_0] Admitted 1 requests for model_1
[2026-08-19 14:13:25.775 GPU_Scheduler_1] Admitted 1 requests for model_3
[2026-08-19 14:13:26.025 GPU_Scheduler_0] Admitted 1 requests for model_4
[2026-08-19 14:13:26.158 GPU_Scheduler_0] Admitted 1 requests for model_1
[2026-08-19 14:13:26.269 GPU_Scheduler_0] Admitted 1 requests for model_1
[2026-08-19 14:13:26.423 GPU_Scheduler_1] Admitted 1 requests for model_3
[2026-08-19 14:13:26.513 GPU_Scheduler_0] Admitted 1 requests for model_1
[2026-08-19 14:13:26.558 GPU_Scheduler_0] Admitted 1 requests for model_1
[2026-08-19 14:13:26.835 GPU_Scheduler_0] Admitted 1 requests for model_1
[2026-08-19 14:13:26.991 GPU_Scheduler_0] Admitted 1 requests for model_1
[2026-08-19 14:13:27.002 GPU_Scheduler_0] Admitted 1 requests for model_1
[2026-08-19 14:13:27.027 GPU_Scheduler_1] Admitted 1 requests for model_3
[2026-08-19 14:13:27.423 GPU_Scheduler_0] Admitted 1 requests for model_1
[2026-08-19 14:13:27.535 GPU_Scheduler_0] Admitted 1 requests for model_1
[2026-08-19 14:13:27.535 GPU_Scheduler_0] Admitted 1 requests for model_4
[2026-08-19 14:13:27.757 GPU_Scheduler_0] Admitted 1 requests for model_4
[2026-08-19 14:13:27.835 GPU_Scheduler_0] Admitted 1 requests for model_4
[2026-08-19 14:13:27.880 GPU_Scheduler_0] Admitted 1 requests for model_1
[2026-08-19 14:13:27.914 GPU_Scheduler_0] Admitted 1 requests for model_1
[2026-08-19 14:13:27.948 GPU_Scheduler_0] Admitted 1 requests for model_1
[2026-08-19 14:13:28.015 GPU_Scheduler_0] Admitted 1 requests for model_1
[2026-08-19 14:13:28.105 GPU_Scheduler_0] Admitted 1 requests for model_1
[2026-08-19 14:13:28.249 GPU_Scheduler_0] Admitted 1 requests for model_1
[2026-08-19 14:13:28.283 GPU_Scheduler_0] Admitted 1 requests for model_4
[2026-08-19 14:13:28.372 GPU_Scheduler_0] Admitted 1 requests for model_4
[2026-08-19 14:13:28.490 GPU_Scheduler_1] Admitted 1 requests for model_3
[2026-08-19 14:13:28.554 GPU_Scheduler_1] Admitted 1 requests for model_3
[2026-08-19 14:13:28.595 GPU_Scheduler_0] Admitted 1 requests for model_1
[2026-08-19 14:13:28.706 GPU_Scheduler_0] Admitted 1 requests for model_1
[2026-08-19 14:13:28.852 GPU_Scheduler_1] Admitted 1 requests for model_3
[2026-08-19 14:13:28.894 GPU_Scheduler_0] Admitted 1 requests for model_1
[2026-08-19 14:13:28.917 GPU_Scheduler_0] Admitted 1 requests for model_1
[2026-08-19 14:13:29.235 GPU_Scheduler_1] Admitted 1 requests for model_3
[2026-08-19 14:13:29.448 GPU_Scheduler_1] Admitted 1 requests for model_3
[2026-08-19 14:13:29.812 GPU_Scheduler_0] Admitted 1 requests for model_4
[2026-08-19 14:13:29.890 GPU_Scheduler_0] Admitted 1 requests for model_1
[2026-08-19 14:13:30.002 GPU_Scheduler_0] Admitted 1 requests for model_4
[2026-08-19 14:13:30.357 GPU_Scheduler_0] Admitted 1 requests for model_1
[2026-08-19 14:13:30.500 GPU_Scheduler_0] Admitted 1 requests for model_1
[2026-08-19 14:13:30.612 GPU_Scheduler_0] Admitted 1 requests for model_1
[2026-08-19 14:13:30.778 GPU_Scheduler_0] Admitted 1 requests for model_1
[2026-08-19 14:13:30.822 GPU_Scheduler_0] Admitted 1 requests for model_4
[2026-08-19 14:13:31.000 GPU_Scheduler_0] Admitted 1 requests for model_4
[2026-08-19 14:13:31.078 GPU_Scheduler_0] Admitted 1 requests for model_1
[2026-08-19 14:13:31.187 GPU_Scheduler_1] Admitted 1 requests for model_3
[2026-08-19 14:13:31.211 GPU_Scheduler_0] Admitted 1 requests for model_1
[2026-08-19 14:13:31.500 GPU_Scheduler_0] Admitted 1 requests for model_1
[2026-08-19 14:13:31.500 GPU_Scheduler_0] Admitted 1 requests for model_4
[2026-08-19 14:13:31.517 GPU_Scheduler_1] Admitted 1 requests for model_3
[2026-08-19 14:13:31.615 GPU_Scheduler_1] Admitted 1 requests for model_3
[2026-08-19 14:13:31.800 GPU_Scheduler_0] Admitted 1 requests for model_4
[2026-08-19 14:13:31.850 GPU_Scheduler_1] Admitted 1 requests for model_3
[2026-08-19 14:13:32.021 GPU_Scheduler_1] Admitted 1 requests for model_3
[2026-08-19 14:13:32.288 GPU_Scheduler_0] Admitted 1 requests for model_1
[2026-08-19 14:13:32.433 GPU_Scheduler_0] Admitted 1 requests for model_1
[2026-08-19 14:13:32.500 GPU_Scheduler_0] Admitted 1 requests for model_1
[2026-08-19 14:13:32.711 GPU_Scheduler_0] Admitted 1 requests for model_4
[2026-08-19 14:13:32.778 GPU_Scheduler_0] Admitted 1 requests for model_1
[2026-08-19 14:13:32.867 GPU_Scheduler_0] Admitted 1 requests for model_1
[2026-08-19 14:13:32.979 GPU_Scheduler_0] Admitted 1 requests for model_1
[2026-08-19 14:13:33.057 GPU_Scheduler_0] Admitted 1 requests for model_1
[2026-08-19 14:13:33.160 GPU_Scheduler_1] Admitted 1 requests for model_3
[2026-08-19 14:13:33.280 GPU_Scheduler_0] Admitted 1 requests for model_4
[2026-08-19 14:13:33.391 GPU_Scheduler_0] Admitted 1 requests for model_1
[2026-08-19 14:13:33.436 GPU_Scheduler_0] Admitted 1 requests for model_1
[2026-08-19 14:13:33.714 GPU_Scheduler_1] Admitted 1 requests for model_3
[2026-08-19 14:13:33.946 GPU_Scheduler_0] Admitted 1 requests for model_4
[2026-08-19 14:13:34.046 GPU_Scheduler_0] Admitted 1 requests for model_1
[2026-08-19 14:13:34.191 GPU_Scheduler_0] Admitted 1 requests for model_4
[2026-08-19 14:13:34.214 GPU_Scheduler_0] Admitted 1 requests for model_1
[2026-08-19 14:13:34.391 GPU_Scheduler_0] Admitted 1 requests for model_1
[2026-08-19 14:13:34.746 GPU_Scheduler_0] Admitted 1 requests for model_4
[2026-08-19 14:13:34.946 GPU_Scheduler_0] Admitted 1 requests for model_1
[2026-08-19 14:13:35.125 GPU_Scheduler_0] Admitted 1 requests for model_1
[2026-08-19 14:13:35.292 GPU_Scheduler_0] Admitted 1 requests for model_1
[2026-08-19 14:13:35.693 GPU_Scheduler_1] Admitted 1 requests for model_3
[2026-08-19 14:13:35.960 GPU_Scheduler_1] Admitted 1 requests for model_3
[2026-08-19 14:13:37.442 GPU_Scheduler_1] Admitted 1 requests for model_3
[2026-08-19 14:13:37.496 GPU_Scheduler_1] Admitted 1 requests for model_3
[2026-08-19 14:13:37.783 GPU_Scheduler_1] Admitted 1 requests for model_3
[2026-08-19 14:13:38.178 GPU_Scheduler_1] Admitted 1 requests for model_3
[2026-08-19 14:13:38.276 GPU_Scheduler_1] Admitted 1 requests for model_3
[2026-08-19 14:13:38.626 GPU_Scheduler_1] Admitted 1 requests for model_3
[2026-08-19 14:13:38.871 GPU_Scheduler_1] Admitted 1 requests for model_3
[2026-08-19 14:13:38.946 GPU_Scheduler_1] Admitted 1 requests for model_3
[2026-08-19 14:13:39.038 GPU_Scheduler_1] Received activate request for model model_6
[2026-08-19 14:13:39.038 GPU_Scheduler_1] Received activate request for model_6, model_states: {'model_1': 'deactivated', 'model_2': 'deactivated', 'model_3': 'activated', 'model_4': 'deactivated', 'model_5': 'deactivated', 'model_6': 'activating'}
[2026-08-19 14:13:39.039 GPU_Scheduler_1] Assign worker 3 to model_6. Current model_to_worker: {'model_3': 1, 'model_6': 3}
[2026-08-19 14:13:39.042 GPU_Scheduler_1] Admitted 14 requests for model_6
[2026-08-19 14:13:39.137 GPU_Scheduler_1] Admitted 1 requests for model_3
[2026-08-19 14:13:39.467 GPU_Scheduler_1] Admitted 1 requests for model_3
[2026-08-19 14:13:39.642 GPU_Scheduler_1] Admitted 1 requests for model_3
[2026-08-19 14:13:40.902 GPU_Scheduler_1] Model model_6 (instance 1) activation succeeded on GPU 1
[2026-08-19 14:13:40.908 GPU_Scheduler_1] Received activate request for model model_5
[2026-08-19 14:13:40.908 GPU_Scheduler_1] Received activate request for model_5, model_states: {'model_1': 'deactivated', 'model_2': 'deactivated', 'model_3': 'activated', 'model_4': 'deactivated', 'model_5': 'activating', 'model_6': 'activated'}
[2026-08-19 14:13:40.908 GPU_Scheduler_1] Assign worker 0 to model_5. Current model_to_worker: {'model_3': 1, 'model_6': 3, 'model_5': 0}
[2026-08-19 14:13:40.909 GPU_Scheduler_1] Admitted 4 requests for model_6
[2026-08-19 14:13:40.922 GPU_Scheduler_1] Admitted 16 requests for model_5
[2026-08-19 14:13:41.050 GPU_Scheduler_1] Admitted 1 requests for model_3
[2026-08-19 14:13:41.151 GPU_Scheduler_1] Admitted 1 requests for model_6
[2026-08-19 14:13:41.287 GPU_Scheduler_1] Admitted 1 requests for model_6
[2026-08-19 14:13:41.355 GPU_Scheduler_1] Admitted 1 requests for model_3
[2026-08-19 14:13:42.589 GPU_Scheduler_1] Admitted 1 requests for model_3
[2026-08-19 14:13:42.725 GPU_Scheduler_1] Admitted 6 requests for model_6
[2026-08-19 14:13:42.774 GPU_Scheduler_1] Admitted 1 requests for model_6
[2026-08-19 14:13:43.078 GPU_Scheduler_1] Model model_5 (instance 1) activation succeeded on GPU 1
[2026-08-19 14:13:43.082 GPU_Scheduler_1] Admitted 3 requests for model_5
[2026-08-19 14:13:43.118 GPU_Scheduler_1] Admitted 1 requests for model_3
[2026-08-19 14:13:43.142 GPU_Scheduler_1] Admitted 1 requests for model_3
[2026-08-19 14:13:43.178 GPU_Scheduler_1] Admitted 1 requests for model_6
[2026-08-19 14:13:43.271 GPU_Scheduler_1] Admitted 1 requests for model_6
[2026-08-19 14:13:43.306 GPU_Scheduler_1] Admitted 1 requests for model_6
[2026-08-19 14:13:43.330 GPU_Scheduler_1] Admitted 1 requests for model_6
[2026-08-19 14:13:43.584 GPU_Scheduler_1] Admitted 1 requests for model_5
[2026-08-19 14:13:43.677 GPU_Scheduler_1] Admitted 2 requests for model_6
[2026-08-19 14:13:43.713 GPU_Scheduler_1] Admitted 1 requests for model_5
[2026-08-19 14:13:43.725 GPU_Scheduler_1] Admitted 1 requests for model_6
[2026-08-19 14:13:43.899 GPU_Scheduler_1] Admitted 1 requests for model_6
[2026-08-19 14:13:44.038 GPU_Scheduler_1] Admitted 1 requests for model_3
[2026-08-19 14:13:44.427 GPU_Scheduler_0] Received activate request for model model_2
[2026-08-19 14:13:44.427 GPU_Scheduler_0] Received activate request for model_2, model_states: {'model_1': 'activated', 'model_2': 'activating', 'model_3': 'deactivated', 'model_4': 'activated', 'model_5': 'deactivated', 'model_6': 'deactivated'}
[2026-08-19 14:13:44.427 GPU_Scheduler_0] Assign worker 3 to model_2. Current model_to_worker: {'model_1': 0, 'model_4': 1, 'model_2': 3}
[2026-08-19 14:13:44.431 GPU_Scheduler_0] Admitted 1 requests for model_2
[2026-08-19 14:13:44.477 GPU_Scheduler_1] Admitted 1 requests for model_6
[2026-08-19 14:13:44.670 GPU_Scheduler_1] Admitted 1 requests for model_6
[2026-08-19 14:13:44.693 GPU_Scheduler_1] Admitted 1 requests for model_6
[2026-08-19 14:13:44.739 GPU_Scheduler_1] Admitted 1 requests for model_3
[2026-08-19 14:13:44.808 GPU_Scheduler_1] Admitted 1 requests for model_5
[2026-08-19 14:13:45.046 GPU_Scheduler_1] Admitted 1 requests for model_6
[2026-08-19 14:13:45.448 GPU_Scheduler_1] Admitted 1 requests for model_3
[2026-08-19 14:13:45.597 GPU_Scheduler_1] Admitted 1 requests for model_6
[2026-08-19 14:13:45.667 GPU_Scheduler_0] Model model_2 (instance 0) activation succeeded on GPU 0
[2026-08-19 14:13:45.712 GPU_Scheduler_1] Admitted 1 requests for model_5
[2026-08-19 14:13:45.793 GPU_Scheduler_1] Admitted 1 requests for model_3
[2026-08-19 14:13:45.874 GPU_Scheduler_1] Admitted 1 requests for model_6
[2026-08-19 14:13:46.044 GPU_Scheduler_1] Admitted 1 requests for model_3
[2026-08-19 14:13:46.055 GPU_Scheduler_1] Admitted 1 requests for model_6
[2026-08-19 14:13:46.146 GPU_Scheduler_1] Admitted 1 requests for model_5
[2026-08-19 14:13:46.170 GPU_Scheduler_1] Admitted 1 requests for model_3
[2026-08-19 14:13:46.376 GPU_Scheduler_1] Admitted 1 requests for model_3
[2026-08-19 14:13:46.388 GPU_Scheduler_1] Admitted 1 requests for model_6
[2026-08-19 14:13:46.492 GPU_Scheduler_1] Admitted 1 requests for model_6
[2026-08-19 14:13:46.550 GPU_Scheduler_1] Admitted 1 requests for model_6
[2026-08-19 14:13:46.976 GPU_Scheduler_1] Admitted 1 requests for model_6
[2026-08-19 14:13:47.207 GPU_Scheduler_1] Admitted 1 requests for model_6
[2026-08-19 14:13:47.731 GPU_Scheduler_1] Admitted 1 requests for model_3
[2026-08-19 14:13:47.787 GPU_Scheduler_1] Admitted 1 requests for model_3
[2026-08-19 14:13:47.787 GPU_Scheduler_1] Admitted 1 requests for model_5
[2026-08-19 14:13:48.050 GPU_Scheduler_1] Admitted 1 requests for model_3
[2026-08-19 14:13:48.062 GPU_Scheduler_1] Admitted 1 requests for model_3
[2026-08-19 14:13:48.608 GPU_Scheduler_1] Admitted 1 requests for model_5
[2026-08-19 14:13:48.685 GPU_Scheduler_1] Admitted 1 requests for model_3
[2026-08-19 14:13:48.729 GPU_Scheduler_1] Admitted 1 requests for model_3
[2026-08-19 14:13:48.730 GPU_Scheduler_1] Admitted 1 requests for model_5
[2026-08-19 14:13:48.741 GPU_Scheduler_1] Admitted 1 requests for model_3
[2026-08-19 14:13:48.927 GPU_Scheduler_1] Admitted 1 requests for model_5
[2026-08-19 14:13:49.157 GPU_Scheduler_1] Admitted 1 requests for model_5
[2026-08-19 14:13:49.169 GPU_Scheduler_1] Admitted 1 requests for model_6
[2026-08-19 14:13:49.169 GPU_Scheduler_1] Admitted 1 requests for model_5
[2026-08-19 14:13:49.278 GPU_Scheduler_1] Admitted 1 requests for model_3
[2026-08-19 14:13:49.290 GPU_Scheduler_1] Admitted 1 requests for model_6
[2026-08-19 14:13:49.323 GPU_Scheduler_1] Admitted 1 requests for model_6
[2026-08-19 14:13:49.357 GPU_Scheduler_1] Admitted 1 requests for model_6
[2026-08-19 14:13:49.368 GPU_Scheduler_1] Admitted 1 requests for model_6
[2026-08-19 14:13:49.683 GPU_Scheduler_1] Admitted 1 requests for model_6
[2026-08-19 14:13:49.739 GPU_Scheduler_1] Admitted 1 requests for model_5
[2026-08-19 14:13:49.772 GPU_Scheduler_1] Admitted 1 requests for model_3
[2026-08-19 14:13:49.772 GPU_Scheduler_1] Admitted 1 requests for model_6
[2026-08-19 14:13:49.838 GPU_Scheduler_1] Admitted 1 requests for model_6
[2026-08-19 14:13:50.319 GPU_Scheduler_1] Admitted 1 requests for model_5
[2026-08-19 14:13:50.405 GPU_Scheduler_1] Admitted 1 requests for model_3
[2026-08-19 14:13:50.843 GPU_Scheduler_1] Admitted 1 requests for model_3
[2026-08-19 14:13:50.898 GPU_Scheduler_1] Admitted 1 requests for model_6
[2026-08-19 14:13:50.996 GPU_Scheduler_1] Admitted 1 requests for model_5
[2026-08-19 14:13:51.039 GPU_Scheduler_1] Admitted 1 requests for model_6
[2026-08-19 14:13:51.050 GPU_Scheduler_1] Admitted 1 requests for model_5
[2026-08-19 14:13:51.211 GPU_Scheduler_1] Admitted 1 requests for model_6
[2026-08-19 14:13:51.386 GPU_Scheduler_1] Admitted 1 requests for model_6
[2026-08-19 14:13:51.398 GPU_Scheduler_1] Admitted 1 requests for model_5
[2026-08-19 14:13:51.496 GPU_Scheduler_1] Admitted 1 requests for model_5
[2026-08-19 14:13:51.595 GPU_Scheduler_1] Admitted 1 requests for model_5
[2026-08-19 14:13:51.617 GPU_Scheduler_1] Admitted 1 requests for model_3
[2026-08-19 14:13:51.983 GPU_Scheduler_1] Admitted 1 requests for model_5
[2026-08-19 14:13:52.015 GPU_Scheduler_1] Admitted 1 requests for model_5
[2026-08-19 14:13:52.058 GPU_Scheduler_1] Admitted 1 requests for model_3
[2026-08-19 14:13:52.091 GPU_Scheduler_1] Admitted 1 requests for model_6
[2026-08-19 14:13:52.309 GPU_Scheduler_1] Admitted 1 requests for model_6
[2026-08-19 14:13:52.320 GPU_Scheduler_1] Admitted 1 requests for model_5
[2026-08-19 14:13:52.588 GPU_Scheduler_1] Admitted 1 requests for model_6
[2026-08-19 14:13:52.632 GPU_Scheduler_1] Admitted 2 requests for model_5
[2026-08-19 14:13:52.721 GPU_Scheduler_1] Admitted 1 requests for model_6
[2026-08-19 14:13:53.217 GPU_Scheduler_1] Admitted 1 requests for model_5
[2026-08-19 14:13:53.442 GPU_Scheduler_1] Admitted 1 requests for model_3
[2026-08-19 14:13:53.810 GPU_Scheduler_1] Admitted 1 requests for model_5
[2026-08-19 14:13:53.909 GPU_Scheduler_1] Admitted 1 requests for model_3
[2026-08-19 14:13:53.909 GPU_Scheduler_1] Admitted 1 requests for model_6
[2026-08-19 14:13:53.920 GPU_Scheduler_1] Admitted 1 requests for model_5
[2026-08-19 14:13:53.998 GPU_Scheduler_1] Admitted 1 requests for model_6
[2026-08-19 14:13:54.053 GPU_Scheduler_1] Admitted 1 requests for model_3
[2026-08-19 14:13:54.161 GPU_Scheduler_1] Admitted 1 requests for model_3
[2026-08-19 14:13:54.343 GPU_Scheduler_1] Admitted 1 requests for model_3
[2026-08-19 14:13:54.497 GPU_Scheduler_1] Admitted 1 requests for model_3
[2026-08-19 14:13:54.541 GPU_Scheduler_1] Admitted 1 requests for model_6
[2026-08-19 14:13:54.553 GPU_Scheduler_1] Admitted 1 requests for model_5
[2026-08-19 14:13:54.619 GPU_Scheduler_1] Admitted 1 requests for model_5
[2026-08-19 14:13:54.796 GPU_Scheduler_1] Admitted 1 requests for model_3
[2026-08-19 14:13:54.816 GPU_Scheduler_0] Admitted 1 requests for model_2
[2026-08-19 14:13:54.905 GPU_Scheduler_1] Admitted 1 requests for model_3
[2026-08-19 14:13:54.905 GPU_Scheduler_1] Admitted 1 requests for model_6
[2026-08-19 14:13:54.950 GPU_Scheduler_1] Admitted 1 requests for model_6
[2026-08-19 14:13:54.961 GPU_Scheduler_1] Admitted 1 requests for model_6
[2026-08-19 14:13:55.212 GPU_Scheduler_1] Admitted 1 requests for model_5
[2026-08-19 14:13:55.552 GPU_Scheduler_1] Admitted 1 requests for model_6
[2026-08-19 14:13:55.629 GPU_Scheduler_1] Admitted 1 requests for model_5
[2026-08-19 14:13:55.694 GPU_Scheduler_1] Admitted 1 requests for model_6
[2026-08-19 14:13:55.782 GPU_Scheduler_1] Admitted 1 requests for model_6
[2026-08-19 14:13:55.859 GPU_Scheduler_1] Admitted 1 requests for model_6
[2026-08-19 14:13:56.351 GPU_Scheduler_1] Admitted 1 requests for model_6
[2026-08-19 14:13:56.406 GPU_Scheduler_1] Admitted 1 requests for model_6
[2026-08-19 14:13:56.494 GPU_Scheduler_1] Admitted 1 requests for model_5
[2026-08-19 14:13:56.615 GPU_Scheduler_1] Admitted 1 requests for model_5
[2026-08-19 14:13:56.844 GPU_Scheduler_1] Admitted 1 requests for model_3
[2026-08-19 14:13:56.878 GPU_Scheduler_1] Admitted 1 requests for model_5
[2026-08-19 14:13:56.900 GPU_Scheduler_1] Admitted 1 requests for model_3
[2026-08-19 14:13:56.955 GPU_Scheduler_1] Admitted 1 requests for model_3
[2026-08-19 14:13:56.989 GPU_Scheduler_1] Admitted 1 requests for model_3
[2026-08-19 14:13:57.087 GPU_Scheduler_1] Admitted 1 requests for model_6
[2026-08-19 14:13:57.176 GPU_Scheduler_1] Admitted 1 requests for model_3
[2026-08-19 14:13:57.209 GPU_Scheduler_1] Admitted 1 requests for model_3
[2026-08-19 14:13:57.253 GPU_Scheduler_1] Admitted 1 requests for model_3
[2026-08-19 14:13:57.297 GPU_Scheduler_1] Admitted 1 requests for model_3
[2026-08-19 14:13:57.363 GPU_Scheduler_1] Admitted 1 requests for model_5
[2026-08-19 14:13:57.451 GPU_Scheduler_1] Admitted 1 requests for model_5
[2026-08-19 14:13:57.496 GPU_Scheduler_1] Admitted 1 requests for model_5
[2026-08-19 14:13:57.595 GPU_Scheduler_1] Admitted 1 requests for model_5
[2026-08-19 14:13:58.184 GPU_Scheduler_1] Admitted 2 requests for model_6
[2026-08-19 14:13:58.304 GPU_Scheduler_1] Admitted 1 requests for model_5
[2026-08-19 14:13:58.632 GPU_Scheduler_1] Admitted 1 requests for model_6
[2026-08-19 14:13:58.643 GPU_Scheduler_1] Admitted 1 requests for model_6
[2026-08-19 14:13:58.654 GPU_Scheduler_1] Admitted 1 requests for model_6
[2026-08-19 14:13:58.775 GPU_Scheduler_1] Admitted 1 requests for model_5
[2026-08-19 14:13:59.180 GPU_Scheduler_1] Admitted 1 requests for model_5
[2026-08-19 14:13:59.235 GPU_Scheduler_1] Admitted 1 requests for model_5
[2026-08-19 14:13:59.280 GPU_Scheduler_1] Admitted 1 requests for model_6
[2026-08-19 14:13:59.313 GPU_Scheduler_1] Admitted 1 requests for model_5
[2026-08-19 14:13:59.358 GPU_Scheduler_1] Admitted 1 requests for model_6
[2026-08-19 14:13:59.413 GPU_Scheduler_1] Admitted 1 requests for model_3
[2026-08-19 14:13:59.457 GPU_Scheduler_1] Admitted 1 requests for model_3
[2026-08-19 14:13:59.457 GPU_Scheduler_1] Admitted 1 requests for model_5
[2026-08-19 14:13:59.654 GPU_Scheduler_1] Admitted 1 requests for model_5
[2026-08-19 14:13:59.677 GPU_Scheduler_1] Admitted 1 requests for model_6
[2026-08-19 14:13:59.859 GPU_Scheduler_1] Admitted 1 requests for model_6
[2026-08-19 14:13:59.999 GPU_Scheduler_1] Admitted 1 requests for model_5
[2026-08-19 14:14:00.170 GPU_Scheduler_1] Admitted 1 requests for model_5
[2026-08-19 14:14:00.513 GPU_Scheduler_1] Admitted 1 requests for model_5
[2026-08-19 14:14:00.547 GPU_Scheduler_1] Admitted 1 requests for model_5
[2026-08-19 14:14:00.570 GPU_Scheduler_1] Admitted 1 requests for model_3
[2026-08-19 14:14:00.723 GPU_Scheduler_1] Admitted 1 requests for model_6
[2026-08-19 14:14:00.811 GPU_Scheduler_1] Admitted 1 requests for model_6
[2026-08-19 14:14:00.898 GPU_Scheduler_1] Admitted 1 requests for model_6
[2026-08-19 14:14:00.920 GPU_Scheduler_1] Admitted 1 requests for model_5
[2026-08-19 14:14:00.986 GPU_Scheduler_1] Admitted 1 requests for model_5
[2026-08-19 14:14:01.129 GPU_Scheduler_1] Admitted 1 requests for model_5
[2026-08-19 14:14:01.207 GPU_Scheduler_1] Admitted 1 requests for model_3
[2026-08-19 14:14:01.207 GPU_Scheduler_1] Admitted 1 requests for model_5
[2026-08-19 14:14:01.393 GPU_Scheduler_1] Admitted 1 requests for model_6
[2026-08-19 14:14:01.634 GPU_Scheduler_1] Admitted 1 requests for model_6
[2026-08-19 14:14:01.668 GPU_Scheduler_1] Admitted 1 requests for model_6
[2026-08-19 14:14:01.953 GPU_Scheduler_1] Admitted 1 requests for model_6
[2026-08-19 14:14:02.022 GPU_Scheduler_1] Admitted 1 requests for model_3
[2026-08-19 14:14:02.125 GPU_Scheduler_1] Admitted 1 requests for model_6
[2026-08-19 14:14:02.149 GPU_Scheduler_1] Admitted 1 requests for model_6
[2026-08-19 14:14:02.172 GPU_Scheduler_1] Admitted 1 requests for model_5
[2026-08-19 14:14:02.277 GPU_Scheduler_1] Admitted 1 requests for model_3
[2026-08-19 14:14:02.562 GPU_Scheduler_1] Admitted 1 requests for model_5
[2026-08-19 14:14:02.878 GPU_Scheduler_1] Admitted 1 requests for model_3
[2026-08-19 14:14:03.048 GPU_Scheduler_1] Admitted 1 requests for model_3
[2026-08-19 14:14:03.083 GPU_Scheduler_1] Admitted 1 requests for model_5
[2026-08-19 14:14:03.095 GPU_Scheduler_1] Admitted 1 requests for model_5
[2026-08-19 14:14:03.152 GPU_Scheduler_1] Admitted 1 requests for model_6
[2026-08-19 14:14:03.187 GPU_Scheduler_1] Admitted 1 requests for model_3
[2026-08-19 14:14:03.245 GPU_Scheduler_1] Admitted 1 requests for model_6
[2026-08-19 14:14:03.258 GPU_Scheduler_1] Admitted 1 requests for model_3
[2026-08-19 14:14:03.361 GPU_Scheduler_1] Admitted 1 requests for model_6
[2026-08-19 14:14:03.751 GPU_Scheduler_1] Admitted 1 requests for model_5
[2026-08-19 14:14:03.786 GPU_Scheduler_1] Admitted 1 requests for model_3
[2026-08-19 14:14:03.993 GPU_Scheduler_1] Admitted 1 requests for model_5
[2026-08-19 14:14:04.063 GPU_Scheduler_1] Admitted 2 requests for model_6
[2026-08-19 14:14:04.168 GPU_Scheduler_1] Admitted 1 requests for model_5
[2026-08-19 14:14:04.203 GPU_Scheduler_1] Admitted 1 requests for model_5
[2026-08-19 14:14:04.215 GPU_Scheduler_1] Admitted 1 requests for model_6
[2026-08-19 14:14:04.776 GPU_Scheduler_1] Admitted 1 requests for model_5
[2026-08-19 14:14:04.937 GPU_Scheduler_1] Admitted 1 requests for model_3
[2026-08-19 14:14:05.144 GPU_Scheduler_1] Admitted 1 requests for model_5
[2026-08-19 14:14:05.236 GPU_Scheduler_1] Admitted 1 requests for model_3
[2026-08-19 14:14:05.329 GPU_Scheduler_1] Admitted 1 requests for model_5
[2026-08-19 14:14:05.375 GPU_Scheduler_1] Admitted 1 requests for model_5
[2026-08-19 14:14:05.387 GPU_Scheduler_1] Admitted 1 requests for model_5
[2026-08-19 14:14:05.400 GPU_Scheduler_1] Admitted 1 requests for model_3
[2026-08-19 14:14:05.526 GPU_Scheduler_1] Admitted 1 requests for model_6
[2026-08-19 14:14:05.526 GPU_Scheduler_1] Admitted 1 requests for model_5
[2026-08-19 14:14:05.924 GPU_Scheduler_1] Admitted 1 requests for model_6
[2026-08-19 14:14:06.078 GPU_Scheduler_1] Admitted 1 requests for model_6
[2026-08-19 14:14:06.560 GPU_Scheduler_1] Admitted 1 requests for model_3
[2026-08-19 14:14:06.856 GPU_Scheduler_1] Admitted 1 requests for model_3
[2026-08-19 14:14:06.933 GPU_Scheduler_1] Admitted 1 requests for model_3
[2026-08-19 14:14:07.021 GPU_Scheduler_1] Admitted 1 requests for model_6
[2026-08-19 14:14:07.216 GPU_Scheduler_0] Admitted 1 requests for model_2
[2026-08-19 14:14:07.446 GPU_Scheduler_1] Admitted 1 requests for model_6
[2026-08-19 14:14:07.458 GPU_Scheduler_1] Admitted 1 requests for model_5
[2026-08-19 14:14:07.502 GPU_Scheduler_1] Admitted 1 requests for model_3
[2026-08-19 14:14:07.600 GPU_Scheduler_1] Admitted 1 requests for model_3
[2026-08-19 14:14:07.732 GPU_Scheduler_1] Admitted 1 requests for model_6
[2026-08-19 14:14:07.787 GPU_Scheduler_1] Admitted 1 requests for model_6
[2026-08-19 14:14:07.886 GPU_Scheduler_1] Admitted 1 requests for model_5
[2026-08-19 14:14:08.106 GPU_Scheduler_1] Admitted 1 requests for model_6
[2026-08-19 14:14:08.161 GPU_Scheduler_1] Admitted 1 requests for model_5
[2026-08-19 14:14:08.205 GPU_Scheduler_1] Admitted 1 requests for model_6
[2026-08-19 14:14:08.315 GPU_Scheduler_1] Admitted 1 requests for model_3
[2026-08-19 14:14:08.315 GPU_Scheduler_1] Admitted 1 requests for model_6
[2026-08-19 14:14:08.315 GPU_Scheduler_1] Admitted 1 requests for model_5
[2026-08-19 14:14:08.471 GPU_Scheduler_1] Admitted 1 requests for model_5
[2026-08-19 14:14:08.570 GPU_Scheduler_1] Admitted 1 requests for model_6
[2026-08-19 14:14:08.680 GPU_Scheduler_1] Admitted 1 requests for model_5
[2026-08-19 14:14:08.713 GPU_Scheduler_1] Admitted 1 requests for model_5
[2026-08-19 14:14:08.724 GPU_Scheduler_1] Admitted 1 requests for model_6
[2026-08-19 14:14:08.900 GPU_Scheduler_1] Admitted 1 requests for model_6
[2026-08-19 14:14:09.010 GPU_Scheduler_1] Admitted 1 requests for model_5
[2026-08-19 14:14:09.054 GPU_Scheduler_1] Admitted 1 requests for model_5
[2026-08-19 14:14:09.303 GPU_Scheduler_1] Admitted 1 requests for model_3
[2026-08-19 14:14:09.476 GPU_Scheduler_1] Admitted 1 requests for model_6
[2026-08-19 14:14:09.476 GPU_Scheduler_1] Admitted 1 requests for model_5
[2026-08-19 14:14:09.575 GPU_Scheduler_1] Admitted 1 requests for model_6
[2026-08-19 14:14:09.586 GPU_Scheduler_1] Admitted 1 requests for model_6
[2026-08-19 14:14:09.620 GPU_Scheduler_1] Admitted 1 requests for model_3
[2026-08-19 14:14:09.675 GPU_Scheduler_1] Admitted 1 requests for model_6
[2026-08-19 14:14:09.828 GPU_Scheduler_1] Admitted 1 requests for model_3
[2026-08-19 14:14:09.916 GPU_Scheduler_1] Admitted 1 requests for model_6
[2026-08-19 14:14:10.133 GPU_Scheduler_1] Admitted 1 requests for model_3
[2026-08-19 14:14:10.244 GPU_Scheduler_1] Admitted 1 requests for model_5
[2026-08-19 14:14:10.310 GPU_Scheduler_1] Admitted 1 requests for model_6
[2026-08-19 14:14:10.420 GPU_Scheduler_1] Admitted 1 requests for model_5
[2026-08-19 14:14:10.748 GPU_Scheduler_1] Admitted 1 requests for model_6
[2026-08-19 14:14:10.770 GPU_Scheduler_1] Admitted 1 requests for model_3
[2026-08-19 14:14:10.770 GPU_Scheduler_1] Admitted 1 requests for model_5
[2026-08-19 14:14:10.979 GPU_Scheduler_1] Admitted 2 requests for model_6
[2026-08-19 14:14:11.165 GPU_Scheduler_1] Admitted 1 requests for model_6
[2026-08-19 14:14:11.165 GPU_Scheduler_1] Admitted 1 requests for model_5
[2026-08-19 14:14:11.254 GPU_Scheduler_1] Admitted 1 requests for model_6
[2026-08-19 14:14:11.450 GPU_Scheduler_1] Admitted 1 requests for model_3
[2026-08-19 14:14:11.768 GPU_Scheduler_1] Admitted 1 requests for model_3
[2026-08-19 14:14:11.922 GPU_Scheduler_1] Admitted 1 requests for model_5
[2026-08-19 14:14:11.988 GPU_Scheduler_1] Admitted 1 requests for model_5
[2026-08-19 14:14:12.066 GPU_Scheduler_1] Admitted 1 requests for model_3
[2026-08-19 14:14:12.197 GPU_Scheduler_1] Admitted 1 requests for model_3
[2026-08-19 14:14:12.263 GPU_Scheduler_1] Admitted 1 requests for model_6
[2026-08-19 14:14:12.471 GPU_Scheduler_1] Admitted 1 requests for model_5
[2026-08-19 14:14:12.516 GPU_Scheduler_1] Admitted 1 requests for model_3
[2026-08-19 14:14:12.516 GPU_Scheduler_1] Admitted 1 requests for model_6
[2026-08-19 14:14:12.539 GPU_Scheduler_1] Admitted 1 requests for model_5
[2026-08-19 14:14:12.693 GPU_Scheduler_1] Admitted 1 requests for model_6
[2026-08-19 14:14:12.704 GPU_Scheduler_1] Admitted 1 requests for model_5
[2026-08-19 14:14:12.956 GPU_Scheduler_1] Admitted 1 requests for model_6
[2026-08-19 14:14:13.099 GPU_Scheduler_1] Admitted 1 requests for model_3
[2026-08-19 14:14:13.187 GPU_Scheduler_1] Admitted 1 requests for model_6
[2026-08-19 14:14:13.253 GPU_Scheduler_1] Admitted 2 requests for model_3
[2026-08-19 14:14:13.451 GPU_Scheduler_1] Admitted 1 requests for model_3
[2026-08-19 14:14:13.495 GPU_Scheduler_1] Admitted 1 requests for model_5
[2026-08-19 14:14:13.834 GPU_Scheduler_1] Admitted 1 requests for model_6
[2026-08-19 14:14:13.965 GPU_Scheduler_1] Admitted 1 requests for model_5
[2026-08-19 14:14:14.021 GPU_Scheduler_1] Admitted 1 requests for model_6
[2026-08-19 14:14:14.239 GPU_Scheduler_1] Admitted 1 requests for model_6
[2026-08-19 14:14:14.273 GPU_Scheduler_1] Admitted 1 requests for model_5
[2026-08-19 14:14:14.404 GPU_Scheduler_1] Admitted 1 requests for model_3
[2026-08-19 14:14:14.579 GPU_Scheduler_1] Admitted 1 requests for model_6
[2026-08-19 14:14:14.732 GPU_Scheduler_1] Admitted 1 requests for model_3
[2026-08-19 14:14:14.732 GPU_Scheduler_1] Admitted 1 requests for model_6
[2026-08-19 14:14:14.766 GPU_Scheduler_1] Admitted 1 requests for model_3
[2026-08-19 14:14:14.875 GPU_Scheduler_1] Admitted 1 requests for model_6
[2026-08-19 14:14:14.898 GPU_Scheduler_1] Admitted 1 requests for model_6
[2026-08-19 14:14:15.367 GPU_Scheduler_1] Admitted 1 requests for model_6
[2026-08-19 14:14:15.422 GPU_Scheduler_1] Admitted 1 requests for model_6
[2026-08-19 14:14:15.422 GPU_Scheduler_1] Admitted 1 requests for model_5
[2026-08-19 14:14:15.445 GPU_Scheduler_1] Admitted 1 requests for model_6
[2026-08-19 14:14:15.653 GPU_Scheduler_1] Admitted 1 requests for model_3
[2026-08-19 14:14:15.665 GPU_Scheduler_1] Admitted 1 requests for model_5
[2026-08-19 14:14:15.840 GPU_Scheduler_1] Admitted 2 requests for model_6
[2026-08-19 14:14:15.962 GPU_Scheduler_1] Admitted 1 requests for model_6
[2026-08-19 14:14:16.180 GPU_Scheduler_1] Admitted 1 requests for model_6
[2026-08-19 14:14:16.409 GPU_Scheduler_1] Admitted 1 requests for model_3
[2026-08-19 14:14:16.575 GPU_Scheduler_1] Admitted 1 requests for model_6
[2026-08-19 14:14:16.586 GPU_Scheduler_1] Admitted 2 requests for model_6
[2026-08-19 14:14:16.598 GPU_Scheduler_1] Admitted 1 requests for model_3
[2026-08-19 14:14:16.609 GPU_Scheduler_1] Admitted 1 requests for model_5
[2026-08-19 14:14:16.621 GPU_Scheduler_1] Admitted 1 requests for model_3
[2026-08-19 14:14:16.927 GPU_Scheduler_1] Admitted 1 requests for model_6
[2026-08-19 14:14:17.037 GPU_Scheduler_1] Admitted 1 requests for model_5
[2026-08-19 14:14:17.233 GPU_Scheduler_1] Admitted 1 requests for model_3
[2026-08-19 14:14:17.717 GPU_Scheduler_1] Admitted 1 requests for model_3
[2026-08-19 14:14:17.856 GPU_Scheduler_1] Admitted 1 requests for model_5
[2026-08-19 14:14:17.903 GPU_Scheduler_1] Admitted 2 requests for model_6
[2026-08-19 14:14:17.939 GPU_Scheduler_1] Admitted 2 requests for model_5
[2026-08-19 14:14:18.054 GPU_Scheduler_1] Admitted 1 requests for model_6
[2026-08-19 14:14:18.135 GPU_Scheduler_1] Admitted 1 requests for model_5
[2026-08-19 14:14:18.447 GPU_Scheduler_1] Admitted 1 requests for model_3
[2026-08-19 14:14:18.494 GPU_Scheduler_1] Admitted 1 requests for model_3
[2026-08-19 14:14:18.666 GPU_Scheduler_1] Admitted 1 requests for model_6
[2026-08-19 14:14:18.782 GPU_Scheduler_1] Admitted 1 requests for model_5
[2026-08-19 14:14:18.852 GPU_Scheduler_1] Admitted 1 requests for model_6
[2026-08-19 14:14:19.070 GPU_Scheduler_1] Admitted 1 requests for model_5
[2026-08-19 14:14:19.105 GPU_Scheduler_1] Admitted 1 requests for model_6
[2026-08-19 14:14:19.186 GPU_Scheduler_1] Admitted 1 requests for model_6
[2026-08-19 14:14:19.199 GPU_Scheduler_1] Admitted 1 requests for model_6
[2026-08-19 14:14:19.256 GPU_Scheduler_1] Admitted 1 requests for model_6
[2026-08-19 14:14:19.280 GPU_Scheduler_1] Admitted 1 requests for model_5
[2026-08-19 14:14:19.327 GPU_Scheduler_1] Admitted 1 requests for model_5
[2026-08-19 14:14:19.556 GPU_Scheduler_1] Admitted 1 requests for model_6
[2026-08-19 14:14:19.603 GPU_Scheduler_1] Admitted 1 requests for model_5
[2026-08-19 14:14:19.672 GPU_Scheduler_1] Admitted 1 requests for model_3
[2026-08-19 14:14:19.856 GPU_Scheduler_1] Admitted 1 requests for model_6
[2026-08-19 14:14:19.926 GPU_Scheduler_1] Admitted 1 requests for model_3
[2026-08-19 14:14:19.961 GPU_Scheduler_1] Admitted 1 requests for model_5
[2026-08-19 14:14:20.133 GPU_Scheduler_1] Admitted 1 requests for model_6
[2026-08-19 14:14:20.272 GPU_Scheduler_1] Admitted 1 requests for model_6
[2026-08-19 14:14:20.284 GPU_Scheduler_1] Admitted 1 requests for model_6
[2026-08-19 14:14:20.319 GPU_Scheduler_1] Admitted 1 requests for model_6
[2026-08-19 14:14:20.389 GPU_Scheduler_1] Admitted 1 requests for model_3
[2026-08-19 14:14:20.709 GPU_Scheduler_1] Admitted 2 requests for model_6
[2026-08-19 14:14:20.722 GPU_Scheduler_1] Admitted 1 requests for model_3
[2026-08-19 14:14:20.734 GPU_Scheduler_1] Admitted 1 requests for model_6
[2026-08-19 14:14:20.769 GPU_Scheduler_1] Admitted 1 requests for model_6
[2026-08-19 14:14:20.884 GPU_Scheduler_1] Admitted 1 requests for model_6
[2026-08-19 14:14:21.112 GPU_Scheduler_1] Admitted 1 requests for model_5
[2026-08-19 14:14:21.296 GPU_Scheduler_1] Admitted 1 requests for model_6
[2026-08-19 14:14:21.445 GPU_Scheduler_1] Admitted 1 requests for model_6
[2026-08-19 14:14:21.708 GPU_Scheduler_1] Admitted 1 requests for model_6
[2026-08-19 14:14:22.165 GPU_Scheduler_1] Admitted 1 requests for model_6
[2026-08-19 14:14:22.200 GPU_Scheduler_1] Admitted 1 requests for model_3
[2026-08-19 14:14:22.338 GPU_Scheduler_1] Admitted 1 requests for model_6
[2026-08-19 14:14:22.373 GPU_Scheduler_1] Admitted 1 requests for model_5
[2026-08-19 14:14:22.545 GPU_Scheduler_1] Admitted 1 requests for model_5
[2026-08-19 14:14:22.660 GPU_Scheduler_1] Admitted 1 requests for model_5
[2026-08-19 14:14:22.798 GPU_Scheduler_1] Admitted 1 requests for model_6
[2026-08-19 14:14:23.027 GPU_Scheduler_1] Admitted 1 requests for model_3
[2026-08-19 14:14:23.027 GPU_Scheduler_1] Admitted 1 requests for model_5
[2026-08-19 14:14:23.051 GPU_Scheduler_1] Admitted 1 requests for model_3
[2026-08-19 14:14:23.165 GPU_Scheduler_1] Admitted 1 requests for model_6
[2026-08-19 14:14:23.200 GPU_Scheduler_1] Admitted 1 requests for model_5
[2026-08-19 14:14:23.281 GPU_Scheduler_1] Admitted 1 requests for model_3
[2026-08-19 14:14:23.339 GPU_Scheduler_1] Admitted 1 requests for model_6
[2026-08-19 14:14:23.385 GPU_Scheduler_1] Admitted 1 requests for model_3
[2026-08-19 14:14:23.489 GPU_Scheduler_1] Admitted 1 requests for model_3
[2026-08-19 14:14:23.535 GPU_Scheduler_1] Admitted 1 requests for model_5
[2026-08-19 14:14:23.570 GPU_Scheduler_1] Admitted 1 requests for model_6
[2026-08-19 14:14:23.582 GPU_Scheduler_1] Admitted 1 requests for model_5
[2026-08-19 14:14:23.651 GPU_Scheduler_1] Admitted 1 requests for model_5
[2026-08-19 14:14:23.790 GPU_Scheduler_1] Admitted 1 requests for model_6
[2026-08-19 14:14:23.790 GPU_Scheduler_1] Admitted 1 requests for model_5
[2026-08-19 14:14:23.893 GPU_Scheduler_1] Admitted 1 requests for model_6
[2026-08-19 14:14:23.928 GPU_Scheduler_1] Admitted 1 requests for model_6
[2026-08-19 14:14:24.089 GPU_Scheduler_1] Admitted 1 requests for model_6
[2026-08-19 14:14:24.192 GPU_Scheduler_1] Admitted 1 requests for model_6
[2026-08-19 14:14:24.227 GPU_Scheduler_1] Admitted 1 requests for model_5
[2026-08-19 14:14:24.307 GPU_Scheduler_1] Admitted 1 requests for model_3
[2026-08-19 14:14:24.399 GPU_Scheduler_1] Admitted 1 requests for model_5
[2026-08-19 14:14:24.423 GPU_Scheduler_1] Admitted 1 requests for model_3
[2026-08-19 14:14:24.526 GPU_Scheduler_1] Admitted 1 requests for model_6
[2026-08-19 14:14:24.618 GPU_Scheduler_1] Admitted 1 requests for model_5
[2026-08-19 14:14:24.778 GPU_Scheduler_1] Admitted 1 requests for model_3
[2026-08-19 14:14:25.235 GPU_Scheduler_1] Admitted 1 requests for model_6
[2026-08-19 14:14:25.406 GPU_Scheduler_1] Admitted 1 requests for model_6
[2026-08-19 14:14:25.555 GPU_Scheduler_1] Admitted 1 requests for model_5
[2026-08-19 14:14:25.682 GPU_Scheduler_1] Admitted 1 requests for model_5
[2026-08-19 14:14:25.705 GPU_Scheduler_1] Admitted 1 requests for model_3
[2026-08-19 14:14:25.752 GPU_Scheduler_1] Admitted 1 requests for model_5
[2026-08-19 14:14:25.958 GPU_Scheduler_1] Admitted 1 requests for model_6
[2026-08-19 14:14:26.016 GPU_Scheduler_1] Admitted 1 requests for model_3
[2026-08-19 14:14:26.747 GPU_Scheduler_1] Admitted 1 requests for model_6
[2026-08-19 14:14:26.805 GPU_Scheduler_1] Admitted 1 requests for model_6
[2026-08-19 14:14:27.033 GPU_Scheduler_1] Admitted 1 requests for model_5
[2026-08-19 14:14:27.148 GPU_Scheduler_1] Admitted 1 requests for model_6
[2026-08-19 14:14:27.206 GPU_Scheduler_1] Admitted 1 requests for model_6
[2026-08-19 14:14:27.789 GPU_Scheduler_1] Admitted 1 requests for model_6
[2026-08-19 14:14:27.870 GPU_Scheduler_1] Admitted 1 requests for model_3
[2026-08-19 14:14:28.077 GPU_Scheduler_1] Admitted 1 requests for model_6
[2026-08-19 14:14:28.135 GPU_Scheduler_1] Admitted 1 requests for model_5
[2026-08-19 14:14:28.262 GPU_Scheduler_1] Admitted 1 requests for model_6
[2026-08-19 14:14:28.504 GPU_Scheduler_1] Admitted 1 requests for model_6
[2026-08-19 14:14:28.619 GPU_Scheduler_1] Admitted 1 requests for model_5
[2026-08-19 14:14:28.723 GPU_Scheduler_1] Admitted 1 requests for model_5
[2026-08-19 14:14:28.779 GPU_Scheduler_1] Admitted 1 requests for model_3
[2026-08-19 14:14:28.802 GPU_Scheduler_1] Admitted 1 requests for model_3
[2026-08-19 14:14:28.813 GPU_Scheduler_1] Admitted 1 requests for model_3
[2026-08-19 14:14:28.911 GPU_Scheduler_1] Admitted 1 requests for model_5
[2026-08-19 14:14:28.987 GPU_Scheduler_1] Admitted 1 requests for model_6
[2026-08-19 14:14:29.116 GPU_Scheduler_1] Admitted 1 requests for model_3
[2026-08-19 14:14:29.138 GPU_Scheduler_1] Admitted 1 requests for model_6
[2026-08-19 14:14:29.224 GPU_Scheduler_1] Admitted 1 requests for model_5
[2026-08-19 14:14:29.267 GPU_Scheduler_1] Admitted 1 requests for model_5
[2026-08-19 14:14:29.547 GPU_Scheduler_0] Received deactivate request for model model_1
[2026-08-19 14:14:29.547 GPU_Scheduler_0] Received deactivate request for model_1, model_states: {'model_1': 'deactivating', 'model_2': 'activated', 'model_3': 'deactivated', 'model_4': 'activated', 'model_5': 'deactivated', 'model_6': 'deactivated'}
[2026-08-19 14:14:29.547 GPU_Scheduler_0] Release worker 0 from model model_1. Current model_to_worker: {'model_4': 1, 'model_2': 3}
[2026-08-19 14:14:29.548 GPU_Scheduler_0] Received deactivate request for model model_4
[2026-08-19 14:14:29.548 GPU_Scheduler_0] Received deactivate request for model_4, model_states: {'model_1': 'deactivating', 'model_2': 'activated', 'model_3': 'deactivated', 'model_4': 'deactivating', 'model_5': 'deactivated', 'model_6': 'deactivated'}
[2026-08-19 14:14:29.548 GPU_Scheduler_0] Release worker 1 from model model_4. Current model_to_worker: {'model_2': 3}
[2026-08-19 14:14:29.990 GPU_Scheduler_1] Admitted 1 requests for model_5
[2026-08-19 14:14:30.097 GPU_Scheduler_1] Admitted 1 requests for model_6
[2026-08-19 14:14:30.162 GPU_Scheduler_1] Admitted 1 requests for model_6
[2026-08-19 14:14:30.344 GPU_Scheduler_1] Admitted 1 requests for model_5
[2026-08-19 14:14:30.462 GPU_Scheduler_1] Admitted 1 requests for model_3
[2026-08-19 14:14:30.516 GPU_Scheduler_1] Admitted 1 requests for model_5
[2026-08-19 14:14:30.766 GPU_Scheduler_1] Admitted 1 requests for model_6
[2026-08-19 14:14:30.788 GPU_Scheduler_1] Admitted 1 requests for model_6
[2026-08-19 14:14:30.820 GPU_Scheduler_1] Admitted 1 requests for model_3
[2026-08-19 14:14:31.030 GPU_Scheduler_1] Admitted 1 requests for model_6
[2026-08-19 14:14:31.129 GPU_Scheduler_1] Admitted 1 requests for model_6
[2026-08-19 14:14:31.217 GPU_Scheduler_1] Admitted 1 requests for model_6
[2026-08-19 14:14:31.217 GPU_Scheduler_1] Admitted 1 requests for model_5
[2026-08-19 14:14:31.240 GPU_Scheduler_1] Admitted 1 requests for model_3
[2026-08-19 14:14:31.415 GPU_Scheduler_1] Admitted 1 requests for model_6
[2026-08-19 14:14:31.536 GPU_Scheduler_1] Admitted 1 requests for model_6
[2026-08-19 14:14:31.558 GPU_Scheduler_0] Model model_1 (instance 0) deactivation succeeded on GPU 0
[2026-08-19 14:14:31.586 GPU_Scheduler_0] Model model_4 (instance 0) deactivation succeeded on GPU 0
[2026-08-19 14:14:31.613 GPU_Scheduler_1] Admitted 1 requests for model_5
[2026-08-19 14:14:31.646 GPU_Scheduler_1] Admitted 1 requests for model_6
[2026-08-19 14:14:31.756 GPU_Scheduler_1] Admitted 1 requests for model_5
[2026-08-19 14:14:31.789 GPU_Scheduler_1] Admitted 1 requests for model_5
[2026-08-19 14:14:31.833 GPU_Scheduler_1] Admitted 1 requests for model_6
[2026-08-19 14:14:31.856 GPU_Scheduler_1] Admitted 1 requests for model_3
[2026-08-19 14:14:31.867 GPU_Scheduler_1] Admitted 1 requests for model_3
[2026-08-19 14:14:32.206 GPU_Scheduler_1] Admitted 1 requests for model_3
[2026-08-19 14:14:32.431 GPU_Scheduler_1] Admitted 1 requests for model_6
[2026-08-19 14:14:32.559 GPU_Scheduler_1] Admitted 1 requests for model_5
[2026-08-19 14:14:32.613 GPU_Scheduler_1] Admitted 1 requests for model_5
[2026-08-19 14:14:32.689 GPU_Scheduler_1] Admitted 1 requests for model_6
[2026-08-19 14:14:32.721 GPU_Scheduler_1] Admitted 1 requests for model_6
[2026-08-19 14:14:33.404 GPU_Scheduler_1] Admitted 1 requests for model_5
[2026-08-19 14:14:33.415 GPU_Scheduler_1] Admitted 1 requests for model_3
[2026-08-19 14:14:33.522 GPU_Scheduler_1] Admitted 1 requests for model_5
[2026-08-19 14:14:33.949 GPU_Scheduler_1] Admitted 1 requests for model_6
[2026-08-19 14:14:34.120 GPU_Scheduler_1] Admitted 1 requests for model_5
[2026-08-19 14:14:34.143 GPU_Scheduler_1] Admitted 1 requests for model_5
[2026-08-19 14:14:34.329 GPU_Scheduler_1] Admitted 1 requests for model_3
[2026-08-19 14:14:34.479 GPU_Scheduler_1] Admitted 1 requests for model_5
[2026-08-19 14:14:34.588 GPU_Scheduler_1] Admitted 1 requests for model_6
[2026-08-19 14:14:34.806 GPU_Scheduler_1] Admitted 1 requests for model_5
[2026-08-19 14:14:35.021 GPU_Scheduler_1] Admitted 1 requests for model_3
[2026-08-19 14:14:35.140 GPU_Scheduler_1] Admitted 1 requests for model_6
[2026-08-19 14:14:35.540 GPU_Scheduler_1] Admitted 1 requests for model_5
[2026-08-19 14:14:35.689 GPU_Scheduler_1] Admitted 1 requests for model_6
[2026-08-19 14:14:35.701 GPU_Scheduler_1] Admitted 1 requests for model_5
[2026-08-19 14:14:36.113 GPU_Scheduler_1] Admitted 1 requests for model_6
[2026-08-19 14:14:36.261 GPU_Scheduler_1] Admitted 1 requests for model_6
[2026-08-19 14:14:36.512 GPU_Scheduler_1] Admitted 1 requests for model_5
[2026-08-19 14:14:36.558 GPU_Scheduler_1] Admitted 1 requests for model_5
[2026-08-19 14:14:36.662 GPU_Scheduler_1] Admitted 2 requests for model_5
[2026-08-19 14:14:36.789 GPU_Scheduler_1] Admitted 1 requests for model_3
[2026-08-19 14:14:36.869 GPU_Scheduler_1] Admitted 1 requests for model_6
[2026-08-19 14:14:37.258 GPU_Scheduler_1] Admitted 1 requests for model_3
[2026-08-19 14:14:37.316 GPU_Scheduler_1] Admitted 1 requests for model_6
[2026-08-19 14:14:37.499 GPU_Scheduler_1] Admitted 1 requests for model_3
[2026-08-19 14:14:37.568 GPU_Scheduler_1] Admitted 1 requests for model_6
[2026-08-19 14:14:37.910 GPU_Scheduler_1] Admitted 1 requests for model_3
[2026-08-19 14:14:38.036 GPU_Scheduler_1] Admitted 1 requests for model_3
[2026-08-19 14:14:38.060 GPU_Scheduler_1] Admitted 1 requests for model_3
[2026-08-19 14:14:38.095 GPU_Scheduler_1] Admitted 1 requests for model_5
[2026-08-19 14:14:38.141 GPU_Scheduler_1] Admitted 1 requests for model_5
[2026-08-19 14:14:38.165 GPU_Scheduler_1] Admitted 1 requests for model_5
[2026-08-19 14:14:38.451 GPU_Scheduler_1] Admitted 1 requests for model_5
[2026-08-19 14:14:38.520 GPU_Scheduler_1] Admitted 1 requests for model_3
[2026-08-19 14:14:38.624 GPU_Scheduler_1] Admitted 1 requests for model_3
[2026-08-19 14:14:38.636 GPU_Scheduler_1] Admitted 1 requests for model_6
[2026-08-19 14:14:38.694 GPU_Scheduler_1] Admitted 1 requests for model_6
[2026-08-19 14:14:38.717 GPU_Scheduler_1] Admitted 1 requests for model_5
[2026-08-19 14:14:38.764 GPU_Scheduler_1] Admitted 1 requests for model_3
[2026-08-19 14:14:38.935 GPU_Scheduler_1] Admitted 1 requests for model_6
[2026-08-19 14:14:39.141 GPU_Scheduler_1] Admitted 1 requests for model_3
[2026-08-19 14:14:39.187 GPU_Scheduler_1] Admitted 1 requests for model_6
[2026-08-19 14:14:39.222 GPU_Scheduler_1] Admitted 1 requests for model_5
[2026-08-19 14:14:39.634 GPU_Scheduler_1] Admitted 1 requests for model_5
[2026-08-19 14:14:39.714 GPU_Scheduler_1] Admitted 1 requests for model_3
[2026-08-19 14:14:39.852 GPU_Scheduler_1] Admitted 1 requests for model_5
[2026-08-19 14:14:40.115 GPU_Scheduler_1] Admitted 1 requests for model_5
[2026-08-19 14:14:40.139 GPU_Scheduler_1] Admitted 1 requests for model_5
[2026-08-19 14:14:40.173 GPU_Scheduler_1] Admitted 1 requests for model_6
[2026-08-19 14:14:40.185 GPU_Scheduler_1] Admitted 1 requests for model_6
[2026-08-19 14:14:40.299 GPU_Scheduler_1] Admitted 1 requests for model_3
[2026-08-19 14:14:40.334 GPU_Scheduler_1] Admitted 1 requests for model_6
[2026-08-19 14:14:40.515 GPU_Scheduler_1] Admitted 1 requests for model_5
[2026-08-19 14:14:40.584 GPU_Scheduler_1] Admitted 1 requests for model_3
[2026-08-19 14:14:40.584 GPU_Scheduler_1] Admitted 1 requests for model_5
[2026-08-19 14:14:40.711 GPU_Scheduler_1] Admitted 1 requests for model_6
[2026-08-19 14:14:40.861 GPU_Scheduler_1] Admitted 1 requests for model_6
[2026-08-19 14:14:41.137 GPU_Scheduler_1] Admitted 1 requests for model_3
[2026-08-19 14:14:41.275 GPU_Scheduler_1] Admitted 1 requests for model_5
[2026-08-19 14:14:41.425 GPU_Scheduler_1] Admitted 1 requests for model_6
[2026-08-19 14:14:41.942 GPU_Scheduler_1] Admitted 1 requests for model_3
[2026-08-19 14:14:42.024 GPU_Scheduler_1] Admitted 1 requests for model_3
[2026-08-19 14:14:42.334 GPU_Scheduler_1] Admitted 1 requests for model_3
[2026-08-19 14:14:42.553 GPU_Scheduler_1] Admitted 1 requests for model_6
[2026-08-19 14:14:42.691 GPU_Scheduler_1] Admitted 1 requests for model_6
[2026-08-19 14:14:42.715 GPU_Scheduler_1] Admitted 1 requests for model_6
[2026-08-19 14:14:42.715 GPU_Scheduler_1] Admitted 1 requests for model_5
[2026-08-19 14:14:43.083 GPU_Scheduler_1] Admitted 1 requests for model_3
[2026-08-19 14:14:43.244 GPU_Scheduler_1] Admitted 1 requests for model_3
[2026-08-19 14:14:43.256 GPU_Scheduler_1] Admitted 1 requests for model_6
[2026-08-19 14:14:43.280 GPU_Scheduler_1] Admitted 1 requests for model_5
[2026-08-19 14:14:43.509 GPU_Scheduler_1] Admitted 1 requests for model_3
[2026-08-19 14:14:43.601 GPU_Scheduler_1] Admitted 1 requests for model_3
[2026-08-19 14:14:43.693 GPU_Scheduler_1] Admitted 1 requests for model_3
[2026-08-19 14:14:43.854 GPU_Scheduler_1] Admitted 1 requests for model_3
[2026-08-19 14:14:43.992 GPU_Scheduler_1] Admitted 1 requests for model_5
[2026-08-19 14:14:44.004 GPU_Scheduler_1] Admitted 1 requests for model_6
[2026-08-19 14:14:44.016 GPU_Scheduler_1] Admitted 1 requests for model_6
[2026-08-19 14:14:44.199 GPU_Scheduler_1] Admitted 1 requests for model_5
[2026-08-19 14:14:44.622 GPU_Scheduler_1] Admitted 1 requests for model_3
[2026-08-19 14:14:44.645 GPU_Scheduler_1] Admitted 1 requests for model_5
[2026-08-19 14:14:44.669 GPU_Scheduler_1] Admitted 1 requests for model_5
[2026-08-19 14:14:44.693 GPU_Scheduler_1] Admitted 1 requests for model_3
[2026-08-19 14:14:44.831 GPU_Scheduler_1] Admitted 1 requests for model_5
[2026-08-19 14:14:44.866 GPU_Scheduler_1] Admitted 1 requests for model_6
[2026-08-19 14:14:44.993 GPU_Scheduler_1] Admitted 1 requests for model_6
[2026-08-19 14:14:45.028 GPU_Scheduler_1] Admitted 1 requests for model_3
[2026-08-19 14:14:45.041 GPU_Scheduler_1] Admitted 1 requests for model_5
[2026-08-19 14:14:45.144 GPU_Scheduler_1] Admitted 1 requests for model_6
[2026-08-19 14:14:45.225 GPU_Scheduler_1] Admitted 1 requests for model_5
[2026-08-19 14:14:45.237 GPU_Scheduler_1] Admitted 1 requests for model_6
[2026-08-19 14:14:45.352 GPU_Scheduler_1] Admitted 1 requests for model_5
[2026-08-19 14:14:45.606 GPU_Scheduler_1] Admitted 1 requests for model_3
[2026-08-19 14:14:45.618 GPU_Scheduler_1] Admitted 1 requests for model_5
[2026-08-19 14:14:45.826 GPU_Scheduler_1] Admitted 1 requests for model_6
[2026-08-19 14:14:45.919 GPU_Scheduler_1] Admitted 1 requests for model_6
[2026-08-19 14:14:45.988 GPU_Scheduler_1] Admitted 1 requests for model_3
[2026-08-19 14:14:46.195 GPU_Scheduler_1] Admitted 1 requests for model_5
[2026-08-19 14:14:46.208 GPU_Scheduler_1] Admitted 1 requests for model_3
[2026-08-19 14:14:46.288 GPU_Scheduler_1] Admitted 1 requests for model_3
[2026-08-19 14:14:46.837 GPU_Scheduler_1] Admitted 1 requests for model_6
[2026-08-19 14:14:46.976 GPU_Scheduler_1] Admitted 1 requests for model_3
[2026-08-19 14:14:47.171 GPU_Scheduler_1] Admitted 1 requests for model_5
[2026-08-19 14:14:47.321 GPU_Scheduler_1] Admitted 1 requests for model_5
[2026-08-19 14:14:47.356 GPU_Scheduler_1] Admitted 1 requests for model_6
[2026-08-19 14:14:47.380 GPU_Scheduler_1] Admitted 1 requests for model_5
[2026-08-19 14:14:47.563 GPU_Scheduler_1] Admitted 1 requests for model_5
[2026-08-19 14:14:47.816 GPU_Scheduler_1] Admitted 1 requests for model_6
[2026-08-19 14:14:47.829 GPU_Scheduler_1] Admitted 1 requests for model_6
[2026-08-19 14:14:48.214 GPU_Scheduler_1] Admitted 1 requests for model_6
[2026-08-19 14:14:48.226 GPU_Scheduler_1] Admitted 1 requests for model_6
[2026-08-19 14:14:48.422 GPU_Scheduler_1] Admitted 1 requests for model_6
[2026-08-19 14:14:48.491 GPU_Scheduler_1] Admitted 1 requests for model_5
[2026-08-19 14:14:48.561 GPU_Scheduler_1] Admitted 1 requests for model_3
[2026-08-19 14:14:48.722 GPU_Scheduler_1] Admitted 1 requests for model_5
[2026-08-19 14:14:48.734 GPU_Scheduler_1] Admitted 1 requests for model_5
[2026-08-19 14:14:48.827 GPU_Scheduler_1] Admitted 1 requests for model_3
[2026-08-19 14:14:48.990 GPU_Scheduler_1] Admitted 1 requests for model_3
[2026-08-19 14:14:49.071 GPU_Scheduler_1] Admitted 1 requests for model_6
[2026-08-19 14:14:49.129 GPU_Scheduler_1] Admitted 1 requests for model_3
[2026-08-19 14:14:49.289 GPU_Scheduler_1] Admitted 1 requests for model_6
[2026-08-19 14:14:49.564 GPU_Scheduler_1] Admitted 1 requests for model_6
[2026-08-19 14:14:49.611 GPU_Scheduler_1] Admitted 1 requests for model_6
[2026-08-19 14:14:49.911 GPU_Scheduler_1] Admitted 1 requests for model_3
[2026-08-19 14:14:50.049 GPU_Scheduler_1] Admitted 1 requests for model_6
[2026-08-19 14:14:50.210 GPU_Scheduler_1] Admitted 1 requests for model_5
[2026-08-19 14:14:50.245 GPU_Scheduler_1] Admitted 1 requests for model_5
[2026-08-19 14:14:50.257 GPU_Scheduler_1] Admitted 1 requests for model_3
[2026-08-19 14:14:50.257 GPU_Scheduler_1] Admitted 1 requests for model_5
[2026-08-19 14:14:50.293 GPU_Scheduler_1] Admitted 1 requests for model_5
[2026-08-19 14:14:50.431 GPU_Scheduler_1] Admitted 1 requests for model_5
[2026-08-19 14:14:50.501 GPU_Scheduler_1] Admitted 1 requests for model_3
[2026-08-19 14:14:50.810 GPU_Scheduler_1] Admitted 1 requests for model_3
[2026-08-19 14:14:51.040 GPU_Scheduler_1] Admitted 1 requests for model_5
[2026-08-19 14:14:51.190 GPU_Scheduler_1] Admitted 1 requests for model_5
[2026-08-19 14:14:51.214 GPU_Scheduler_1] Admitted 1 requests for model_6
[2026-08-19 14:14:51.260 GPU_Scheduler_1] Admitted 1 requests for model_5
[2026-08-19 14:14:51.339 GPU_Scheduler_1] Admitted 1 requests for model_6
[2026-08-19 14:14:51.511 GPU_Scheduler_1] Admitted 1 requests for model_5
[2026-08-19 14:14:51.522 GPU_Scheduler_1] Admitted 1 requests for model_6
[2026-08-19 14:14:51.565 GPU_Scheduler_1] Admitted 1 requests for model_5
[2026-08-19 14:14:51.715 GPU_Scheduler_1] Admitted 1 requests for model_5
[2026-08-19 14:14:51.726 GPU_Scheduler_1] Admitted 1 requests for model_5
[2026-08-19 14:14:51.737 GPU_Scheduler_1] Admitted 1 requests for model_5
[2026-08-19 14:14:51.770 GPU_Scheduler_1] Admitted 1 requests for model_6
[2026-08-19 14:14:52.219 GPU_Scheduler_1] Admitted 1 requests for model_5
[2026-08-19 14:14:52.514 GPU_Scheduler_1] Admitted 1 requests for model_6
[2026-08-19 14:14:52.691 GPU_Scheduler_1] Admitted 1 requests for model_5
[2026-08-19 14:14:52.779 GPU_Scheduler_1] Admitted 1 requests for model_6
[2026-08-19 14:14:52.801 GPU_Scheduler_1] Admitted 1 requests for model_5
[2026-08-19 14:14:52.835 GPU_Scheduler_1] Admitted 1 requests for model_6
[2026-08-19 14:14:52.890 GPU_Scheduler_1] Admitted 1 requests for model_5
[2026-08-19 14:14:52.902 GPU_Scheduler_1] Admitted 1 requests for model_5
[2026-08-19 14:14:53.066 GPU_Scheduler_1] Admitted 1 requests for model_6
[2026-08-19 14:14:53.111 GPU_Scheduler_1] Admitted 1 requests for model_6
[2026-08-19 14:14:53.155 GPU_Scheduler_1] Admitted 1 requests for model_5
[2026-08-19 14:14:53.757 GPU_Scheduler_1] Admitted 1 requests for model_6
[2026-08-19 14:14:53.812 GPU_Scheduler_1] Admitted 1 requests for model_5
[2026-08-19 14:14:53.974 GPU_Scheduler_1] Admitted 1 requests for model_5
[2026-08-19 14:14:53.996 GPU_Scheduler_1] Admitted 1 requests for model_6
[2026-08-19 14:14:54.350 GPU_Scheduler_1] Admitted 1 requests for model_5
[2026-08-19 14:14:54.403 GPU_Scheduler_1] Admitted 1 requests for model_3
[2026-08-19 14:14:54.521 GPU_Scheduler_1] Admitted 1 requests for model_5
[2026-08-19 14:14:54.821 GPU_Scheduler_1] Admitted 1 requests for model_5
[2026-08-19 14:14:54.885 GPU_Scheduler_1] Admitted 1 requests for model_3
[2026-08-19 14:14:55.035 GPU_Scheduler_1] Admitted 1 requests for model_6
[2026-08-19 14:14:55.079 GPU_Scheduler_1] Admitted 1 requests for model_5
[2026-08-19 14:14:55.154 GPU_Scheduler_1] Admitted 1 requests for model_6
[2026-08-19 14:14:55.872 GPU_Scheduler_0] Admitted 1 requests for model_2
[2026-08-19 14:14:55.893 GPU_Scheduler_1] Admitted 1 requests for model_5
[2026-08-19 14:14:55.959 GPU_Scheduler_1] Admitted 1 requests for model_3
[2026-08-19 14:14:55.959 GPU_Scheduler_1] Admitted 1 requests for model_6
[2026-08-19 14:14:56.528 GPU_Scheduler_1] Admitted 1 requests for model_6
[2026-08-19 14:14:56.583 GPU_Scheduler_1] Admitted 1 requests for model_6
[2026-08-19 14:14:56.649 GPU_Scheduler_1] Admitted 1 requests for model_5
[2026-08-19 14:14:56.879 GPU_Scheduler_1] Admitted 1 requests for model_3
[2026-08-19 14:14:56.879 GPU_Scheduler_1] Admitted 1 requests for model_6
[2026-08-19 14:14:57.313 GPU_Scheduler_1] Admitted 1 requests for model_5
[2026-08-19 14:14:57.379 GPU_Scheduler_1] Admitted 1 requests for model_5
[2026-08-19 14:14:57.617 GPU_Scheduler_1] Admitted 1 requests for model_6
[2026-08-19 14:14:57.639 GPU_Scheduler_1] Admitted 1 requests for model_3
[2026-08-19 14:14:57.760 GPU_Scheduler_1] Admitted 1 requests for model_6
[2026-08-19 14:14:57.881 GPU_Scheduler_1] Admitted 1 requests for model_6
[2026-08-19 14:14:57.914 GPU_Scheduler_1] Admitted 1 requests for model_5
[2026-08-19 14:14:58.197 GPU_Scheduler_1] Admitted 1 requests for model_6
[2026-08-19 14:14:58.208 GPU_Scheduler_1] Admitted 1 requests for model_3
[2026-08-19 14:14:58.220 GPU_Scheduler_1] Admitted 1 requests for model_6
[2026-08-19 14:14:58.242 GPU_Scheduler_1] Admitted 1 requests for model_6
[2026-08-19 14:14:58.298 GPU_Scheduler_1] Admitted 1 requests for model_3
[2026-08-19 14:14:58.320 GPU_Scheduler_1] Admitted 1 requests for model_3
[2026-08-19 14:14:58.506 GPU_Scheduler_1] Admitted 1 requests for model_6
[2026-08-19 14:14:58.550 GPU_Scheduler_1] Admitted 1 requests for model_6
[2026-08-19 14:14:58.582 GPU_Scheduler_1] Admitted 1 requests for model_5
[2026-08-19 14:14:58.775 GPU_Scheduler_1] Admitted 2 requests for model_5
[2026-08-19 14:14:59.187 GPU_Scheduler_1] Admitted 1 requests for model_6
[2026-08-19 14:14:59.252 GPU_Scheduler_1] Admitted 2 requests for model_5
[2026-08-19 14:14:59.274 GPU_Scheduler_1] Admitted 1 requests for model_5
[2026-08-19 14:14:59.327 GPU_Scheduler_1] Admitted 1 requests for model_6
[2026-08-19 14:14:59.360 GPU_Scheduler_1] Admitted 1 requests for model_5
[2026-08-19 14:14:59.553 GPU_Scheduler_1] Admitted 1 requests for model_6
[2026-08-19 14:14:59.927 GPU_Scheduler_1] Admitted 1 requests for model_5
[2026-08-19 14:15:00.238 GPU_Scheduler_1] Admitted 1 requests for model_6
[2026-08-19 14:15:00.323 GPU_Scheduler_1] Admitted 1 requests for model_5
[2026-08-19 14:15:00.560 GPU_Scheduler_1] Admitted 1 requests for model_5
[2026-08-19 14:15:00.683 GPU_Scheduler_0] Admitted 1 requests for model_2
[2026-08-19 14:15:00.779 GPU_Scheduler_1] Admitted 1 requests for model_5
[2026-08-19 14:15:00.791 GPU_Scheduler_1] Admitted 1 requests for model_3
[2026-08-19 14:15:00.803 GPU_Scheduler_1] Admitted 1 requests for model_6
[2026-08-19 14:15:00.994 GPU_Scheduler_1] Admitted 1 requests for model_6
[2026-08-19 14:15:01.027 GPU_Scheduler_1] Admitted 1 requests for model_6
[2026-08-19 14:15:01.113 GPU_Scheduler_1] Admitted 1 requests for model_6
[2026-08-19 14:15:01.452 GPU_Scheduler_1] [PAPER-ALG2] {"rounds": 760.0, "eligible": 842.0, "selected": 806.0, "deferred": 36.0, "late_dispatched": 32.0, "requeued": 4.0, "max_queue_len": 16, "rounds_with_deferral": 9.0, "selected_in_deferral_rounds": 12.0, "pathological_rounds": 3.0}
[2026-08-19 14:15:01.453 GPU_Scheduler_1] Admitted 1 requests for model_6
[2026-08-19 14:15:01.684 GPU_Scheduler_1] Admitted 1 requests for model_3
[2026-08-19 14:15:01.868 GPU_Scheduler_1] Admitted 1 requests for model_5
[2026-08-19 14:15:01.938 GPU_Scheduler_1] Admitted 1 requests for model_6
[2026-08-19 14:15:02.008 GPU_Scheduler_1] Admitted 1 requests for model_5
[2026-08-19 14:15:02.031 GPU_Scheduler_1] Admitted 1 requests for model_3
[2026-08-19 14:15:02.055 GPU_Scheduler_1] Admitted 1 requests for model_3
[2026-08-19 14:15:02.079 GPU_Scheduler_1] Admitted 1 requests for model_5
[2026-08-19 14:15:02.137 GPU_Scheduler_1] Admitted 1 requests for model_6
[2026-08-19 14:15:02.195 GPU_Scheduler_1] Admitted 1 requests for model_5
[2026-08-19 14:15:02.241 GPU_Scheduler_1] Admitted 1 requests for model_6
[2026-08-19 14:15:02.457 GPU_Scheduler_1] Admitted 1 requests for model_6
[2026-08-19 14:15:02.468 GPU_Scheduler_1] Admitted 1 requests for model_5
[2026-08-19 14:15:02.826 GPU_Scheduler_1] Admitted 1 requests for model_6
[2026-08-19 14:15:02.984 GPU_Scheduler_1] Admitted 1 requests for model_5
[2026-08-19 14:15:03.082 GPU_Scheduler_1] Admitted 1 requests for model_6
[2026-08-19 14:15:03.182 GPU_Scheduler_1] Admitted 1 requests for model_6
[2026-08-19 14:15:03.316 GPU_Scheduler_1] Admitted 1 requests for model_3
[2026-08-19 14:15:03.340 GPU_Scheduler_1] Admitted 1 requests for model_6
[2026-08-19 14:15:03.666 GPU_Scheduler_1] Admitted 1 requests for model_5
[2026-08-19 14:15:03.860 GPU_Scheduler_1] Admitted 1 requests for model_5
[2026-08-19 14:15:03.871 GPU_Scheduler_1] Admitted 1 requests for model_5
[2026-08-19 14:15:04.044 GPU_Scheduler_1] Admitted 1 requests for model_6
[2026-08-19 14:15:04.088 GPU_Scheduler_1] Admitted 1 requests for model_5
[2026-08-19 14:15:04.111 GPU_Scheduler_1] Admitted 1 requests for model_5
[2026-08-19 14:15:04.255 GPU_Scheduler_1] Admitted 1 requests for model_3
[2026-08-19 14:15:04.464 GPU_Scheduler_1] Admitted 1 requests for model_6
[2026-08-19 14:15:04.498 GPU_Scheduler_1] Admitted 1 requests for model_5
[2026-08-19 14:15:04.520 GPU_Scheduler_1] Admitted 1 requests for model_6
[2026-08-19 14:15:04.585 GPU_Scheduler_1] Admitted 1 requests for model_3
[2026-08-19 14:15:04.641 GPU_Scheduler_1] Admitted 1 requests for model_6
[2026-08-19 14:15:04.676 GPU_Scheduler_1] Admitted 1 requests for model_6
[2026-08-19 14:15:04.811 GPU_Scheduler_1] Admitted 1 requests for model_5
[2026-08-19 14:15:04.823 GPU_Scheduler_1] Admitted 1 requests for model_5
[2026-08-19 14:15:04.847 GPU_Scheduler_1] Admitted 1 requests for model_5
[2026-08-19 14:15:05.259 GPU_Scheduler_1] Admitted 1 requests for model_6
[2026-08-19 14:15:05.317 GPU_Scheduler_1] Admitted 1 requests for model_3
[2026-08-19 14:15:05.390 GPU_Scheduler_0] Admitted 1 requests for model_2
[2026-08-19 14:15:05.402 GPU_Scheduler_0] Admitted 1 requests for model_2
[2026-08-19 14:15:05.488 GPU_Scheduler_0] Admitted 1 requests for model_2
[2026-08-19 14:15:05.977 GPU_Scheduler_0] Admitted 1 requests for model_2
[2026-08-19 14:15:06.199 GPU_Scheduler_1] Admitted 1 requests for model_3
[2026-08-19 14:15:07.127 GPU_Scheduler_1] Admitted 1 requests for model_5
[2026-08-19 14:15:07.705 GPU_Scheduler_0] Admitted 2 requests for model_2
[2026-08-19 14:15:07.970 GPU_Scheduler_0] Admitted 1 requests for model_2
[2026-08-19 14:15:08.501 GPU_Scheduler_0] Admitted 1 requests for model_2
[2026-08-19 14:15:08.629 GPU_Scheduler_0] Admitted 1 requests for model_2
[2026-08-19 14:15:08.651 GPU_Scheduler_0] Admitted 1 requests for model_2
[2026-08-19 14:15:08.726 GPU_Scheduler_0] Admitted 1 requests for model_2
[2026-08-19 14:15:08.907 GPU_Scheduler_0] Admitted 2 requests for model_2
[2026-08-19 14:15:09.775 GPU_Scheduler_1] Admitted 1 requests for model_5
[2026-08-19 14:15:10.099 GPU_Scheduler_0] Received activate request for model model_1
[2026-08-19 14:15:10.099 GPU_Scheduler_0] Received activate request for model_1, model_states: {'model_1': 'activating', 'model_2': 'activated', 'model_3': 'deactivated', 'model_4': 'deactivated', 'model_5': 'deactivated', 'model_6': 'deactivated'}
[2026-08-19 14:15:10.099 GPU_Scheduler_0] Assign worker 2 to model_1. Current model_to_worker: {'model_2': 3, 'model_1': 2}
[2026-08-19 14:15:10.105 GPU_Scheduler_0] Admitted 12 requests for model_1
[2026-08-19 14:15:10.188 GPU_Scheduler_0] Admitted 1 requests for model_2
[2026-08-19 14:15:10.912 GPU_Scheduler_0] Model model_1 (instance 0) activation succeeded on GPU 0
[2026-08-19 14:15:10.915 GPU_Scheduler_0] Admitted 2 requests for model_1
[2026-08-19 14:15:10.916 GPU_Scheduler_0] Received activate request for model model_4
[2026-08-19 14:15:10.917 GPU_Scheduler_0] Received activate request for model_4, model_states: {'model_1': 'activated', 'model_2': 'activated', 'model_3': 'deactivated', 'model_4': 'activating', 'model_5': 'deactivated', 'model_6': 'deactivated'}
[2026-08-19 14:15:10.917 GPU_Scheduler_0] Assign worker 0 to model_4. Current model_to_worker: {'model_2': 3, 'model_1': 2, 'model_4': 0}
[2026-08-19 14:15:10.928 GPU_Scheduler_0] Admitted 19 requests for model_4
[2026-08-19 14:15:10.947 GPU_Scheduler_0] Admitted 1 requests for model_1
[2026-08-19 14:15:10.982 GPU_Scheduler_0] Admitted 1 requests for model_1
[2026-08-19 14:15:11.424 GPU_Scheduler_0] Admitted 1 requests for model_1
[2026-08-19 14:15:11.447 GPU_Scheduler_0] Admitted 1 requests for model_2
[2026-08-19 14:15:11.504 GPU_Scheduler_0] Admitted 1 requests for model_2
[2026-08-19 14:15:11.552 GPU_Scheduler_0] Admitted 1 requests for model_1
[2026-08-19 14:15:11.724 GPU_Scheduler_0] Admitted 1 requests for model_1
[2026-08-19 14:15:11.761 GPU_Scheduler_0] Admitted 1 requests for model_1
[2026-08-19 14:15:12.040 GPU_Scheduler_0] Admitted 1 requests for model_1
[2026-08-19 14:15:12.986 GPU_Scheduler_0] Admitted 1 requests for model_2
[2026-08-19 14:15:13.032 GPU_Scheduler_0] Admitted 1 requests for model_2
[2026-08-19 14:15:13.389 GPU_Scheduler_0] Model model_4 (instance 0) activation succeeded on GPU 0
[2026-08-19 14:15:13.399 GPU_Scheduler_0] Admitted 11 requests for model_4
[2026-08-19 14:15:13.466 GPU_Scheduler_1] Admitted 1 requests for model_3
[2026-08-19 14:15:13.632 GPU_Scheduler_0] Admitted 1 requests for model_2
[2026-08-19 14:15:13.731 GPU_Scheduler_1] Admitted 1 requests for model_3
[2026-08-19 14:15:14.325 GPU_Scheduler_0] Admitted 1 requests for model_1
[2026-08-19 14:15:14.731 GPU_Scheduler_0] Admitted 4 requests for model_4
[2026-08-19 14:15:14.745 GPU_Scheduler_0] Admitted 1 requests for model_4
[2026-08-19 14:15:14.781 GPU_Scheduler_0] Admitted 1 requests for model_2
[2026-08-19 14:15:14.888 GPU_Scheduler_0] Admitted 1 requests for model_4
[2026-08-19 14:15:14.981 GPU_Scheduler_0] Admitted 1 requests for model_2
[2026-08-19 14:15:15.017 GPU_Scheduler_0] Admitted 1 requests for model_1
[2026-08-19 14:15:15.053 GPU_Scheduler_0] Admitted 1 requests for model_4
[2026-08-19 14:15:15.089 GPU_Scheduler_0] Admitted 1 requests for model_4
[2026-08-19 14:15:15.334 GPU_Scheduler_0] Admitted 1 requests for model_1
[2026-08-19 14:15:15.579 GPU_Scheduler_0] Admitted 1 requests for model_4
[2026-08-19 14:15:15.755 GPU_Scheduler_0] Admitted 1 requests for model_4
[2026-08-19 14:15:15.784 GPU_Scheduler_1] Admitted 1 requests for model_5
[2026-08-19 14:15:15.837 GPU_Scheduler_0] Admitted 1 requests for model_2
[2026-08-19 14:15:16.001 GPU_Scheduler_0] Admitted 1 requests for model_4
[2026-08-19 14:15:16.025 GPU_Scheduler_0] Admitted 1 requests for model_1
[2026-08-19 14:15:16.038 GPU_Scheduler_0] Admitted 1 requests for model_2
[2026-08-19 14:15:16.097 GPU_Scheduler_0] Admitted 2 requests for model_1
[2026-08-19 14:15:16.120 GPU_Scheduler_0] Admitted 1 requests for model_1
[2026-08-19 14:15:16.121 GPU_Scheduler_0] Admitted 1 requests for model_4
[2026-08-19 14:15:16.156 GPU_Scheduler_0] Admitted 1 requests for model_2
[2026-08-19 14:15:16.296 GPU_Scheduler_0] Admitted 1 requests for model_4
[2026-08-19 14:15:16.355 GPU_Scheduler_0] Admitted 1 requests for model_4
[2026-08-19 14:15:16.402 GPU_Scheduler_0] Admitted 1 requests for model_4
[2026-08-19 14:15:16.553 GPU_Scheduler_0] Admitted 2 requests for model_4
[2026-08-19 14:15:16.871 GPU_Scheduler_1] Admitted 1 requests for model_5
[2026-08-19 14:15:16.915 GPU_Scheduler_0] Admitted 1 requests for model_2
[2026-08-19 14:15:17.159 GPU_Scheduler_0] Admitted 1 requests for model_1
[2026-08-19 14:15:17.485 GPU_Scheduler_0] Admitted 1 requests for model_4
[2026-08-19 14:15:17.567 GPU_Scheduler_0] Admitted 1 requests for model_4
[2026-08-19 14:15:17.777 GPU_Scheduler_0] Admitted 1 requests for model_1
[2026-08-19 14:15:17.987 GPU_Scheduler_0] Admitted 1 requests for model_4
[2026-08-19 14:15:18.033 GPU_Scheduler_0] Admitted 1 requests for model_4
[2026-08-19 14:15:18.129 GPU_Scheduler_0] Admitted 1 requests for model_4
[2026-08-19 14:15:18.185 GPU_Scheduler_0] Admitted 1 requests for model_2
[2026-08-19 14:15:18.329 GPU_Scheduler_0] Admitted 1 requests for model_1
[2026-08-19 14:15:18.384 GPU_Scheduler_0] Admitted 1 requests for model_1
[2026-08-19 14:15:18.385 GPU_Scheduler_1] Admitted 1 requests for model_5
[2026-08-19 14:15:18.450 GPU_Scheduler_0] Admitted 1 requests for model_4
[2026-08-19 14:15:18.527 GPU_Scheduler_0] Admitted 1 requests for model_4
[2026-08-19 14:15:18.854 GPU_Scheduler_0] Admitted 1 requests for model_4
[2026-08-19 14:15:18.953 GPU_Scheduler_0] Admitted 1 requests for model_2
[2026-08-19 14:15:19.063 GPU_Scheduler_0] Admitted 1 requests for model_4
[2026-08-19 14:15:19.390 GPU_Scheduler_0] Admitted 1 requests for model_4
[2026-08-19 14:15:19.478 GPU_Scheduler_0] Admitted 1 requests for model_1
[2026-08-19 14:15:19.490 GPU_Scheduler_0] Admitted 1 requests for model_1
[2026-08-19 14:15:19.501 GPU_Scheduler_0] Admitted 1 requests for model_4
[2026-08-19 14:15:19.643 GPU_Scheduler_0] Admitted 1 requests for model_4
[2026-08-19 14:15:19.666 GPU_Scheduler_0] Admitted 1 requests for model_4
[2026-08-19 14:15:19.731 GPU_Scheduler_0] Admitted 1 requests for model_4
[2026-08-19 14:15:19.754 GPU_Scheduler_0] Admitted 1 requests for model_2
[2026-08-19 14:15:19.798 GPU_Scheduler_0] Admitted 1 requests for model_1
[2026-08-19 14:15:19.919 GPU_Scheduler_0] Admitted 1 requests for model_4
[2026-08-19 14:15:19.985 GPU_Scheduler_0] Admitted 1 requests for model_1
[2026-08-19 14:15:20.029 GPU_Scheduler_0] Admitted 1 requests for model_4
[2026-08-19 14:15:20.073 GPU_Scheduler_0] Admitted 1 requests for model_4
[2026-08-19 14:15:20.335 GPU_Scheduler_0] Admitted 1 requests for model_2
[2026-08-19 14:15:20.610 GPU_Scheduler_0] Admitted 1 requests for model_2
[2026-08-19 14:15:20.621 GPU_Scheduler_0] Admitted 1 requests for model_4
[2026-08-19 14:15:20.676 GPU_Scheduler_0] Admitted 1 requests for model_1
[2026-08-19 14:15:20.699 GPU_Scheduler_0] Admitted 1 requests for model_1
[2026-08-19 14:15:21.049 GPU_Scheduler_0] Admitted 1 requests for model_2
[2026-08-19 14:15:21.104 GPU_Scheduler_0] Admitted 1 requests for model_4
[2026-08-19 14:15:21.148 GPU_Scheduler_0] Admitted 1 requests for model_1
[2026-08-19 14:15:21.148 GPU_Scheduler_0] Admitted 1 requests for model_2
[2026-08-19 14:15:21.410 GPU_Scheduler_0] Admitted 1 requests for model_2
[2026-08-19 14:15:21.498 GPU_Scheduler_0] Admitted 1 requests for model_4
[2026-08-19 14:15:21.564 GPU_Scheduler_0] Admitted 1 requests for model_2
[2026-08-19 14:15:21.608 GPU_Scheduler_0] Admitted 1 requests for model_1
[2026-08-19 14:15:21.646 GPU_Scheduler_1] Admitted 1 requests for model_5
[2026-08-19 14:15:21.858 GPU_Scheduler_0] Admitted 1 requests for model_4
[2026-08-19 14:15:21.979 GPU_Scheduler_1] Admitted 1 requests for model_3
[2026-08-19 14:15:21.991 GPU_Scheduler_1] Admitted 1 requests for model_5
[2026-08-19 14:15:22.413 GPU_Scheduler_0] Admitted 1 requests for model_2
[2026-08-19 14:15:22.425 GPU_Scheduler_0] Admitted 1 requests for model_4
[2026-08-19 14:15:22.436 GPU_Scheduler_0] Admitted 1 requests for model_1
[2026-08-19 14:15:22.558 GPU_Scheduler_0] Admitted 1 requests for model_4
[2026-08-19 14:15:22.702 GPU_Scheduler_0] Admitted 1 requests for model_4
[2026-08-19 14:15:22.757 GPU_Scheduler_0] Admitted 1 requests for model_2
[2026-08-19 14:15:23.044 GPU_Scheduler_0] Admitted 1 requests for model_4
[2026-08-19 14:15:23.263 GPU_Scheduler_0] Admitted 1 requests for model_4
[2026-08-19 14:15:23.551 GPU_Scheduler_0] Admitted 1 requests for model_4
[2026-08-19 14:15:23.574 GPU_Scheduler_0] Admitted 1 requests for model_4
[2026-08-19 14:15:23.596 GPU_Scheduler_0] Admitted 1 requests for model_1
[2026-08-19 14:15:23.674 GPU_Scheduler_0] Admitted 1 requests for model_1
[2026-08-19 14:15:24.057 GPU_Scheduler_0] Admitted 1 requests for model_1
[2026-08-19 14:15:24.069 GPU_Scheduler_0] Admitted 1 requests for model_2
[2026-08-19 14:15:24.256 GPU_Scheduler_0] Admitted 1 requests for model_4
[2026-08-19 14:15:24.466 GPU_Scheduler_0] Admitted 1 requests for model_2
[2026-08-19 14:15:24.489 GPU_Scheduler_0] Admitted 1 requests for model_4
[2026-08-19 14:15:24.534 GPU_Scheduler_0] Admitted 1 requests for model_4
[2026-08-19 14:15:24.579 GPU_Scheduler_0] Admitted 1 requests for model_4
[2026-08-19 14:15:24.624 GPU_Scheduler_0] Admitted 1 requests for model_1
[2026-08-19 14:15:24.624 GPU_Scheduler_0] Admitted 1 requests for model_2
[2026-08-19 14:15:24.920 GPU_Scheduler_0] Admitted 1 requests for model_1
[2026-08-19 14:15:24.986 GPU_Scheduler_0] Admitted 1 requests for model_4
[2026-08-19 14:15:25.117 GPU_Scheduler_0] Admitted 1 requests for model_4
[2026-08-19 14:15:25.161 GPU_Scheduler_0] Admitted 1 requests for model_1
[2026-08-19 14:15:25.226 GPU_Scheduler_0] Admitted 1 requests for model_2
[2026-08-19 14:15:25.282 GPU_Scheduler_0] Admitted 1 requests for model_2
[2026-08-19 14:15:25.402 GPU_Scheduler_0] Admitted 1 requests for model_1
[2026-08-19 14:15:25.489 GPU_Scheduler_0] Admitted 1 requests for model_1
[2026-08-19 14:15:25.490 GPU_Scheduler_0] Admitted 1 requests for model_4
[2026-08-19 14:15:25.664 GPU_Scheduler_0] Admitted 1 requests for model_2
[2026-08-19 14:15:25.730 GPU_Scheduler_0] Admitted 1 requests for model_2
[2026-08-19 14:15:25.828 GPU_Scheduler_0] Admitted 1 requests for model_4
[2026-08-19 14:15:26.470 GPU_Scheduler_0] Admitted 1 requests for model_4
[2026-08-19 14:15:26.590 GPU_Scheduler_0] Admitted 1 requests for model_4
[2026-08-19 14:15:26.656 GPU_Scheduler_0] Admitted 1 requests for model_1
[2026-08-19 14:15:26.678 GPU_Scheduler_0] Admitted 1 requests for model_1
[2026-08-19 14:15:26.766 GPU_Scheduler_0] Admitted 1 requests for model_1
[2026-08-19 14:15:26.986 GPU_Scheduler_0] Admitted 1 requests for model_2
[2026-08-19 14:15:27.182 GPU_Scheduler_0] Admitted 1 requests for model_4
[2026-08-19 14:15:27.280 GPU_Scheduler_0] Admitted 1 requests for model_4
[2026-08-19 14:15:27.292 GPU_Scheduler_0] Admitted 1 requests for model_4
[2026-08-19 14:15:27.368 GPU_Scheduler_0] Admitted 1 requests for model_4
[2026-08-19 14:15:27.445 GPU_Scheduler_0] Admitted 1 requests for model_4
[2026-08-19 14:15:27.457 GPU_Scheduler_0] Admitted 1 requests for model_2
[2026-08-19 14:15:27.490 GPU_Scheduler_0] Admitted 2 requests for model_4
[2026-08-19 14:15:27.570 GPU_Scheduler_1] Admitted 1 requests for model_3
[2026-08-19 14:15:27.610 GPU_Scheduler_0] Admitted 1 requests for model_4
[2026-08-19 14:15:27.642 GPU_Scheduler_0] Admitted 1 requests for model_1
[2026-08-19 14:15:27.763 GPU_Scheduler_0] Admitted 1 requests for model_4
[2026-08-19 14:15:27.829 GPU_Scheduler_0] Admitted 1 requests for model_4
[2026-08-19 14:15:27.895 GPU_Scheduler_0] Admitted 1 requests for model_1
[2026-08-19 14:15:28.057 GPU_Scheduler_0] Admitted 1 requests for model_4
[2026-08-19 14:15:28.314 GPU_Scheduler_0] Admitted 1 requests for model_4
[2026-08-19 14:15:28.400 GPU_Scheduler_0] Admitted 1 requests for model_2
[2026-08-19 14:15:28.561 GPU_Scheduler_0] Admitted 1 requests for model_1
[2026-08-19 14:15:28.582 GPU_Scheduler_0] Admitted 1 requests for model_4
[2026-08-19 14:15:28.647 GPU_Scheduler_0] Admitted 1 requests for model_4
[2026-08-19 14:15:28.689 GPU_Scheduler_0] Admitted 1 requests for model_1
[2026-08-19 14:15:28.786 GPU_Scheduler_0] Admitted 1 requests for model_4
[2026-08-19 14:15:28.808 GPU_Scheduler_0] Admitted 1 requests for model_4
[2026-08-19 14:15:29.162 GPU_Scheduler_0] Admitted 1 requests for model_1
[2026-08-19 14:15:29.355 GPU_Scheduler_1] Admitted 1 requests for model_3
[2026-08-19 14:15:29.398 GPU_Scheduler_0] Admitted 1 requests for model_1
[2026-08-19 14:15:29.420 GPU_Scheduler_0] Admitted 1 requests for model_4
[2026-08-19 14:15:29.431 GPU_Scheduler_0] Admitted 1 requests for model_4
[2026-08-19 14:15:29.720 GPU_Scheduler_0] Admitted 1 requests for model_2
[2026-08-19 14:15:29.798 GPU_Scheduler_1] Admitted 2 requests for model_3
[2026-08-19 14:15:30.009 GPU_Scheduler_0] Admitted 1 requests for model_4
[2026-08-19 14:15:30.127 GPU_Scheduler_0] Admitted 1 requests for model_1
[2026-08-19 14:15:30.223 GPU_Scheduler_0] Admitted 1 requests for model_2
[2026-08-19 14:15:30.245 GPU_Scheduler_0] Admitted 1 requests for model_2
[2026-08-19 14:15:30.438 GPU_Scheduler_0] Admitted 1 requests for model_1
[2026-08-19 14:15:30.556 GPU_Scheduler_0] Admitted 1 requests for model_1
[2026-08-19 14:15:30.749 GPU_Scheduler_0] Admitted 1 requests for model_2
[2026-08-19 14:15:31.016 GPU_Scheduler_0] Admitted 1 requests for model_4
[2026-08-19 14:15:31.231 GPU_Scheduler_0] Admitted 1 requests for model_4
[2026-08-19 14:15:31.295 GPU_Scheduler_0] Admitted 1 requests for model_1
[2026-08-19 14:15:31.306 GPU_Scheduler_0] Admitted 1 requests for model_1
[2026-08-19 14:15:31.529 GPU_Scheduler_0] Admitted 1 requests for model_2
[2026-08-19 14:15:31.786 GPU_Scheduler_1] Admitted 1 requests for model_3
[2026-08-19 14:15:31.812 GPU_Scheduler_0] Admitted 1 requests for model_2
[2026-08-19 14:15:31.889 GPU_Scheduler_0] Admitted 1 requests for model_4
[2026-08-19 14:15:31.944 GPU_Scheduler_0] Admitted 1 requests for model_4
[2026-08-19 14:15:32.097 GPU_Scheduler_0] Admitted 1 requests for model_1
[2026-08-19 14:15:32.293 GPU_Scheduler_0] Admitted 1 requests for model_1
[2026-08-19 14:15:32.337 GPU_Scheduler_0] Admitted 1 requests for model_2
[2026-08-19 14:15:32.414 GPU_Scheduler_0] Admitted 1 requests for model_4
[2026-08-19 14:15:32.469 GPU_Scheduler_0] Admitted 1 requests for model_2
[2026-08-19 14:15:32.749 GPU_Scheduler_1] Admitted 1 requests for model_5
[2026-08-19 14:15:32.982 GPU_Scheduler_0] Admitted 1 requests for model_2
[2026-08-19 14:15:33.685 GPU_Scheduler_0] Admitted 1 requests for model_1
[2026-08-19 14:15:34.105 GPU_Scheduler_0] Admitted 1 requests for model_2
[2026-08-19 14:15:34.206 GPU_Scheduler_0] Admitted 1 requests for model_4
[2026-08-19 14:15:34.383 GPU_Scheduler_0] Admitted 1 requests for model_4
[2026-08-19 14:15:34.494 GPU_Scheduler_0] Admitted 1 requests for model_4
[2026-08-19 14:15:34.506 GPU_Scheduler_0] Admitted 1 requests for model_2
[2026-08-19 14:15:34.573 GPU_Scheduler_0] Admitted 1 requests for model_4
[2026-08-19 14:15:34.839 GPU_Scheduler_0] Admitted 1 requests for model_2
[2026-08-19 14:15:34.940 GPU_Scheduler_0] Admitted 1 requests for model_1
[2026-08-19 14:15:34.963 GPU_Scheduler_0] Admitted 1 requests for model_1
[2026-08-19 14:15:35.118 GPU_Scheduler_0] Admitted 1 requests for model_1
[2026-08-19 14:15:35.351 GPU_Scheduler_0] Admitted 1 requests for model_4
[2026-08-19 14:15:35.374 GPU_Scheduler_0] Admitted 1 requests for model_1
[2026-08-19 14:15:35.794 GPU_Scheduler_0] Admitted 1 requests for model_4
[2026-08-19 14:15:35.891 GPU_Scheduler_0] Admitted 1 requests for model_4
[2026-08-19 14:15:35.908 GPU_Scheduler_1] Admitted 1 requests for model_5
[2026-08-19 14:15:36.117 GPU_Scheduler_0] Admitted 1 requests for model_1
[2026-08-19 14:15:36.181 GPU_Scheduler_0] Admitted 1 requests for model_2
[2026-08-19 14:15:36.494 GPU_Scheduler_0] Admitted 1 requests for model_1
[2026-08-19 14:15:36.691 GPU_Scheduler_0] Admitted 1 requests for model_1
[2026-08-19 14:15:36.998 GPU_Scheduler_0] Admitted 1 requests for model_1
[2026-08-19 14:15:37.021 GPU_Scheduler_0] Admitted 1 requests for model_1
[2026-08-19 14:15:37.108 GPU_Scheduler_0] Admitted 1 requests for model_4
[2026-08-19 14:15:37.162 GPU_Scheduler_0] Admitted 1 requests for model_4
[2026-08-19 14:15:37.440 GPU_Scheduler_0] Admitted 1 requests for model_4
[2026-08-19 14:15:37.452 GPU_Scheduler_1] Admitted 1 requests for model_3
[2026-08-19 14:15:37.516 GPU_Scheduler_0] Admitted 1 requests for model_1
[2026-08-19 14:15:37.755 GPU_Scheduler_0] Admitted 1 requests for model_2
[2026-08-19 14:15:37.789 GPU_Scheduler_0] Admitted 1 requests for model_1
[2026-08-19 14:15:37.822 GPU_Scheduler_0] Admitted 1 requests for model_4
[2026-08-19 14:15:38.174 GPU_Scheduler_1] Admitted 1 requests for model_5
[2026-08-19 14:15:38.389 GPU_Scheduler_0] Admitted 1 requests for model_1
[2026-08-19 14:15:38.498 GPU_Scheduler_0] Admitted 2 requests for model_4
[2026-08-19 14:15:38.552 GPU_Scheduler_0] Admitted 1 requests for model_2
[2026-08-19 14:15:38.553 GPU_Scheduler_0] Admitted 1 requests for model_4
[2026-08-19 14:15:38.574 GPU_Scheduler_0] Admitted 1 requests for model_4
[2026-08-19 14:15:38.596 GPU_Scheduler_0] Admitted 1 requests for model_4
[2026-08-19 14:15:38.670 GPU_Scheduler_0] Admitted 1 requests for model_1
[2026-08-19 14:15:39.081 GPU_Scheduler_0] Admitted 1 requests for model_4
[2026-08-19 14:15:39.136 GPU_Scheduler_0] Admitted 1 requests for model_4
[2026-08-19 14:15:39.148 GPU_Scheduler_0] Admitted 1 requests for model_4
[2026-08-19 14:15:39.181 GPU_Scheduler_0] Admitted 1 requests for model_1
[2026-08-19 14:15:39.377 GPU_Scheduler_0] Admitted 1 requests for model_4
[2026-08-19 14:15:39.431 GPU_Scheduler_0] Admitted 1 requests for model_4
[2026-08-19 14:15:39.474 GPU_Scheduler_0] Admitted 1 requests for model_4
[2026-08-19 14:15:39.666 GPU_Scheduler_0] Admitted 1 requests for model_4
[2026-08-19 14:15:39.709 GPU_Scheduler_0] Admitted 1 requests for model_4
[2026-08-19 14:15:39.774 GPU_Scheduler_0] Admitted 2 requests for model_4
[2026-08-19 14:15:40.075 GPU_Scheduler_0] Admitted 1 requests for model_1
[2026-08-19 14:15:40.207 GPU_Scheduler_0] Admitted 1 requests for model_2
[2026-08-19 14:15:40.426 GPU_Scheduler_0] Admitted 1 requests for model_4
[2026-08-19 14:15:40.492 GPU_Scheduler_0] Admitted 1 requests for model_4
[2026-08-19 14:15:40.515 GPU_Scheduler_0] Admitted 1 requests for model_1
[2026-08-19 14:15:40.515 GPU_Scheduler_0] Admitted 1 requests for model_2
[2026-08-19 14:15:40.570 GPU_Scheduler_0] Admitted 1 requests for model_4
[2026-08-19 14:15:40.768 GPU_Scheduler_0] Admitted 1 requests for model_1
[2026-08-19 14:15:40.932 GPU_Scheduler_0] Admitted 1 requests for model_4
[2026-08-19 14:15:41.053 GPU_Scheduler_0] Admitted 1 requests for model_4
[2026-08-19 14:15:41.064 GPU_Scheduler_0] Admitted 1 requests for model_2
[2026-08-19 14:15:41.087 GPU_Scheduler_0] Admitted 1 requests for model_4
[2026-08-19 14:15:41.174 GPU_Scheduler_0] Admitted 1 requests for model_4
[2026-08-19 14:15:41.208 GPU_Scheduler_0] Admitted 1 requests for model_2
[2026-08-19 14:15:41.301 GPU_Scheduler_1] Admitted 1 requests for model_3
[2026-08-19 14:15:41.535 GPU_Scheduler_0] Admitted 1 requests for model_1
[2026-08-19 14:15:41.666 GPU_Scheduler_0] Admitted 1 requests for model_4
[2026-08-19 14:15:41.846 GPU_Scheduler_1] Admitted 1 requests for model_5
[2026-08-19 14:15:41.853 GPU_Scheduler_0] Admitted 1 requests for model_4
[2026-08-19 14:15:41.941 GPU_Scheduler_0] Admitted 1 requests for model_2
[2026-08-19 14:15:42.007 GPU_Scheduler_0] Admitted 1 requests for model_4
[2026-08-19 14:15:42.062 GPU_Scheduler_0] Admitted 1 requests for model_2
[2026-08-19 14:15:42.172 GPU_Scheduler_0] Admitted 1 requests for model_1
[2026-08-19 14:15:42.282 GPU_Scheduler_0] Admitted 1 requests for model_2
[2026-08-19 14:15:42.315 GPU_Scheduler_0] Admitted 1 requests for model_4
[2026-08-19 14:15:42.566 GPU_Scheduler_1] Admitted 1 requests for model_5
[2026-08-19 14:15:42.567 GPU_Scheduler_0] Admitted 1 requests for model_4
[2026-08-19 14:15:42.645 GPU_Scheduler_0] Admitted 1 requests for model_4
[2026-08-19 14:15:42.700 GPU_Scheduler_0] Admitted 1 requests for model_2
[2026-08-19 14:15:42.712 GPU_Scheduler_0] Admitted 1 requests for model_2
[2026-08-19 14:15:42.868 GPU_Scheduler_0] Admitted 1 requests for model_4
[2026-08-19 14:15:42.999 GPU_Scheduler_0] Admitted 1 requests for model_2
[2026-08-19 14:15:43.065 GPU_Scheduler_0] Admitted 1 requests for model_1
[2026-08-19 14:15:43.175 GPU_Scheduler_0] Admitted 1 requests for model_2
[2026-08-19 14:15:43.371 GPU_Scheduler_0] Admitted 1 requests for model_4
[2026-08-19 14:15:43.502 GPU_Scheduler_0] Admitted 1 requests for model_4
[2026-08-19 14:15:43.536 GPU_Scheduler_0] Admitted 1 requests for model_1
[2026-08-19 14:15:43.656 GPU_Scheduler_0] Admitted 1 requests for model_1
[2026-08-19 14:15:43.679 GPU_Scheduler_0] Admitted 1 requests for model_2
[2026-08-19 14:15:43.789 GPU_Scheduler_0] Admitted 1 requests for model_4
[2026-08-19 14:15:43.811 GPU_Scheduler_0] Admitted 1 requests for model_4
[2026-08-19 14:15:43.936 GPU_Scheduler_1] Admitted 1 requests for model_5
[2026-08-19 14:15:44.051 GPU_Scheduler_0] Admitted 1 requests for model_1
[2026-08-19 14:15:44.193 GPU_Scheduler_0] Admitted 1 requests for model_2
[2026-08-19 14:15:44.248 GPU_Scheduler_0] Admitted 1 requests for model_2
[2026-08-19 14:15:44.380 GPU_Scheduler_0] Admitted 1 requests for model_2
[2026-08-19 14:15:44.446 GPU_Scheduler_0] Admitted 1 requests for model_4
[2026-08-19 14:15:44.532 GPU_Scheduler_0] Admitted 1 requests for model_1
[2026-08-19 14:15:44.532 GPU_Scheduler_0] Admitted 1 requests for model_2
[2026-08-19 14:15:44.586 GPU_Scheduler_0] Admitted 1 requests for model_2
[2026-08-19 14:15:44.608 GPU_Scheduler_0] Admitted 1 requests for model_1
[2026-08-19 14:15:44.704 GPU_Scheduler_0] Admitted 1 requests for model_2
[2026-08-19 14:15:44.715 GPU_Scheduler_0] Admitted 1 requests for model_4
[2026-08-19 14:15:44.726 GPU_Scheduler_0] Admitted 1 requests for model_1
[2026-08-19 14:15:44.855 GPU_Scheduler_0] Admitted 1 requests for model_4
[2026-08-19 14:15:45.053 GPU_Scheduler_1] Admitted 1 requests for model_5
[2026-08-19 14:15:45.166 GPU_Scheduler_0] Admitted 1 requests for model_1
[2026-08-19 14:15:45.187 GPU_Scheduler_0] Admitted 1 requests for model_1
[2026-08-19 14:15:45.252 GPU_Scheduler_0] Admitted 1 requests for model_1
[2026-08-19 14:15:45.466 GPU_Scheduler_0] Admitted 1 requests for model_1
[2026-08-19 14:15:45.755 GPU_Scheduler_0] Admitted 1 requests for model_2
[2026-08-19 14:15:45.820 GPU_Scheduler_0] Admitted 1 requests for model_1
[2026-08-19 14:15:45.820 GPU_Scheduler_0] Admitted 1 requests for model_2
[2026-08-19 14:15:45.831 GPU_Scheduler_0] Admitted 1 requests for model_2
[2026-08-19 14:15:45.885 GPU_Scheduler_0] Admitted 1 requests for model_4
[2026-08-19 14:15:45.917 GPU_Scheduler_0] Admitted 1 requests for model_1
[2026-08-19 14:15:45.928 GPU_Scheduler_0] Admitted 1 requests for model_4
[2026-08-19 14:15:46.078 GPU_Scheduler_0] Admitted 1 requests for model_2
[2026-08-19 14:15:46.078 GPU_Scheduler_0] Admitted 1 requests for model_4
[2026-08-19 14:15:46.090 GPU_Scheduler_0] Admitted 1 requests for model_1
[2026-08-19 14:15:46.271 GPU_Scheduler_0] Admitted 1 requests for model_4
[2026-08-19 14:15:46.668 GPU_Scheduler_0] Admitted 1 requests for model_1
[2026-08-19 14:15:46.689 GPU_Scheduler_0] Admitted 1 requests for model_4
[2026-08-19 14:15:46.765 GPU_Scheduler_0] Admitted 1 requests for model_4
[2026-08-19 14:15:46.808 GPU_Scheduler_0] Admitted 1 requests for model_1
[2026-08-19 14:15:46.830 GPU_Scheduler_0] Admitted 1 requests for model_4
[2026-08-19 14:15:46.841 GPU_Scheduler_0] Admitted 1 requests for model_2
[2026-08-19 14:15:47.012 GPU_Scheduler_0] Admitted 1 requests for model_1
[2026-08-19 14:15:47.729 GPU_Scheduler_0] Admitted 1 requests for model_4
[2026-08-19 14:15:47.793 GPU_Scheduler_0] Admitted 1 requests for model_1
[2026-08-19 14:15:48.350 GPU_Scheduler_0] Admitted 1 requests for model_2
[2026-08-19 14:15:48.383 GPU_Scheduler_0] Admitted 1 requests for model_1
[2026-08-19 14:15:48.394 GPU_Scheduler_0] Admitted 1 requests for model_1
[2026-08-19 14:15:48.551 GPU_Scheduler_0] Admitted 1 requests for model_4
[2026-08-19 14:15:48.673 GPU_Scheduler_0] Admitted 1 requests for model_1
[2026-08-19 14:15:48.736 GPU_Scheduler_1] Admitted 1 requests for model_3
[2026-08-19 14:15:48.751 GPU_Scheduler_0] Admitted 1 requests for model_4
[2026-08-19 14:15:49.462 GPU_Scheduler_0] Admitted 1 requests for model_2
[2026-08-19 14:15:49.759 GPU_Scheduler_1] Admitted 1 requests for model_3
[2026-08-19 14:15:49.847 GPU_Scheduler_0] Admitted 1 requests for model_4
[2026-08-19 14:15:49.890 GPU_Scheduler_0] Admitted 1 requests for model_2
[2026-08-19 14:15:49.943 GPU_Scheduler_0] Admitted 1 requests for model_4
[2026-08-19 14:15:49.965 GPU_Scheduler_0] Admitted 1 requests for model_2
[2026-08-19 14:15:50.072 GPU_Scheduler_0] Admitted 1 requests for model_4
[2026-08-19 14:15:50.265 GPU_Scheduler_0] Admitted 1 requests for model_1
[2026-08-19 14:15:50.372 GPU_Scheduler_0] Admitted 1 requests for model_2
[2026-08-19 14:15:50.535 GPU_Scheduler_0] Admitted 1 requests for model_1
[2026-08-19 14:15:50.557 GPU_Scheduler_0] Admitted 1 requests for model_1
[2026-08-19 14:15:50.580 GPU_Scheduler_0] Admitted 1 requests for model_1
[2026-08-19 14:15:50.858 GPU_Scheduler_0] Admitted 1 requests for model_2
[2026-08-19 14:15:50.928 GPU_Scheduler_0] Admitted 1 requests for model_2
[2026-08-19 14:15:50.986 GPU_Scheduler_0] Admitted 1 requests for model_2
[2026-08-19 14:15:51.307 GPU_Scheduler_0] Admitted 1 requests for model_1
[2026-08-19 14:15:51.868 GPU_Scheduler_0] Admitted 1 requests for model_4
[2026-08-19 14:15:51.960 GPU_Scheduler_0] Admitted 1 requests for model_1
[2026-08-19 14:15:51.995 GPU_Scheduler_0] Admitted 1 requests for model_2
[2026-08-19 14:15:52.121 GPU_Scheduler_0] Admitted 1 requests for model_4
[2026-08-19 14:15:52.316 GPU_Scheduler_0] Admitted 2 requests for model_4
[2026-08-19 14:15:52.408 GPU_Scheduler_0] Admitted 1 requests for model_2
[2026-08-19 14:15:52.442 GPU_Scheduler_0] Admitted 1 requests for model_1
[2026-08-19 14:15:52.522 GPU_Scheduler_0] Admitted 1 requests for model_1
[2026-08-19 14:15:52.546 GPU_Scheduler_0] Admitted 1 requests for model_4
[2026-08-19 14:15:52.774 GPU_Scheduler_0] Admitted 1 requests for model_1
[2026-08-19 14:15:52.912 GPU_Scheduler_0] Admitted 1 requests for model_1
[2026-08-19 14:15:53.129 GPU_Scheduler_0] Admitted 1 requests for model_4
[2026-08-19 14:15:53.232 GPU_Scheduler_0] Admitted 1 requests for model_4
[2026-08-19 14:15:53.256 GPU_Scheduler_0] Admitted 1 requests for model_4
[2026-08-19 14:15:53.428 GPU_Scheduler_0] Admitted 1 requests for model_4
[2026-08-19 14:15:53.611 GPU_Scheduler_0] Admitted 1 requests for model_2
[2026-08-19 14:15:53.611 GPU_Scheduler_0] Admitted 1 requests for model_4
[2026-08-19 14:15:53.944 GPU_Scheduler_0] Admitted 1 requests for model_1
[2026-08-19 14:15:54.369 GPU_Scheduler_0] Admitted 1 requests for model_4
[2026-08-19 14:15:54.679 GPU_Scheduler_0] Admitted 1 requests for model_2
[2026-08-19 14:15:54.748 GPU_Scheduler_0] Admitted 2 requests for model_2
[2026-08-19 14:15:54.761 GPU_Scheduler_0] Admitted 1 requests for model_4
[2026-08-19 14:15:54.864 GPU_Scheduler_0] Admitted 1 requests for model_4
[2026-08-19 14:15:54.876 GPU_Scheduler_0] Admitted 1 requests for model_4
[2026-08-19 14:15:55.108 GPU_Scheduler_1] Admitted 1 requests for model_3
[2026-08-19 14:15:55.459 GPU_Scheduler_0] Admitted 1 requests for model_2
[2026-08-19 14:15:55.620 GPU_Scheduler_0] Admitted 1 requests for model_2
[2026-08-19 14:15:55.712 GPU_Scheduler_0] Admitted 1 requests for model_1
[2026-08-19 14:15:55.749 GPU_Scheduler_1] Admitted 1 requests for model_5
[2026-08-19 14:15:55.784 GPU_Scheduler_1] Admitted 1 requests for model_5
[2026-08-19 14:15:55.895 GPU_Scheduler_0] Admitted 1 requests for model_4
[2026-08-19 14:15:55.953 GPU_Scheduler_0] Admitted 1 requests for model_1
[2026-08-19 14:15:56.096 GPU_Scheduler_1] Received deactivate request for model model_6
[2026-08-19 14:15:56.096 GPU_Scheduler_1] Received deactivate request for model_6, model_states: {'model_1': 'deactivated', 'model_2': 'deactivated', 'model_3': 'activated', 'model_4': 'deactivated', 'model_5': 'activated', 'model_6': 'deactivating'}
[2026-08-19 14:15:56.096 GPU_Scheduler_1] Release worker 3 from model model_6. Current model_to_worker: {'model_3': 1, 'model_5': 0}
[2026-08-19 14:15:56.548 GPU_Scheduler_0] Admitted 1 requests for model_1
[2026-08-19 14:15:56.629 GPU_Scheduler_0] Admitted 1 requests for model_4
[2026-08-19 14:15:56.744 GPU_Scheduler_0] Admitted 1 requests for model_4
[2026-08-19 14:15:56.836 GPU_Scheduler_0] Admitted 1 requests for model_4
[2026-08-19 14:15:56.951 GPU_Scheduler_0] Admitted 1 requests for model_4
[2026-08-19 14:15:56.977 GPU_Scheduler_1] Admitted 1 requests for model_5
[2026-08-19 14:15:57.158 GPU_Scheduler_0] Admitted 1 requests for model_4
[2026-08-19 14:15:57.239 GPU_Scheduler_1] Admitted 1 requests for model_5
[2026-08-19 14:15:57.296 GPU_Scheduler_0] Admitted 1 requests for model_2
[2026-08-19 14:15:57.353 GPU_Scheduler_1] Model model_6 (instance 1) deactivation succeeded on GPU 1
[2026-08-19 14:15:57.377 GPU_Scheduler_0] Admitted 1 requests for model_1
[2026-08-19 14:15:57.502 GPU_Scheduler_0] Admitted 1 requests for model_4
[2026-08-19 14:15:57.549 GPU_Scheduler_0] Admitted 1 requests for model_2
[2026-08-19 14:15:57.720 GPU_Scheduler_0] Admitted 1 requests for model_4
[2026-08-19 14:15:57.903 GPU_Scheduler_0] Admitted 1 requests for model_1
[2026-08-19 14:15:57.983 GPU_Scheduler_0] Admitted 1 requests for model_2
[2026-08-19 14:15:57.995 GPU_Scheduler_0] Admitted 1 requests for model_1
[2026-08-19 14:15:58.236 GPU_Scheduler_0] Admitted 1 requests for model_2
[2026-08-19 14:15:58.282 GPU_Scheduler_0] Admitted 1 requests for model_4
[2026-08-19 14:15:58.614 GPU_Scheduler_0] Admitted 1 requests for model_1
[2026-08-19 14:15:58.774 GPU_Scheduler_0] Admitted 1 requests for model_4
[2026-08-19 14:15:58.877 GPU_Scheduler_0] Admitted 1 requests for model_2
[2026-08-19 14:15:59.141 GPU_Scheduler_0] Admitted 1 requests for model_4
[2026-08-19 14:15:59.239 GPU_Scheduler_1] Admitted 1 requests for model_5
[2026-08-19 14:15:59.360 GPU_Scheduler_0] Admitted 1 requests for model_4
[2026-08-19 14:15:59.430 GPU_Scheduler_0] Admitted 1 requests for model_4
[2026-08-19 14:15:59.500 GPU_Scheduler_0] Admitted 1 requests for model_2
[2026-08-19 14:15:59.718 GPU_Scheduler_0] Admitted 1 requests for model_1
[2026-08-19 14:16:00.039 GPU_Scheduler_0] Admitted 1 requests for model_1
[2026-08-19 14:16:00.074 GPU_Scheduler_0] Admitted 1 requests for model_1
[2026-08-19 14:16:00.327 GPU_Scheduler_0] Admitted 1 requests for model_2
[2026-08-19 14:16:00.385 GPU_Scheduler_0] Admitted 1 requests for model_4
[2026-08-19 14:16:00.408 GPU_Scheduler_0] Admitted 1 requests for model_4
[2026-08-19 14:16:00.627 GPU_Scheduler_0] Admitted 1 requests for model_4
[2026-08-19 14:16:00.756 GPU_Scheduler_1] Admitted 1 requests for model_5
[2026-08-19 14:16:00.811 GPU_Scheduler_1] Admitted 1 requests for model_5
[2026-08-19 14:16:00.888 GPU_Scheduler_1] Admitted 1 requests for model_5
[2026-08-19 14:16:00.899 GPU_Scheduler_1] Admitted 1 requests for model_5
[2026-08-19 14:16:01.182 GPU_Scheduler_0] Received activate request for model model_6
[2026-08-19 14:16:01.182 GPU_Scheduler_0] Received activate request for model_6, model_states: {'model_1': 'activated', 'model_2': 'activated', 'model_3': 'deactivated', 'model_4': 'activated', 'model_5': 'deactivated', 'model_6': 'activating'}
[2026-08-19 14:16:01.182 GPU_Scheduler_0] Assign worker 1 to model_6. Current model_to_worker: {'model_2': 3, 'model_1': 2, 'model_4': 0, 'model_6': 1}
[2026-08-19 14:16:01.189 GPU_Scheduler_0] Admitted 1 requests for model_6
[2026-08-19 14:16:01.213 GPU_Scheduler_1] Admitted 1 requests for model_5
[2026-08-19 14:16:01.235 GPU_Scheduler_1] Admitted 1 requests for model_5
[2026-08-19 14:16:01.546 GPU_Scheduler_1] Admitted 1 requests for model_5
[2026-08-19 14:16:01.792 GPU_Scheduler_0] Admitted 1 requests for model_6
[2026-08-19 14:16:01.871 GPU_Scheduler_1] Admitted 1 requests for model_5
[2026-08-19 14:16:01.977 GPU_Scheduler_1] Admitted 1 requests for model_5
[2026-08-19 14:16:02.092 GPU_Scheduler_0] Admitted 1 requests for model_6
[2026-08-19 14:16:02.135 GPU_Scheduler_1] Admitted 1 requests for model_5
[2026-08-19 14:16:02.466 GPU_Scheduler_1] Admitted 1 requests for model_5
[2026-08-19 14:16:02.563 GPU_Scheduler_1] Admitted 1 requests for model_5
[2026-08-19 14:16:02.629 GPU_Scheduler_1] Admitted 1 requests for model_5
[2026-08-19 14:16:02.673 GPU_Scheduler_1] Admitted 1 requests for model_5
[2026-08-19 14:16:02.904 GPU_Scheduler_1] Admitted 1 requests for model_5
[2026-08-19 14:16:02.975 GPU_Scheduler_0] Model model_6 (instance 0) activation succeeded on GPU 0
[2026-08-19 14:16:03.163 GPU_Scheduler_1] Admitted 1 requests for model_5
[2026-08-19 14:16:03.197 GPU_Scheduler_1] Admitted 1 requests for model_5
[2026-08-19 14:16:03.456 GPU_Scheduler_1] Admitted 1 requests for model_5
[2026-08-19 14:16:03.520 GPU_Scheduler_0] Admitted 1 requests for model_6
[2026-08-19 14:16:03.604 GPU_Scheduler_0] Admitted 1 requests for model_4
[2026-08-19 14:16:03.615 GPU_Scheduler_1] Admitted 1 requests for model_5
[2026-08-19 14:16:03.625 GPU_Scheduler_1] Admitted 1 requests for model_5
[2026-08-19 14:16:03.781 GPU_Scheduler_0] Admitted 1 requests for model_6
[2026-08-19 14:16:03.857 GPU_Scheduler_1] Admitted 1 requests for model_5
[2026-08-19 14:16:04.397 GPU_Scheduler_1] Admitted 1 requests for model_5
[2026-08-19 14:16:04.476 GPU_Scheduler_0] Admitted 1 requests for model_4
[2026-08-19 14:16:04.476 GPU_Scheduler_0] Admitted 1 requests for model_6
[2026-08-19 14:16:04.623 GPU_Scheduler_1] Admitted 1 requests for model_5
[2026-08-19 14:16:04.689 GPU_Scheduler_0] Admitted 1 requests for model_6
[2026-08-19 14:16:04.783 GPU_Scheduler_1] Admitted 1 requests for model_5
[2026-08-19 14:16:04.880 GPU_Scheduler_1] Admitted 1 requests for model_5
[2026-08-19 14:16:05.078 GPU_Scheduler_0] Admitted 1 requests for model_4
[2026-08-19 14:16:05.149 GPU_Scheduler_0] Admitted 1 requests for model_4
[2026-08-19 14:16:05.848 GPU_Scheduler_1] Admitted 1 requests for model_5
[2026-08-19 14:16:06.030 GPU_Scheduler_1] Admitted 1 requests for model_5
[2026-08-19 14:16:06.084 GPU_Scheduler_1] Admitted 1 requests for model_3
[2026-08-19 14:16:06.245 GPU_Scheduler_1] Admitted 1 requests for model_5
[2026-08-19 14:16:06.299 GPU_Scheduler_1] Admitted 1 requests for model_5
[2026-08-19 14:16:06.331 GPU_Scheduler_1] Admitted 1 requests for model_5
[2026-08-19 14:16:06.363 GPU_Scheduler_0] Admitted 1 requests for model_4
[2026-08-19 14:16:06.482 GPU_Scheduler_1] Admitted 1 requests for model_5
[2026-08-19 14:16:06.565 GPU_Scheduler_0] Admitted 1 requests for model_6
[2026-08-19 14:16:06.683 GPU_Scheduler_0] Admitted 1 requests for model_6
[2026-08-19 14:16:06.790 GPU_Scheduler_0] Admitted 1 requests for model_6
[2026-08-19 14:16:06.824 GPU_Scheduler_1] Admitted 1 requests for model_5
[2026-08-19 14:16:06.868 GPU_Scheduler_1] Admitted 1 requests for model_5
[2026-08-19 14:16:06.954 GPU_Scheduler_1] Admitted 1 requests for model_5
[2026-08-19 14:16:07.051 GPU_Scheduler_1] Admitted 1 requests for model_5
[2026-08-19 14:16:07.083 GPU_Scheduler_1] Admitted 1 requests for model_5
[2026-08-19 14:16:07.380 GPU_Scheduler_0] Admitted 1 requests for model_6
[2026-08-19 14:16:07.392 GPU_Scheduler_0] Admitted 1 requests for model_4
[2026-08-19 14:16:07.468 GPU_Scheduler_1] Admitted 1 requests for model_5
[2026-08-19 14:16:07.609 GPU_Scheduler_1] Admitted 1 requests for model_5
[2026-08-19 14:16:07.802 GPU_Scheduler_1] Admitted 1 requests for model_5
[2026-08-19 14:16:07.818 GPU_Scheduler_0] Admitted 1 requests for model_6
[2026-08-19 14:16:07.854 GPU_Scheduler_0] Admitted 1 requests for model_6
[2026-08-19 14:16:07.899 GPU_Scheduler_1] Admitted 2 requests for model_5
[2026-08-19 14:16:08.145 GPU_Scheduler_1] Admitted 1 requests for model_5
[2026-08-19 14:16:08.178 GPU_Scheduler_1] Admitted 1 requests for model_5
[2026-08-19 14:16:08.222 GPU_Scheduler_0] Admitted 1 requests for model_6
[2026-08-19 14:16:08.349 GPU_Scheduler_1] Admitted 1 requests for model_5
[2026-08-19 14:16:08.572 GPU_Scheduler_1] Admitted 1 requests for model_5
[2026-08-19 14:16:08.626 GPU_Scheduler_1] Admitted 1 requests for model_5
[2026-08-19 14:16:08.659 GPU_Scheduler_1] Admitted 1 requests for model_5
[2026-08-19 14:16:08.930 GPU_Scheduler_1] Admitted 1 requests for model_5
[2026-08-19 14:16:09.133 GPU_Scheduler_1] Admitted 1 requests for model_5
[2026-08-19 14:16:09.387 GPU_Scheduler_0] Admitted 1 requests for model_6
[2026-08-19 14:16:09.550 GPU_Scheduler_1] Admitted 1 requests for model_5
[2026-08-19 14:16:09.722 GPU_Scheduler_0] Admitted 1 requests for model_6
[2026-08-19 14:16:10.418 GPU_Scheduler_1] Admitted 1 requests for model_5
[2026-08-19 14:16:10.441 GPU_Scheduler_0] Admitted 1 requests for model_6
[2026-08-19 14:16:10.824 GPU_Scheduler_1] Admitted 1 requests for model_5
[2026-08-19 14:16:10.846 GPU_Scheduler_0] Admitted 1 requests for model_6
[2026-08-19 14:16:10.846 GPU_Scheduler_1] Admitted 1 requests for model_5
[2026-08-19 14:16:10.999 GPU_Scheduler_0] Admitted 1 requests for model_6
[2026-08-19 14:16:11.119 GPU_Scheduler_0] Admitted 1 requests for model_4
[2026-08-19 14:16:11.600 GPU_Scheduler_1] Admitted 1 requests for model_5
[2026-08-19 14:16:11.861 GPU_Scheduler_1] Admitted 1 requests for model_5
[2026-08-19 14:16:11.870 GPU_Scheduler_0] Admitted 1 requests for model_4
[2026-08-19 14:16:11.893 GPU_Scheduler_0] Admitted 1 requests for model_6
[2026-08-19 14:16:12.000 GPU_Scheduler_1] Admitted 1 requests for model_5
[2026-08-19 14:16:12.074 GPU_Scheduler_0] Admitted 1 requests for model_6
[2026-08-19 14:16:12.171 GPU_Scheduler_1] Admitted 1 requests for model_5
[2026-08-19 14:16:12.277 GPU_Scheduler_0] Admitted 1 requests for model_4
[2026-08-19 14:16:12.364 GPU_Scheduler_1] Admitted 1 requests for model_5
[2026-08-19 14:16:12.374 GPU_Scheduler_0] Admitted 1 requests for model_6
[2026-08-19 14:16:12.514 GPU_Scheduler_1] Admitted 1 requests for model_5
[2026-08-19 14:16:12.518 GPU_Scheduler_0] Admitted 1 requests for model_6
[2026-08-19 14:16:12.653 GPU_Scheduler_0] Admitted 1 requests for model_6
[2026-08-19 14:16:12.698 GPU_Scheduler_0] Admitted 1 requests for model_6
[2026-08-19 14:16:12.710 GPU_Scheduler_0] Admitted 1 requests for model_6
[2026-08-19 14:16:12.770 GPU_Scheduler_1] Admitted 1 requests for model_5
[2026-08-19 14:16:12.835 GPU_Scheduler_1] Admitted 1 requests for model_5
[2026-08-19 14:16:12.942 GPU_Scheduler_1] Admitted 1 requests for model_3
[2026-08-19 14:16:12.975 GPU_Scheduler_1] Admitted 1 requests for model_5
[2026-08-19 14:16:12.977 GPU_Scheduler_0] Admitted 1 requests for model_6
[2026-08-19 14:16:13.082 GPU_Scheduler_1] Admitted 1 requests for model_5
[2026-08-19 14:16:13.290 GPU_Scheduler_0] Admitted 1 requests for model_6
[2026-08-19 14:16:13.302 GPU_Scheduler_0] Admitted 1 requests for model_4
[2026-08-19 14:16:13.572 GPU_Scheduler_1] Admitted 1 requests for model_5
[2026-08-19 14:16:14.052 GPU_Scheduler_1] Admitted 1 requests for model_5
[2026-08-19 14:16:14.064 GPU_Scheduler_1] Admitted 1 requests for model_5
[2026-08-19 14:16:14.150 GPU_Scheduler_1] Admitted 1 requests for model_5
[2026-08-19 14:16:14.215 GPU_Scheduler_1] Admitted 1 requests for model_5
[2026-08-19 14:16:14.440 GPU_Scheduler_1] Admitted 1 requests for model_5
[2026-08-19 14:16:14.704 GPU_Scheduler_0] Admitted 1 requests for model_4
[2026-08-19 14:16:14.727 GPU_Scheduler_0] Admitted 1 requests for model_6
[2026-08-19 14:16:14.805 GPU_Scheduler_0] Admitted 1 requests for model_6
[2026-08-19 14:16:14.967 GPU_Scheduler_1] Admitted 1 requests for model_5
[2026-08-19 14:16:15.106 GPU_Scheduler_0] Admitted 1 requests for model_4
[2026-08-19 14:16:15.185 GPU_Scheduler_0] Admitted 2 requests for model_6
[2026-08-19 14:16:15.208 GPU_Scheduler_0] Admitted 1 requests for model_4
[2026-08-19 14:16:15.308 GPU_Scheduler_0] Admitted 1 requests for model_6
[2026-08-19 14:16:15.320 GPU_Scheduler_0] Admitted 1 requests for model_4
[2026-08-19 14:16:15.320 GPU_Scheduler_0] Admitted 1 requests for model_6
[2026-08-19 14:16:15.727 GPU_Scheduler_0] Admitted 1 requests for model_6
[2026-08-19 14:16:15.780 GPU_Scheduler_1] Admitted 1 requests for model_5
[2026-08-19 14:16:15.804 GPU_Scheduler_0] Admitted 1 requests for model_6
[2026-08-19 14:16:15.889 GPU_Scheduler_1] Admitted 1 requests for model_5
[2026-08-19 14:16:15.986 GPU_Scheduler_1] Admitted 1 requests for model_5
[2026-08-19 14:16:16.066 GPU_Scheduler_0] Admitted 1 requests for model_6
[2026-08-19 14:16:16.296 GPU_Scheduler_1] Admitted 1 requests for model_5
[2026-08-19 14:16:16.522 GPU_Scheduler_1] Admitted 1 requests for model_5
[2026-08-19 14:16:17.124 GPU_Scheduler_0] Admitted 1 requests for model_6
[2026-08-19 14:16:17.215 GPU_Scheduler_1] Admitted 1 requests for model_5
[2026-08-19 14:16:17.429 GPU_Scheduler_1] Admitted 1 requests for model_5
[2026-08-19 14:16:17.494 GPU_Scheduler_0] Admitted 1 requests for model_6
[2026-08-19 14:16:17.527 GPU_Scheduler_0] Admitted 1 requests for model_6
[2026-08-19 14:16:17.571 GPU_Scheduler_0] Admitted 1 requests for model_4
[2026-08-19 14:16:17.692 GPU_Scheduler_0] Admitted 1 requests for model_6
[2026-08-19 14:16:17.695 GPU_Scheduler_1] Admitted 1 requests for model_5
[2026-08-19 14:16:18.010 GPU_Scheduler_1] Admitted 1 requests for model_5
[2026-08-19 14:16:18.094 GPU_Scheduler_1] Admitted 1 requests for model_5
[2026-08-19 14:16:18.370 GPU_Scheduler_1] Admitted 1 requests for model_5
[2026-08-19 14:16:18.421 GPU_Scheduler_0] Admitted 1 requests for model_6
[2026-08-19 14:16:18.423 GPU_Scheduler_1] Admitted 1 requests for model_5
[2026-08-19 14:16:18.519 GPU_Scheduler_1] Admitted 2 requests for model_5
[2026-08-19 14:16:18.543 GPU_Scheduler_0] Admitted 1 requests for model_6
[2026-08-19 14:16:18.550 GPU_Scheduler_1] Admitted 1 requests for model_5
[2026-08-19 14:16:18.882 GPU_Scheduler_1] Admitted 1 requests for model_5
[2026-08-19 14:16:19.107 GPU_Scheduler_1] Admitted 1 requests for model_5
[2026-08-19 14:16:19.202 GPU_Scheduler_0] Admitted 1 requests for model_6
[2026-08-19 14:16:19.364 GPU_Scheduler_1] Admitted 1 requests for model_5
[2026-08-19 14:16:19.471 GPU_Scheduler_1] Admitted 1 requests for model_5
[2026-08-19 14:16:19.607 GPU_Scheduler_0] Admitted 1 requests for model_6
[2026-08-19 14:16:19.653 GPU_Scheduler_1] Admitted 1 requests for model_5
[2026-08-19 14:16:19.943 GPU_Scheduler_1] Admitted 1 requests for model_5
[2026-08-19 14:16:19.971 GPU_Scheduler_0] Admitted 1 requests for model_6
[2026-08-19 14:16:20.018 GPU_Scheduler_1] Admitted 1 requests for model_5
[2026-08-19 14:16:20.273 GPU_Scheduler_0] Admitted 1 requests for model_4
[2026-08-19 14:16:20.414 GPU_Scheduler_1] Admitted 1 requests for model_5
[2026-08-19 14:16:20.897 GPU_Scheduler_1] Admitted 1 requests for model_5
[2026-08-19 14:16:21.057 GPU_Scheduler_0] Admitted 1 requests for model_6
[2026-08-19 14:16:21.121 GPU_Scheduler_1] Admitted 1 requests for model_5
[2026-08-19 14:16:21.226 GPU_Scheduler_0] Admitted 1 requests for model_6
[2026-08-19 14:16:21.475 GPU_Scheduler_1] Admitted 1 requests for model_5
[2026-08-19 14:16:21.486 GPU_Scheduler_1] Admitted 1 requests for model_5
[2026-08-19 14:16:21.508 GPU_Scheduler_1] Admitted 1 requests for model_5
[2026-08-19 14:16:21.616 GPU_Scheduler_1] Admitted 1 requests for model_5
[2026-08-19 14:16:21.776 GPU_Scheduler_1] Admitted 1 requests for model_5
[2026-08-19 14:16:21.795 GPU_Scheduler_0] Admitted 1 requests for model_6
[2026-08-19 14:16:21.798 GPU_Scheduler_1] Admitted 1 requests for model_3
[2026-08-19 14:16:21.884 GPU_Scheduler_1] Admitted 1 requests for model_5
[2026-08-19 14:16:21.900 GPU_Scheduler_0] Admitted 1 requests for model_6
[2026-08-19 14:16:22.118 GPU_Scheduler_1] Admitted 1 requests for model_5
[2026-08-19 14:16:22.215 GPU_Scheduler_1] Admitted 2 requests for model_5
[2026-08-19 14:16:22.259 GPU_Scheduler_1] Admitted 1 requests for model_5
[2026-08-19 14:16:22.356 GPU_Scheduler_1] Admitted 1 requests for model_5
[2026-08-19 14:16:22.367 GPU_Scheduler_1] Admitted 1 requests for model_5
[2026-08-19 14:16:22.632 GPU_Scheduler_1] Admitted 1 requests for model_5
[2026-08-19 14:16:22.916 GPU_Scheduler_1] Admitted 1 requests for model_5
[2026-08-19 14:16:22.998 GPU_Scheduler_0] Admitted 1 requests for model_6
[2026-08-19 14:16:23.001 GPU_Scheduler_1] Admitted 1 requests for model_5
[2026-08-19 14:16:23.011 GPU_Scheduler_1] Admitted 1 requests for model_5
[2026-08-19 14:16:23.143 GPU_Scheduler_0] Admitted 1 requests for model_4
[2026-08-19 14:16:23.264 GPU_Scheduler_1] Admitted 1 requests for model_5
[2026-08-19 14:16:23.359 GPU_Scheduler_1] Admitted 1 requests for model_5
[2026-08-19 14:16:23.475 GPU_Scheduler_1] Admitted 1 requests for model_5
[2026-08-19 14:16:23.581 GPU_Scheduler_1] Admitted 1 requests for model_5
[2026-08-19 14:16:23.734 GPU_Scheduler_0] Admitted 1 requests for model_6
[2026-08-19 14:16:23.927 GPU_Scheduler_0] Admitted 1 requests for model_6
[2026-08-19 14:16:23.952 GPU_Scheduler_0] Admitted 1 requests for model_6
[2026-08-19 14:16:23.970 GPU_Scheduler_1] Admitted 1 requests for model_5
[2026-08-19 14:16:24.122 GPU_Scheduler_0] Admitted 1 requests for model_6
[2026-08-19 14:16:24.134 GPU_Scheduler_0] Admitted 1 requests for model_4
[2026-08-19 14:16:24.256 GPU_Scheduler_0] Admitted 1 requests for model_6
[2026-08-19 14:16:24.533 GPU_Scheduler_0] Admitted 1 requests for model_6
[2026-08-19 14:16:24.655 GPU_Scheduler_0] Admitted 1 requests for model_6
[2026-08-19 14:16:24.780 GPU_Scheduler_1] Admitted 1 requests for model_5
[2026-08-19 14:16:24.952 GPU_Scheduler_1] Admitted 1 requests for model_5
[2026-08-19 14:16:25.327 GPU_Scheduler_0] Admitted 1 requests for model_6
[2026-08-19 14:16:25.350 GPU_Scheduler_0] Admitted 1 requests for model_6
[2026-08-19 14:16:25.607 GPU_Scheduler_1] Admitted 1 requests for model_5
[2026-08-19 14:16:25.694 GPU_Scheduler_1] Admitted 1 requests for model_5
[2026-08-19 14:16:25.774 GPU_Scheduler_0] Admitted 1 requests for model_6
[2026-08-19 14:16:26.283 GPU_Scheduler_0] Admitted 1 requests for model_6
[2026-08-19 14:16:26.410 GPU_Scheduler_1] Admitted 1 requests for model_3
[2026-08-19 14:16:26.518 GPU_Scheduler_1] Admitted 1 requests for model_5
[2026-08-19 14:16:26.583 GPU_Scheduler_1] Admitted 1 requests for model_5
[2026-08-19 14:16:26.621 GPU_Scheduler_0] Admitted 1 requests for model_6
[2026-08-19 14:16:26.646 GPU_Scheduler_1] Admitted 1 requests for model_5
[2026-08-19 14:16:26.709 GPU_Scheduler_0] Admitted 1 requests for model_6
[2026-08-19 14:16:26.741 GPU_Scheduler_1] Admitted 1 requests for model_5
[2026-08-19 14:16:27.088 GPU_Scheduler_1] Admitted 1 requests for model_5
[2026-08-19 14:16:27.144 GPU_Scheduler_0] Admitted 1 requests for model_6
[2026-08-19 14:16:27.641 GPU_Scheduler_1] Admitted 1 requests for model_5
[2026-08-19 14:16:27.782 GPU_Scheduler_1] Admitted 1 requests for model_5
[2026-08-19 14:16:27.868 GPU_Scheduler_1] Admitted 1 requests for model_5
[2026-08-19 14:16:27.896 GPU_Scheduler_0] Admitted 1 requests for model_4
[2026-08-19 14:16:28.040 GPU_Scheduler_1] Admitted 1 requests for model_5
[2026-08-19 14:16:28.168 GPU_Scheduler_0] Admitted 1 requests for model_4
[2026-08-19 14:16:28.419 GPU_Scheduler_0] Admitted 1 requests for model_6
[2026-08-19 14:16:28.529 GPU_Scheduler_0] Admitted 1 requests for model_4
[2026-08-19 14:16:28.585 GPU_Scheduler_0] Admitted 1 requests for model_6
[2026-08-19 14:16:28.778 GPU_Scheduler_1] Admitted 1 requests for model_5
[2026-08-19 14:16:28.936 GPU_Scheduler_1] Admitted 1 requests for model_3
[2026-08-19 14:16:29.078 GPU_Scheduler_0] Admitted 1 requests for model_6
[2026-08-19 14:16:29.134 GPU_Scheduler_0] Admitted 1 requests for model_4
[2026-08-19 14:16:29.157 GPU_Scheduler_0] Admitted 1 requests for model_6
[2026-08-19 14:16:29.447 GPU_Scheduler_0] Admitted 1 requests for model_4
[2026-08-19 14:16:29.525 GPU_Scheduler_0] Admitted 1 requests for model_6
[2026-08-19 14:16:29.793 GPU_Scheduler_0] Admitted 1 requests for model_6
[2026-08-19 14:16:30.139 GPU_Scheduler_0] Admitted 1 requests for model_6
[2026-08-19 14:16:30.150 GPU_Scheduler_1] Admitted 1 requests for model_5
[2026-08-19 14:16:30.263 GPU_Scheduler_0] Admitted 1 requests for model_6
[2026-08-19 14:16:30.275 GPU_Scheduler_0] Admitted 1 requests for model_4
[2026-08-19 14:16:30.360 GPU_Scheduler_1] Admitted 1 requests for model_5
[2026-08-19 14:16:30.434 GPU_Scheduler_1] Admitted 1 requests for model_5
[2026-08-19 14:16:30.521 GPU_Scheduler_0] Admitted 1 requests for model_6
[2026-08-19 14:16:30.566 GPU_Scheduler_0] Admitted 1 requests for model_6
[2026-08-19 14:16:30.763 GPU_Scheduler_1] Admitted 1 requests for model_5
[2026-08-19 14:16:31.138 GPU_Scheduler_1] Admitted 1 requests for model_5
[2026-08-19 14:16:31.374 GPU_Scheduler_1] Admitted 1 requests for model_5
[2026-08-19 14:16:31.857 GPU_Scheduler_0] Admitted 1 requests for model_6
[2026-08-19 14:16:31.903 GPU_Scheduler_1] Admitted 1 requests for model_5
[2026-08-19 14:16:31.998 GPU_Scheduler_1] Admitted 1 requests for model_5
[2026-08-19 14:16:32.025 GPU_Scheduler_0] Admitted 1 requests for model_6
[2026-08-19 14:16:32.170 GPU_Scheduler_0] Admitted 1 requests for model_6
[2026-08-19 14:16:32.182 GPU_Scheduler_0] Admitted 1 requests for model_6
[2026-08-19 14:16:32.292 GPU_Scheduler_1] Admitted 1 requests for model_5
[2026-08-19 14:16:32.406 GPU_Scheduler_0] Admitted 1 requests for model_6
[2026-08-19 14:16:32.587 GPU_Scheduler_1] Admitted 1 requests for model_5
[2026-08-19 14:16:32.764 GPU_Scheduler_0] Admitted 1 requests for model_6
[2026-08-19 14:16:32.913 GPU_Scheduler_1] Admitted 1 requests for model_5
[2026-08-19 14:16:33.034 GPU_Scheduler_0] Admitted 1 requests for model_4
[2026-08-19 14:16:33.179 GPU_Scheduler_1] Admitted 1 requests for model_5
[2026-08-19 14:16:33.335 GPU_Scheduler_0] Admitted 1 requests for model_4
[2026-08-19 14:16:33.547 GPU_Scheduler_0] Admitted 1 requests for model_4
[2026-08-19 14:16:33.600 GPU_Scheduler_1] Admitted 1 requests for model_5
[2026-08-19 14:16:33.703 GPU_Scheduler_0] Admitted 1 requests for model_6
[2026-08-19 14:16:33.916 GPU_Scheduler_0] Admitted 1 requests for model_6
[2026-08-19 14:16:34.320 GPU_Scheduler_1] Admitted 1 requests for model_5
[2026-08-19 14:16:34.573 GPU_Scheduler_1] Admitted 1 requests for model_5
[2026-08-19 14:16:34.574 GPU_Scheduler_0] Admitted 1 requests for model_6
[2026-08-19 14:16:34.741 GPU_Scheduler_1] Admitted 1 requests for model_5
[2026-08-19 14:16:34.931 GPU_Scheduler_0] Admitted 1 requests for model_6
[2026-08-19 14:16:34.951 GPU_Scheduler_1] Admitted 1 requests for model_5
[2026-08-19 14:16:35.355 GPU_Scheduler_0] Admitted 1 requests for model_4
[2026-08-19 14:16:35.477 GPU_Scheduler_1] Admitted 1 requests for model_5
[2026-08-19 14:16:36.547 GPU_Scheduler_1] Admitted 1 requests for model_5
[2026-08-19 14:16:36.612 GPU_Scheduler_1] Admitted 1 requests for model_5
[2026-08-19 14:16:36.666 GPU_Scheduler_1] Admitted 1 requests for model_5
[2026-08-19 14:16:36.746 GPU_Scheduler_0] Admitted 1 requests for model_6
[2026-08-19 14:16:36.947 GPU_Scheduler_0] Admitted 1 requests for model_4
[2026-08-19 14:16:36.959 GPU_Scheduler_0] Admitted 1 requests for model_6
[2026-08-19 14:16:37.014 GPU_Scheduler_0] Admitted 1 requests for model_6
[2026-08-19 14:16:37.115 GPU_Scheduler_0] Admitted 1 requests for model_6
[2026-08-19 14:16:37.215 GPU_Scheduler_0] Admitted 1 requests for model_6
[2026-08-19 14:16:37.294 GPU_Scheduler_0] Admitted 1 requests for model_6
[2026-08-19 14:16:37.364 GPU_Scheduler_1] Admitted 1 requests for model_5
[2026-08-19 14:16:37.386 GPU_Scheduler_1] Admitted 1 requests for model_5
[2026-08-19 14:16:37.640 GPU_Scheduler_0] Admitted 1 requests for model_4
[2026-08-19 14:16:37.685 GPU_Scheduler_0] Admitted 1 requests for model_6
[2026-08-19 14:16:37.864 GPU_Scheduler_0] Admitted 1 requests for model_6
[2026-08-19 14:16:37.900 GPU_Scheduler_1] Admitted 1 requests for model_5
[2026-08-19 14:16:37.943 GPU_Scheduler_1] Admitted 1 requests for model_5
[2026-08-19 14:16:38.020 GPU_Scheduler_0] Admitted 1 requests for model_6
[2026-08-19 14:16:38.096 GPU_Scheduler_0] Admitted 1 requests for model_6
[2026-08-19 14:16:38.104 GPU_Scheduler_1] Admitted 1 requests for model_5
[2026-08-19 14:16:38.201 GPU_Scheduler_1] Admitted 1 requests for model_5
[2026-08-19 14:16:38.265 GPU_Scheduler_1] Admitted 1 requests for model_5
[2026-08-19 14:16:38.318 GPU_Scheduler_1] Admitted 1 requests for model_5
[2026-08-19 14:16:38.511 GPU_Scheduler_1] Admitted 1 requests for model_5
[2026-08-19 14:16:38.565 GPU_Scheduler_1] Admitted 1 requests for model_5
[2026-08-19 14:16:38.607 GPU_Scheduler_1] Admitted 1 requests for model_5
[2026-08-19 14:16:38.690 GPU_Scheduler_0] Admitted 1 requests for model_6
[2026-08-19 14:16:38.765 GPU_Scheduler_1] Admitted 1 requests for model_5
[2026-08-19 14:16:38.836 GPU_Scheduler_0] Admitted 1 requests for model_6
[2026-08-19 14:16:39.018 GPU_Scheduler_1] Admitted 1 requests for model_5
[2026-08-19 14:16:39.126 GPU_Scheduler_0] Admitted 1 requests for model_6
[2026-08-19 14:16:39.208 GPU_Scheduler_1] Admitted 1 requests for model_5
[2026-08-19 14:16:39.469 GPU_Scheduler_0] Admitted 1 requests for model_6
[2026-08-19 14:16:39.635 GPU_Scheduler_1] Admitted 1 requests for model_5
[2026-08-19 14:16:39.710 GPU_Scheduler_0] Admitted 1 requests for model_6
[2026-08-19 14:16:39.838 GPU_Scheduler_1] Admitted 1 requests for model_5
[2026-08-19 14:16:39.863 GPU_Scheduler_0] Admitted 1 requests for model_6
[2026-08-19 14:16:40.322 GPU_Scheduler_0] Admitted 1 requests for model_4
[2026-08-19 14:16:40.597 GPU_Scheduler_1] Admitted 1 requests for model_5
[2026-08-19 14:16:40.734 GPU_Scheduler_0] Admitted 1 requests for model_6
[2026-08-19 14:16:40.895 GPU_Scheduler_1] Admitted 1 requests for model_5
[2026-08-19 14:16:41.053 GPU_Scheduler_1] Admitted 1 requests for model_5
[2026-08-19 14:16:41.604 GPU_Scheduler_0] Admitted 1 requests for model_6
[2026-08-19 14:16:41.631 GPU_Scheduler_1] Admitted 1 requests for model_5
[2026-08-19 14:16:41.663 GPU_Scheduler_1] Admitted 1 requests for model_5
[2026-08-19 14:16:41.800 GPU_Scheduler_1] Admitted 1 requests for model_5
[2026-08-19 14:16:41.811 GPU_Scheduler_0] Admitted 1 requests for model_6
[2026-08-19 14:16:41.852 GPU_Scheduler_1] Admitted 1 requests for model_5
[2026-08-19 14:16:41.938 GPU_Scheduler_1] Admitted 1 requests for model_5
[2026-08-19 14:16:41.964 GPU_Scheduler_0] Admitted 1 requests for model_6
[2026-08-19 14:16:41.997 GPU_Scheduler_0] Admitted 1 requests for model_6
[2026-08-19 14:16:42.047 GPU_Scheduler_1] Admitted 1 requests for model_5
[2026-08-19 14:16:42.063 GPU_Scheduler_0] Admitted 1 requests for model_4
[2026-08-19 14:16:42.208 GPU_Scheduler_1] Admitted 1 requests for model_5
[2026-08-19 14:16:42.489 GPU_Scheduler_0] Admitted 1 requests for model_6
[2026-08-19 14:16:42.512 GPU_Scheduler_0] Admitted 1 requests for model_4
[2026-08-19 14:16:42.646 GPU_Scheduler_0] Admitted 1 requests for model_4
[2026-08-19 14:16:42.746 GPU_Scheduler_0] Admitted 1 requests for model_6
[2026-08-19 14:16:42.857 GPU_Scheduler_0] Admitted 1 requests for model_6
[2026-08-19 14:16:43.281 GPU_Scheduler_0] Admitted 1 requests for model_6
[2026-08-19 14:16:43.323 GPU_Scheduler_1] Admitted 1 requests for model_5
[2026-08-19 14:16:43.485 GPU_Scheduler_0] Admitted 1 requests for model_6
[2026-08-19 14:16:43.527 GPU_Scheduler_1] Admitted 1 requests for model_5
[2026-08-19 14:16:43.575 GPU_Scheduler_0] Admitted 1 requests for model_4
[2026-08-19 14:16:43.653 GPU_Scheduler_0] Admitted 1 requests for model_6
[2026-08-19 14:16:43.656 GPU_Scheduler_1] Admitted 1 requests for model_5
[2026-08-19 14:16:43.796 GPU_Scheduler_1] Admitted 1 requests for model_5
[2026-08-19 14:16:43.871 GPU_Scheduler_1] Admitted 1 requests for model_5
[2026-08-19 14:16:44.010 GPU_Scheduler_0] Admitted 1 requests for model_4
[2026-08-19 14:16:44.300 GPU_Scheduler_1] Admitted 1 requests for model_5
[2026-08-19 14:16:44.522 GPU_Scheduler_1] Admitted 1 requests for model_5
[2026-08-19 14:16:44.578 GPU_Scheduler_0] Admitted 1 requests for model_6
[2026-08-19 14:16:44.588 GPU_Scheduler_1] Admitted 1 requests for model_5
[2026-08-19 14:16:44.656 GPU_Scheduler_0] Admitted 1 requests for model_6
[2026-08-19 14:16:44.712 GPU_Scheduler_0] Admitted 1 requests for model_6
[2026-08-19 14:16:44.813 GPU_Scheduler_0] Admitted 1 requests for model_6
[2026-08-19 14:16:45.028 GPU_Scheduler_1] Admitted 1 requests for model_5
[2026-08-19 14:16:45.274 GPU_Scheduler_1] Admitted 1 requests for model_5
[2026-08-19 14:16:45.307 GPU_Scheduler_1] Admitted 1 requests for model_5
[2026-08-19 14:16:45.529 GPU_Scheduler_0] Admitted 1 requests for model_4
[2026-08-19 14:16:45.690 GPU_Scheduler_1] Admitted 1 requests for model_5
[2026-08-19 14:16:45.844 GPU_Scheduler_1] Admitted 1 requests for model_5
[2026-08-19 14:16:45.911 GPU_Scheduler_1] Admitted 1 requests for model_5
[2026-08-19 14:16:46.000 GPU_Scheduler_1] Admitted 1 requests for model_5
[2026-08-19 14:16:46.107 GPU_Scheduler_0] Admitted 1 requests for model_6
[2026-08-19 14:16:46.121 GPU_Scheduler_1] Admitted 1 requests for model_5
[2026-08-19 14:16:46.263 GPU_Scheduler_0] Admitted 1 requests for model_6
[2026-08-19 14:16:46.321 GPU_Scheduler_1] Admitted 2 requests for model_5
[2026-08-19 14:16:46.341 GPU_Scheduler_0] Admitted 1 requests for model_4
[2026-08-19 14:16:46.355 GPU_Scheduler_1] Admitted 1 requests for model_5
[2026-08-19 14:16:46.432 GPU_Scheduler_1] Admitted 1 requests for model_5
[2026-08-19 14:16:46.565 GPU_Scheduler_0] Admitted 1 requests for model_6
[2026-08-19 14:16:46.686 GPU_Scheduler_1] Admitted 1 requests for model_5
[2026-08-19 14:16:47.999 GPU_Scheduler_0] Admitted 1 requests for model_6
[2026-08-19 14:16:47.232 GPU_Scheduler_1] Admitted 1 requests for model_5
[2026-08-19 14:16:47.386 GPU_Scheduler_0] Admitted 1 requests for model_4
[2026-08-19 14:16:47.670 GPU_Scheduler_0] Admitted 1 requests for model_6
[2026-08-19 14:16:48.009 GPU_Scheduler_1] Admitted 1 requests for model_5
[2026-08-19 14:16:48.085 GPU_Scheduler_1] Admitted 1 requests for model_5
[2026-08-19 14:16:48.196 GPU_Scheduler_0] Admitted 1 requests for model_6
[2026-08-19 14:16:48.267 GPU_Scheduler_1] Admitted 1 requests for model_5
[2026-08-19 14:16:48.374 GPU_Scheduler_1] Admitted 1 requests for model_5
[2026-08-19 14:16:48.731 GPU_Scheduler_1] Admitted 1 requests for model_5
[2026-08-19 14:16:48.824 GPU_Scheduler_0] Admitted 1 requests for model_6
[2026-08-19 14:16:48.948 GPU_Scheduler_0] Admitted 1 requests for model_6
[2026-08-19 14:16:48.993 GPU_Scheduler_0] Admitted 1 requests for model_4
[2026-08-19 14:16:49.049 GPU_Scheduler_0] Admitted 1 requests for model_6
[2026-08-19 14:16:49.105 GPU_Scheduler_0] Admitted 1 requests for model_6
[2026-08-19 14:16:49.218 GPU_Scheduler_0] Admitted 1 requests for model_6
[2026-08-19 14:16:49.362 GPU_Scheduler_1] Admitted 1 requests for model_5
[2026-08-19 14:16:49.394 GPU_Scheduler_0] Admitted 1 requests for model_6
[2026-08-19 14:16:49.459 GPU_Scheduler_1] Admitted 1 requests for model_5
[2026-08-19 14:16:49.470 GPU_Scheduler_1] Admitted 1 requests for model_5
[2026-08-19 14:16:49.516 GPU_Scheduler_0] Admitted 1 requests for model_6
[2026-08-19 14:16:49.707 GPU_Scheduler_0] Admitted 1 requests for model_6
[2026-08-19 14:16:49.823 GPU_Scheduler_1] Admitted 1 requests for model_5
[2026-08-19 14:16:49.834 GPU_Scheduler_1] Admitted 1 requests for model_5
[2026-08-19 14:16:49.920 GPU_Scheduler_1] Admitted 1 requests for model_5
[2026-08-19 14:16:49.995 GPU_Scheduler_1] Admitted 1 requests for model_5
[2026-08-19 14:16:50.210 GPU_Scheduler_1] Admitted 1 requests for model_5
[2026-08-19 14:16:50.252 GPU_Scheduler_0] Admitted 1 requests for model_6
[2026-08-19 14:16:50.425 GPU_Scheduler_1] Admitted 1 requests for model_5
[2026-08-19 14:16:50.468 GPU_Scheduler_1] Admitted 1 requests for model_5
[2026-08-19 14:16:50.787 GPU_Scheduler_0] Admitted 1 requests for model_6
[2026-08-19 14:16:50.827 GPU_Scheduler_1] [PAPER-ALG2] {"rounds": 1044.0, "eligible": 1131.0, "selected": 1095.0, "deferred": 36.0, "late_dispatched": 32.0, "requeued": 4.0, "max_queue_len": 16, "rounds_with_deferral": 9.0, "selected_in_deferral_rounds": 12.0, "pathological_rounds": 3.0}
[2026-08-19 14:16:50.827 GPU_Scheduler_1] Admitted 1 requests for model_5
[2026-08-19 14:16:50.901 GPU_Scheduler_1] Admitted 1 requests for model_5
[2026-08-19 14:16:50.943 GPU_Scheduler_1] Admitted 2 requests for model_5
[2026-08-19 14:16:51.060 GPU_Scheduler_1] Admitted 1 requests for model_5
[2026-08-19 14:16:51.278 GPU_Scheduler_0] Admitted 1 requests for model_6
[2026-08-19 14:16:51.522 GPU_Scheduler_0] Admitted 1 requests for model_6
[2026-08-19 14:16:51.555 GPU_Scheduler_0] Admitted 1 requests for model_4
[2026-08-19 14:16:51.577 GPU_Scheduler_0] Admitted 1 requests for model_6
[2026-08-19 14:16:51.643 GPU_Scheduler_0] Admitted 1 requests for model_6
[2026-08-19 14:16:51.796 GPU_Scheduler_1] Admitted 1 requests for model_5
[2026-08-19 14:16:51.817 GPU_Scheduler_0] Admitted 1 requests for model_4
[2026-08-19 14:16:52.020 GPU_Scheduler_1] Admitted 1 requests for model_5
[2026-08-19 14:16:52.268 GPU_Scheduler_0] Admitted 1 requests for model_6
[2026-08-19 14:16:52.545 GPU_Scheduler_1] Admitted 1 requests for model_5
[2026-08-19 14:16:52.725 GPU_Scheduler_0] Received deactivate request for model model_1
[2026-08-19 14:16:52.725 GPU_Scheduler_0] Received deactivate request for model_1, model_states: {'model_1': 'deactivating', 'model_2': 'activated', 'model_3': 'deactivated', 'model_4': 'activated', 'model_5': 'deactivated', 'model_6': 'activated'}
[2026-08-19 14:16:52.725 GPU_Scheduler_0] Release worker 2 from model model_1. Current model_to_worker: {'model_2': 3, 'model_4': 0, 'model_6': 1}
[2026-08-19 14:16:52.726 GPU_Scheduler_0] Received deactivate request for model model_2
[2026-08-19 14:16:52.726 GPU_Scheduler_0] Received deactivate request for model_2, model_states: {'model_1': 'deactivating', 'model_2': 'deactivating', 'model_3': 'deactivated', 'model_4': 'activated', 'model_5': 'deactivated', 'model_6': 'activated'}
[2026-08-19 14:16:52.726 GPU_Scheduler_0] Release worker 3 from model model_2. Current model_to_worker: {'model_4': 0, 'model_6': 1}
[2026-08-19 14:16:52.780 GPU_Scheduler_1] Admitted 1 requests for model_5
[2026-08-19 14:16:52.845 GPU_Scheduler_1] Admitted 1 requests for model_5
[2026-08-19 14:16:52.917 GPU_Scheduler_0] Admitted 1 requests for model_6
[2026-08-19 14:16:52.974 GPU_Scheduler_1] Admitted 1 requests for model_5
[2026-08-19 14:16:53.187 GPU_Scheduler_0] Admitted 1 requests for model_6
[2026-08-19 14:16:53.188 GPU_Scheduler_1] Admitted 1 requests for model_5
[2026-08-19 14:16:53.209 GPU_Scheduler_1] Admitted 1 requests for model_5
[2026-08-19 14:16:53.263 GPU_Scheduler_0] Admitted 1 requests for model_6
[2026-08-19 14:16:53.317 GPU_Scheduler_1] Admitted 1 requests for model_5
[2026-08-19 14:16:53.319 GPU_Scheduler_0] Admitted 1 requests for model_6
[2026-08-19 14:16:53.350 GPU_Scheduler_1] Admitted 1 requests for model_5
[2026-08-19 14:16:54.082 GPU_Scheduler_0] Admitted 1 requests for model_6
[2026-08-19 14:16:54.101 GPU_Scheduler_0] Model model_1 (instance 0) deactivation succeeded on GPU 0
[2026-08-19 14:16:54.116 GPU_Scheduler_0] Model model_2 (instance 0) deactivation succeeded on GPU 0
[2026-08-19 14:16:54.168 GPU_Scheduler_0] Admitted 1 requests for model_6
[2026-08-19 14:16:54.243 GPU_Scheduler_0] Admitted 1 requests for model_6
[2026-08-19 14:16:54.627 GPU_Scheduler_0] Admitted 1 requests for model_4
[2026-08-19 14:16:54.653 GPU_Scheduler_1] Admitted 1 requests for model_5
[2026-08-19 14:16:55.156 GPU_Scheduler_0] Admitted 1 requests for model_6
[2026-08-19 14:16:55.429 GPU_Scheduler_0] Admitted 2 requests for model_6
[2026-08-19 14:16:55.475 GPU_Scheduler_1] Admitted 1 requests for model_5
[2026-08-19 14:16:55.688 GPU_Scheduler_1] Admitted 1 requests for model_5
[2026-08-19 14:16:56.045 GPU_Scheduler_1] Admitted 1 requests for model_5
[2026-08-19 14:16:56.089 GPU_Scheduler_1] Admitted 1 requests for model_5
[2026-08-19 14:16:56.197 GPU_Scheduler_0] Admitted 1 requests for model_6
[2026-08-19 14:16:56.293 GPU_Scheduler_1] Admitted 1 requests for model_5
[2026-08-19 14:16:56.454 GPU_Scheduler_1] Admitted 1 requests for model_5
[2026-08-19 14:16:56.633 GPU_Scheduler_1] Admitted 1 requests for model_5
[2026-08-19 14:16:56.684 GPU_Scheduler_0] Admitted 1 requests for model_6
[2026-08-19 14:16:56.740 GPU_Scheduler_1] Admitted 1 requests for model_5
[2026-08-19 14:16:56.782 GPU_Scheduler_1] Admitted 1 requests for model_5
[2026-08-19 14:16:56.814 GPU_Scheduler_1] Admitted 1 requests for model_5
[2026-08-19 14:16:57.077 GPU_Scheduler_1] Admitted 1 requests for model_5
[2026-08-19 14:16:57.130 GPU_Scheduler_1] Admitted 1 requests for model_5
[2026-08-19 14:16:57.242 GPU_Scheduler_0] Admitted 1 requests for model_6
[2026-08-19 14:16:57.274 GPU_Scheduler_0] Admitted 1 requests for model_6
[2026-08-19 14:16:57.340 GPU_Scheduler_1] Admitted 1 requests for model_5
[2026-08-19 14:16:57.361 GPU_Scheduler_1] Admitted 1 requests for model_5
[2026-08-19 14:16:57.883 GPU_Scheduler_0] Admitted 1 requests for model_6
[2026-08-19 14:16:58.108 GPU_Scheduler_1] Admitted 1 requests for model_3
[2026-08-19 14:16:58.338 GPU_Scheduler_0] Admitted 1 requests for model_6
[2026-08-19 14:16:58.354 GPU_Scheduler_1] Admitted 1 requests for model_5
[2026-08-19 14:16:58.397 GPU_Scheduler_1] Admitted 1 requests for model_3
[2026-08-19 14:16:58.924 GPU_Scheduler_1] Admitted 1 requests for model_3
[2026-08-19 14:16:59.096 GPU_Scheduler_0] Admitted 1 requests for model_6
[2026-08-19 14:16:59.275 GPU_Scheduler_1] Admitted 1 requests for model_3
[2026-08-19 14:16:59.329 GPU_Scheduler_1] Admitted 1 requests for model_3
[2026-08-19 14:16:59.944 GPU_Scheduler_1] Admitted 1 requests for model_3
[2026-08-19 14:17:00.202 GPU_Scheduler_1] Admitted 1 requests for model_5
[2026-08-19 14:17:00.234 GPU_Scheduler_1] Admitted 1 requests for model_3
[2026-08-19 14:17:00.329 GPU_Scheduler_1] Admitted 1 requests for model_3
[2026-08-19 14:17:00.392 GPU_Scheduler_1] Admitted 1 requests for model_3
[2026-08-19 14:17:00.395 GPU_Scheduler_0] Admitted 1 requests for model_6
[2026-08-19 14:17:01.563 GPU_Scheduler_0] Admitted 1 requests for model_6
[2026-08-19 14:17:01.917 GPU_Scheduler_1] Admitted 1 requests for model_3
[2026-08-19 14:17:02.485 GPU_Scheduler_1] Admitted 1 requests for model_3
[2026-08-19 14:17:02.918 GPU_Scheduler_0] Received activate request for model model_2
[2026-08-19 14:17:02.918 GPU_Scheduler_0] Received activate request for model_2, model_states: {'model_1': 'deactivated', 'model_2': 'activating', 'model_3': 'deactivated', 'model_4': 'activated', 'model_5': 'deactivated', 'model_6': 'activated'}
[2026-08-19 14:17:02.918 GPU_Scheduler_0] Assign worker 2 to model_2. Current model_to_worker: {'model_4': 0, 'model_6': 1, 'model_2': 2}
[2026-08-19 14:17:02.926 GPU_Scheduler_0] Admitted 17 requests for model_2
[2026-08-19 14:17:03.020 GPU_Scheduler_1] Admitted 1 requests for model_3
[2026-08-19 14:17:03.052 GPU_Scheduler_1] Admitted 1 requests for model_3
[2026-08-19 14:17:03.200 GPU_Scheduler_1] Admitted 1 requests for model_3
[2026-08-19 14:17:03.232 GPU_Scheduler_1] Admitted 1 requests for model_3
[2026-08-19 14:17:03.285 GPU_Scheduler_1] Admitted 1 requests for model_3
[2026-08-19 14:17:03.559 GPU_Scheduler_1] Admitted 1 requests for model_3
[2026-08-19 14:17:03.864 GPU_Scheduler_1] Admitted 1 requests for model_3
[2026-08-19 14:17:04.064 GPU_Scheduler_1] Admitted 1 requests for model_3
[2026-08-19 14:17:04.135 GPU_Scheduler_0] Model model_2 (instance 0) activation succeeded on GPU 0
[2026-08-19 14:17:04.172 GPU_Scheduler_0] Admitted 5 requests for model_2
[2026-08-19 14:17:04.215 GPU_Scheduler_0] Admitted 1 requests for model_6
[2026-08-19 14:17:04.487 GPU_Scheduler_1] Admitted 1 requests for model_3
[2026-08-19 14:17:04.618 GPU_Scheduler_0] Admitted 1 requests for model_6
[2026-08-19 14:17:04.867 GPU_Scheduler_1] Admitted 1 requests for model_3
[2026-08-19 14:17:04.878 GPU_Scheduler_1] Admitted 1 requests for model_3
[2026-08-19 14:17:05.144 GPU_Scheduler_0] Admitted 1 requests for model_2
[2026-08-19 14:17:05.347 GPU_Scheduler_0] Admitted 1 requests for model_6
[2026-08-19 14:17:05.434 GPU_Scheduler_1] Admitted 1 requests for model_3
[2026-08-19 14:17:05.990 GPU_Scheduler_0] Admitted 1 requests for model_6
[2026-08-19 14:17:06.033 GPU_Scheduler_0] Admitted 1 requests for model_6
[2026-08-19 14:17:06.097 GPU_Scheduler_0] Admitted 1 requests for model_6
[2026-08-19 14:17:06.160 GPU_Scheduler_1] Admitted 1 requests for model_3
[2026-08-19 14:17:06.434 GPU_Scheduler_1] Admitted 1 requests for model_3
[2026-08-19 14:17:06.729 GPU_Scheduler_0] Admitted 1 requests for model_2
[2026-08-19 14:17:06.782 GPU_Scheduler_1] Admitted 1 requests for model_3
[2026-08-19 14:17:07.009 GPU_Scheduler_0] Admitted 1 requests for model_6
[2026-08-19 14:17:07.213 GPU_Scheduler_0] Admitted 1 requests for model_2
[2026-08-19 14:17:07.299 GPU_Scheduler_0] Admitted 1 requests for model_2
[2026-08-19 14:17:07.374 GPU_Scheduler_1] Admitted 1 requests for model_3
[2026-08-19 14:17:07.385 GPU_Scheduler_1] Admitted 1 requests for model_3
[2026-08-19 14:17:07.395 GPU_Scheduler_0] Admitted 1 requests for model_6
[2026-08-19 14:17:07.514 GPU_Scheduler_1] Admitted 1 requests for model_3
[2026-08-19 14:17:07.642 GPU_Scheduler_0] Admitted 1 requests for model_2
[2026-08-19 14:17:08.034 GPU_Scheduler_1] Admitted 1 requests for model_3
[2026-08-19 14:17:08.390 GPU_Scheduler_0] Admitted 1 requests for model_2
[2026-08-19 14:17:08.549 GPU_Scheduler_1] Admitted 1 requests for model_3
[2026-08-19 14:17:08.883 GPU_Scheduler_0] Admitted 1 requests for model_2
[2026-08-19 14:17:09.390 GPU_Scheduler_1] Admitted 1 requests for model_5
[2026-08-19 14:17:09.505 GPU_Scheduler_1] Admitted 1 requests for model_3
[2026-08-19 14:17:09.541 GPU_Scheduler_0] Admitted 1 requests for model_2
[2026-08-19 14:17:09.632 GPU_Scheduler_1] Admitted 1 requests for model_3
[2026-08-19 14:17:09.662 GPU_Scheduler_0] Admitted 1 requests for model_6
[2026-08-19 14:17:09.673 GPU_Scheduler_0] Admitted 1 requests for model_2
[2026-08-19 14:17:09.870 GPU_Scheduler_0] Admitted 1 requests for model_6
[2026-08-19 14:17:09.893 GPU_Scheduler_0] Admitted 1 requests for model_2
[2026-08-19 14:17:09.904 GPU_Scheduler_0] Admitted 1 requests for model_2
[2026-08-19 14:17:09.989 GPU_Scheduler_1] Admitted 1 requests for model_3
[2026-08-19 14:17:10.068 GPU_Scheduler_0] Admitted 1 requests for model_2
[2026-08-19 14:17:10.385 GPU_Scheduler_0] Admitted 1 requests for model_2
[2026-08-19 14:17:10.572 GPU_Scheduler_0] Admitted 1 requests for model_2
[2026-08-19 14:17:10.595 GPU_Scheduler_0] Admitted 1 requests for model_2
[2026-08-19 14:17:10.748 GPU_Scheduler_0] Admitted 1 requests for model_6
[2026-08-19 14:17:10.792 GPU_Scheduler_0] Admitted 1 requests for model_2
[2026-08-19 14:17:10.802 GPU_Scheduler_1] Admitted 2 requests for model_3
[2026-08-19 14:17:11.180 GPU_Scheduler_1] Admitted 1 requests for model_3
[2026-08-19 14:17:11.391 GPU_Scheduler_1] Admitted 1 requests for model_3
[2026-08-19 14:17:11.735 GPU_Scheduler_1] Admitted 1 requests for model_3
[2026-08-19 14:17:11.869 GPU_Scheduler_1] Admitted 1 requests for model_3
[2026-08-19 14:17:11.892 GPU_Scheduler_1] Admitted 1 requests for model_3
[2026-08-19 14:17:12.037 GPU_Scheduler_1] Admitted 1 requests for model_3
[2026-08-19 14:17:12.247 GPU_Scheduler_1] Admitted 1 requests for model_3
[2026-08-19 14:17:12.304 GPU_Scheduler_1] Admitted 1 requests for model_5
[2026-08-19 14:17:12.370 GPU_Scheduler_1] Admitted 1 requests for model_3
[2026-08-19 14:17:12.484 GPU_Scheduler_0] Admitted 1 requests for model_2
[2026-08-19 14:17:12.504 GPU_Scheduler_1] Admitted 1 requests for model_3
[2026-08-19 14:17:12.582 GPU_Scheduler_1] Admitted 1 requests for model_3
[2026-08-19 14:17:12.814 GPU_Scheduler_0] Admitted 1 requests for model_2
[2026-08-19 14:17:13.024 GPU_Scheduler_1] Admitted 1 requests for model_3
[2026-08-19 14:17:13.055 GPU_Scheduler_0] Admitted 1 requests for model_2
[2026-08-19 14:17:13.091 GPU_Scheduler_1] Admitted 1 requests for model_3
[2026-08-19 14:17:13.318 GPU_Scheduler_0] Admitted 1 requests for model_2
[2026-08-19 14:17:13.729 GPU_Scheduler_0] Admitted 1 requests for model_2
[2026-08-19 14:17:13.934 GPU_Scheduler_0] Admitted 1 requests for model_2
[2026-08-19 14:17:13.934 GPU_Scheduler_0] Admitted 1 requests for model_6
[2026-08-19 14:17:14.328 GPU_Scheduler_1] Admitted 1 requests for model_3
[2026-08-19 14:17:14.340 GPU_Scheduler_1] Admitted 1 requests for model_5
[2026-08-19 14:17:14.835 GPU_Scheduler_0] Admitted 1 requests for model_6
[2026-08-19 14:17:14.969 GPU_Scheduler_1] Admitted 1 requests for model_3
[2026-08-19 14:17:15.300 GPU_Scheduler_1] Admitted 1 requests for model_3
[2026-08-19 14:17:15.451 GPU_Scheduler_0] Admitted 1 requests for model_2
[2026-08-19 14:17:15.622 GPU_Scheduler_0] Admitted 1 requests for model_6
[2026-08-19 14:17:16.072 GPU_Scheduler_1] Admitted 1 requests for model_5
[2026-08-19 14:17:16.168 GPU_Scheduler_0] Admitted 1 requests for model_2
[2026-08-19 14:17:16.282 GPU_Scheduler_0] Admitted 1 requests for model_6
[2026-08-19 14:17:16.303 GPU_Scheduler_1] Admitted 1 requests for model_3
[2026-08-19 14:17:16.350 GPU_Scheduler_0] Admitted 1 requests for model_2
[2026-08-19 14:17:16.476 GPU_Scheduler_0] Admitted 1 requests for model_2
[2026-08-19 14:17:16.700 GPU_Scheduler_1] Admitted 1 requests for model_3
[2026-08-19 14:17:16.723 GPU_Scheduler_1] Admitted 1 requests for model_3
[2026-08-19 14:17:16.738 GPU_Scheduler_0] Admitted 1 requests for model_2
[2026-08-19 14:17:16.875 GPU_Scheduler_0] Admitted 1 requests for model_2
[2026-08-19 14:17:16.910 GPU_Scheduler_1] Admitted 1 requests for model_3
[2026-08-19 14:17:17.319 GPU_Scheduler_0] Admitted 1 requests for model_6
[2026-08-19 14:17:17.380 GPU_Scheduler_1] Admitted 1 requests for model_3
[2026-08-19 14:17:17.411 GPU_Scheduler_0] Admitted 1 requests for model_6
[2026-08-19 14:17:17.457 GPU_Scheduler_0] Admitted 1 requests for model_6
[2026-08-19 14:17:17.537 GPU_Scheduler_0] Admitted 1 requests for model_6
[2026-08-19 14:17:17.663 GPU_Scheduler_0] Admitted 1 requests for model_6
[2026-08-19 14:17:17.872 GPU_Scheduler_1] Admitted 1 requests for model_3
[2026-08-19 14:17:17.885 GPU_Scheduler_1] Admitted 1 requests for model_3
[2026-08-19 14:17:17.930 GPU_Scheduler_1] Admitted 1 requests for model_3
[2026-08-19 14:17:18.017 GPU_Scheduler_0] Admitted 1 requests for model_6
[2026-08-19 14:17:18.131 GPU_Scheduler_0] Admitted 1 requests for model_2
[2026-08-19 14:17:18.218 GPU_Scheduler_1] Admitted 1 requests for model_3
[2026-08-19 14:17:18.497 GPU_Scheduler_0] Admitted 1 requests for model_2
[2026-08-19 14:17:18.582 GPU_Scheduler_1] Admitted 1 requests for model_3
[2026-08-19 14:17:18.726 GPU_Scheduler_1] Admitted 1 requests for model_3
[2026-08-19 14:17:18.847 GPU_Scheduler_1] Admitted 1 requests for model_3
[2026-08-19 14:17:18.871 GPU_Scheduler_0] Admitted 1 requests for model_6
[2026-08-19 14:17:18.986 GPU_Scheduler_1] Admitted 1 requests for model_3
[2026-08-19 14:17:19.099 GPU_Scheduler_0] Admitted 1 requests for model_6
[2026-08-19 14:17:19.127 GPU_Scheduler_1] Admitted 1 requests for model_3
[2026-08-19 14:17:19.343 GPU_Scheduler_1] Admitted 1 requests for model_3
[2026-08-19 14:17:19.429 GPU_Scheduler_0] Admitted 1 requests for model_2
[2026-08-19 14:17:19.516 GPU_Scheduler_1] Admitted 1 requests for model_3
[2026-08-19 14:17:19.578 GPU_Scheduler_0] Admitted 1 requests for model_6
[2026-08-19 14:17:19.580 GPU_Scheduler_1] Admitted 1 requests for model_3
[2026-08-19 14:17:19.887 GPU_Scheduler_1] Admitted 1 requests for model_5
[2026-08-19 14:17:20.137 GPU_Scheduler_0] Admitted 1 requests for model_2
[2026-08-19 14:17:20.177 GPU_Scheduler_1] Admitted 1 requests for model_3
[2026-08-19 14:17:20.232 GPU_Scheduler_1] Admitted 1 requests for model_3
[2026-08-19 14:17:20.252 GPU_Scheduler_0] Admitted 1 requests for model_6
[2026-08-19 14:17:20.287 GPU_Scheduler_1] Admitted 1 requests for model_3
[2026-08-19 14:17:20.604 GPU_Scheduler_0] Admitted 1 requests for model_2
[2026-08-19 14:17:20.925 GPU_Scheduler_1] Admitted 1 requests for model_3
[2026-08-19 14:17:21.047 GPU_Scheduler_1] Admitted 1 requests for model_3
[2026-08-19 14:17:21.125 GPU_Scheduler_1] Admitted 1 requests for model_3
[2026-08-19 14:17:21.246 GPU_Scheduler_1] Admitted 1 requests for model_3
[2026-08-19 14:17:21.263 GPU_Scheduler_0] Admitted 1 requests for model_6
[2026-08-19 14:17:21.335 GPU_Scheduler_1] Admitted 1 requests for model_3
[2026-08-19 14:17:21.479 GPU_Scheduler_0] Admitted 1 requests for model_6
[2026-08-19 14:17:21.525 GPU_Scheduler_0] Admitted 1 requests for model_2
[2026-08-19 14:17:21.548 GPU_Scheduler_0] Admitted 1 requests for model_6
[2026-08-19 14:17:21.606 GPU_Scheduler_0] Admitted 1 requests for model_2
[2026-08-19 14:17:21.644 GPU_Scheduler_1] Admitted 1 requests for model_3
[2026-08-19 14:17:21.663 GPU_Scheduler_0] Admitted 1 requests for model_6
[2026-08-19 14:17:21.847 GPU_Scheduler_0] Admitted 1 requests for model_2
[2026-08-19 14:17:21.920 GPU_Scheduler_1] Admitted 1 requests for model_3
[2026-08-19 14:17:22.018 GPU_Scheduler_1] Admitted 1 requests for model_3
[2026-08-19 14:17:22.203 GPU_Scheduler_0] Admitted 1 requests for model_2
[2026-08-19 14:17:22.280 GPU_Scheduler_1] Admitted 1 requests for model_3
[2026-08-19 14:17:22.347 GPU_Scheduler_1] Admitted 1 requests for model_3
[2026-08-19 14:17:22.538 GPU_Scheduler_1] Admitted 1 requests for model_3
[2026-08-19 14:17:22.558 GPU_Scheduler_0] Admitted 1 requests for model_2
[2026-08-19 14:17:22.831 GPU_Scheduler_1] Admitted 1 requests for model_3
[2026-08-19 14:17:22.867 GPU_Scheduler_0] Admitted 1 requests for model_2
[2026-08-19 14:17:23.230 GPU_Scheduler_1] Admitted 1 requests for model_3
[2026-08-19 14:17:23.432 GPU_Scheduler_0] Admitted 1 requests for model_6
[2026-08-19 14:17:23.650 GPU_Scheduler_0] Admitted 1 requests for model_6
[2026-08-19 14:17:23.651 GPU_Scheduler_1] Admitted 1 requests for model_3
[2026-08-19 14:17:23.707 GPU_Scheduler_1] Admitted 1 requests for model_5
[2026-08-19 14:17:23.730 GPU_Scheduler_1] Admitted 1 requests for model_3
[2026-08-19 14:17:23.836 GPU_Scheduler_0] Admitted 1 requests for model_2
[2026-08-19 14:17:23.859 GPU_Scheduler_0] Admitted 1 requests for model_2
[2026-08-19 14:17:24.129 GPU_Scheduler_1] Admitted 1 requests for model_3
[2026-08-19 14:17:24.372 GPU_Scheduler_0] Admitted 1 requests for model_2
[2026-08-19 14:17:24.394 GPU_Scheduler_0] Admitted 1 requests for model_6
[2026-08-19 14:17:24.406 GPU_Scheduler_0] Admitted 1 requests for model_2
[2026-08-19 14:17:24.792 GPU_Scheduler_1] Admitted 1 requests for model_3
[2026-08-19 14:17:24.875 GPU_Scheduler_0] Admitted 1 requests for model_6
[2026-08-19 14:17:24.947 GPU_Scheduler_1] Admitted 1 requests for model_3
[2026-08-19 14:17:24.981 GPU_Scheduler_1] Admitted 1 requests for model_3
[2026-08-19 14:17:25.015 GPU_Scheduler_1] Admitted 1 requests for model_3
[2026-08-19 14:17:25.027 GPU_Scheduler_1] Admitted 1 requests for model_3
[2026-08-19 14:17:25.213 GPU_Scheduler_0] Admitted 1 requests for model_2
[2026-08-19 14:17:25.281 GPU_Scheduler_1] Admitted 1 requests for model_3
[2026-08-19 14:17:25.715 GPU_Scheduler_0] Admitted 1 requests for model_2
[2026-08-19 14:17:26.021 GPU_Scheduler_0] Admitted 1 requests for model_2
[2026-08-19 14:17:26.021 GPU_Scheduler_1] Admitted 1 requests for model_3
[2026-08-19 14:17:26.054 GPU_Scheduler_0] Admitted 1 requests for model_2
[2026-08-19 14:17:26.077 GPU_Scheduler_1] Admitted 1 requests for model_3
[2026-08-19 14:17:26.196 GPU_Scheduler_0] Admitted 1 requests for model_2
[2026-08-19 14:17:26.230 GPU_Scheduler_0] Admitted 1 requests for model_2
[2026-08-19 14:17:26.426 GPU_Scheduler_0] Admitted 1 requests for model_2
[2026-08-19 14:17:26.546 GPU_Scheduler_0] Admitted 1 requests for model_6
[2026-08-19 14:17:26.553 GPU_Scheduler_1] Admitted 1 requests for model_3
[2026-08-19 14:17:26.558 GPU_Scheduler_0] Admitted 1 requests for model_2
[2026-08-19 14:17:26.896 GPU_Scheduler_1] Admitted 1 requests for model_3
[2026-08-19 14:17:27.016 GPU_Scheduler_0] Admitted 1 requests for model_2
[2026-08-19 14:17:27.218 GPU_Scheduler_1] Admitted 1 requests for model_3
[2026-08-19 14:17:27.749 GPU_Scheduler_1] Admitted 1 requests for model_3
[2026-08-19 14:17:27.779 GPU_Scheduler_0] Admitted 1 requests for model_2
[2026-08-19 14:17:27.927 GPU_Scheduler_1] Admitted 1 requests for model_3
[2026-08-19 14:17:27.949 GPU_Scheduler_1] Admitted 2 requests for model_3
[2026-08-19 14:17:28.020 GPU_Scheduler_0] Admitted 1 requests for model_2
[2026-08-19 14:17:28.358 GPU_Scheduler_0] Admitted 1 requests for model_2
[2026-08-19 14:17:28.382 GPU_Scheduler_1] Admitted 1 requests for model_3
[2026-08-19 14:17:28.394 GPU_Scheduler_1] Admitted 1 requests for model_3
[2026-08-19 14:17:28.446 GPU_Scheduler_0] Admitted 1 requests for model_2
[2026-08-19 14:17:28.759 GPU_Scheduler_1] Admitted 1 requests for model_3
[2026-08-19 14:17:28.850 GPU_Scheduler_0] Admitted 1 requests for model_2
[2026-08-19 14:17:29.265 GPU_Scheduler_0] Admitted 1 requests for model_6
[2026-08-19 14:17:29.276 GPU_Scheduler_0] Admitted 1 requests for model_2
[2026-08-19 14:17:29.668 GPU_Scheduler_0] Admitted 1 requests for model_6
[2026-08-19 14:17:29.974 GPU_Scheduler_0] Admitted 1 requests for model_2
[2026-08-19 14:17:30.152 GPU_Scheduler_1] Admitted 1 requests for model_3
[2026-08-19 14:17:30.340 GPU_Scheduler_1] Admitted 1 requests for model_3
[2026-08-19 14:17:30.408 GPU_Scheduler_1] Admitted 1 requests for model_3
[2026-08-19 14:17:30.442 GPU_Scheduler_1] Admitted 1 requests for model_3
[2026-08-19 14:17:30.465 GPU_Scheduler_0] Admitted 1 requests for model_2
[2026-08-19 14:17:30.708 GPU_Scheduler_1] Admitted 1 requests for model_3
[2026-08-19 14:17:30.738 GPU_Scheduler_0] Admitted 1 requests for model_6
[2026-08-19 14:17:30.929 GPU_Scheduler_1] Admitted 1 requests for model_3
[2026-08-19 14:17:31.360 GPU_Scheduler_1] Admitted 1 requests for model_3
[2026-08-19 14:17:31.579 GPU_Scheduler_0] Admitted 1 requests for model_2
[2026-08-19 14:17:31.714 GPU_Scheduler_1] Admitted 1 requests for model_3
[2026-08-19 14:17:32.223 GPU_Scheduler_0] Admitted 1 requests for model_6
[2026-08-19 14:17:32.245 GPU_Scheduler_1] Admitted 1 requests for model_3
[2026-08-19 14:17:32.343 GPU_Scheduler_0] Admitted 1 requests for model_6
[2026-08-19 14:17:32.387 GPU_Scheduler_0] Admitted 1 requests for model_2
[2026-08-19 14:17:32.587 GPU_Scheduler_1] Admitted 1 requests for model_3
[2026-08-19 14:17:32.621 GPU_Scheduler_1] Admitted 2 requests for model_3
[2026-08-19 14:17:32.759 GPU_Scheduler_0] Admitted 1 requests for model_6
[2026-08-19 14:17:33.032 GPU_Scheduler_0] Admitted 1 requests for model_6
[2026-08-19 14:17:33.152 GPU_Scheduler_1] Admitted 1 requests for model_3
[2026-08-19 14:17:33.485 GPU_Scheduler_1] Admitted 1 requests for model_3
[2026-08-19 14:17:33.800 GPU_Scheduler_0] Admitted 1 requests for model_2
[2026-08-19 14:17:33.851 GPU_Scheduler_1] Admitted 1 requests for model_3
[2026-08-19 14:17:33.863 GPU_Scheduler_1] Admitted 1 requests for model_3
[2026-08-19 14:17:33.882 GPU_Scheduler_0] Admitted 1 requests for model_2
[2026-08-19 14:17:33.951 GPU_Scheduler_0] Admitted 1 requests for model_2
[2026-08-19 14:17:34.298 GPU_Scheduler_0] Admitted 1 requests for model_6
[2026-08-19 14:17:34.382 GPU_Scheduler_1] Admitted 1 requests for model_3
[2026-08-19 14:17:34.626 GPU_Scheduler_1] Admitted 1 requests for model_3
[2026-08-19 14:17:35.024 GPU_Scheduler_1] Admitted 1 requests for model_3
[2026-08-19 14:17:35.195 GPU_Scheduler_0] Admitted 1 requests for model_2
[2026-08-19 14:17:35.412 GPU_Scheduler_1] Admitted 1 requests for model_3
[2026-08-19 14:17:35.422 GPU_Scheduler_0] Admitted 1 requests for model_6
[2026-08-19 14:17:35.542 GPU_Scheduler_0] Admitted 1 requests for model_2
[2026-08-19 14:17:35.810 GPU_Scheduler_1] Admitted 1 requests for model_3
[2026-08-19 14:17:36.051 GPU_Scheduler_1] Admitted 1 requests for model_3
[2026-08-19 14:17:36.117 GPU_Scheduler_1] Admitted 1 requests for model_5
[2026-08-19 14:17:36.134 GPU_Scheduler_0] Admitted 1 requests for model_6
[2026-08-19 14:17:36.157 GPU_Scheduler_0] Admitted 1 requests for model_2
[2026-08-19 14:17:36.519 GPU_Scheduler_0] Admitted 1 requests for model_2
[2026-08-19 14:17:36.541 GPU_Scheduler_0] Admitted 1 requests for model_6
[2026-08-19 14:17:36.943 GPU_Scheduler_1] Admitted 1 requests for model_3
[2026-08-19 14:17:37.036 GPU_Scheduler_0] Admitted 1 requests for model_2
[2026-08-19 14:17:37.510 GPU_Scheduler_1] Admitted 1 requests for model_3
[2026-08-19 14:17:37.710 GPU_Scheduler_1] Admitted 1 requests for model_5
[2026-08-19 14:17:37.952 GPU_Scheduler_1] Admitted 1 requests for model_3
[2026-08-19 14:17:38.005 GPU_Scheduler_1] Admitted 1 requests for model_3
[2026-08-19 14:17:38.111 GPU_Scheduler_1] Admitted 1 requests for model_3
[2026-08-19 14:17:38.133 GPU_Scheduler_1] Admitted 2 requests for model_3
[2026-08-19 14:17:38.208 GPU_Scheduler_1] Admitted 1 requests for model_3
[2026-08-19 14:17:38.241 GPU_Scheduler_1] Admitted 1 requests for model_3
[2026-08-19 14:17:38.252 GPU_Scheduler_1] Admitted 1 requests for model_3
[2026-08-19 14:17:38.274 GPU_Scheduler_0] Admitted 1 requests for model_2
[2026-08-19 14:17:38.306 GPU_Scheduler_1] Admitted 1 requests for model_3
[2026-08-19 14:17:38.403 GPU_Scheduler_1] Admitted 1 requests for model_3
[2026-08-19 14:17:38.596 GPU_Scheduler_1] Admitted 1 requests for model_3
[2026-08-19 14:17:38.919 GPU_Scheduler_0] Admitted 1 requests for model_6
[2026-08-19 14:17:39.173 GPU_Scheduler_0] Admitted 1 requests for model_2
[2026-08-19 14:17:39.229 GPU_Scheduler_0] Admitted 1 requests for model_2
[2026-08-19 14:17:39.351 GPU_Scheduler_0] Admitted 1 requests for model_2
[2026-08-19 14:17:40.059 GPU_Scheduler_1] Admitted 1 requests for model_3
[2026-08-19 14:17:40.179 GPU_Scheduler_0] Admitted 1 requests for model_6
[2026-08-19 14:17:40.191 GPU_Scheduler_0] Admitted 1 requests for model_2
[2026-08-19 14:17:40.237 GPU_Scheduler_0] Admitted 1 requests for model_2
[2026-08-19 14:17:40.364 GPU_Scheduler_1] Admitted 1 requests for model_3
[2026-08-19 14:17:40.375 GPU_Scheduler_1] Admitted 1 requests for model_3
[2026-08-19 14:17:40.586 GPU_Scheduler_1] Admitted 1 requests for model_3
[2026-08-19 14:17:40.765 GPU_Scheduler_1] Admitted 1 requests for model_3
[2026-08-19 14:17:40.835 GPU_Scheduler_0] Admitted 1 requests for model_2
[2026-08-19 14:17:41.059 GPU_Scheduler_1] Admitted 1 requests for model_3
[2026-08-19 14:17:41.144 GPU_Scheduler_1] Admitted 1 requests for model_3
[2026-08-19 14:17:41.168 GPU_Scheduler_0] Admitted 1 requests for model_2
[2026-08-19 14:17:41.323 GPU_Scheduler_0] Admitted 1 requests for model_2
[2026-08-19 14:17:41.333 GPU_Scheduler_1] Admitted 1 requests for model_5
[2026-08-19 14:17:41.596 GPU_Scheduler_1] Admitted 1 requests for model_3
[2026-08-19 14:17:41.670 GPU_Scheduler_1] Admitted 1 requests for model_3
[2026-08-19 14:17:41.807 GPU_Scheduler_1] Admitted 1 requests for model_3
[2026-08-19 14:17:42.101 GPU_Scheduler_1] Admitted 1 requests for model_3
[2026-08-19 14:17:42.144 GPU_Scheduler_1] Admitted 1 requests for model_3
[2026-08-19 14:17:42.164 GPU_Scheduler_0] Admitted 1 requests for model_2
[2026-08-19 14:17:42.783 GPU_Scheduler_0] Admitted 1 requests for model_2
[2026-08-19 14:17:42.907 GPU_Scheduler_1] Admitted 1 requests for model_3
[2026-08-19 14:17:42.929 GPU_Scheduler_1] Admitted 1 requests for model_5
[2026-08-19 14:17:43.236 GPU_Scheduler_1] Admitted 1 requests for model_3
[2026-08-19 14:17:43.599 GPU_Scheduler_1] Admitted 1 requests for model_3
[2026-08-19 14:17:43.735 GPU_Scheduler_0] Admitted 1 requests for model_6
[2026-08-19 14:17:43.757 GPU_Scheduler_0] Admitted 1 requests for model_2
[2026-08-19 14:17:44.110 GPU_Scheduler_0] Admitted 1 requests for model_6
[2026-08-19 14:17:44.175 GPU_Scheduler_0] Admitted 1 requests for model_6
[2026-08-19 14:17:44.248 GPU_Scheduler_1] Admitted 1 requests for model_3
[2026-08-19 14:17:44.261 GPU_Scheduler_0] Admitted 1 requests for model_2
[2026-08-19 14:17:44.448 GPU_Scheduler_1] Admitted 1 requests for model_3
[2026-08-19 14:17:44.464 GPU_Scheduler_0] Admitted 1 requests for model_2
[2026-08-19 14:17:44.585 GPU_Scheduler_0] Admitted 1 requests for model_6
[2026-08-19 14:17:44.817 GPU_Scheduler_0] Admitted 1 requests for model_2
[2026-08-19 14:17:44.830 GPU_Scheduler_1] Admitted 1 requests for model_3
[2026-08-19 14:17:45.149 GPU_Scheduler_0] Admitted 1 requests for model_6
[2026-08-19 14:17:45.320 GPU_Scheduler_0] Admitted 1 requests for model_2
[2026-08-19 14:17:45.337 GPU_Scheduler_1] Admitted 1 requests for model_3
[2026-08-19 14:17:45.374 GPU_Scheduler_0] Admitted 1 requests for model_6
[2026-08-19 14:17:45.655 GPU_Scheduler_1] Admitted 1 requests for model_3
[2026-08-19 14:17:45.716 GPU_Scheduler_0] Admitted 1 requests for model_6
[2026-08-19 14:17:45.759 GPU_Scheduler_0] Admitted 1 requests for model_6
[2026-08-19 14:17:45.802 GPU_Scheduler_0] Admitted 1 requests for model_2
[2026-08-19 14:17:45.813 GPU_Scheduler_1] Admitted 1 requests for model_3
[2026-08-19 14:17:46.102 GPU_Scheduler_0] Admitted 1 requests for model_6
[2026-08-19 14:17:46.146 GPU_Scheduler_0] Admitted 1 requests for model_6
[2026-08-19 14:17:46.167 GPU_Scheduler_0] Admitted 1 requests for model_2
[2026-08-19 14:17:46.350 GPU_Scheduler_1] Admitted 1 requests for model_3
[2026-08-19 14:17:46.405 GPU_Scheduler_1] Admitted 1 requests for model_3
[2026-08-19 14:17:46.950 GPU_Scheduler_0] Admitted 1 requests for model_6
[2026-08-19 14:17:47.292 GPU_Scheduler_0] Admitted 1 requests for model_6
[2026-08-19 14:17:47.346 GPU_Scheduler_0] Admitted 1 requests for model_2
[2026-08-19 14:17:47.507 GPU_Scheduler_0] Admitted 1 requests for model_6
[2026-08-19 14:17:47.751 GPU_Scheduler_1] Admitted 1 requests for model_5
[2026-08-19 14:17:47.804 GPU_Scheduler_1] Admitted 1 requests for model_3
[2026-08-19 14:17:47.815 GPU_Scheduler_1] Admitted 1 requests for model_3
[2026-08-19 14:17:47.849 GPU_Scheduler_0] Admitted 1 requests for model_2
[2026-08-19 14:17:48.025 GPU_Scheduler_1] Admitted 1 requests for model_3
[2026-08-19 14:17:48.183 GPU_Scheduler_0] Admitted 1 requests for model_2
[2026-08-19 14:17:48.477 GPU_Scheduler_1] Admitted 1 requests for model_3
[2026-08-19 14:17:48.711 GPU_Scheduler_0] Admitted 1 requests for model_2
[2026-08-19 14:17:48.838 GPU_Scheduler_0] Received deactivate request for model model_4
[2026-08-19 14:17:48.838 GPU_Scheduler_0] Received deactivate request for model_4, model_states: {'model_1': 'deactivated', 'model_2': 'activated', 'model_3': 'deactivated', 'model_4': 'deactivating', 'model_5': 'deactivated', 'model_6': 'activated'}
[2026-08-19 14:17:48.838 GPU_Scheduler_0] Release worker 0 from model model_4. Current model_to_worker: {'model_6': 1, 'model_2': 2}
[2026-08-19 14:17:48.887 GPU_Scheduler_1] Admitted 1 requests for model_3
[2026-08-19 14:17:49.047 GPU_Scheduler_1] Admitted 1 requests for model_5
[2026-08-19 14:17:49.091 GPU_Scheduler_1] Admitted 1 requests for model_3
[2026-08-19 14:17:49.131 GPU_Scheduler_0] Admitted 1 requests for model_2
[2026-08-19 14:17:49.197 GPU_Scheduler_0] Admitted 1 requests for model_2
[2026-08-19 14:17:49.444 GPU_Scheduler_0] Admitted 1 requests for model_2
[2026-08-19 14:17:49.466 GPU_Scheduler_0] Admitted 1 requests for model_6
[2026-08-19 14:17:49.707 GPU_Scheduler_1] Admitted 1 requests for model_3
[2026-08-19 14:17:49.778 GPU_Scheduler_0] Model model_4 (instance 0) deactivation succeeded on GPU 0
[2026-08-19 14:17:49.854 GPU_Scheduler_1] Admitted 1 requests for model_3
[2026-08-19 14:17:50.082 GPU_Scheduler_0] Admitted 1 requests for model_2
[2026-08-19 14:17:50.103 GPU_Scheduler_0] Admitted 1 requests for model_2
[2026-08-19 14:17:50.125 GPU_Scheduler_0] Admitted 1 requests for model_2
[2026-08-19 14:17:50.138 GPU_Scheduler_1] Admitted 1 requests for model_3
[2026-08-19 14:17:50.149 GPU_Scheduler_1] Admitted 1 requests for model_3
[2026-08-19 14:17:50.307 GPU_Scheduler_1] Admitted 1 requests for model_3
[2026-08-19 14:17:50.391 GPU_Scheduler_1] Admitted 1 requests for model_3
[2026-08-19 14:17:50.413 GPU_Scheduler_1] Admitted 1 requests for model_3
[2026-08-19 14:17:50.466 GPU_Scheduler_1] Admitted 1 requests for model_3
[2026-08-19 14:17:50.497 GPU_Scheduler_1] Admitted 1 requests for model_3
[2026-08-19 14:17:51.096 GPU_Scheduler_1] Admitted 1 requests for model_5
[2026-08-19 14:17:51.221 GPU_Scheduler_0] Admitted 1 requests for model_6
[2026-08-19 14:17:51.341 GPU_Scheduler_0] Admitted 1 requests for model_2
[2026-08-19 14:17:51.559 GPU_Scheduler_1] Admitted 1 requests for model_3
[2026-08-19 14:17:51.591 GPU_Scheduler_1] Admitted 1 requests for model_3
[2026-08-19 14:17:51.612 GPU_Scheduler_1] Admitted 1 requests for model_3
[2026-08-19 14:17:51.676 GPU_Scheduler_1] Admitted 1 requests for model_5
[2026-08-19 14:17:51.687 GPU_Scheduler_0] Admitted 1 requests for model_2
[2026-08-19 14:17:51.807 GPU_Scheduler_0] Admitted 2 requests for model_2
[2026-08-19 14:17:51.829 GPU_Scheduler_0] Admitted 1 requests for model_2
[2026-08-19 14:17:51.865 GPU_Scheduler_1] Admitted 1 requests for model_3
[2026-08-19 14:17:51.905 GPU_Scheduler_0] Admitted 1 requests for model_2
[2026-08-19 14:17:52.023 GPU_Scheduler_1] Admitted 1 requests for model_3
[2026-08-19 14:17:52.330 GPU_Scheduler_1] Admitted 1 requests for model_3
[2026-08-19 14:17:52.363 GPU_Scheduler_1] Admitted 1 requests for model_3
[2026-08-19 14:17:52.535 GPU_Scheduler_1] Admitted 1 requests for model_3
[2026-08-19 14:17:52.543 GPU_Scheduler_0] Admitted 1 requests for model_6
[2026-08-19 14:17:52.740 GPU_Scheduler_1] Admitted 1 requests for model_3
[2026-08-19 14:17:52.762 GPU_Scheduler_1] Admitted 1 requests for model_3
[2026-08-19 14:17:52.954 GPU_Scheduler_1] Admitted 1 requests for model_3
[2026-08-19 14:17:52.997 GPU_Scheduler_0] Admitted 1 requests for model_2
[2026-08-19 14:17:53.303 GPU_Scheduler_1] Admitted 1 requests for model_3
[2026-08-19 14:17:53.331 GPU_Scheduler_0] Admitted 1 requests for model_6
[2026-08-19 14:17:53.431 GPU_Scheduler_1] Admitted 1 requests for model_3
[2026-08-19 14:17:53.482 GPU_Scheduler_0] Admitted 1 requests for model_2
[2026-08-19 14:17:53.655 GPU_Scheduler_0] Admitted 1 requests for model_6
[2026-08-19 14:17:53.774 GPU_Scheduler_0] Admitted 1 requests for model_2
[2026-08-19 14:17:53.979 GPU_Scheduler_0] Admitted 1 requests for model_6
[2026-08-19 14:17:54.033 GPU_Scheduler_0] Admitted 1 requests for model_6
[2026-08-19 14:17:54.093 GPU_Scheduler_1] Admitted 1 requests for model_3
[2026-08-19 14:17:54.228 GPU_Scheduler_0] Admitted 1 requests for model_2
[2026-08-19 14:17:54.327 GPU_Scheduler_1] Admitted 1 requests for model_3
[2026-08-19 14:17:54.346 GPU_Scheduler_0] Admitted 1 requests for model_2
[2026-08-19 14:17:54.453 GPU_Scheduler_0] Admitted 1 requests for model_6
[2026-08-19 14:17:54.590 GPU_Scheduler_1] Admitted 1 requests for model_3
[2026-08-19 14:17:54.601 GPU_Scheduler_0] Admitted 1 requests for model_6
[2026-08-19 14:17:54.759 GPU_Scheduler_0] Admitted 1 requests for model_6
[2026-08-19 14:17:54.928 GPU_Scheduler_0] Admitted 1 requests for model_2
[2026-08-19 14:17:54.947 GPU_Scheduler_1] Admitted 1 requests for model_3
[2026-08-19 14:17:54.971 GPU_Scheduler_0] Admitted 1 requests for model_6
[2026-08-19 14:17:55.136 GPU_Scheduler_1] Admitted 1 requests for model_3
[2026-08-19 14:17:55.284 GPU_Scheduler_1] Admitted 1 requests for model_3
[2026-08-19 14:17:55.453 GPU_Scheduler_1] Admitted 1 requests for model_3
[2026-08-19 14:17:55.469 GPU_Scheduler_0] Admitted 1 requests for model_6
[2026-08-19 14:17:55.705 GPU_Scheduler_1] Admitted 1 requests for model_3
[2026-08-19 14:17:55.769 GPU_Scheduler_1] Admitted 1 requests for model_3
[2026-08-19 14:17:55.884 GPU_Scheduler_1] Admitted 1 requests for model_3
[2026-08-19 14:17:55.958 GPU_Scheduler_1] Admitted 1 requests for model_3
[2026-08-19 14:17:56.075 GPU_Scheduler_0] Admitted 1 requests for model_2
[2026-08-19 14:17:56.126 GPU_Scheduler_1] Admitted 1 requests for model_3
[2026-08-19 14:17:56.223 GPU_Scheduler_0] Admitted 1 requests for model_6
[2026-08-19 14:17:56.346 GPU_Scheduler_0] Admitted 1 requests for model_6
[2026-08-19 14:17:56.550 GPU_Scheduler_1] Admitted 1 requests for model_3
[2026-08-19 14:17:56.923 GPU_Scheduler_1] Admitted 1 requests for model_3
[2026-08-19 14:17:56.976 GPU_Scheduler_1] Admitted 1 requests for model_3
[2026-08-19 14:17:57.029 GPU_Scheduler_1] Admitted 1 requests for model_3
[2026-08-19 14:17:57.039 GPU_Scheduler_1] Admitted 1 requests for model_3
[2026-08-19 14:17:57.145 GPU_Scheduler_1] Admitted 1 requests for model_3
[2026-08-19 14:17:57.350 GPU_Scheduler_1] Admitted 1 requests for model_3
[2026-08-19 14:17:57.393 GPU_Scheduler_1] Admitted 1 requests for model_3
[2026-08-19 14:17:57.446 GPU_Scheduler_1] Admitted 1 requests for model_3
[2026-08-19 14:17:57.614 GPU_Scheduler_1] Admitted 1 requests for model_3
[2026-08-19 14:17:57.668 GPU_Scheduler_1] Admitted 1 requests for model_3
[2026-08-19 14:17:57.827 GPU_Scheduler_1] Admitted 1 requests for model_3
[2026-08-19 14:17:57.970 GPU_Scheduler_0] Admitted 1 requests for model_6
[2026-08-19 14:17:58.387 GPU_Scheduler_1] Admitted 1 requests for model_3
[2026-08-19 14:17:58.568 GPU_Scheduler_0] Admitted 1 requests for model_2
[2026-08-19 14:17:58.747 GPU_Scheduler_0] Admitted 1 requests for model_6
[2026-08-19 14:17:58.757 GPU_Scheduler_0] Admitted 1 requests for model_2
[2026-08-19 14:17:58.800 GPU_Scheduler_1] Admitted 1 requests for model_5
[2026-08-19 14:17:58.915 GPU_Scheduler_0] Admitted 1 requests for model_2
[2026-08-19 14:17:58.926 GPU_Scheduler_0] Admitted 1 requests for model_2
[2026-08-19 14:17:58.937 GPU_Scheduler_0] Admitted 1 requests for model_2
[2026-08-19 14:17:58.993 GPU_Scheduler_1] Admitted 1 requests for model_3
[2026-08-19 14:17:59.154 GPU_Scheduler_1] Admitted 1 requests for model_3
[2026-08-19 14:17:59.251 GPU_Scheduler_1] Admitted 1 requests for model_3
[2026-08-19 14:17:59.422 GPU_Scheduler_1] Admitted 1 requests for model_5
[2026-08-19 14:17:59.433 GPU_Scheduler_1] Admitted 2 requests for model_5
[2026-08-19 14:17:59.494 GPU_Scheduler_0] Admitted 1 requests for model_6
[2026-08-19 14:17:59.662 GPU_Scheduler_0] Admitted 1 requests for model_6
[2026-08-19 14:17:59.696 GPU_Scheduler_1] Admitted 1 requests for model_5
[2026-08-19 14:17:59.747 GPU_Scheduler_0] Admitted 1 requests for model_6
[2026-08-19 14:17:59.781 GPU_Scheduler_1] Admitted 1 requests for model_5
[2026-08-19 14:17:59.874 GPU_Scheduler_0] Admitted 1 requests for model_6
[2026-08-19 14:18:00.420 GPU_Scheduler_1] Admitted 1 requests for model_5
[2026-08-19 14:18:00.536 GPU_Scheduler_0] Admitted 1 requests for model_6
[2026-08-19 14:18:00.610 GPU_Scheduler_0] Admitted 1 requests for model_6
[2026-08-19 14:18:00.625 GPU_Scheduler_1] Admitted 1 requests for model_3
[2026-08-19 14:18:00.647 GPU_Scheduler_1] Admitted 1 requests for model_5
[2026-08-19 14:18:00.840 GPU_Scheduler_1] Admitted 1 requests for model_5
[2026-08-19 14:18:00.842 GPU_Scheduler_0] Admitted 1 requests for model_6
[2026-08-19 14:18:01.011 GPU_Scheduler_1] Admitted 1 requests for model_5
[2026-08-19 14:18:01.084 GPU_Scheduler_0] Admitted 1 requests for model_6
[2026-08-19 14:18:01.242 GPU_Scheduler_0] Admitted 1 requests for model_6
[2026-08-19 14:18:01.274 GPU_Scheduler_0] Admitted 1 requests for model_6
[2026-08-19 14:18:01.295 GPU_Scheduler_1] Admitted 1 requests for model_5
[2026-08-19 14:18:01.401 GPU_Scheduler_1] Admitted 1 requests for model_5
[2026-08-19 14:18:01.580 GPU_Scheduler_1] Admitted 1 requests for model_5
[2026-08-19 14:18:01.762 GPU_Scheduler_0] Admitted 1 requests for model_6
[2026-08-19 14:18:01.790 GPU_Scheduler_1] Admitted 1 requests for model_5
[2026-08-19 14:18:01.871 GPU_Scheduler_0] Admitted 1 requests for model_6
[2026-08-19 14:18:02.011 GPU_Scheduler_0] Admitted 1 requests for model_6
[2026-08-19 14:18:02.109 GPU_Scheduler_1] Admitted 1 requests for model_5
[2026-08-19 14:18:02.420 GPU_Scheduler_1] Admitted 1 requests for model_5
[2026-08-19 14:18:02.527 GPU_Scheduler_1] Admitted 1 requests for model_5
[2026-08-19 14:18:02.692 GPU_Scheduler_0] Admitted 1 requests for model_6
[2026-08-19 14:18:03.037 GPU_Scheduler_0] Admitted 1 requests for model_6
[2026-08-19 14:18:03.517 GPU_Scheduler_1] Admitted 1 requests for model_5
[2026-08-19 14:18:03.773 GPU_Scheduler_1] Admitted 1 requests for model_5
[2026-08-19 14:18:04.008 GPU_Scheduler_1] Admitted 1 requests for model_5
[2026-08-19 14:18:04.034 GPU_Scheduler_0] Admitted 1 requests for model_6
[2026-08-19 14:18:04.213 GPU_Scheduler_0] Admitted 1 requests for model_2
[2026-08-19 14:18:04.243 GPU_Scheduler_1] Admitted 1 requests for model_5
[2026-08-19 14:18:04.287 GPU_Scheduler_1] Admitted 1 requests for model_5
[2026-08-19 14:18:04.302 GPU_Scheduler_0] Admitted 1 requests for model_6
[2026-08-19 14:18:04.481 GPU_Scheduler_0] Admitted 1 requests for model_6
[2026-08-19 14:18:04.689 GPU_Scheduler_1] Admitted 1 requests for model_5
[2026-08-19 14:18:04.739 GPU_Scheduler_0] Admitted 1 requests for model_6
[2026-08-19 14:18:04.819 GPU_Scheduler_0] Admitted 1 requests for model_6
[2026-08-19 14:18:04.853 GPU_Scheduler_0] Admitted 1 requests for model_6
[2026-08-19 14:18:04.921 GPU_Scheduler_1] Admitted 1 requests for model_5
[2026-08-19 14:18:04.995 GPU_Scheduler_1] Admitted 1 requests for model_5
[2026-08-19 14:18:05.006 GPU_Scheduler_1] Admitted 1 requests for model_5
[2026-08-19 14:18:05.165 GPU_Scheduler_1] Admitted 1 requests for model_5
[2026-08-19 14:18:05.221 GPU_Scheduler_0] Admitted 1 requests for model_6
[2026-08-19 14:18:05.270 GPU_Scheduler_1] Admitted 1 requests for model_5
[2026-08-19 14:18:05.445 GPU_Scheduler_0] Admitted 1 requests for model_2
[2026-08-19 14:18:05.459 GPU_Scheduler_1] Admitted 1 requests for model_5
[2026-08-19 14:18:05.618 GPU_Scheduler_1] Admitted 1 requests for model_5
[2026-08-19 14:18:05.882 GPU_Scheduler_0] Admitted 1 requests for model_6
[2026-08-19 14:18:05.985 GPU_Scheduler_1] Admitted 1 requests for model_5
[2026-08-19 14:18:06.072 GPU_Scheduler_0] Admitted 1 requests for model_6
[2026-08-19 14:18:06.084 GPU_Scheduler_0] Admitted 1 requests for model_6
[2026-08-19 14:18:06.162 GPU_Scheduler_0] Admitted 1 requests for model_6
[2026-08-19 14:18:06.297 GPU_Scheduler_0] Admitted 1 requests for model_6
[2026-08-19 14:18:06.311 GPU_Scheduler_1] Admitted 1 requests for model_5
[2026-08-19 14:18:06.479 GPU_Scheduler_1] Admitted 1 requests for model_5
[2026-08-19 14:18:06.520 GPU_Scheduler_0] Admitted 1 requests for model_6
[2026-08-19 14:18:06.833 GPU_Scheduler_0] Admitted 1 requests for model_6
[2026-08-19 14:18:07.529 GPU_Scheduler_0] Admitted 1 requests for model_2
[2026-08-19 14:18:07.607 GPU_Scheduler_0] Admitted 1 requests for model_6
[2026-08-19 14:18:07.917 GPU_Scheduler_1] Admitted 1 requests for model_5
[2026-08-19 14:18:07.996 GPU_Scheduler_0] Admitted 1 requests for model_6
[2026-08-19 14:18:08.041 GPU_Scheduler_0] Admitted 1 requests for model_6
[2026-08-19 14:18:08.204 GPU_Scheduler_1] Admitted 1 requests for model_5
[2026-08-19 14:18:08.227 GPU_Scheduler_1] Admitted 1 requests for model_5
[2026-08-19 14:18:08.231 GPU_Scheduler_0] Admitted 1 requests for model_6
[2026-08-19 14:18:08.327 GPU_Scheduler_1] Admitted 1 requests for model_5
[2026-08-19 14:18:08.471 GPU_Scheduler_1] Admitted 1 requests for model_5
[2026-08-19 14:18:08.758 GPU_Scheduler_1] Admitted 1 requests for model_5
[2026-08-19 14:18:08.770 GPU_Scheduler_1] Admitted 1 requests for model_5
[2026-08-19 14:18:08.811 GPU_Scheduler_0] Admitted 1 requests for model_6
[2026-08-19 14:18:08.991 GPU_Scheduler_0] Admitted 1 requests for model_6
[2026-08-19 14:18:09.034 GPU_Scheduler_1] Admitted 1 requests for model_5
[2026-08-19 14:18:09.190 GPU_Scheduler_1] Admitted 1 requests for model_5
[2026-08-19 14:18:09.708 GPU_Scheduler_1] Admitted 1 requests for model_5
[2026-08-19 14:18:09.786 GPU_Scheduler_1] Admitted 1 requests for model_5
[2026-08-19 14:18:09.933 GPU_Scheduler_0] Admitted 2 requests for model_6
[2026-08-19 14:18:10.085 GPU_Scheduler_1] Admitted 1 requests for model_5
[2026-08-19 14:18:10.288 GPU_Scheduler_0] Admitted 2 requests for model_6
[2026-08-19 14:18:10.331 GPU_Scheduler_1] Admitted 1 requests for model_5
[2026-08-19 14:18:10.365 GPU_Scheduler_1] Admitted 1 requests for model_5
[2026-08-19 14:18:10.633 GPU_Scheduler_1] Admitted 1 requests for model_5
[2026-08-19 14:18:10.734 GPU_Scheduler_1] Admitted 1 requests for model_5
[2026-08-19 14:18:10.824 GPU_Scheduler_1] Admitted 1 requests for model_5
[2026-08-19 14:18:10.958 GPU_Scheduler_1] Admitted 1 requests for model_3
[2026-08-19 14:18:11.115 GPU_Scheduler_1] Admitted 1 requests for model_5
[2026-08-19 14:18:11.260 GPU_Scheduler_1] Admitted 1 requests for model_5
[2026-08-19 14:18:11.272 GPU_Scheduler_1] Admitted 1 requests for model_5
[2026-08-19 14:18:11.406 GPU_Scheduler_1] Admitted 1 requests for model_5
[2026-08-19 14:18:11.807 GPU_Scheduler_1] Admitted 1 requests for model_5
[2026-08-19 14:18:11.863 GPU_Scheduler_1] Admitted 1 requests for model_5
[2026-08-19 14:18:11.886 GPU_Scheduler_1] Admitted 1 requests for model_5
[2026-08-19 14:18:11.958 GPU_Scheduler_0] Admitted 1 requests for model_6
[2026-08-19 14:18:12.098 GPU_Scheduler_1] Admitted 1 requests for model_5
[2026-08-19 14:18:12.243 GPU_Scheduler_1] Admitted 2 requests for model_5
[2026-08-19 14:18:12.246 GPU_Scheduler_0] Admitted 1 requests for model_6
[2026-08-19 14:18:12.422 GPU_Scheduler_1] Admitted 1 requests for model_5
[2026-08-19 14:18:12.467 GPU_Scheduler_1] Admitted 1 requests for model_5
[2026-08-19 14:18:12.523 GPU_Scheduler_0] Admitted 1 requests for model_6
[2026-08-19 14:18:12.535 GPU_Scheduler_0] Admitted 1 requests for model_6
[2026-08-19 14:18:12.624 GPU_Scheduler_0] Admitted 1 requests for model_6
[2026-08-19 14:18:12.681 GPU_Scheduler_0] Admitted 1 requests for model_6
[2026-08-19 14:18:13.286 GPU_Scheduler_0] Admitted 1 requests for model_6
[2026-08-19 14:18:13.369 GPU_Scheduler_1] Admitted 1 requests for model_5
[2026-08-19 14:18:13.615 GPU_Scheduler_1] Admitted 1 requests for model_5
[2026-08-19 14:18:13.644 GPU_Scheduler_0] Admitted 1 requests for model_6
[2026-08-19 14:18:13.697 GPU_Scheduler_0] Admitted 1 requests for model_6
[2026-08-19 14:18:13.771 GPU_Scheduler_0] Admitted 1 requests for model_6
[2026-08-19 14:18:13.940 GPU_Scheduler_1] Admitted 1 requests for model_5
[2026-08-19 14:18:14.339 GPU_Scheduler_0] Admitted 1 requests for model_6
[2026-08-19 14:18:14.423 GPU_Scheduler_0] Admitted 2 requests for model_6
[2026-08-19 14:18:14.471 GPU_Scheduler_1] Admitted 1 requests for model_3
[2026-08-19 14:18:14.488 GPU_Scheduler_0] Admitted 1 requests for model_6
[2026-08-19 14:18:14.519 GPU_Scheduler_0] Admitted 1 requests for model_6
[2026-08-19 14:18:14.892 GPU_Scheduler_1] Admitted 1 requests for model_3
[2026-08-19 14:18:15.097 GPU_Scheduler_0] Admitted 1 requests for model_6
[2026-08-19 14:18:15.136 GPU_Scheduler_1] Admitted 1 requests for model_5
[2026-08-19 14:18:15.170 GPU_Scheduler_1] Admitted 1 requests for model_3
[2026-08-19 14:18:15.203 GPU_Scheduler_0] Admitted 1 requests for model_6
[2026-08-19 14:18:15.215 GPU_Scheduler_1] Admitted 1 requests for model_5
[2026-08-19 14:18:15.255 GPU_Scheduler_0] Admitted 1 requests for model_6
[2026-08-19 14:18:15.287 GPU_Scheduler_0] Admitted 1 requests for model_6
[2026-08-19 14:18:15.340 GPU_Scheduler_0] Admitted 1 requests for model_6
[2026-08-19 14:18:15.360 GPU_Scheduler_1] Admitted 1 requests for model_5
[2026-08-19 14:18:15.383 GPU_Scheduler_1] Admitted 1 requests for model_5
[2026-08-19 14:18:15.452 GPU_Scheduler_1] Admitted 1 requests for model_5
[2026-08-19 14:18:15.666 GPU_Scheduler_0] Admitted 1 requests for model_6
[2026-08-19 14:18:15.674 GPU_Scheduler_1] Admitted 1 requests for model_5
[2026-08-19 14:18:15.708 GPU_Scheduler_0] Admitted 1 requests for model_6
[2026-08-19 14:18:16.056 GPU_Scheduler_1] Admitted 1 requests for model_5
[2026-08-19 14:18:16.215 GPU_Scheduler_0] Admitted 1 requests for model_6
[2026-08-19 14:18:16.432 GPU_Scheduler_1] Admitted 1 requests for model_5
[2026-08-19 14:18:17.021 GPU_Scheduler_1] Admitted 1 requests for model_5
[2026-08-19 14:18:17.210 GPU_Scheduler_1] Admitted 1 requests for model_5
[2026-08-19 14:18:17.381 GPU_Scheduler_0] Admitted 1 requests for model_6
[2026-08-19 14:18:17.399 GPU_Scheduler_1] Admitted 1 requests for model_5
[2026-08-19 14:18:17.677 GPU_Scheduler_1] Admitted 1 requests for model_5
[2026-08-19 14:18:17.760 GPU_Scheduler_0] Admitted 1 requests for model_6
[2026-08-19 14:18:17.777 GPU_Scheduler_1] Admitted 1 requests for model_5
[2026-08-19 14:18:18.043 GPU_Scheduler_1] Admitted 1 requests for model_5
[2026-08-19 14:18:18.054 GPU_Scheduler_1] Admitted 1 requests for model_5
[2026-08-19 14:18:18.275 GPU_Scheduler_0] Admitted 1 requests for model_6
[2026-08-19 14:18:18.386 GPU_Scheduler_1] Admitted 1 requests for model_5
[2026-08-19 14:18:18.464 GPU_Scheduler_1] Admitted 1 requests for model_5
[2026-08-19 14:18:18.811 GPU_Scheduler_0] Admitted 1 requests for model_6
[2026-08-19 14:18:19.039 GPU_Scheduler_1] Admitted 2 requests for model_5
[2026-08-19 14:18:19.232 GPU_Scheduler_0] Admitted 1 requests for model_6
[2026-08-19 14:18:19.316 GPU_Scheduler_1] Admitted 1 requests for model_5
[2026-08-19 14:18:19.327 GPU_Scheduler_1] Admitted 1 requests for model_5
[2026-08-19 14:18:19.379 GPU_Scheduler_0] Admitted 1 requests for model_6
[2026-08-19 14:18:19.439 GPU_Scheduler_1] Admitted 1 requests for model_3
[2026-08-19 14:18:19.464 GPU_Scheduler_0] Admitted 1 requests for model_2
[2026-08-19 14:18:19.569 GPU_Scheduler_1] Admitted 1 requests for model_5
[2026-08-19 14:18:19.743 GPU_Scheduler_1] Admitted 1 requests for model_5
[2026-08-19 14:18:20.210 GPU_Scheduler_1] Admitted 1 requests for model_5
[2026-08-19 14:18:20.352 GPU_Scheduler_1] Admitted 1 requests for model_3
[2026-08-19 14:18:20.440 GPU_Scheduler_1] Admitted 1 requests for model_5
[2026-08-19 14:18:20.550 GPU_Scheduler_1] Admitted 1 requests for model_5
[2026-08-19 14:18:20.572 GPU_Scheduler_1] Admitted 1 requests for model_5
[2026-08-19 14:18:21.087 GPU_Scheduler_0] Admitted 1 requests for model_6
[2026-08-19 14:18:21.129 GPU_Scheduler_1] Admitted 1 requests for model_5
[2026-08-19 14:18:21.274 GPU_Scheduler_0] Admitted 1 requests for model_6
[2026-08-19 14:18:21.276 GPU_Scheduler_1] Admitted 1 requests for model_5
[2026-08-19 14:18:21.286 GPU_Scheduler_0] Admitted 1 requests for model_6
[2026-08-19 14:18:21.586 GPU_Scheduler_0] Admitted 1 requests for model_6
[2026-08-19 14:18:21.651 GPU_Scheduler_0] Admitted 1 requests for model_6
[2026-08-19 14:18:21.673 GPU_Scheduler_0] Admitted 1 requests for model_6
[2026-08-19 14:18:21.748 GPU_Scheduler_0] Admitted 1 requests for model_6
[2026-08-19 14:18:21.759 GPU_Scheduler_0] Admitted 1 requests for model_6
[2026-08-19 14:18:21.770 GPU_Scheduler_0] Admitted 1 requests for model_6
[2026-08-19 14:18:22.008 GPU_Scheduler_0] Admitted 1 requests for model_6
[2026-08-19 14:18:22.180 GPU_Scheduler_0] Admitted 1 requests for model_6
[2026-08-19 14:18:22.296 GPU_Scheduler_1] Admitted 1 requests for model_5
[2026-08-19 14:18:22.320 GPU_Scheduler_0] Admitted 1 requests for model_6
[2026-08-19 14:18:22.488 GPU_Scheduler_1] Admitted 1 requests for model_5
[2026-08-19 14:18:22.566 GPU_Scheduler_0] Admitted 1 requests for model_6
[2026-08-19 14:18:22.746 GPU_Scheduler_1] Admitted 1 requests for model_5
[2026-08-19 14:18:22.866 GPU_Scheduler_0] Admitted 1 requests for model_6
[2026-08-19 14:18:22.937 GPU_Scheduler_1] Admitted 1 requests for model_5
[2026-08-19 14:18:23.049 GPU_Scheduler_1] Admitted 1 requests for model_5
[2026-08-19 14:18:23.207 GPU_Scheduler_0] Admitted 1 requests for model_6
[2026-08-19 14:18:23.324 GPU_Scheduler_0] Admitted 1 requests for model_6
[2026-08-19 14:18:23.335 GPU_Scheduler_0] Admitted 1 requests for model_6
[2026-08-19 14:18:23.398 GPU_Scheduler_0] Admitted 1 requests for model_6
[2026-08-19 14:18:23.561 GPU_Scheduler_1] Admitted 1 requests for model_3
[2026-08-19 14:18:23.733 GPU_Scheduler_1] Admitted 1 requests for model_5
[2026-08-19 14:18:23.768 GPU_Scheduler_0] Admitted 1 requests for model_6
[2026-08-19 14:18:23.822 GPU_Scheduler_1] Admitted 1 requests for model_5
[2026-08-19 14:18:23.883 GPU_Scheduler_0] Admitted 1 requests for model_6
[2026-08-19 14:18:23.915 GPU_Scheduler_0] Admitted 1 requests for model_6
[2026-08-19 14:18:24.006 GPU_Scheduler_1] Admitted 1 requests for model_5
[2026-08-19 14:18:24.101 GPU_Scheduler_1] Admitted 1 requests for model_5
[2026-08-19 14:18:24.122 GPU_Scheduler_1] Admitted 1 requests for model_5
[2026-08-19 14:18:24.144 GPU_Scheduler_1] Admitted 1 requests for model_3
[2026-08-19 14:18:24.218 GPU_Scheduler_1] Admitted 2 requests for model_5
[2026-08-19 14:18:24.273 GPU_Scheduler_0] Admitted 1 requests for model_6
[2026-08-19 14:18:25.073 GPU_Scheduler_0] Admitted 1 requests for model_6
[2026-08-19 14:18:25.325 GPU_Scheduler_1] Admitted 1 requests for model_5
[2026-08-19 14:18:25.336 GPU_Scheduler_1] Admitted 1 requests for model_5
[2026-08-19 14:18:25.347 GPU_Scheduler_1] Admitted 2 requests for model_5
[2026-08-19 14:18:25.420 GPU_Scheduler_0] Admitted 1 requests for model_6
[2026-08-19 14:18:25.715 GPU_Scheduler_0] Admitted 1 requests for model_6
[2026-08-19 14:18:26.073 GPU_Scheduler_0] Admitted 1 requests for model_6
[2026-08-19 14:18:26.283 GPU_Scheduler_0] Admitted 1 requests for model_2
[2026-08-19 14:18:26.360 GPU_Scheduler_1] Admitted 1 requests for model_5
[2026-08-19 14:18:26.394 GPU_Scheduler_1] Admitted 1 requests for model_3
[2026-08-19 14:18:26.426 GPU_Scheduler_1] Admitted 1 requests for model_5
[2026-08-19 14:18:26.481 GPU_Scheduler_1] Admitted 1 requests for model_5
[2026-08-19 14:18:26.514 GPU_Scheduler_1] Admitted 1 requests for model_5
[2026-08-19 14:18:26.664 GPU_Scheduler_1] Admitted 2 requests for model_5
[2026-08-19 14:18:26.708 GPU_Scheduler_1] Admitted 1 requests for model_5
[2026-08-19 14:18:26.848 GPU_Scheduler_1] Admitted 1 requests for model_5
[2026-08-19 14:18:27.136 GPU_Scheduler_0] Admitted 2 requests for model_6
[2026-08-19 14:18:27.150 GPU_Scheduler_1] Admitted 1 requests for model_5
[2026-08-19 14:18:27.220 GPU_Scheduler_0] Admitted 1 requests for model_6
[2026-08-19 14:18:27.355 GPU_Scheduler_1] Admitted 1 requests for model_5
[2026-08-19 14:18:27.591 GPU_Scheduler_1] Admitted 1 requests for model_5
[2026-08-19 14:18:28.060 GPU_Scheduler_0] Admitted 1 requests for model_6
[2026-08-19 14:18:28.079 GPU_Scheduler_1] Admitted 1 requests for model_5
[2026-08-19 14:18:28.155 GPU_Scheduler_1] Admitted 1 requests for model_5
[2026-08-19 14:18:28.249 GPU_Scheduler_0] Admitted 1 requests for model_6
[2026-08-19 14:18:28.271 GPU_Scheduler_0] Admitted 1 requests for model_2
[2026-08-19 14:18:28.360 GPU_Scheduler_1] Admitted 1 requests for model_5
[2026-08-19 14:18:28.670 GPU_Scheduler_0] Admitted 1 requests for model_6
[2026-08-19 14:18:28.775 GPU_Scheduler_0] Admitted 1 requests for model_6
[2026-08-19 14:18:28.822 GPU_Scheduler_1] Admitted 1 requests for model_5
[2026-08-19 14:18:28.870 GPU_Scheduler_0] Admitted 1 requests for model_6
[2026-08-19 14:18:29.012 GPU_Scheduler_1] Admitted 1 requests for model_5
[2026-08-19 14:18:29.033 GPU_Scheduler_1] Admitted 1 requests for model_5
[2026-08-19 14:18:29.302 GPU_Scheduler_0] Admitted 1 requests for model_6
[2026-08-19 14:18:29.363 GPU_Scheduler_1] Admitted 1 requests for model_5
[2026-08-19 14:18:29.396 GPU_Scheduler_1] Admitted 1 requests for model_5
[2026-08-19 14:18:29.482 GPU_Scheduler_1] Admitted 1 requests for model_5
[2026-08-19 14:18:29.578 GPU_Scheduler_0] Admitted 1 requests for model_6
[2026-08-19 14:18:29.600 GPU_Scheduler_0] Admitted 1 requests for model_2
[2026-08-19 14:18:29.780 GPU_Scheduler_1] Admitted 1 requests for model_5
[2026-08-19 14:18:29.811 GPU_Scheduler_1] Admitted 1 requests for model_5
[2026-08-19 14:18:29.884 GPU_Scheduler_0] Admitted 1 requests for model_6
[2026-08-19 14:18:29.896 GPU_Scheduler_1] Admitted 1 requests for model_5
[2026-08-19 14:18:29.928 GPU_Scheduler_1] Admitted 1 requests for model_5
[2026-08-19 14:18:30.162 GPU_Scheduler_1] Admitted 1 requests for model_3
[2026-08-19 14:18:30.452 GPU_Scheduler_0] Admitted 1 requests for model_6
[2026-08-19 14:18:30.505 GPU_Scheduler_0] Admitted 1 requests for model_6
[2026-08-19 14:18:30.516 GPU_Scheduler_0] Admitted 1 requests for model_6
[2026-08-19 14:18:30.770 GPU_Scheduler_1] Admitted 1 requests for model_5
[2026-08-19 14:18:30.869 GPU_Scheduler_0] Admitted 1 requests for model_6
[2026-08-19 14:18:31.300 GPU_Scheduler_0] Admitted 1 requests for model_6
[2026-08-19 14:18:31.312 GPU_Scheduler_0] Admitted 1 requests for model_6
[2026-08-19 14:18:31.473 GPU_Scheduler_0] Admitted 1 requests for model_6
[2026-08-19 14:18:31.495 GPU_Scheduler_0] Admitted 1 requests for model_6
[2026-08-19 14:18:31.689 GPU_Scheduler_1] Admitted 1 requests for model_5
[2026-08-19 14:18:31.764 GPU_Scheduler_1] Admitted 1 requests for model_5
[2026-08-19 14:18:32.117 GPU_Scheduler_1] Admitted 1 requests for model_5
[2026-08-19 14:18:32.177 GPU_Scheduler_0] Admitted 1 requests for model_6
[2026-08-19 14:18:32.343 GPU_Scheduler_1] Admitted 1 requests for model_5
[2026-08-19 14:18:32.577 GPU_Scheduler_0] Admitted 1 requests for model_2
[2026-08-19 14:18:32.924 GPU_Scheduler_1] Admitted 1 requests for model_5
[2026-08-19 14:18:33.036 GPU_Scheduler_0] Admitted 1 requests for model_6
[2026-08-19 14:18:33.324 GPU_Scheduler_1] Admitted 1 requests for model_5
[2026-08-19 14:18:33.375 GPU_Scheduler_0] Admitted 1 requests for model_6
[2026-08-19 14:18:33.386 GPU_Scheduler_0] Admitted 1 requests for model_2
[2026-08-19 14:18:33.419 GPU_Scheduler_1] Admitted 1 requests for model_5
[2026-08-19 14:18:33.430 GPU_Scheduler_1] Admitted 1 requests for model_3
[2026-08-19 14:18:33.430 GPU_Scheduler_1] Admitted 1 requests for model_5
[2026-08-19 14:18:33.481 GPU_Scheduler_0] Admitted 1 requests for model_6
[2026-08-19 14:18:34.275 GPU_Scheduler_1] Admitted 1 requests for model_3
[2026-08-19 14:18:34.341 GPU_Scheduler_1] Admitted 1 requests for model_5
[2026-08-19 14:18:34.395 GPU_Scheduler_1] Admitted 1 requests for model_5
[2026-08-19 14:18:34.779 GPU_Scheduler_1] Admitted 1 requests for model_5
[2026-08-19 14:18:34.864 GPU_Scheduler_1] Admitted 1 requests for model_5
[2026-08-19 14:18:34.896 GPU_Scheduler_1] Admitted 1 requests for model_5
[2026-08-19 14:18:34.898 GPU_Scheduler_0] Admitted 1 requests for model_6
[2026-08-19 14:18:34.980 GPU_Scheduler_1] Admitted 1 requests for model_5
[2026-08-19 14:18:35.457 GPU_Scheduler_1] Admitted 1 requests for model_5
[2026-08-19 14:18:35.611 GPU_Scheduler_0] Admitted 1 requests for model_6
[2026-08-19 14:18:35.950 GPU_Scheduler_1] Admitted 1 requests for model_5
[2026-08-19 14:18:36.461 GPU_Scheduler_0] Admitted 1 requests for model_6
[2026-08-19 14:18:37.145 GPU_Scheduler_1] Admitted 1 requests for model_5
[2026-08-19 14:18:37.220 GPU_Scheduler_1] Admitted 1 requests for model_5
[2026-08-19 14:18:37.362 GPU_Scheduler_0] Admitted 1 requests for model_6
[2026-08-19 14:18:37.413 GPU_Scheduler_1] Admitted 1 requests for model_5
[2026-08-19 14:18:37.813 GPU_Scheduler_0] Admitted 1 requests for model_6
[2026-08-19 14:18:37.968 GPU_Scheduler_1] Admitted 1 requests for model_5
[2026-08-19 14:18:38.011 GPU_Scheduler_0] Admitted 1 requests for model_6
[2026-08-19 14:18:38.033 GPU_Scheduler_1] Admitted 1 requests for model_5
[2026-08-19 14:18:38.055 GPU_Scheduler_1] Admitted 1 requests for model_5
[2026-08-19 14:18:38.144 GPU_Scheduler_0] Admitted 1 requests for model_6
[2026-08-19 14:18:38.508 GPU_Scheduler_0] Admitted 1 requests for model_6
[2026-08-19 14:18:38.674 GPU_Scheduler_1] Admitted 1 requests for model_3
[2026-08-19 14:18:38.824 GPU_Scheduler_1] Admitted 1 requests for model_5
[2026-08-19 14:18:38.937 GPU_Scheduler_0] Admitted 1 requests for model_2
[2026-08-19 14:18:39.039 GPU_Scheduler_1] Admitted 1 requests for model_3
[2026-08-19 14:18:39.061 GPU_Scheduler_1] Admitted 1 requests for model_5
[2026-08-19 14:18:39.114 GPU_Scheduler_0] Admitted 1 requests for model_6
[2026-08-19 14:18:39.147 GPU_Scheduler_1] Admitted 1 requests for model_5
[2026-08-19 14:18:39.212 GPU_Scheduler_1] Admitted 1 requests for model_5
[2026-08-19 14:18:39.213 GPU_Scheduler_0] Admitted 1 requests for model_6
[2026-08-19 14:18:39.357 GPU_Scheduler_0] Admitted 1 requests for model_6
[2026-08-19 14:18:39.424 GPU_Scheduler_0] Admitted 1 requests for model_2
[2026-08-19 14:18:39.556 GPU_Scheduler_0] Admitted 1 requests for model_6
[2026-08-19 14:18:40.064 GPU_Scheduler_0] Admitted 1 requests for model_2
[2026-08-19 14:18:40.293 GPU_Scheduler_1] Admitted 1 requests for model_5
[2026-08-19 14:18:40.334 GPU_Scheduler_0] Admitted 1 requests for model_6
[2026-08-19 14:18:40.433 GPU_Scheduler_1] Admitted 1 requests for model_3
[2026-08-19 14:18:40.487 GPU_Scheduler_1] Admitted 1 requests for model_5
[2026-08-19 14:18:40.519 GPU_Scheduler_1] Admitted 1 requests for model_5
[2026-08-19 14:18:40.868 GPU_Scheduler_1] Admitted 1 requests for model_5
[2026-08-19 14:18:40.911 GPU_Scheduler_1] Admitted 1 requests for model_5
[2026-08-19 14:18:40.933 GPU_Scheduler_1] Admitted 1 requests for model_5
[2026-08-19 14:18:41.077 GPU_Scheduler_0] Admitted 1 requests for model_6
[2026-08-19 14:18:41.222 GPU_Scheduler_1] Admitted 1 requests for model_5
[2026-08-19 14:18:41.244 GPU_Scheduler_0] Admitted 1 requests for model_6
[2026-08-19 14:18:41.299 GPU_Scheduler_0] Admitted 1 requests for model_6
[2026-08-19 14:18:41.565 GPU_Scheduler_1] Admitted 1 requests for model_5
[2026-08-19 14:18:41.619 GPU_Scheduler_1] Admitted 1 requests for model_5
[2026-08-19 14:18:41.684 GPU_Scheduler_1] Admitted 1 requests for model_5
[2026-08-19 14:18:42.170 GPU_Scheduler_1] Admitted 2 requests for model_5
[2026-08-19 14:18:42.170 GPU_Scheduler_0] Admitted 3 requests for model_6
[2026-08-19 14:18:42.260 GPU_Scheduler_0] Admitted 1 requests for model_6
[2026-08-19 14:18:42.268 GPU_Scheduler_1] Admitted 1 requests for model_5
[2026-08-19 14:18:42.388 GPU_Scheduler_1] Admitted 1 requests for model_5
[2026-08-19 14:18:42.914 GPU_Scheduler_0] Admitted 1 requests for model_6
[2026-08-19 14:18:43.135 GPU_Scheduler_0] Admitted 1 requests for model_6
[2026-08-19 14:18:43.245 GPU_Scheduler_0] Admitted 1 requests for model_6
[2026-08-19 14:18:43.257 GPU_Scheduler_0] Admitted 1 requests for model_6
[2026-08-19 14:18:43.994 GPU_Scheduler_0] Admitted 1 requests for model_6
[2026-08-19 14:18:44.039 GPU_Scheduler_0] Admitted 1 requests for model_6
[2026-08-19 14:18:44.051 GPU_Scheduler_0] Admitted 1 requests for model_6
[2026-08-19 14:18:44.260 GPU_Scheduler_0] Admitted 1 requests for model_6
[2026-08-19 14:18:44.504 GPU_Scheduler_0] Admitted 1 requests for model_6
[2026-08-19 14:18:44.891 GPU_Scheduler_0] Admitted 1 requests for model_6
[2026-08-19 14:18:45.068 GPU_Scheduler_0] Admitted 1 requests for model_6
[2026-08-19 14:18:45.187 GPU_Scheduler_0] Received activate request for model model_1
[2026-08-19 14:18:45.187 GPU_Scheduler_0] Received activate request for model_1, model_states: {'model_1': 'activating', 'model_2': 'activated', 'model_3': 'deactivated', 'model_4': 'deactivated', 'model_5': 'deactivated', 'model_6': 'activated'}
[2026-08-19 14:18:45.188 GPU_Scheduler_0] Assign worker 3 to model_1. Current model_to_worker: {'model_6': 1, 'model_2': 2, 'model_1': 3}
[2026-08-19 14:18:45.193 GPU_Scheduler_0] Admitted 8 requests for model_1
[2026-08-19 14:18:45.403 GPU_Scheduler_0] Admitted 1 requests for model_1
[2026-08-19 14:18:45.635 GPU_Scheduler_0] Admitted 1 requests for model_1
[2026-08-19 14:18:45.671 GPU_Scheduler_0] Admitted 1 requests for model_1
[2026-08-19 14:18:45.695 GPU_Scheduler_0] Admitted 1 requests for model_6
[2026-08-19 14:18:46.153 GPU_Scheduler_0] Admitted 1 requests for model_6
[2026-08-19 14:18:46.186 GPU_Scheduler_0] Admitted 1 requests for model_6
[2026-08-19 14:18:46.241 GPU_Scheduler_0] Admitted 1 requests for model_6
[2026-08-19 14:18:46.721 GPU_Scheduler_0] Admitted 1 requests for model_6
[2026-08-19 14:18:46.902 GPU_Scheduler_0] Model model_1 (instance 0) activation succeeded on GPU 0
[2026-08-19 14:18:46.905 GPU_Scheduler_0] Admitted 2 requests for model_1
[2026-08-19 14:18:46.907 GPU_Scheduler_0] Received activate request for model model_4
[2026-08-19 14:18:46.907 GPU_Scheduler_0] Received activate request for model_4, model_states: {'model_1': 'activated', 'model_2': 'activated', 'model_3': 'deactivated', 'model_4': 'activating', 'model_5': 'deactivated', 'model_6': 'activated'}
[2026-08-19 14:18:46.907 GPU_Scheduler_0] Assign worker 0 to model_4. Current model_to_worker: {'model_6': 1, 'model_2': 2, 'model_1': 3, 'model_4': 0}
[2026-08-19 14:18:46.916 GPU_Scheduler_0] Admitted 4 requests for model_4
[2026-08-19 14:18:46.955 GPU_Scheduler_0] Admitted 1 requests for model_1
[2026-08-19 14:18:47.061 GPU_Scheduler_0] Admitted 1 requests for model_6
[2026-08-19 14:18:47.192 GPU_Scheduler_0] Admitted 1 requests for model_6
[2026-08-19 14:18:47.345 GPU_Scheduler_0] Admitted 1 requests for model_6
[2026-08-19 14:18:47.732 GPU_Scheduler_1] Admitted 1 requests for model_5
[2026-08-19 14:18:47.903 GPU_Scheduler_0] Admitted 1 requests for model_6
[2026-08-19 14:18:48.045 GPU_Scheduler_0] Admitted 1 requests for model_4
[2026-08-19 14:18:48.090 GPU_Scheduler_0] Admitted 1 requests for model_6
[2026-08-19 14:18:48.460 GPU_Scheduler_0] Model model_4 (instance 0) activation succeeded on GPU 0
[2026-08-19 14:18:48.616 GPU_Scheduler_0] Admitted 1 requests for model_6
[2026-08-19 14:18:48.652 GPU_Scheduler_0] Admitted 1 requests for model_6
[2026-08-19 14:18:48.870 GPU_Scheduler_0] Admitted 1 requests for model_6
[2026-08-19 14:18:48.883 GPU_Scheduler_0] Admitted 1 requests for model_6
[2026-08-19 14:18:48.896 GPU_Scheduler_0] Admitted 1 requests for model_6
[2026-08-19 14:18:48.934 GPU_Scheduler_0] Admitted 1 requests for model_4
[2026-08-19 14:18:49.374 GPU_Scheduler_0] Admitted 1 requests for model_6
[2026-08-19 14:18:49.424 GPU_Scheduler_0] Admitted 1 requests for model_6
[2026-08-19 14:18:49.461 GPU_Scheduler_0] Admitted 1 requests for model_1
[2026-08-19 14:18:49.475 GPU_Scheduler_0] Admitted 1 requests for model_6
[2026-08-19 14:18:49.597 GPU_Scheduler_0] Admitted 1 requests for model_6
[2026-08-19 14:18:49.744 GPU_Scheduler_0] Admitted 1 requests for model_1
[2026-08-19 14:18:49.808 GPU_Scheduler_0] Admitted 1 requests for model_4
[2026-08-19 14:18:49.936 GPU_Scheduler_0] Admitted 1 requests for model_6
[2026-08-19 14:18:49.987 GPU_Scheduler_0] Admitted 1 requests for model_1
[2026-08-19 14:18:50.061 GPU_Scheduler_0] Admitted 1 requests for model_6
[2026-08-19 14:18:50.365 GPU_Scheduler_0] Admitted 1 requests for model_6
[2026-08-19 14:18:50.415 GPU_Scheduler_0] Admitted 1 requests for model_4
[2026-08-19 14:18:50.524 GPU_Scheduler_0] Admitted 1 requests for model_6
[2026-08-19 14:18:50.634 GPU_Scheduler_0] Admitted 1 requests for model_6
[2026-08-19 14:18:50.660 GPU_Scheduler_0] Admitted 1 requests for model_4
[2026-08-19 14:18:50.673 GPU_Scheduler_0] Admitted 1 requests for model_6
[2026-08-19 14:18:50.868 GPU_Scheduler_0] Admitted 1 requests for model_1
[2026-08-19 14:18:50.931 GPU_Scheduler_0] Admitted 1 requests for model_1
[2026-08-19 14:18:50.981 GPU_Scheduler_0] Admitted 1 requests for model_6
[2026-08-19 14:18:51.041 GPU_Scheduler_0] Admitted 1 requests for model_1
[2026-08-19 14:18:51.066 GPU_Scheduler_0] Admitted 1 requests for model_4
[2026-08-19 14:18:51.174 GPU_Scheduler_0] Admitted 1 requests for model_1
[2026-08-19 14:18:51.175 GPU_Scheduler_0] Admitted 1 requests for model_6
[2026-08-19 14:18:51.188 GPU_Scheduler_0] Admitted 1 requests for model_1
[2026-08-19 14:18:51.237 GPU_Scheduler_0] Admitted 1 requests for model_1
[2026-08-19 14:18:51.250 GPU_Scheduler_0] Admitted 1 requests for model_6
[2026-08-19 14:18:51.275 GPU_Scheduler_0] Admitted 1 requests for model_1
[2026-08-19 14:18:51.275 GPU_Scheduler_0] Admitted 1 requests for model_6
[2026-08-19 14:18:51.312 GPU_Scheduler_0] Admitted 1 requests for model_1
[2026-08-19 14:18:51.360 GPU_Scheduler_0] Admitted 1 requests for model_6
[2026-08-19 14:18:51.444 GPU_Scheduler_0] Admitted 1 requests for model_6
[2026-08-19 14:18:51.469 GPU_Scheduler_0] Admitted 1 requests for model_4
[2026-08-19 14:18:51.493 GPU_Scheduler_0] Admitted 1 requests for model_6
[2026-08-19 14:18:51.566 GPU_Scheduler_0] Admitted 1 requests for model_4
[2026-08-19 14:18:51.720 GPU_Scheduler_0] Admitted 1 requests for model_6
[2026-08-19 14:18:51.768 GPU_Scheduler_0] Admitted 1 requests for model_6
[2026-08-19 14:18:52.089 GPU_Scheduler_0] Admitted 1 requests for model_6
[2026-08-19 14:18:52.374 GPU_Scheduler_0] Admitted 1 requests for model_1
[2026-08-19 14:18:52.446 GPU_Scheduler_0] Admitted 1 requests for model_6
[2026-08-19 14:18:52.601 GPU_Scheduler_0] Admitted 1 requests for model_6
[2026-08-19 14:18:52.826 GPU_Scheduler_0] Admitted 1 requests for model_4
[2026-08-19 14:18:52.850 GPU_Scheduler_0] Admitted 1 requests for model_6
[2026-08-19 14:18:52.898 GPU_Scheduler_0] Admitted 1 requests for model_1
[2026-08-19 14:18:52.911 GPU_Scheduler_0] Admitted 1 requests for model_6
[2026-08-19 14:18:52.923 GPU_Scheduler_0] Admitted 1 requests for model_4
[2026-08-19 14:18:53.042 GPU_Scheduler_0] Admitted 1 requests for model_4
[2026-08-19 14:18:53.184 GPU_Scheduler_0] Admitted 1 requests for model_6
[2026-08-19 14:18:53.409 GPU_Scheduler_0] Admitted 1 requests for model_6
[2026-08-19 14:18:53.599 GPU_Scheduler_0] Admitted 1 requests for model_6
[2026-08-19 14:18:53.611 GPU_Scheduler_0] Admitted 1 requests for model_6
[2026-08-19 14:18:53.635 GPU_Scheduler_0] Admitted 1 requests for model_1
[2026-08-19 14:18:53.660 GPU_Scheduler_0] Admitted 1 requests for model_6
[2026-08-19 14:18:53.674 GPU_Scheduler_1] Admitted 1 requests for model_5
[2026-08-19 14:18:53.887 GPU_Scheduler_0] Admitted 1 requests for model_6
[2026-08-19 14:18:53.959 GPU_Scheduler_0] Admitted 1 requests for model_1
[2026-08-19 14:18:54.089 GPU_Scheduler_0] Admitted 1 requests for model_4
[2026-08-19 14:18:54.233 GPU_Scheduler_0] Admitted 1 requests for model_1
[2026-08-19 14:18:54.270 GPU_Scheduler_0] Admitted 1 requests for model_6
[2026-08-19 14:18:54.283 GPU_Scheduler_0] Admitted 1 requests for model_6
[2026-08-19 14:18:54.366 GPU_Scheduler_0] Admitted 1 requests for model_1
[2026-08-19 14:18:54.615 GPU_Scheduler_0] Admitted 1 requests for model_6
[2026-08-19 14:18:54.652 GPU_Scheduler_0] Admitted 1 requests for model_6
[2026-08-19 14:18:54.807 GPU_Scheduler_0] Admitted 1 requests for model_1
[2026-08-19 14:18:54.807 GPU_Scheduler_0] Admitted 1 requests for model_4
[2026-08-19 14:18:54.868 GPU_Scheduler_0] Admitted 1 requests for model_6
[2026-08-19 14:18:55.523 GPU_Scheduler_0] Admitted 1 requests for model_6
[2026-08-19 14:18:55.560 GPU_Scheduler_0] Admitted 1 requests for model_6
[2026-08-19 14:18:55.644 GPU_Scheduler_0] Admitted 1 requests for model_6
[2026-08-19 14:18:55.728 GPU_Scheduler_0] Admitted 1 requests for model_4
[2026-08-19 14:18:55.917 GPU_Scheduler_0] Admitted 1 requests for model_6
[2026-08-19 14:18:56.012 GPU_Scheduler_0] Admitted 1 requests for model_4
[2026-08-19 14:18:56.166 GPU_Scheduler_0] Admitted 1 requests for model_6
[2026-08-19 14:18:56.225 GPU_Scheduler_0] Admitted 2 requests for model_6
[2026-08-19 14:18:56.238 GPU_Scheduler_0] Admitted 1 requests for model_1
[2026-08-19 14:18:56.321 GPU_Scheduler_0] Admitted 1 requests for model_1
[2026-08-19 14:18:56.487 GPU_Scheduler_0] Admitted 1 requests for model_6
[2026-08-19 14:18:56.499 GPU_Scheduler_0] Admitted 1 requests for model_1
[2026-08-19 14:18:56.711 GPU_Scheduler_0] Admitted 1 requests for model_6
[2026-08-19 14:18:56.817 GPU_Scheduler_0] Admitted 1 requests for model_1
[2026-08-19 14:18:56.935 GPU_Scheduler_0] Admitted 1 requests for model_6
[2026-08-19 14:18:57.265 GPU_Scheduler_0] Admitted 1 requests for model_4
[2026-08-19 14:18:57.396 GPU_Scheduler_0] Admitted 1 requests for model_6
[2026-08-19 14:18:57.478 GPU_Scheduler_0] Admitted 1 requests for model_6
[2026-08-19 14:18:57.503 GPU_Scheduler_0] Admitted 1 requests for model_1
[2026-08-19 14:18:57.503 GPU_Scheduler_0] Admitted 1 requests for model_4
[2026-08-19 14:18:57.574 GPU_Scheduler_0] Admitted 1 requests for model_4
[2026-08-19 14:18:57.668 GPU_Scheduler_0] Admitted 1 requests for model_4
[2026-08-19 14:18:57.704 GPU_Scheduler_0] Admitted 1 requests for model_4
[2026-08-19 14:18:57.717 GPU_Scheduler_0] Admitted 1 requests for model_6
[2026-08-19 14:18:57.880 GPU_Scheduler_0] Admitted 1 requests for model_6
[2026-08-19 14:18:57.892 GPU_Scheduler_0] Admitted 1 requests for model_6
[2026-08-19 14:18:58.021 GPU_Scheduler_0] Admitted 1 requests for model_1
[2026-08-19 14:18:58.150 GPU_Scheduler_0] Admitted 1 requests for model_1
[2026-08-19 14:18:58.198 GPU_Scheduler_0] Admitted 1 requests for model_6
[2026-08-19 14:18:58.281 GPU_Scheduler_0] Admitted 1 requests for model_6
[2026-08-19 14:18:58.340 GPU_Scheduler_0] Admitted 1 requests for model_1
[2026-08-19 14:18:58.600 GPU_Scheduler_0] Admitted 1 requests for model_6
[2026-08-19 14:18:58.623 GPU_Scheduler_0] Admitted 1 requests for model_6
[2026-08-19 14:18:58.647 GPU_Scheduler_0] Admitted 1 requests for model_6
[2026-08-19 14:18:58.880 GPU_Scheduler_0] Admitted 1 requests for model_4
[2026-08-19 14:18:59.056 GPU_Scheduler_0] Admitted 1 requests for model_6
[2026-08-19 14:18:59.092 GPU_Scheduler_0] Admitted 1 requests for model_4
[2026-08-19 14:18:59.187 GPU_Scheduler_0] Admitted 1 requests for model_1
[2026-08-19 14:18:59.235 GPU_Scheduler_0] Admitted 1 requests for model_6
[2026-08-19 14:18:59.295 GPU_Scheduler_0] Admitted 1 requests for model_1
[2026-08-19 14:18:59.384 GPU_Scheduler_0] Admitted 1 requests for model_1
[2026-08-19 14:18:59.506 GPU_Scheduler_0] Admitted 1 requests for model_1
[2026-08-19 14:18:59.884 GPU_Scheduler_0] Admitted 1 requests for model_6
[2026-08-19 14:18:59.977 GPU_Scheduler_0] Admitted 1 requests for model_4
[2026-08-19 14:19:00.037 GPU_Scheduler_0] Admitted 1 requests for model_6
[2026-08-19 14:19:00.144 GPU_Scheduler_0] Admitted 1 requests for model_4
[2026-08-19 14:19:00.156 GPU_Scheduler_0] Admitted 1 requests for model_4
[2026-08-19 14:19:00.509 GPU_Scheduler_0] Admitted 1 requests for model_6
[2026-08-19 14:19:00.732 GPU_Scheduler_0] Admitted 1 requests for model_1
[2026-08-19 14:19:01.145 GPU_Scheduler_0] Admitted 1 requests for model_6
[2026-08-19 14:19:01.274 GPU_Scheduler_0] Admitted 1 requests for model_4
[2026-08-19 14:19:01.287 GPU_Scheduler_0] Admitted 1 requests for model_6
[2026-08-19 14:19:01.439 GPU_Scheduler_0] Admitted 1 requests for model_4
[2026-08-19 14:19:01.451 GPU_Scheduler_0] Admitted 1 requests for model_6
[2026-08-19 14:19:01.534 GPU_Scheduler_0] Admitted 1 requests for model_6
[2026-08-19 14:19:01.558 GPU_Scheduler_0] Admitted 1 requests for model_6
[2026-08-19 14:19:01.629 GPU_Scheduler_0] Admitted 1 requests for model_6
[2026-08-19 14:19:01.700 GPU_Scheduler_0] Admitted 1 requests for model_6
[2026-08-19 14:19:01.971 GPU_Scheduler_0] Admitted 1 requests for model_6
[2026-08-19 14:19:02.478 GPU_Scheduler_0] Admitted 1 requests for model_4
[2026-08-19 14:19:02.502 GPU_Scheduler_0] Admitted 1 requests for model_6
[2026-08-19 14:19:02.526 GPU_Scheduler_0] Admitted 1 requests for model_6
[2026-08-19 14:19:02.937 GPU_Scheduler_0] Admitted 1 requests for model_4
[2026-08-19 14:19:03.067 GPU_Scheduler_0] Admitted 1 requests for model_6
[2026-08-19 14:19:03.390 GPU_Scheduler_0] Admitted 1 requests for model_1
[2026-08-19 14:19:03.414 GPU_Scheduler_0] Admitted 1 requests for model_1
[2026-08-19 14:19:03.521 GPU_Scheduler_0] Admitted 1 requests for model_6
[2026-08-19 14:19:03.628 GPU_Scheduler_0] Admitted 1 requests for model_4
[2026-08-19 14:19:03.722 GPU_Scheduler_0] Admitted 1 requests for model_6
[2026-08-19 14:19:03.782 GPU_Scheduler_0] Admitted 1 requests for model_6
[2026-08-19 14:19:04.004 GPU_Scheduler_0] Admitted 1 requests for model_6
[2026-08-19 14:19:04.050 GPU_Scheduler_0] Admitted 1 requests for model_6
[2026-08-19 14:19:04.388 GPU_Scheduler_0] Admitted 1 requests for model_4
[2026-08-19 14:19:04.436 GPU_Scheduler_0] Admitted 1 requests for model_4
[2026-08-19 14:19:04.497 GPU_Scheduler_0] Admitted 1 requests for model_4
[2026-08-19 14:19:04.566 GPU_Scheduler_0] Admitted 1 requests for model_6
[2026-08-19 14:19:04.667 GPU_Scheduler_0] Admitted 1 requests for model_6
[2026-08-19 14:19:04.679 GPU_Scheduler_0] Admitted 2 requests for model_6
[2026-08-19 14:19:04.875 GPU_Scheduler_0] Admitted 1 requests for model_6
[2026-08-19 14:19:04.936 GPU_Scheduler_0] Admitted 1 requests for model_6
[2026-08-19 14:19:05.163 GPU_Scheduler_0] Admitted 1 requests for model_6
[2026-08-19 14:19:05.176 GPU_Scheduler_0] Admitted 1 requests for model_4
[2026-08-19 14:19:05.273 GPU_Scheduler_0] Admitted 1 requests for model_6
[2026-08-19 14:19:05.369 GPU_Scheduler_0] Admitted 1 requests for model_1
[2026-08-19 14:19:05.369 GPU_Scheduler_0] Admitted 1 requests for model_6
[2026-08-19 14:19:05.535 GPU_Scheduler_0] Admitted 1 requests for model_4
[2026-08-19 14:19:05.572 GPU_Scheduler_0] Admitted 1 requests for model_6
[2026-08-19 14:19:05.643 GPU_Scheduler_0] Admitted 1 requests for model_6
[2026-08-19 14:19:05.703 GPU_Scheduler_0] Admitted 1 requests for model_6
[2026-08-19 14:19:06.398 GPU_Scheduler_0] Admitted 1 requests for model_6
[2026-08-19 14:19:06.611 GPU_Scheduler_0] Admitted 1 requests for model_4
[2026-08-19 14:19:06.705 GPU_Scheduler_0] Admitted 1 requests for model_1
[2026-08-19 14:19:06.753 GPU_Scheduler_0] Admitted 1 requests for model_1
[2026-08-19 14:19:06.801 GPU_Scheduler_0] Admitted 2 requests for model_6
[2026-08-19 14:19:07.004 GPU_Scheduler_0] Admitted 1 requests for model_1
[2026-08-19 14:19:07.274 GPU_Scheduler_0] Admitted 1 requests for model_6
[2026-08-19 14:19:07.380 GPU_Scheduler_0] Admitted 1 requests for model_1
[2026-08-19 14:19:07.510 GPU_Scheduler_0] Admitted 1 requests for model_6
[2026-08-19 14:19:07.711 GPU_Scheduler_0] Admitted 1 requests for model_4
[2026-08-19 14:19:07.853 GPU_Scheduler_0] Admitted 1 requests for model_1
[2026-08-19 14:19:07.866 GPU_Scheduler_0] Admitted 1 requests for model_4
[2026-08-19 14:19:07.890 GPU_Scheduler_0] Admitted 1 requests for model_6
[2026-08-19 14:19:07.915 GPU_Scheduler_0] Admitted 1 requests for model_4
[2026-08-19 14:19:07.974 GPU_Scheduler_0] Admitted 1 requests for model_4
