[2026-08-20 13:40:13.502 Model_Service_0] [PAPER-LOAD-V4] peer access: {'0->1': True, '0->2': True, '0->3': True, '1->0': True, '1->2': True, '1->3': True, '2->0': True, '2->1': True, '2->3': True, '3->0': True, '3->1': True, '3->2': True} p2p=False
[2026-08-20 13:40:18.510 Model_Service_0] Model service 0 input queue is empty, waiting for next request
[2026-08-20 13:40:21.601 Model_Service_1] [PAPER-LOAD-V4] peer access: {'0->1': True, '0->2': True, '0->3': True, '1->0': True, '1->2': True, '1->3': True, '2->0': True, '2->1': True, '2->3': True, '3->0': True, '3->1': True, '3->2': True} p2p=False
[2026-08-20 13:40:23.752 Model_Service_0] Model service 0 input queue is empty, waiting for next request
[2026-08-20 13:40:26.609 Model_Service_1] Model service 1 input queue is empty, waiting for next request
[2026-08-20 13:40:28.998 Model_Service_0] Model service 0 input queue is empty, waiting for next request
[2026-08-20 13:40:29.820 Model_Service_2] [PAPER-LOAD-V4] peer access: {'0->1': True, '0->2': True, '0->3': True, '1->0': True, '1->2': True, '1->3': True, '2->0': True, '2->1': True, '2->3': True, '3->0': True, '3->1': True, '3->2': True} p2p=False
[2026-08-20 13:40:31.841 Model_Service_1] Model service 1 input queue is empty, waiting for next request
[2026-08-20 13:40:34.255 Model_Service_0] Model service 0 input queue is empty, waiting for next request
[2026-08-20 13:40:34.829 Model_Service_2] Model service 2 input queue is empty, waiting for next request
[2026-08-20 13:40:37.073 Model_Service_1] Model service 1 input queue is empty, waiting for next request
[2026-08-20 13:40:38.151 Model_Service_3] [PAPER-LOAD-V4] peer access: {'0->1': True, '0->2': True, '0->3': True, '1->0': True, '1->2': True, '1->3': True, '2->0': True, '2->1': True, '2->3': True, '3->0': True, '3->1': True, '3->2': True} p2p=False
[2026-08-20 13:40:39.501 Model_Service_0] Model service 0 input queue is empty, waiting for next request
[2026-08-20 13:40:40.056 Model_Service_2] Model service 2 input queue is empty, waiting for next request
[2026-08-20 13:40:42.306 Model_Service_1] Model service 1 input queue is empty, waiting for next request
[2026-08-20 13:40:43.160 Model_Service_3] Model service 3 input queue is empty, waiting for next request
[2026-08-20 13:40:44.744 Model_Service_0] Model service 0 input queue is empty, waiting for next request
[2026-08-20 13:40:45.284 Model_Service_2] Model service 2 input queue is empty, waiting for next request
[2026-08-20 13:40:46.622 Model_Service_4] [PAPER-LOAD-V4] peer access: {'0->1': True, '0->2': True, '0->3': True, '1->0': True, '1->2': True, '1->3': True, '2->0': True, '2->1': True, '2->3': True, '3->0': True, '3->1': True, '3->2': True} p2p=False
[2026-08-20 13:40:47.539 Model_Service_1] Model service 1 input queue is empty, waiting for next request
[2026-08-20 13:40:48.409 Model_Service_3] Model service 3 input queue is empty, waiting for next request
[2026-08-20 13:40:49.986 Model_Service_0] Model service 0 input queue is empty, waiting for next request
[2026-08-20 13:40:50.512 Model_Service_2] Model service 2 input queue is empty, waiting for next request
[2026-08-20 13:40:51.631 Model_Service_4] Model service 4 input queue is empty, waiting for next request
[2026-08-20 13:40:52.772 Model_Service_1] Model service 1 input queue is empty, waiting for next request
[2026-08-20 13:40:53.658 Model_Service_3] Model service 3 input queue is empty, waiting for next request
[2026-08-20 13:40:55.051 Model_Service_5] [PAPER-LOAD-V4] peer access: {'0->1': True, '0->2': True, '0->3': True, '1->0': True, '1->2': True, '1->3': True, '2->0': True, '2->1': True, '2->3': True, '3->0': True, '3->1': True, '3->2': True} p2p=False
[2026-08-20 13:40:55.228 Model_Service_0] Model service 0 input queue is empty, waiting for next request
[2026-08-20 13:40:55.737 Model_Service_2] Model service 2 input queue is empty, waiting for next request
[2026-08-20 13:40:56.874 Model_Service_4] Model service 4 input queue is empty, waiting for next request
[2026-08-20 13:40:58.014 Model_Service_1] Model service 1 input queue is empty, waiting for next request
[2026-08-20 13:40:58.926 Model_Service_3] Model service 3 input queue is empty, waiting for next request
[2026-08-20 13:41:00.058 Model_Service_5] Model service 5 input queue is empty, waiting for next request
[2026-08-20 13:41:00.488 Model_Service_0] Model service 0 input queue is empty, waiting for next request
[2026-08-20 13:41:01.130 Model_Service_2] Model service 2 input queue is empty, waiting for next request
[2026-08-20 13:41:02.226 Model_Service_4] Model service 4 input queue is empty, waiting for next request
[2026-08-20 13:41:03.266 Model_Service_1] Model service 1 input queue is empty, waiting for next request
[2026-08-20 13:41:04.198 Model_Service_3] Model service 3 input queue is empty, waiting for next request
[2026-08-20 13:41:05.314 Model_Service_5] Model service 5 input queue is empty, waiting for next request
[2026-08-20 13:41:05.778 Model_Service_0] Model service 0 input queue is empty, waiting for next request
[2026-08-20 13:41:06.398 Model_Service_2] Model service 2 input queue is empty, waiting for next request
[2026-08-20 13:41:07.471 Model_Service_4] Model service 4 input queue is empty, waiting for next request
[2026-08-20 13:41:08.559 Model_Service_1] Model service 1 input queue is empty, waiting for next request
[2026-08-20 13:41:09.594 Model_Service_3] Model service 3 input queue is empty, waiting for next request
[2026-08-20 13:41:10.590 Model_Service_5] Model service 5 input queue is empty, waiting for next request
[2026-08-20 13:41:11.050 Model_Service_0] Model service 0 input queue is empty, waiting for next request
[2026-08-20 13:41:11.711 Model_Service_2] Model service 2 input queue is empty, waiting for next request
[2026-08-20 13:41:12.726 Model_Service_4] Model service 4 input queue is empty, waiting for next request
[2026-08-20 13:41:13.803 Model_Service_1] Model service 1 input queue is empty, waiting for next request
[2026-08-20 13:41:14.923 Model_Service_3] Model service 3 input queue is empty, waiting for next request
[2026-08-20 13:41:15.866 Model_Service_5] Model service 5 input queue is empty, waiting for next request
[2026-08-20 13:41:16.322 Model_Service_0] Model service 0 input queue is empty, waiting for next request
[2026-08-20 13:41:16.970 Model_Service_2] Model service 2 input queue is empty, waiting for next request
[2026-08-20 13:41:17.995 Model_Service_4] Model service 4 input queue is empty, waiting for next request
[2026-08-20 13:41:19.064 Model_Service_1] Model service 1 input queue is empty, waiting for next request
[2026-08-20 13:41:20.198 Model_Service_3] Model service 3 input queue is empty, waiting for next request
[2026-08-20 13:41:21.130 Model_Service_5] Model service 5 input queue is empty, waiting for next request
[2026-08-20 13:41:21.610 Model_Service_0] Model service 0 input queue is empty, waiting for next request
[2026-08-20 13:41:22.415 Model_Service_2] Model service 2 input queue is empty, waiting for next request
[2026-08-20 13:41:23.270 Model_Service_4] Model service 4 input queue is empty, waiting for next request
[2026-08-20 13:41:24.320 Model_Service_1] Model service 1 input queue is empty, waiting for next request
[2026-08-20 13:41:25.453 Model_Service_3] Model service 3 input queue is empty, waiting for next request
[2026-08-20 13:41:26.399 Model_Service_5] Model service 5 input queue is empty, waiting for next request
[2026-08-20 13:41:26.858 Model_Service_0] Model service 0 input queue is empty, waiting for next request
[2026-08-20 13:41:27.664 Model_Service_2] Model service 2 input queue is empty, waiting for next request
[2026-08-20 13:41:28.545 Model_Service_4] Model service 4 input queue is empty, waiting for next request
[2026-08-20 13:41:29.574 Model_Service_1] Model service 1 input queue is empty, waiting for next request
[2026-08-20 13:41:30.732 Model_Service_3] Model service 3 input queue is empty, waiting for next request
[2026-08-20 13:41:31.894 Model_Service_5] Model service 5 input queue is empty, waiting for next request
[2026-08-20 13:41:32.118 Model_Service_0] Model service 0 input queue is empty, waiting for next request
[2026-08-20 13:41:32.899 Model_Service_2] Model service 2 input queue is empty, waiting for next request
[2026-08-20 13:41:33.794 Model_Service_4] Model service 4 input queue is empty, waiting for next request
[2026-08-20 13:41:34.834 Model_Service_1] Model service 1 input queue is empty, waiting for next request
[2026-08-20 13:41:36.004 Model_Service_3] Model service 3 input queue is empty, waiting for next request
[2026-08-20 13:41:37.358 Model_Service_0] Model service 0 input queue is empty, waiting for next request
[2026-08-20 13:41:37.423 Model_Service_5] Model service 5 input queue is empty, waiting for next request
[2026-08-20 13:41:38.139 Model_Service_2] Model service 2 input queue is empty, waiting for next request
[2026-08-20 13:41:39.040 Model_Service_4] Model service 4 input queue is empty, waiting for next request
[2026-08-20 13:41:40.083 Model_Service_1] Model service 1 input queue is empty, waiting for next request
[2026-08-20 13:41:41.259 Model_Service_3] Model service 3 input queue is empty, waiting for next request
[2026-08-20 13:41:42.603 Model_Service_0] Model service 0 input queue is empty, waiting for next request
[2026-08-20 13:41:42.890 Model_Service_5] Model service 5 input queue is empty, waiting for next request
[2026-08-20 13:41:43.366 Model_Service_2] Model service 2 input queue is empty, waiting for next request
[2026-08-20 13:41:44.294 Model_Service_4] Model service 4 input queue is empty, waiting for next request
[2026-08-20 13:41:45.330 Model_Service_1] Model service 1 input queue is empty, waiting for next request
[2026-08-20 13:41:46.508 Model_Service_3] Model service 3 input queue is empty, waiting for next request
[2026-08-20 13:41:47.873 Model_Service_0] Model service 0 input queue is empty, waiting for next request
[2026-08-20 13:41:48.314 Model_Service_5] Model service 5 input queue is empty, waiting for next request
[2026-08-20 13:41:48.594 Model_Service_2] Model service 2 input queue is empty, waiting for next request
[2026-08-20 13:41:49.540 Model_Service_4] Model service 4 input queue is empty, waiting for next request
[2026-08-20 13:41:50.558 Model_Service_1] Model service 1 input queue is empty, waiting for next request
[2026-08-20 13:41:51.754 Model_Service_3] Model service 3 input queue is empty, waiting for next request
[2026-08-20 13:41:53.101 Model_Service_0] Model service 0 input queue is empty, waiting for next request
[2026-08-20 13:41:53.562 Model_Service_5] Model service 5 input queue is empty, waiting for next request
[2026-08-20 13:41:53.820 Model_Service_2] Model service 2 input queue is empty, waiting for next request
[2026-08-20 13:41:54.787 Model_Service_4] Model service 4 input queue is empty, waiting for next request
[2026-08-20 13:41:55.786 Model_Service_1] Model service 1 input queue is empty, waiting for next request
[2026-08-20 13:41:57.008 Model_Service_3] Model service 3 input queue is empty, waiting for next request
[2026-08-20 13:41:58.338 Model_Service_0] Model service 0 input queue is empty, waiting for next request
[2026-08-20 13:41:58.843 Model_Service_5] Model service 5 input queue is empty, waiting for next request
[2026-08-20 13:41:59.051 Model_Service_2] Model service 2 input queue is empty, waiting for next request
[2026-08-20 13:42:00.030 Model_Service_4] Model service 4 input queue is empty, waiting for next request
[2026-08-20 13:42:01.017 Model_Service_1] Model service 1 input queue is empty, waiting for next request
[2026-08-20 13:42:02.261 Model_Service_3] Model service 3 input queue is empty, waiting for next request
[2026-08-20 13:42:03.566 Model_Service_0] Model service 0 input queue is empty, waiting for next request
[2026-08-20 13:42:04.094 Model_Service_5] Model service 5 input queue is empty, waiting for next request
[2026-08-20 13:42:04.284 Model_Service_2] Model service 2 input queue is empty, waiting for next request
[2026-08-20 13:42:05.282 Model_Service_4] Model service 4 input queue is empty, waiting for next request
[2026-08-20 13:42:06.246 Model_Service_1] Model service 1 input queue is empty, waiting for next request
[2026-08-20 13:42:07.510 Model_Service_3] Model service 3 input queue is empty, waiting for next request
[2026-08-20 13:42:08.795 Model_Service_0] Model service 0 input queue is empty, waiting for next request
[2026-08-20 13:42:09.338 Model_Service_5] Model service 5 input queue is empty, waiting for next request
[2026-08-20 13:42:09.515 Model_Service_2] Model service 2 input queue is empty, waiting for next request
[2026-08-20 13:42:10.528 Model_Service_4] Model service 4 input queue is empty, waiting for next request
[2026-08-20 13:42:11.478 Model_Service_1] Model service 1 input queue is empty, waiting for next request
[2026-08-20 13:42:12.772 Model_Service_3] Model service 3 input queue is empty, waiting for next request
[2026-08-20 13:42:14.024 Model_Service_0] Model service 0 input queue is empty, waiting for next request
[2026-08-20 13:42:14.573 Model_Service_5] Model service 5 input queue is empty, waiting for next request
[2026-08-20 13:42:14.749 Model_Service_2] Model service 2 input queue is empty, waiting for next request
[2026-08-20 13:42:15.771 Model_Service_4] Model service 4 input queue is empty, waiting for next request
[2026-08-20 13:42:16.705 Model_Service_1] Model service 1 input queue is empty, waiting for next request
[2026-08-20 13:42:18.021 Model_Service_3] Model service 3 input queue is empty, waiting for next request
[2026-08-20 13:42:19.249 Model_Service_0] Model service 0 input queue is empty, waiting for next request
[2026-08-20 13:42:19.792 Model_Service_5] Model service 5 input queue is empty, waiting for next request
[2026-08-20 13:42:19.981 Model_Service_2] Model service 2 input queue is empty, waiting for next request
[2026-08-20 13:42:21.025 Model_Service_4] Model service 4 input queue is empty, waiting for next request
[2026-08-20 13:42:21.935 Model_Service_1] Model service 1 input queue is empty, waiting for next request
[2026-08-20 13:42:23.266 Model_Service_3] Model service 3 input queue is empty, waiting for next request
[2026-08-20 13:42:24.476 Model_Service_0] Model service 0 input queue is empty, waiting for next request
[2026-08-20 13:42:25.030 Model_Service_5] Model service 5 input queue is empty, waiting for next request
[2026-08-20 13:42:25.212 Model_Service_2] Model service 2 input queue is empty, waiting for next request
[2026-08-20 13:42:26.269 Model_Service_4] Model service 4 input queue is empty, waiting for next request
[2026-08-20 13:42:27.166 Model_Service_1] Model service 1 input queue is empty, waiting for next request
[2026-08-20 13:42:28.514 Model_Service_3] Model service 3 input queue is empty, waiting for next request
[2026-08-20 13:42:29.703 Model_Service_0] Model service 0 input queue is empty, waiting for next request
[2026-08-20 13:42:30.274 Model_Service_5] Model service 5 input queue is empty, waiting for next request
[2026-08-20 13:42:30.440 Model_Service_2] Model service 2 input queue is empty, waiting for next request
[2026-08-20 13:42:31.514 Model_Service_4] Model service 4 input queue is empty, waiting for next request
[2026-08-20 13:42:32.396 Model_Service_1] Model service 1 input queue is empty, waiting for next request
[2026-08-20 13:42:33.762 Model_Service_3] Model service 3 input queue is empty, waiting for next request
[2026-08-20 13:42:34.942 Model_Service_0] Model service 0 input queue is empty, waiting for next request
[2026-08-20 13:42:35.546 Model_Service_5] Model service 5 input queue is empty, waiting for next request
[2026-08-20 13:42:35.670 Model_Service_2] Model service 2 input queue is empty, waiting for next request
[2026-08-20 13:42:36.770 Model_Service_4] Model service 4 input queue is empty, waiting for next request
[2026-08-20 13:42:37.644 Model_Service_1] Model service 1 input queue is empty, waiting for next request
[2026-08-20 13:42:39.026 Model_Service_3] Model service 3 input queue is empty, waiting for next request
[2026-08-20 13:42:40.236 Model_Service_0] Model service 0 input queue is empty, waiting for next request
[2026-08-20 13:42:40.779 Model_Service_5] Model service 5 input queue is empty, waiting for next request
[2026-08-20 13:42:40.898 Model_Service_2] Model service 2 input queue is empty, waiting for next request
[2026-08-20 13:42:42.017 Model_Service_4] Model service 4 input queue is empty, waiting for next request
[2026-08-20 13:42:43.178 Model_Service_1] Model service 1 input queue is empty, waiting for next request
[2026-08-20 13:42:44.274 Model_Service_3] Model service 3 input queue is empty, waiting for next request
[2026-08-20 13:42:45.472 Model_Service_0] Model service 0 input queue is empty, waiting for next request
[2026-08-20 13:42:46.001 Model_Service_5] Model service 5 input queue is empty, waiting for next request
[2026-08-20 13:42:46.135 Model_Service_2] Model service 2 input queue is empty, waiting for next request
[2026-08-20 13:42:47.276 Model_Service_4] Model service 4 input queue is empty, waiting for next request
[2026-08-20 13:42:50.233 Model_Service_1] Model key: Qwen/Qwen2.5-3B-Instruct, engine id: 0_0, target gpu id: 0
[2026-08-20 13:42:50.439 Model_Service_3] Model key: meta-llama/Llama-3.1-8B, engine id: 0_1, target gpu id: 0
[2026-08-20 13:42:50.698 Model_Service_0] Model service 0 input queue is empty, waiting for next request
[2026-08-20 13:42:51.224 Model_Service_5] Model service 5 input queue is empty, waiting for next request
[2026-08-20 13:42:51.364 Model_Service_2] Model service 2 input queue is empty, waiting for next request
[2026-08-20 13:42:52.247 Model_Service_1] [PAPER-LOAD-V4] {"tag": "Qwen/Qwen2.5-3B-Instruct|engine=0_0|src=None", "policy": "paper", "split": 4, "pipeline_depth": null, "target_gpu": 0, "gpu_ids": [0, 1, 2, 3], "source": "cpu", "host_registered": false, "slices": 1020, "payload_bytes": 6794207232, "bytes_h2d_direct": 1698551808, "bytes_h2d_helper": 5095655424, "bytes_p2p": 5095655424, "seconds": 2.004526018165052, "payload_gbps": 3.389433297662773, "transfer_path": "host-to-device + helper-gpu-p2p"}
[2026-08-20 13:42:52.250 Model_Service_1] Time taken to copy model to GPU 0, service 1, engine 0_0, model Qwen/Qwen2.5-3B-Instruct: 2.0137 seconds
[2026-08-20 13:42:52.522 Model_Service_4] Model service 4 input queue is empty, waiting for next request
[2026-08-20 13:42:53.618 Model_Service_3] [PAPER-LOAD-V4] {"tag": "meta-llama/Llama-3.1-8B|engine=0_1|src=None", "policy": "paper", "split": 4, "pipeline_depth": null, "target_gpu": 0, "gpu_ids": [0, 1, 2, 3], "source": "cpu", "host_registered": false, "slices": 780, "payload_bytes": 16060522496, "bytes_h2d_direct": 4015130624, "bytes_h2d_helper": 12045391872, "bytes_p2p": 12045391872, "seconds": 3.1738892649300396, "payload_gbps": 5.060202532413813, "transfer_path": "host-to-device + helper-gpu-p2p"}
[2026-08-20 13:42:53.620 Model_Service_3] Time taken to copy model to GPU 0, service 3, engine 0_1, model meta-llama/Llama-3.1-8B: 3.1816 seconds
[2026-08-20 13:42:55.985 Model_Service_0] Model service 0 input queue is empty, waiting for next request
[2026-08-20 13:42:56.674 Model_Service_5] Model service 5 input queue is empty, waiting for next request
[2026-08-20 13:42:56.934 Model_Service_2] Model service 2 input queue is empty, waiting for next request
[2026-08-20 13:42:58.150 Model_Service_4] Model service 4 input queue is empty, waiting for next request
[2026-08-20 13:42:58.919 Model_Service_1] Model service 1 input queue is empty, waiting for next request
[2026-08-20 13:42:59.530 Model_Service_3] Model service 3 input queue is empty, waiting for next request
[2026-08-20 13:43:01.222 Model_Service_0] Model service 0 input queue is empty, waiting for next request
[2026-08-20 13:43:01.926 Model_Service_5] Model service 5 input queue is empty, waiting for next request
[2026-08-20 13:43:02.542 Model_Service_2] Model service 2 input queue is empty, waiting for next request
[2026-08-20 13:43:03.400 Model_Service_4] Model service 4 input queue is empty, waiting for next request
[2026-08-20 13:43:03.573 Model_Service_0] Model key: Qwen/Qwen2.5-1.5B-Instruct, engine id: 1_0, target gpu id: 1
[2026-08-20 13:43:03.574 Model_Service_2] Model key: Qwen/Qwen2.5-7B-Instruct, engine id: 1_1, target gpu id: 1
[2026-08-20 13:43:04.170 Model_Service_1] Model service 1 input queue is empty, waiting for next request
[2026-08-20 13:43:04.272 Model_Service_0] [PAPER-LOAD-V4] {"tag": "Qwen/Qwen2.5-1.5B-Instruct|engine=1_0|src=None", "policy": "paper", "split": 4, "pipeline_depth": null, "target_gpu": 1, "gpu_ids": [0, 1, 2, 3], "source": "cpu", "host_registered": false, "slices": 796, "payload_bytes": 3554176000, "bytes_h2d_direct": 888544000, "bytes_h2d_helper": 2665632000, "bytes_p2p": 2665632000, "seconds": 0.6919605110306293, "payload_gbps": 5.136385593314119, "transfer_path": "host-to-device + helper-gpu-p2p"}
[2026-08-20 13:43:04.275 Model_Service_0] Time taken to copy model to GPU 1, service 0, engine 1_0, model Qwen/Qwen2.5-1.5B-Instruct: 0.7011 seconds
[2026-08-20 13:43:04.842 Model_Service_3] Model service 3 input queue is empty, waiting for next request
[2026-08-20 13:43:05.327 Model_Service_2] [PAPER-LOAD-V4] {"tag": "Qwen/Qwen2.5-7B-Instruct|engine=1_1|src=None", "policy": "paper", "split": 4, "pipeline_depth": null, "target_gpu": 1, "gpu_ids": [0, 1, 2, 3], "source": "cpu", "host_registered": false, "slices": 796, "payload_bytes": 15231233024, "bytes_h2d_direct": 3807808256, "bytes_h2d_helper": 11423424768, "bytes_p2p": 11423424768, "seconds": 1.749766319990158, "payload_gbps": 8.704724082290983, "transfer_path": "host-to-device + helper-gpu-p2p"}
[2026-08-20 13:43:05.329 Model_Service_2] Time taken to copy model to GPU 1, service 2, engine 1_1, model Qwen/Qwen2.5-7B-Instruct: 1.7549 seconds
[2026-08-20 13:43:07.224 Model_Service_5] Model service 5 input queue is empty, waiting for next request
[2026-08-20 13:43:08.702 Model_Service_4] Model service 4 input queue is empty, waiting for next request
[2026-08-20 13:43:09.566 Model_Service_1] Model service 1 input queue is empty, waiting for next request
[2026-08-20 13:43:10.257 Model_Service_3] Model service 3 input queue is empty, waiting for next request
[2026-08-20 13:43:10.626 Model_Service_0] Model service 0 input queue is empty, waiting for next request
[2026-08-20 13:43:11.218 Model_Service_2] Model service 2 input queue is empty, waiting for next request
[2026-08-20 13:43:12.450 Model_Service_5] Model service 5 input queue is empty, waiting for next request
[2026-08-20 13:43:13.950 Model_Service_4] Model service 4 input queue is empty, waiting for next request
[2026-08-20 13:43:14.813 Model_Service_1] Model service 1 input queue is empty, waiting for next request
[2026-08-20 13:43:15.092 Model_Service_5] Model key: meta-llama/Llama-3.2-3B, engine id: 2_0, target gpu id: 2
[2026-08-20 13:43:15.554 Model_Service_3] Model service 3 input queue is empty, waiting for next request
[2026-08-20 13:43:15.890 Model_Service_0] Model service 0 input queue is empty, waiting for next request
[2026-08-20 13:43:16.140 Model_Service_5] [PAPER-LOAD-V4] {"tag": "meta-llama/Llama-3.2-3B|engine=2_0|src=None", "policy": "paper", "split": 4, "pipeline_depth": null, "target_gpu": 2, "gpu_ids": [0, 1, 2, 3], "source": "cpu", "host_registered": false, "slices": 684, "payload_bytes": 7213504512, "bytes_h2d_direct": 1803376128, "bytes_h2d_helper": 5410128384, "bytes_p2p": 5410128384, "seconds": 1.04276182083413, "payload_gbps": 6.917691430464673, "transfer_path": "host-to-device + helper-gpu-p2p"}
[2026-08-20 13:43:16.142 Model_Service_5] Time taken to copy model to GPU 2, service 5, engine 2_0, model meta-llama/Llama-3.2-3B: 1.0495 seconds
[2026-08-20 13:43:16.514 Model_Service_2] Model service 2 input queue is empty, waiting for next request
[2026-08-20 13:43:19.446 Model_Service_4] Model service 4 input queue is empty, waiting for next request
[2026-08-20 13:43:20.042 Model_Service_1] Model service 1 input queue is empty, waiting for next request
[2026-08-20 13:43:20.998 Model_Service_3] Model service 3 input queue is empty, waiting for next request
[2026-08-20 13:43:21.211 Model_Service_0] Model service 0 input queue is empty, waiting for next request
[2026-08-20 13:43:21.626 Model_Service_5] Model service 5 input queue is empty, waiting for next request
[2026-08-20 13:43:21.786 Model_Service_2] Model service 2 input queue is empty, waiting for next request
[2026-08-20 13:43:24.898 Model_Service_4] Model service 4 input queue is empty, waiting for next request
[2026-08-20 13:43:25.290 Model_Service_1] Model service 1 input queue is empty, waiting for next request
[2026-08-20 13:43:26.282 Model_Service_3] Model service 3 input queue is empty, waiting for next request
[2026-08-20 13:43:26.489 Model_Service_0] Model service 0 input queue is empty, waiting for next request
[2026-08-20 13:43:26.876 Model_Service_5] Model service 5 input queue is empty, waiting for next request
[2026-08-20 13:43:27.110 Model_Service_2] Model service 2 input queue is empty, waiting for next request
[2026-08-20 13:43:30.150 Model_Service_4] Model service 4 input queue is empty, waiting for next request
[2026-08-20 13:43:30.554 Model_Service_1] Model service 1 input queue is empty, waiting for next request
[2026-08-20 13:43:31.530 Model_Service_3] Model service 3 input queue is empty, waiting for next request
[2026-08-20 13:43:31.790 Model_Service_0] Model service 0 input queue is empty, waiting for next request
[2026-08-20 13:43:32.164 Model_Service_5] Model service 5 input queue is empty, waiting for next request
[2026-08-20 13:43:32.360 Model_Service_2] Model service 2 input queue is empty, waiting for next request
[2026-08-20 13:43:35.422 Model_Service_4] Model service 4 input queue is empty, waiting for next request
[2026-08-20 13:43:35.819 Model_Service_1] Model service 1 input queue is empty, waiting for next request
[2026-08-20 13:43:36.780 Model_Service_3] Model service 3 input queue is empty, waiting for next request
[2026-08-20 13:43:37.034 Model_Service_0] Model service 0 input queue is empty, waiting for next request
[2026-08-20 13:43:37.423 Model_Service_5] Model service 5 input queue is empty, waiting for next request
[2026-08-20 13:43:37.662 Model_Service_2] Model service 2 input queue is empty, waiting for next request
[2026-08-20 13:43:40.702 Model_Service_4] Model service 4 input queue is empty, waiting for next request
[2026-08-20 13:43:41.056 Model_Service_1] Model service 1 input queue is empty, waiting for next request
[2026-08-20 13:43:42.070 Model_Service_3] Model service 3 input queue is empty, waiting for next request
[2026-08-20 13:43:42.278 Model_Service_0] Model service 0 input queue is empty, waiting for next request
[2026-08-20 13:43:42.698 Model_Service_5] Model service 5 input queue is empty, waiting for next request
[2026-08-20 13:43:42.902 Model_Service_2] Model service 2 input queue is empty, waiting for next request
[2026-08-20 13:43:46.004 Model_Service_4] Model service 4 input queue is empty, waiting for next request
[2026-08-20 13:43:46.288 Model_Service_1] Model service 1 input queue is empty, waiting for next request
[2026-08-20 13:43:47.322 Model_Service_3] Model service 3 input queue is empty, waiting for next request
[2026-08-20 13:43:47.510 Model_Service_0] Model service 0 input queue is empty, waiting for next request
[2026-08-20 13:43:47.946 Model_Service_5] Model service 5 input queue is empty, waiting for next request
[2026-08-20 13:43:48.130 Model_Service_2] Model service 2 input queue is empty, waiting for next request
[2026-08-20 13:43:51.265 Model_Service_4] Model service 4 input queue is empty, waiting for next request
[2026-08-20 13:43:51.519 Model_Service_1] Model service 1 input queue is empty, waiting for next request
[2026-08-20 13:43:52.610 Model_Service_3] Model service 3 input queue is empty, waiting for next request
[2026-08-20 13:43:52.762 Model_Service_0] Model service 0 input queue is empty, waiting for next request
[2026-08-20 13:43:53.252 Model_Service_5] Model service 5 input queue is empty, waiting for next request
[2026-08-20 13:43:53.387 Model_Service_2] Model service 2 input queue is empty, waiting for next request
[2026-08-20 13:43:56.518 Model_Service_4] Model service 4 input queue is empty, waiting for next request
[2026-08-20 13:43:56.774 Model_Service_1] Model service 1 input queue is empty, waiting for next request
[2026-08-20 13:43:57.934 Model_Service_3] Model service 3 input queue is empty, waiting for next request
[2026-08-20 13:43:58.046 Model_Service_0] Model service 0 input queue is empty, waiting for next request
[2026-08-20 13:43:58.504 Model_Service_5] Model service 5 input queue is empty, waiting for next request
[2026-08-20 13:43:58.685 Model_Service_2] Model service 2 input queue is empty, waiting for next request
[2026-08-20 13:44:01.794 Model_Service_4] Model service 4 input queue is empty, waiting for next request
[2026-08-20 13:44:02.013 Model_Service_1] Model service 1 input queue is empty, waiting for next request
[2026-08-20 13:44:03.218 Model_Service_3] Model service 3 input queue is empty, waiting for next request
[2026-08-20 13:44:03.290 Model_Service_0] Model service 0 input queue is empty, waiting for next request
[2026-08-20 13:44:03.772 Model_Service_5] Model service 5 input queue is empty, waiting for next request
[2026-08-20 13:44:03.918 Model_Service_2] Model service 2 input queue is empty, waiting for next request
[2026-08-20 13:44:07.110 Model_Service_4] Model service 4 input queue is empty, waiting for next request
[2026-08-20 13:44:07.303 Model_Service_1] Model service 1 input queue is empty, waiting for next request
[2026-08-20 13:44:08.472 Model_Service_3] Model service 3 input queue is empty, waiting for next request
[2026-08-20 13:44:08.522 Model_Service_0] Model service 0 input queue is empty, waiting for next request
[2026-08-20 13:44:09.038 Model_Service_5] Model service 5 input queue is empty, waiting for next request
[2026-08-20 13:44:09.162 Model_Service_2] Model service 2 input queue is empty, waiting for next request
[2026-08-20 13:44:12.365 Model_Service_4] Model service 4 input queue is empty, waiting for next request
[2026-08-20 13:44:12.533 Model_Service_1] Model service 1 input queue is empty, waiting for next request
[2026-08-20 13:44:13.748 Model_Service_3] Model service 3 input queue is empty, waiting for next request
[2026-08-20 13:44:13.750 Model_Service_0] Model service 0 input queue is empty, waiting for next request
[2026-08-20 13:44:14.302 Model_Service_5] Model service 5 input queue is empty, waiting for next request
[2026-08-20 13:44:14.438 Model_Service_2] Model service 2 input queue is empty, waiting for next request
[2026-08-20 13:44:17.618 Model_Service_4] Model service 4 input queue is empty, waiting for next request
[2026-08-20 13:44:17.765 Model_Service_1] Model service 1 input queue is empty, waiting for next request
[2026-08-20 13:44:18.982 Model_Service_0] Model service 0 input queue is empty, waiting for next request
[2026-08-20 13:44:19.065 Model_Service_3] Model service 3 input queue is empty, waiting for next request
[2026-08-20 13:44:19.570 Model_Service_5] Model service 5 input queue is empty, waiting for next request
[2026-08-20 13:44:19.693 Model_Service_2] Model service 2 input queue is empty, waiting for next request
[2026-08-20 13:44:22.886 Model_Service_4] Model service 4 input queue is empty, waiting for next request
[2026-08-20 13:44:22.990 Model_Service_1] Model service 1 input queue is empty, waiting for next request
[2026-08-20 13:44:24.214 Model_Service_0] Model service 0 input queue is empty, waiting for next request
[2026-08-20 13:44:24.322 Model_Service_3] Model service 3 input queue is empty, waiting for next request
[2026-08-20 13:44:24.828 Model_Service_5] Model service 5 input queue is empty, waiting for next request
[2026-08-20 13:44:24.918 Model_Service_2] Model service 2 input queue is empty, waiting for next request
[2026-08-20 13:44:28.159 Model_Service_4] Model service 4 input queue is empty, waiting for next request
[2026-08-20 13:44:28.222 Model_Service_1] Model service 1 input queue is empty, waiting for next request
[2026-08-20 13:44:29.468 Model_Service_0] Model service 0 input queue is empty, waiting for next request
[2026-08-20 13:44:29.580 Model_Service_3] Model service 3 input queue is empty, waiting for next request
[2026-08-20 13:44:30.106 Model_Service_5] Model service 5 input queue is empty, waiting for next request
[2026-08-20 13:44:30.153 Model_Service_2] Model service 2 input queue is empty, waiting for next request
[2026-08-20 13:44:33.462 Model_Service_1] Model service 1 input queue is empty, waiting for next request
[2026-08-20 13:44:33.522 Model_Service_4] Model service 4 input queue is empty, waiting for next request
[2026-08-20 13:44:34.762 Model_Service_0] Model service 0 input queue is empty, waiting for next request
[2026-08-20 13:44:34.861 Model_Service_3] Model service 3 input queue is empty, waiting for next request
[2026-08-20 13:44:35.370 Model_Service_5] Model service 5 input queue is empty, waiting for next request
[2026-08-20 13:44:35.398 Model_Service_2] Model service 2 input queue is empty, waiting for next request
[2026-08-20 13:44:38.714 Model_Service_1] Model service 1 input queue is empty, waiting for next request
[2026-08-20 13:44:38.778 Model_Service_4] Model service 4 input queue is empty, waiting for next request
[2026-08-20 13:44:40.010 Model_Service_0] Model service 0 input queue is empty, waiting for next request
[2026-08-20 13:44:40.191 Model_Service_3] Model service 3 input queue is empty, waiting for next request
[2026-08-20 13:44:40.631 Model_Service_5] Model service 5 input queue is empty, waiting for next request
[2026-08-20 13:44:40.666 Model_Service_2] Model service 2 input queue is empty, waiting for next request
[2026-08-20 13:44:43.946 Model_Service_1] Model service 1 input queue is empty, waiting for next request
[2026-08-20 13:44:44.022 Model_Service_4] Model service 4 input queue is empty, waiting for next request
[2026-08-20 13:44:45.242 Model_Service_0] Model service 0 input queue is empty, waiting for next request
[2026-08-20 13:44:45.472 Model_Service_3] Model service 3 input queue is empty, waiting for next request
[2026-08-20 13:44:45.938 Model_Service_2] Model service 2 input queue is empty, waiting for next request
[2026-08-20 13:44:45.959 Model_Service_5] Model service 5 input queue is empty, waiting for next request
[2026-08-20 13:44:49.248 Model_Service_1] Model service 1 input queue is empty, waiting for next request
[2026-08-20 13:44:49.282 Model_Service_4] Model service 4 input queue is empty, waiting for next request
[2026-08-20 13:44:50.482 Model_Service_0] Model service 0 input queue is empty, waiting for next request
[2026-08-20 13:44:50.734 Model_Service_3] Model service 3 input queue is empty, waiting for next request
[2026-08-20 13:44:51.182 Model_Service_2] Model service 2 input queue is empty, waiting for next request
[2026-08-20 13:44:51.226 Model_Service_5] Model service 5 input queue is empty, waiting for next request
[2026-08-20 13:44:54.482 Model_Service_1] Model service 1 input queue is empty, waiting for next request
[2026-08-20 13:44:54.538 Model_Service_4] Model service 4 input queue is empty, waiting for next request
[2026-08-20 13:44:55.714 Model_Service_0] Model service 0 input queue is empty, waiting for next request
[2026-08-20 13:44:55.998 Model_Service_3] Model service 3 input queue is empty, waiting for next request
[2026-08-20 13:44:56.425 Model_Service_2] Model service 2 input queue is empty, waiting for next request
[2026-08-20 13:44:56.485 Model_Service_5] Model service 5 input queue is empty, waiting for next request
[2026-08-20 13:44:59.722 Model_Service_1] Model service 1 input queue is empty, waiting for next request
[2026-08-20 13:44:59.776 Model_Service_4] Model service 4 input queue is empty, waiting for next request
[2026-08-20 13:45:00.942 Model_Service_0] Model service 0 input queue is empty, waiting for next request
[2026-08-20 13:45:01.173 Model_Service_1] Model key: Qwen/Qwen2.5-3B-Instruct, engine id: 1_1, target gpu id: 1
[2026-08-20 13:45:01.268 Model_Service_3] Model service 3 input queue is empty, waiting for next request
[2026-08-20 13:45:01.658 Model_Service_2] Model service 2 input queue is empty, waiting for next request
[2026-08-20 13:45:01.758 Model_Service_5] Model service 5 input queue is empty, waiting for next request
[2026-08-20 13:45:01.886 Model_Service_1] [PAPER-LOAD-V4] {"tag": "Qwen/Qwen2.5-3B-Instruct|engine=1_1|src=None", "policy": "paper", "split": 4, "pipeline_depth": null, "target_gpu": 1, "gpu_ids": [0, 1, 2, 3], "source": "cpu", "host_registered": false, "slices": 1020, "payload_bytes": 6794207232, "bytes_h2d_direct": 1698551808, "bytes_h2d_helper": 5095655424, "bytes_p2p": 5095655424, "seconds": 0.70997109496966, "payload_gbps": 9.569695555408975, "transfer_path": "host-to-device + helper-gpu-p2p"}
[2026-08-20 13:45:01.888 Model_Service_1] Time taken to copy model to GPU 1, service 1, engine 1_1, model Qwen/Qwen2.5-3B-Instruct: 0.7151 seconds
[2026-08-20 13:45:05.080 Model_Service_4] Model service 4 input queue is empty, waiting for next request
[2026-08-20 13:45:06.174 Model_Service_0] Model service 0 input queue is empty, waiting for next request
[2026-08-20 13:45:06.754 Model_Service_3] Model service 3 input queue is empty, waiting for next request
[2026-08-20 13:45:07.017 Model_Service_2] Model service 2 input queue is empty, waiting for next request
[2026-08-20 13:45:07.086 Model_Service_5] Model service 5 input queue is empty, waiting for next request
[2026-08-20 13:45:09.246 Model_Service_1] Model service 1 input queue is empty, waiting for next request
[2026-08-20 13:45:10.326 Model_Service_4] Model service 4 input queue is empty, waiting for next request
[2026-08-20 13:45:11.426 Model_Service_0] Model service 0 input queue is empty, waiting for next request
[2026-08-20 13:45:12.038 Model_Service_3] Model service 3 input queue is empty, waiting for next request
[2026-08-20 13:45:12.314 Model_Service_2] Model service 2 input queue is empty, waiting for next request
[2026-08-20 13:45:12.346 Model_Service_5] Model service 5 input queue is empty, waiting for next request
[2026-08-20 13:45:14.510 Model_Service_1] Model service 1 input queue is empty, waiting for next request
[2026-08-20 13:45:15.566 Model_Service_4] Model service 4 input queue is empty, waiting for next request
[2026-08-20 13:45:16.662 Model_Service_0] Model service 0 input queue is empty, waiting for next request
[2026-08-20 13:45:17.298 Model_Service_3] Model service 3 input queue is empty, waiting for next request
[2026-08-20 13:45:17.555 Model_Service_2] Model service 2 input queue is empty, waiting for next request
[2026-08-20 13:45:17.606 Model_Service_5] Model service 5 input queue is empty, waiting for next request
[2026-08-20 13:45:19.794 Model_Service_1] Model service 1 input queue is empty, waiting for next request
[2026-08-20 13:45:20.802 Model_Service_4] Model service 4 input queue is empty, waiting for next request
[2026-08-20 13:45:21.918 Model_Service_0] Model service 0 input queue is empty, waiting for next request
[2026-08-20 13:45:22.562 Model_Service_3] Model service 3 input queue is empty, waiting for next request
[2026-08-20 13:45:22.802 Model_Service_2] Model service 2 input queue is empty, waiting for next request
[2026-08-20 13:45:22.862 Model_Service_5] Model service 5 input queue is empty, waiting for next request
[2026-08-20 13:45:25.078 Model_Service_1] Model service 1 input queue is empty, waiting for next request
[2026-08-20 13:45:26.042 Model_Service_4] Model service 4 input queue is empty, waiting for next request
[2026-08-20 13:45:27.191 Model_Service_0] Model service 0 input queue is empty, waiting for next request
[2026-08-20 13:45:27.810 Model_Service_3] Model service 3 input queue is empty, waiting for next request
[2026-08-20 13:45:27.907 Model_Service_2] Model key: Qwen/Qwen2.5-7B-Instruct, engine id: 3_0, target gpu id: 3
[2026-08-20 13:45:28.122 Model_Service_5] Model service 5 input queue is empty, waiting for next request
[2026-08-20 13:45:29.159 Model_Service_2] [PAPER-LOAD-V4] {"tag": "Qwen/Qwen2.5-7B-Instruct|engine=3_0|src=None", "policy": "paper", "split": 4, "pipeline_depth": null, "target_gpu": 3, "gpu_ids": [0, 1, 2, 3], "source": "cpu", "host_registered": false, "slices": 796, "payload_bytes": 15231233024, "bytes_h2d_direct": 3807808256, "bytes_h2d_helper": 11423424768, "bytes_p2p": 11423424768, "seconds": 1.2482805291656405, "payload_gbps": 12.201770890539056, "transfer_path": "host-to-device + helper-gpu-p2p"}
[2026-08-20 13:45:29.161 Model_Service_2] Time taken to copy model to GPU 3, service 2, engine 3_0, model Qwen/Qwen2.5-7B-Instruct: 1.2534 seconds
[2026-08-20 13:45:30.338 Model_Service_1] Model service 1 input queue is empty, waiting for next request
[2026-08-20 13:45:31.318 Model_Service_4] Model service 4 input queue is empty, waiting for next request
[2026-08-20 13:45:32.414 Model_Service_0] Model service 0 input queue is empty, waiting for next request
[2026-08-20 13:45:33.147 Model_Service_3] Model service 3 input queue is empty, waiting for next request
[2026-08-20 13:45:33.542 Model_Service_5] Model service 5 input queue is empty, waiting for next request
[2026-08-20 13:45:35.634 Model_Service_1] Model service 1 input queue is empty, waiting for next request
[2026-08-20 13:45:36.058 Model_Service_2] Model service 2 input queue is empty, waiting for next request
[2026-08-20 13:45:36.567 Model_Service_4] Model service 4 input queue is empty, waiting for next request
[2026-08-20 13:45:37.638 Model_Service_0] Model service 0 input queue is empty, waiting for next request
[2026-08-20 13:45:38.430 Model_Service_3] Model service 3 input queue is empty, waiting for next request
[2026-08-20 13:45:38.798 Model_Service_5] Model service 5 input queue is empty, waiting for next request
[2026-08-20 13:45:40.882 Model_Service_1] Model service 1 input queue is empty, waiting for next request
[2026-08-20 13:45:41.368 Model_Service_2] Model service 2 input queue is empty, waiting for next request
[2026-08-20 13:45:41.856 Model_Service_4] Model service 4 input queue is empty, waiting for next request
[2026-08-20 13:45:42.866 Model_Service_0] Model service 0 input queue is empty, waiting for next request
[2026-08-20 13:45:43.703 Model_Service_3] Model service 3 input queue is empty, waiting for next request
[2026-08-20 13:45:44.059 Model_Service_5] Model service 5 input queue is empty, waiting for next request
[2026-08-20 13:45:46.122 Model_Service_1] Model service 1 input queue is empty, waiting for next request
[2026-08-20 13:45:46.690 Model_Service_2] Model service 2 input queue is empty, waiting for next request
[2026-08-20 13:45:47.130 Model_Service_4] Model service 4 input queue is empty, waiting for next request
[2026-08-20 13:45:48.106 Model_Service_0] Model service 0 input queue is empty, waiting for next request
[2026-08-20 13:45:48.938 Model_Service_3] Model service 3 input queue is empty, waiting for next request
[2026-08-20 13:45:49.314 Model_Service_5] Model service 5 input queue is empty, waiting for next request
[2026-08-20 13:45:51.374 Model_Service_1] Model service 1 input queue is empty, waiting for next request
[2026-08-20 13:45:51.962 Model_Service_2] Model service 2 input queue is empty, waiting for next request
[2026-08-20 13:45:52.369 Model_Service_4] Model service 4 input queue is empty, waiting for next request
[2026-08-20 13:45:53.338 Model_Service_0] Model service 0 input queue is empty, waiting for next request
[2026-08-20 13:45:54.188 Model_Service_3] Model service 3 input queue is empty, waiting for next request
[2026-08-20 13:45:54.634 Model_Service_5] Model service 5 input queue is empty, waiting for next request
[2026-08-20 13:45:56.610 Model_Service_1] Model service 1 input queue is empty, waiting for next request
[2026-08-20 13:45:57.210 Model_Service_2] Model service 2 input queue is empty, waiting for next request
[2026-08-20 13:45:57.606 Model_Service_4] Model service 4 input queue is empty, waiting for next request
[2026-08-20 13:45:58.566 Model_Service_0] Model service 0 input queue is empty, waiting for next request
[2026-08-20 13:45:59.438 Model_Service_3] Model service 3 input queue is empty, waiting for next request
[2026-08-20 13:45:59.895 Model_Service_5] Model service 5 input queue is empty, waiting for next request
[2026-08-20 13:46:01.866 Model_Service_1] Model service 1 input queue is empty, waiting for next request
[2026-08-20 13:46:02.514 Model_Service_2] Model service 2 input queue is empty, waiting for next request
[2026-08-20 13:46:02.842 Model_Service_4] Model service 4 input queue is empty, waiting for next request
[2026-08-20 13:46:03.799 Model_Service_0] Model service 0 input queue is empty, waiting for next request
[2026-08-20 13:46:04.682 Model_Service_3] Model service 3 input queue is empty, waiting for next request
[2026-08-20 13:46:05.170 Model_Service_5] Model service 5 input queue is empty, waiting for next request
[2026-08-20 13:46:07.114 Model_Service_1] Model service 1 input queue is empty, waiting for next request
[2026-08-20 13:46:07.802 Model_Service_2] Model service 2 input queue is empty, waiting for next request
[2026-08-20 13:46:08.082 Model_Service_4] Model service 4 input queue is empty, waiting for next request
[2026-08-20 13:46:09.048 Model_Service_0] Model service 0 input queue is empty, waiting for next request
[2026-08-20 13:46:09.934 Model_Service_3] Model service 3 input queue is empty, waiting for next request
[2026-08-20 13:46:10.430 Model_Service_5] Model service 5 input queue is empty, waiting for next request
[2026-08-20 13:46:12.360 Model_Service_1] Model service 1 input queue is empty, waiting for next request
[2026-08-20 13:46:13.046 Model_Service_2] Model service 2 input queue is empty, waiting for next request
[2026-08-20 13:46:13.354 Model_Service_4] Model service 4 input queue is empty, waiting for next request
[2026-08-20 13:46:14.282 Model_Service_0] Model service 0 input queue is empty, waiting for next request
[2026-08-20 13:46:15.184 Model_Service_3] Model service 3 input queue is empty, waiting for next request
[2026-08-20 13:46:15.682 Model_Service_5] Model service 5 input queue is empty, waiting for next request
[2026-08-20 13:46:17.614 Model_Service_1] Model service 1 input queue is empty, waiting for next request
[2026-08-20 13:46:18.294 Model_Service_2] Model service 2 input queue is empty, waiting for next request
[2026-08-20 13:46:18.602 Model_Service_4] Model service 4 input queue is empty, waiting for next request
[2026-08-20 13:46:19.508 Model_Service_0] Model service 0 input queue is empty, waiting for next request
[2026-08-20 13:46:19.813 Model_Service_0] Model key: Qwen/Qwen2.5-1.5B-Instruct, engine id: 1_0, target gpu id: 1
[2026-08-20 13:46:20.256 Model_Service_0] [PAPER-LOAD-V4] {"tag": "Qwen/Qwen2.5-1.5B-Instruct|engine=1_0|src=None", "policy": "paper", "split": 4, "pipeline_depth": null, "target_gpu": 1, "gpu_ids": [0, 1, 2, 3], "source": "cpu", "host_registered": false, "slices": 796, "payload_bytes": 3554176000, "bytes_h2d_direct": 888544000, "bytes_h2d_helper": 2665632000, "bytes_p2p": 2665632000, "seconds": 0.4401319641619921, "payload_gbps": 8.075250809759124, "transfer_path": "host-to-device + helper-gpu-p2p"}
[2026-08-20 13:46:20.258 Model_Service_0] Time taken to copy model to GPU 1, service 0, engine 1_0, model Qwen/Qwen2.5-1.5B-Instruct: 0.4447 seconds
[2026-08-20 13:46:20.409 Model_Service_3] Model service 3 input queue is empty, waiting for next request
[2026-08-20 13:46:20.939 Model_Service_5] Model service 5 input queue is empty, waiting for next request
[2026-08-20 13:46:22.858 Model_Service_1] Model service 1 input queue is empty, waiting for next request
[2026-08-20 13:46:23.568 Model_Service_2] Model service 2 input queue is empty, waiting for next request
[2026-08-20 13:46:23.858 Model_Service_4] Model service 4 input queue is empty, waiting for next request
[2026-08-20 13:46:25.690 Model_Service_3] Model service 3 input queue is empty, waiting for next request
[2026-08-20 13:46:26.194 Model_Service_5] Model service 5 input queue is empty, waiting for next request
[2026-08-20 13:46:27.105 Model_Service_0] Model service 0 input queue is empty, waiting for next request
[2026-08-20 13:46:28.089 Model_Service_1] Model service 1 input queue is empty, waiting for next request
[2026-08-20 13:46:28.890 Model_Service_2] Model service 2 input queue is empty, waiting for next request
[2026-08-20 13:46:29.106 Model_Service_4] Model service 4 input queue is empty, waiting for next request
[2026-08-20 13:46:30.922 Model_Service_3] Model service 3 input queue is empty, waiting for next request
[2026-08-20 13:46:31.447 Model_Service_5] Model service 5 input queue is empty, waiting for next request
[2026-08-20 13:46:32.335 Model_Service_0] Model service 0 input queue is empty, waiting for next request
[2026-08-20 13:46:33.337 Model_Service_1] Model service 1 input queue is empty, waiting for next request
[2026-08-20 13:46:34.148 Model_Service_2] Model service 2 input queue is empty, waiting for next request
[2026-08-20 13:46:34.409 Model_Service_4] Model service 4 input queue is empty, waiting for next request
[2026-08-20 13:46:36.150 Model_Service_3] Model service 3 input queue is empty, waiting for next request
[2026-08-20 13:46:36.710 Model_Service_5] Model service 5 input queue is empty, waiting for next request
[2026-08-20 13:46:37.571 Model_Service_0] Model service 0 input queue is empty, waiting for next request
[2026-08-20 13:46:38.622 Model_Service_1] Model service 1 input queue is empty, waiting for next request
[2026-08-20 13:46:39.407 Model_Service_2] Model service 2 input queue is empty, waiting for next request
[2026-08-20 13:46:39.659 Model_Service_4] Model service 4 input queue is empty, waiting for next request
[2026-08-20 13:46:41.389 Model_Service_3] Model service 3 input queue is empty, waiting for next request
[2026-08-20 13:46:41.970 Model_Service_5] Model service 5 input queue is empty, waiting for next request
[2026-08-20 13:46:42.806 Model_Service_0] Model service 0 input queue is empty, waiting for next request
[2026-08-20 13:46:43.858 Model_Service_1] Model service 1 input queue is empty, waiting for next request
[2026-08-20 13:46:44.676 Model_Service_2] Model service 2 input queue is empty, waiting for next request
[2026-08-20 13:46:44.895 Model_Service_4] Model service 4 input queue is empty, waiting for next request
[2026-08-20 13:46:46.622 Model_Service_3] Model service 3 input queue is empty, waiting for next request
[2026-08-20 13:46:47.235 Model_Service_5] Model service 5 input queue is empty, waiting for next request
[2026-08-20 13:46:48.039 Model_Service_0] Model service 0 input queue is empty, waiting for next request
[2026-08-20 13:46:49.098 Model_Service_1] Model service 1 input queue is empty, waiting for next request
[2026-08-20 13:46:49.930 Model_Service_2] Model service 2 input queue is empty, waiting for next request
[2026-08-20 13:46:50.134 Model_Service_4] Model service 4 input queue is empty, waiting for next request
[2026-08-20 13:46:51.862 Model_Service_3] Model service 3 input queue is empty, waiting for next request
[2026-08-20 13:46:52.482 Model_Service_5] Model service 5 input queue is empty, waiting for next request
[2026-08-20 13:46:53.283 Model_Service_0] Model service 0 input queue is empty, waiting for next request
[2026-08-20 13:46:54.327 Model_Service_1] Model service 1 input queue is empty, waiting for next request
[2026-08-20 13:46:55.246 Model_Service_2] Model service 2 input queue is empty, waiting for next request
[2026-08-20 13:46:55.411 Model_Service_4] Model service 4 input queue is empty, waiting for next request
[2026-08-20 13:46:57.098 Model_Service_3] Model service 3 input queue is empty, waiting for next request
[2026-08-20 13:46:57.742 Model_Service_5] Model service 5 input queue is empty, waiting for next request
[2026-08-20 13:46:58.554 Model_Service_0] Model service 0 input queue is empty, waiting for next request
[2026-08-20 13:46:59.562 Model_Service_1] Model service 1 input queue is empty, waiting for next request
[2026-08-20 13:47:00.490 Model_Service_2] Model service 2 input queue is empty, waiting for next request
[2026-08-20 13:47:00.662 Model_Service_4] Model service 4 input queue is empty, waiting for next request
[2026-08-20 13:47:02.341 Model_Service_3] Model service 3 input queue is empty, waiting for next request
[2026-08-20 13:47:03.017 Model_Service_5] Model service 5 input queue is empty, waiting for next request
[2026-08-20 13:47:03.826 Model_Service_0] Model service 0 input queue is empty, waiting for next request
[2026-08-20 13:47:04.806 Model_Service_1] Model service 1 input queue is empty, waiting for next request
[2026-08-20 13:47:05.743 Model_Service_2] Model service 2 input queue is empty, waiting for next request
[2026-08-20 13:47:05.915 Model_Service_4] Model service 4 input queue is empty, waiting for next request
[2026-08-20 13:47:07.595 Model_Service_3] Model service 3 input queue is empty, waiting for next request
[2026-08-20 13:47:08.282 Model_Service_5] Model service 5 input queue is empty, waiting for next request
[2026-08-20 13:47:09.095 Model_Service_0] Model service 0 input queue is empty, waiting for next request
[2026-08-20 13:47:10.058 Model_Service_1] Model service 1 input queue is empty, waiting for next request
[2026-08-20 13:47:10.994 Model_Service_2] Model service 2 input queue is empty, waiting for next request
[2026-08-20 13:47:11.166 Model_Service_4] Model service 4 input queue is empty, waiting for next request
[2026-08-20 13:47:12.820 Model_Service_3] Model service 3 input queue is empty, waiting for next request
[2026-08-20 13:47:13.506 Model_Service_5] Model service 5 input queue is empty, waiting for next request
[2026-08-20 13:47:14.352 Model_Service_0] Model service 0 input queue is empty, waiting for next request
[2026-08-20 13:47:15.302 Model_Service_1] Model service 1 input queue is empty, waiting for next request
[2026-08-20 13:47:16.262 Model_Service_2] Model service 2 input queue is empty, waiting for next request
[2026-08-20 13:47:16.438 Model_Service_4] Model service 4 input queue is empty, waiting for next request
[2026-08-20 13:47:18.050 Model_Service_3] Model service 3 input queue is empty, waiting for next request
[2026-08-20 13:47:18.730 Model_Service_5] Model service 5 input queue is empty, waiting for next request
[2026-08-20 13:47:19.614 Model_Service_0] Model service 0 input queue is empty, waiting for next request
[2026-08-20 13:47:20.546 Model_Service_1] Model service 1 input queue is empty, waiting for next request
[2026-08-20 13:47:21.534 Model_Service_2] Model service 2 input queue is empty, waiting for next request
[2026-08-20 13:47:21.694 Model_Service_4] Model service 4 input queue is empty, waiting for next request
[2026-08-20 13:47:23.338 Model_Service_3] Model service 3 input queue is empty, waiting for next request
[2026-08-20 13:47:23.954 Model_Service_5] Model service 5 input queue is empty, waiting for next request
[2026-08-20 13:47:24.922 Model_Service_0] Model service 0 input queue is empty, waiting for next request
[2026-08-20 13:47:25.798 Model_Service_1] Model service 1 input queue is empty, waiting for next request
[2026-08-20 13:47:26.780 Model_Service_2] Model service 2 input queue is empty, waiting for next request
[2026-08-20 13:47:26.970 Model_Service_4] Model service 4 input queue is empty, waiting for next request
[2026-08-20 13:47:28.594 Model_Service_3] Model service 3 input queue is empty, waiting for next request
[2026-08-20 13:47:29.234 Model_Service_5] Model service 5 input queue is empty, waiting for next request
[2026-08-20 13:47:30.179 Model_Service_0] Model service 0 input queue is empty, waiting for next request
[2026-08-20 13:47:31.046 Model_Service_1] Model service 1 input queue is empty, waiting for next request
[2026-08-20 13:47:32.087 Model_Service_2] Model service 2 input queue is empty, waiting for next request
[2026-08-20 13:47:32.222 Model_Service_4] Model service 4 input queue is empty, waiting for next request
[2026-08-20 13:47:33.838 Model_Service_3] Model service 3 input queue is empty, waiting for next request
[2026-08-20 13:47:34.468 Model_Service_5] Model service 5 input queue is empty, waiting for next request
[2026-08-20 13:47:35.438 Model_Service_0] Model service 0 input queue is empty, waiting for next request
[2026-08-20 13:47:36.300 Model_Service_1] Model service 1 input queue is empty, waiting for next request
[2026-08-20 13:47:37.326 Model_Service_2] Model service 2 input queue is empty, waiting for next request
[2026-08-20 13:47:37.474 Model_Service_4] Model service 4 input queue is empty, waiting for next request
[2026-08-20 13:47:39.091 Model_Service_3] Model service 3 input queue is empty, waiting for next request
[2026-08-20 13:47:39.690 Model_Service_5] Model service 5 input queue is empty, waiting for next request
[2026-08-20 13:47:40.702 Model_Service_0] Model service 0 input queue is empty, waiting for next request
[2026-08-20 13:47:41.570 Model_Service_1] Model service 1 input queue is empty, waiting for next request
[2026-08-20 13:47:42.571 Model_Service_2] Model service 2 input queue is empty, waiting for next request
[2026-08-20 13:47:42.778 Model_Service_4] Model service 4 input queue is empty, waiting for next request
[2026-08-20 13:47:44.346 Model_Service_3] Model service 3 input queue is empty, waiting for next request
[2026-08-20 13:47:44.916 Model_Service_5] Model service 5 input queue is empty, waiting for next request
[2026-08-20 13:47:45.992 Model_Service_0] Model service 0 input queue is empty, waiting for next request
[2026-08-20 13:47:46.829 Model_Service_1] Model service 1 input queue is empty, waiting for next request
[2026-08-20 13:47:47.722 Model_Service_1] Model key: Qwen/Qwen2.5-3B-Instruct, engine id: 2_1, target gpu id: 2
[2026-08-20 13:47:47.818 Model_Service_2] Model service 2 input queue is empty, waiting for next request
[2026-08-20 13:47:48.054 Model_Service_4] Model service 4 input queue is empty, waiting for next request
[2026-08-20 13:47:48.424 Model_Service_1] [PAPER-LOAD-V4] {"tag": "Qwen/Qwen2.5-3B-Instruct|engine=2_1|src=None", "policy": "paper", "split": 4, "pipeline_depth": null, "target_gpu": 2, "gpu_ids": [0, 1, 2, 3], "source": "cpu", "host_registered": false, "slices": 1020, "payload_bytes": 6794207232, "bytes_h2d_direct": 1698551808, "bytes_h2d_helper": 5095655424, "bytes_p2p": 5095655424, "seconds": 0.69683079700917, "payload_gbps": 9.750153496603554, "transfer_path": "host-to-device + helper-gpu-p2p"}
[2026-08-20 13:47:48.425 Model_Service_1] Time taken to copy model to GPU 2, service 1, engine 2_1, model Qwen/Qwen2.5-3B-Instruct: 0.7027 seconds
[2026-08-20 13:47:49.590 Model_Service_3] Model service 3 input queue is empty, waiting for next request
[2026-08-20 13:47:50.148 Model_Service_5] Model service 5 input queue is empty, waiting for next request
[2026-08-20 13:47:51.254 Model_Service_0] Model service 0 input queue is empty, waiting for next request
[2026-08-20 13:47:53.078 Model_Service_2] Model service 2 input queue is empty, waiting for next request
[2026-08-20 13:47:53.434 Model_Service_4] Model service 4 input queue is empty, waiting for next request
[2026-08-20 13:47:54.839 Model_Service_3] Model service 3 input queue is empty, waiting for next request
[2026-08-20 13:47:54.858 Model_Service_1] Model service 1 input queue is empty, waiting for next request
[2026-08-20 13:47:55.378 Model_Service_5] Model service 5 input queue is empty, waiting for next request
[2026-08-20 13:47:56.506 Model_Service_0] Model service 0 input queue is empty, waiting for next request
[2026-08-20 13:47:58.321 Model_Service_2] Model service 2 input queue is empty, waiting for next request
[2026-08-20 13:47:58.668 Model_Service_4] Model service 4 input queue is empty, waiting for next request
[2026-08-20 13:48:00.090 Model_Service_3] Model service 3 input queue is empty, waiting for next request
[2026-08-20 13:48:00.142 Model_Service_1] Model service 1 input queue is empty, waiting for next request
[2026-08-20 13:48:00.606 Model_Service_5] Model service 5 input queue is empty, waiting for next request
[2026-08-20 13:48:01.770 Model_Service_0] Model service 0 input queue is empty, waiting for next request
[2026-08-20 13:48:03.624 Model_Service_2] Model service 2 input queue is empty, waiting for next request
[2026-08-20 13:48:03.898 Model_Service_4] Model service 4 input queue is empty, waiting for next request
[2026-08-20 13:48:05.338 Model_Service_3] Model service 3 input queue is empty, waiting for next request
[2026-08-20 13:48:05.470 Model_Service_1] Model service 1 input queue is empty, waiting for next request
[2026-08-20 13:48:05.826 Model_Service_5] Model service 5 input queue is empty, waiting for next request
[2026-08-20 13:48:07.024 Model_Service_0] Model service 0 input queue is empty, waiting for next request
[2026-08-20 13:48:08.869 Model_Service_2] Model service 2 input queue is empty, waiting for next request
[2026-08-20 13:48:09.137 Model_Service_4] Model service 4 input queue is empty, waiting for next request
[2026-08-20 13:48:10.611 Model_Service_3] Model service 3 input queue is empty, waiting for next request
[2026-08-20 13:48:10.787 Model_Service_1] Model service 1 input queue is empty, waiting for next request
[2026-08-20 13:48:11.053 Model_Service_5] Model service 5 input queue is empty, waiting for next request
[2026-08-20 13:48:12.274 Model_Service_0] Model service 0 input queue is empty, waiting for next request
[2026-08-20 13:48:14.178 Model_Service_2] Model service 2 input queue is empty, waiting for next request
[2026-08-20 13:48:14.370 Model_Service_4] Model service 4 input queue is empty, waiting for next request
[2026-08-20 13:48:15.858 Model_Service_3] Model service 3 input queue is empty, waiting for next request
[2026-08-20 13:48:16.103 Model_Service_1] Model service 1 input queue is empty, waiting for next request
[2026-08-20 13:48:16.282 Model_Service_5] Model service 5 input queue is empty, waiting for next request
[2026-08-20 13:48:17.530 Model_Service_0] Model service 0 input queue is empty, waiting for next request
[2026-08-20 13:48:19.431 Model_Service_2] Model service 2 input queue is empty, waiting for next request
[2026-08-20 13:48:19.594 Model_Service_4] Model service 4 input queue is empty, waiting for next request
[2026-08-20 13:48:21.103 Model_Service_3] Model service 3 input queue is empty, waiting for next request
[2026-08-20 13:48:21.374 Model_Service_1] Model service 1 input queue is empty, waiting for next request
[2026-08-20 13:48:21.510 Model_Service_5] Model service 5 input queue is empty, waiting for next request
[2026-08-20 13:48:22.790 Model_Service_0] Model service 0 input queue is empty, waiting for next request
[2026-08-20 13:48:24.676 Model_Service_2] Model service 2 input queue is empty, waiting for next request
[2026-08-20 13:48:24.826 Model_Service_4] Model service 4 input queue is empty, waiting for next request
[2026-08-20 13:48:26.414 Model_Service_3] Model service 3 input queue is empty, waiting for next request
[2026-08-20 13:48:26.710 Model_Service_1] Model service 1 input queue is empty, waiting for next request
[2026-08-20 13:48:26.738 Model_Service_5] Model service 5 input queue is empty, waiting for next request
[2026-08-20 13:48:28.066 Model_Service_0] Model service 0 input queue is empty, waiting for next request
[2026-08-20 13:48:29.928 Model_Service_2] Model service 2 input queue is empty, waiting for next request
[2026-08-20 13:48:30.054 Model_Service_4] Model service 4 input queue is empty, waiting for next request
[2026-08-20 13:48:31.671 Model_Service_3] Model service 3 input queue is empty, waiting for next request
[2026-08-20 13:48:31.970 Model_Service_5] Model service 5 input queue is empty, waiting for next request
[2026-08-20 13:48:31.993 Model_Service_1] Model service 1 input queue is empty, waiting for next request
[2026-08-20 13:48:33.321 Model_Service_0] Model service 0 input queue is empty, waiting for next request
[2026-08-20 13:48:35.172 Model_Service_2] Model service 2 input queue is empty, waiting for next request
[2026-08-20 13:48:35.284 Model_Service_4] Model service 4 input queue is empty, waiting for next request
[2026-08-20 13:48:36.918 Model_Service_3] Model service 3 input queue is empty, waiting for next request
[2026-08-20 13:48:37.194 Model_Service_5] Model service 5 input queue is empty, waiting for next request
[2026-08-20 13:48:37.274 Model_Service_1] Model service 1 input queue is empty, waiting for next request
[2026-08-20 13:48:38.570 Model_Service_0] Model service 0 input queue is empty, waiting for next request
[2026-08-20 13:48:39.229 Model_Service_1] Model key: Qwen/Qwen2.5-3B-Instruct, engine id: 1_1, target gpu id: 1
[2026-08-20 13:48:40.419 Model_Service_2] Model service 2 input queue is empty, waiting for next request
[2026-08-20 13:48:40.509 Model_Service_4] Model service 4 input queue is empty, waiting for next request
[2026-08-20 13:48:40.914 Model_Service_1] [PAPER-LOAD-V4] {"tag": "Qwen/Qwen2.5-3B-Instruct|engine=1_1|src=None", "policy": "paper", "split": 4, "pipeline_depth": null, "target_gpu": 1, "gpu_ids": [0, 1, 2, 3], "source": "cpu", "host_registered": false, "slices": 1020, "payload_bytes": 6794207232, "bytes_h2d_direct": 1698551808, "bytes_h2d_helper": 5095655424, "bytes_p2p": 5095655424, "seconds": 1.6811539030168205, "payload_gbps": 4.041395151156498, "transfer_path": "host-to-device + helper-gpu-p2p"}
[2026-08-20 13:48:40.916 Model_Service_1] Time taken to copy model to GPU 1, service 1, engine 1_1, model Qwen/Qwen2.5-3B-Instruct: 1.6872 seconds
[2026-08-20 13:48:42.170 Model_Service_3] Model service 3 input queue is empty, waiting for next request
[2026-08-20 13:48:42.421 Model_Service_5] Model service 5 input queue is empty, waiting for next request
[2026-08-20 13:48:43.818 Model_Service_0] Model service 0 input queue is empty, waiting for next request
[2026-08-20 13:48:45.676 Model_Service_2] Model service 2 input queue is empty, waiting for next request
[2026-08-20 13:48:45.952 Model_Service_4] Model service 4 input queue is empty, waiting for next request
[2026-08-20 13:48:47.292 Model_Service_1] Model service 1 input queue is empty, waiting for next request
[2026-08-20 13:48:47.436 Model_Service_3] Model service 3 input queue is empty, waiting for next request
[2026-08-20 13:48:47.646 Model_Service_5] Model service 5 input queue is empty, waiting for next request
[2026-08-20 13:48:49.078 Model_Service_0] Model service 0 input queue is empty, waiting for next request
[2026-08-20 13:48:50.922 Model_Service_2] Model service 2 input queue is empty, waiting for next request
[2026-08-20 13:48:51.184 Model_Service_4] Model service 4 input queue is empty, waiting for next request
[2026-08-20 13:48:52.603 Model_Service_1] Model service 1 input queue is empty, waiting for next request
[2026-08-20 13:48:52.682 Model_Service_3] Model service 3 input queue is empty, waiting for next request
[2026-08-20 13:48:52.870 Model_Service_5] Model service 5 input queue is empty, waiting for next request
[2026-08-20 13:48:54.388 Model_Service_0] Model service 0 input queue is empty, waiting for next request
[2026-08-20 13:48:56.206 Model_Service_2] Model service 2 input queue is empty, waiting for next request
[2026-08-20 13:48:56.414 Model_Service_4] Model service 4 input queue is empty, waiting for next request
[2026-08-20 13:48:57.882 Model_Service_1] Model service 1 input queue is empty, waiting for next request
[2026-08-20 13:48:57.918 Model_Service_3] Model service 3 input queue is empty, waiting for next request
[2026-08-20 13:48:58.098 Model_Service_5] Model service 5 input queue is empty, waiting for next request
[2026-08-20 13:48:59.646 Model_Service_0] Model service 0 input queue is empty, waiting for next request
[2026-08-20 13:49:01.458 Model_Service_2] Model service 2 input queue is empty, waiting for next request
[2026-08-20 13:49:01.642 Model_Service_4] Model service 4 input queue is empty, waiting for next request
[2026-08-20 13:49:03.152 Model_Service_1] Model service 1 input queue is empty, waiting for next request
[2026-08-20 13:49:03.154 Model_Service_3] Model service 3 input queue is empty, waiting for next request
[2026-08-20 13:49:03.322 Model_Service_5] Model service 5 input queue is empty, waiting for next request
[2026-08-20 13:49:04.904 Model_Service_0] Model service 0 input queue is empty, waiting for next request
[2026-08-20 13:49:06.742 Model_Service_2] Model service 2 input queue is empty, waiting for next request
[2026-08-20 13:49:06.922 Model_Service_4] Model service 4 input queue is empty, waiting for next request
[2026-08-20 13:49:08.398 Model_Service_3] Model service 3 input queue is empty, waiting for next request
[2026-08-20 13:49:08.401 Model_Service_1] Model service 1 input queue is empty, waiting for next request
[2026-08-20 13:49:08.574 Model_Service_5] Model service 5 input queue is empty, waiting for next request
[2026-08-20 13:49:10.150 Model_Service_0] Model service 0 input queue is empty, waiting for next request
[2026-08-20 13:49:12.026 Model_Service_2] Model service 2 input queue is empty, waiting for next request
[2026-08-20 13:49:12.162 Model_Service_4] Model service 4 input queue is empty, waiting for next request
[2026-08-20 13:49:13.666 Model_Service_3] Model service 3 input queue is empty, waiting for next request
[2026-08-20 13:49:13.685 Model_Service_1] Model service 1 input queue is empty, waiting for next request
[2026-08-20 13:49:13.802 Model_Service_5] Model service 5 input queue is empty, waiting for next request
[2026-08-20 13:49:15.407 Model_Service_0] Model service 0 input queue is empty, waiting for next request
[2026-08-20 13:49:17.280 Model_Service_2] Model service 2 input queue is empty, waiting for next request
[2026-08-20 13:49:17.396 Model_Service_4] Model service 4 input queue is empty, waiting for next request
[2026-08-20 13:49:18.945 Model_Service_3] Model service 3 input queue is empty, waiting for next request
[2026-08-20 13:49:18.994 Model_Service_1] Model service 1 input queue is empty, waiting for next request
[2026-08-20 13:49:19.038 Model_Service_5] Model service 5 input queue is empty, waiting for next request
[2026-08-20 13:49:20.666 Model_Service_0] Model service 0 input queue is empty, waiting for next request
[2026-08-20 13:49:22.542 Model_Service_2] Model service 2 input queue is empty, waiting for next request
[2026-08-20 13:49:22.626 Model_Service_4] Model service 4 input queue is empty, waiting for next request
[2026-08-20 13:49:24.198 Model_Service_3] Model service 3 input queue is empty, waiting for next request
[2026-08-20 13:49:24.278 Model_Service_1] Model service 1 input queue is empty, waiting for next request
[2026-08-20 13:49:24.280 Model_Service_5] Model service 5 input queue is empty, waiting for next request
[2026-08-20 13:49:25.919 Model_Service_0] Model service 0 input queue is empty, waiting for next request
[2026-08-20 13:49:27.786 Model_Service_2] Model service 2 input queue is empty, waiting for next request
[2026-08-20 13:49:27.850 Model_Service_4] Model service 4 input queue is empty, waiting for next request
[2026-08-20 13:49:29.444 Model_Service_3] Model service 3 input queue is empty, waiting for next request
[2026-08-20 13:49:29.519 Model_Service_5] Model service 5 input queue is empty, waiting for next request
[2026-08-20 13:49:29.554 Model_Service_1] Model service 1 input queue is empty, waiting for next request
[2026-08-20 13:49:31.178 Model_Service_0] Model service 0 input queue is empty, waiting for next request
[2026-08-20 13:49:33.059 Model_Service_2] Model service 2 input queue is empty, waiting for next request
[2026-08-20 13:49:33.070 Model_Service_4] Model service 4 input queue is empty, waiting for next request
[2026-08-20 13:49:34.686 Model_Service_3] Model service 3 input queue is empty, waiting for next request
[2026-08-20 13:49:34.758 Model_Service_5] Model service 5 input queue is empty, waiting for next request
[2026-08-20 13:49:34.814 Model_Service_1] Model service 1 input queue is empty, waiting for next request
[2026-08-20 13:49:36.406 Model_Service_0] Model service 0 input queue is empty, waiting for next request
[2026-08-20 13:49:38.298 Model_Service_4] Model service 4 input queue is empty, waiting for next request
[2026-08-20 13:49:38.302 Model_Service_2] Model service 2 input queue is empty, waiting for next request
[2026-08-20 13:49:39.990 Model_Service_3] Model service 3 input queue is empty, waiting for next request
[2026-08-20 13:49:40.002 Model_Service_5] Model service 5 input queue is empty, waiting for next request
[2026-08-20 13:49:40.078 Model_Service_1] Model service 1 input queue is empty, waiting for next request
[2026-08-20 13:49:41.630 Model_Service_0] Model service 0 input queue is empty, waiting for next request
[2026-08-20 13:49:43.522 Model_Service_4] Model service 4 input queue is empty, waiting for next request
[2026-08-20 13:49:43.558 Model_Service_2] Model service 2 input queue is empty, waiting for next request
[2026-08-20 13:49:45.238 Model_Service_3] Model service 3 input queue is empty, waiting for next request
[2026-08-20 13:49:45.313 Model_Service_5] Model service 5 input queue is empty, waiting for next request
[2026-08-20 13:49:45.364 Model_Service_1] Model service 1 input queue is empty, waiting for next request
[2026-08-20 13:49:46.854 Model_Service_0] Model service 0 input queue is empty, waiting for next request
[2026-08-20 13:49:48.750 Model_Service_4] Model service 4 input queue is empty, waiting for next request
[2026-08-20 13:49:48.814 Model_Service_2] Model service 2 input queue is empty, waiting for next request
[2026-08-20 13:49:50.487 Model_Service_3] Model service 3 input queue is empty, waiting for next request
[2026-08-20 13:49:50.562 Model_Service_5] Model service 5 input queue is empty, waiting for next request
[2026-08-20 13:49:50.626 Model_Service_1] Model service 1 input queue is empty, waiting for next request
[2026-08-20 13:49:52.086 Model_Service_0] Model service 0 input queue is empty, waiting for next request
[2026-08-20 13:49:53.974 Model_Service_4] Model service 4 input queue is empty, waiting for next request
[2026-08-20 13:49:54.062 Model_Service_2] Model service 2 input queue is empty, waiting for next request
[2026-08-20 13:49:55.726 Model_Service_3] Model service 3 input queue is empty, waiting for next request
[2026-08-20 13:49:55.802 Model_Service_5] Model service 5 input queue is empty, waiting for next request
[2026-08-20 13:49:55.958 Model_Service_1] Model service 1 input queue is empty, waiting for next request
[2026-08-20 13:49:57.314 Model_Service_0] Model service 0 input queue is empty, waiting for next request
[2026-08-20 13:49:59.206 Model_Service_4] Model service 4 input queue is empty, waiting for next request
[2026-08-20 13:49:59.340 Model_Service_2] Model service 2 input queue is empty, waiting for next request
[2026-08-20 13:50:00.974 Model_Service_3] Model service 3 input queue is empty, waiting for next request
[2026-08-20 13:50:01.042 Model_Service_5] Model service 5 input queue is empty, waiting for next request
[2026-08-20 13:50:01.228 Model_Service_1] Model service 1 input queue is empty, waiting for next request
[2026-08-20 13:50:02.542 Model_Service_0] Model service 0 input queue is empty, waiting for next request
[2026-08-20 13:50:04.438 Model_Service_4] Model service 4 input queue is empty, waiting for next request
[2026-08-20 13:50:04.601 Model_Service_2] Model service 2 input queue is empty, waiting for next request
[2026-08-20 13:50:06.218 Model_Service_3] Model service 3 input queue is empty, waiting for next request
[2026-08-20 13:50:06.277 Model_Service_5] Model service 5 input queue is empty, waiting for next request
[2026-08-20 13:50:06.527 Model_Service_1] Model service 1 input queue is empty, waiting for next request
[2026-08-20 13:50:07.766 Model_Service_0] Model service 0 input queue is empty, waiting for next request
[2026-08-20 13:50:09.670 Model_Service_4] Model service 4 input queue is empty, waiting for next request
[2026-08-20 13:50:09.846 Model_Service_2] Model service 2 input queue is empty, waiting for next request
[2026-08-20 13:50:11.462 Model_Service_3] Model service 3 input queue is empty, waiting for next request
[2026-08-20 13:50:11.523 Model_Service_5] Model service 5 input queue is empty, waiting for next request
[2026-08-20 13:50:11.798 Model_Service_1] Model service 1 input queue is empty, waiting for next request
[2026-08-20 13:50:12.994 Model_Service_0] Model service 0 input queue is empty, waiting for next request
[2026-08-20 13:50:14.938 Model_Service_4] Model service 4 input queue is empty, waiting for next request
[2026-08-20 13:50:15.178 Model_Service_2] Model service 2 input queue is empty, waiting for next request
[2026-08-20 13:50:16.706 Model_Service_3] Model service 3 input queue is empty, waiting for next request
[2026-08-20 13:50:16.786 Model_Service_5] Model service 5 input queue is empty, waiting for next request
[2026-08-20 13:50:17.074 Model_Service_1] Model service 1 input queue is empty, waiting for next request
[2026-08-20 13:50:18.222 Model_Service_0] Model service 0 input queue is empty, waiting for next request
[2026-08-20 13:50:20.170 Model_Service_4] Model service 4 input queue is empty, waiting for next request
[2026-08-20 13:50:20.443 Model_Service_2] Model service 2 input queue is empty, waiting for next request
[2026-08-20 13:50:21.469 Model_Service_2] Model key: Qwen/Qwen2.5-7B-Instruct, engine id: 2_1, target gpu id: 2
[2026-08-20 13:50:21.950 Model_Service_3] Model service 3 input queue is empty, waiting for next request
[2026-08-20 13:50:22.031 Model_Service_5] Model service 5 input queue is empty, waiting for next request
[2026-08-20 13:50:22.334 Model_Service_1] Model service 1 input queue is empty, waiting for next request
[2026-08-20 13:50:22.431 Model_Service_2] [PAPER-LOAD-V4] {"tag": "Qwen/Qwen2.5-7B-Instruct|engine=2_1|src=None", "policy": "paper", "split": 4, "pipeline_depth": null, "target_gpu": 2, "gpu_ids": [0, 1, 2, 3], "source": "cpu", "host_registered": false, "slices": 796, "payload_bytes": 15231233024, "bytes_h2d_direct": 3807808256, "bytes_h2d_helper": 11423424768, "bytes_p2p": 11423424768, "seconds": 0.9583691749721766, "payload_gbps": 15.892866154049868, "transfer_path": "host-to-device + helper-gpu-p2p"}
[2026-08-20 13:50:22.433 Model_Service_2] Time taken to copy model to GPU 2, service 2, engine 2_1, model Qwen/Qwen2.5-7B-Instruct: 0.9642 seconds
[2026-08-20 13:50:23.458 Model_Service_0] Model service 0 input queue is empty, waiting for next request
[2026-08-20 13:50:25.411 Model_Service_4] Model service 4 input queue is empty, waiting for next request
[2026-08-20 13:50:27.442 Model_Service_3] Model service 3 input queue is empty, waiting for next request
[2026-08-20 13:50:27.501 Model_Service_5] Model service 5 input queue is empty, waiting for next request
[2026-08-20 13:50:27.668 Model_Service_1] Model service 1 input queue is empty, waiting for next request
[2026-08-20 13:50:28.398 Model_Service_2] Model service 2 input queue is empty, waiting for next request
[2026-08-20 13:50:28.702 Model_Service_0] Model service 0 input queue is empty, waiting for next request
[2026-08-20 13:50:30.660 Model_Service_4] Model service 4 input queue is empty, waiting for next request
[2026-08-20 13:50:32.700 Model_Service_3] Model service 3 input queue is empty, waiting for next request
[2026-08-20 13:50:32.745 Model_Service_5] Model service 5 input queue is empty, waiting for next request
[2026-08-20 13:50:32.922 Model_Service_1] Model service 1 input queue is empty, waiting for next request
[2026-08-20 13:50:33.687 Model_Service_2] Model service 2 input queue is empty, waiting for next request
[2026-08-20 13:50:33.934 Model_Service_0] Model service 0 input queue is empty, waiting for next request
[2026-08-20 13:50:35.902 Model_Service_4] Model service 4 input queue is empty, waiting for next request
[2026-08-20 13:50:37.950 Model_Service_3] Model service 3 input queue is empty, waiting for next request
[2026-08-20 13:50:37.993 Model_Service_5] Model service 5 input queue is empty, waiting for next request
[2026-08-20 13:50:38.230 Model_Service_1] Model service 1 input queue is empty, waiting for next request
[2026-08-20 13:50:38.999 Model_Service_2] Model service 2 input queue is empty, waiting for next request
[2026-08-20 13:50:39.158 Model_Service_0] Model service 0 input queue is empty, waiting for next request
[2026-08-20 13:50:41.134 Model_Service_4] Model service 4 input queue is empty, waiting for next request
[2026-08-20 13:50:43.193 Model_Service_3] Model service 3 input queue is empty, waiting for next request
[2026-08-20 13:50:43.240 Model_Service_5] Model service 5 input queue is empty, waiting for next request
[2026-08-20 13:50:43.498 Model_Service_1] Model service 1 input queue is empty, waiting for next request
[2026-08-20 13:50:44.258 Model_Service_2] Model service 2 input queue is empty, waiting for next request
[2026-08-20 13:50:44.388 Model_Service_0] Model service 0 input queue is empty, waiting for next request
[2026-08-20 13:50:46.364 Model_Service_4] Model service 4 input queue is empty, waiting for next request
[2026-08-20 13:50:48.436 Model_Service_3] Model service 3 input queue is empty, waiting for next request
[2026-08-20 13:50:48.487 Model_Service_5] Model service 5 input queue is empty, waiting for next request
[2026-08-20 13:50:48.755 Model_Service_1] Model service 1 input queue is empty, waiting for next request
[2026-08-20 13:50:49.530 Model_Service_2] Model service 2 input queue is empty, waiting for next request
[2026-08-20 13:50:49.615 Model_Service_0] Model service 0 input queue is empty, waiting for next request
[2026-08-20 13:50:51.594 Model_Service_4] Model service 4 input queue is empty, waiting for next request
[2026-08-20 13:50:53.735 Model_Service_5] Model service 5 input queue is empty, waiting for next request
[2026-08-20 13:50:53.750 Model_Service_3] Model service 3 input queue is empty, waiting for next request
[2026-08-20 13:50:54.010 Model_Service_1] Model service 1 input queue is empty, waiting for next request
[2026-08-20 13:50:54.842 Model_Service_0] Model service 0 input queue is empty, waiting for next request
[2026-08-20 13:50:54.871 Model_Service_2] Model service 2 input queue is empty, waiting for next request
[2026-08-20 13:50:56.823 Model_Service_4] Model service 4 input queue is empty, waiting for next request
[2026-08-20 13:50:58.983 Model_Service_5] Model service 5 input queue is empty, waiting for next request
[2026-08-20 13:50:58.998 Model_Service_3] Model service 3 input queue is empty, waiting for next request
[2026-08-20 13:50:59.263 Model_Service_1] Model service 1 input queue is empty, waiting for next request
[2026-08-20 13:51:00.070 Model_Service_0] Model service 0 input queue is empty, waiting for next request
[2026-08-20 13:51:00.130 Model_Service_2] Model service 2 input queue is empty, waiting for next request
[2026-08-20 13:51:02.098 Model_Service_4] Model service 4 input queue is empty, waiting for next request
[2026-08-20 13:51:04.230 Model_Service_5] Model service 5 input queue is empty, waiting for next request
[2026-08-20 13:51:04.242 Model_Service_3] Model service 3 input queue is empty, waiting for next request
[2026-08-20 13:51:04.510 Model_Service_1] Model service 1 input queue is empty, waiting for next request
[2026-08-20 13:51:05.296 Model_Service_0] Model service 0 input queue is empty, waiting for next request
[2026-08-20 13:51:05.406 Model_Service_2] Model service 2 input queue is empty, waiting for next request
[2026-08-20 13:51:07.353 Model_Service_4] Model service 4 input queue is empty, waiting for next request
[2026-08-20 13:51:09.479 Model_Service_5] Model service 5 input queue is empty, waiting for next request
[2026-08-20 13:51:09.487 Model_Service_3] Model service 3 input queue is empty, waiting for next request
[2026-08-20 13:51:09.746 Model_Service_1] Model service 1 input queue is empty, waiting for next request
[2026-08-20 13:51:10.588 Model_Service_0] Model service 0 input queue is empty, waiting for next request
[2026-08-20 13:51:10.721 Model_Service_2] Model service 2 input queue is empty, waiting for next request
[2026-08-20 13:51:12.582 Model_Service_4] Model service 4 input queue is empty, waiting for next request
[2026-08-20 13:51:14.730 Model_Service_5] Model service 5 input queue is empty, waiting for next request
[2026-08-20 13:51:14.738 Model_Service_3] Model service 3 input queue is empty, waiting for next request
[2026-08-20 13:51:14.978 Model_Service_1] Model service 1 input queue is empty, waiting for next request
[2026-08-20 13:51:15.814 Model_Service_0] Model service 0 input queue is empty, waiting for next request
[2026-08-20 13:51:15.977 Model_Service_2] Model service 2 input queue is empty, waiting for next request
[2026-08-20 13:51:17.816 Model_Service_4] Model service 4 input queue is empty, waiting for next request
[2026-08-20 13:51:19.978 Model_Service_3] Model service 3 input queue is empty, waiting for next request
[2026-08-20 13:51:19.982 Model_Service_5] Model service 5 input queue is empty, waiting for next request
[2026-08-20 13:51:20.218 Model_Service_1] Model service 1 input queue is empty, waiting for next request
[2026-08-20 13:51:21.042 Model_Service_0] Model service 0 input queue is empty, waiting for next request
[2026-08-20 13:51:21.223 Model_Service_2] Model service 2 input queue is empty, waiting for next request
[2026-08-20 13:51:23.045 Model_Service_4] Model service 4 input queue is empty, waiting for next request
[2026-08-20 13:51:25.222 Model_Service_3] Model service 3 input queue is empty, waiting for next request
[2026-08-20 13:51:25.229 Model_Service_5] Model service 5 input queue is empty, waiting for next request
[2026-08-20 13:51:25.470 Model_Service_1] Model service 1 input queue is empty, waiting for next request
[2026-08-20 13:51:26.272 Model_Service_0] Model service 0 input queue is empty, waiting for next request
[2026-08-20 13:51:26.479 Model_Service_2] Model service 2 input queue is empty, waiting for next request
[2026-08-20 13:51:28.274 Model_Service_4] Model service 4 input queue is empty, waiting for next request
[2026-08-20 13:51:30.470 Model_Service_3] Model service 3 input queue is empty, waiting for next request
[2026-08-20 13:51:30.482 Model_Service_5] Model service 5 input queue is empty, waiting for next request
[2026-08-20 13:51:30.706 Model_Service_1] Model service 1 input queue is empty, waiting for next request
[2026-08-20 13:51:31.499 Model_Service_0] Model service 0 input queue is empty, waiting for next request
[2026-08-20 13:51:31.754 Model_Service_2] Model service 2 input queue is empty, waiting for next request
[2026-08-20 13:51:33.502 Model_Service_4] Model service 4 input queue is empty, waiting for next request
[2026-08-20 13:51:35.714 Model_Service_3] Model service 3 input queue is empty, waiting for next request
[2026-08-20 13:51:35.746 Model_Service_5] Model service 5 input queue is empty, waiting for next request
[2026-08-20 13:51:35.940 Model_Service_1] Model service 1 input queue is empty, waiting for next request
[2026-08-20 13:51:36.726 Model_Service_0] Model service 0 input queue is empty, waiting for next request
[2026-08-20 13:51:37.068 Model_Service_2] Model service 2 input queue is empty, waiting for next request
[2026-08-20 13:51:38.732 Model_Service_4] Model service 4 input queue is empty, waiting for next request
[2026-08-20 13:51:40.947 Model_Service_3] Model service 3 input queue is empty, waiting for next request
[2026-08-20 13:51:40.978 Model_Service_5] Model service 5 input queue is empty, waiting for next request
[2026-08-20 13:51:41.234 Model_Service_1] Model service 1 input queue is empty, waiting for next request
[2026-08-20 13:51:41.961 Model_Service_0] Model service 0 input queue is empty, waiting for next request
[2026-08-20 13:51:42.319 Model_Service_2] Model service 2 input queue is empty, waiting for next request
[2026-08-20 13:51:43.968 Model_Service_4] Model service 4 input queue is empty, waiting for next request
[2026-08-20 13:51:46.190 Model_Service_3] Model service 3 input queue is empty, waiting for next request
[2026-08-20 13:51:46.206 Model_Service_5] Model service 5 input queue is empty, waiting for next request
[2026-08-20 13:51:46.466 Model_Service_1] Model service 1 input queue is empty, waiting for next request
[2026-08-20 13:51:47.186 Model_Service_0] Model service 0 input queue is empty, waiting for next request
[2026-08-20 13:51:47.582 Model_Service_2] Model service 2 input queue is empty, waiting for next request
[2026-08-20 13:51:49.211 Model_Service_4] Model service 4 input queue is empty, waiting for next request
[2026-08-20 13:51:51.434 Model_Service_3] Model service 3 input queue is empty, waiting for next request
[2026-08-20 13:51:51.442 Model_Service_5] Model service 5 input queue is empty, waiting for next request
[2026-08-20 13:51:51.698 Model_Service_1] Model service 1 input queue is empty, waiting for next request
[2026-08-20 13:51:52.418 Model_Service_0] Model service 0 input queue is empty, waiting for next request
[2026-08-20 13:51:52.823 Model_Service_2] Model service 2 input queue is empty, waiting for next request
[2026-08-20 13:51:54.442 Model_Service_4] Model service 4 input queue is empty, waiting for next request
[2026-08-20 13:51:56.682 Model_Service_3] Model service 3 input queue is empty, waiting for next request
[2026-08-20 13:51:56.690 Model_Service_5] Model service 5 input queue is empty, waiting for next request
[2026-08-20 13:51:56.928 Model_Service_1] Model service 1 input queue is empty, waiting for next request
[2026-08-20 13:51:57.665 Model_Service_0] Model service 0 input queue is empty, waiting for next request
[2026-08-20 13:51:58.090 Model_Service_2] Model service 2 input queue is empty, waiting for next request
[2026-08-20 13:51:59.670 Model_Service_4] Model service 4 input queue is empty, waiting for next request
[2026-08-20 13:52:01.914 Model_Service_3] Model service 3 input queue is empty, waiting for next request
[2026-08-20 13:52:01.926 Model_Service_5] Model service 5 input queue is empty, waiting for next request
[2026-08-20 13:52:02.161 Model_Service_1] Model service 1 input queue is empty, waiting for next request
[2026-08-20 13:52:02.896 Model_Service_0] Model service 0 input queue is empty, waiting for next request
[2026-08-20 13:52:03.370 Model_Service_2] Model service 2 input queue is empty, waiting for next request
[2026-08-20 13:52:04.918 Model_Service_4] Model service 4 input queue is empty, waiting for next request
[2026-08-20 13:52:07.150 Model_Service_3] Model service 3 input queue is empty, waiting for next request
[2026-08-20 13:52:07.174 Model_Service_5] Model service 5 input queue is empty, waiting for next request
[2026-08-20 13:52:07.394 Model_Service_1] Model service 1 input queue is empty, waiting for next request
[2026-08-20 13:52:08.126 Model_Service_0] Model service 0 input queue is empty, waiting for next request
[2026-08-20 13:52:08.670 Model_Service_2] Model service 2 input queue is empty, waiting for next request
[2026-08-20 13:52:10.142 Model_Service_4] Model service 4 input queue is empty, waiting for next request
[2026-08-20 13:52:12.407 Model_Service_5] Model service 5 input queue is empty, waiting for next request
[2026-08-20 13:52:12.426 Model_Service_3] Model service 3 input queue is empty, waiting for next request
[2026-08-20 13:52:12.634 Model_Service_1] Model service 1 input queue is empty, waiting for next request
[2026-08-20 13:52:13.362 Model_Service_0] Model service 0 input queue is empty, waiting for next request
[2026-08-20 13:52:13.919 Model_Service_2] Model service 2 input queue is empty, waiting for next request
[2026-08-20 13:52:15.374 Model_Service_4] Model service 4 input queue is empty, waiting for next request
[2026-08-20 13:52:17.686 Model_Service_3] Model service 3 input queue is empty, waiting for next request
[2026-08-20 13:52:17.696 Model_Service_5] Model service 5 input queue is empty, waiting for next request
[2026-08-20 13:52:17.869 Model_Service_1] Model service 1 input queue is empty, waiting for next request
[2026-08-20 13:52:18.595 Model_Service_0] Model service 0 input queue is empty, waiting for next request
[2026-08-20 13:52:19.162 Model_Service_2] Model service 2 input queue is empty, waiting for next request
[2026-08-20 13:52:20.608 Model_Service_4] Model service 4 input queue is empty, waiting for next request
[2026-08-20 13:52:22.928 Model_Service_3] Model service 3 input queue is empty, waiting for next request
[2026-08-20 13:52:22.944 Model_Service_5] Model service 5 input queue is empty, waiting for next request
[2026-08-20 13:52:23.105 Model_Service_1] Model service 1 input queue is empty, waiting for next request
[2026-08-20 13:52:23.826 Model_Service_0] Model service 0 input queue is empty, waiting for next request
[2026-08-20 13:52:24.414 Model_Service_2] Model service 2 input queue is empty, waiting for next request
[2026-08-20 13:52:25.838 Model_Service_4] Model service 4 input queue is empty, waiting for next request
[2026-08-20 13:52:28.170 Model_Service_3] Model service 3 input queue is empty, waiting for next request
[2026-08-20 13:52:28.174 Model_Service_5] Model service 5 input queue is empty, waiting for next request
[2026-08-20 13:52:28.354 Model_Service_1] Model service 1 input queue is empty, waiting for next request
[2026-08-20 13:52:29.066 Model_Service_0] Model service 0 input queue is empty, waiting for next request
[2026-08-20 13:52:29.654 Model_Service_2] Model service 2 input queue is empty, waiting for next request
[2026-08-20 13:52:31.067 Model_Service_4] Model service 4 input queue is empty, waiting for next request
[2026-08-20 13:52:33.421 Model_Service_3] Model service 3 input queue is empty, waiting for next request
[2026-08-20 13:52:33.421 Model_Service_5] Model service 5 input queue is empty, waiting for next request
[2026-08-20 13:52:33.612 Model_Service_1] Model service 1 input queue is empty, waiting for next request
[2026-08-20 13:52:34.298 Model_Service_0] Model service 0 input queue is empty, waiting for next request
[2026-08-20 13:52:34.922 Model_Service_2] Model service 2 input queue is empty, waiting for next request
[2026-08-20 13:52:36.308 Model_Service_4] Model service 4 input queue is empty, waiting for next request
[2026-08-20 13:52:38.658 Model_Service_5] Model service 5 input queue is empty, waiting for next request
[2026-08-20 13:52:38.670 Model_Service_3] Model service 3 input queue is empty, waiting for next request
[2026-08-20 13:52:38.844 Model_Service_1] Model service 1 input queue is empty, waiting for next request
[2026-08-20 13:52:39.530 Model_Service_0] Model service 0 input queue is empty, waiting for next request
[2026-08-20 13:52:40.169 Model_Service_2] Model service 2 input queue is empty, waiting for next request
[2026-08-20 13:52:41.535 Model_Service_4] Model service 4 input queue is empty, waiting for next request
[2026-08-20 13:52:43.890 Model_Service_5] Model service 5 input queue is empty, waiting for next request
[2026-08-20 13:52:43.926 Model_Service_3] Model service 3 input queue is empty, waiting for next request
[2026-08-20 13:52:44.078 Model_Service_1] Model service 1 input queue is empty, waiting for next request
[2026-08-20 13:52:44.763 Model_Service_0] Model service 0 input queue is empty, waiting for next request
[2026-08-20 13:52:45.474 Model_Service_2] Model service 2 input queue is empty, waiting for next request
[2026-08-20 13:52:46.774 Model_Service_4] Model service 4 input queue is empty, waiting for next request
[2026-08-20 13:52:49.122 Model_Service_5] Model service 5 input queue is empty, waiting for next request
[2026-08-20 13:52:49.178 Model_Service_3] Model service 3 input queue is empty, waiting for next request
[2026-08-20 13:52:49.314 Model_Service_1] Model service 1 input queue is empty, waiting for next request
[2026-08-20 13:52:49.994 Model_Service_0] Model service 0 input queue is empty, waiting for next request
[2026-08-20 13:52:50.718 Model_Service_2] Model service 2 input queue is empty, waiting for next request
[2026-08-20 13:52:52.015 Model_Service_4] Model service 4 input queue is empty, waiting for next request
[2026-08-20 13:52:54.354 Model_Service_5] Model service 5 input queue is empty, waiting for next request
[2026-08-20 13:52:54.434 Model_Service_3] Model service 3 input queue is empty, waiting for next request
[2026-08-20 13:52:54.618 Model_Service_1] Model service 1 input queue is empty, waiting for next request
[2026-08-20 13:52:55.227 Model_Service_0] Model service 0 input queue is empty, waiting for next request
[2026-08-20 13:52:55.966 Model_Service_2] Model service 2 input queue is empty, waiting for next request
[2026-08-20 13:52:57.238 Model_Service_4] Model service 4 input queue is empty, waiting for next request
[2026-08-20 13:52:59.596 Model_Service_5] Model service 5 input queue is empty, waiting for next request
[2026-08-20 13:52:59.698 Model_Service_3] Model service 3 input queue is empty, waiting for next request
[2026-08-20 13:52:59.853 Model_Service_1] Model service 1 input queue is empty, waiting for next request
[2026-08-20 13:53:00.459 Model_Service_0] Model service 0 input queue is empty, waiting for next request
[2026-08-20 13:53:01.226 Model_Service_2] Model service 2 input queue is empty, waiting for next request
[2026-08-20 13:53:02.466 Model_Service_4] Model service 4 input queue is empty, waiting for next request
[2026-08-20 13:53:04.826 Model_Service_5] Model service 5 input queue is empty, waiting for next request
[2026-08-20 13:53:04.942 Model_Service_3] Model service 3 input queue is empty, waiting for next request
[2026-08-20 13:53:05.086 Model_Service_1] Model service 1 input queue is empty, waiting for next request
[2026-08-20 13:53:05.694 Model_Service_0] Model service 0 input queue is empty, waiting for next request
[2026-08-20 13:53:06.482 Model_Service_2] Model service 2 input queue is empty, waiting for next request
[2026-08-20 13:53:07.698 Model_Service_4] Model service 4 input queue is empty, waiting for next request
[2026-08-20 13:53:10.062 Model_Service_5] Model service 5 input queue is empty, waiting for next request
[2026-08-20 13:53:10.218 Model_Service_3] Model service 3 input queue is empty, waiting for next request
[2026-08-20 13:53:10.323 Model_Service_1] Model service 1 input queue is empty, waiting for next request
[2026-08-20 13:53:10.942 Model_Service_0] Model service 0 input queue is empty, waiting for next request
[2026-08-20 13:53:11.730 Model_Service_2] Model service 2 input queue is empty, waiting for next request
[2026-08-20 13:53:12.930 Model_Service_4] Model service 4 input queue is empty, waiting for next request
[2026-08-20 13:53:15.307 Model_Service_5] Model service 5 input queue is empty, waiting for next request
[2026-08-20 13:53:15.477 Model_Service_3] Model service 3 input queue is empty, waiting for next request
[2026-08-20 13:53:15.558 Model_Service_1] Model service 1 input queue is empty, waiting for next request
[2026-08-20 13:53:16.206 Model_Service_0] Model service 0 input queue is empty, waiting for next request
[2026-08-20 13:53:16.994 Model_Service_2] Model service 2 input queue is empty, waiting for next request
[2026-08-20 13:53:18.158 Model_Service_4] Model service 4 input queue is empty, waiting for next request
[2026-08-20 13:53:20.538 Model_Service_5] Model service 5 input queue is empty, waiting for next request
[2026-08-20 13:53:20.740 Model_Service_3] Model service 3 input queue is empty, waiting for next request
[2026-08-20 13:53:20.790 Model_Service_1] Model service 1 input queue is empty, waiting for next request
[2026-08-20 13:53:21.450 Model_Service_0] Model service 0 input queue is empty, waiting for next request
[2026-08-20 13:53:22.246 Model_Service_2] Model service 2 input queue is empty, waiting for next request
[2026-08-20 13:53:23.390 Model_Service_4] Model service 4 input queue is empty, waiting for next request
[2026-08-20 13:53:25.787 Model_Service_5] Model service 5 input queue is empty, waiting for next request
[2026-08-20 13:53:25.986 Model_Service_3] Model service 3 input queue is empty, waiting for next request
[2026-08-20 13:53:26.025 Model_Service_1] Model service 1 input queue is empty, waiting for next request
[2026-08-20 13:53:26.690 Model_Service_0] Model service 0 input queue is empty, waiting for next request
[2026-08-20 13:53:27.486 Model_Service_2] Model service 2 input queue is empty, waiting for next request
[2026-08-20 13:53:28.686 Model_Service_4] Model service 4 input queue is empty, waiting for next request
[2026-08-20 13:53:31.026 Model_Service_5] Model service 5 input queue is empty, waiting for next request
[2026-08-20 13:53:31.269 Model_Service_1] Model service 1 input queue is empty, waiting for next request
[2026-08-20 13:53:31.294 Model_Service_3] Model service 3 input queue is empty, waiting for next request
[2026-08-20 13:53:31.926 Model_Service_0] Model service 0 input queue is empty, waiting for next request
[2026-08-20 13:53:32.815 Model_Service_2] Model service 2 input queue is empty, waiting for next request
[2026-08-20 13:53:33.932 Model_Service_4] Model service 4 input queue is empty, waiting for next request
[2026-08-20 13:53:36.264 Model_Service_5] Model service 5 input queue is empty, waiting for next request
[2026-08-20 13:53:36.530 Model_Service_1] Model service 1 input queue is empty, waiting for next request
[2026-08-20 13:53:36.553 Model_Service_3] Model service 3 input queue is empty, waiting for next request
[2026-08-20 13:53:37.162 Model_Service_0] Model service 0 input queue is empty, waiting for next request
[2026-08-20 13:53:38.065 Model_Service_2] Model service 2 input queue is empty, waiting for next request
[2026-08-20 13:53:39.166 Model_Service_4] Model service 4 input queue is empty, waiting for next request
[2026-08-20 13:53:41.498 Model_Service_5] Model service 5 input queue is empty, waiting for next request
[2026-08-20 13:53:41.771 Model_Service_1] Model service 1 input queue is empty, waiting for next request
[2026-08-20 13:53:41.806 Model_Service_3] Model service 3 input queue is empty, waiting for next request
[2026-08-20 13:53:42.400 Model_Service_0] Model service 0 input queue is empty, waiting for next request
[2026-08-20 13:53:43.324 Model_Service_2] Model service 2 input queue is empty, waiting for next request
[2026-08-20 13:53:44.402 Model_Service_4] Model service 4 input queue is empty, waiting for next request
[2026-08-20 13:53:46.738 Model_Service_5] Model service 5 input queue is empty, waiting for next request
[2026-08-20 13:53:47.010 Model_Service_1] Model service 1 input queue is empty, waiting for next request
[2026-08-20 13:53:47.060 Model_Service_3] Model service 3 input queue is empty, waiting for next request
[2026-08-20 13:53:47.634 Model_Service_0] Model service 0 input queue is empty, waiting for next request
[2026-08-20 13:53:48.562 Model_Service_2] Model service 2 input queue is empty, waiting for next request
[2026-08-20 13:53:49.636 Model_Service_4] Model service 4 input queue is empty, waiting for next request
[2026-08-20 13:53:51.970 Model_Service_5] Model service 5 input queue is empty, waiting for next request
[2026-08-20 13:53:52.246 Model_Service_1] Model service 1 input queue is empty, waiting for next request
[2026-08-20 13:53:52.310 Model_Service_3] Model service 3 input queue is empty, waiting for next request
[2026-08-20 13:53:52.870 Model_Service_0] Model service 0 input queue is empty, waiting for next request
[2026-08-20 13:53:53.813 Model_Service_2] Model service 2 input queue is empty, waiting for next request
[2026-08-20 13:53:54.866 Model_Service_4] Model service 4 input queue is empty, waiting for next request
[2026-08-20 13:53:57.216 Model_Service_5] Model service 5 input queue is empty, waiting for next request
[2026-08-20 13:53:57.490 Model_Service_1] Model service 1 input queue is empty, waiting for next request
[2026-08-20 13:53:57.586 Model_Service_3] Model service 3 input queue is empty, waiting for next request
[2026-08-20 13:53:58.114 Model_Service_0] Model service 0 input queue is empty, waiting for next request
[2026-08-20 13:53:59.066 Model_Service_2] Model service 2 input queue is empty, waiting for next request
[2026-08-20 13:54:00.098 Model_Service_4] Model service 4 input queue is empty, waiting for next request
[2026-08-20 13:54:02.447 Model_Service_5] Model service 5 input queue is empty, waiting for next request
[2026-08-20 13:54:02.750 Model_Service_1] Model service 1 input queue is empty, waiting for next request
[2026-08-20 13:54:02.834 Model_Service_3] Model service 3 input queue is empty, waiting for next request
[2026-08-20 13:54:03.422 Model_Service_0] Model service 0 input queue is empty, waiting for next request
[2026-08-20 13:54:04.314 Model_Service_2] Model service 2 input queue is empty, waiting for next request
[2026-08-20 13:54:05.328 Model_Service_4] Model service 4 input queue is empty, waiting for next request
[2026-08-20 13:54:07.677 Model_Service_5] Model service 5 input queue is empty, waiting for next request
[2026-08-20 13:54:07.990 Model_Service_1] Model service 1 input queue is empty, waiting for next request
[2026-08-20 13:54:08.090 Model_Service_3] Model service 3 input queue is empty, waiting for next request
[2026-08-20 13:54:08.658 Model_Service_0] Model service 0 input queue is empty, waiting for next request
[2026-08-20 13:54:09.562 Model_Service_2] Model service 2 input queue is empty, waiting for next request
[2026-08-20 13:54:10.561 Model_Service_4] Model service 4 input queue is empty, waiting for next request
[2026-08-20 13:54:12.907 Model_Service_5] Model service 5 input queue is empty, waiting for next request
[2026-08-20 13:54:13.226 Model_Service_1] Model service 1 input queue is empty, waiting for next request
[2026-08-20 13:54:13.334 Model_Service_3] Model service 3 input queue is empty, waiting for next request
[2026-08-20 13:54:13.896 Model_Service_0] Model service 0 input queue is empty, waiting for next request
[2026-08-20 13:54:14.877 Model_Service_2] Model service 2 input queue is empty, waiting for next request
[2026-08-20 13:54:15.789 Model_Service_4] Model service 4 input queue is empty, waiting for next request
[2026-08-20 13:54:18.136 Model_Service_5] Model service 5 input queue is empty, waiting for next request
[2026-08-20 13:54:18.471 Model_Service_1] Model service 1 input queue is empty, waiting for next request
[2026-08-20 13:54:18.578 Model_Service_3] Model service 3 input queue is empty, waiting for next request
[2026-08-20 13:54:19.126 Model_Service_0] Model service 0 input queue is empty, waiting for next request
[2026-08-20 13:54:20.157 Model_Service_2] Model service 2 input queue is empty, waiting for next request
[2026-08-20 13:54:21.018 Model_Service_4] Model service 4 input queue is empty, waiting for next request
[2026-08-20 13:54:23.383 Model_Service_5] Model service 5 input queue is empty, waiting for next request
[2026-08-20 13:54:23.705 Model_Service_1] Model service 1 input queue is empty, waiting for next request
[2026-08-20 13:54:23.836 Model_Service_3] Model service 3 input queue is empty, waiting for next request
[2026-08-20 13:54:24.360 Model_Service_0] Model service 0 input queue is empty, waiting for next request
[2026-08-20 13:54:25.398 Model_Service_2] Model service 2 input queue is empty, waiting for next request
[2026-08-20 13:54:26.246 Model_Service_4] Model service 4 input queue is empty, waiting for next request
[2026-08-20 13:54:28.613 Model_Service_5] Model service 5 input queue is empty, waiting for next request
[2026-08-20 13:54:29.021 Model_Service_1] Model service 1 input queue is empty, waiting for next request
[2026-08-20 13:54:29.102 Model_Service_3] Model service 3 input queue is empty, waiting for next request
[2026-08-20 13:54:29.590 Model_Service_0] Model service 0 input queue is empty, waiting for next request
[2026-08-20 13:54:30.642 Model_Service_2] Model service 2 input queue is empty, waiting for next request
[2026-08-20 13:54:31.474 Model_Service_4] Model service 4 input queue is empty, waiting for next request
[2026-08-20 13:54:33.850 Model_Service_5] Model service 5 input queue is empty, waiting for next request
[2026-08-20 13:54:34.254 Model_Service_1] Model service 1 input queue is empty, waiting for next request
[2026-08-20 13:54:34.358 Model_Service_3] Model service 3 input queue is empty, waiting for next request
[2026-08-20 13:54:34.826 Model_Service_0] Model service 0 input queue is empty, waiting for next request
[2026-08-20 13:54:35.888 Model_Service_2] Model service 2 input queue is empty, waiting for next request
[2026-08-20 13:54:36.698 Model_Service_4] Model service 4 input queue is empty, waiting for next request
[2026-08-20 13:54:39.084 Model_Service_5] Model service 5 input queue is empty, waiting for next request
[2026-08-20 13:54:39.487 Model_Service_1] Model service 1 input queue is empty, waiting for next request
[2026-08-20 13:54:39.610 Model_Service_3] Model service 3 input queue is empty, waiting for next request
[2026-08-20 13:54:40.062 Model_Service_0] Model service 0 input queue is empty, waiting for next request
[2026-08-20 13:54:41.146 Model_Service_2] Model service 2 input queue is empty, waiting for next request
[2026-08-20 13:54:41.933 Model_Service_4] Model service 4 input queue is empty, waiting for next request
[2026-08-20 13:54:44.326 Model_Service_5] Model service 5 input queue is empty, waiting for next request
[2026-08-20 13:54:44.718 Model_Service_1] Model service 1 input queue is empty, waiting for next request
[2026-08-20 13:54:44.857 Model_Service_3] Model service 3 input queue is empty, waiting for next request
[2026-08-20 13:54:45.299 Model_Service_0] Model service 0 input queue is empty, waiting for next request
[2026-08-20 13:54:46.390 Model_Service_2] Model service 2 input queue is empty, waiting for next request
[2026-08-20 13:54:47.166 Model_Service_4] Model service 4 input queue is empty, waiting for next request
[2026-08-20 13:54:49.555 Model_Service_5] Model service 5 input queue is empty, waiting for next request
[2026-08-20 13:54:49.948 Model_Service_1] Model service 1 input queue is empty, waiting for next request
[2026-08-20 13:54:50.173 Model_Service_3] Model service 3 input queue is empty, waiting for next request
[2026-08-20 13:54:50.537 Model_Service_0] Model service 0 input queue is empty, waiting for next request
[2026-08-20 13:54:51.650 Model_Service_2] Model service 2 input queue is empty, waiting for next request
[2026-08-20 13:54:52.402 Model_Service_4] Model service 4 input queue is empty, waiting for next request
[2026-08-20 13:54:54.784 Model_Service_5] Model service 5 input queue is empty, waiting for next request
[2026-08-20 13:54:55.181 Model_Service_1] Model service 1 input queue is empty, waiting for next request
[2026-08-20 13:54:55.422 Model_Service_3] Model service 3 input queue is empty, waiting for next request
[2026-08-20 13:54:55.775 Model_Service_0] Model service 0 input queue is empty, waiting for next request
[2026-08-20 13:54:56.910 Model_Service_2] Model service 2 input queue is empty, waiting for next request
[2026-08-20 13:54:57.650 Model_Service_4] Model service 4 input queue is empty, waiting for next request
[2026-08-20 13:55:00.014 Model_Service_5] Model service 5 input queue is empty, waiting for next request
[2026-08-20 13:55:00.414 Model_Service_1] Model service 1 input queue is empty, waiting for next request
[2026-08-20 13:55:00.682 Model_Service_3] Model service 3 input queue is empty, waiting for next request
[2026-08-20 13:55:01.013 Model_Service_0] Model service 0 input queue is empty, waiting for next request
[2026-08-20 13:55:02.163 Model_Service_2] Model service 2 input queue is empty, waiting for next request
[2026-08-20 13:55:02.882 Model_Service_4] Model service 4 input queue is empty, waiting for next request
[2026-08-20 13:55:05.245 Model_Service_5] Model service 5 input queue is empty, waiting for next request
[2026-08-20 13:55:05.642 Model_Service_1] Model service 1 input queue is empty, waiting for next request
[2026-08-20 13:55:05.936 Model_Service_3] Model service 3 input queue is empty, waiting for next request
[2026-08-20 13:55:06.249 Model_Service_0] Model service 0 input queue is empty, waiting for next request
[2026-08-20 13:55:07.415 Model_Service_2] Model service 2 input queue is empty, waiting for next request
[2026-08-20 13:55:08.122 Model_Service_4] Model service 4 input queue is empty, waiting for next request
[2026-08-20 13:55:10.474 Model_Service_5] Model service 5 input queue is empty, waiting for next request
[2026-08-20 13:55:10.873 Model_Service_1] Model service 1 input queue is empty, waiting for next request
[2026-08-20 13:55:11.185 Model_Service_3] Model service 3 input queue is empty, waiting for next request
[2026-08-20 13:55:11.482 Model_Service_0] Model service 0 input queue is empty, waiting for next request
[2026-08-20 13:55:12.738 Model_Service_2] Model service 2 input queue is empty, waiting for next request
[2026-08-20 13:55:13.358 Model_Service_4] Model service 4 input queue is empty, waiting for next request
[2026-08-20 13:55:15.706 Model_Service_5] Model service 5 input queue is empty, waiting for next request
[2026-08-20 13:55:16.102 Model_Service_1] Model service 1 input queue is empty, waiting for next request
[2026-08-20 13:55:16.430 Model_Service_3] Model service 3 input queue is empty, waiting for next request
[2026-08-20 13:55:16.716 Model_Service_0] Model service 0 input queue is empty, waiting for next request
[2026-08-20 13:55:17.986 Model_Service_2] Model service 2 input queue is empty, waiting for next request
[2026-08-20 13:55:18.594 Model_Service_4] Model service 4 input queue is empty, waiting for next request
[2026-08-20 13:55:20.942 Model_Service_5] Model service 5 input queue is empty, waiting for next request
[2026-08-20 13:55:21.355 Model_Service_1] Model service 1 input queue is empty, waiting for next request
[2026-08-20 13:55:21.674 Model_Service_3] Model service 3 input queue is empty, waiting for next request
[2026-08-20 13:55:21.967 Model_Service_0] Model service 0 input queue is empty, waiting for next request
[2026-08-20 13:55:23.243 Model_Service_2] Model service 2 input queue is empty, waiting for next request
[2026-08-20 13:55:23.826 Model_Service_4] Model service 4 input queue is empty, waiting for next request
[2026-08-20 13:55:26.190 Model_Service_5] Model service 5 input queue is empty, waiting for next request
[2026-08-20 13:55:26.590 Model_Service_1] Model service 1 input queue is empty, waiting for next request
[2026-08-20 13:55:26.918 Model_Service_3] Model service 3 input queue is empty, waiting for next request
[2026-08-20 13:55:27.202 Model_Service_0] Model service 0 input queue is empty, waiting for next request
[2026-08-20 13:55:28.494 Model_Service_2] Model service 2 input queue is empty, waiting for next request
[2026-08-20 13:55:29.050 Model_Service_4] Model service 4 input queue is empty, waiting for next request
[2026-08-20 13:55:31.463 Model_Service_5] Model service 5 input queue is empty, waiting for next request
[2026-08-20 13:55:31.825 Model_Service_1] Model service 1 input queue is empty, waiting for next request
[2026-08-20 13:55:32.162 Model_Service_3] Model service 3 input queue is empty, waiting for next request
[2026-08-20 13:55:32.437 Model_Service_0] Model service 0 input queue is empty, waiting for next request
[2026-08-20 13:55:33.751 Model_Service_2] Model service 2 input queue is empty, waiting for next request
[2026-08-20 13:55:34.276 Model_Service_4] Model service 4 input queue is empty, waiting for next request
[2026-08-20 13:55:36.690 Model_Service_5] Model service 5 input queue is empty, waiting for next request
[2026-08-20 13:55:37.058 Model_Service_1] Model service 1 input queue is empty, waiting for next request
[2026-08-20 13:55:37.418 Model_Service_3] Model service 3 input queue is empty, waiting for next request
[2026-08-20 13:55:37.682 Model_Service_0] Model service 0 input queue is empty, waiting for next request
[2026-08-20 13:55:39.010 Model_Service_2] Model service 2 input queue is empty, waiting for next request
[2026-08-20 13:55:39.507 Model_Service_4] Model service 4 input queue is empty, waiting for next request
[2026-08-20 13:55:41.918 Model_Service_5] Model service 5 input queue is empty, waiting for next request
[2026-08-20 13:55:42.290 Model_Service_1] Model service 1 input queue is empty, waiting for next request
[2026-08-20 13:55:42.662 Model_Service_3] Model service 3 input queue is empty, waiting for next request
[2026-08-20 13:55:42.926 Model_Service_0] Model service 0 input queue is empty, waiting for next request
[2026-08-20 13:55:44.283 Model_Service_2] Model service 2 input queue is empty, waiting for next request
[2026-08-20 13:55:44.738 Model_Service_4] Model service 4 input queue is empty, waiting for next request
[2026-08-20 13:55:47.150 Model_Service_5] Model service 5 input queue is empty, waiting for next request
[2026-08-20 13:55:47.526 Model_Service_1] Model service 1 input queue is empty, waiting for next request
[2026-08-20 13:55:47.922 Model_Service_3] Model service 3 input queue is empty, waiting for next request
[2026-08-20 13:55:48.163 Model_Service_0] Model service 0 input queue is empty, waiting for next request
[2026-08-20 13:55:49.538 Model_Service_2] Model service 2 input queue is empty, waiting for next request
[2026-08-20 13:55:50.037 Model_Service_4] Model service 4 input queue is empty, waiting for next request
[2026-08-20 13:55:52.390 Model_Service_5] Model service 5 input queue is empty, waiting for next request
[2026-08-20 13:55:52.771 Model_Service_1] Model service 1 input queue is empty, waiting for next request
[2026-08-20 13:55:53.174 Model_Service_3] Model service 3 input queue is empty, waiting for next request
[2026-08-20 13:55:53.398 Model_Service_0] Model service 0 input queue is empty, waiting for next request
[2026-08-20 13:55:54.778 Model_Service_2] Model service 2 input queue is empty, waiting for next request
[2026-08-20 13:55:55.270 Model_Service_4] Model service 4 input queue is empty, waiting for next request
[2026-08-20 13:55:57.623 Model_Service_5] Model service 5 input queue is empty, waiting for next request
[2026-08-20 13:55:58.025 Model_Service_1] Model service 1 input queue is empty, waiting for next request
[2026-08-20 13:55:58.423 Model_Service_3] Model service 3 input queue is empty, waiting for next request
[2026-08-20 13:55:58.630 Model_Service_0] Model service 0 input queue is empty, waiting for next request
[2026-08-20 13:56:00.021 Model_Service_2] Model service 2 input queue is empty, waiting for next request
[2026-08-20 13:56:00.498 Model_Service_4] Model service 4 input queue is empty, waiting for next request
[2026-08-20 13:56:02.865 Model_Service_5] Model service 5 input queue is empty, waiting for next request
[2026-08-20 13:56:03.266 Model_Service_1] Model service 1 input queue is empty, waiting for next request
[2026-08-20 13:56:03.670 Model_Service_3] Model service 3 input queue is empty, waiting for next request
[2026-08-20 13:56:03.869 Model_Service_0] Model service 0 input queue is empty, waiting for next request
[2026-08-20 13:56:05.263 Model_Service_2] Model service 2 input queue is empty, waiting for next request
[2026-08-20 13:56:05.729 Model_Service_4] Model service 4 input queue is empty, waiting for next request
[2026-08-20 13:56:08.093 Model_Service_5] Model service 5 input queue is empty, waiting for next request
[2026-08-20 13:56:08.503 Model_Service_1] Model service 1 input queue is empty, waiting for next request
[2026-08-20 13:56:08.973 Model_Service_3] Model service 3 input queue is empty, waiting for next request
[2026-08-20 13:56:09.109 Model_Service_0] Model service 0 input queue is empty, waiting for next request
[2026-08-20 13:56:10.526 Model_Service_2] Model service 2 input queue is empty, waiting for next request
[2026-08-20 13:56:10.956 Model_Service_4] Model service 4 input queue is empty, waiting for next request
[2026-08-20 13:56:13.321 Model_Service_5] Model service 5 input queue is empty, waiting for next request
[2026-08-20 13:56:13.738 Model_Service_1] Model service 1 input queue is empty, waiting for next request
[2026-08-20 13:56:14.237 Model_Service_3] Model service 3 input queue is empty, waiting for next request
[2026-08-20 13:56:14.346 Model_Service_0] Model service 0 input queue is empty, waiting for next request
[2026-08-20 13:56:15.770 Model_Service_2] Model service 2 input queue is empty, waiting for next request
[2026-08-20 13:56:16.202 Model_Service_4] Model service 4 input queue is empty, waiting for next request
[2026-08-20 13:56:18.552 Model_Service_5] Model service 5 input queue is empty, waiting for next request
[2026-08-20 13:56:18.976 Model_Service_1] Model service 1 input queue is empty, waiting for next request
[2026-08-20 13:56:19.490 Model_Service_3] Model service 3 input queue is empty, waiting for next request
[2026-08-20 13:56:19.614 Model_Service_0] Model service 0 input queue is empty, waiting for next request
[2026-08-20 13:56:21.010 Model_Service_2] Model service 2 input queue is empty, waiting for next request
[2026-08-20 13:56:21.433 Model_Service_4] Model service 4 input queue is empty, waiting for next request
[2026-08-20 13:56:23.781 Model_Service_5] Model service 5 input queue is empty, waiting for next request
[2026-08-20 13:56:24.206 Model_Service_1] Model service 1 input queue is empty, waiting for next request
[2026-08-20 13:56:24.752 Model_Service_3] Model service 3 input queue is empty, waiting for next request
[2026-08-20 13:56:24.850 Model_Service_0] Model service 0 input queue is empty, waiting for next request
[2026-08-20 13:56:26.258 Model_Service_2] Model service 2 input queue is empty, waiting for next request
[2026-08-20 13:56:26.691 Model_Service_4] Model service 4 input queue is empty, waiting for next request
[2026-08-20 13:56:29.009 Model_Service_5] Model service 5 input queue is empty, waiting for next request
[2026-08-20 13:56:29.498 Model_Service_1] Model service 1 input queue is empty, waiting for next request
[2026-08-20 13:56:30.002 Model_Service_3] Model service 3 input queue is empty, waiting for next request
[2026-08-20 13:56:30.083 Model_Service_0] Model service 0 input queue is empty, waiting for next request
[2026-08-20 13:56:31.568 Model_Service_2] Model service 2 input queue is empty, waiting for next request
[2026-08-20 13:56:31.925 Model_Service_4] Model service 4 input queue is empty, waiting for next request
[2026-08-20 13:56:34.251 Model_Service_5] Model service 5 input queue is empty, waiting for next request
[2026-08-20 13:56:34.734 Model_Service_1] Model service 1 input queue is empty, waiting for next request
[2026-08-20 13:56:35.258 Model_Service_3] Model service 3 input queue is empty, waiting for next request
[2026-08-20 13:56:35.319 Model_Service_0] Model service 0 input queue is empty, waiting for next request
[2026-08-20 13:56:36.810 Model_Service_2] Model service 2 input queue is empty, waiting for next request
[2026-08-20 13:56:37.167 Model_Service_4] Model service 4 input queue is empty, waiting for next request
[2026-08-20 13:56:39.478 Model_Service_5] Model service 5 input queue is empty, waiting for next request
[2026-08-20 13:56:39.978 Model_Service_1] Model service 1 input queue is empty, waiting for next request
[2026-08-20 13:56:40.518 Model_Service_3] Model service 3 input queue is empty, waiting for next request
[2026-08-20 13:56:40.574 Model_Service_0] Model service 0 input queue is empty, waiting for next request
[2026-08-20 13:56:42.046 Model_Service_2] Model service 2 input queue is empty, waiting for next request
[2026-08-20 13:56:42.410 Model_Service_4] Model service 4 input queue is empty, waiting for next request
[2026-08-20 13:56:44.707 Model_Service_5] Model service 5 input queue is empty, waiting for next request
[2026-08-20 13:56:45.217 Model_Service_1] Model service 1 input queue is empty, waiting for next request
[2026-08-20 13:56:45.774 Model_Service_3] Model service 3 input queue is empty, waiting for next request
[2026-08-20 13:56:45.825 Model_Service_0] Model service 0 input queue is empty, waiting for next request
[2026-08-20 13:56:47.290 Model_Service_2] Model service 2 input queue is empty, waiting for next request
[2026-08-20 13:56:47.646 Model_Service_4] Model service 4 input queue is empty, waiting for next request
[2026-08-20 13:56:49.967 Model_Service_5] Model service 5 input queue is empty, waiting for next request
[2026-08-20 13:56:50.454 Model_Service_1] Model service 1 input queue is empty, waiting for next request
[2026-08-20 13:56:51.034 Model_Service_3] Model service 3 input queue is empty, waiting for next request
[2026-08-20 13:56:51.066 Model_Service_0] Model service 0 input queue is empty, waiting for next request
[2026-08-20 13:56:52.534 Model_Service_2] Model service 2 input queue is empty, waiting for next request
[2026-08-20 13:56:52.880 Model_Service_4] Model service 4 input queue is empty, waiting for next request
[2026-08-20 13:56:55.202 Model_Service_5] Model service 5 input queue is empty, waiting for next request
[2026-08-20 13:56:55.690 Model_Service_1] Model service 1 input queue is empty, waiting for next request
[2026-08-20 13:56:56.286 Model_Service_3] Model service 3 input queue is empty, waiting for next request
[2026-08-20 13:56:56.306 Model_Service_0] Model service 0 input queue is empty, waiting for next request
[2026-08-20 13:56:57.774 Model_Service_2] Model service 2 input queue is empty, waiting for next request
[2026-08-20 13:56:58.111 Model_Service_4] Model service 4 input queue is empty, waiting for next request
[2026-08-20 13:57:00.432 Model_Service_5] Model service 5 input queue is empty, waiting for next request
[2026-08-20 13:57:00.927 Model_Service_1] Model service 1 input queue is empty, waiting for next request
[2026-08-20 13:57:01.542 Model_Service_3] Model service 3 input queue is empty, waiting for next request
[2026-08-20 13:57:01.543 Model_Service_0] Model service 0 input queue is empty, waiting for next request
[2026-08-20 13:57:03.018 Model_Service_2] Model service 2 input queue is empty, waiting for next request
[2026-08-20 13:57:03.342 Model_Service_4] Model service 4 input queue is empty, waiting for next request
[2026-08-20 13:57:05.658 Model_Service_5] Model service 5 input queue is empty, waiting for next request
[2026-08-20 13:57:06.165 Model_Service_1] Model service 1 input queue is empty, waiting for next request
[2026-08-20 13:57:06.780 Model_Service_0] Model service 0 input queue is empty, waiting for next request
[2026-08-20 13:57:06.814 Model_Service_3] Model service 3 input queue is empty, waiting for next request
[2026-08-20 13:57:08.258 Model_Service_2] Model service 2 input queue is empty, waiting for next request
[2026-08-20 13:57:08.574 Model_Service_4] Model service 4 input queue is empty, waiting for next request
[2026-08-20 13:57:10.886 Model_Service_5] Model service 5 input queue is empty, waiting for next request
[2026-08-20 13:57:11.410 Model_Service_1] Model service 1 input queue is empty, waiting for next request
[2026-08-20 13:57:12.027 Model_Service_0] Model service 0 input queue is empty, waiting for next request
[2026-08-20 13:57:12.066 Model_Service_3] Model service 3 input queue is empty, waiting for next request
[2026-08-20 13:57:13.501 Model_Service_2] Model service 2 input queue is empty, waiting for next request
[2026-08-20 13:57:13.806 Model_Service_4] Model service 4 input queue is empty, waiting for next request
[2026-08-20 13:57:16.126 Model_Service_5] Model service 5 input queue is empty, waiting for next request
[2026-08-20 13:57:16.656 Model_Service_1] Model service 1 input queue is empty, waiting for next request
[2026-08-20 13:57:17.274 Model_Service_0] Model service 0 input queue is empty, waiting for next request
[2026-08-20 13:57:17.314 Model_Service_3] Model service 3 input queue is empty, waiting for next request
[2026-08-20 13:57:18.747 Model_Service_2] Model service 2 input queue is empty, waiting for next request
[2026-08-20 13:57:19.042 Model_Service_4] Model service 4 input queue is empty, waiting for next request
[2026-08-20 13:57:21.354 Model_Service_5] Model service 5 input queue is empty, waiting for next request
[2026-08-20 13:57:21.890 Model_Service_1] Model service 1 input queue is empty, waiting for next request
[2026-08-20 13:57:22.510 Model_Service_0] Model service 0 input queue is empty, waiting for next request
[2026-08-20 13:57:22.566 Model_Service_3] Model service 3 input queue is empty, waiting for next request
[2026-08-20 13:57:24.007 Model_Service_2] Model service 2 input queue is empty, waiting for next request
[2026-08-20 13:57:24.271 Model_Service_4] Model service 4 input queue is empty, waiting for next request
[2026-08-20 13:57:26.590 Model_Service_5] Model service 5 input queue is empty, waiting for next request
[2026-08-20 13:57:27.125 Model_Service_1] Model service 1 input queue is empty, waiting for next request
[2026-08-20 13:57:27.746 Model_Service_0] Model service 0 input queue is empty, waiting for next request
[2026-08-20 13:57:27.879 Model_Service_3] Model service 3 input queue is empty, waiting for next request
[2026-08-20 13:57:29.254 Model_Service_2] Model service 2 input queue is empty, waiting for next request
[2026-08-20 13:57:29.498 Model_Service_4] Model service 4 input queue is empty, waiting for next request
[2026-08-20 13:57:31.822 Model_Service_5] Model service 5 input queue is empty, waiting for next request
[2026-08-20 13:57:32.362 Model_Service_1] Model service 1 input queue is empty, waiting for next request
[2026-08-20 13:57:32.978 Model_Service_0] Model service 0 input queue is empty, waiting for next request
[2026-08-20 13:57:33.133 Model_Service_3] Model service 3 input queue is empty, waiting for next request
[2026-08-20 13:57:34.510 Model_Service_2] Model service 2 input queue is empty, waiting for next request
[2026-08-20 13:57:34.730 Model_Service_4] Model service 4 input queue is empty, waiting for next request
[2026-08-20 13:57:37.054 Model_Service_5] Model service 5 input queue is empty, waiting for next request
[2026-08-20 13:57:37.598 Model_Service_1] Model service 1 input queue is empty, waiting for next request
[2026-08-20 13:57:38.214 Model_Service_0] Model service 0 input queue is empty, waiting for next request
[2026-08-20 13:57:38.396 Model_Service_3] Model service 3 input queue is empty, waiting for next request
[2026-08-20 13:57:39.774 Model_Service_2] Model service 2 input queue is empty, waiting for next request
[2026-08-20 13:57:39.962 Model_Service_4] Model service 4 input queue is empty, waiting for next request
[2026-08-20 13:57:42.289 Model_Service_5] Model service 5 input queue is empty, waiting for next request
[2026-08-20 13:57:42.835 Model_Service_1] Model service 1 input queue is empty, waiting for next request
[2026-08-20 13:57:43.506 Model_Service_0] Model service 0 input queue is empty, waiting for next request
[2026-08-20 13:57:43.675 Model_Service_3] Model service 3 input queue is empty, waiting for next request
[2026-08-20 13:57:45.013 Model_Service_2] Model service 2 input queue is empty, waiting for next request
[2026-08-20 13:57:45.201 Model_Service_4] Model service 4 input queue is empty, waiting for next request
[2026-08-20 13:57:47.530 Model_Service_5] Model service 5 input queue is empty, waiting for next request
[2026-08-20 13:57:48.070 Model_Service_1] Model service 1 input queue is empty, waiting for next request
[2026-08-20 13:57:48.770 Model_Service_0] Model service 0 input queue is empty, waiting for next request
[2026-08-20 13:57:48.934 Model_Service_3] Model service 3 input queue is empty, waiting for next request
[2026-08-20 13:57:50.254 Model_Service_2] Model service 2 input queue is empty, waiting for next request
[2026-08-20 13:57:50.438 Model_Service_4] Model service 4 input queue is empty, waiting for next request
[2026-08-20 13:57:52.774 Model_Service_5] Model service 5 input queue is empty, waiting for next request
[2026-08-20 13:57:53.306 Model_Service_1] Model service 1 input queue is empty, waiting for next request
[2026-08-20 13:57:54.012 Model_Service_0] Model service 0 input queue is empty, waiting for next request
[2026-08-20 13:57:54.182 Model_Service_3] Model service 3 input queue is empty, waiting for next request
[2026-08-20 13:57:55.562 Model_Service_2] Model service 2 input queue is empty, waiting for next request
[2026-08-20 13:57:55.682 Model_Service_4] Model service 4 input queue is empty, waiting for next request
[2026-08-20 13:57:58.021 Model_Service_5] Model service 5 input queue is empty, waiting for next request
[2026-08-20 13:57:58.540 Model_Service_1] Model service 1 input queue is empty, waiting for next request
[2026-08-20 13:57:59.249 Model_Service_0] Model service 0 input queue is empty, waiting for next request
[2026-08-20 13:57:59.427 Model_Service_3] Model service 3 input queue is empty, waiting for next request
[2026-08-20 13:58:00.822 Model_Service_2] Model service 2 input queue is empty, waiting for next request
[2026-08-20 13:58:00.915 Model_Service_4] Model service 4 input queue is empty, waiting for next request
[2026-08-20 13:58:03.258 Model_Service_5] Model service 5 input queue is empty, waiting for next request
[2026-08-20 13:58:03.774 Model_Service_1] Model service 1 input queue is empty, waiting for next request
[2026-08-20 13:58:04.490 Model_Service_0] Model service 0 input queue is empty, waiting for next request
[2026-08-20 13:58:04.679 Model_Service_3] Model service 3 input queue is empty, waiting for next request
[2026-08-20 13:58:06.070 Model_Service_2] Model service 2 input queue is empty, waiting for next request
[2026-08-20 13:58:06.161 Model_Service_4] Model service 4 input queue is empty, waiting for next request
[2026-08-20 13:58:08.486 Model_Service_5] Model service 5 input queue is empty, waiting for next request
[2026-08-20 13:58:09.014 Model_Service_1] Model service 1 input queue is empty, waiting for next request
[2026-08-20 13:58:09.746 Model_Service_0] Model service 0 input queue is empty, waiting for next request
[2026-08-20 13:58:09.930 Model_Service_3] Model service 3 input queue is empty, waiting for next request
[2026-08-20 13:58:11.314 Model_Service_2] Model service 2 input queue is empty, waiting for next request
[2026-08-20 13:58:11.388 Model_Service_4] Model service 4 input queue is empty, waiting for next request
[2026-08-20 13:58:13.717 Model_Service_5] Model service 5 input queue is empty, waiting for next request
[2026-08-20 13:58:14.253 Model_Service_1] Model service 1 input queue is empty, waiting for next request
[2026-08-20 13:58:14.994 Model_Service_0] Model service 0 input queue is empty, waiting for next request
[2026-08-20 13:58:15.182 Model_Service_3] Model service 3 input queue is empty, waiting for next request
[2026-08-20 13:58:16.558 Model_Service_2] Model service 2 input queue is empty, waiting for next request
[2026-08-20 13:58:16.618 Model_Service_4] Model service 4 input queue is empty, waiting for next request
[2026-08-20 13:58:18.954 Model_Service_5] Model service 5 input queue is empty, waiting for next request
[2026-08-20 13:58:19.510 Model_Service_1] Model service 1 input queue is empty, waiting for next request
[2026-08-20 13:58:20.253 Model_Service_0] Model service 0 input queue is empty, waiting for next request
[2026-08-20 13:58:20.446 Model_Service_3] Model service 3 input queue is empty, waiting for next request
[2026-08-20 13:58:21.810 Model_Service_2] Model service 2 input queue is empty, waiting for next request
[2026-08-20 13:58:21.853 Model_Service_4] Model service 4 input queue is empty, waiting for next request
[2026-08-20 13:58:24.188 Model_Service_5] Model service 5 input queue is empty, waiting for next request
[2026-08-20 13:58:24.746 Model_Service_1] Model service 1 input queue is empty, waiting for next request
[2026-08-20 13:58:25.501 Model_Service_0] Model service 0 input queue is empty, waiting for next request
[2026-08-20 13:58:25.715 Model_Service_3] Model service 3 input queue is empty, waiting for next request
[2026-08-20 13:58:27.046 Model_Service_2] Model service 2 input queue is empty, waiting for next request
[2026-08-20 13:58:27.087 Model_Service_4] Model service 4 input queue is empty, waiting for next request
[2026-08-20 13:58:29.430 Model_Service_5] Model service 5 input queue is empty, waiting for next request
[2026-08-20 13:58:29.978 Model_Service_1] Model service 1 input queue is empty, waiting for next request
[2026-08-20 13:58:30.750 Model_Service_0] Model service 0 input queue is empty, waiting for next request
[2026-08-20 13:58:30.962 Model_Service_3] Model service 3 input queue is empty, waiting for next request
[2026-08-20 13:58:32.294 Model_Service_2] Model service 2 input queue is empty, waiting for next request
[2026-08-20 13:58:32.330 Model_Service_4] Model service 4 input queue is empty, waiting for next request
[2026-08-20 13:58:34.714 Model_Service_5] Model service 5 input queue is empty, waiting for next request
[2026-08-20 13:58:35.211 Model_Service_1] Model service 1 input queue is empty, waiting for next request
[2026-08-20 13:58:36.005 Model_Service_0] Model service 0 input queue is empty, waiting for next request
[2026-08-20 13:58:36.211 Model_Service_3] Model service 3 input queue is empty, waiting for next request
[2026-08-20 13:58:37.534 Model_Service_2] Model service 2 input queue is empty, waiting for next request
[2026-08-20 13:58:37.562 Model_Service_4] Model service 4 input queue is empty, waiting for next request
[2026-08-20 13:58:39.969 Model_Service_5] Model service 5 input queue is empty, waiting for next request
[2026-08-20 13:58:40.458 Model_Service_1] Model service 1 input queue is empty, waiting for next request
[2026-08-20 13:58:41.233 Model_Service_0] Model service 0 input queue is empty, waiting for next request
[2026-08-20 13:58:41.534 Model_Service_3] Model service 3 input queue is empty, waiting for next request
[2026-08-20 13:58:42.778 Model_Service_2] Model service 2 input queue is empty, waiting for next request
[2026-08-20 13:58:42.798 Model_Service_4] Model service 4 input queue is empty, waiting for next request
[2026-08-20 13:58:45.207 Model_Service_5] Model service 5 input queue is empty, waiting for next request
[2026-08-20 13:58:45.695 Model_Service_1] Model service 1 input queue is empty, waiting for next request
[2026-08-20 13:58:46.458 Model_Service_0] Model service 0 input queue is empty, waiting for next request
[2026-08-20 13:58:46.795 Model_Service_3] Model service 3 input queue is empty, waiting for next request
[2026-08-20 13:58:48.022 Model_Service_2] Model service 2 input queue is empty, waiting for next request
[2026-08-20 13:58:48.032 Model_Service_4] Model service 4 input queue is empty, waiting for next request
[2026-08-20 13:58:50.435 Model_Service_5] Model service 5 input queue is empty, waiting for next request
[2026-08-20 13:58:50.942 Model_Service_1] Model service 1 input queue is empty, waiting for next request
[2026-08-20 13:58:51.686 Model_Service_0] Model service 0 input queue is empty, waiting for next request
[2026-08-20 13:58:52.042 Model_Service_3] Model service 3 input queue is empty, waiting for next request
[2026-08-20 13:58:53.267 Model_Service_4] Model service 4 input queue is empty, waiting for next request
[2026-08-20 13:58:53.268 Model_Service_2] Model service 2 input queue is empty, waiting for next request
[2026-08-20 13:58:55.666 Model_Service_5] Model service 5 input queue is empty, waiting for next request
[2026-08-20 13:58:56.186 Model_Service_1] Model service 1 input queue is empty, waiting for next request
[2026-08-20 13:58:56.920 Model_Service_0] Model service 0 input queue is empty, waiting for next request
[2026-08-20 13:58:57.299 Model_Service_3] Model service 3 input queue is empty, waiting for next request
[2026-08-20 13:58:58.498 Model_Service_4] Model service 4 input queue is empty, waiting for next request
[2026-08-20 13:58:58.514 Model_Service_2] Model service 2 input queue is empty, waiting for next request
[2026-08-20 13:59:00.899 Model_Service_5] Model service 5 input queue is empty, waiting for next request
[2026-08-20 13:59:01.490 Model_Service_1] Model service 1 input queue is empty, waiting for next request
[2026-08-20 13:59:02.166 Model_Service_0] Model service 0 input queue is empty, waiting for next request
[2026-08-20 13:59:02.559 Model_Service_3] Model service 3 input queue is empty, waiting for next request
[2026-08-20 13:59:03.730 Model_Service_4] Model service 4 input queue is empty, waiting for next request
[2026-08-20 13:59:03.775 Model_Service_2] Model service 2 input queue is empty, waiting for next request
[2026-08-20 13:59:06.126 Model_Service_5] Model service 5 input queue is empty, waiting for next request
[2026-08-20 13:59:06.738 Model_Service_1] Model service 1 input queue is empty, waiting for next request
[2026-08-20 13:59:07.398 Model_Service_0] Model service 0 input queue is empty, waiting for next request
[2026-08-20 13:59:07.826 Model_Service_3] Model service 3 input queue is empty, waiting for next request
[2026-08-20 13:59:08.954 Model_Service_4] Model service 4 input queue is empty, waiting for next request
[2026-08-20 13:59:09.032 Model_Service_2] Model service 2 input queue is empty, waiting for next request
[2026-08-20 13:59:11.358 Model_Service_5] Model service 5 input queue is empty, waiting for next request
[2026-08-20 13:59:11.982 Model_Service_1] Model service 1 input queue is empty, waiting for next request
[2026-08-20 13:59:12.642 Model_Service_0] Model service 0 input queue is empty, waiting for next request
[2026-08-20 13:59:13.082 Model_Service_3] Model service 3 input queue is empty, waiting for next request
[2026-08-20 13:59:14.186 Model_Service_4] Model service 4 input queue is empty, waiting for next request
[2026-08-20 13:59:14.281 Model_Service_2] Model service 2 input queue is empty, waiting for next request
[2026-08-20 13:59:16.586 Model_Service_5] Model service 5 input queue is empty, waiting for next request
[2026-08-20 13:59:17.221 Model_Service_1] Model service 1 input queue is empty, waiting for next request
[2026-08-20 13:59:17.874 Model_Service_0] Model service 0 input queue is empty, waiting for next request
[2026-08-20 13:59:18.346 Model_Service_3] Model service 3 input queue is empty, waiting for next request
[2026-08-20 13:59:19.446 Model_Service_4] Model service 4 input queue is empty, waiting for next request
[2026-08-20 13:59:19.579 Model_Service_2] Model service 2 input queue is empty, waiting for next request
[2026-08-20 13:59:21.830 Model_Service_5] Model service 5 input queue is empty, waiting for next request
[2026-08-20 13:59:22.458 Model_Service_1] Model service 1 input queue is empty, waiting for next request
[2026-08-20 13:59:23.109 Model_Service_0] Model service 0 input queue is empty, waiting for next request
[2026-08-20 13:59:23.616 Model_Service_3] Model service 3 input queue is empty, waiting for next request
[2026-08-20 13:59:24.702 Model_Service_4] Model service 4 input queue is empty, waiting for next request
[2026-08-20 13:59:24.816 Model_Service_2] Model service 2 input queue is empty, waiting for next request
[2026-08-20 13:59:27.070 Model_Service_5] Model service 5 input queue is empty, waiting for next request
[2026-08-20 13:59:27.694 Model_Service_1] Model service 1 input queue is empty, waiting for next request
[2026-08-20 13:59:28.345 Model_Service_0] Model service 0 input queue is empty, waiting for next request
[2026-08-20 13:59:28.866 Model_Service_3] Model service 3 input queue is empty, waiting for next request
[2026-08-20 13:59:29.958 Model_Service_4] Model service 4 input queue is empty, waiting for next request
[2026-08-20 13:59:30.053 Model_Service_2] Model service 2 input queue is empty, waiting for next request
[2026-08-20 13:59:32.299 Model_Service_5] Model service 5 input queue is empty, waiting for next request
[2026-08-20 13:59:32.934 Model_Service_1] Model service 1 input queue is empty, waiting for next request
[2026-08-20 13:59:33.573 Model_Service_0] Model service 0 input queue is empty, waiting for next request
[2026-08-20 13:59:34.122 Model_Service_3] Model service 3 input queue is empty, waiting for next request
[2026-08-20 13:59:35.266 Model_Service_4] Model service 4 input queue is empty, waiting for next request
[2026-08-20 13:59:35.294 Model_Service_2] Model service 2 input queue is empty, waiting for next request
[2026-08-20 13:59:37.526 Model_Service_5] Model service 5 input queue is empty, waiting for next request
[2026-08-20 13:59:38.173 Model_Service_1] Model service 1 input queue is empty, waiting for next request
[2026-08-20 13:59:38.798 Model_Service_0] Model service 0 input queue is empty, waiting for next request
[2026-08-20 13:59:39.374 Model_Service_3] Model service 3 input queue is empty, waiting for next request
[2026-08-20 13:59:40.532 Model_Service_4] Model service 4 input queue is empty, waiting for next request
[2026-08-20 13:59:40.538 Model_Service_2] Model service 2 input queue is empty, waiting for next request
[2026-08-20 13:59:42.754 Model_Service_5] Model service 5 input queue is empty, waiting for next request
[2026-08-20 13:59:43.416 Model_Service_1] Model service 1 input queue is empty, waiting for next request
[2026-08-20 13:59:44.022 Model_Service_0] Model service 0 input queue is empty, waiting for next request
[2026-08-20 13:59:44.598 Model_Service_3] Model service 3 input queue is empty, waiting for next request
[2026-08-20 13:59:45.788 Model_Service_4] Model service 4 input queue is empty, waiting for next request
[2026-08-20 13:59:45.794 Model_Service_2] Model service 2 input queue is empty, waiting for next request
[2026-08-20 13:59:47.982 Model_Service_5] Model service 5 input queue is empty, waiting for next request
[2026-08-20 13:59:48.657 Model_Service_1] Model service 1 input queue is empty, waiting for next request
[2026-08-20 13:59:49.246 Model_Service_0] Model service 0 input queue is empty, waiting for next request
[2026-08-20 13:59:49.826 Model_Service_3] Model service 3 input queue is empty, waiting for next request
[2026-08-20 13:59:51.026 Model_Service_2] Model service 2 input queue is empty, waiting for next request
[2026-08-20 13:59:51.055 Model_Service_4] Model service 4 input queue is empty, waiting for next request
[2026-08-20 13:59:53.211 Model_Service_5] Model service 5 input queue is empty, waiting for next request
[2026-08-20 13:59:53.894 Model_Service_1] Model service 1 input queue is empty, waiting for next request
[2026-08-20 13:59:54.473 Model_Service_0] Model service 0 input queue is empty, waiting for next request
[2026-08-20 13:59:55.052 Model_Service_3] Model service 3 input queue is empty, waiting for next request
[2026-08-20 13:59:56.262 Model_Service_2] Model service 2 input queue is empty, waiting for next request
[2026-08-20 13:59:56.298 Model_Service_4] Model service 4 input queue is empty, waiting for next request
[2026-08-20 13:59:58.440 Model_Service_5] Model service 5 input queue is empty, waiting for next request
[2026-08-20 13:59:59.131 Model_Service_1] Model service 1 input queue is empty, waiting for next request
[2026-08-20 13:59:59.698 Model_Service_0] Model service 0 input queue is empty, waiting for next request
[2026-08-20 14:00:00.334 Model_Service_3] Model service 3 input queue is empty, waiting for next request
[2026-08-20 14:00:01.510 Model_Service_2] Model service 2 input queue is empty, waiting for next request
[2026-08-20 14:00:01.553 Model_Service_4] Model service 4 input queue is empty, waiting for next request
[2026-08-20 14:00:03.670 Model_Service_5] Model service 5 input queue is empty, waiting for next request
[2026-08-20 14:00:04.378 Model_Service_1] Model service 1 input queue is empty, waiting for next request
[2026-08-20 14:00:04.927 Model_Service_0] Model service 0 input queue is empty, waiting for next request
[2026-08-20 14:00:05.560 Model_Service_3] Model service 3 input queue is empty, waiting for next request
[2026-08-20 14:00:06.802 Model_Service_4] Model service 4 input queue is empty, waiting for next request
[2026-08-20 14:00:06.806 Model_Service_2] Model service 2 input queue is empty, waiting for next request
[2026-08-20 14:00:08.894 Model_Service_5] Model service 5 input queue is empty, waiting for next request
[2026-08-20 14:00:09.616 Model_Service_1] Model service 1 input queue is empty, waiting for next request
[2026-08-20 14:00:10.154 Model_Service_0] Model service 0 input queue is empty, waiting for next request
[2026-08-20 14:00:10.792 Model_Service_3] Model service 3 input queue is empty, waiting for next request
[2026-08-20 14:00:12.042 Model_Service_2] Model service 2 input queue is empty, waiting for next request
[2026-08-20 14:00:12.071 Model_Service_4] Model service 4 input queue is empty, waiting for next request
[2026-08-20 14:00:14.125 Model_Service_5] Model service 5 input queue is empty, waiting for next request
[2026-08-20 14:00:14.853 Model_Service_1] Model service 1 input queue is empty, waiting for next request
[2026-08-20 14:00:15.378 Model_Service_0] Model service 0 input queue is empty, waiting for next request
[2026-08-20 14:00:16.022 Model_Service_3] Model service 3 input queue is empty, waiting for next request
[2026-08-20 14:00:17.291 Model_Service_2] Model service 2 input queue is empty, waiting for next request
[2026-08-20 14:00:17.328 Model_Service_4] Model service 4 input queue is empty, waiting for next request
[2026-08-20 14:00:19.356 Model_Service_5] Model service 5 input queue is empty, waiting for next request
[2026-08-20 14:00:20.101 Model_Service_1] Model service 1 input queue is empty, waiting for next request
[2026-08-20 14:00:20.606 Model_Service_0] Model service 0 input queue is empty, waiting for next request
[2026-08-20 14:00:21.250 Model_Service_3] Model service 3 input queue is empty, waiting for next request
[2026-08-20 14:00:22.545 Model_Service_2] Model service 2 input queue is empty, waiting for next request
[2026-08-20 14:00:22.587 Model_Service_4] Model service 4 input queue is empty, waiting for next request
[2026-08-20 14:00:24.588 Model_Service_5] Model service 5 input queue is empty, waiting for next request
[2026-08-20 14:00:25.339 Model_Service_1] Model service 1 input queue is empty, waiting for next request
[2026-08-20 14:00:25.838 Model_Service_0] Model service 0 input queue is empty, waiting for next request
[2026-08-20 14:00:26.478 Model_Service_3] Model service 3 input queue is empty, waiting for next request
[2026-08-20 14:00:27.811 Model_Service_2] Model service 2 input queue is empty, waiting for next request
[2026-08-20 14:00:27.842 Model_Service_4] Model service 4 input queue is empty, waiting for next request
[2026-08-20 14:00:29.815 Model_Service_5] Model service 5 input queue is empty, waiting for next request
[2026-08-20 14:00:30.598 Model_Service_1] Model service 1 input queue is empty, waiting for next request
[2026-08-20 14:00:31.066 Model_Service_0] Model service 0 input queue is empty, waiting for next request
[2026-08-20 14:00:31.706 Model_Service_3] Model service 3 input queue is empty, waiting for next request
[2026-08-20 14:00:33.050 Model_Service_2] Model service 2 input queue is empty, waiting for next request
[2026-08-20 14:00:33.098 Model_Service_4] Model service 4 input queue is empty, waiting for next request
[2026-08-20 14:00:35.038 Model_Service_5] Model service 5 input queue is empty, waiting for next request
[2026-08-20 14:00:35.840 Model_Service_1] Model service 1 input queue is empty, waiting for next request
[2026-08-20 14:00:36.303 Model_Service_0] Model service 0 input queue is empty, waiting for next request
[2026-08-20 14:00:36.941 Model_Service_3] Model service 3 input queue is empty, waiting for next request
[2026-08-20 14:00:38.294 Model_Service_2] Model service 2 input queue is empty, waiting for next request
[2026-08-20 14:00:38.352 Model_Service_4] Model service 4 input queue is empty, waiting for next request
[2026-08-20 14:00:40.278 Model_Service_5] Model service 5 input queue is empty, waiting for next request
[2026-08-20 14:00:41.084 Model_Service_1] Model service 1 input queue is empty, waiting for next request
[2026-08-20 14:00:41.548 Model_Service_0] Model service 0 input queue is empty, waiting for next request
[2026-08-20 14:00:42.178 Model_Service_3] Model service 3 input queue is empty, waiting for next request
[2026-08-20 14:00:43.534 Model_Service_2] Model service 2 input queue is empty, waiting for next request
[2026-08-20 14:00:43.621 Model_Service_4] Model service 4 input queue is empty, waiting for next request
[2026-08-20 14:00:45.506 Model_Service_5] Model service 5 input queue is empty, waiting for next request
[2026-08-20 14:00:46.323 Model_Service_1] Model service 1 input queue is empty, waiting for next request
[2026-08-20 14:00:46.786 Model_Service_0] Model service 0 input queue is empty, waiting for next request
[2026-08-20 14:00:47.406 Model_Service_3] Model service 3 input queue is empty, waiting for next request
[2026-08-20 14:00:48.786 Model_Service_2] Model service 2 input queue is empty, waiting for next request
[2026-08-20 14:00:48.875 Model_Service_4] Model service 4 input queue is empty, waiting for next request
[2026-08-20 14:00:50.738 Model_Service_5] Model service 5 input queue is empty, waiting for next request
[2026-08-20 14:00:51.565 Model_Service_1] Model service 1 input queue is empty, waiting for next request
[2026-08-20 14:00:52.018 Model_Service_0] Model service 0 input queue is empty, waiting for next request
[2026-08-20 14:00:52.634 Model_Service_3] Model service 3 input queue is empty, waiting for next request
[2026-08-20 14:00:54.030 Model_Service_2] Model service 2 input queue is empty, waiting for next request
[2026-08-20 14:00:54.129 Model_Service_4] Model service 4 input queue is empty, waiting for next request
[2026-08-20 14:00:55.966 Model_Service_5] Model service 5 input queue is empty, waiting for next request
[2026-08-20 14:00:56.814 Model_Service_1] Model service 1 input queue is empty, waiting for next request
[2026-08-20 14:00:57.246 Model_Service_0] Model service 0 input queue is empty, waiting for next request
[2026-08-20 14:00:57.866 Model_Service_3] Model service 3 input queue is empty, waiting for next request
[2026-08-20 14:00:59.289 Model_Service_2] Model service 2 input queue is empty, waiting for next request
[2026-08-20 14:00:59.378 Model_Service_4] Model service 4 input queue is empty, waiting for next request
[2026-08-20 14:01:01.218 Model_Service_5] Model service 5 input queue is empty, waiting for next request
[2026-08-20 14:01:02.050 Model_Service_1] Model service 1 input queue is empty, waiting for next request
[2026-08-20 14:01:02.490 Model_Service_0] Model service 0 input queue is empty, waiting for next request
[2026-08-20 14:01:03.110 Model_Service_3] Model service 3 input queue is empty, waiting for next request
[2026-08-20 14:01:04.534 Model_Service_2] Model service 2 input queue is empty, waiting for next request
[2026-08-20 14:01:04.630 Model_Service_4] Model service 4 input queue is empty, waiting for next request
[2026-08-20 14:01:06.454 Model_Service_5] Model service 5 input queue is empty, waiting for next request
[2026-08-20 14:01:07.290 Model_Service_1] Model service 1 input queue is empty, waiting for next request
[2026-08-20 14:01:07.723 Model_Service_0] Model service 0 input queue is empty, waiting for next request
[2026-08-20 14:01:08.340 Model_Service_3] Model service 3 input queue is empty, waiting for next request
[2026-08-20 14:01:09.798 Model_Service_2] Model service 2 input queue is empty, waiting for next request
[2026-08-20 14:01:09.882 Model_Service_4] Model service 4 input queue is empty, waiting for next request
[2026-08-20 14:01:11.685 Model_Service_5] Model service 5 input queue is empty, waiting for next request
[2026-08-20 14:01:12.546 Model_Service_1] Model service 1 input queue is empty, waiting for next request
[2026-08-20 14:01:12.954 Model_Service_0] Model service 0 input queue is empty, waiting for next request
[2026-08-20 14:01:13.578 Model_Service_3] Model service 3 input queue is empty, waiting for next request
[2026-08-20 14:01:15.039 Model_Service_2] Model service 2 input queue is empty, waiting for next request
[2026-08-20 14:01:15.134 Model_Service_4] Model service 4 input queue is empty, waiting for next request
[2026-08-20 14:01:16.914 Model_Service_5] Model service 5 input queue is empty, waiting for next request
[2026-08-20 14:01:17.783 Model_Service_1] Model service 1 input queue is empty, waiting for next request
[2026-08-20 14:01:18.186 Model_Service_0] Model service 0 input queue is empty, waiting for next request
[2026-08-20 14:01:18.804 Model_Service_3] Model service 3 input queue is empty, waiting for next request
[2026-08-20 14:01:20.282 Model_Service_2] Model service 2 input queue is empty, waiting for next request
[2026-08-20 14:01:20.384 Model_Service_4] Model service 4 input queue is empty, waiting for next request
[2026-08-20 14:01:22.146 Model_Service_5] Model service 5 input queue is empty, waiting for next request
[2026-08-20 14:01:23.021 Model_Service_1] Model service 1 input queue is empty, waiting for next request
[2026-08-20 14:01:23.422 Model_Service_0] Model service 0 input queue is empty, waiting for next request
[2026-08-20 14:01:24.098 Model_Service_3] Model service 3 input queue is empty, waiting for next request
[2026-08-20 14:01:25.526 Model_Service_2] Model service 2 input queue is empty, waiting for next request
[2026-08-20 14:01:25.647 Model_Service_4] Model service 4 input queue is empty, waiting for next request
[2026-08-20 14:01:27.371 Model_Service_5] Model service 5 input queue is empty, waiting for next request
[2026-08-20 14:01:28.268 Model_Service_1] Model service 1 input queue is empty, waiting for next request
[2026-08-20 14:01:28.654 Model_Service_0] Model service 0 input queue is empty, waiting for next request
[2026-08-20 14:01:29.334 Model_Service_3] Model service 3 input queue is empty, waiting for next request
[2026-08-20 14:01:30.834 Model_Service_2] Model service 2 input queue is empty, waiting for next request
[2026-08-20 14:01:30.913 Model_Service_4] Model service 4 input queue is empty, waiting for next request
[2026-08-20 14:01:32.606 Model_Service_5] Model service 5 input queue is empty, waiting for next request
[2026-08-20 14:01:33.506 Model_Service_1] Model service 1 input queue is empty, waiting for next request
[2026-08-20 14:01:33.882 Model_Service_0] Model service 0 input queue is empty, waiting for next request
[2026-08-20 14:01:34.566 Model_Service_3] Model service 3 input queue is empty, waiting for next request
[2026-08-20 14:01:36.078 Model_Service_2] Model service 2 input queue is empty, waiting for next request
[2026-08-20 14:01:36.162 Model_Service_4] Model service 4 input queue is empty, waiting for next request
[2026-08-20 14:01:37.838 Model_Service_5] Model service 5 input queue is empty, waiting for next request
[2026-08-20 14:01:38.746 Model_Service_1] Model service 1 input queue is empty, waiting for next request
[2026-08-20 14:01:39.119 Model_Service_0] Model service 0 input queue is empty, waiting for next request
[2026-08-20 14:01:39.798 Model_Service_3] Model service 3 input queue is empty, waiting for next request
[2026-08-20 14:01:41.322 Model_Service_2] Model service 2 input queue is empty, waiting for next request
[2026-08-20 14:01:41.414 Model_Service_4] Model service 4 input queue is empty, waiting for next request
[2026-08-20 14:01:43.074 Model_Service_5] Model service 5 input queue is empty, waiting for next request
[2026-08-20 14:01:43.986 Model_Service_1] Model service 1 input queue is empty, waiting for next request
[2026-08-20 14:01:44.350 Model_Service_0] Model service 0 input queue is empty, waiting for next request
[2026-08-20 14:01:45.034 Model_Service_3] Model service 3 input queue is empty, waiting for next request
[2026-08-20 14:01:46.582 Model_Service_2] Model service 2 input queue is empty, waiting for next request
[2026-08-20 14:01:46.670 Model_Service_4] Model service 4 input queue is empty, waiting for next request
[2026-08-20 14:01:48.362 Model_Service_5] Model service 5 input queue is empty, waiting for next request
[2026-08-20 14:01:49.230 Model_Service_1] Model service 1 input queue is empty, waiting for next request
[2026-08-20 14:01:49.584 Model_Service_0] Model service 0 input queue is empty, waiting for next request
[2026-08-20 14:01:50.265 Model_Service_3] Model service 3 input queue is empty, waiting for next request
[2026-08-20 14:01:51.830 Model_Service_2] Model service 2 input queue is empty, waiting for next request
[2026-08-20 14:01:51.929 Model_Service_4] Model service 4 input queue is empty, waiting for next request
[2026-08-20 14:01:53.606 Model_Service_5] Model service 5 input queue is empty, waiting for next request
[2026-08-20 14:01:54.531 Model_Service_1] Model service 1 input queue is empty, waiting for next request
[2026-08-20 14:01:54.818 Model_Service_0] Model service 0 input queue is empty, waiting for next request
[2026-08-20 14:01:55.495 Model_Service_3] Model service 3 input queue is empty, waiting for next request
[2026-08-20 14:01:57.076 Model_Service_2] Model service 2 input queue is empty, waiting for next request
[2026-08-20 14:01:57.190 Model_Service_4] Model service 4 input queue is empty, waiting for next request
[2026-08-20 14:01:58.834 Model_Service_5] Model service 5 input queue is empty, waiting for next request
[2026-08-20 14:01:59.770 Model_Service_1] Model service 1 input queue is empty, waiting for next request
[2026-08-20 14:02:00.046 Model_Service_0] Model service 0 input queue is empty, waiting for next request
[2026-08-20 14:02:00.726 Model_Service_3] Model service 3 input queue is empty, waiting for next request
[2026-08-20 14:02:02.326 Model_Service_2] Model service 2 input queue is empty, waiting for next request
[2026-08-20 14:02:02.446 Model_Service_4] Model service 4 input queue is empty, waiting for next request
[2026-08-20 14:02:04.066 Model_Service_5] Model service 5 input queue is empty, waiting for next request
[2026-08-20 14:02:05.006 Model_Service_1] Model service 1 input queue is empty, waiting for next request
[2026-08-20 14:02:05.300 Model_Service_0] Model service 0 input queue is empty, waiting for next request
[2026-08-20 14:02:05.958 Model_Service_3] Model service 3 input queue is empty, waiting for next request
[2026-08-20 14:02:07.566 Model_Service_2] Model service 2 input queue is empty, waiting for next request
[2026-08-20 14:02:07.706 Model_Service_4] Model service 4 input queue is empty, waiting for next request
[2026-08-20 14:02:09.294 Model_Service_5] Model service 5 input queue is empty, waiting for next request
[2026-08-20 14:02:10.243 Model_Service_1] Model service 1 input queue is empty, waiting for next request
[2026-08-20 14:02:10.538 Model_Service_0] Model service 0 input queue is empty, waiting for next request
[2026-08-20 14:02:11.207 Model_Service_3] Model service 3 input queue is empty, waiting for next request
[2026-08-20 14:02:12.814 Model_Service_2] Model service 2 input queue is empty, waiting for next request
[2026-08-20 14:02:12.965 Model_Service_4] Model service 4 input queue is empty, waiting for next request
[2026-08-20 14:02:14.526 Model_Service_5] Model service 5 input queue is empty, waiting for next request
[2026-08-20 14:02:15.476 Model_Service_1] Model service 1 input queue is empty, waiting for next request
[2026-08-20 14:02:15.836 Model_Service_0] Model service 0 input queue is empty, waiting for next request
[2026-08-20 14:02:16.445 Model_Service_3] Model service 3 input queue is empty, waiting for next request
[2026-08-20 14:02:18.058 Model_Service_2] Model service 2 input queue is empty, waiting for next request
[2026-08-20 14:02:18.222 Model_Service_4] Model service 4 input queue is empty, waiting for next request
[2026-08-20 14:02:19.757 Model_Service_5] Model service 5 input queue is empty, waiting for next request
[2026-08-20 14:02:20.714 Model_Service_1] Model service 1 input queue is empty, waiting for next request
[2026-08-20 14:02:21.065 Model_Service_0] Model service 0 input queue is empty, waiting for next request
[2026-08-20 14:02:21.674 Model_Service_3] Model service 3 input queue is empty, waiting for next request
[2026-08-20 14:02:23.303 Model_Service_2] Model service 2 input queue is empty, waiting for next request
[2026-08-20 14:02:23.478 Model_Service_4] Model service 4 input queue is empty, waiting for next request
[2026-08-20 14:02:24.984 Model_Service_5] Model service 5 input queue is empty, waiting for next request
[2026-08-20 14:02:25.951 Model_Service_1] Model service 1 input queue is empty, waiting for next request
[2026-08-20 14:02:26.292 Model_Service_0] Model service 0 input queue is empty, waiting for next request
[2026-08-20 14:02:26.926 Model_Service_3] Model service 3 input queue is empty, waiting for next request
[2026-08-20 14:02:28.542 Model_Service_2] Model service 2 input queue is empty, waiting for next request
[2026-08-20 14:02:28.734 Model_Service_4] Model service 4 input queue is empty, waiting for next request
[2026-08-20 14:02:30.209 Model_Service_5] Model service 5 input queue is empty, waiting for next request
[2026-08-20 14:02:31.188 Model_Service_1] Model service 1 input queue is empty, waiting for next request
[2026-08-20 14:02:31.518 Model_Service_0] Model service 0 input queue is empty, waiting for next request
[2026-08-20 14:02:32.157 Model_Service_3] Model service 3 input queue is empty, waiting for next request
[2026-08-20 14:02:33.814 Model_Service_2] Model service 2 input queue is empty, waiting for next request
[2026-08-20 14:02:33.986 Model_Service_4] Model service 4 input queue is empty, waiting for next request
[2026-08-20 14:02:35.441 Model_Service_5] Model service 5 input queue is empty, waiting for next request
[2026-08-20 14:02:36.427 Model_Service_1] Model service 1 input queue is empty, waiting for next request
[2026-08-20 14:02:36.748 Model_Service_0] Model service 0 input queue is empty, waiting for next request
[2026-08-20 14:02:37.394 Model_Service_3] Model service 3 input queue is empty, waiting for next request
[2026-08-20 14:02:39.061 Model_Service_2] Model service 2 input queue is empty, waiting for next request
[2026-08-20 14:02:39.242 Model_Service_4] Model service 4 input queue is empty, waiting for next request
[2026-08-20 14:02:40.671 Model_Service_5] Model service 5 input queue is empty, waiting for next request
[2026-08-20 14:02:41.666 Model_Service_1] Model service 1 input queue is empty, waiting for next request
[2026-08-20 14:02:41.979 Model_Service_0] Model service 0 input queue is empty, waiting for next request
[2026-08-20 14:02:42.629 Model_Service_3] Model service 3 input queue is empty, waiting for next request
[2026-08-20 14:02:44.306 Model_Service_2] Model service 2 input queue is empty, waiting for next request
[2026-08-20 14:02:44.495 Model_Service_4] Model service 4 input queue is empty, waiting for next request
[2026-08-20 14:02:45.898 Model_Service_5] Model service 5 input queue is empty, waiting for next request
[2026-08-20 14:02:46.902 Model_Service_1] Model service 1 input queue is empty, waiting for next request
[2026-08-20 14:02:47.209 Model_Service_0] Model service 0 input queue is empty, waiting for next request
[2026-08-20 14:02:47.925 Model_Service_3] Model service 3 input queue is empty, waiting for next request
[2026-08-20 14:02:49.546 Model_Service_2] Model service 2 input queue is empty, waiting for next request
[2026-08-20 14:02:49.746 Model_Service_4] Model service 4 input queue is empty, waiting for next request
[2026-08-20 14:02:51.126 Model_Service_5] Model service 5 input queue is empty, waiting for next request
[2026-08-20 14:02:52.142 Model_Service_1] Model service 1 input queue is empty, waiting for next request
[2026-08-20 14:02:52.440 Model_Service_0] Model service 0 input queue is empty, waiting for next request
[2026-08-20 14:02:53.160 Model_Service_3] Model service 3 input queue is empty, waiting for next request
[2026-08-20 14:02:54.844 Model_Service_2] Model service 2 input queue is empty, waiting for next request
[2026-08-20 14:02:55.026 Model_Service_4] Model service 4 input queue is empty, waiting for next request
[2026-08-20 14:02:56.350 Model_Service_5] Model service 5 input queue is empty, waiting for next request
[2026-08-20 14:02:57.379 Model_Service_1] Model service 1 input queue is empty, waiting for next request
[2026-08-20 14:02:57.673 Model_Service_0] Model service 0 input queue is empty, waiting for next request
[2026-08-20 14:02:58.392 Model_Service_3] Model service 3 input queue is empty, waiting for next request
[2026-08-20 14:03:00.122 Model_Service_2] Model service 2 input queue is empty, waiting for next request
[2026-08-20 14:03:00.278 Model_Service_4] Model service 4 input queue is empty, waiting for next request
[2026-08-20 14:03:01.578 Model_Service_5] Model service 5 input queue is empty, waiting for next request
[2026-08-20 14:03:02.615 Model_Service_1] Model service 1 input queue is empty, waiting for next request
[2026-08-20 14:03:02.907 Model_Service_0] Model service 0 input queue is empty, waiting for next request
[2026-08-20 14:03:03.627 Model_Service_3] Model service 3 input queue is empty, waiting for next request
[2026-08-20 14:03:05.364 Model_Service_2] Model service 2 input queue is empty, waiting for next request
[2026-08-20 14:03:05.533 Model_Service_4] Model service 4 input queue is empty, waiting for next request
[2026-08-20 14:03:06.807 Model_Service_5] Model service 5 input queue is empty, waiting for next request
[2026-08-20 14:03:07.855 Model_Service_1] Model service 1 input queue is empty, waiting for next request
[2026-08-20 14:03:08.138 Model_Service_0] Model service 0 input queue is empty, waiting for next request
[2026-08-20 14:03:08.869 Model_Service_3] Model service 3 input queue is empty, waiting for next request
[2026-08-20 14:03:10.606 Model_Service_2] Model service 2 input queue is empty, waiting for next request
[2026-08-20 14:03:10.786 Model_Service_4] Model service 4 input queue is empty, waiting for next request
[2026-08-20 14:03:12.034 Model_Service_5] Model service 5 input queue is empty, waiting for next request
[2026-08-20 14:03:13.096 Model_Service_1] Model service 1 input queue is empty, waiting for next request
[2026-08-20 14:03:13.372 Model_Service_0] Model service 0 input queue is empty, waiting for next request
[2026-08-20 14:03:14.102 Model_Service_3] Model service 3 input queue is empty, waiting for next request
[2026-08-20 14:03:15.850 Model_Service_2] Model service 2 input queue is empty, waiting for next request
[2026-08-20 14:03:16.038 Model_Service_4] Model service 4 input queue is empty, waiting for next request
[2026-08-20 14:03:17.263 Model_Service_5] Model service 5 input queue is empty, waiting for next request
[2026-08-20 14:03:18.335 Model_Service_1] Model service 1 input queue is empty, waiting for next request
[2026-08-20 14:03:18.602 Model_Service_0] Model service 0 input queue is empty, waiting for next request
[2026-08-20 14:03:19.337 Model_Service_3] Model service 3 input queue is empty, waiting for next request
[2026-08-20 14:03:21.104 Model_Service_2] Model service 2 input queue is empty, waiting for next request
[2026-08-20 14:03:21.282 Model_Service_4] Model service 4 input queue is empty, waiting for next request
[2026-08-20 14:03:22.494 Model_Service_5] Model service 5 input queue is empty, waiting for next request
[2026-08-20 14:03:23.575 Model_Service_1] Model service 1 input queue is empty, waiting for next request
[2026-08-20 14:03:23.833 Model_Service_0] Model service 0 input queue is empty, waiting for next request
[2026-08-20 14:03:24.587 Model_Service_3] Model service 3 input queue is empty, waiting for next request
[2026-08-20 14:03:26.350 Model_Service_2] Model service 2 input queue is empty, waiting for next request
[2026-08-20 14:03:26.542 Model_Service_4] Model service 4 input queue is empty, waiting for next request
[2026-08-20 14:03:27.727 Model_Service_5] Model service 5 input queue is empty, waiting for next request
[2026-08-20 14:03:28.814 Model_Service_1] Model service 1 input queue is empty, waiting for next request
[2026-08-20 14:03:29.062 Model_Service_0] Model service 0 input queue is empty, waiting for next request
[2026-08-20 14:03:29.824 Model_Service_3] Model service 3 input queue is empty, waiting for next request
[2026-08-20 14:03:31.592 Model_Service_2] Model service 2 input queue is empty, waiting for next request
[2026-08-20 14:03:31.802 Model_Service_4] Model service 4 input queue is empty, waiting for next request
[2026-08-20 14:03:32.954 Model_Service_5] Model service 5 input queue is empty, waiting for next request
[2026-08-20 14:03:34.051 Model_Service_1] Model service 1 input queue is empty, waiting for next request
[2026-08-20 14:03:34.291 Model_Service_0] Model service 0 input queue is empty, waiting for next request
[2026-08-20 14:03:35.057 Model_Service_3] Model service 3 input queue is empty, waiting for next request
[2026-08-20 14:03:36.834 Model_Service_2] Model service 2 input queue is empty, waiting for next request
[2026-08-20 14:03:37.054 Model_Service_4] Model service 4 input queue is empty, waiting for next request
[2026-08-20 14:03:38.186 Model_Service_5] Model service 5 input queue is empty, waiting for next request
[2026-08-20 14:03:39.290 Model_Service_1] Model service 1 input queue is empty, waiting for next request
[2026-08-20 14:03:39.523 Model_Service_0] Model service 0 input queue is empty, waiting for next request
[2026-08-20 14:03:40.291 Model_Service_3] Model service 3 input queue is empty, waiting for next request
[2026-08-20 14:03:42.079 Model_Service_2] Model service 2 input queue is empty, waiting for next request
[2026-08-20 14:03:42.310 Model_Service_4] Model service 4 input queue is empty, waiting for next request
[2026-08-20 14:03:43.434 Model_Service_5] Model service 5 input queue is empty, waiting for next request
[2026-08-20 14:03:44.530 Model_Service_1] Model service 1 input queue is empty, waiting for next request
[2026-08-20 14:03:44.752 Model_Service_0] Model service 0 input queue is empty, waiting for next request
[2026-08-20 14:03:45.525 Model_Service_3] Model service 3 input queue is empty, waiting for next request
[2026-08-20 14:03:47.341 Model_Service_2] Model service 2 input queue is empty, waiting for next request
[2026-08-20 14:03:47.556 Model_Service_4] Model service 4 input queue is empty, waiting for next request
[2026-08-20 14:03:48.666 Model_Service_5] Model service 5 input queue is empty, waiting for next request
[2026-08-20 14:03:49.766 Model_Service_1] Model service 1 input queue is empty, waiting for next request
[2026-08-20 14:03:49.984 Model_Service_0] Model service 0 input queue is empty, waiting for next request
[2026-08-20 14:03:50.782 Model_Service_3] Model service 3 input queue is empty, waiting for next request
[2026-08-20 14:03:52.594 Model_Service_2] Model service 2 input queue is empty, waiting for next request
[2026-08-20 14:03:52.810 Model_Service_4] Model service 4 input queue is empty, waiting for next request
[2026-08-20 14:03:53.896 Model_Service_5] Model service 5 input queue is empty, waiting for next request
[2026-08-20 14:03:55.006 Model_Service_1] Model service 1 input queue is empty, waiting for next request
[2026-08-20 14:03:55.222 Model_Service_0] Model service 0 input queue is empty, waiting for next request
[2026-08-20 14:03:56.019 Model_Service_3] Model service 3 input queue is empty, waiting for next request
[2026-08-20 14:03:57.871 Model_Service_2] Model service 2 input queue is empty, waiting for next request
[2026-08-20 14:03:58.066 Model_Service_4] Model service 4 input queue is empty, waiting for next request
[2026-08-20 14:03:59.126 Model_Service_5] Model service 5 input queue is empty, waiting for next request
[2026-08-20 14:04:00.246 Model_Service_1] Model service 1 input queue is empty, waiting for next request
[2026-08-20 14:04:00.454 Model_Service_0] Model service 0 input queue is empty, waiting for next request
[2026-08-20 14:04:01.258 Model_Service_3] Model service 3 input queue is empty, waiting for next request
[2026-08-20 14:04:03.128 Model_Service_2] Model service 2 input queue is empty, waiting for next request
[2026-08-20 14:04:03.322 Model_Service_4] Model service 4 input queue is empty, waiting for next request
[2026-08-20 14:04:04.354 Model_Service_5] Model service 5 input queue is empty, waiting for next request
[2026-08-20 14:04:05.506 Model_Service_1] Model service 1 input queue is empty, waiting for next request
[2026-08-20 14:04:05.704 Model_Service_0] Model service 0 input queue is empty, waiting for next request
[2026-08-20 14:04:06.510 Model_Service_3] Model service 3 input queue is empty, waiting for next request
[2026-08-20 14:04:08.390 Model_Service_2] Model service 2 input queue is empty, waiting for next request
[2026-08-20 14:04:08.614 Model_Service_4] Model service 4 input queue is empty, waiting for next request
[2026-08-20 14:04:09.602 Model_Service_5] Model service 5 input queue is empty, waiting for next request
[2026-08-20 14:04:10.746 Model_Service_1] Model service 1 input queue is empty, waiting for next request
[2026-08-20 14:04:10.936 Model_Service_0] Model service 0 input queue is empty, waiting for next request
[2026-08-20 14:04:11.799 Model_Service_3] Model service 3 input queue is empty, waiting for next request
[2026-08-20 14:04:13.640 Model_Service_2] Model service 2 input queue is empty, waiting for next request
[2026-08-20 14:04:13.899 Model_Service_4] Model service 4 input queue is empty, waiting for next request
[2026-08-20 14:04:14.838 Model_Service_5] Model service 5 input queue is empty, waiting for next request
[2026-08-20 14:04:15.986 Model_Service_1] Model service 1 input queue is empty, waiting for next request
[2026-08-20 14:04:16.161 Model_Service_0] Model service 0 input queue is empty, waiting for next request
[2026-08-20 14:04:17.039 Model_Service_3] Model service 3 input queue is empty, waiting for next request
[2026-08-20 14:04:18.938 Model_Service_2] Model service 2 input queue is empty, waiting for next request
[2026-08-20 14:04:19.156 Model_Service_4] Model service 4 input queue is empty, waiting for next request
[2026-08-20 14:04:20.066 Model_Service_5] Model service 5 input queue is empty, waiting for next request
[2026-08-20 14:04:21.222 Model_Service_1] Model service 1 input queue is empty, waiting for next request
[2026-08-20 14:04:21.394 Model_Service_0] Model service 0 input queue is empty, waiting for next request
[2026-08-20 14:04:22.274 Model_Service_3] Model service 3 input queue is empty, waiting for next request
[2026-08-20 14:04:24.194 Model_Service_2] Model service 2 input queue is empty, waiting for next request
[2026-08-20 14:04:24.414 Model_Service_4] Model service 4 input queue is empty, waiting for next request
[2026-08-20 14:04:25.297 Model_Service_5] Model service 5 input queue is empty, waiting for next request
[2026-08-20 14:04:26.458 Model_Service_1] Model service 1 input queue is empty, waiting for next request
[2026-08-20 14:04:26.626 Model_Service_0] Model service 0 input queue is empty, waiting for next request
[2026-08-20 14:04:27.530 Model_Service_3] Model service 3 input queue is empty, waiting for next request
[2026-08-20 14:04:29.435 Model_Service_2] Model service 2 input queue is empty, waiting for next request
[2026-08-20 14:04:29.674 Model_Service_4] Model service 4 input queue is empty, waiting for next request
[2026-08-20 14:04:30.527 Model_Service_5] Model service 5 input queue is empty, waiting for next request
[2026-08-20 14:04:31.697 Model_Service_1] Model service 1 input queue is empty, waiting for next request
[2026-08-20 14:04:31.858 Model_Service_0] Model service 0 input queue is empty, waiting for next request
[2026-08-20 14:04:32.778 Model_Service_3] Model service 3 input queue is empty, waiting for next request
[2026-08-20 14:04:34.686 Model_Service_2] Model service 2 input queue is empty, waiting for next request
[2026-08-20 14:04:34.926 Model_Service_4] Model service 4 input queue is empty, waiting for next request
[2026-08-20 14:04:35.754 Model_Service_5] Model service 5 input queue is empty, waiting for next request
[2026-08-20 14:04:36.937 Model_Service_1] Model service 1 input queue is empty, waiting for next request
[2026-08-20 14:04:37.090 Model_Service_0] Model service 0 input queue is empty, waiting for next request
[2026-08-20 14:04:38.026 Model_Service_3] Model service 3 input queue is empty, waiting for next request
[2026-08-20 14:04:39.941 Model_Service_2] Model service 2 input queue is empty, waiting for next request
[2026-08-20 14:04:40.178 Model_Service_4] Model service 4 input queue is empty, waiting for next request
[2026-08-20 14:04:40.990 Model_Service_5] Model service 5 input queue is empty, waiting for next request
[2026-08-20 14:04:42.178 Model_Service_1] Model service 1 input queue is empty, waiting for next request
[2026-08-20 14:04:42.332 Model_Service_0] Model service 0 input queue is empty, waiting for next request
[2026-08-20 14:04:43.274 Model_Service_3] Model service 3 input queue is empty, waiting for next request
[2026-08-20 14:04:45.191 Model_Service_2] Model service 2 input queue is empty, waiting for next request
[2026-08-20 14:04:45.430 Model_Service_4] Model service 4 input queue is empty, waiting for next request
[2026-08-20 14:04:46.217 Model_Service_5] Model service 5 input queue is empty, waiting for next request
[2026-08-20 14:04:47.462 Model_Service_1] Model service 1 input queue is empty, waiting for next request
[2026-08-20 14:04:47.563 Model_Service_0] Model service 0 input queue is empty, waiting for next request
[2026-08-20 14:04:48.534 Model_Service_3] Model service 3 input queue is empty, waiting for next request
[2026-08-20 14:04:50.438 Model_Service_2] Model service 2 input queue is empty, waiting for next request
[2026-08-20 14:04:50.708 Model_Service_4] Model service 4 input queue is empty, waiting for next request
[2026-08-20 14:04:51.445 Model_Service_5] Model service 5 input queue is empty, waiting for next request
[2026-08-20 14:04:52.713 Model_Service_1] Model service 1 input queue is empty, waiting for next request
[2026-08-20 14:04:52.794 Model_Service_0] Model service 0 input queue is empty, waiting for next request
[2026-08-20 14:04:53.793 Model_Service_3] Model service 3 input queue is empty, waiting for next request
[2026-08-20 14:04:55.686 Model_Service_2] Model service 2 input queue is empty, waiting for next request
[2026-08-20 14:04:55.957 Model_Service_4] Model service 4 input queue is empty, waiting for next request
[2026-08-20 14:04:56.716 Model_Service_5] Model service 5 input queue is empty, waiting for next request
[2026-08-20 14:04:57.955 Model_Service_1] Model service 1 input queue is empty, waiting for next request
[2026-08-20 14:04:58.026 Model_Service_0] Model service 0 input queue is empty, waiting for next request
[2026-08-20 14:04:59.042 Model_Service_3] Model service 3 input queue is empty, waiting for next request
[2026-08-20 14:05:00.931 Model_Service_2] Model service 2 input queue is empty, waiting for next request
[2026-08-20 14:05:01.214 Model_Service_4] Model service 4 input queue is empty, waiting for next request
[2026-08-20 14:05:01.976 Model_Service_5] Model service 5 input queue is empty, waiting for next request
[2026-08-20 14:05:03.194 Model_Service_1] Model service 1 input queue is empty, waiting for next request
[2026-08-20 14:05:03.258 Model_Service_0] Model service 0 input queue is empty, waiting for next request
[2026-08-20 14:05:04.290 Model_Service_3] Model service 3 input queue is empty, waiting for next request
[2026-08-20 14:05:06.194 Model_Service_2] Model service 2 input queue is empty, waiting for next request
[2026-08-20 14:05:06.466 Model_Service_4] Model service 4 input queue is empty, waiting for next request
[2026-08-20 14:05:07.205 Model_Service_5] Model service 5 input queue is empty, waiting for next request
[2026-08-20 14:05:08.434 Model_Service_1] Model service 1 input queue is empty, waiting for next request
[2026-08-20 14:05:08.490 Model_Service_0] Model service 0 input queue is empty, waiting for next request
[2026-08-20 14:05:09.566 Model_Service_3] Model service 3 input queue is empty, waiting for next request
[2026-08-20 14:05:11.446 Model_Service_2] Model service 2 input queue is empty, waiting for next request
[2026-08-20 14:05:11.726 Model_Service_4] Model service 4 input queue is empty, waiting for next request
[2026-08-20 14:05:12.446 Model_Service_5] Model service 5 input queue is empty, waiting for next request
[2026-08-20 14:05:13.673 Model_Service_1] Model service 1 input queue is empty, waiting for next request
[2026-08-20 14:05:13.728 Model_Service_0] Model service 0 input queue is empty, waiting for next request
[2026-08-20 14:05:14.819 Model_Service_3] Model service 3 input queue is empty, waiting for next request
[2026-08-20 14:05:16.702 Model_Service_2] Model service 2 input queue is empty, waiting for next request
[2026-08-20 14:05:16.978 Model_Service_4] Model service 4 input queue is empty, waiting for next request
[2026-08-20 14:05:17.679 Model_Service_5] Model service 5 input queue is empty, waiting for next request
[2026-08-20 14:05:18.910 Model_Service_1] Model service 1 input queue is empty, waiting for next request
[2026-08-20 14:05:18.962 Model_Service_0] Model service 0 input queue is empty, waiting for next request
[2026-08-20 14:05:20.070 Model_Service_3] Model service 3 input queue is empty, waiting for next request
[2026-08-20 14:05:21.970 Model_Service_2] Model service 2 input queue is empty, waiting for next request
[2026-08-20 14:05:22.230 Model_Service_4] Model service 4 input queue is empty, waiting for next request
[2026-08-20 14:05:22.911 Model_Service_5] Model service 5 input queue is empty, waiting for next request
[2026-08-20 14:05:24.146 Model_Service_1] Model service 1 input queue is empty, waiting for next request
[2026-08-20 14:05:24.193 Model_Service_0] Model service 0 input queue is empty, waiting for next request
[2026-08-20 14:05:25.362 Model_Service_3] Model service 3 input queue is empty, waiting for next request
[2026-08-20 14:05:27.226 Model_Service_2] Model service 2 input queue is empty, waiting for next request
[2026-08-20 14:05:27.485 Model_Service_4] Model service 4 input queue is empty, waiting for next request
[2026-08-20 14:05:28.142 Model_Service_5] Model service 5 input queue is empty, waiting for next request
[2026-08-20 14:05:29.390 Model_Service_1] Model service 1 input queue is empty, waiting for next request
[2026-08-20 14:05:29.424 Model_Service_0] Model service 0 input queue is empty, waiting for next request
[2026-08-20 14:05:30.618 Model_Service_3] Model service 3 input queue is empty, waiting for next request
[2026-08-20 14:05:32.466 Model_Service_2] Model service 2 input queue is empty, waiting for next request
[2026-08-20 14:05:32.740 Model_Service_4] Model service 4 input queue is empty, waiting for next request
[2026-08-20 14:05:33.372 Model_Service_5] Model service 5 input queue is empty, waiting for next request
[2026-08-20 14:05:34.630 Model_Service_1] Model service 1 input queue is empty, waiting for next request
[2026-08-20 14:05:34.662 Model_Service_0] Model service 0 input queue is empty, waiting for next request
[2026-08-20 14:05:35.858 Model_Service_3] Model service 3 input queue is empty, waiting for next request
[2026-08-20 14:05:37.711 Model_Service_2] Model service 2 input queue is empty, waiting for next request
[2026-08-20 14:05:37.994 Model_Service_4] Model service 4 input queue is empty, waiting for next request
[2026-08-20 14:05:38.602 Model_Service_5] Model service 5 input queue is empty, waiting for next request
[2026-08-20 14:05:39.890 Model_Service_1] Model service 1 input queue is empty, waiting for next request
[2026-08-20 14:05:39.910 Model_Service_0] Model service 0 input queue is empty, waiting for next request
[2026-08-20 14:05:41.102 Model_Service_3] Model service 3 input queue is empty, waiting for next request
[2026-08-20 14:05:43.002 Model_Service_2] Model service 2 input queue is empty, waiting for next request
[2026-08-20 14:05:43.274 Model_Service_4] Model service 4 input queue is empty, waiting for next request
[2026-08-20 14:05:43.839 Model_Service_5] Model service 5 input queue is empty, waiting for next request
[2026-08-20 14:05:45.130 Model_Service_1] Model service 1 input queue is empty, waiting for next request
[2026-08-20 14:05:45.158 Model_Service_0] Model service 0 input queue is empty, waiting for next request
[2026-08-20 14:05:46.342 Model_Service_3] Model service 3 input queue is empty, waiting for next request
[2026-08-20 14:05:48.254 Model_Service_2] Model service 2 input queue is empty, waiting for next request
[2026-08-20 14:05:48.526 Model_Service_4] Model service 4 input queue is empty, waiting for next request
[2026-08-20 14:05:49.068 Model_Service_5] Model service 5 input queue is empty, waiting for next request
[2026-08-20 14:05:50.370 Model_Service_1] Model service 1 input queue is empty, waiting for next request
[2026-08-20 14:05:50.410 Model_Service_0] Model service 0 input queue is empty, waiting for next request
[2026-08-20 14:05:51.579 Model_Service_3] Model service 3 input queue is empty, waiting for next request
[2026-08-20 14:05:53.497 Model_Service_2] Model service 2 input queue is empty, waiting for next request
[2026-08-20 14:05:53.790 Model_Service_4] Model service 4 input queue is empty, waiting for next request
[2026-08-20 14:05:54.294 Model_Service_5] Model service 5 input queue is empty, waiting for next request
[2026-08-20 14:05:55.610 Model_Service_1] Model service 1 input queue is empty, waiting for next request
[2026-08-20 14:05:55.694 Model_Service_0] Model service 0 input queue is empty, waiting for next request
[2026-08-20 14:05:56.814 Model_Service_3] Model service 3 input queue is empty, waiting for next request
[2026-08-20 14:05:58.737 Model_Service_2] Model service 2 input queue is empty, waiting for next request
[2026-08-20 14:05:59.059 Model_Service_4] Model service 4 input queue is empty, waiting for next request
[2026-08-20 14:05:59.518 Model_Service_5] Model service 5 input queue is empty, waiting for next request
[2026-08-20 14:06:00.850 Model_Service_1] Model service 1 input queue is empty, waiting for next request
[2026-08-20 14:06:00.939 Model_Service_0] Model service 0 input queue is empty, waiting for next request
[2026-08-20 14:06:02.066 Model_Service_3] Model service 3 input queue is empty, waiting for next request
[2026-08-20 14:06:03.990 Model_Service_2] Model service 2 input queue is empty, waiting for next request
[2026-08-20 14:06:04.315 Model_Service_4] Model service 4 input queue is empty, waiting for next request
[2026-08-20 14:06:04.746 Model_Service_5] Model service 5 input queue is empty, waiting for next request
[2026-08-20 14:06:06.090 Model_Service_1] Model service 1 input queue is empty, waiting for next request
[2026-08-20 14:06:06.199 Model_Service_0] Model service 0 input queue is empty, waiting for next request
[2026-08-20 14:06:07.314 Model_Service_3] Model service 3 input queue is empty, waiting for next request
[2026-08-20 14:06:09.234 Model_Service_2] Model service 2 input queue is empty, waiting for next request
[2026-08-20 14:06:09.569 Model_Service_4] Model service 4 input queue is empty, waiting for next request
[2026-08-20 14:06:09.975 Model_Service_5] Model service 5 input queue is empty, waiting for next request
[2026-08-20 14:06:11.334 Model_Service_1] Model service 1 input queue is empty, waiting for next request
[2026-08-20 14:06:11.450 Model_Service_0] Model service 0 input queue is empty, waiting for next request
[2026-08-20 14:06:12.566 Model_Service_3] Model service 3 input queue is empty, waiting for next request
[2026-08-20 14:06:14.480 Model_Service_2] Model service 2 input queue is empty, waiting for next request
[2026-08-20 14:06:14.823 Model_Service_4] Model service 4 input queue is empty, waiting for next request
[2026-08-20 14:06:15.210 Model_Service_5] Model service 5 input queue is empty, waiting for next request
[2026-08-20 14:06:16.574 Model_Service_1] Model service 1 input queue is empty, waiting for next request
[2026-08-20 14:06:16.694 Model_Service_0] Model service 0 input queue is empty, waiting for next request
[2026-08-20 14:06:17.810 Model_Service_3] Model service 3 input queue is empty, waiting for next request
[2026-08-20 14:06:19.726 Model_Service_2] Model service 2 input queue is empty, waiting for next request
[2026-08-20 14:06:20.100 Model_Service_4] Model service 4 input queue is empty, waiting for next request
[2026-08-20 14:06:20.443 Model_Service_5] Model service 5 input queue is empty, waiting for next request
[2026-08-20 14:06:21.818 Model_Service_1] Model service 1 input queue is empty, waiting for next request
[2026-08-20 14:06:21.943 Model_Service_0] Model service 0 input queue is empty, waiting for next request
[2026-08-20 14:06:23.174 Model_Service_3] Model service 3 input queue is empty, waiting for next request
[2026-08-20 14:06:24.970 Model_Service_2] Model service 2 input queue is empty, waiting for next request
[2026-08-20 14:06:25.382 Model_Service_4] Model service 4 input queue is empty, waiting for next request
[2026-08-20 14:06:25.686 Model_Service_5] Model service 5 input queue is empty, waiting for next request
[2026-08-20 14:06:27.054 Model_Service_1] Model service 1 input queue is empty, waiting for next request
[2026-08-20 14:06:27.246 Model_Service_0] Model service 0 input queue is empty, waiting for next request
[2026-08-20 14:06:28.446 Model_Service_3] Model service 3 input queue is empty, waiting for next request
[2026-08-20 14:06:30.214 Model_Service_2] Model service 2 input queue is empty, waiting for next request
[2026-08-20 14:06:30.716 Model_Service_4] Model service 4 input queue is empty, waiting for next request
[2026-08-20 14:06:30.986 Model_Service_5] Model service 5 input queue is empty, waiting for next request
[2026-08-20 14:06:32.286 Model_Service_1] Model service 1 input queue is empty, waiting for next request
[2026-08-20 14:06:32.516 Model_Service_0] Model service 0 input queue is empty, waiting for next request
[2026-08-20 14:06:33.782 Model_Service_3] Model service 3 input queue is empty, waiting for next request
[2026-08-20 14:06:35.458 Model_Service_2] Model service 2 input queue is empty, waiting for next request
[2026-08-20 14:06:35.994 Model_Service_4] Model service 4 input queue is empty, waiting for next request
[2026-08-20 14:06:36.232 Model_Service_5] Model service 5 input queue is empty, waiting for next request
[2026-08-20 14:06:37.541 Model_Service_1] Model service 1 input queue is empty, waiting for next request
[2026-08-20 14:06:37.776 Model_Service_0] Model service 0 input queue is empty, waiting for next request
[2026-08-20 14:06:39.062 Model_Service_3] Model service 3 input queue is empty, waiting for next request
[2026-08-20 14:06:40.702 Model_Service_2] Model service 2 input queue is empty, waiting for next request
[2026-08-20 14:06:41.246 Model_Service_4] Model service 4 input queue is empty, waiting for next request
[2026-08-20 14:06:41.464 Model_Service_5] Model service 5 input queue is empty, waiting for next request
[2026-08-20 14:06:42.778 Model_Service_1] Model service 1 input queue is empty, waiting for next request
[2026-08-20 14:06:43.118 Model_Service_0] Model service 0 input queue is empty, waiting for next request
[2026-08-20 14:06:44.396 Model_Service_3] Model service 3 input queue is empty, waiting for next request
[2026-08-20 14:06:45.956 Model_Service_2] Model service 2 input queue is empty, waiting for next request
[2026-08-20 14:06:46.499 Model_Service_4] Model service 4 input queue is empty, waiting for next request
[2026-08-20 14:06:46.717 Model_Service_5] Model service 5 input queue is empty, waiting for next request
[2026-08-20 14:06:48.014 Model_Service_1] Model service 1 input queue is empty, waiting for next request
[2026-08-20 14:06:48.362 Model_Service_0] Model service 0 input queue is empty, waiting for next request
[2026-08-20 14:06:49.658 Model_Service_3] Model service 3 input queue is empty, waiting for next request
[2026-08-20 14:06:51.218 Model_Service_2] Model service 2 input queue is empty, waiting for next request
[2026-08-20 14:06:51.754 Model_Service_4] Model service 4 input queue is empty, waiting for next request
[2026-08-20 14:06:52.004 Model_Service_5] Model service 5 input queue is empty, waiting for next request
[2026-08-20 14:06:53.294 Model_Service_1] Model service 1 input queue is empty, waiting for next request
[2026-08-20 14:06:53.618 Model_Service_0] Model service 0 input queue is empty, waiting for next request
[2026-08-20 14:06:54.942 Model_Service_3] Model service 3 input queue is empty, waiting for next request
[2026-08-20 14:06:56.462 Model_Service_2] Model service 2 input queue is empty, waiting for next request
[2026-08-20 14:06:57.038 Model_Service_4] Model service 4 input queue is empty, waiting for next request
[2026-08-20 14:06:57.274 Model_Service_5] Model service 5 input queue is empty, waiting for next request
[2026-08-20 14:06:58.590 Model_Service_1] Model service 1 input queue is empty, waiting for next request
[2026-08-20 14:06:58.878 Model_Service_0] Model service 0 input queue is empty, waiting for next request
[2026-08-20 14:07:00.286 Model_Service_3] Model service 3 input queue is empty, waiting for next request
[2026-08-20 14:07:01.725 Model_Service_2] Model service 2 input queue is empty, waiting for next request
[2026-08-20 14:07:02.330 Model_Service_4] Model service 4 input queue is empty, waiting for next request
[2026-08-20 14:07:02.531 Model_Service_5] Model service 5 input queue is empty, waiting for next request
[2026-08-20 14:07:03.846 Model_Service_1] Model service 1 input queue is empty, waiting for next request
[2026-08-20 14:07:04.150 Model_Service_0] Model service 0 input queue is empty, waiting for next request
[2026-08-20 14:07:05.562 Model_Service_3] Model service 3 input queue is empty, waiting for next request
[2026-08-20 14:07:07.018 Model_Service_2] Model service 2 input queue is empty, waiting for next request
[2026-08-20 14:07:07.588 Model_Service_4] Model service 4 input queue is empty, waiting for next request
[2026-08-20 14:07:07.772 Model_Service_5] Model service 5 input queue is empty, waiting for next request
[2026-08-20 14:07:09.082 Model_Service_1] Model service 1 input queue is empty, waiting for next request
[2026-08-20 14:07:09.414 Model_Service_0] Model service 0 input queue is empty, waiting for next request
[2026-08-20 14:07:10.882 Model_Service_3] Model service 3 input queue is empty, waiting for next request
[2026-08-20 14:07:12.277 Model_Service_2] Model service 2 input queue is empty, waiting for next request
[2026-08-20 14:07:12.842 Model_Service_4] Model service 4 input queue is empty, waiting for next request
[2026-08-20 14:07:13.003 Model_Service_5] Model service 5 input queue is empty, waiting for next request
[2026-08-20 14:07:14.314 Model_Service_1] Model service 1 input queue is empty, waiting for next request
[2026-08-20 14:07:14.662 Model_Service_0] Model service 0 input queue is empty, waiting for next request
[2026-08-20 14:07:16.153 Model_Service_3] Model service 3 input queue is empty, waiting for next request
[2026-08-20 14:07:17.519 Model_Service_2] Model service 2 input queue is empty, waiting for next request
[2026-08-20 14:07:18.094 Model_Service_4] Model service 4 input queue is empty, waiting for next request
[2026-08-20 14:07:18.259 Model_Service_5] Model service 5 input queue is empty, waiting for next request
[2026-08-20 14:07:19.546 Model_Service_1] Model service 1 input queue is empty, waiting for next request
[2026-08-20 14:07:19.922 Model_Service_0] Model service 0 input queue is empty, waiting for next request
[2026-08-20 14:07:21.410 Model_Service_3] Model service 3 input queue is empty, waiting for next request
[2026-08-20 14:07:22.762 Model_Service_2] Model service 2 input queue is empty, waiting for next request
[2026-08-20 14:07:23.360 Model_Service_4] Model service 4 input queue is empty, waiting for next request
[2026-08-20 14:07:23.492 Model_Service_5] Model service 5 input queue is empty, waiting for next request
[2026-08-20 14:07:24.782 Model_Service_1] Model service 1 input queue is empty, waiting for next request
[2026-08-20 14:07:25.155 Model_Service_0] Model service 0 input queue is empty, waiting for next request
[2026-08-20 14:07:26.686 Model_Service_3] Model service 3 input queue is empty, waiting for next request
[2026-08-20 14:07:28.006 Model_Service_2] Model service 2 input queue is empty, waiting for next request
[2026-08-20 14:07:28.623 Model_Service_4] Model service 4 input queue is empty, waiting for next request
[2026-08-20 14:07:28.727 Model_Service_5] Model service 5 input queue is empty, waiting for next request
[2026-08-20 14:07:30.018 Model_Service_1] Model service 1 input queue is empty, waiting for next request
[2026-08-20 14:07:30.386 Model_Service_0] Model service 0 input queue is empty, waiting for next request
[2026-08-20 14:07:32.003 Model_Service_3] Model service 3 input queue is empty, waiting for next request
[2026-08-20 14:07:33.250 Model_Service_2] Model service 2 input queue is empty, waiting for next request
[2026-08-20 14:07:33.886 Model_Service_4] Model service 4 input queue is empty, waiting for next request
[2026-08-20 14:07:33.963 Model_Service_5] Model service 5 input queue is empty, waiting for next request
[2026-08-20 14:07:35.266 Model_Service_1] Model service 1 input queue is empty, waiting for next request
[2026-08-20 14:07:35.646 Model_Service_0] Model service 0 input queue is empty, waiting for next request
[2026-08-20 14:07:37.270 Model_Service_3] Model service 3 input queue is empty, waiting for next request
[2026-08-20 14:07:38.494 Model_Service_2] Model service 2 input queue is empty, waiting for next request
[2026-08-20 14:07:39.142 Model_Service_4] Model service 4 input queue is empty, waiting for next request
[2026-08-20 14:07:39.194 Model_Service_5] Model service 5 input queue is empty, waiting for next request
[2026-08-20 14:07:40.511 Model_Service_1] Model service 1 input queue is empty, waiting for next request
[2026-08-20 14:07:40.879 Model_Service_0] Model service 0 input queue is empty, waiting for next request
[2026-08-20 14:07:42.526 Model_Service_3] Model service 3 input queue is empty, waiting for next request
[2026-08-20 14:07:43.742 Model_Service_2] Model service 2 input queue is empty, waiting for next request
[2026-08-20 14:07:44.405 Model_Service_4] Model service 4 input queue is empty, waiting for next request
[2026-08-20 14:07:44.426 Model_Service_5] Model service 5 input queue is empty, waiting for next request
[2026-08-20 14:07:45.743 Model_Service_1] Model service 1 input queue is empty, waiting for next request
[2026-08-20 14:07:46.106 Model_Service_0] Model service 0 input queue is empty, waiting for next request
[2026-08-20 14:07:47.798 Model_Service_3] Model service 3 input queue is empty, waiting for next request
[2026-08-20 14:07:48.999 Model_Service_2] Model service 2 input queue is empty, waiting for next request
[2026-08-20 14:07:49.658 Model_Service_5] Model service 5 input queue is empty, waiting for next request
[2026-08-20 14:07:49.661 Model_Service_4] Model service 4 input queue is empty, waiting for next request
[2026-08-20 14:07:50.982 Model_Service_1] Model service 1 input queue is empty, waiting for next request
[2026-08-20 14:07:51.398 Model_Service_0] Model service 0 input queue is empty, waiting for next request
[2026-08-20 14:07:53.108 Model_Service_3] Model service 3 input queue is empty, waiting for next request
[2026-08-20 14:07:54.246 Model_Service_2] Model service 2 input queue is empty, waiting for next request
[2026-08-20 14:07:54.895 Model_Service_5] Model service 5 input queue is empty, waiting for next request
[2026-08-20 14:07:54.915 Model_Service_4] Model service 4 input queue is empty, waiting for next request
[2026-08-20 14:07:56.218 Model_Service_1] Model service 1 input queue is empty, waiting for next request
[2026-08-20 14:07:56.635 Model_Service_0] Model service 0 input queue is empty, waiting for next request
[2026-08-20 14:07:58.371 Model_Service_3] Model service 3 input queue is empty, waiting for next request
[2026-08-20 14:07:59.502 Model_Service_2] Model service 2 input queue is empty, waiting for next request
[2026-08-20 14:08:00.130 Model_Service_5] Model service 5 input queue is empty, waiting for next request
[2026-08-20 14:08:00.170 Model_Service_4] Model service 4 input queue is empty, waiting for next request
[2026-08-20 14:08:01.454 Model_Service_1] Model service 1 input queue is empty, waiting for next request
[2026-08-20 14:08:01.875 Model_Service_0] Model service 0 input queue is empty, waiting for next request
[2026-08-20 14:08:03.626 Model_Service_3] Model service 3 input queue is empty, waiting for next request
[2026-08-20 14:08:04.762 Model_Service_2] Model service 2 input queue is empty, waiting for next request
[2026-08-20 14:08:05.422 Model_Service_5] Model service 5 input queue is empty, waiting for next request
[2026-08-20 14:08:05.428 Model_Service_4] Model service 4 input queue is empty, waiting for next request
[2026-08-20 14:08:06.687 Model_Service_1] Model service 1 input queue is empty, waiting for next request
[2026-08-20 14:08:07.110 Model_Service_0] Model service 0 input queue is empty, waiting for next request
[2026-08-20 14:08:08.874 Model_Service_3] Model service 3 input queue is empty, waiting for next request
[2026-08-20 14:08:10.012 Model_Service_2] Model service 2 input queue is empty, waiting for next request
[2026-08-20 14:08:10.658 Model_Service_5] Model service 5 input queue is empty, waiting for next request
[2026-08-20 14:08:10.683 Model_Service_4] Model service 4 input queue is empty, waiting for next request
[2026-08-20 14:08:11.927 Model_Service_1] Model service 1 input queue is empty, waiting for next request
[2026-08-20 14:08:12.342 Model_Service_0] Model service 0 input queue is empty, waiting for next request
[2026-08-20 14:08:14.166 Model_Service_3] Model service 3 input queue is empty, waiting for next request
[2026-08-20 14:08:15.279 Model_Service_2] Model service 2 input queue is empty, waiting for next request
[2026-08-20 14:08:15.889 Model_Service_5] Model service 5 input queue is empty, waiting for next request
[2026-08-20 14:08:15.938 Model_Service_4] Model service 4 input queue is empty, waiting for next request
[2026-08-20 14:08:17.158 Model_Service_1] Model service 1 input queue is empty, waiting for next request
[2026-08-20 14:08:17.575 Model_Service_0] Model service 0 input queue is empty, waiting for next request
[2026-08-20 14:08:19.478 Model_Service_3] Model service 3 input queue is empty, waiting for next request
[2026-08-20 14:08:20.519 Model_Service_2] Model service 2 input queue is empty, waiting for next request
[2026-08-20 14:08:21.118 Model_Service_5] Model service 5 input queue is empty, waiting for next request
[2026-08-20 14:08:21.190 Model_Service_4] Model service 4 input queue is empty, waiting for next request
[2026-08-20 14:08:22.404 Model_Service_1] Model service 1 input queue is empty, waiting for next request
[2026-08-20 14:08:22.806 Model_Service_0] Model service 0 input queue is empty, waiting for next request
[2026-08-20 14:08:24.740 Model_Service_3] Model service 3 input queue is empty, waiting for next request
[2026-08-20 14:08:25.766 Model_Service_2] Model service 2 input queue is empty, waiting for next request
[2026-08-20 14:08:26.362 Model_Service_5] Model service 5 input queue is empty, waiting for next request
[2026-08-20 14:08:26.446 Model_Service_4] Model service 4 input queue is empty, waiting for next request
[2026-08-20 14:08:27.650 Model_Service_1] Model service 1 input queue is empty, waiting for next request
[2026-08-20 14:08:28.034 Model_Service_0] Model service 0 input queue is empty, waiting for next request
[2026-08-20 14:08:29.994 Model_Service_3] Model service 3 input queue is empty, waiting for next request
[2026-08-20 14:08:31.035 Model_Service_2] Model service 2 input queue is empty, waiting for next request
[2026-08-20 14:08:31.611 Model_Service_5] Model service 5 input queue is empty, waiting for next request
[2026-08-20 14:08:31.706 Model_Service_4] Model service 4 input queue is empty, waiting for next request
[2026-08-20 14:08:32.887 Model_Service_1] Model service 1 input queue is empty, waiting for next request
[2026-08-20 14:08:33.270 Model_Service_0] Model service 0 input queue is empty, waiting for next request
[2026-08-20 14:08:35.246 Model_Service_3] Model service 3 input queue is empty, waiting for next request
[2026-08-20 14:08:36.322 Model_Service_2] Model service 2 input queue is empty, waiting for next request
[2026-08-20 14:08:36.890 Model_Service_5] Model service 5 input queue is empty, waiting for next request
[2026-08-20 14:08:36.966 Model_Service_4] Model service 4 input queue is empty, waiting for next request
[2026-08-20 14:08:38.115 Model_Service_1] Model service 1 input queue is empty, waiting for next request
[2026-08-20 14:08:38.498 Model_Service_0] Model service 0 input queue is empty, waiting for next request
[2026-08-20 14:08:40.498 Model_Service_3] Model service 3 input queue is empty, waiting for next request
[2026-08-20 14:08:41.581 Model_Service_2] Model service 2 input queue is empty, waiting for next request
[2026-08-20 14:08:42.118 Model_Service_5] Model service 5 input queue is empty, waiting for next request
[2026-08-20 14:08:42.245 Model_Service_4] Model service 4 input queue is empty, waiting for next request
[2026-08-20 14:08:43.414 Model_Service_1] Model service 1 input queue is empty, waiting for next request
[2026-08-20 14:08:43.726 Model_Service_0] Model service 0 input queue is empty, waiting for next request
[2026-08-20 14:08:45.762 Model_Service_3] Model service 3 input queue is empty, waiting for next request
[2026-08-20 14:08:46.826 Model_Service_2] Model service 2 input queue is empty, waiting for next request
[2026-08-20 14:08:47.350 Model_Service_5] Model service 5 input queue is empty, waiting for next request
[2026-08-20 14:08:47.522 Model_Service_4] Model service 4 input queue is empty, waiting for next request
[2026-08-20 14:08:48.652 Model_Service_1] Model service 1 input queue is empty, waiting for next request
[2026-08-20 14:08:48.960 Model_Service_0] Model service 0 input queue is empty, waiting for next request
[2026-08-20 14:08:51.034 Model_Service_3] Model service 3 input queue is empty, waiting for next request
[2026-08-20 14:08:52.067 Model_Service_2] Model service 2 input queue is empty, waiting for next request
[2026-08-20 14:08:52.586 Model_Service_5] Model service 5 input queue is empty, waiting for next request
[2026-08-20 14:08:52.783 Model_Service_4] Model service 4 input queue is empty, waiting for next request
[2026-08-20 14:08:53.885 Model_Service_1] Model service 1 input queue is empty, waiting for next request
[2026-08-20 14:08:54.188 Model_Service_0] Model service 0 input queue is empty, waiting for next request
[2026-08-20 14:08:56.286 Model_Service_3] Model service 3 input queue is empty, waiting for next request
[2026-08-20 14:08:57.308 Model_Service_2] Model service 2 input queue is empty, waiting for next request
[2026-08-20 14:08:57.865 Model_Service_5] Model service 5 input queue is empty, waiting for next request
[2026-08-20 14:08:58.094 Model_Service_4] Model service 4 input queue is empty, waiting for next request
[2026-08-20 14:08:59.178 Model_Service_1] Model service 1 input queue is empty, waiting for next request
[2026-08-20 14:08:59.466 Model_Service_0] Model service 0 input queue is empty, waiting for next request
[2026-08-20 14:09:01.622 Model_Service_3] Model service 3 input queue is empty, waiting for next request
[2026-08-20 14:09:02.550 Model_Service_2] Model service 2 input queue is empty, waiting for next request
[2026-08-20 14:09:03.145 Model_Service_5] Model service 5 input queue is empty, waiting for next request
[2026-08-20 14:09:03.450 Model_Service_4] Model service 4 input queue is empty, waiting for next request
[2026-08-20 14:09:04.496 Model_Service_1] Model service 1 input queue is empty, waiting for next request
[2026-08-20 14:09:04.737 Model_Service_0] Model service 0 input queue is empty, waiting for next request
[2026-08-20 14:09:06.881 Model_Service_3] Model service 3 input queue is empty, waiting for next request
[2026-08-20 14:09:07.794 Model_Service_2] Model service 2 input queue is empty, waiting for next request
[2026-08-20 14:09:08.456 Model_Service_5] Model service 5 input queue is empty, waiting for next request
[2026-08-20 14:09:08.904 Model_Service_4] Model service 4 input queue is empty, waiting for next request
[2026-08-20 14:09:09.815 Model_Service_1] Model service 1 input queue is empty, waiting for next request
[2026-08-20 14:09:10.018 Model_Service_0] Model service 0 input queue is empty, waiting for next request
[2026-08-20 14:09:12.130 Model_Service_3] Model service 3 input queue is empty, waiting for next request
[2026-08-20 14:09:13.042 Model_Service_2] Model service 2 input queue is empty, waiting for next request
[2026-08-20 14:09:13.686 Model_Service_5] Model service 5 input queue is empty, waiting for next request
[2026-08-20 14:09:14.168 Model_Service_4] Model service 4 input queue is empty, waiting for next request
[2026-08-20 14:09:15.050 Model_Service_1] Model service 1 input queue is empty, waiting for next request
[2026-08-20 14:09:15.251 Model_Service_0] Model service 0 input queue is empty, waiting for next request
[2026-08-20 14:09:17.374 Model_Service_3] Model service 3 input queue is empty, waiting for next request
[2026-08-20 14:09:18.298 Model_Service_2] Model service 2 input queue is empty, waiting for next request
[2026-08-20 14:09:18.958 Model_Service_5] Model service 5 input queue is empty, waiting for next request
[2026-08-20 14:09:19.419 Model_Service_4] Model service 4 input queue is empty, waiting for next request
[2026-08-20 14:09:20.288 Model_Service_1] Model service 1 input queue is empty, waiting for next request
[2026-08-20 14:09:20.492 Model_Service_0] Model service 0 input queue is empty, waiting for next request
[2026-08-20 14:09:22.642 Model_Service_3] Model service 3 input queue is empty, waiting for next request
[2026-08-20 14:09:23.551 Model_Service_2] Model service 2 input queue is empty, waiting for next request
[2026-08-20 14:09:24.190 Model_Service_5] Model service 5 input queue is empty, waiting for next request
[2026-08-20 14:09:24.674 Model_Service_4] Model service 4 input queue is empty, waiting for next request
[2026-08-20 14:09:25.527 Model_Service_1] Model service 1 input queue is empty, waiting for next request
[2026-08-20 14:09:25.738 Model_Service_0] Model service 0 input queue is empty, waiting for next request
[2026-08-20 14:09:27.888 Model_Service_3] Model service 3 input queue is empty, waiting for next request
[2026-08-20 14:09:28.798 Model_Service_2] Model service 2 input queue is empty, waiting for next request
[2026-08-20 14:09:29.422 Model_Service_5] Model service 5 input queue is empty, waiting for next request
[2026-08-20 14:09:29.930 Model_Service_4] Model service 4 input queue is empty, waiting for next request
[2026-08-20 14:09:30.766 Model_Service_1] Model service 1 input queue is empty, waiting for next request
[2026-08-20 14:09:30.966 Model_Service_0] Model service 0 input queue is empty, waiting for next request
[2026-08-20 14:09:33.194 Model_Service_3] Model service 3 input queue is empty, waiting for next request
[2026-08-20 14:09:34.042 Model_Service_2] Model service 2 input queue is empty, waiting for next request
[2026-08-20 14:09:34.679 Model_Service_5] Model service 5 input queue is empty, waiting for next request
[2026-08-20 14:09:35.185 Model_Service_4] Model service 4 input queue is empty, waiting for next request
[2026-08-20 14:09:36.005 Model_Service_1] Model service 1 input queue is empty, waiting for next request
[2026-08-20 14:09:36.203 Model_Service_0] Model service 0 input queue is empty, waiting for next request
[2026-08-20 14:09:38.450 Model_Service_3] Model service 3 input queue is empty, waiting for next request
[2026-08-20 14:09:39.334 Model_Service_2] Model service 2 input queue is empty, waiting for next request
[2026-08-20 14:09:39.918 Model_Service_5] Model service 5 input queue is empty, waiting for next request
[2026-08-20 14:09:40.435 Model_Service_4] Model service 4 input queue is empty, waiting for next request
[2026-08-20 14:09:41.246 Model_Service_1] Model service 1 input queue is empty, waiting for next request
[2026-08-20 14:09:41.438 Model_Service_0] Model service 0 input queue is empty, waiting for next request
[2026-08-20 14:09:43.702 Model_Service_3] Model service 3 input queue is empty, waiting for next request
[2026-08-20 14:09:44.582 Model_Service_2] Model service 2 input queue is empty, waiting for next request
[2026-08-20 14:09:45.158 Model_Service_5] Model service 5 input queue is empty, waiting for next request
[2026-08-20 14:09:45.690 Model_Service_4] Model service 4 input queue is empty, waiting for next request
[2026-08-20 14:09:46.489 Model_Service_1] Model service 1 input queue is empty, waiting for next request
[2026-08-20 14:09:46.682 Model_Service_0] Model service 0 input queue is empty, waiting for next request
[2026-08-20 14:09:48.966 Model_Service_3] Model service 3 input queue is empty, waiting for next request
[2026-08-20 14:09:49.830 Model_Service_2] Model service 2 input queue is empty, waiting for next request
[2026-08-20 14:09:50.402 Model_Service_5] Model service 5 input queue is empty, waiting for next request
[2026-08-20 14:09:50.942 Model_Service_4] Model service 4 input queue is empty, waiting for next request
[2026-08-20 14:09:51.733 Model_Service_1] Model service 1 input queue is empty, waiting for next request
[2026-08-20 14:09:51.910 Model_Service_0] Model service 0 input queue is empty, waiting for next request
[2026-08-20 14:09:54.218 Model_Service_3] Model service 3 input queue is empty, waiting for next request
[2026-08-20 14:09:55.074 Model_Service_2] Model service 2 input queue is empty, waiting for next request
[2026-08-20 14:09:55.646 Model_Service_5] Model service 5 input queue is empty, waiting for next request
[2026-08-20 14:09:56.193 Model_Service_4] Model service 4 input queue is empty, waiting for next request
[2026-08-20 14:09:56.966 Model_Service_1] Model service 1 input queue is empty, waiting for next request
[2026-08-20 14:09:57.148 Model_Service_0] Model service 0 input queue is empty, waiting for next request
[2026-08-20 14:09:59.470 Model_Service_3] Model service 3 input queue is empty, waiting for next request
[2026-08-20 14:10:00.384 Model_Service_2] Model service 2 input queue is empty, waiting for next request
[2026-08-20 14:10:00.886 Model_Service_5] Model service 5 input queue is empty, waiting for next request
[2026-08-20 14:10:01.454 Model_Service_4] Model service 4 input queue is empty, waiting for next request
[2026-08-20 14:10:02.220 Model_Service_1] Model service 1 input queue is empty, waiting for next request
[2026-08-20 14:10:02.404 Model_Service_0] Model service 0 input queue is empty, waiting for next request
[2026-08-20 14:10:04.730 Model_Service_3] Model service 3 input queue is empty, waiting for next request
[2026-08-20 14:10:05.626 Model_Service_2] Model service 2 input queue is empty, waiting for next request
[2026-08-20 14:10:06.120 Model_Service_5] Model service 5 input queue is empty, waiting for next request
[2026-08-20 14:10:06.708 Model_Service_4] Model service 4 input queue is empty, waiting for next request
[2026-08-20 14:10:07.471 Model_Service_1] Model service 1 input queue is empty, waiting for next request
[2026-08-20 14:10:07.639 Model_Service_0] Model service 0 input queue is empty, waiting for next request
[2026-08-20 14:10:09.999 Model_Service_3] Model service 3 input queue is empty, waiting for next request
[2026-08-20 14:10:10.875 Model_Service_2] Model service 2 input queue is empty, waiting for next request
[2026-08-20 14:10:11.348 Model_Service_5] Model service 5 input queue is empty, waiting for next request
[2026-08-20 14:10:11.972 Model_Service_4] Model service 4 input queue is empty, waiting for next request
[2026-08-20 14:10:12.719 Model_Service_1] Model service 1 input queue is empty, waiting for next request
[2026-08-20 14:10:12.871 Model_Service_0] Model service 0 input queue is empty, waiting for next request
[2026-08-20 14:10:15.246 Model_Service_3] Model service 3 input queue is empty, waiting for next request
[2026-08-20 14:10:16.122 Model_Service_2] Model service 2 input queue is empty, waiting for next request
[2026-08-20 14:10:16.576 Model_Service_5] Model service 5 input queue is empty, waiting for next request
[2026-08-20 14:10:17.238 Model_Service_4] Model service 4 input queue is empty, waiting for next request
[2026-08-20 14:10:17.971 Model_Service_1] Model service 1 input queue is empty, waiting for next request
[2026-08-20 14:10:18.106 Model_Service_0] Model service 0 input queue is empty, waiting for next request
[2026-08-20 14:10:20.582 Model_Service_3] Model service 3 input queue is empty, waiting for next request
[2026-08-20 14:10:21.378 Model_Service_2] Model service 2 input queue is empty, waiting for next request
[2026-08-20 14:10:21.863 Model_Service_5] Model service 5 input queue is empty, waiting for next request
[2026-08-20 14:10:22.522 Model_Service_4] Model service 4 input queue is empty, waiting for next request
[2026-08-20 14:10:23.250 Model_Service_1] Model service 1 input queue is empty, waiting for next request
[2026-08-20 14:10:23.360 Model_Service_0] Model service 0 input queue is empty, waiting for next request
[2026-08-20 14:10:25.834 Model_Service_3] Model service 3 input queue is empty, waiting for next request
[2026-08-20 14:10:26.624 Model_Service_2] Model service 2 input queue is empty, waiting for next request
[2026-08-20 14:10:27.102 Model_Service_5] Model service 5 input queue is empty, waiting for next request
[2026-08-20 14:10:27.782 Model_Service_4] Model service 4 input queue is empty, waiting for next request
[2026-08-20 14:10:28.566 Model_Service_1] Model service 1 input queue is empty, waiting for next request
[2026-08-20 14:10:28.613 Model_Service_0] Model service 0 input queue is empty, waiting for next request
[2026-08-20 14:10:31.266 Model_Service_3] Model service 3 input queue is empty, waiting for next request
[2026-08-20 14:10:31.863 Model_Service_2] Model service 2 input queue is empty, waiting for next request
[2026-08-20 14:10:32.361 Model_Service_5] Model service 5 input queue is empty, waiting for next request
[2026-08-20 14:10:33.084 Model_Service_4] Model service 4 input queue is empty, waiting for next request
[2026-08-20 14:10:33.858 Model_Service_1] Model service 1 input queue is empty, waiting for next request
[2026-08-20 14:10:33.904 Model_Service_0] Model service 0 input queue is empty, waiting for next request
[2026-08-20 14:10:36.538 Model_Service_3] Model service 3 input queue is empty, waiting for next request
[2026-08-20 14:10:37.126 Model_Service_2] Model service 2 input queue is empty, waiting for next request
[2026-08-20 14:10:37.598 Model_Service_5] Model service 5 input queue is empty, waiting for next request
[2026-08-20 14:10:38.352 Model_Service_4] Model service 4 input queue is empty, waiting for next request
[2026-08-20 14:10:39.114 Model_Service_1] Model service 1 input queue is empty, waiting for next request
[2026-08-20 14:10:39.150 Model_Service_0] Model service 0 input queue is empty, waiting for next request
[2026-08-20 14:10:41.798 Model_Service_3] Model service 3 input queue is empty, waiting for next request
[2026-08-20 14:10:42.382 Model_Service_2] Model service 2 input queue is empty, waiting for next request
[2026-08-20 14:10:42.838 Model_Service_5] Model service 5 input queue is empty, waiting for next request
[2026-08-20 14:10:43.609 Model_Service_4] Model service 4 input queue is empty, waiting for next request
[2026-08-20 14:10:44.373 Model_Service_1] Model service 1 input queue is empty, waiting for next request
[2026-08-20 14:10:44.398 Model_Service_0] Model service 0 input queue is empty, waiting for next request
[2026-08-20 14:10:47.050 Model_Service_3] Model service 3 input queue is empty, waiting for next request
[2026-08-20 14:10:47.634 Model_Service_2] Model service 2 input queue is empty, waiting for next request
[2026-08-20 14:10:48.074 Model_Service_5] Model service 5 input queue is empty, waiting for next request
[2026-08-20 14:10:48.868 Model_Service_4] Model service 4 input queue is empty, waiting for next request
[2026-08-20 14:10:49.630 Model_Service_1] Model service 1 input queue is empty, waiting for next request
[2026-08-20 14:10:49.644 Model_Service_0] Model service 0 input queue is empty, waiting for next request
[2026-08-20 14:10:52.306 Model_Service_3] Model service 3 input queue is empty, waiting for next request
[2026-08-20 14:10:52.881 Model_Service_2] Model service 2 input queue is empty, waiting for next request
[2026-08-20 14:10:53.312 Model_Service_5] Model service 5 input queue is empty, waiting for next request
[2026-08-20 14:10:54.122 Model_Service_4] Model service 4 input queue is empty, waiting for next request
[2026-08-20 14:10:54.882 Model_Service_1] Model service 1 input queue is empty, waiting for next request
[2026-08-20 14:10:54.897 Model_Service_0] Model service 0 input queue is empty, waiting for next request
[2026-08-20 14:10:57.562 Model_Service_3] Model service 3 input queue is empty, waiting for next request
[2026-08-20 14:10:58.133 Model_Service_2] Model service 2 input queue is empty, waiting for next request
[2026-08-20 14:10:58.578 Model_Service_5] Model service 5 input queue is empty, waiting for next request
[2026-08-20 14:10:59.390 Model_Service_4] Model service 4 input queue is empty, waiting for next request
[2026-08-20 14:11:00.136 Model_Service_1] Model service 1 input queue is empty, waiting for next request
[2026-08-20 14:11:00.150 Model_Service_0] Model service 0 input queue is empty, waiting for next request
[2026-08-20 14:11:02.815 Model_Service_3] Model service 3 input queue is empty, waiting for next request
[2026-08-20 14:11:03.405 Model_Service_2] Model service 2 input queue is empty, waiting for next request
[2026-08-20 14:11:03.826 Model_Service_5] Model service 5 input queue is empty, waiting for next request
[2026-08-20 14:11:04.646 Model_Service_4] Model service 4 input queue is empty, waiting for next request
[2026-08-20 14:11:05.395 Model_Service_1] Model service 1 input queue is empty, waiting for next request
[2026-08-20 14:11:05.402 Model_Service_0] Model service 0 input queue is empty, waiting for next request
[2026-08-20 14:11:08.066 Model_Service_3] Model service 3 input queue is empty, waiting for next request
[2026-08-20 14:11:08.656 Model_Service_2] Model service 2 input queue is empty, waiting for next request
[2026-08-20 14:11:09.082 Model_Service_5] Model service 5 input queue is empty, waiting for next request
[2026-08-20 14:11:09.910 Model_Service_4] Model service 4 input queue is empty, waiting for next request
[2026-08-20 14:11:10.646 Model_Service_1] Model service 1 input queue is empty, waiting for next request
[2026-08-20 14:11:10.653 Model_Service_0] Model service 0 input queue is empty, waiting for next request
[2026-08-20 14:11:13.322 Model_Service_3] Model service 3 input queue is empty, waiting for next request
[2026-08-20 14:11:13.902 Model_Service_2] Model service 2 input queue is empty, waiting for next request
[2026-08-20 14:11:14.317 Model_Service_5] Model service 5 input queue is empty, waiting for next request
[2026-08-20 14:11:15.170 Model_Service_4] Model service 4 input queue is empty, waiting for next request
[2026-08-20 14:11:15.909 Model_Service_1] Model service 1 input queue is empty, waiting for next request
[2026-08-20 14:11:15.931 Model_Service_0] Model service 0 input queue is empty, waiting for next request
[2026-08-20 14:11:18.582 Model_Service_3] Model service 3 input queue is empty, waiting for next request
[2026-08-20 14:11:19.163 Model_Service_2] Model service 2 input queue is empty, waiting for next request
[2026-08-20 14:11:19.551 Model_Service_5] Model service 5 input queue is empty, waiting for next request
[2026-08-20 14:11:20.434 Model_Service_4] Model service 4 input queue is empty, waiting for next request
[2026-08-20 14:11:21.166 Model_Service_1] Model service 1 input queue is empty, waiting for next request
[2026-08-20 14:11:21.182 Model_Service_0] Model service 0 input queue is empty, waiting for next request
[2026-08-20 14:11:23.855 Model_Service_3] Model service 3 input queue is empty, waiting for next request
[2026-08-20 14:11:24.478 Model_Service_2] Model service 2 input queue is empty, waiting for next request
[2026-08-20 14:11:24.782 Model_Service_5] Model service 5 input queue is empty, waiting for next request
[2026-08-20 14:11:25.694 Model_Service_4] Model service 4 input queue is empty, waiting for next request
[2026-08-20 14:11:26.417 Model_Service_1] Model service 1 input queue is empty, waiting for next request
[2026-08-20 14:11:26.432 Model_Service_0] Model service 0 input queue is empty, waiting for next request
[2026-08-20 14:11:29.114 Model_Service_3] Model service 3 input queue is empty, waiting for next request
[2026-08-20 14:11:29.727 Model_Service_2] Model service 2 input queue is empty, waiting for next request
[2026-08-20 14:11:30.020 Model_Service_5] Model service 5 input queue is empty, waiting for next request
[2026-08-20 14:11:30.948 Model_Service_4] Model service 4 input queue is empty, waiting for next request
[2026-08-20 14:11:31.678 Model_Service_1] Model service 1 input queue is empty, waiting for next request
[2026-08-20 14:11:31.744 Model_Service_0] Model service 0 input queue is empty, waiting for next request
[2026-08-20 14:11:34.367 Model_Service_3] Model service 3 input queue is empty, waiting for next request
[2026-08-20 14:11:34.978 Model_Service_2] Model service 2 input queue is empty, waiting for next request
[2026-08-20 14:11:35.262 Model_Service_5] Model service 5 input queue is empty, waiting for next request
[2026-08-20 14:11:36.204 Model_Service_4] Model service 4 input queue is empty, waiting for next request
[2026-08-20 14:11:36.927 Model_Service_1] Model service 1 input queue is empty, waiting for next request
[2026-08-20 14:11:36.986 Model_Service_0] Model service 0 input queue is empty, waiting for next request
[2026-08-20 14:11:39.618 Model_Service_3] Model service 3 input queue is empty, waiting for next request
[2026-08-20 14:11:40.242 Model_Service_2] Model service 2 input queue is empty, waiting for next request
[2026-08-20 14:11:40.498 Model_Service_5] Model service 5 input queue is empty, waiting for next request
[2026-08-20 14:11:41.474 Model_Service_4] Model service 4 input queue is empty, waiting for next request
[2026-08-20 14:11:42.174 Model_Service_1] Model service 1 input queue is empty, waiting for next request
[2026-08-20 14:11:42.230 Model_Service_0] Model service 0 input queue is empty, waiting for next request
[2026-08-20 14:11:44.938 Model_Service_3] Model service 3 input queue is empty, waiting for next request
[2026-08-20 14:11:45.494 Model_Service_2] Model service 2 input queue is empty, waiting for next request
[2026-08-20 14:11:45.730 Model_Service_5] Model service 5 input queue is empty, waiting for next request
[2026-08-20 14:11:46.874 Model_Service_4] Model service 4 input queue is empty, waiting for next request
[2026-08-20 14:11:47.486 Model_Service_1] Model service 1 input queue is empty, waiting for next request
[2026-08-20 14:11:47.499 Model_Service_0] Model service 0 input queue is empty, waiting for next request
[2026-08-20 14:11:50.226 Model_Service_3] Model service 3 input queue is empty, waiting for next request
[2026-08-20 14:11:50.750 Model_Service_2] Model service 2 input queue is empty, waiting for next request
[2026-08-20 14:11:51.046 Model_Service_5] Model service 5 input queue is empty, waiting for next request
[2026-08-20 14:11:52.286 Model_Service_4] Model service 4 input queue is empty, waiting for next request
[2026-08-20 14:11:52.830 Model_Service_1] Model service 1 input queue is empty, waiting for next request
[2026-08-20 14:11:52.834 Model_Service_0] Model service 0 input queue is empty, waiting for next request
[2026-08-20 14:11:55.550 Model_Service_3] Model service 3 input queue is empty, waiting for next request
[2026-08-20 14:11:55.998 Model_Service_2] Model service 2 input queue is empty, waiting for next request
[2026-08-20 14:11:56.346 Model_Service_5] Model service 5 input queue is empty, waiting for next request
[2026-08-20 14:11:57.543 Model_Service_4] Model service 4 input queue is empty, waiting for next request
[2026-08-20 14:11:58.084 Model_Service_1] Model service 1 input queue is empty, waiting for next request
[2026-08-20 14:11:58.086 Model_Service_0] Model service 0 input queue is empty, waiting for next request
[2026-08-20 14:12:00.806 Model_Service_3] Model service 3 input queue is empty, waiting for next request
[2026-08-20 14:12:01.250 Model_Service_2] Model service 2 input queue is empty, waiting for next request
[2026-08-20 14:12:01.578 Model_Service_5] Model service 5 input queue is empty, waiting for next request
[2026-08-20 14:12:02.804 Model_Service_4] Model service 4 input queue is empty, waiting for next request
[2026-08-20 14:12:03.331 Model_Service_1] Model service 1 input queue is empty, waiting for next request
[2026-08-20 14:12:03.339 Model_Service_0] Model service 0 input queue is empty, waiting for next request
[2026-08-20 14:12:06.035 Model_Service_3] Model service 3 input queue is empty, waiting for next request
[2026-08-20 14:12:06.502 Model_Service_2] Model service 2 input queue is empty, waiting for next request
[2026-08-20 14:12:06.806 Model_Service_5] Model service 5 input queue is empty, waiting for next request
[2026-08-20 14:12:08.062 Model_Service_4] Model service 4 input queue is empty, waiting for next request
[2026-08-20 14:12:08.586 Model_Service_1] Model service 1 input queue is empty, waiting for next request
[2026-08-20 14:12:08.590 Model_Service_0] Model service 0 input queue is empty, waiting for next request
[2026-08-20 14:12:11.269 Model_Service_3] Model service 3 input queue is empty, waiting for next request
[2026-08-20 14:12:11.790 Model_Service_2] Model service 2 input queue is empty, waiting for next request
[2026-08-20 14:12:12.062 Model_Service_5] Model service 5 input queue is empty, waiting for next request
[2026-08-20 14:12:13.310 Model_Service_4] Model service 4 input queue is empty, waiting for next request
[2026-08-20 14:12:13.838 Model_Service_0] Model service 0 input queue is empty, waiting for next request
[2026-08-20 14:12:13.838 Model_Service_1] Model service 1 input queue is empty, waiting for next request
[2026-08-20 14:12:16.504 Model_Service_3] Model service 3 input queue is empty, waiting for next request
[2026-08-20 14:12:17.034 Model_Service_2] Model service 2 input queue is empty, waiting for next request
[2026-08-20 14:12:17.306 Model_Service_5] Model service 5 input queue is empty, waiting for next request
[2026-08-20 14:12:18.554 Model_Service_4] Model service 4 input queue is empty, waiting for next request
[2026-08-20 14:12:19.087 Model_Service_0] Model service 0 input queue is empty, waiting for next request
[2026-08-20 14:12:19.090 Model_Service_1] Model service 1 input queue is empty, waiting for next request
[2026-08-20 14:12:21.738 Model_Service_3] Model service 3 input queue is empty, waiting for next request
[2026-08-20 14:12:22.278 Model_Service_2] Model service 2 input queue is empty, waiting for next request
[2026-08-20 14:12:22.547 Model_Service_5] Model service 5 input queue is empty, waiting for next request
[2026-08-20 14:12:23.786 Model_Service_4] Model service 4 input queue is empty, waiting for next request
[2026-08-20 14:12:24.334 Model_Service_0] Model service 0 input queue is empty, waiting for next request
[2026-08-20 14:12:24.402 Model_Service_1] Model service 1 input queue is empty, waiting for next request
[2026-08-20 14:12:26.974 Model_Service_3] Model service 3 input queue is empty, waiting for next request
[2026-08-20 14:12:27.546 Model_Service_2] Model service 2 input queue is empty, waiting for next request
[2026-08-20 14:12:27.786 Model_Service_5] Model service 5 input queue is empty, waiting for next request
[2026-08-20 14:12:29.010 Model_Service_4] Model service 4 input queue is empty, waiting for next request
[2026-08-20 14:12:29.582 Model_Service_0] Model service 0 input queue is empty, waiting for next request
[2026-08-20 14:12:29.650 Model_Service_1] Model service 1 input queue is empty, waiting for next request
[2026-08-20 14:12:32.202 Model_Service_3] Model service 3 input queue is empty, waiting for next request
[2026-08-20 14:12:32.790 Model_Service_2] Model service 2 input queue is empty, waiting for next request
[2026-08-20 14:12:33.026 Model_Service_5] Model service 5 input queue is empty, waiting for next request
[2026-08-20 14:12:34.230 Model_Service_4] Model service 4 input queue is empty, waiting for next request
[2026-08-20 14:12:34.830 Model_Service_0] Model service 0 input queue is empty, waiting for next request
[2026-08-20 14:12:34.902 Model_Service_1] Model service 1 input queue is empty, waiting for next request
[2026-08-20 14:12:37.434 Model_Service_3] Model service 3 input queue is empty, waiting for next request
[2026-08-20 14:12:38.034 Model_Service_2] Model service 2 input queue is empty, waiting for next request
[2026-08-20 14:12:38.280 Model_Service_5] Model service 5 input queue is empty, waiting for next request
[2026-08-20 14:12:39.450 Model_Service_4] Model service 4 input queue is empty, waiting for next request
[2026-08-20 14:12:40.078 Model_Service_0] Model service 0 input queue is empty, waiting for next request
[2026-08-20 14:12:40.143 Model_Service_1] Model service 1 input queue is empty, waiting for next request
[2026-08-20 14:12:42.687 Model_Service_3] Model service 3 input queue is empty, waiting for next request
[2026-08-20 14:12:43.310 Model_Service_2] Model service 2 input queue is empty, waiting for next request
[2026-08-20 14:12:43.526 Model_Service_5] Model service 5 input queue is empty, waiting for next request
[2026-08-20 14:12:44.719 Model_Service_4] Model service 4 input queue is empty, waiting for next request
[2026-08-20 14:12:45.330 Model_Service_0] Model service 0 input queue is empty, waiting for next request
[2026-08-20 14:12:45.382 Model_Service_1] Model service 1 input queue is empty, waiting for next request
[2026-08-20 14:12:47.942 Model_Service_3] Model service 3 input queue is empty, waiting for next request
[2026-08-20 14:12:48.598 Model_Service_2] Model service 2 input queue is empty, waiting for next request
[2026-08-20 14:12:48.766 Model_Service_5] Model service 5 input queue is empty, waiting for next request
[2026-08-20 14:12:49.974 Model_Service_4] Model service 4 input queue is empty, waiting for next request
[2026-08-20 14:12:50.579 Model_Service_0] Model service 0 input queue is empty, waiting for next request
[2026-08-20 14:12:50.629 Model_Service_1] Model service 1 input queue is empty, waiting for next request
[2026-08-20 14:12:53.185 Model_Service_3] Model service 3 input queue is empty, waiting for next request
[2026-08-20 14:12:53.846 Model_Service_2] Model service 2 input queue is empty, waiting for next request
[2026-08-20 14:12:54.016 Model_Service_5] Model service 5 input queue is empty, waiting for next request
[2026-08-20 14:12:55.226 Model_Service_4] Model service 4 input queue is empty, waiting for next request
[2026-08-20 14:12:55.827 Model_Service_0] Model service 0 input queue is empty, waiting for next request
[2026-08-20 14:12:55.874 Model_Service_1] Model service 1 input queue is empty, waiting for next request
[2026-08-20 14:12:58.423 Model_Service_3] Model service 3 input queue is empty, waiting for next request
[2026-08-20 14:12:59.091 Model_Service_2] Model service 2 input queue is empty, waiting for next request
[2026-08-20 14:12:59.271 Model_Service_5] Model service 5 input queue is empty, waiting for next request
[2026-08-20 14:13:00.482 Model_Service_4] Model service 4 input queue is empty, waiting for next request
[2026-08-20 14:13:01.078 Model_Service_0] Model service 0 input queue is empty, waiting for next request
[2026-08-20 14:13:01.118 Model_Service_1] Model service 1 input queue is empty, waiting for next request
[2026-08-20 14:13:03.718 Model_Service_3] Model service 3 input queue is empty, waiting for next request
[2026-08-20 14:13:04.342 Model_Service_2] Model service 2 input queue is empty, waiting for next request
[2026-08-20 14:13:04.515 Model_Service_5] Model service 5 input queue is empty, waiting for next request
[2026-08-20 14:13:05.735 Model_Service_4] Model service 4 input queue is empty, waiting for next request
[2026-08-20 14:13:06.323 Model_Service_0] Model service 0 input queue is empty, waiting for next request
[2026-08-20 14:13:06.370 Model_Service_1] Model service 1 input queue is empty, waiting for next request
[2026-08-20 14:13:08.951 Model_Service_3] Model service 3 input queue is empty, waiting for next request
[2026-08-20 14:13:09.586 Model_Service_2] Model service 2 input queue is empty, waiting for next request
[2026-08-20 14:13:09.758 Model_Service_5] Model service 5 input queue is empty, waiting for next request
[2026-08-20 14:13:11.017 Model_Service_4] Model service 4 input queue is empty, waiting for next request
[2026-08-20 14:13:11.571 Model_Service_0] Model service 0 input queue is empty, waiting for next request
[2026-08-20 14:13:11.618 Model_Service_1] Model service 1 input queue is empty, waiting for next request
[2026-08-20 14:13:14.209 Model_Service_3] Model service 3 input queue is empty, waiting for next request
[2026-08-20 14:13:14.830 Model_Service_2] Model service 2 input queue is empty, waiting for next request
[2026-08-20 14:13:15.008 Model_Service_5] Model service 5 input queue is empty, waiting for next request
[2026-08-20 14:13:16.294 Model_Service_4] Model service 4 input queue is empty, waiting for next request
[2026-08-20 14:13:16.847 Model_Service_0] Model service 0 input queue is empty, waiting for next request
[2026-08-20 14:13:16.893 Model_Service_1] Model service 1 input queue is empty, waiting for next request
[2026-08-20 14:13:19.464 Model_Service_3] Model service 3 input queue is empty, waiting for next request
[2026-08-20 14:13:20.082 Model_Service_2] Model service 2 input queue is empty, waiting for next request
[2026-08-20 14:13:20.262 Model_Service_5] Model service 5 input queue is empty, waiting for next request
[2026-08-20 14:13:21.575 Model_Service_4] Model service 4 input queue is empty, waiting for next request
[2026-08-20 14:13:22.105 Model_Service_0] Model service 0 input queue is empty, waiting for next request
[2026-08-20 14:13:22.151 Model_Service_1] Model service 1 input queue is empty, waiting for next request
[2026-08-20 14:13:24.722 Model_Service_3] Model service 3 input queue is empty, waiting for next request
[2026-08-20 14:13:25.331 Model_Service_2] Model service 2 input queue is empty, waiting for next request
[2026-08-20 14:13:25.540 Model_Service_5] Model service 5 input queue is empty, waiting for next request
[2026-08-20 14:13:26.824 Model_Service_4] Model service 4 input queue is empty, waiting for next request
[2026-08-20 14:13:27.358 Model_Service_0] Model service 0 input queue is empty, waiting for next request
[2026-08-20 14:13:27.410 Model_Service_1] Model service 1 input queue is empty, waiting for next request
[2026-08-20 14:13:29.961 Model_Service_3] Model service 3 input queue is empty, waiting for next request
[2026-08-20 14:13:30.582 Model_Service_2] Model service 2 input queue is empty, waiting for next request
[2026-08-20 14:13:30.806 Model_Service_5] Model service 5 input queue is empty, waiting for next request
