Real trace file: /workspace/prism-merge/exp/workloads/final-compare/bursty_r8_s1.pkl
[PRISM_DIRECT] 3387 requests, span 419.6s
Starting TP benchmark: paper-faithful-v6_bursty_rate8_seed1
Generated 3387 requests
Request model_5#0 arrives at 1631110.951677992, sleeping for 0.19896425609476864 seconds
Request model_2#0 arrives at 1631111.151049907, sleeping for 0.17808620305731893 seconds
Request model_2#1 arrives at 1631111.330726348, sleeping for 0.03455181699246168 seconds
Request model_2#2 arrives at 1631111.365979177, sleeping for 0.08872403716668487 seconds
Request model_5#1 arrives at 1631111.455158863, sleeping for 0.0831216995138675 seconds
Request model_2#3 arrives at 1631111.53915554, sleeping for 0.13230898324400187 seconds
Request model_2#4 arrives at 1631111.672323788, sleeping for 0.09822003426961601 seconds
Request model_5#2 arrives at 1631111.771642809, sleeping for 0.06624571862630546 seconds
Request model_2#5 arrives at 1631111.838980553, sleeping for 0.03191571310162544 seconds
Request model_2#6 arrives at 1631111.87123183, sleeping for 0.2530708611011505 seconds
Request model_2#7 arrives at 1631112.125715381, sleeping for 0.3884880642872304 seconds
Request model_5#3 arrives at 1631112.515591067, sleeping for 0.14813424763269722 seconds
Request model_2#8 arrives at 1631112.665016435, sleeping for 0.1348994174040854 seconds
Request model_3#0 arrives at 1631112.801326566, sleeping for 0.7004530967678875 seconds
Request model_5#4 arrives at 1631113.502631021, sleeping for 0.045862622326239944 seconds
Request model_3#1 arrives at 1631113.549333274, sleeping for 0.011642769677564502 seconds
Request model_3#2 arrives at 1631113.561190042, sleeping for 0.04546474642120302 seconds
Request model_2#9 arrives at 1631113.606852507, sleeping for 0.2064508746843785 seconds
Request model_5#5 arrives at 1631113.814853346, sleeping for 0.1380920591764152 seconds
Request model_2#10 arrives at 1631113.95423011, sleeping for 0.11883518612012267 seconds
Request model_2#11 arrives at 1631114.074610955, sleeping for 0.06360284448601305 seconds
Request model_2#12 arrives at 1631114.139059959, sleeping for 0.0468558871652931 seconds
Request model_2#13 arrives at 1631114.186324316, sleeping for 0.1622686532791704 seconds
Request model_2#14 arrives at 1631114.349601236, sleeping for 0.042936381651088595 seconds
Request model_2#15 arrives at 1631114.39366749, sleeping for 0.06137219723314047 seconds
Request model_3#3 arrives at 1631114.455353574, sleeping for 0.03811024478636682 seconds
Request model_3#4 arrives at 1631114.494166019, sleeping for 0.21155607560649514 seconds
Request model_2#16 arrives at 1631114.70660215, sleeping for 0.08682870492339134 seconds
Request model_2#17 arrives at 1631114.793940762, sleeping for 0 seconds
Request model_2#18 arrives at 1631114.794564047, sleeping for 0.0031292627099901438 seconds
Request model_5#6 arrives at 1631114.798116513, sleeping for 0.3763571991585195 seconds
Request model_2#19 arrives at 1631115.176355803, sleeping for 0.07994193420745432 seconds
Request model_2#20 arrives at 1631115.257329278, sleeping for 0.33028231491334736 seconds
Request model_2#21 arrives at 1631115.588617913, sleeping for 0.053950587287545204 seconds
Request model_2#22 arrives at 1631115.643298325, sleeping for 0.0242724078707397 seconds
Request model_2#23 arrives at 1631115.668031477, sleeping for 0.09085193742066622 seconds
Request model_6#0 arrives at 1631115.759389698, sleeping for 0.15219463710673153 seconds
Request model_2#24 arrives at 1631115.912766986, sleeping for 0.31031808420084417 seconds
Request model_2#25 arrives at 1631116.224269395, sleeping for 0.11461449600756168 seconds
Request model_2#26 arrives at 1631116.339326861, sleeping for 0.26112809078767896 seconds
Request model_2#27 arrives at 1631116.600786093, sleeping for 0.04353401740081608 seconds
Request model_2#28 arrives at 1631116.645468411, sleeping for 0.23545494698919356 seconds
Request model_3#5 arrives at 1631116.881417496, sleeping for 0.2220896005164832 seconds
Request model_3#6 arrives at 1631117.10378413, sleeping for 0.09531994513235986 seconds
Request model_2#29 arrives at 1631117.200190848, sleeping for 0.03849573549814522 seconds
Request model_2#30 arrives at 1631117.239453547, sleeping for 0.10583852604031563 seconds
Request model_3#7 arrives at 1631117.345800089, sleeping for 0.062002581311389804 seconds
Request model_2#31 arrives at 1631117.408119137, sleeping for 0.07183724665082991 seconds
Request model_2#32 arrives at 1631117.481389085, sleeping for 0.023559067863970995 seconds
Request model_5#7 arrives at 1631117.505876115, sleeping for 0.018632406601682305 seconds
Request model_2#33 arrives at 1631117.526131564, sleeping for 0.00462394580245018 seconds
Request model_6#1 arrives at 1631117.531398603, sleeping for 0.0916295712813735 seconds
Request model_2#34 arrives at 1631117.623703941, sleeping for 0.08692640974186361 seconds
Request model_2#35 arrives at 1631117.711687298, sleeping for 0.07462216494604945 seconds
Request model_2#36 arrives at 1631117.786855431, sleeping for 0.27526673185639083 seconds
Request model_6#2 arrives at 1631118.063345173, sleeping for 0.19341265805996954 seconds
Request model_2#37 arrives at 1631118.257895303, sleeping for 0.26349672861397266 seconds
Request model_2#38 arrives at 1631118.521873593, sleeping for 0.05919865448959172 seconds
Request model_2#39 arrives at 1631118.583182814, sleeping for 0.1271846410818398 seconds
Request model_2#40 arrives at 1631118.711541687, sleeping for 0.036031585186719894 seconds
Request model_2#41 arrives at 1631118.747846704, sleeping for 0.023036213126033545 seconds
Request model_5#8 arrives at 1631118.771188356, sleeping for 0.028431772720068693 seconds
Request model_2#42 arrives at 1631118.800492231, sleeping for 0.02011466142721474 seconds
Request model_2#43 arrives at 1631118.820908801, sleeping for 0.08361212932504714 seconds
Request model_2#44 arrives at 1631118.905305572, sleeping for 0.11606158060021698 seconds
Request model_5#9 arrives at 1631119.022630844, sleeping for 0.06848740135319531 seconds
Request model_2#45 arrives at 1631119.091926203, sleeping for 0.2131560246925801 seconds
Request model_2#46 arrives at 1631119.30652459, sleeping for 0.024677267763763666 seconds
Request model_5#10 arrives at 1631119.331991938, sleeping for 0.07189782685600221 seconds
Request model_2#47 arrives at 1631119.405858811, sleeping for 0.137543807271868 seconds
Request model_2#48 arrives at 1631119.544837622, sleeping for 0.06310510425828397 seconds
Request model_5#11 arrives at 1631119.608988604, sleeping for 0.006317421793937683 seconds
Request model_5#12 arrives at 1631119.616271227, sleeping for 0.21211829874664545 seconds
Request model_5#13 arrives at 1631119.828786619, sleeping for 0.09546996164135635 seconds
Request model_3#8 arrives at 1631119.925309689, sleeping for 0.05591591284610331 seconds
Request model_2#49 arrives at 1631119.981769094, sleeping for 0.1424467978067696 seconds
Request model_2#50 arrives at 1631120.126237286, sleeping for 0.045513839926570654 seconds
Request model_6#3 arrives at 1631120.172669857, sleeping for 0.12037070072256029 seconds
Request model_2#51 arrives at 1631120.293799488, sleeping for 0.015313502633944154 seconds
Request model_2#52 arrives at 1631120.309442262, sleeping for 0.05481306998990476 seconds
Request model_2#53 arrives at 1631120.365226182, sleeping for 0.11028141179122031 seconds
Request model_2#54 arrives at 1631120.476219558, sleeping for 0.1882309834472835 seconds
Request model_5#14 arrives at 1631120.664922675, sleeping for 0.10195290297269821 seconds
Request model_3#9 arrives at 1631120.768068764, sleeping for 0.05498292553238571 seconds
Request model_6#4 arrives at 1631120.823754693, sleeping for 0.018018911592662334 seconds
Request model_2#55 arrives at 1631120.843444197, sleeping for 0.019417744129896164 seconds
Request model_6#5 arrives at 1631120.863170402, sleeping for 0.2880634751636535 seconds
Request model_2#56 arrives at 1631121.151825694, sleeping for 0.0028586278203874826 seconds
Request model_3#10 arrives at 1631121.155147279, sleeping for 0.10446032136678696 seconds
Request model_5#15 arrives at 1631121.26146114, sleeping for 0.1410288440529257 seconds
Request model_3#11 arrives at 1631121.402868699, sleeping for 0.046101216692477465 seconds
Request model_2#57 arrives at 1631121.449813184, sleeping for 0.04173801536671817 seconds
Request model_2#58 arrives at 1631121.492071225, sleeping for 0.02833475754596293 seconds
Request model_6#6 arrives at 1631121.52132011, sleeping for 0.05992274614982307 seconds
Request model_5#16 arrives at 1631121.582326868, sleeping for 0.1652724496088922 seconds
Request model_5#17 arrives at 1631121.748118867, sleeping for 0.13551120460033417 seconds
Request model_2#59 arrives at 1631121.884148977, sleeping for 0.34954276378266513 seconds
Request model_2#60 arrives at 1631122.234593043, sleeping for 0.08684442308731377 seconds
Request model_2#61 arrives at 1631122.321946115, sleeping for 0.0074234455823898315 seconds
Request model_2#62 arrives at 1631122.329635242, sleeping for 0.024087209720164537 seconds
Request model_3#12 arrives at 1631122.354298993, sleeping for 0.1555775364395231 seconds
Request model_3#13 arrives at 1631122.511128226, sleeping for 0.026702615432441235 seconds
Request model_2#63 arrives at 1631122.560280037, sleeping for 0.023971756687387824 seconds
Request model_2#64 arrives at 1631122.585052509, sleeping for 0.20902478275820613 seconds
Request model_2#65 arrives at 1631122.79469558, sleeping for 0.06976658222265542 seconds
Request model_2#66 arrives at 1631122.86543333, sleeping for 0.16104893805459142 seconds
Request model_5#18 arrives at 1631123.028468319, sleeping for 0.15515334904193878 seconds
Request model_2#67 arrives at 1631123.184851088, sleeping for 0.08698616898618639 seconds
Request model_2#68 arrives at 1631123.273734301, sleeping for 0.1657927054911852 seconds
Request model_6#7 arrives at 1631123.440451047, sleeping for 0.06421642657369375 seconds
Request model_3#14 arrives at 1631123.505487855, sleeping for 0.15677252714522183 seconds
Request model_2#69 arrives at 1631123.662942482, sleeping for 0.11373462481424212 seconds
Request model_2#70 arrives at 1631123.777378593, sleeping for 0.07284472021274269 seconds
Request model_2#71 arrives at 1631123.851635549, sleeping for 0.016909200698137283 seconds
Request model_2#72 arrives at 1631123.868931276, sleeping for 0.4124938256572932 seconds
Request model_2#73 arrives at 1631124.28168636, sleeping for 0.2563772830180824 seconds
Request model_2#74 arrives at 1631124.538971171, sleeping for 0.08419661014340818 seconds
Request model_2#75 arrives at 1631124.624727312, sleeping for 0.35998038365505636 seconds
Request model_2#76 arrives at 1631124.985447254, sleeping for 0.1909831860102713 seconds
Request model_2#77 arrives at 1631125.177434635, sleeping for 0.13108706567436457 seconds
Request model_2#78 arrives at 1631125.309325394, sleeping for 0.06206691171973944 seconds
Request model_2#79 arrives at 1631125.371569092, sleeping for 0.13441507099196315 seconds
Request model_2#80 arrives at 1631125.50734573, sleeping for 0.05919540417380631 seconds
Request model_5#19 arrives at 1631125.566822707, sleeping for 0.2135056988336146 seconds
Request model_2#81 arrives at 1631125.781197213, sleeping for 0.15190263744443655 seconds
Request model_2#82 arrives at 1631125.933516092, sleeping for 0.13785217888653278 seconds
Request model_2#83 arrives at 1631126.071812109, sleeping for 0.172116219997406 seconds
Request model_3#15 arrives at 1631126.245239814, sleeping for 0.3551867075730115 seconds
Request model_2#84 arrives at 1631126.60122177, sleeping for 0.33516099979169667 seconds
Request model_2#85 arrives at 1631126.938953993, sleeping for 0.25573019753210247 seconds
Request model_6#8 arrives at 1631127.195569029, sleeping for 0.06461900845170021 seconds
Request model_2#86 arrives at 1631127.260746409, sleeping for 0.06405246397480369 seconds
Request model_2#87 arrives at 1631127.325916548, sleeping for 0.04033504240214825 seconds
Request model_2#88 arrives at 1631127.366603687, sleeping for 0.2245433870702982 seconds
Request model_2#89 arrives at 1631127.592156605, sleeping for 0.035520866280421615 seconds
Request model_2#90 arrives at 1631127.62825719, sleeping for 0.0477537983097136 seconds
Request model_5#20 arrives at 1631127.676950858, sleeping for 0.10900409170426428 seconds
Request model_3#16 arrives at 1631127.786750795, sleeping for 0.00667071039788425 seconds
Request model_2#91 arrives at 1631127.794469952, sleeping for 0.14788756449706852 seconds
Request model_2#92 arrives at 1631127.942841712, sleeping for 0.010876030893996358 seconds
Request model_6#9 arrives at 1631127.954181666, sleeping for 0.03072306583635509 seconds
Request model_5#21 arrives at 1631127.985601057, sleeping for 0.08682787604629993 seconds
Request model_5#22 arrives at 1631128.07443427, sleeping for 0.0696655826177448 seconds
Request model_3#17 arrives at 1631128.144561405, sleeping for 0.3943867215421051 seconds
Request model_2#93 arrives at 1631128.540302124, sleeping for 0.10170240537263453 seconds
Request model_2#94 arrives at 1631128.643244591, sleeping for 0.1531401549000293 seconds
Request model_5#23 arrives at 1631128.796927071, sleeping for 0.4396056146360934 seconds
Request model_2#95 arrives at 1631129.237764931, sleeping for 0.20371908834204078 seconds
Request model_2#96 arrives at 1631129.442274765, sleeping for 0.007339034462347627 seconds
Request model_2#97 arrives at 1631129.450733057, sleeping for 0.07385560916736722 seconds
Request model_5#24 arrives at 1631129.524915652, sleeping for 0.24684328003786504 seconds
Request model_2#98 arrives at 1631129.772744774, sleeping for 0.020533661358058453 seconds
Request model_5#25 arrives at 1631129.793452256, sleeping for 0.04957813769578934 seconds
Request model_2#99 arrives at 1631129.844106998, sleeping for 0.49133238731883466 seconds
Request model_3#18 arrives at 1631130.336408597, sleeping for 0.03924087737686932 seconds
Request model_2#100 arrives at 1631130.376723413, sleeping for 0.048610259778797626 seconds
Request model_2#101 arrives at 1631130.425965225, sleeping for 0.08765024645254016 seconds
Request model_2#102 arrives at 1631130.515200311, sleeping for 0.11112488061189651 seconds
Request model_2#103 arrives at 1631130.627452027, sleeping for 0.27525918185710907 seconds
Request model_3#19 arrives at 1631130.903680997, sleeping for 0.1481880338396877 seconds
Request model_2#104 arrives at 1631131.052160769, sleeping for 0.009997900575399399 seconds
Request model_5#26 arrives at 1631131.06322287, sleeping for 0.005522726569324732 seconds
Request model_2#105 arrives at 1631131.068886372, sleeping for 0.2098973144311458 seconds
Request model_6#10 arrives at 1631131.279173357, sleeping for 0.08906910265795887 seconds
Request model_2#106 arrives at 1631131.368557914, sleeping for 0.04107369459234178 seconds
Request model_2#107 arrives at 1631131.410256481, sleeping for 0.0209796114359051 seconds
Request model_6#11 arrives at 1631131.431433346, sleeping for 0.0011153332889080048 seconds
Request model_2#108 arrives at 1631131.433668783, sleeping for 0.044590425910428166 seconds
Request model_2#109 arrives at 1631131.479718661, sleeping for 0.1860916498117149 seconds
Request model_2#110 arrives at 1631131.667047629, sleeping for 0.04710417822934687 seconds
Request model_6#12 arrives at 1631131.715332894, sleeping for 0.05335636390373111 seconds
Request model_5#27 arrives at 1631131.769874424, sleeping for 0.002380282850936055 seconds
Request model_2#111 arrives at 1631131.773061608, sleeping for 0.20085743884555995 seconds
Request model_2#112 arrives at 1631131.974453368, sleeping for 0.023584092501550913 seconds
Request model_2#113 arrives at 1631131.998180463, sleeping for 0.1497082815039903 seconds
Request model_2#114 arrives at 1631132.148060824, sleeping for 0.09443280287086964 seconds
Request model_2#115 arrives at 1631132.242803521, sleeping for 0.1784979342482984 seconds
Request model_2#116 arrives at 1631132.42225641, sleeping for 0.19836109224706888 seconds
Request model_2#117 arrives at 1631132.621183993, sleeping for 0.07961021666415036 seconds
Request model_2#118 arrives at 1631132.701457292, sleeping for 0.11128456238657236 seconds
Request model_2#119 arrives at 1631132.813884949, sleeping for 0.17585914046503603 seconds
Request model_2#120 arrives at 1631132.991104882, sleeping for 0.0015317758079618216 seconds
Request model_2#121 arrives at 1631132.993295998, sleeping for 0.0369433977175504 seconds
Request model_6#13 arrives at 1631133.031374128, sleeping for 0.2978203312959522 seconds
Request model_3#20 arrives at 1631133.329694161, sleeping for 0.10269341082312167 seconds
Request model_2#122 arrives at 1631133.432850619, sleeping for 0.11030071252025664 seconds
Request model_2#123 arrives at 1631133.544256408, sleeping for 0.2762158988043666 seconds
Request model_2#124 arrives at 1631133.821800759, sleeping for 0.03902748948894441 seconds
Request model_2#125 arrives at 1631133.861993634, sleeping for 0.15917117148637772 seconds
Request model_2#126 arrives at 1631134.022275732, sleeping for 0.19610931584611535 seconds
Request model_2#127 arrives at 1631134.219637713, sleeping for 0.0027438628021627665 seconds
Request model_5#28 arrives at 1631134.222781236, sleeping for 0.07003320381045341 seconds
Request model_2#128 arrives at 1631134.293841148, sleeping for 0.13829488214105368 seconds
Request model_2#129 arrives at 1631134.432546708, sleeping for 0.2089257719926536 seconds
Request model_2#130 arrives at 1631134.642902124, sleeping for 0.041391112841665745 seconds
Request model_2#131 arrives at 1631134.685226606, sleeping for 0.4560134701896459 seconds
Request model_6#14 arrives at 1631135.142214235, sleeping for 0.0018963022157549858 seconds
Request model_3#21 arrives at 1631135.144985925, sleeping for 0.012983716558665037 seconds
Request model_2#132 arrives at 1631135.160108066, sleeping for 0.035939735593274236 seconds
Request model_6#15 arrives at 1631135.197757353, sleeping for 0.0518913185223937 seconds
Request model_2#133 arrives at 1631135.249910216, sleeping for 0.02751282136887312 seconds
Request model_2#134 arrives at 1631135.278026273, sleeping for 0.23452608799561858 seconds
Request model_2#135 arrives at 1631135.512799659, sleeping for 0.1556479660794139 seconds
Request model_2#136 arrives at 1631135.668673105, sleeping for 0.1529136684257537 seconds
Request model_2#137 arrives at 1631135.822652147, sleeping for 0.2692494939547032 seconds
Request model_5#29 arrives at 1631136.092242319, sleeping for 0.09159717988222837 seconds
Request model_2#138 arrives at 1631136.184845289, sleeping for 0.08738450380042195 seconds
Request model_2#139 arrives at 1631136.274097915, sleeping for 0.2626950656995177 seconds
Request model_2#140 arrives at 1631136.537432012, sleeping for 0.06465941737405956 seconds
Request model_2#141 arrives at 1631136.602439239, sleeping for 0.12712045130319893 seconds
Request model_5#30 arrives at 1631136.730212998, sleeping for 0.15676173265092075 seconds
Request model_2#142 arrives at 1631136.887854707, sleeping for 0.02489333995617926 seconds
Request model_5#31 arrives at 1631136.914324752, sleeping for 0.04499392886646092 seconds
Request model_3#22 arrives at 1631136.959966638, sleeping for 0.0653152649756521 seconds
Request model_2#143 arrives at 1631137.025661771, sleeping for 0.06039668875746429 seconds
Request model_2#144 arrives at 1631137.08679201, sleeping for 0.011451778467744589 seconds
Request model_2#145 arrives at 1631137.098425855, sleeping for 0.18076723162084818 seconds
Request model_6#16 arrives at 1631137.279700978, sleeping for 0.2412962531670928 seconds
Request model_3#23 arrives at 1631137.521996969, sleeping for 0.04234047932550311 seconds
Request model_2#146 arrives at 1631137.565288478, sleeping for 0.07825304474681616 seconds
Request model_2#147 arrives at 1631137.643923065, sleeping for 0.30594144738279283 seconds
Request model_3#24 arrives at 1631137.950412128, sleeping for 0.034471857361495495 seconds
Request model_6#17 arrives at 1631137.985724028, sleeping for 0.05261096474714577 seconds
Request model_2#148 arrives at 1631138.038706037, sleeping for 0.017924235202372074 seconds
Request model_2#149 arrives at 1631138.058361872, sleeping for 0.02556027681566775 seconds
Request model_2#150 arrives at 1631138.086011345, sleeping for 0.19284586422145367 seconds
Request model_2#151 arrives at 1631138.279874721, sleeping for 0.061024448834359646 seconds
Request model_2#152 arrives at 1631138.341660225, sleeping for 0.10164267523214221 seconds
Request model_2#153 arrives at 1631138.444025717, sleeping for 0.012235359754413366 seconds
Request model_5#32 arrives at 1631138.457223804, sleeping for 0.0497893444262445 seconds
Request model_2#154 arrives at 1631138.507535174, sleeping for 0.01294495607726276 seconds
Request model_2#155 arrives at 1631138.520739291, sleeping for 0.1483702789992094 seconds
Request model_2#156 arrives at 1631138.671285148, sleeping for 0.003907613689079881 seconds
Request model_2#157 arrives at 1631138.675566869, sleeping for 0.029645489994436502 seconds
Request model_2#158 arrives at 1631138.705795182, sleeping for 0.07418451248668134 seconds
Request model_2#159 arrives at 1631138.780863303, sleeping for 0.21888116234913468 seconds
Request model_2#160 arrives at 1631139.000587139, sleeping for 0.06224001571536064 seconds
Request model_5#33 arrives at 1631139.063474361, sleeping for 0.45790628460235894 seconds
Request model_2#161 arrives at 1631139.521639869, sleeping for 0.004166324157267809 seconds
Request model_5#34 arrives at 1631139.526910108, sleeping for 0.06350749684497714 seconds
Request model_2#162 arrives at 1631139.590943878, sleeping for 0.18953027692623436 seconds
Request model_2#163 arrives at 1631139.781163137, sleeping for 0.044626524206250906 seconds
Request model_2#164 arrives at 1631139.826394, sleeping for 0.1738746997434646 seconds
Request model_2#165 arrives at 1631140.001375056, sleeping for 0.552754616132006 seconds
Request model_2#166 arrives at 1631140.554475472, sleeping for 0.000819152221083641 seconds
Request model_2#167 arrives at 1631140.556240955, sleeping for 0.07391786249354482 seconds
Request model_2#168 arrives at 1631140.631289957, sleeping for 0.09498144453391433 seconds
Request model_6#18 arrives at 1631140.727030151, sleeping for 0.216026192298159 seconds
Request model_2#169 arrives at 1631140.943977325, sleeping for 0.17096125870011747 seconds
Request model_2#170 arrives at 1631141.115615227, sleeping for 0.008905489696189761 seconds
Request model_2#171 arrives at 1631141.124917976, sleeping for 0.01236360240727663 seconds
Request model_3#25 arrives at 1631141.138152973, sleeping for 0.19820313155651093 seconds
Request model_2#172 arrives at 1631141.336611972, sleeping for 0.2730857930146158 seconds
Request model_2#173 arrives at 1631141.610248793, sleeping for 0.07895283750258386 seconds
Request model_2#174 arrives at 1631141.691117268, sleeping for 0.024562753038480878 seconds
Request model_5#35 arrives at 1631141.716557075, sleeping for 0.045346484519541264 seconds
Request model_2#175 arrives at 1631141.762211621, sleeping for 0.040943809086456895 seconds
Request model_6#19 arrives at 1631141.803879767, sleeping for 0.24958580383099616 seconds
Request model_2#176 arrives at 1631142.054263518, sleeping for 0.14733299962244928 seconds
Request model_2#177 arrives at 1631142.202607108, sleeping for 0.43004356953315437 seconds
Request model_2#178 arrives at 1631142.633395265, sleeping for 0.08810033882036805 seconds
Request model_2#179 arrives at 1631142.722385809, sleeping for 0.0600779727101326 seconds
Request model_2#180 arrives at 1631142.783088025, sleeping for 0.3485550081823021 seconds
Request model_5#36 arrives at 1631143.132399424, sleeping for 0.09244322148151696 seconds
Request model_2#181 arrives at 1631143.22573418, sleeping for 0.11545514035969973 seconds
Request model_2#182 arrives at 1631143.341989065, sleeping for 0.0003586376551538706 seconds
Request model_2#183 arrives at 1631143.3427428, sleeping for 0.1552182452287525 seconds
Request model_2#184 arrives at 1631143.498715247, sleeping for 0.1524765056092292 seconds
Request model_2#185 arrives at 1631143.652054744, sleeping for 0.08005620236508548 seconds
Request model_2#186 arrives at 1631143.732293974, sleeping for 0.03246974339708686 seconds
Request model_2#187 arrives at 1631143.764936634, sleeping for 0.13101311237551272 seconds
Request model_2#188 arrives at 1631143.896896834, sleeping for 0.07557259709574282 seconds
Request model_2#189 arrives at 1631143.973183325, sleeping for 0.4321958834771067 seconds
Request model_5#37 arrives at 1631144.406135238, sleeping for 0.31316840765066445 seconds
Request model_5#38 arrives at 1631144.72066489, sleeping for 0.061524172546342015 seconds
Request model_2#190 arrives at 1631144.783038158, sleeping for 0.1592208982910961 seconds
Request model_2#191 arrives at 1631144.943464158, sleeping for 0.3942800483200699 seconds
Request model_2#192 arrives at 1631145.338753394, sleeping for 0.021519055357202888 seconds
Request model_6#20 arrives at 1631145.361004118, sleeping for 0.038440142292529345 seconds
Request model_2#193 arrives at 1631145.399697712, sleeping for 0.1614735776092857 seconds
Request model_2#194 arrives at 1631145.562014745, sleeping for 0.0291544278152287 seconds
Request model_3#26 arrives at 1631145.592363579, sleeping for 0.008534682681784034 seconds
Request model_3#27 arrives at 1631145.601575856, sleeping for 0.0876292516477406 seconds
Request model_2#195 arrives at 1631145.690889003, sleeping for 0.19442927977070212 seconds
Request model_2#196 arrives at 1631145.886197958, sleeping for 0.09896275424398482 seconds
Request model_2#197 arrives at 1631145.986075113, sleeping for 0.03394746291451156 seconds
Request model_2#198 arrives at 1631146.020753888, sleeping for 0.008861848851665854 seconds
Request model_2#199 arrives at 1631146.031408816, sleeping for 0.06310360389761627 seconds
Request model_5#39 arrives at 1631146.095040294, sleeping for 0.2011154170613736 seconds
Request model_2#200 arrives at 1631146.296701377, sleeping for 0.05660691694356501 seconds
Request model_2#201 arrives at 1631146.35430435, sleeping for 0.09535954031161964 seconds
Request model_2#202 arrives at 1631146.451570875, sleeping for 0.18220345117151737 seconds
Request model_2#203 arrives at 1631146.634065397, sleeping for 0.09564488613978028 seconds
Request model_2#204 arrives at 1631146.730865048, sleeping for 0.0634062618482858 seconds
Request model_2#205 arrives at 1631146.79505311, sleeping for 0.06701804790645838 seconds
Request model_5#40 arrives at 1631146.863763166, sleeping for 0.4491972888354212 seconds
Request model_2#206 arrives at 1631147.314427739, sleeping for 0.04492624825797975 seconds
Request model_2#207 arrives at 1631147.360409717, sleeping for 0.1231927890330553 seconds
Request model_2#208 arrives at 1631147.484280817, sleeping for 0.2579131554812193 seconds
Request model_2#209 arrives at 1631147.742836728, sleeping for 0.007086866768077016 seconds
Request model_6#21 arrives at 1631147.750957718, sleeping for 0.08807618799619377 seconds
Request model_2#210 arrives at 1631147.839383918, sleeping for 0.0029288565274327993 seconds
Request model_2#211 arrives at 1631147.843033385, sleeping for 0.11823143623769283 seconds
Request model_2#212 arrives at 1631147.963063037, sleeping for 0.026280561462044716 seconds
Request model_5#41 arrives at 1631147.990787691, sleeping for 0.011754750274121761 seconds
Request model_2#213 arrives at 1631148.003017271, sleeping for 0.05215121083892882 seconds
Request model_2#214 arrives at 1631148.05725256, sleeping for 0.0546706176828593 seconds
Request model_2#215 arrives at 1631148.112449336, sleeping for 0.2622927464544773 seconds
Request model_2#216 arrives at 1631148.375526559, sleeping for 0.14074058667756617 seconds
Request model_2#217 arrives at 1631148.516893319, sleeping for 0.2801075109746307 seconds
Request model_2#218 arrives at 1631148.797798634, sleeping for 0.018985601607710123 seconds
Request model_1#0 arrives at 1631148.817523659, sleeping for 0.42379274498671293 seconds
Request model_1#1 arrives at 1631149.241583466, sleeping for 0.13828660012222826 seconds
Request model_1#2 arrives at 1631149.381011862, sleeping for 0.11920393304899335 seconds
Request model_1#3 arrives at 1631149.500983604, sleeping for 0.24287427705712616 seconds
Request model_4#0 arrives at 1631149.744591545, sleeping for 0.17690945812501013 seconds
Request model_5#42 arrives at 1631149.922258441, sleeping for 0.00244449102319777 seconds
Request model_4#1 arrives at 1631149.925161832, sleeping for 0.1123480589594692 seconds
Request model_1#4 arrives at 1631150.039577963, sleeping for 0.3676292353775352 seconds
Request model_4#2 arrives at 1631150.408165343, sleeping for 0.1906633556354791 seconds
Request model_5#43 arrives at 1631150.599792842, sleeping for 0.013340904610231519 seconds
Request model_5#44 arrives at 1631150.615118765, sleeping for 0.01019834610633552 seconds
Request model_4#3 arrives at 1631150.627055293, sleeping for 0.026675840374082327 seconds
Request model_5#45 arrives at 1631150.65526519, sleeping for 1.0098342918790877 seconds
Request model_5#46 arrives at 1631151.665773369, sleeping for 0.006744710728526115 seconds
Request model_5#47 arrives at 1631151.673261584, sleeping for 0.027674644254148006 seconds
Request model_1#5 arrives at 1631151.7012162, sleeping for 0.06836849730461836 seconds
Request model_5#48 arrives at 1631151.770394578, sleeping for 0.11361273634247482 seconds
Request model_4#4 arrives at 1631151.884597628, sleeping for 0.2047538785263896 seconds
Request model_4#5 arrives at 1631152.090888145, sleeping for 0.0078081707470119 seconds
Request model_5#49 arrives at 1631152.099396697, sleeping for 0.12435478647239506 seconds
Request model_4#6 arrives at 1631152.224665478, sleeping for 0.20863521471619606 seconds
Request model_5#50 arrives at 1631152.433751805, sleeping for 0.00617901049554348 seconds
Request model_5#51 arrives at 1631152.440553065, sleeping for 0.13671973417513072 seconds
Request model_1#6 arrives at 1631152.577917845, sleeping for 0.011644480051472783 seconds
Request model_1#7 arrives at 1631152.589994374, sleeping for 0.04825180838815868 seconds
Request model_5#52 arrives at 1631152.639066375, sleeping for 0.04859471879899502 seconds
Request model_4#7 arrives at 1631152.68875304, sleeping for 0.0006115082651376724 seconds
Request model_3#28 arrives at 1631152.689668257, sleeping for 0.12769499304704368 seconds
Request model_1#8 arrives at 1631152.81791697, sleeping for 0.06341723003424704 seconds
Request model_5#53 arrives at 1631152.88180398, sleeping for 0.2407266383524984 seconds
Request model_5#54 arrives at 1631153.122732391, sleeping for 0.012378592742606997 seconds
Request model_5#55 arrives at 1631153.136042299, sleeping for 0.06013527768664062 seconds
Request model_1#9 arrives at 1631153.196832876, sleeping for 0.10771019221283495 seconds
Request model_5#56 arrives at 1631153.305029821, sleeping for 0.07633795170113444 seconds
Request model_5#57 arrives at 1631153.381756325, sleeping for 0.06514830072410405 seconds
Request model_1#10 arrives at 1631153.447946992, sleeping for 0.007978440960869193 seconds
Request model_5#58 arrives at 1631153.456414384, sleeping for 0.027385285357013345 seconds
Request model_5#59 arrives at 1631153.484202979, sleeping for 0.07371860416606069 seconds
Request model_5#60 arrives at 1631153.558311353, sleeping for 0.19786026375368237 seconds
Request model_5#61 arrives at 1631153.757111285, sleeping for 0.03251023590564728 seconds
Request model_1#11 arrives at 1631153.789892596, sleeping for 0.12306784559041262 seconds
Request model_5#62 arrives at 1631153.913661086, sleeping for 0.4615687942132354 seconds
Request model_5#63 arrives at 1631154.375708683, sleeping for 0.37019925261847675 seconds
Request model_4#8 arrives at 1631154.74663699, sleeping for 0.049491895362734795 seconds
Request model_4#9 arrives at 1631154.796447716, sleeping for 0.08813983364962041 seconds
Request model_5#64 arrives at 1631154.885080738, sleeping for 0.0026951408945024014 seconds
Request model_5#65 arrives at 1631154.888696765, sleeping for 0.13050950970500708 seconds
Request model_5#66 arrives at 1631155.020334132, sleeping for 0.2626023171469569 seconds
Request model_4#10 arrives at 1631155.2838553, sleeping for 0.09056592592969537 seconds
Request model_5#67 arrives at 1631155.374623897, sleeping for 0.28566475468687713 seconds
Request model_5#68 arrives at 1631155.662337102, sleeping for 0.13807310699485242 seconds
Request model_5#69 arrives at 1631155.801069172, sleeping for 0.00786681124009192 seconds
Request model_5#70 arrives at 1631155.809671936, sleeping for 0.01598629029467702 seconds
Request model_4#11 arrives at 1631155.826198917, sleeping for 0.0060603744350373745 seconds
Request model_1#12 arrives at 1631155.832744365, sleeping for 0.02582080545835197 seconds
Request model_1#13 arrives at 1631155.860266998, sleeping for 0.032170731108635664 seconds
Request model_5#71 arrives at 1631155.89318792, sleeping for 0.24254647037014365 seconds
Request model_4#12 arrives at 1631156.136931872, sleeping for 0.06829690164886415 seconds
Request model_5#72 arrives at 1631156.205506366, sleeping for 0.0005095633678138256 seconds
Request model_1#14 arrives at 1631156.207039797, sleeping for 0.3297862857580185 seconds
Request model_1#15 arrives at 1631156.537473077, sleeping for 0.13668324635364115 seconds
Request model_1#16 arrives at 1631156.675587262, sleeping for 0.15829075360670686 seconds
Request model_1#17 arrives at 1631156.834173508, sleeping for 0.03054093522951007 seconds
Request model_4#13 arrives at 1631156.865833811, sleeping for 0.18668198608793318 seconds
Request model_5#73 arrives at 1631157.053569511, sleeping for 0.12731917318888009 seconds
Request model_5#74 arrives at 1631157.181701973, sleeping for 0.3104330818168819 seconds
Request model_4#14 arrives at 1631157.49277061, sleeping for 0.15022170706652105 seconds
Request model_5#75 arrives at 1631157.64363805, sleeping for 0.11069584591314197 seconds
Request model_5#76 arrives at 1631157.755144039, sleeping for 0.06303093209862709 seconds
Request model_3#29 arrives at 1631157.818405174, sleeping for 0.02499626064673066 seconds
Request model_3#30 arrives at 1631157.843983612, sleeping for 0.17197452648542821 seconds
Request model_5#77 arrives at 1631158.017275367, sleeping for 0.10059486818499863 seconds
Request model_4#15 arrives at 1631158.118952324, sleeping for 0.04930547974072397 seconds
Request model_4#16 arrives at 1631158.168567219, sleeping for 0.08118755556643009 seconds
Request model_1#18 arrives at 1631158.250164949, sleeping for 0.17492530145682395 seconds
Request model_4#17 arrives at 1631158.426672907, sleeping for 0.10687386011704803 seconds
Request model_5#78 arrives at 1631158.534363579, sleeping for 0.11645740387029946 seconds
Request model_1#19 arrives at 1631158.651074697, sleeping for 0.027223139768466353 seconds
Request model_1#20 arrives at 1631158.679166223, sleeping for 0.2899426808580756 seconds
Request model_4#18 arrives at 1631158.969969461, sleeping for 0.17079206136986613 seconds
Request model_5#79 arrives at 1631159.141588893, sleeping for 0.10970839974470437 seconds
Request model_5#80 arrives at 1631159.252054875, sleeping for 0.27809585677459836 seconds
Request model_1#21 arrives at 1631159.531058117, sleeping for 0.1514469760004431 seconds
Request model_5#81 arrives at 1631159.682960693, sleeping for 0.14970998628996313 seconds
Request model_5#82 arrives at 1631159.833760912, sleeping for 0.03802296333014965 seconds
Request model_4#19 arrives at 1631159.872342236, sleeping for 0.11782650649547577 seconds
Request model_1#22 arrives at 1631159.991949375, sleeping for 0.022683524526655674 seconds
Request model_5#83 arrives at 1631160.015526859, sleeping for 0.12768504046835005 seconds
Request model_1#23 arrives at 1631160.143887503, sleeping for 0.14179532323032618 seconds
Request model_1#24 arrives at 1631160.286705092, sleeping for 0.004796005319803953 seconds
Request model_1#25 arrives at 1631160.292326044, sleeping for 0.05974627519026399 seconds
Request model_1#26 arrives at 1631160.352889269, sleeping for 0.03490299289114773 seconds
Request model_5#84 arrives at 1631160.388764043, sleeping for 0.032932610251009464 seconds
Request model_5#85 arrives at 1631160.4223297, sleeping for 0.16571646556258202 seconds
Request model_5#86 arrives at 1631160.588363591, sleeping for 0.1351714334450662 seconds
Request model_4#20 arrives at 1631160.724126499, sleeping for 0.019888053182512522 seconds
Request model_1#27 arrives at 1631160.74469032, sleeping for 0.10760283446870744 seconds
Request model_5#87 arrives at 1631160.853321228, sleeping for 0.006117374170571566 seconds
Request model_4#21 arrives at 1631160.859878587, sleeping for 0.23510580509901047 seconds
Request model_4#22 arrives at 1631161.095296188, sleeping for 0.15505935484543443 seconds
Request model_5#88 arrives at 1631161.251026543, sleeping for 0.011974112363532186 seconds
Request model_5#89 arrives at 1631161.263697656, sleeping for 0.09362848661839962 seconds
Request model_5#90 arrives at 1631161.358336032, sleeping for 0.00020617805421352386 seconds
Request model_5#91 arrives at 1631161.358766185, sleeping for 0.05242176353931427 seconds
Request model_5#92 arrives at 1631161.411424632, sleeping for 0.03453660663217306 seconds
Request model_5#93 arrives at 1631161.447019054, sleeping for 0.1115834591910243 seconds
Request model_4#23 arrives at 1631161.559710682, sleeping for 0.1277884494047612 seconds
Request model_5#94 arrives at 1631161.687938935, sleeping for 0.017263349145650864 seconds
Request model_1#28 arrives at 1631161.705621665, sleeping for 0.014213312650099397 seconds
Request model_5#95 arrives at 1631161.720183032, sleeping for 0.16575449029915035 seconds
Request model_5#96 arrives at 1631161.886967708, sleeping for 0.08489172207191586 seconds
Request model_5#97 arrives at 1631161.972695739, sleeping for 0.032477063592523336 seconds
Request model_3#31 arrives at 1631162.007198072, sleeping for 0.08976144483312964 seconds
Request model_5#98 arrives at 1631162.097848229, sleeping for 0.02117201779037714 seconds
Request model_4#24 arrives at 1631162.119413037, sleeping for 0.2112353288102895 seconds
Request model_2#219 arrives at 1631162.331142244, sleeping for 0.075647187884897 seconds
Request model_5#99 arrives at 1631162.407837238, sleeping for 0.1861352629493922 seconds
Request model_1#29 arrives at 1631162.595230776, sleeping for 0.03074608463793993 seconds
Request model_4#25 arrives at 1631162.626289564, sleeping for 0.0005238554440438747 seconds
Request model_5#100 arrives at 1631162.627004719, sleeping for 0.27521835803054273 seconds
Request model_5#101 arrives at 1631162.904108717, sleeping for 0.013748093275353312 seconds
Request model_5#102 arrives at 1631162.919069497, sleeping for 0.07989043719135225 seconds
Request model_5#103 arrives at 1631162.999443838, sleeping for 0.05171933537349105 seconds
Request model_5#104 arrives at 1631163.051645892, sleeping for 0.016028118785470724 seconds
Request model_5#105 arrives at 1631163.068349785, sleeping for 0.01916406094096601 seconds
Request model_1#30 arrives at 1631163.08806475, sleeping for 0.1760479179210961 seconds
Request model_4#26 arrives at 1631163.26499689, sleeping for 0.21232463140040636 seconds
Request model_5#106 arrives at 1631163.477896186, sleeping for 0.15364482905715704 seconds
Request model_5#107 arrives at 1631163.632596813, sleeping for 0.22429918125271797 seconds
Request model_5#108 arrives at 1631163.857551887, sleeping for 0.007191321114078164 seconds
Request model_5#109 arrives at 1631163.865315465, sleeping for 0.009477067738771439 seconds
Request model_5#110 arrives at 1631163.876363265, sleeping for 0.36049601272679865 seconds
Request model_1#31 arrives at 1631164.237810413, sleeping for 0.4484053491614759 seconds
Request model_5#111 arrives at 1631164.687252978, sleeping for 0.16845515719614923 seconds
Request model_4#27 arrives at 1631164.855881138, sleeping for 0.0640890181530267 seconds
Request model_5#112 arrives at 1631164.920677304, sleeping for 0.1662600771524012 seconds
Request model_1#32 arrives at 1631165.087989404, sleeping for 0.21255921991541982 seconds
Request model_1#33 arrives at 1631165.302112689, sleeping for 0.09305135952308774 seconds
Request model_4#28 arrives at 1631165.396015879, sleeping for 0.10549084469676018 seconds
Request model_5#113 arrives at 1631165.501859377, sleeping for 0.05349814612418413 seconds
Request model_5#114 arrives at 1631165.556901492, sleeping for 0.04972859052941203 seconds
Request model_1#34 arrives at 1631165.607508744, sleeping for 0.0015184769872575998 seconds
Request model_5#115 arrives at 1631165.609318088, sleeping for 0.17385758506134152 seconds
Request model_5#116 arrives at 1631165.78513789, sleeping for 0.164669448742643 seconds
Request model_5#117 arrives at 1631165.95102369, sleeping for 0.135279264068231 seconds
Request model_5#118 arrives at 1631166.08706277, sleeping for 0.02496169530786574 seconds
Request model_3#32 arrives at 1631166.112749029, sleeping for 0.009526737965643406 seconds
Request model_5#119 arrives at 1631166.123406967, sleeping for 0.05698800319805741 seconds
Request model_4#29 arrives at 1631166.181180812, sleeping for 0.15219719312153757 seconds
Request model_5#120 arrives at 1631166.333961326, sleeping for 0 seconds
Request model_4#30 arrives at 1631166.334297178, sleeping for 0.0418244528118521 seconds
Request model_5#121 arrives at 1631166.376930171, sleeping for 0.04273149906657636 seconds
Request model_5#122 arrives at 1631166.420081679, sleeping for 0.15155092533677816 seconds
Request model_5#123 arrives at 1631166.572892912, sleeping for 0.049591443268582225 seconds
Request model_5#124 arrives at 1631166.622670199, sleeping for 0.010919284308329225 seconds
Request model_4#31 arrives at 1631166.634358434, sleeping for 0.296494547277689 seconds
Request model_5#125 arrives at 1631166.931464669, sleeping for 0.12561056832782924 seconds
Request model_5#126 arrives at 1631167.058290031, sleeping for 0.011793502140790224 seconds
Request model_4#32 arrives at 1631167.071031925, sleeping for 0.04206650820560753 seconds
Request model_5#127 arrives at 1631167.113717549, sleeping for 0.12537585594691336 seconds
Request model_5#128 arrives at 1631167.239725786, sleeping for 0.07853275258094072 seconds
Request model_2#220 arrives at 1631167.319043479, sleeping for 0.0679587316699326 seconds
Request model_5#129 arrives at 1631167.387744024, sleeping for 0.20296726073138416 seconds
Request model_4#33 arrives at 1631167.591566373, sleeping for 0.062281082617118955 seconds
Request model_1#35 arrives at 1631167.654340704, sleeping for 0.08899864973500371 seconds
Request model_4#34 arrives at 1631167.744590387, sleeping for 0.15115330019034445 seconds
Request model_4#35 arrives at 1631167.896083652, sleeping for 0.08484909334219992 seconds
Request model_4#36 arrives at 1631167.981842482, sleeping for 0.21195678017102182 seconds
Request model_1#36 arrives at 1631168.194270434, sleeping for 0.03523316187784076 seconds
Request model_4#37 arrives at 1631168.230309429, sleeping for 0.0559912184253335 seconds
Request model_5#130 arrives at 1631168.288082164, sleeping for 0.028039730386808515 seconds
Request model_4#38 arrives at 1631168.316767615, sleeping for 0.052976147970184684 seconds
Request model_5#131 arrives at 1631168.370432339, sleeping for 0.09940764377824962 seconds
Request model_1#37 arrives at 1631168.470151833, sleeping for 0.030958448071032763 seconds
Request model_1#38 arrives at 1631168.501828876, sleeping for 0.0976166797336191 seconds
Request model_4#39 arrives at 1631168.599971717, sleeping for 0.064778110710904 seconds
Request model_4#40 arrives at 1631168.664992345, sleeping for 0.07458451529964805 seconds
Request model_5#132 arrives at 1631168.740702482, sleeping for 0.19798664562404156 seconds
Request model_5#133 arrives at 1631168.93902757, sleeping for 0.03209724393673241 seconds
Request model_5#134 arrives at 1631168.971721441, sleeping for 0.28561494406312704 seconds
Request model_4#41 arrives at 1631169.258009436, sleeping for 0.01408167858608067 seconds
Request model_5#135 arrives at 1631169.272763444, sleeping for 0.005608449690043926 seconds
Request model_1#39 arrives at 1631169.279434073, sleeping for 0.17653392301872373 seconds
Request model_1#40 arrives at 1631169.456985079, sleeping for 0.1101725553162396 seconds
Request model_1#41 arrives at 1631169.567776234, sleeping for 0.12254545628093183 seconds
Request model_1#42 arrives at 1631169.690638077, sleeping for 0.13026278838515282 seconds
Request model_5#136 arrives at 1631169.821445939, sleeping for 0.24607569468207657 seconds
Request model_5#137 arrives at 1631170.068485325, sleeping for 0 seconds
Request model_5#138 arrives at 1631170.068794157, sleeping for 0.026370937004685402 seconds
Request model_5#139 arrives at 1631170.096512341, sleeping for 0.07704642764292657 seconds
Request model_4#42 arrives at 1631170.174073181, sleeping for 0.008396012242883444 seconds
Request model_4#43 arrives at 1631170.182632765, sleeping for 0.08024174952879548 seconds
Request model_5#140 arrives at 1631170.263286617, sleeping for 0.13767955405637622 seconds
Request model_1#43 arrives at 1631170.401931517, sleeping for 0.018072648905217648 seconds
Request model_1#44 arrives at 1631170.421528621, sleeping for 0.07084615551866591 seconds
Request model_1#45 arrives at 1631170.494094645, sleeping for 0.3609462520107627 seconds
Request model_5#141 arrives at 1631170.857102944, sleeping for 0.245607873192057 seconds
Request model_5#142 arrives at 1631171.103955159, sleeping for 0.017676643328741193 seconds
Request model_5#143 arrives at 1631171.122066052, sleeping for 0.0964178261347115 seconds
Request model_5#144 arrives at 1631171.218993465, sleeping for 0.5467037919443101 seconds
Request model_1#46 arrives at 1631171.76636997, sleeping for 0.04567436617799103 seconds
Request model_5#145 arrives at 1631171.812758081, sleeping for 0.17784784478135407 seconds
Request model_5#146 arrives at 1631171.991232733, sleeping for 0.015693349530920386 seconds
Request model_5#147 arrives at 1631172.007812345, sleeping for 0.10434158588759601 seconds
Request model_5#148 arrives at 1631172.112426194, sleeping for 0.028164161136373878 seconds
Request model_5#149 arrives at 1631172.140995554, sleeping for 0.01624451787211001 seconds
Request model_5#150 arrives at 1631172.157524566, sleeping for 0.5439103788230568 seconds
Request model_5#151 arrives at 1631172.70213313, sleeping for 0.17393456492573023 seconds
Request model_5#152 arrives at 1631172.878253596, sleeping for 0.07041148538701236 seconds
Request model_5#153 arrives at 1631172.950727708, sleeping for 0.02825576695613563 seconds
Request model_1#47 arrives at 1631172.979451269, sleeping for 0.025329167721793056 seconds
Request model_5#154 arrives at 1631173.004996827, sleeping for 0.021883120061829686 seconds
Request model_5#155 arrives at 1631173.027540503, sleeping for 0.002991043496876955 seconds
Request model_5#156 arrives at 1631173.031054339, sleeping for 0.14087865850888193 seconds
Request model_5#157 arrives at 1631173.17267238, sleeping for 0.39459173334762454 seconds
Request model_5#158 arrives at 1631173.568271809, sleeping for 0.21302625234238803 seconds
Request model_5#159 arrives at 1631173.78188811, sleeping for 0.06942162616178393 seconds
Request model_5#160 arrives at 1631173.851483652, sleeping for 0.04346228716894984 seconds
Request model_4#44 arrives at 1631173.896053629, sleeping for 0.13485624617896974 seconds
Request model_5#161 arrives at 1631174.031717527, sleeping for 0.45457810861989856 seconds
Request model_1#48 arrives at 1631174.486954025, sleeping for 0.0651320789474994 seconds
Request model_5#162 arrives at 1631174.552675268, sleeping for 0.09801213210448623 seconds
Request model_5#163 arrives at 1631174.651262863, sleeping for 0.059917527716606855 seconds
Request model_5#164 arrives at 1631174.711875348, sleeping for 0.08551672101020813 seconds
Request model_4#45 arrives at 1631174.798454175, sleeping for 0.1590639005880803 seconds
Request model_4#46 arrives at 1631174.958118029, sleeping for 0.019259569002315402 seconds
Request model_5#165 arrives at 1631174.977852744, sleeping for 0.029663650784641504 seconds
Request model_5#166 arrives at 1631175.008414759, sleeping for 0.13682734477333724 seconds
Request model_1#49 arrives at 1631175.146104691, sleeping for 0.2404188576620072 seconds
Request model_5#167 arrives at 1631175.387363755, sleeping for 0.19871529331430793 seconds
Request model_1#50 arrives at 1631175.587354936, sleeping for 0.17533741937950253 seconds
Request model_5#168 arrives at 1631175.764099525, sleeping for 0.08062888798303902 seconds
Request model_5#169 arrives at 1631175.845847317, sleeping for 0.025987746194005013 seconds
Request model_5#170 arrives at 1631175.873413459, sleeping for 0.15354484366253018 seconds
Request model_5#171 arrives at 1631176.028066016, sleeping for 0.04834828362800181 seconds
Request model_5#172 arrives at 1631176.076643043, sleeping for 0.068791568512097 seconds
Request model_5#173 arrives at 1631176.147163132, sleeping for 0.026959313545376062 seconds
Request model_4#47 arrives at 1631176.174705115, sleeping for 0.11395511729642749 seconds
Request model_5#174 arrives at 1631176.289397348, sleeping for 0.10221116710454226 seconds
Request model_4#48 arrives at 1631176.392010662, sleeping for 0.031934757716953754 seconds
Request model_5#175 arrives at 1631176.424569812, sleeping for 0.2689930337946862 seconds
Request model_5#176 arrives at 1631176.693974733, sleeping for 0.022276320727542043 seconds
Request model_5#177 arrives at 1631176.71663883, sleeping for 0.13000005763024092 seconds
Request model_1#51 arrives at 1631176.84727573, sleeping for 0.12730130669660866 seconds
Request model_5#178 arrives at 1631176.975267301, sleeping for 0.04037501756101847 seconds
Request model_4#49 arrives at 1631177.01585717, sleeping for 0.0943503559101373 seconds
Request model_5#179 arrives at 1631177.110672937, sleeping for 0.05570386000908911 seconds
Request model_5#180 arrives at 1631177.167259363, sleeping for 0.21539431740529835 seconds
Request model_5#181 arrives at 1631177.384557831, sleeping for 0.10417939210310578 seconds
Request model_5#182 arrives at 1631177.490306729, sleeping for 0.06848743231967092 seconds
Request model_4#50 arrives at 1631177.559535968, sleeping for 0.01699061645194888 seconds
Request model_4#51 arrives at 1631177.576791275, sleeping for 0.10117475548759103 seconds
Request model_5#183 arrives at 1631177.679097467, sleeping for 0.17700590286403894 seconds
Request model_5#184 arrives at 1631177.856541252, sleeping for 0.23439388046972454 seconds
Request model_4#52 arrives at 1631178.092334546, sleeping for 0.13645875896327198 seconds
Request model_5#185 arrives at 1631178.229515084, sleeping for 0.13193883351050317 seconds
Request model_1#52 arrives at 1631178.362326261, sleeping for 0.18551992159336805 seconds
Request model_5#186 arrives at 1631178.549030574, sleeping for 0.2264341004192829 seconds
Request model_1#53 arrives at 1631178.776265605, sleeping for 0.12313196202740073 seconds
Request model_4#53 arrives at 1631178.900179026, sleeping for 0.3156469566747546 seconds
Request model_5#187 arrives at 1631179.216676213, sleeping for 0.03168393694795668 seconds
Request model_4#54 arrives at 1631179.249432354, sleeping for 0.03622498014010489 seconds
Request model_4#55 arrives at 1631179.287097691, sleeping for 0.05138867720961571 seconds
Request model_5#188 arrives at 1631179.339436076, sleeping for 0.11025821580551565 seconds
Request model_1#54 arrives at 1631179.45014893, sleeping for 0.11997066484764218 seconds
Request model_5#189 arrives at 1631179.570921248, sleeping for 0.44051765999756753 seconds
Request model_1#55 arrives at 1631180.012612466, sleeping for 0 seconds
Request model_5#190 arrives at 1631180.013243031, sleeping for 0.11586012481711805 seconds
Request model_1#56 arrives at 1631180.130206731, sleeping for 0.16463297698646784 seconds
Request model_1#57 arrives at 1631180.295550647, sleeping for 0.11139496951363981 seconds
Request model_4#56 arrives at 1631180.40885397, sleeping for 0.12778676254674792 seconds
Request model_4#57 arrives at 1631180.537056273, sleeping for 0.023781383875757456 seconds
Request model_5#191 arrives at 1631180.561284651, sleeping for 0.07746209925971925 seconds
Request model_1#58 arrives at 1631180.639576197, sleeping for 0.3636405589058995 seconds
Request model_1#59 arrives at 1631181.003698774, sleeping for 0.008204720914363861 seconds
Request model_1#60 arrives at 1631181.01261912, sleeping for 0.07616231800056994 seconds
Request model_4#58 arrives at 1631181.089764627, sleeping for 0.038199470145627856 seconds
Request model_5#192 arrives at 1631181.128582622, sleeping for 0.04094220930710435 seconds
Request model_4#59 arrives at 1631181.169732185, sleeping for 0.001997482031583786 seconds
Request model_1#61 arrives at 1631181.171939991, sleeping for 0.09161565150134265 seconds
Request model_1#62 arrives at 1631181.26418523, sleeping for 0.07118793576955795 seconds
Request model_1#63 arrives at 1631181.336542332, sleeping for 0.03490890166722238 seconds
Request model_1#64 arrives at 1631181.37175374, sleeping for 0.15851589478552341 seconds
Request model_5#193 arrives at 1631181.531021112, sleeping for 0.13972205249592662 seconds
Request model_5#194 arrives at 1631181.671545255, sleeping for 0.08184729400090873 seconds
Request model_4#60 arrives at 1631181.753583219, sleeping for 0.10400527319870889 seconds
Request model_5#195 arrives at 1631181.858389239, sleeping for 0.3490252431947738 seconds
Request model_5#196 arrives at 1631182.208719945, sleeping for 0.012455004267394543 seconds
Request model_5#197 arrives at 1631182.222064573, sleeping for 0.01576262596063316 seconds
Request model_5#198 arrives at 1631182.238685096, sleeping for 0.17896488588303328 seconds
Request model_5#199 arrives at 1631182.41883235, sleeping for 0.1427499814890325 seconds
Request model_5#200 arrives at 1631182.563140631, sleeping for 0.044899667613208294 seconds
Request model_5#201 arrives at 1631182.608943009, sleeping for 0.09895547572523355 seconds
Request model_5#202 arrives at 1631182.708524511, sleeping for 0.07026988081634045 seconds
Request model_1#65 arrives at 1631182.77907936, sleeping for 0.005468403920531273 seconds
Request model_5#203 arrives at 1631182.785608997, sleeping for 0.005684631876647472 seconds
Request model_1#66 arrives at 1631182.792383257, sleeping for 0.22858631308190525 seconds
Request model_5#204 arrives at 1631183.022108847, sleeping for 0.18031871714629233 seconds
Request model_5#205 arrives at 1631183.202825285, sleeping for 0.06463079247623682 seconds
Request model_1#67 arrives at 1631183.268050925, sleeping for 0.1505030847620219 seconds
Request model_4#61 arrives at 1631183.418882444, sleeping for 0.47675022715702653 seconds
Request model_4#62 arrives at 1631183.898018758, sleeping for 0.4259717743843794 seconds
Request model_4#63 arrives at 1631184.324945167, sleeping for 0.03825074061751366 seconds
Request model_5#206 arrives at 1631184.363660262, sleeping for 0.07347848429344594 seconds
Request model_4#64 arrives at 1631184.438056939, sleeping for 0.03784478292800486 seconds
Request model_5#207 arrives at 1631184.476707883, sleeping for 0.19149146042764187 seconds
Request model_5#208 arrives at 1631184.669167448, sleeping for 0.20551436906680465 seconds
Request model_5#209 arrives at 1631184.875660937, sleeping for 0.10479305242188275 seconds
Request model_5#210 arrives at 1631184.981329774, sleeping for 0.39626526553183794 seconds
Request model_1#68 arrives at 1631185.378234032, sleeping for 0.06791497790254653 seconds
Request model_5#211 arrives at 1631185.446429454, sleeping for 0.029401905136182904 seconds
Request model_4#65 arrives at 1631185.476026752, sleeping for 0.05110623873770237 seconds
Request model_3#33 arrives at 1631185.527553101, sleeping for 0.01105926325544715 seconds
Request model_5#212 arrives at 1631185.539077206, sleeping for 0.055165226105600595 seconds
Request model_1#69 arrives at 1631185.594592844, sleeping for 0.19622126244939864 seconds
Request model_5#213 arrives at 1631185.791921305, sleeping for 0.039472513599321246 seconds
Request model_5#214 arrives at 1631185.831573156, sleeping for 0.11074345512315631 seconds
Request model_5#215 arrives at 1631185.943207657, sleeping for 0.18725731037557125 seconds
Request model_4#66 arrives at 1631186.131114629, sleeping for 0.005906128091737628 seconds
Request model_5#216 arrives at 1631186.137694307, sleeping for 0.08055882202461362 seconds
Request model_5#217 arrives at 1631186.219251307, sleeping for 0.025508036371320486 seconds
Request model_5#218 arrives at 1631186.245321719, sleeping for 0.33824928128160536 seconds
Request model_4#67 arrives at 1631186.584961867, sleeping for 0.09311187313869596 seconds
Request model_1#70 arrives at 1631186.678407664, sleeping for 0.19485882110893726 seconds
Request model_2#221 arrives at 1631186.873980222, sleeping for 0.05986369913443923 seconds
Request model_5#219 arrives at 1631186.934727029, sleeping for 0.09027502569369972 seconds
Request model_4#68 arrives at 1631187.025734718, sleeping for 0.1576252744998783 seconds
Request model_5#220 arrives at 1631187.183826441, sleeping for 0.11833098856732249 seconds
Request model_4#69 arrives at 1631187.303666842, sleeping for 0.03094807849265635 seconds
Request model_5#221 arrives at 1631187.334932532, sleeping for 0.12011254183016717 seconds
Request model_5#222 arrives at 1631187.456215314, sleeping for 0.040247777476906776 seconds
Request model_1#71 arrives at 1631187.496928003, sleeping for 0.14062005514279008 seconds
Request model_5#223 arrives at 1631187.638282732, sleeping for 0.09420836833305657 seconds
Request model_1#72 arrives at 1631187.733340791, sleeping for 0.06041373498737812 seconds
Request model_5#224 arrives at 1631187.794014788, sleeping for 0.08378561236895621 seconds
Request model_5#225 arrives at 1631187.878757201, sleeping for 0.0038871723227202892 seconds
Request model_5#226 arrives at 1631187.883025042, sleeping for 0.038585488917306066 seconds
Request model_1#73 arrives at 1631187.922221391, sleeping for 0.055797076085582376 seconds
Request model_4#70 arrives at 1631187.978481364, sleeping for 0.041463251458480954 seconds
Request model_5#227 arrives at 1631188.020915216, sleeping for 0.08509986381977797 seconds
Request model_4#71 arrives at 1631188.106654217, sleeping for 0.11238464107736945 seconds
Request model_1#74 arrives at 1631188.219448286, sleeping for 0.16705546714365482 seconds
Request model_4#72 arrives at 1631188.387644613, sleeping for 0.04543410474434495 seconds
Request model_5#228 arrives at 1631188.433269599, sleeping for 0.06650329194962978 seconds
Request model_5#229 arrives at 1631188.501867703, sleeping for 0.07760508079081774 seconds
Request model_5#230 arrives at 1631188.580478911, sleeping for 0.08366801752708852 seconds
Request model_4#73 arrives at 1631188.665144254, sleeping for 0.23370149289257824 seconds
Request model_5#231 arrives at 1631188.899318856, sleeping for 0.19754492747597396 seconds
Request model_4#74 arrives at 1631189.097150861, sleeping for 0.695429764688015 seconds
Request model_1#75 arrives at 1631189.792739206, sleeping for 0.026989877922460437 seconds
Request model_1#76 arrives at 1631189.82051634, sleeping for 0.3076511437539011 seconds
Request model_4#75 arrives at 1631190.1291105, sleeping for 0.17099557048641145 seconds
Request model_4#76 arrives at 1631190.300326479, sleeping for 0.08262286894023418 seconds
Request model_5#232 arrives at 1631190.383983464, sleeping for 0.19126998749561608 seconds
Request model_5#233 arrives at 1631190.575866305, sleeping for 0.1420372740831226 seconds
Request model_5#234 arrives at 1631190.719706243, sleeping for 0.26955342199653387 seconds
Request model_4#77 arrives at 1631190.990065791, sleeping for 0.13009051838889718 seconds
Request model_4#78 arrives at 1631191.120765572, sleeping for 0.30629883403889835 seconds
Request model_5#235 arrives at 1631191.427277706, sleeping for 0.08893054304644465 seconds
Request model_4#79 arrives at 1631191.517467379, sleeping for 0.19915487081743777 seconds
Request model_5#236 arrives at 1631191.717263329, sleeping for 0.06636876310221851 seconds
Request model_5#237 arrives at 1631191.785699512, sleeping for 0.057881813030689955 seconds
Request model_4#80 arrives at 1631191.844615145, sleeping for 0.16118640452623367 seconds
Request model_4#81 arrives at 1631192.006624587, sleeping for 0.11656996631063521 seconds
Request model_5#238 arrives at 1631192.124836276, sleeping for 0.10807783086784184 seconds
Request model_5#239 arrives at 1631192.233636926, sleeping for 0.022701008711010218 seconds
Request model_5#240 arrives at 1631192.25728193, sleeping for 0.35189946950413287 seconds
Request model_5#241 arrives at 1631192.611636796, sleeping for 0.19111591950058937 seconds
Request model_1#77 arrives at 1631192.804092771, sleeping for 0.17583890887908638 seconds
Request model_1#78 arrives at 1631192.983486151, sleeping for 0.20768226473592222 seconds
Request model_5#242 arrives at 1631193.191643572, sleeping for 0.04903149139136076 seconds
Request model_4#82 arrives at 1631193.240956034, sleeping for 0.08110072347335517 seconds
Request model_5#243 arrives at 1631193.322731795, sleeping for 0.8053677424322814 seconds
Request model_5#244 arrives at 1631194.129572599, sleeping for 0.2674440562259406 seconds
Request model_2#222 arrives at 1631194.399347523, sleeping for 0.15634033037349582 seconds
Request model_5#245 arrives at 1631194.556812581, sleeping for 0.0947242914699018 seconds
Request model_5#246 arrives at 1631194.652232123, sleeping for 0.10178351844660938 seconds
Request model_1#79 arrives at 1631194.754693986, sleeping for 0.0870659975335002 seconds
Request model_5#247 arrives at 1631194.842089539, sleeping for 0.21707365452311933 seconds
Request model_1#80 arrives at 1631195.059523668, sleeping for 0.036320252576842904 seconds
Request model_5#248 arrives at 1631195.097557908, sleeping for 0.25117861619219184 seconds
Request model_4#83 arrives at 1631195.349866423, sleeping for 0.014703275868669152 seconds
Request model_5#249 arrives at 1631195.365565018, sleeping for 0.14137097308412194 seconds
Request model_4#84 arrives at 1631195.508122297, sleeping for 0.025344615802168846 seconds
Request model_5#250 arrives at 1631195.53437191, sleeping for 0.08297160780057311 seconds
Request model_1#81 arrives at 1631195.618537099, sleeping for 0.04940601997077465 seconds
Request model_4#85 arrives at 1631195.669161551, sleeping for 0.25092349434271455 seconds
Request model_5#251 arrives at 1631195.920738641, sleeping for 0.3735319674015045 seconds
Request model_1#82 arrives at 1631196.295062984, sleeping for 0.12715007131919265 seconds
Request model_1#83 arrives at 1631196.422467541, sleeping for 0.1438310812227428 seconds
Request model_4#86 arrives at 1631196.568289433, sleeping for 0.022458156337961555 seconds
Request model_4#87 arrives at 1631196.591676265, sleeping for 0.00905439117923379 seconds
Request model_1#84 arrives at 1631196.602869548, sleeping for 0.3112010294571519 seconds
Request model_4#88 arrives at 1631196.915069584, sleeping for 0.1188586603384465 seconds
Request model_1#85 arrives at 1631197.035813342, sleeping for 0.15472100395709276 seconds
Request model_3#34 arrives at 1631197.192136321, sleeping for 0.12006977340206504 seconds
Request model_1#86 arrives at 1631197.31289623, sleeping for 0.04295304208062589 seconds
Request model_4#89 arrives at 1631197.356579381, sleeping for 0.04987363377586007 seconds
Request model_5#252 arrives at 1631197.407345404, sleeping for 0.16646027308888733 seconds
Request model_5#253 arrives at 1631197.574121981, sleeping for 0.07680365210399032 seconds
Request model_1#87 arrives at 1631197.651854832, sleeping for 0.17855634563602507 seconds
Request model_5#254 arrives at 1631197.830708248, sleeping for 0.09534503589384258 seconds
Request model_1#88 arrives at 1631197.927846352, sleeping for 0.06932272319681942 seconds
Request model_5#255 arrives at 1631197.997621495, sleeping for 0.045703543815761805 seconds
Request model_5#256 arrives at 1631198.044152117, sleeping for 0.0003746913280338049 seconds
Request model_1#89 arrives at 1631198.044934483, sleeping for 0.01123751699924469 seconds
Request model_5#257 arrives at 1631198.056555689, sleeping for 0.05707209627144039 seconds
Request model_5#258 arrives at 1631198.114637256, sleeping for 0.000304563669487834 seconds
Request model_5#259 arrives at 1631198.115527322, sleeping for 0.251063039759174 seconds
Request model_5#260 arrives at 1631198.367224933, sleeping for 0.025322447530925274 seconds
Request model_1#90 arrives at 1631198.393499557, sleeping for 0.013355899369344115 seconds
Request model_4#90 arrives at 1631198.408723419, sleeping for 0.1325632983352989 seconds
Request model_1#91 arrives at 1631198.54218888, sleeping for 0.011365464422851801 seconds
Request model_4#91 arrives at 1631198.55443637, sleeping for 0.06083756219595671 seconds
Request model_5#261 arrives at 1631198.615734491, sleeping for 0.1355705929454416 seconds
Request model_5#262 arrives at 1631198.752107284, sleeping for 0.1358085514511913 seconds
Request model_1#92 arrives at 1631198.888345256, sleeping for 0.22799513745121658 seconds
Request model_1#93 arrives at 1631199.117137539, sleeping for 0.19355629989877343 seconds
Request model_4#92 arrives at 1631199.311530398, sleeping for 0.06416801642626524 seconds
Request model_5#263 arrives at 1631199.376385335, sleeping for 0.019607175374403596 seconds
Request model_4#93 arrives at 1631199.396356162, sleeping for 0.0382275281008333 seconds
Request model_5#264 arrives at 1631199.435079297, sleeping for 0.08336454746313393 seconds
Request model_5#265 arrives at 1631199.519303687, sleeping for 0.414213098352775 seconds
Request model_5#266 arrives at 1631199.933899125, sleeping for 0.20461726980283856 seconds
Request model_4#94 arrives at 1631200.138991164, sleeping for 0.3310899722855538 seconds
Request model_5#267 arrives at 1631200.470853755, sleeping for 0.15975117566995323 seconds
Request model_1#94 arrives at 1631200.631448305, sleeping for 0.011243713553994894 seconds
Request model_1#95 arrives at 1631200.643240802, sleeping for 0.2192919657099992 seconds
Request model_1#96 arrives at 1631200.863476252, sleeping for 0.19635768164880574 seconds
Request model_5#268 arrives at 1631201.061198536, sleeping for 0.04068063641898334 seconds
Request model_5#269 arrives at 1631201.102932533, sleeping for 0.1756158124189824 seconds
Request model_5#270 arrives at 1631201.279453731, sleeping for 0.301160468487069 seconds
Request model_4#95 arrives at 1631201.581822275, sleeping for 0.3107962184585631 seconds
Request model_1#97 arrives at 1631201.893626768, sleeping for 0.036068357760086656 seconds
Request model_5#271 arrives at 1631201.931820279, sleeping for 0.004998516291379929 seconds
Request model_5#272 arrives at 1631201.937103668, sleeping for 0.022252168273553252 seconds
Request model_5#273 arrives at 1631201.960027597, sleeping for 0.10948696942068636 seconds
Request model_3#35 arrives at 1631202.069943045, sleeping for 0.03866587462835014 seconds
Request model_4#96 arrives at 1631202.109239514, sleeping for 0.01429266412742436 seconds
Request model_4#97 arrives at 1631202.124140723, sleeping for 0.0250054900534451 seconds
Request model_5#274 arrives at 1631202.149926393, sleeping for 0.12610305775888264 seconds
Request model_1#98 arrives at 1631202.276986487, sleeping for 0.13874211278744042 seconds
Request model_4#98 arrives at 1631202.416131101, sleeping for 0.12627228256314993 seconds
Request model_1#99 arrives at 1631202.543472388, sleeping for 0.0072018790524452925 seconds
Request model_4#99 arrives at 1631202.551830129, sleeping for 0.03832880803383887 seconds
Request model_5#275 arrives at 1631202.591178478, sleeping for 0.16086127958260477 seconds
Request model_5#276 arrives at 1631202.752565485, sleeping for 0.10737456963397563 seconds
Request model_1#100 arrives at 1631202.861490656, sleeping for 0.04177344124764204 seconds
Request model_5#277 arrives at 1631202.903666767, sleeping for 0.212676961440593 seconds
Request model_5#278 arrives at 1631203.117082496, sleeping for 0.08017051056958735 seconds
Request model_5#279 arrives at 1631203.19780683, sleeping for 0.03614777070470154 seconds
Request model_5#280 arrives at 1631203.235199365, sleeping for 0.06705204234458506 seconds
Request model_5#281 arrives at 1631203.303955911, sleeping for 0.13262862456031144 seconds
Request model_5#282 arrives at 1631203.437678704, sleeping for 0.22432661848142743 seconds
Request model_5#283 arrives at 1631203.662646549, sleeping for 0.015973683446645737 seconds
Request model_5#284 arrives at 1631203.680213728, sleeping for 0.08112402190454304 seconds
Request model_4#100 arrives at 1631203.76204732, sleeping for 0.06554202549159527 seconds
Request model_5#285 arrives at 1631203.82872396, sleeping for 0.12299143825657666 seconds
Request model_4#101 arrives at 1631203.952619431, sleeping for 0.025452793575823307 seconds
Request model_5#286 arrives at 1631203.979036535, sleeping for 0.07488099089823663 seconds
Request model_5#287 arrives at 1631204.054541801, sleeping for 0.03943743952549994 seconds
Request model_5#288 arrives at 1631204.095005658, sleeping for 0.15209077461622655 seconds
Request model_5#289 arrives at 1631204.247374959, sleeping for 0.02717453404329717 seconds
Request model_4#102 arrives at 1631204.275405715, sleeping for 0.03261997876688838 seconds
Request model_5#290 arrives at 1631204.309115803, sleeping for 0.081439602188766 seconds
Request model_1#101 arrives at 1631204.390986925, sleeping for 0.06949596642516553 seconds
Request model_1#102 arrives at 1631204.461583354, sleeping for 0.0660330771934241 seconds
Request model_1#103 arrives at 1631204.528284195, sleeping for 0.33047420158982277 seconds
Request model_5#291 arrives at 1631204.859955354, sleeping for 0.06379687250591815 seconds
Request model_1#104 arrives at 1631204.923919935, sleeping for 0.4366341398563236 seconds
Request model_5#292 arrives at 1631205.360812678, sleeping for 0.10075271734967828 seconds
Request model_4#103 arrives at 1631205.463505763, sleeping for 0.03885427745990455 seconds
Request model_1#105 arrives at 1631205.50262714, sleeping for 0.014253158122301102 seconds
Request model_5#293 arrives at 1631205.517318379, sleeping for 0.09740947117097676 seconds
Request model_5#294 arrives at 1631205.615470701, sleeping for 0.23853500140830874 seconds
Request model_1#106 arrives at 1631205.854869851, sleeping for 0.25780469202436507 seconds
Request model_5#295 arrives at 1631206.113536353, sleeping for 0.0934632457792759 seconds
Request model_4#104 arrives at 1631206.208166809, sleeping for 0.12450348702259362 seconds
Request model_4#105 arrives at 1631206.333200059, sleeping for 0.2707544411532581 seconds
Request model_1#107 arrives at 1631206.604410874, sleeping for 0.02243057289160788 seconds
Request model_2#223 arrives at 1631206.627110431, sleeping for 0.08645215048454702 seconds
Request model_5#296 arrives at 1631206.713819359, sleeping for 0.42020556959323585 seconds
Request model_5#297 arrives at 1631207.134615643, sleeping for 0.03866081335581839 seconds
Request model_5#298 arrives at 1631207.174561907, sleeping for 0.24068331951275468 seconds
Request model_1#108 arrives at 1631207.416345255, sleeping for 0.036106816958636045 seconds
Request model_4#106 arrives at 1631207.454474756, sleeping for 0.14730740012601018 seconds
Request model_5#299 arrives at 1631207.603520762, sleeping for 0.13808250962756574 seconds
Request model_1#109 arrives at 1631207.742370753, sleeping for 0.004611735697835684 seconds
Request model_5#300 arrives at 1631207.748083865, sleeping for 0 seconds
Request model_5#301 arrives at 1631207.748389777, sleeping for 0.029574364190921187 seconds
Request model_1#110 arrives at 1631207.778209667, sleeping for 0.13563032681122422 seconds
Request model_1#111 arrives at 1631207.914994623, sleeping for 0.1406394257210195 seconds
Request model_4#107 arrives at 1631208.05598633, sleeping for 0.05947656440548599 seconds
Request model_1#112 arrives at 1631208.11720489, sleeping for 0.31637757341377437 seconds
Request model_5#302 arrives at 1631208.434664585, sleeping for 0.13647374440915883 seconds
Request model_5#303 arrives at 1631208.572280307, sleeping for 0.026118983747437596 seconds
Request model_5#304 arrives at 1631208.600524295, sleeping for 0.0520064034499228 seconds
Request model_5#305 arrives at 1631208.654701343, sleeping for 0.053298721089959145 seconds
Request model_1#113 arrives at 1631208.708900232, sleeping for 0.07572425901889801 seconds
Request model_5#306 arrives at 1631208.785688307, sleeping for 0.00810714391991496 seconds
Request model_1#114 arrives at 1631208.794817294, sleeping for 0.18403535545803607 seconds
Request model_5#307 arrives at 1631208.979731554, sleeping for 0.041321828262880445 seconds
Request model_4#108 arrives at 1631209.02143116, sleeping for 0.27875308948569 seconds
Request model_4#109 arrives at 1631209.300909316, sleeping for 0.3987160325050354 seconds
Request model_5#308 arrives at 1631209.700662316, sleeping for 0.010948355309665203 seconds
Request model_4#110 arrives at 1631209.712724954, sleeping for 0.049039627658203244 seconds
Request model_5#309 arrives at 1631209.762121788, sleeping for 0.16568438429385424 seconds
Request model_4#111 arrives at 1631209.928453481, sleeping for 0.14012531004846096 seconds
Request model_1#115 arrives at 1631210.06964653, sleeping for 0.035839556250721216 seconds
Request model_5#310 arrives at 1631210.10633391, sleeping for 0.07008428825065494 seconds
Request model_1#116 arrives at 1631210.17704829, sleeping for 0.04936259798705578 seconds
Request model_5#311 arrives at 1631210.227171998, sleeping for 0.06891459203325212 seconds
Request model_5#312 arrives at 1631210.296213936, sleeping for 0.16467278986237943 seconds
Request model_4#112 arrives at 1631210.462103586, sleeping for 0.011832214426249266 seconds
Request model_1#117 arrives at 1631210.474291816, sleeping for 0.13849775004200637 seconds
Request model_5#313 arrives at 1631210.613819252, sleeping for 0.002752177184447646 seconds
Request model_5#314 arrives at 1631210.616977675, sleeping for 0.01089525269344449 seconds
Request model_5#315 arrives at 1631210.628126968, sleeping for 0.021178200375288725 seconds
Request model_4#113 arrives at 1631210.65022346, sleeping for 0.013419253518804908 seconds
Request model_5#316 arrives at 1631210.664894318, sleeping for 0.13436944945715368 seconds
Request model_1#118 arrives at 1631210.800729547, sleeping for 0.10478415689431131 seconds
Request model_4#114 arrives at 1631210.906187703, sleeping for 0.06699392572045326 seconds
Request model_4#115 arrives at 1631210.973481697, sleeping for 0.004305558744817972 seconds
Request model_5#317 arrives at 1631210.978807257, sleeping for 0.18602007091976702 seconds
Request model_1#119 arrives at 1631211.165945643, sleeping for 0.3335290802642703 seconds
Request model_4#116 arrives at 1631211.500534304, sleeping for 0.3683405998162925 seconds
Request model_3#36 arrives at 1631211.870164442, sleeping for 0.17384510161355138 seconds
Request model_1#120 arrives at 1631212.044652486, sleeping for 0.0445141033269465 seconds
Request model_5#318 arrives at 1631212.089924339, sleeping for 0.08265028242021799 seconds
Request model_5#319 arrives at 1631212.173242222, sleeping for 0.06575645739212632 seconds
Request model_5#320 arrives at 1631212.239470919, sleeping for 0.0315924696624279 seconds
Request model_1#121 arrives at 1631212.272187739, sleeping for 0.18380979960784316 seconds
Request model_1#122 arrives at 1631212.456623826, sleeping for 0.034618714125826955 seconds
Request model_5#321 arrives at 1631212.492156427, sleeping for 0.04942132183350623 seconds
Request model_5#322 arrives at 1631212.54281615, sleeping for 0.16380217275582254 seconds
Request model_5#323 arrives at 1631212.706924967, sleeping for 0.2263786680996418 seconds
Request model_5#324 arrives at 1631212.935406427, sleeping for 0.09401443717069924 seconds
Request model_5#325 arrives at 1631213.029934743, sleeping for 0.6901995178777725 seconds
Request model_5#326 arrives at 1631213.721359398, sleeping for 0.01708635757677257 seconds
Request model_5#327 arrives at 1631213.739448011, sleeping for 0 seconds
Request model_1#123 arrives at 1631213.739852124, sleeping for 0.07018054579384625 seconds
Request model_5#328 arrives at 1631213.810803666, sleeping for 0.07636147527955472 seconds
Request model_5#329 arrives at 1631213.887609851, sleeping for 0.3534203954041004 seconds
Request model_4#117 arrives at 1631214.242759073, sleeping for 0.10160684143193066 seconds
Request model_1#124 arrives at 1631214.345503979, sleeping for 0.13304123049601912 seconds
Request model_5#330 arrives at 1631214.479339003, sleeping for 0.12603545957244933 seconds
Request model_5#331 arrives at 1631214.606499198, sleeping for 0.04912720061838627 seconds
Request model_5#332 arrives at 1631214.657785155, sleeping for 0.057940354105085135 seconds
Request model_1#125 arrives at 1631214.716428527, sleeping for 0.16880837851203978 seconds
Request model_5#333 arrives at 1631214.885869313, sleeping for 0.06424720934592187 seconds
Request model_1#126 arrives at 1631214.951190653, sleeping for 0.1266916652675718 seconds
Request model_5#334 arrives at 1631215.079372796, sleeping for 0.0321911727078259 seconds
Request model_5#335 arrives at 1631215.112048907, sleeping for 0.1338944269809872 seconds
Request model_5#336 arrives at 1631215.246387485, sleeping for 0.03906415798701346 seconds
Request model_5#337 arrives at 1631215.28659769, sleeping for 0.9581970337312669 seconds
Request model_5#338 arrives at 1631216.245428082, sleeping for 0.011258473386988044 seconds
Request model_1#127 arrives at 1631216.2573279, sleeping for 0.05443370807915926 seconds
Request model_5#339 arrives at 1631216.313596804, sleeping for 0.005171001190319657 seconds
Request model_3#37 arrives at 1631216.319244425, sleeping for 0.15178179065696895 seconds
Request model_5#340 arrives at 1631216.47207339, sleeping for 0.11577056557871401 seconds
Request model_5#341 arrives at 1631216.588074623, sleeping for 0.06239165784791112 seconds
Request model_5#342 arrives at 1631216.6515148, sleeping for 0.0018128477968275547 seconds
Request model_4#118 arrives at 1631216.653865647, sleeping for 0.36170292366296053 seconds
Request model_4#119 arrives at 1631217.016078051, sleeping for 0.2994853926356882 seconds
Request model_5#343 arrives at 1631217.315882406, sleeping for 0.2196320293005556 seconds
Request model_1#128 arrives at 1631217.535808034, sleeping for 0.17001819284632802 seconds
Request model_1#129 arrives at 1631217.70803915, sleeping for 0.050766505068168044 seconds
Request model_5#344 arrives at 1631217.759549499, sleeping for 0.32430145307444036 seconds
Request model_1#130 arrives at 1631218.084247078, sleeping for 0.34723714855499566 seconds
Request model_1#131 arrives at 1631218.433594887, sleeping for 0.06862715841270983 seconds
Request model_4#120 arrives at 1631218.503100689, sleeping for 0.12173053668811917 seconds
Request model_4#121 arrives at 1631218.625223137, sleeping for 0.18018655548803508 seconds
Request model_5#345 arrives at 1631218.806360319, sleeping for 0.3366567415650934 seconds
Request model_1#132 arrives at 1631219.14367243, sleeping for 0.2761133334133774 seconds
Request model_1#133 arrives at 1631219.420484896, sleeping for 0.05634438036940992 seconds
Request model_5#346 arrives at 1631219.477443395, sleeping for 0.008830775273963809 seconds
Request model_5#347 arrives at 1631219.488146224, sleeping for 0.015298252692446113 seconds
Request model_4#122 arrives at 1631219.503834099, sleeping for 0.0790526105556637 seconds
Request model_4#123 arrives at 1631219.583122462, sleeping for 0.013313895557075739 seconds
Request model_5#348 arrives at 1631219.59780913, sleeping for 0.08449753071181476 seconds
Request model_5#349 arrives at 1631219.682507003, sleeping for 0.07227019406855106 seconds
Request model_5#350 arrives at 1631219.755391539, sleeping for 0.09742630273103714 seconds
Request model_5#351 arrives at 1631219.853887084, sleeping for 0.11778701352886856 seconds
Request model_5#352 arrives at 1631219.972986899, sleeping for 0.08193676080554724 seconds
Request model_1#134 arrives at 1631220.055637327, sleeping for 0.05678514274768531 seconds
Request model_4#124 arrives at 1631220.113341452, sleeping for 0.12223236844874918 seconds
Request model_5#353 arrives at 1631220.236164625, sleeping for 0.12311639171093702 seconds
Request model_1#135 arrives at 1631220.360376649, sleeping for 0.048955647740513086 seconds
Request model_5#354 arrives at 1631220.410113755, sleeping for 0 seconds
Request model_1#136 arrives at 1631220.410554848, sleeping for 0.04224196053110063 seconds
Request model_5#355 arrives at 1631220.454129629, sleeping for 0.0482321938034147 seconds
Request model_4#125 arrives at 1631220.503103209, sleeping for 0.08073592348955572 seconds
Request model_1#137 arrives at 1631220.586053599, sleeping for 0.6057714985217899 seconds
Request model_1#138 arrives at 1631221.19247314, sleeping for 0.020874426933005452 seconds
Request model_5#356 arrives at 1631221.21427955, sleeping for 0.1887805403675884 seconds
Request model_4#126 arrives at 1631221.404085206, sleeping for 0.0726846104953438 seconds
Request model_4#127 arrives at 1631221.478131301, sleeping for 0.05652621597982943 seconds
Request model_1#139 arrives at 1631221.536896223, sleeping for 0.0708000217564404 seconds
Request model_5#357 arrives at 1631221.608364859, sleeping for 0.014677409315481782 seconds
Request model_5#358 arrives at 1631221.624085804, sleeping for 0.23345036478713155 seconds
Request model_1#140 arrives at 1631221.858231316, sleeping for 0.18326544645242393 seconds
Request model_5#359 arrives at 1631222.042122609, sleeping for 0.09536375221796334 seconds
Request model_5#360 arrives at 1631222.138000514, sleeping for 0.6388636115007102 seconds
Request model_5#361 arrives at 1631222.777334046, sleeping for 0.10377173055894673 seconds
Request model_5#362 arrives at 1631222.883324406, sleeping for 0.11022134753875434 seconds
Request model_5#363 arrives at 1631222.995030668, sleeping for 0.030304499436169863 seconds
Request model_1#141 arrives at 1631223.026348378, sleeping for 0.08186760009266436 seconds
Request model_4#128 arrives at 1631223.108770115, sleeping for 0.023958153324201703 seconds
Request model_5#364 arrives at 1631223.133066943, sleeping for 0.07184075773693621 seconds
Request model_5#365 arrives at 1631223.20611669, sleeping for 0.0927119820844382 seconds
Request model_5#366 arrives at 1631223.29986071, sleeping for 0.39765917835757136 seconds
Request model_1#142 arrives at 1631223.697917288, sleeping for 0.4237341876141727 seconds
Request model_5#367 arrives at 1631224.122544191, sleeping for 0.14139397046528757 seconds
Request model_5#368 arrives at 1631224.264765928, sleeping for 0.11156208184547722 seconds
Request model_4#129 arrives at 1631224.377481117, sleeping for 0.03068294026888907 seconds
Request model_5#369 arrives at 1631224.40919163, sleeping for 0.03075843653641641 seconds
Request model_4#130 arrives at 1631224.440841002, sleeping for 0.00012665730901062489 seconds
Request model_1#143 arrives at 1631224.441252205, sleeping for 0.12972161173820496 seconds
Request model_1#144 arrives at 1631224.572844773, sleeping for 0.008827445795759559 seconds
Request model_1#145 arrives at 1631224.583575453, sleeping for 0.07962014270015061 seconds
Request model_1#146 arrives at 1631224.664507868, sleeping for 0.007890831679105759 seconds
Request model_4#131 arrives at 1631224.673357283, sleeping for 0.2335055738221854 seconds
Request model_6#22 arrives at 1631224.907855148, sleeping for 0.6902578445151448 seconds
Request model_6#23 arrives at 1631225.598715759, sleeping for 0.0809350695926696 seconds
Request model_3#38 arrives at 1631225.680815153, sleeping for 0.22099485620856285 seconds
Request model_6#24 arrives at 1631225.902678335, sleeping for 0.07443540776148438 seconds
Request model_3#39 arrives at 1631225.97804918, sleeping for 0.3831243412569165 seconds
Request model_3#40 arrives at 1631226.36141728, sleeping for 0.02640466275624931 seconds
Request model_5#370 arrives at 1631226.389150974, sleeping for 0.03610775503329933 seconds
Request model_3#41 arrives at 1631226.426882211, sleeping for 0.041716005420312285 seconds
Request model_3#42 arrives at 1631226.469560055, sleeping for 0.10604614508338273 seconds
Request model_3#43 arrives at 1631226.576462051, sleeping for 0.13331374572589993 seconds
Request model_3#44 arrives at 1631226.710254735, sleeping for 0.23703019530512393 seconds
Request model_3#45 arrives at 1631226.948399557, sleeping for 0.14583917194977403 seconds
Request model_3#46 arrives at 1631227.095082576, sleeping for 0.06096736481413245 seconds
Request model_3#47 arrives at 1631227.156427137, sleeping for 0.07625909429043531 seconds
Request model_3#48 arrives at 1631227.233261953, sleeping for 0.004555352497845888 seconds
Request model_3#49 arrives at 1631227.238512531, sleeping for 0.06206862279213965 seconds
Request model_3#50 arrives at 1631227.301813897, sleeping for 0.0015472753439098597 seconds
Request model_3#51 arrives at 1631227.3035872, sleeping for 0.3688329269643873 seconds
Request model_6#25 arrives at 1631227.673577421, sleeping for 0.48754069302231073 seconds
Request model_3#52 arrives at 1631228.162569528, sleeping for 0.02603274490684271 seconds
Request model_3#53 arrives at 1631228.190759816, sleeping for 0.05379353906027973 seconds
Request model_3#54 arrives at 1631228.245061335, sleeping for 0.07364148925989866 seconds
Request model_3#55 arrives at 1631228.319371822, sleeping for 0.007010160945355892 seconds
Request model_3#56 arrives at 1631228.32741985, sleeping for 0.07119414932094514 seconds
Request model_3#57 arrives at 1631228.400248107, sleeping for 0.064753980608657 seconds
Request model_3#58 arrives at 1631228.465933769, sleeping for 0.04639066779054701 seconds
Request model_3#59 arrives at 1631228.512592042, sleeping for 0.23767981259152293 seconds
Request model_3#60 arrives at 1631228.752433767, sleeping for 0.04704670002683997 seconds
Request model_5#371 arrives at 1631228.800128108, sleeping for 0.014055385952815413 seconds
Request model_3#61 arrives at 1631228.815963184, sleeping for 0.00885582366026938 seconds
Request model_3#62 arrives at 1631228.826666963, sleeping for 0.009468982927501202 seconds
Request model_3#63 arrives at 1631228.837262031, sleeping for 0.05407089227810502 seconds
Request model_3#64 arrives at 1631228.891860662, sleeping for 0.24639003514312208 seconds
Request model_3#65 arrives at 1631229.139588295, sleeping for 0.38511971989646554 seconds
Request model_3#66 arrives at 1631229.52502925, sleeping for 0.016843040473759174 seconds
Request model_3#67 arrives at 1631229.54270944, sleeping for 0.11259201634675264 seconds
Request model_3#68 arrives at 1631229.655756931, sleeping for 0.061746670166030526 seconds
Request model_3#69 arrives at 1631229.717989849, sleeping for 0.009544273372739553 seconds
Request model_3#70 arrives at 1631229.728695338, sleeping for 0.2111565233208239 seconds
Request model_3#71 arrives at 1631229.941751305, sleeping for 0.12308617169037461 seconds
Request model_3#72 arrives at 1631230.065845288, sleeping for 0.02918134001083672 seconds
Request model_3#73 arrives at 1631230.096100401, sleeping for 0.18750804709270597 seconds
Request model_3#74 arrives at 1631230.284498196, sleeping for 0.035518983379006386 seconds
Request model_3#75 arrives at 1631230.320691313, sleeping for 0.09234121930785477 seconds
Request model_6#26 arrives at 1631230.414055389, sleeping for 0.014945702394470572 seconds
Request model_3#76 arrives at 1631230.429428683, sleeping for 0.08702357765287161 seconds
Request model_3#77 arrives at 1631230.517064907, sleeping for 0.008165892446413636 seconds
Request model_3#78 arrives at 1631230.525871292, sleeping for 0.20321158529259264 seconds
Request model_3#79 arrives at 1631230.729790792, sleeping for 0.2775416108779609 seconds
Request model_3#80 arrives at 1631231.008327561, sleeping for 0.10450402111746371 seconds
Request model_3#81 arrives at 1631231.113879077, sleeping for 0.021733876783400774 seconds
Request model_3#82 arrives at 1631231.136779046, sleeping for 0.05136493965983391 seconds
Request model_3#83 arrives at 1631231.188950889, sleeping for 0.08540569595061243 seconds
Request model_3#84 arrives at 1631231.275174274, sleeping for 0.09291066438890994 seconds
Request model_3#85 arrives at 1631231.368322129, sleeping for 0.08933809259906411 seconds
Request model_3#86 arrives at 1631231.45824406, sleeping for 0.2138530749361962 seconds
Request model_3#87 arrives at 1631231.672358935, sleeping for 0.032952574314549565 seconds
Request model_6#27 arrives at 1631231.706073953, sleeping for 0.1577370383311063 seconds
Request model_3#88 arrives at 1631231.86470721, sleeping for 0.21011769026517868 seconds
Request model_3#89 arrives at 1631232.075235489, sleeping for 0.3153331531211734 seconds
Request model_3#90 arrives at 1631232.391686686, sleeping for 0.015633684815838933 seconds
Request model_3#91 arrives at 1631232.40847064, sleeping for 0.14105037366971374 seconds
Request model_3#92 arrives at 1631232.550982688, sleeping for 0.11230394779704511 seconds
Request model_3#93 arrives at 1631232.663751458, sleeping for 0.0694266299251467 seconds
Request model_6#28 arrives at 1631232.734017684, sleeping for 0.22999897552654147 seconds
Request model_3#94 arrives at 1631232.964352759, sleeping for 0.0877162478864193 seconds
Request model_3#95 arrives at 1631233.052646998, sleeping for 0.19045996782369912 seconds
Request model_3#96 arrives at 1631233.244371899, sleeping for 0.1513294638134539 seconds
Request model_3#97 arrives at 1631233.397432055, sleeping for 0.1155197920743376 seconds
Request model_3#98 arrives at 1631233.5138012, sleeping for 0.10431613237597048 seconds
Request model_3#99 arrives at 1631233.618860613, sleeping for 0.1840128842741251 seconds
Request model_5#372 arrives at 1631233.803177819, sleeping for 0.17718472494743764 seconds
Request model_3#100 arrives at 1631233.980534704, sleeping for 0.17493439023382962 seconds
Request model_3#101 arrives at 1631234.156065745, sleeping for 0.16033571539446712 seconds
Request model_5#373 arrives at 1631234.316912608, sleeping for 0.22604405391030014 seconds
Request model_3#102 arrives at 1631234.543598516, sleeping for 0.06334769143722951 seconds
Request model_6#29 arrives at 1631234.607391815, sleeping for 0.14981841738335788 seconds
Request model_3#103 arrives at 1631234.758181104, sleeping for 0.04015426500700414 seconds
Request model_5#374 arrives at 1631234.798856923, sleeping for 0.04308473225682974 seconds
Request model_3#104 arrives at 1631234.842088632, sleeping for 0.09883195045404136 seconds
Request model_3#105 arrives at 1631234.942068987, sleeping for 0.0216984492726624 seconds
Request model_3#106 arrives at 1631234.964145239, sleeping for 0.08575559640303254 seconds
Request model_3#107 arrives at 1631235.050258783, sleeping for 0.013530308380723 seconds
Request model_5#375 arrives at 1631235.06476101, sleeping for 0.30418382165953517 seconds
Request model_3#108 arrives at 1631235.369600502, sleeping for 0.6379625536501408 seconds
Request model_3#109 arrives at 1631236.008868134, sleeping for 0.14951541530899704 seconds
Request model_5#376 arrives at 1631236.158668896, sleeping for 0.13286526734009385 seconds
Request model_3#110 arrives at 1631236.291942417, sleeping for 0.1641195653937757 seconds
Request model_3#111 arrives at 1631236.457766206, sleeping for 0.1234694377053529 seconds
Request model_3#112 arrives at 1631236.581549507, sleeping for 0.13182227779179811 seconds
Request model_3#113 arrives at 1631236.714398714, sleeping for 0.21203638240695 seconds
Request model_3#114 arrives at 1631236.927041728, sleeping for 0.15523250866681337 seconds
Request model_3#115 arrives at 1631237.083178517, sleeping for 0.004154337802901864 seconds
Request model_3#116 arrives at 1631237.088490446, sleeping for 0.02149614947848022 seconds
Request model_3#117 arrives at 1631237.110682529, sleeping for 0.05212769447825849 seconds
Request model_3#118 arrives at 1631237.163241816, sleeping for 0.2696617573965341 seconds
Request model_3#119 arrives at 1631237.434020828, sleeping for 0.0005873409099876881 seconds
Request model_3#120 arrives at 1631237.43568397, sleeping for 0.11069495882838964 seconds
Request model_3#121 arrives at 1631237.546634056, sleeping for 0.021998047828674316 seconds
Request model_3#122 arrives at 1631237.569371114, sleeping for 0.13431930961087346 seconds
Request model_5#377 arrives at 1631237.704406837, sleeping for 0.021550300531089306 seconds
Request model_3#123 arrives at 1631237.726140287, sleeping for 0.03598248399794102 seconds
Request model_3#124 arrives at 1631237.764098966, sleeping for 0.015198267763480544 seconds
Request model_3#125 arrives at 1631237.780079433, sleeping for 0.07689844910055399 seconds
Request model_3#126 arrives at 1631237.857659434, sleeping for 0.05853570345789194 seconds
Request model_3#127 arrives at 1631237.918381131, sleeping for 0.08313369704410434 seconds
Request model_3#128 arrives at 1631238.002650291, sleeping for 0.5029152622446418 seconds
Request model_3#129 arrives at 1631238.506036954, sleeping for 0.262138286838308 seconds
Request model_3#130 arrives at 1631238.769190219, sleeping for 0.011341898003593087 seconds
Request model_3#131 arrives at 1631238.78154966, sleeping for 0.02871660329401493 seconds
Request model_3#132 arrives at 1631238.810587704, sleeping for 0.056256895419210196 seconds
Request model_3#133 arrives at 1631238.867702084, sleeping for 0.15772995981387794 seconds
Request model_3#134 arrives at 1631239.025727897, sleeping for 0.38536367705091834 seconds
Request model_3#135 arrives at 1631239.411991848, sleeping for 0.002878371858969331 seconds
Request model_3#136 arrives at 1631239.415301972, sleeping for 0.004121296340599656 seconds
Request model_3#137 arrives at 1631239.42043446, sleeping for 0.06095296493731439 seconds
Request model_3#138 arrives at 1631239.481790941, sleeping for 0.08497429499402642 seconds
Request model_3#139 arrives at 1631239.567859875, sleeping for 0.1322642636951059 seconds
Request model_3#140 arrives at 1631239.701094395, sleeping for 0.04054458322934806 seconds
Request model_3#141 arrives at 1631239.742260857, sleeping for 0.05828775675036013 seconds
Request model_3#142 arrives at 1631239.801518303, sleeping for 0.10993480449542403 seconds
Request model_5#378 arrives at 1631239.912308638, sleeping for 0.14879439072683454 seconds
Request model_3#143 arrives at 1631240.062161711, sleeping for 0.4033065838739276 seconds
Request model_3#144 arrives at 1631240.466222323, sleeping for 0.21958631672896445 seconds
Request model_6#30 arrives at 1631240.686414913, sleeping for 0.1536036296747625 seconds
Request model_3#145 arrives at 1631240.840382265, sleeping for 0.021310205338522792 seconds
Request model_3#146 arrives at 1631240.862625809, sleeping for 0.20717777404934168 seconds
Request model_5#379 arrives at 1631241.070551979, sleeping for 0.01943832845427096 seconds
Request model_3#147 arrives at 1631241.090771537, sleeping for 0.06157370004802942 seconds
Request model_3#148 arrives at 1631241.152694973, sleeping for 0.13445821567438543 seconds
Request model_3#149 arrives at 1631241.287875858, sleeping for 0 seconds
Request model_3#150 arrives at 1631241.288355711, sleeping for 0.03025748929940164 seconds
Request model_3#151 arrives at 1631241.31957797, sleeping for 0.10225227917544544 seconds
Request model_3#152 arrives at 1631241.422641599, sleeping for 0.19459419324994087 seconds
Request model_3#153 arrives at 1631241.617764324, sleeping for 0.2565063410438597 seconds
Request model_3#154 arrives at 1631241.875286198, sleeping for 0.09944000048562884 seconds
Request model_3#155 arrives at 1631241.976670214, sleeping for 0.09545728727243841 seconds
Request model_3#156 arrives at 1631242.072876782, sleeping for 0.01186694111675024 seconds
Request model_3#157 arrives at 1631242.085096292, sleeping for 0.19800954405218363 seconds
Request model_3#158 arrives at 1631242.284903322, sleeping for 0.22320274263620377 seconds
Request model_6#31 arrives at 1631242.50891302, sleeping for 0.08435704163275659 seconds
Request model_5#380 arrives at 1631242.594106976, sleeping for 0.03867321740835905 seconds
Request model_5#381 arrives at 1631242.633773298, sleeping for 0.029410998104140162 seconds
Request model_3#159 arrives at 1631242.663487947, sleeping for 0.009763553971424699 seconds
Request model_3#160 arrives at 1631242.674594979, sleeping for 0.08798447344452143 seconds
Request model_3#161 arrives at 1631242.763731334, sleeping for 0.0015247962437570095 seconds
Request model_3#162 arrives at 1631242.765684639, sleeping for 0.23718191334046423 seconds
Request model_3#163 arrives at 1631243.004820818, sleeping for 0.06534841773100197 seconds
Request model_3#164 arrives at 1631243.071419837, sleeping for 0.057675763266161084 seconds
Request model_3#165 arrives at 1631243.129950288, sleeping for 0.023101464845240116 seconds
Request model_5#382 arrives at 1631243.153578042, sleeping for 0.16597970249131322 seconds
Request model_3#166 arrives at 1631243.319982356, sleeping for 0.19945729989558458 seconds
Request model_3#167 arrives at 1631243.520662562, sleeping for 0.05521665047854185 seconds
Request model_3#168 arrives at 1631243.576506923, sleeping for 0.012277076719328761 seconds
Request model_3#169 arrives at 1631243.589167286, sleeping for 0.07119410275481641 seconds
Request model_3#170 arrives at 1631243.661051285, sleeping for 0.04879520647227764 seconds
Request model_5#383 arrives at 1631243.710757691, sleeping for 0.0807323302142322 seconds
Request model_3#171 arrives at 1631243.791687086, sleeping for 0.16531398613005877 seconds
Request model_3#172 arrives at 1631243.957616737, sleeping for 0.14573553390800953 seconds
Request model_6#32 arrives at 1631244.104301885, sleeping for 0.02674019569531083 seconds
Request model_3#173 arrives at 1631244.132543643, sleeping for 0.33815545635297894 seconds
Request model_5#384 arrives at 1631244.471832989, sleeping for 0.02846326259896159 seconds
Request model_3#174 arrives at 1631244.501163025, sleeping for 0.012492525391280651 seconds
Request model_3#175 arrives at 1631244.514374062, sleeping for 0.1383729085791856 seconds
Request model_3#176 arrives at 1631244.653290754, sleeping for 0.041432586032897234 seconds
Request model_5#385 arrives at 1631244.695016451, sleeping for 0.030829259660094976 seconds
Request model_3#177 arrives at 1631244.72611468, sleeping for 0.10034896177239716 seconds
Request model_5#386 arrives at 1631244.827174823, sleeping for 0.04883146262727678 seconds
Request model_3#178 arrives at 1631244.87697041, sleeping for 0.6787007828243077 seconds
Request model_3#179 arrives at 1631245.556109696, sleeping for 0.2891539097763598 seconds
Request model_5#387 arrives at 1631245.846409851, sleeping for 0.025570944184437394 seconds
Request model_6#33 arrives at 1631245.872181711, sleeping for 0.11534962034784257 seconds
Request model_3#180 arrives at 1631245.988154174, sleeping for 0.09500332036986947 seconds
Request model_3#181 arrives at 1631246.083753327, sleeping for 0.007582163903862238 seconds
Request model_3#182 arrives at 1631246.091842057, sleeping for 0.05501174251548946 seconds
Request model_5#388 arrives at 1631246.147809709, sleeping for 0.04178776312619448 seconds
Request model_3#183 arrives at 1631246.190255881, sleeping for 0.018205211963504553 seconds
Request model_3#184 arrives at 1631246.21044989, sleeping for 0.15874910121783614 seconds
Request model_3#185 arrives at 1631246.370379766, sleeping for 0.03291814913973212 seconds
Request model_3#186 arrives at 1631246.40355108, sleeping for 0.010439711157232523 seconds
Request model_3#187 arrives at 1631246.415202336, sleeping for 0.12977564404718578 seconds
Request model_3#188 arrives at 1631246.545977938, sleeping for 0.15002338332124054 seconds
Request model_6#34 arrives at 1631246.697327751, sleeping for 0.03578341007232666 seconds
Request model_3#189 arrives at 1631246.734080222, sleeping for 0.35086574708111584 seconds
Request model_3#190 arrives at 1631247.085135594, sleeping for 0.017093841452151537 seconds
Request model_3#191 arrives at 1631247.102856254, sleeping for 0.008640860673040152 seconds
Request model_3#192 arrives at 1631247.113515273, sleeping for 0.02106826100498438 seconds
Request model_3#193 arrives at 1631247.135177192, sleeping for 0.05682534468360245 seconds
Request model_3#194 arrives at 1631247.193041438, sleeping for 0.02063611289486289 seconds
Request model_3#195 arrives at 1631247.214727117, sleeping for 0.10160920326597989 seconds
Request model_3#196 arrives at 1631247.317426423, sleeping for 0.0792287727817893 seconds
Request model_3#197 arrives at 1631247.39721008, sleeping for 0.0022505871020257473 seconds
Request model_3#198 arrives at 1631247.400465133, sleeping for 0.038134641479700804 seconds
Request model_6#35 arrives at 1631247.439583842, sleeping for 0.07623391621746123 seconds
Request model_3#199 arrives at 1631247.516613388, sleeping for 0.12345049786381423 seconds
Request model_6#36 arrives at 1631247.640912373, sleeping for 0.0006812687497586012 seconds
Request model_3#200 arrives at 1631247.64190573, sleeping for 0.33617262775078416 seconds
Request model_3#201 arrives at 1631247.978555166, sleeping for 0.4076370750553906 seconds
Request model_3#202 arrives at 1631248.38814745, sleeping for 0.018257076619192958 seconds
Request model_5#389 arrives at 1631248.407904625, sleeping for 0.1901293124537915 seconds
Request model_3#203 arrives at 1631248.598740789, sleeping for 0.0008008936420083046 seconds
Request model_3#204 arrives at 1631248.600406331, sleeping for 0.22436217358335853 seconds
Request model_3#205 arrives at 1631248.82592872, sleeping for 0.010381358209997416 seconds
Request model_3#206 arrives at 1631248.837076232, sleeping for 0.001342517090961337 seconds
Request model_5#390 arrives at 1631248.839222768, sleeping for 0.07003106432966888 seconds
Request model_3#207 arrives at 1631248.910450022, sleeping for 0.026565673062577844 seconds
Request model_3#208 arrives at 1631248.938588609, sleeping for 0.04365642787888646 seconds
Request model_3#209 arrives at 1631248.983154147, sleeping for 0 seconds
Request model_3#210 arrives at 1631248.983664341, sleeping for 0.14347241213545203 seconds
Request model_5#391 arrives at 1631249.129224872, sleeping for 0.1376984112430364 seconds
Request model_3#211 arrives at 1631249.267587679, sleeping for 0.1317940664011985 seconds
Request model_3#212 arrives at 1631249.400074514, sleeping for 0.013125781202688813 seconds
Request model_3#213 arrives at 1631249.413514883, sleeping for 0.045307068852707744 seconds
Request model_3#214 arrives at 1631249.459222999, sleeping for 0.08108519995585084 seconds
Request model_3#215 arrives at 1631249.54092701, sleeping for 0.16245305305346847 seconds
Request model_3#216 arrives at 1631249.704344252, sleeping for 0.03962028189562261 seconds
Request model_3#217 arrives at 1631249.744854321, sleeping for 0.42671733954921365 seconds
Request model_3#218 arrives at 1631250.172612197, sleeping for 0.0050584126729518175 seconds
Request model_3#219 arrives at 1631250.178851493, sleeping for 0.022590641165152192 seconds
Request model_3#220 arrives at 1631250.202031954, sleeping for 0.04219339904375374 seconds
Request model_3#221 arrives at 1631250.245203881, sleeping for 0.15841385093517601 seconds
Request model_3#222 arrives at 1631250.404665865, sleeping for 0.10544637101702392 seconds
Request model_3#223 arrives at 1631250.510867456, sleeping for 0.17999879806302488 seconds
Request model_3#224 arrives at 1631250.691625095, sleeping for 0.1039264805149287 seconds
Request model_5#392 arrives at 1631250.796063364, sleeping for 0.15664303139783442 seconds
Request model_5#393 arrives at 1631250.954342058, sleeping for 0.005807082401588559 seconds
Request model_3#225 arrives at 1631250.960523714, sleeping for 0.010995330289006233 seconds
Request model_3#226 arrives at 1631250.972631803, sleeping for 0.10676169604994357 seconds
Request model_3#227 arrives at 1631251.079930522, sleeping for 0.08664241130463779 seconds
Request model_3#228 arrives at 1631251.166858131, sleeping for 0.1435919285286218 seconds
Request model_5#394 arrives at 1631251.312259711, sleeping for 0.13607316766865551 seconds
Request model_3#229 arrives at 1631251.449670752, sleeping for 0.004234936088323593 seconds
Request model_3#230 arrives at 1631251.454910951, sleeping for 0.012314267922192812 seconds
Request model_3#231 arrives at 1631251.468162818, sleeping for 0.06445739907212555 seconds
Request model_3#232 arrives at 1631251.533194827, sleeping for 0.007913180394098163 seconds
Request model_3#233 arrives at 1631251.541421207, sleeping for 0.5435501963365823 seconds
Request model_3#234 arrives at 1631252.086018463, sleeping for 0.16008467343635857 seconds
Request model_3#235 arrives at 1631252.24732504, sleeping for 0.08370569907128811 seconds
Request model_3#236 arrives at 1631252.331808822, sleeping for 0.022510885493829846 seconds
Request model_3#237 arrives at 1631252.355621297, sleeping for 0.026021847734227777 seconds
Request model_3#238 arrives at 1631252.383876625, sleeping for 0.12718251650221646 seconds
Request model_3#239 arrives at 1631252.512151869, sleeping for 0.26387155801057816 seconds
Request model_3#240 arrives at 1631252.777164888, sleeping for 0.07233749073930085 seconds
Request model_3#241 arrives at 1631252.851509665, sleeping for 0.0600646804086864 seconds
Request model_3#242 arrives at 1631252.912798326, sleeping for 0.13076519989408553 seconds
Request model_3#243 arrives at 1631253.044634906, sleeping for 0.14445816073566675 seconds
Request model_3#244 arrives at 1631253.190023925, sleeping for 0.035994978388771415 seconds
Request model_3#245 arrives at 1631253.226272962, sleeping for 0.12420737580396235 seconds
Request model_3#246 arrives at 1631253.350827389, sleeping for 0.1570054644253105 seconds
Request model_3#247 arrives at 1631253.508648559, sleeping for 0.14814327284693718 seconds
Request model_3#248 arrives at 1631253.658098409, sleeping for 0.014124681241810322 seconds
Request model_3#249 arrives at 1631253.673331171, sleeping for 0.023638785583898425 seconds
Request model_3#250 arrives at 1631253.697612629, sleeping for 0.06044501252472401 seconds
Request model_3#251 arrives at 1631253.75883647, sleeping for 0.27459238772280514 seconds
Request model_3#252 arrives at 1631254.034087335, sleeping for 0.10534261097200215 seconds
Request model_3#253 arrives at 1631254.140376787, sleeping for 0.0174150203820318 seconds
Request model_3#254 arrives at 1631254.158605601, sleeping for 0.019235198386013508 seconds
Request model_5#395 arrives at 1631254.17884578, sleeping for 0.044547221856191754 seconds
Request model_3#255 arrives at 1631254.224114243, sleeping for 0.06442964426241815 seconds
Request model_5#396 arrives at 1631254.289362913, sleeping for 0.03742266679182649 seconds
Request model_5#397 arrives at 1631254.328866914, sleeping for 0.11929038260132074 seconds
Request model_3#256 arrives at 1631254.449077188, sleeping for 0.035177934216335416 seconds
Request model_6#37 arrives at 1631254.485314615, sleeping for 0.02637555031105876 seconds
Request model_3#257 arrives at 1631254.512298813, sleeping for 0.1472336978185922 seconds
Request model_3#258 arrives at 1631254.660700715, sleeping for 0.02821128163486719 seconds
Request model_3#259 arrives at 1631254.68992313, sleeping for 0.025185535894706845 seconds
Request model_3#260 arrives at 1631254.716232194, sleeping for 0.08659016550518572 seconds
Request model_3#261 arrives at 1631254.80403172, sleeping for 0.32500351243652403 seconds
Request model_3#262 arrives at 1631255.129920397, sleeping for 0.027426462387666106 seconds
Request model_3#263 arrives at 1631255.158157335, sleeping for 0.08908356190659106 seconds
Request model_3#264 arrives at 1631255.248505139, sleeping for 0.5213582254946232 seconds
Request model_6#38 arrives at 1631255.770903762, sleeping for 0.09139837510883808 seconds
Request model_3#265 arrives at 1631255.863379793, sleeping for 0.1339724527206272 seconds
Request model_3#266 arrives at 1631255.997910553, sleeping for 0.03270364599302411 seconds
Request model_5#398 arrives at 1631256.031177467, sleeping for 0.051708413287997246 seconds
Request model_3#267 arrives at 1631256.083431152, sleeping for 0.009828580543398857 seconds
Request model_3#268 arrives at 1631256.094759915, sleeping for 0.015739346388727427 seconds
Request model_3#269 arrives at 1631256.111005595, sleeping for 0.06894004181958735 seconds
Request model_6#39 arrives at 1631256.180334974, sleeping for 0.14671141863800585 seconds
Request model_3#270 arrives at 1631256.327731309, sleeping for 0.0026125141885131598 seconds
Request model_3#271 arrives at 1631256.330977593, sleeping for 0.349845617543906 seconds
Request model_3#272 arrives at 1631256.683234864, sleeping for 0.26506110886111856 seconds
Request model_6#40 arrives at 1631256.948854528, sleeping for 0.3927569955121726 seconds
Request model_3#273 arrives at 1631257.342002061, sleeping for 0.050198334036394954 seconds
Request model_5#399 arrives at 1631257.393155927, sleeping for 0.13194749178364873 seconds
Request model_3#274 arrives at 1631257.525490641, sleeping for 0.03923865407705307 seconds
Request model_3#275 arrives at 1631257.566044259, sleeping for 0.2226320479530841 seconds
Request model_3#276 arrives at 1631257.789573364, sleeping for 0.22887376858852804 seconds
Request model_3#277 arrives at 1631258.019087982, sleeping for 0.009794356534257531 seconds
Request model_3#278 arrives at 1631258.030328165, sleeping for 0.11006419314071536 seconds
Request model_3#279 arrives at 1631258.14111756, sleeping for 0.13785509066656232 seconds
Request model_3#280 arrives at 1631258.279474798, sleeping for 0.012841894989833236 seconds
Request model_3#281 arrives at 1631258.293034077, sleeping for 0.6066370769403875 seconds
Request model_3#282 arrives at 1631258.900306635, sleeping for 0.14259340823628008 seconds
Request model_3#283 arrives at 1631259.044701227, sleeping for 0.025713399052619934 seconds
Request model_3#284 arrives at 1631259.070967021, sleeping for 0.15115160448476672 seconds
Request model_6#41 arrives at 1631259.222455055, sleeping for 0.1706340229138732 seconds
Request model_3#285 arrives at 1631259.393982247, sleeping for 0.20888235326856375 seconds
Request model_3#286 arrives at 1631259.603320848, sleeping for 0.009033741895109415 seconds
Request model_5#400 arrives at 1631259.61461015, sleeping for 0.017003222834318876 seconds
Request model_5#401 arrives at 1631259.63220117, sleeping for 0.061502840369939804 seconds
Request model_3#287 arrives at 1631259.694503598, sleeping for 0.03132522222585976 seconds
Request model_6#42 arrives at 1631259.727158388, sleeping for 0.14036434330046177 seconds
Request model_3#288 arrives at 1631259.868633939, sleeping for 0.03135673189535737 seconds
Request model_5#402 arrives at 1631259.901034548, sleeping for 0.06410579034127295 seconds
Request model_3#289 arrives at 1631259.966922973, sleeping for 0.18157553649507463 seconds
Request model_3#290 arrives at 1631260.149237633, sleeping for 0.10667222435586154 seconds
Request model_3#291 arrives at 1631260.256741964, sleeping for 0.008352371165528893 seconds
Request model_5#403 arrives at 1631260.265973442, sleeping for 0.2766758040525019 seconds
Request model_5#404 arrives at 1631260.543444314, sleeping for 0.28173760627396405 seconds
Request model_3#292 arrives at 1631260.826102813, sleeping for 0.06882687448523939 seconds
Request model_3#293 arrives at 1631260.895392953, sleeping for 0.20418818551115692 seconds
Request model_5#405 arrives at 1631261.100673194, sleeping for 0.11316201626323164 seconds
Request model_3#294 arrives at 1631261.214907754, sleeping for 0.1599440078716725 seconds
Request model_3#295 arrives at 1631261.375354964, sleeping for 0.04235147265717387 seconds
Request model_6#43 arrives at 1631261.418599232, sleeping for 0.020265192491933703 seconds
Request model_3#296 arrives at 1631261.439796439, sleeping for 0.0017542922869324684 seconds
Request model_3#297 arrives at 1631261.442041455, sleeping for 0.1430023575667292 seconds
Request model_3#298 arrives at 1631261.586387187, sleeping for 0.004350710194557905 seconds
Request model_3#299 arrives at 1631261.591690836, sleeping for 0.06547619123011827 seconds
Request model_3#300 arrives at 1631261.657851913, sleeping for 0.048608159413561225 seconds
Request model_3#301 arrives at 1631261.706971274, sleeping for 0.10573004488833249 seconds
Request model_3#302 arrives at 1631261.813473497, sleeping for 0.3210801254026592 seconds
Request model_3#303 arrives at 1631262.135259635, sleeping for 0.09942036285065114 seconds
Request model_3#304 arrives at 1631262.235052739, sleeping for 0.042713169706985354 seconds
Request model_3#305 arrives at 1631262.278426278, sleeping for 0.24095423333346844 seconds
Request model_3#306 arrives at 1631262.519665453, sleeping for 0.04098435118794441 seconds
Request model_3#307 arrives at 1631262.561625422, sleeping for 0.046195218339562416 seconds
Request model_6#44 arrives at 1631262.609224092, sleeping for 0.2543541125487536 seconds
Request model_6#45 arrives at 1631262.864159557, sleeping for 0.37046047463081777 seconds
Request model_6#46 arrives at 1631263.234885265, sleeping for 0.6008095492143184 seconds
Request model_5#406 arrives at 1631263.836954855, sleeping for 0.18230112362653017 seconds
Request model_3#308 arrives at 1631264.020309414, sleeping for 0.006126450374722481 seconds
Request model_3#309 arrives at 1631264.027503346, sleeping for 0.0336783064994961 seconds
Request model_3#310 arrives at 1631264.062158471, sleeping for 0.005458631319925189 seconds
Request model_3#311 arrives at 1631264.068278467, sleeping for 0.08159248740412295 seconds
Request model_3#312 arrives at 1631264.150429401, sleeping for 0.07044899626635015 seconds
Request model_3#313 arrives at 1631264.221590515, sleeping for 0.32326246984303 seconds
Request model_3#314 arrives at 1631264.546003031, sleeping for 0.19451494282111526 seconds
Request model_3#315 arrives at 1631264.741691611, sleeping for 0.06917867460288107 seconds
Request model_3#316 arrives at 1631264.811731846, sleeping for 0.1449396072421223 seconds
Request model_5#407 arrives at 1631264.958118933, sleeping for 0.2351031673606485 seconds
Request model_3#317 arrives at 1631265.19423575, sleeping for 0.16212642239406705 seconds
Request model_6#47 arrives at 1631265.356762736, sleeping for 0.022600167198106647 seconds
Request model_5#408 arrives at 1631265.38042434, sleeping for 0.026066792896017432 seconds
Request model_6#48 arrives at 1631265.408662038, sleeping for 0.11997331818565726 seconds
Request model_3#318 arrives at 1631265.529200905, sleeping for 0.028037871466949582 seconds
Request model_3#319 arrives at 1631265.55845293, sleeping for 0.052476401440799236 seconds
Request model_6#49 arrives at 1631265.612680559, sleeping for 0.06127148517407477 seconds
Request model_3#320 arrives at 1631265.674682865, sleeping for 0.03474052716046572 seconds
Request model_3#321 arrives at 1631265.709916394, sleeping for 0.3005733310710639 seconds
Request model_5#409 arrives at 1631266.011432233, sleeping for 0.2732382155954838 seconds
Request model_5#410 arrives at 1631266.285934452, sleeping for 0.2109159578103572 seconds
Request model_3#322 arrives at 1631266.497242857, sleeping for 0.034516224870458245 seconds
Request model_3#323 arrives at 1631266.532472006, sleeping for 0.4163554063998163 seconds
Request model_3#324 arrives at 1631266.949456014, sleeping for 0.1288019127678126 seconds
Request model_5#411 arrives at 1631267.079505351, sleeping for 0.24023773707449436 seconds
Request model_3#325 arrives at 1631267.321034608, sleeping for 0.16778489970602095 seconds
Request model_3#326 arrives at 1631267.490662356, sleeping for 0.08141557034105062 seconds
Request model_3#327 arrives at 1631267.573186783, sleeping for 0.03909708769060671 seconds
Request model_3#328 arrives at 1631267.613438489, sleeping for 0.1176051904913038 seconds
Request model_3#329 arrives at 1631267.731666679, sleeping for 0.018037250032648444 seconds
Request model_3#330 arrives at 1631267.751927298, sleeping for 0.019024236360564828 seconds
Request model_3#331 arrives at 1631267.772141937, sleeping for 0.15712117147631943 seconds
Request model_3#332 arrives at 1631267.930529062, sleeping for 0.5331189555581659 seconds
Request model_3#333 arrives at 1631268.464873084, sleeping for 0.14845194364897907 seconds
Request model_3#334 arrives at 1631268.614441154, sleeping for 0.30428741755895317 seconds
Request model_5#412 arrives at 1631268.919264077, sleeping for 0.003352406667545438 seconds
Request model_3#335 arrives at 1631268.923570428, sleeping for 0.11856362433172762 seconds
Request model_3#336 arrives at 1631269.043901844, sleeping for 0.16338709485717118 seconds
Request model_3#337 arrives at 1631269.208424964, sleeping for 0.18380938726477325 seconds
Request model_3#338 arrives at 1631269.393069653, sleeping for 0.03710266761481762 seconds
Request model_3#339 arrives at 1631269.431287104, sleeping for 0.41349740512669086 seconds
Request model_3#340 arrives at 1631269.84531719, sleeping for 0.14011387689970434 seconds
Request model_3#341 arrives at 1631269.98663687, sleeping for 0.07195251900702715 seconds
Request model_3#342 arrives at 1631270.059399205, sleeping for 0.028516465099528432 seconds
Request model_3#343 arrives at 1631270.08867011, sleeping for 0.018869037507101893 seconds
Request model_3#344 arrives at 1631270.108899139, sleeping for 0.10087347496300936 seconds
Request model_3#345 arrives at 1631270.210179314, sleeping for 0.38452257472090423 seconds
Request model_3#346 arrives at 1631270.595186317, sleeping for 0.24591778684407473 seconds
Request model_3#347 arrives at 1631270.843197922, sleeping for 0.011660053627565503 seconds
Request model_3#348 arrives at 1631270.855489262, sleeping for 0.1452365261502564 seconds
Request model_3#349 arrives at 1631271.001823769, sleeping for 0.2235916182398796 seconds
Request model_3#350 arrives at 1631271.22623608, sleeping for 0.135557331610471 seconds
Request model_3#351 arrives at 1631271.363161677, sleeping for 0.04730728711001575 seconds
Request model_3#352 arrives at 1631271.41115282, sleeping for 0.1270887521095574 seconds
Request model_3#353 arrives at 1631271.538971601, sleeping for 0.006960273953154683 seconds
Request model_3#354 arrives at 1631271.547445004, sleeping for 0.11349883466027677 seconds
Request model_3#355 arrives at 1631271.661302801, sleeping for 0.047691988525912166 seconds
Request model_3#356 arrives at 1631271.709796488, sleeping for 0.1522687014658004 seconds
Request model_3#357 arrives at 1631271.86363842, sleeping for 0.008124024141579866 seconds
Request model_3#358 arrives at 1631271.872880137, sleeping for 0.06875499151647091 seconds
Request model_6#50 arrives at 1631271.942088027, sleeping for 0.3667517411522567 seconds
Request model_3#359 arrives at 1631272.309869883, sleeping for 0.03495214460417628 seconds
Request model_5#413 arrives at 1631272.345970098, sleeping for 0.11275540804490447 seconds
Request model_3#360 arrives at 1631272.459238772, sleeping for 0.0569875433575362 seconds
Request model_3#361 arrives at 1631272.517304359, sleeping for 0.16519644227810204 seconds
Request model_3#362 arrives at 1631272.683800924, sleeping for 0.17286487249657512 seconds
Request model_3#363 arrives at 1631272.857654763, sleeping for 0.060331513872370124 seconds
Request model_3#364 arrives at 1631272.918647312, sleeping for 0.023180268006399274 seconds
Request model_3#365 arrives at 1631272.942554468, sleeping for 0.11340767797082663 seconds
Request model_3#366 arrives at 1631273.056084163, sleeping for 0.0530938811134547 seconds
Request model_3#367 arrives at 1631273.110068681, sleeping for 0.13756205327808857 seconds
Request model_3#368 arrives at 1631273.248889742, sleeping for 0.1764925995375961 seconds
Request model_3#369 arrives at 1631273.425606672, sleeping for 0.045287675224244595 seconds
Request model_6#51 arrives at 1631273.472145674, sleeping for 0.31693488522432745 seconds
Request model_3#370 arrives at 1631273.790387726, sleeping for 0.17645793757401407 seconds
Request model_3#371 arrives at 1631273.967997743, sleeping for 0.15180215355940163 seconds
Request model_3#372 arrives at 1631274.120514025, sleeping for 0.060379802947863936 seconds
Request model_5#414 arrives at 1631274.181476014, sleeping for 0.057282031048089266 seconds
Request model_3#373 arrives at 1631274.239887183, sleeping for 0.12134515889920294 seconds
Request model_3#374 arrives at 1631274.361957841, sleeping for 0.28110427036881447 seconds
Request model_3#375 arrives at 1631274.643696584, sleeping for 0.09416502946987748 seconds
Request model_3#376 arrives at 1631274.738742043, sleeping for 0.2225437348242849 seconds
Request model_5#415 arrives at 1631274.962657151, sleeping for 0.02394623588770628 seconds
Request model_5#416 arrives at 1631274.98692409, sleeping for 0.12883880105800927 seconds
Request model_5#417 arrives at 1631275.116564313, sleeping for 0.5187707007862628 seconds
Request model_3#377 arrives at 1631275.635834344, sleeping for 0.11395373335108161 seconds
Request model_6#52 arrives at 1631275.750929381, sleeping for 0.17433660826645792 seconds
Request model_3#378 arrives at 1631275.925816338, sleeping for 0.03170761838555336 seconds
Request model_3#379 arrives at 1631275.958494588, sleeping for 0.013925246894359589 seconds
Request model_3#380 arrives at 1631275.97373236, sleeping for 0.5087072439491749 seconds
Request model_6#53 arrives at 1631276.483289619, sleeping for 0.05185539461672306 seconds
Request model_3#381 arrives at 1631276.535554814, sleeping for 0.016654134960845113 seconds
Request model_3#382 arrives at 1631276.552892881, sleeping for 0.08697734260931611 seconds
Request model_6#54 arrives at 1631276.640291495, sleeping for 0.09504864807240665 seconds
Request model_6#55 arrives at 1631276.736583433, sleeping for 0.31652021408081055 seconds
Request model_3#383 arrives at 1631277.053471585, sleeping for 0.03734212159179151 seconds
Request model_3#384 arrives at 1631277.09233581, sleeping for 0.05595438042655587 seconds
Request model_3#385 arrives at 1631277.148653975, sleeping for 0.0366058552172035 seconds
Request model_3#386 arrives at 1631277.186960007, sleeping for 0.054738580249249935 seconds
Request model_6#56 arrives at 1631277.242792277, sleeping for 0.0723270217422396 seconds
Request model_3#387 arrives at 1631277.317053754, sleeping for 0.07921620830893517 seconds
Request model_3#388 arrives at 1631277.397349785, sleeping for 0.09160983841866255 seconds
Request model_3#389 arrives at 1631277.489553193, sleeping for 0.19839470204897225 seconds
Request model_3#390 arrives at 1631277.689006091, sleeping for 0.10085323825478554 seconds
Request model_3#391 arrives at 1631277.790642578, sleeping for 0.1289325321558863 seconds
Request model_3#392 arrives at 1631277.9199892, sleeping for 0.04984467849135399 seconds
Request model_3#393 arrives at 1631277.970475832, sleeping for 0.3913150520529598 seconds
Request model_3#394 arrives at 1631278.362718668, sleeping for 0.06996552553027868 seconds
Request model_3#395 arrives at 1631278.433032845, sleeping for 0.005605560261756182 seconds
Request model_3#396 arrives at 1631278.439718864, sleeping for 0.3706941157579422 seconds
Request model_6#57 arrives at 1631278.810715394, sleeping for 0.021294244099408388 seconds
Request model_3#397 arrives at 1631278.833001138, sleeping for 0.004150550812482834 seconds
Request model_3#398 arrives at 1631278.838193946, sleeping for 0.09774779435247183 seconds
Request model_3#399 arrives at 1631278.93660585, sleeping for 0.1945541778113693 seconds
Request model_3#400 arrives at 1631279.131958208, sleeping for 0.03255983232520521 seconds
Request model_3#401 arrives at 1631279.165039921, sleeping for 0.15704917581751943 seconds
Request model_3#402 arrives at 1631279.323295215, sleeping for 0.14073207904584706 seconds
Request model_3#403 arrives at 1631279.464705506, sleeping for 0.17396396375261247 seconds
Request model_5#418 arrives at 1631279.639505442, sleeping for 0.1714615779928863 seconds
Request model_3#404 arrives at 1631279.812523505, sleeping for 0.09606099524535239 seconds
Request model_2#224 arrives at 1631279.909814101, sleeping for 0.5933932403568178 seconds
Request model_6#58 arrives at 1631280.50362686, sleeping for 0.1599553283303976 seconds
Request model_2#225 arrives at 1631280.66398714, sleeping for 0.0967930443584919 seconds
Request model_6#59 arrives at 1631280.761236856, sleeping for 0.05653574853204191 seconds
Request model_5#419 arrives at 1631280.818512267, sleeping for 0.19147909549064934 seconds
Request model_6#60 arrives at 1631281.01060957, sleeping for 0.21896977303549647 seconds
Request model_5#420 arrives at 1631281.230332567, sleeping for 0.015348922926932573 seconds
Request model_6#61 arrives at 1631281.246645627, sleeping for 0.3897767448797822 seconds
Request model_6#62 arrives at 1631281.63711018, sleeping for 0.27411597897298634 seconds
Request model_2#226 arrives at 1631281.91157169, sleeping for 0.44993504136800766 seconds
Request model_6#63 arrives at 1631282.362178305, sleeping for 0.03663504426367581 seconds
Request model_6#64 arrives at 1631282.400541847, sleeping for 0.05821081413887441 seconds
Request model_2#227 arrives at 1631282.459811243, sleeping for 0.14127090177498758 seconds
Request model_6#65 arrives at 1631282.601573756, sleeping for 0.19217019039206207 seconds
Request model_5#421 arrives at 1631282.794571237, sleeping for 0.03782187798060477 seconds
Request model_6#66 arrives at 1631282.833475023, sleeping for 0.11710178176872432 seconds
Request model_6#67 arrives at 1631282.951192719, sleeping for 0.01648113806731999 seconds
Request model_2#228 arrives at 1631282.968382636, sleeping for 0.18955289805307984 seconds
Request model_6#68 arrives at 1631283.159405141, sleeping for 0.21969846449792385 seconds
Request model_6#69 arrives at 1631283.380253796, sleeping for 0.12467957148328424 seconds
Request model_5#422 arrives at 1631283.506208633, sleeping for 0.0023472795728594065 seconds
Request model_6#70 arrives at 1631283.509513527, sleeping for 0.04495540028437972 seconds
Request model_6#71 arrives at 1631283.555417765, sleeping for 0.17166546895168722 seconds
Request model_2#229 arrives at 1631283.727939024, sleeping for 0.041614489862695336 seconds
Request model_2#230 arrives at 1631283.770484318, sleeping for 0.036330083617940545 seconds
Request model_5#423 arrives at 1631283.808712959, sleeping for 0.06514828745275736 seconds
Request model_6#72 arrives at 1631283.874927086, sleeping for 0.023694268660619855 seconds
Request model_5#424 arrives at 1631283.899734938, sleeping for 0.16659955796785653 seconds
Request model_5#425 arrives at 1631284.066884859, sleeping for 0.013674589106813073 seconds
Request model_2#231 arrives at 1631284.08209799, sleeping for 0.049067468382418156 seconds
Request model_6#73 arrives at 1631284.13235872, sleeping for 0.39201154303736985 seconds
Request model_2#232 arrives at 1631284.525331072, sleeping for 0.11300598387606442 seconds
Request model_2#233 arrives at 1631284.639439931, sleeping for 0.10398890939541161 seconds
Request model_6#74 arrives at 1631284.743733179, sleeping for 0.09580737655051053 seconds
Request model_6#75 arrives at 1631284.840118428, sleeping for 0.010038878535851836 seconds
Request model_2#234 arrives at 1631284.85130821, sleeping for 0.12153913383372128 seconds
Request model_6#76 arrives at 1631284.973442809, sleeping for 0.098828902002424 seconds
Request model_6#77 arrives at 1631285.073390425, sleeping for 0.08594600134529173 seconds
Request model_6#78 arrives at 1631285.159837961, sleeping for 0.5006771895568818 seconds
Request model_6#79 arrives at 1631285.661120559, sleeping for 0.10282625374384224 seconds
Request model_5#426 arrives at 1631285.764409159, sleeping for 0.2388401471544057 seconds
Request model_6#80 arrives at 1631286.005367612, sleeping for 0.36302133998833597 seconds
Request model_6#81 arrives at 1631286.368795866, sleeping for 0.3495426147710532 seconds
Request model_6#82 arrives at 1631286.718836762, sleeping for 0.034940475365146995 seconds
Request model_6#83 arrives at 1631286.754620775, sleeping for 0.2393335998058319 seconds
Request model_6#84 arrives at 1631286.995720749, sleeping for 0.23411007784307003 seconds
Request model_5#427 arrives at 1631287.231076271, sleeping for 0.02433828334324062 seconds
Request model_6#85 arrives at 1631287.255661322, sleeping for 0.01675435551442206 seconds
Request model_6#86 arrives at 1631287.272850698, sleeping for 0.12540431949310005 seconds
Request model_2#235 arrives at 1631287.399180398, sleeping for 0.1322777345776558 seconds
Request model_6#87 arrives at 1631287.53261565, sleeping for 0.0947253683116287 seconds
Request model_6#88 arrives at 1631287.62780647, sleeping for 0.26963988738134503 seconds
Request model_2#236 arrives at 1631287.897996248, sleeping for 0.41033411328680813 seconds
Request model_5#428 arrives at 1631288.30869188, sleeping for 0.01214441517367959 seconds
Request model_3#405 arrives at 1631288.321812656, sleeping for 0.27543544210493565 seconds
Request model_6#89 arrives at 1631288.597803697, sleeping for 0.0880106866825372 seconds
Request model_2#237 arrives at 1631288.687159865, sleeping for 0.14545864798128605 seconds
Request model_2#238 arrives at 1631288.833669643, sleeping for 0.12497134483419359 seconds
Request model_6#90 arrives at 1631288.959429988, sleeping for 0.2345257073175162 seconds
Request model_2#239 arrives at 1631289.195091752, sleeping for 0.26295040105469525 seconds
Request model_6#91 arrives at 1631289.458652382, sleeping for 0.10712069249711931 seconds
Request model_6#92 arrives at 1631289.566987649, sleeping for 0.06835861876606941 seconds
Request model_2#240 arrives at 1631289.636311019, sleeping for 0.2731420658528805 seconds
Request model_6#93 arrives at 1631289.910376326, sleeping for 0.07678831601515412 seconds
Request model_6#94 arrives at 1631289.987936406, sleeping for 0.1637099962681532 seconds
Request model_6#95 arrives at 1631290.152047244, sleeping for 0.007359552197158337 seconds
Request model_6#96 arrives at 1631290.15972795, sleeping for 0.04928418598137796 seconds
Request model_6#97 arrives at 1631290.209574107, sleeping for 0.027402808191254735 seconds
Request model_6#98 arrives at 1631290.237240671, sleeping for 0.4473230082076043 seconds
Request model_6#99 arrives at 1631290.684934235, sleeping for 0.10319673828780651 seconds
Request model_5#429 arrives at 1631290.790198679, sleeping for 0.14459279109723866 seconds
Request model_2#241 arrives at 1631290.936569807, sleeping for 0.22593835415318608 seconds
Request model_6#100 arrives at 1631291.163220794, sleeping for 0.25947880931198597 seconds
Request model_6#101 arrives at 1631291.423093066, sleeping for 0.09860598295927048 seconds
Request model_6#102 arrives at 1631291.52283573, sleeping for 0.06780410138890147 seconds
Request model_6#103 arrives at 1631291.590889501, sleeping for 0.14632388669997454 seconds
Request model_3#406 arrives at 1631291.737629191, sleeping for 0.022431495832279325 seconds
Request model_6#104 arrives at 1631291.760432799, sleeping for 0.22589388629421592 seconds
Request model_2#242 arrives at 1631291.986840455, sleeping for 0.26533018657937646 seconds
Request model_6#105 arrives at 1631292.253324116, sleeping for 0.1082165096886456 seconds
Request model_6#106 arrives at 1631292.362276417, sleeping for 0.03134781960397959 seconds
Request model_6#107 arrives at 1631292.39393291, sleeping for 0.1329821990802884 seconds
Request model_6#108 arrives at 1631292.527411212, sleeping for 0.04145597340539098 seconds
Request model_6#109 arrives at 1631292.569123029, sleeping for 0.06718074646778405 seconds
Request model_5#430 arrives at 1631292.63719576, sleeping for 0.020540094934403896 seconds
Request model_6#110 arrives at 1631292.657903903, sleeping for 0.011441833106800914 seconds
Request model_6#111 arrives at 1631292.669562129, sleeping for 0.07206409773789346 seconds
Request model_6#112 arrives at 1631292.74323736, sleeping for 0.32033139443956316 seconds
Request model_6#113 arrives at 1631293.064258103, sleeping for 0.003874490736052394 seconds
Request model_6#114 arrives at 1631293.068437423, sleeping for 0.10051039978861809 seconds
Request model_6#115 arrives at 1631293.169704099, sleeping for 0.0012564824428409338 seconds
Request model_6#116 arrives at 1631293.171846584, sleeping for 0.13847968145273626 seconds
Request model_6#117 arrives at 1631293.310994008, sleeping for 0.1612486627418548 seconds
Request model_6#118 arrives at 1631293.473717276, sleeping for 0.020306409802287817 seconds
Request model_6#119 arrives at 1631293.495050663, sleeping for 0.09110258496366441 seconds
Request model_6#120 arrives at 1631293.587445772, sleeping for 0.26100499206222594 seconds
Request model_6#121 arrives at 1631293.849555031, sleeping for 0.08555151708424091 seconds
Request model_2#243 arrives at 1631293.935976247, sleeping for 0.10120939882472157 seconds
Request model_3#407 arrives at 1631294.037702806, sleeping for 0.1187357185408473 seconds
Request model_2#244 arrives at 1631294.157330506, sleeping for 0.3370117610320449 seconds
Request model_3#408 arrives at 1631294.495066701, sleeping for 0.14442538819275796 seconds
Request model_6#122 arrives at 1631294.640025128, sleeping for 0.32684024213813245 seconds
Request model_6#123 arrives at 1631294.968521575, sleeping for 0.004073191434144974 seconds
Request model_6#124 arrives at 1631294.973466701, sleeping for 0.09535591048188508 seconds
Request model_3#409 arrives at 1631295.069239986, sleeping for 0.0992189897224307 seconds
Request model_2#245 arrives at 1631295.169038231, sleeping for 0.1645653983578086 seconds
Request model_6#125 arrives at 1631295.334339457, sleeping for 0.02679347083903849 seconds
Request model_2#246 arrives at 1631295.362248052, sleeping for 0.05231032660230994 seconds
Request model_6#126 arrives at 1631295.416534232, sleeping for 0.12152092531323433 seconds
Request model_2#247 arrives at 1631295.538842802, sleeping for 0.1810134039260447 seconds
Request model_2#248 arrives at 1631295.721174583, sleeping for 0.03482499602250755 seconds
Request model_6#127 arrives at 1631295.756448923, sleeping for 0.03234781860373914 seconds
Request model_6#128 arrives at 1631295.789234424, sleeping for 0.10235009039752185 seconds
Request model_6#129 arrives at 1631295.892790156, sleeping for 0.6902841152623296 seconds
Request model_2#249 arrives at 1631296.583920982, sleeping for 0.12405880889855325 seconds
Request model_6#130 arrives at 1631296.709243264, sleeping for 0.08131072437390685 seconds
Request model_6#131 arrives at 1631296.791461969, sleeping for 0.26377017656341195 seconds
Request model_5#431 arrives at 1631297.055658383, sleeping for 0.2334731500595808 seconds
Request model_6#132 arrives at 1631297.289647655, sleeping for 0.009739783126860857 seconds
Request model_6#133 arrives at 1631297.299749539, sleeping for 0.06412496115081012 seconds
Request model_6#134 arrives at 1631297.364911929, sleeping for 0.08530093356966972 seconds
Request model_2#250 arrives at 1631297.450606409, sleeping for 0.03059704345650971 seconds
Request model_6#135 arrives at 1631297.482265272, sleeping for 0.0045563941821455956 seconds
Request model_6#136 arrives at 1631297.488167196, sleeping for 0.01836619758978486 seconds
Request model_3#410 arrives at 1631297.508096592, sleeping for 0.07160341460257769 seconds
Request model_6#137 arrives at 1631297.581311171, sleeping for 0.06072029354982078 seconds
Request model_6#138 arrives at 1631297.642532682, sleeping for 0.2914871103130281 seconds
Request model_2#251 arrives at 1631297.934632591, sleeping for 0.04540841747075319 seconds
Request model_6#139 arrives at 1631297.980924062, sleeping for 0.14280735654756427 seconds
Request model_2#252 arrives at 1631298.12465055, sleeping for 0.017917096382007003 seconds
Request model_6#140 arrives at 1631298.142801183, sleeping for 0.06336102937348187 seconds
Request model_6#141 arrives at 1631298.206535962, sleeping for 0.026626366190612316 seconds
Request model_5#432 arrives at 1631298.235027692, sleeping for 0.1554530889261514 seconds
Request model_2#253 arrives at 1631298.391773535, sleeping for 0.02928360248915851 seconds
Request model_5#433 arrives at 1631298.422054688, sleeping for 0.07847229298204184 seconds
Request model_6#142 arrives at 1631298.501323571, sleeping for 0.06322418712079525 seconds
Request model_6#143 arrives at 1631298.56507697, sleeping for 0.17167251626960933 seconds
Request model_6#144 arrives at 1631298.73754412, sleeping for 0.2513516361359507 seconds
Request model_5#434 arrives at 1631298.989635604, sleeping for 0.25740908249281347 seconds
Request model_6#145 arrives at 1631299.247419072, sleeping for 0.01856819516979158 seconds
Request model_2#254 arrives at 1631299.267480339, sleeping for 0.1103774425573647 seconds
Request model_6#146 arrives at 1631299.379203011, sleeping for 0.10047310474328697 seconds
Request model_2#255 arrives at 1631299.480152854, sleeping for 0.17556439735926688 seconds
Request model_6#147 arrives at 1631299.656909554, sleeping for 0.061890591168776155 seconds
Request model_6#148 arrives at 1631299.719745897, sleeping for 0.03269123611971736 seconds
Request model_6#149 arrives at 1631299.753442865, sleeping for 0.119346713880077 seconds
Request model_2#256 arrives at 1631299.874184673, sleeping for 0.1043373947031796 seconds
Request model_6#150 arrives at 1631299.979960092, sleeping for 0.2486201620195061 seconds
Request model_6#151 arrives at 1631300.230129103, sleeping for 0.05457078292965889 seconds
Request model_6#152 arrives at 1631300.285058437, sleeping for 0.07049392000772059 seconds
Request model_5#435 arrives at 1631300.356274451, sleeping for 0.27452284866012633 seconds
Request model_5#436 arrives at 1631300.631233694, sleeping for 0.06717710988596082 seconds
Request model_2#257 arrives at 1631300.69998451, sleeping for 0.28332057665102184 seconds
Request model_6#153 arrives at 1631300.98394027, sleeping for 0.23059547855518758 seconds
Request model_6#154 arrives at 1631301.215279322, sleeping for 0.17824871721677482 seconds
Request model_6#155 arrives at 1631301.394599392, sleeping for 0.039361073169857264 seconds
Request model_6#156 arrives at 1631301.434830568, sleeping for 0.30524183018133044 seconds
Request model_2#258 arrives at 1631301.741195712, sleeping for 0.0384338079020381 seconds
Request model_6#157 arrives at 1631301.78155433, sleeping for 0.020940190879628062 seconds
Request model_6#158 arrives at 1631301.803243429, sleeping for 0.06529885018244386 seconds
Request model_6#159 arrives at 1631301.869249165, sleeping for 0.02925178175792098 seconds
Request model_6#160 arrives at 1631301.899314596, sleeping for 0.053997761104255915 seconds
Request model_2#259 arrives at 1631301.954025169, sleeping for 0.03885044576600194 seconds
Request model_6#161 arrives at 1631301.993745161, sleeping for 0.018666217103600502 seconds
Request model_2#260 arrives at 1631302.01405309, sleeping for 0.23687278619036078 seconds
Request model_2#261 arrives at 1631302.251696819, sleeping for 0.011970273684710264 seconds
Request model_6#162 arrives at 1631302.264418163, sleeping for 0.06025129184126854 seconds
Request model_2#262 arrives at 1631302.32514661, sleeping for 0.02557994215749204 seconds
Request model_6#163 arrives at 1631302.351398383, sleeping for 0.10091303708031774 seconds
Request model_6#164 arrives at 1631302.452824809, sleeping for 0.06529954983852804 seconds
Request model_2#263 arrives at 1631302.519048646, sleeping for 0.010122543666511774 seconds
Request model_2#264 arrives at 1631302.53041606, sleeping for 0.3607844370417297 seconds
Request model_5#437 arrives at 1631302.89193821, sleeping for 0.23956982768140733 seconds
Request model_3#411 arrives at 1631303.132080507, sleeping for 0.2515509952791035 seconds
Request model_5#438 arrives at 1631303.384662236, sleeping for 0.2250323686748743 seconds
Request model_6#165 arrives at 1631303.611147573, sleeping for 0.15662901592440903 seconds
Request model_6#166 arrives at 1631303.768999465, sleeping for 0.3474453641101718 seconds
Request model_6#167 arrives at 1631304.117150976, sleeping for 0.093080973951146 seconds
Request model_6#168 arrives at 1631304.210847836, sleeping for 0.0749588692560792 seconds
Request model_2#265 arrives at 1631304.286568433, sleeping for 0.13665336556732655 seconds
Request model_5#439 arrives at 1631304.423875063, sleeping for 0.04739807266741991 seconds
Request model_5#440 arrives at 1631304.471576925, sleeping for 0.30151688028126955 seconds
Request model_6#169 arrives at 1631304.774251142, sleeping for 0.04031612095423043 seconds
Request model_6#170 arrives at 1631304.815306644, sleeping for 0.008110171183943748 seconds
Request model_6#171 arrives at 1631304.824501472, sleeping for 0.18247023015283048 seconds
Request model_2#266 arrives at 1631305.00780102, sleeping for 0.0009217911865562201 seconds
Request model_6#172 arrives at 1631305.008975469, sleeping for 0.018731957534328103 seconds
Request model_3#412 arrives at 1631305.029108877, sleeping for 0.096612055785954 seconds
Request model_6#173 arrives at 1631305.126996627, sleeping for 0.007026642095297575 seconds
Request model_6#174 arrives at 1631305.134282041, sleeping for 0.17436737730167806 seconds
Request model_2#267 arrives at 1631305.309787173, sleeping for 0.1383617245592177 seconds
Request model_2#268 arrives at 1631305.448385233, sleeping for 0.07370241754688323 seconds
Request model_6#175 arrives at 1631305.522515348, sleeping for 0.05432074214331806 seconds
Request model_2#269 arrives at 1631305.577159721, sleeping for 0.010385709116235375 seconds
Request model_2#270 arrives at 1631305.587822109, sleeping for 0.21030814410187304 seconds
Request model_6#176 arrives at 1631305.79860003, sleeping for 0.05013520596548915 seconds
Request model_6#177 arrives at 1631305.849338783, sleeping for 0.0021565526258200407 seconds
Request model_5#441 arrives at 1631305.852537837, sleeping for 0.08224586676806211 seconds
Request model_2#271 arrives at 1631305.935758919, sleeping for 0.028011407935991883 seconds
Request model_5#442 arrives at 1631305.964990524, sleeping for 0.011900532525032759 seconds
Request model_6#178 arrives at 1631305.977607607, sleeping for 0.1796178410295397 seconds
Request model_6#179 arrives at 1631306.157820393, sleeping for 0.0334998385515064 seconds
Request model_6#180 arrives at 1631306.191666973, sleeping for 0.014451635768637061 seconds
Request model_6#181 arrives at 1631306.206878244, sleeping for 0.21353093488141894 seconds
Request model_3#413 arrives at 1631306.421341522, sleeping for 0.26874441816471517 seconds
Request model_6#182 arrives at 1631306.690255222, sleeping for 0.12556338752619922 seconds
Request model_6#183 arrives at 1631306.816845303, sleeping for 0.11640866263769567 seconds
Request model_6#184 arrives at 1631306.933921965, sleeping for 0.1398827328812331 seconds
Request model_6#185 arrives at 1631307.074251047, sleeping for 0.2353485121857375 seconds
Request model_5#443 arrives at 1631307.310026892, sleeping for 0.05387191567569971 seconds
Request model_5#444 arrives at 1631307.364652524, sleeping for 0.014508349588140845 seconds
Request model_6#186 arrives at 1631307.379902476, sleeping for 0.014770337613299489 seconds
Request model_6#187 arrives at 1631307.395181599, sleeping for 0.018759014317765832 seconds
Request model_6#188 arrives at 1631307.415453708, sleeping for 0.14983950974419713 seconds
Request model_5#445 arrives at 1631307.565926935, sleeping for 0.16381684551015496 seconds
Request model_6#189 arrives at 1631307.730357286, sleeping for 0.03042375249788165 seconds
Request model_3#414 arrives at 1631307.761628266, sleeping for 0.266700750682503 seconds
Request model_2#272 arrives at 1631308.029285455, sleeping for 0.06716483691707253 seconds
Request model_1#147 arrives at 1631308.098016481, sleeping for 0.002758853603154421 seconds
Request model_5#446 arrives at 1631308.101641058, sleeping for 0.022525532403960824 seconds
Request model_6#190 arrives at 1631308.125231501, sleeping for 0.08808183041401207 seconds
Request model_6#191 arrives at 1631308.213943114, sleeping for 0.49276894447393715 seconds
Request model_6#192 arrives at 1631308.707704198, sleeping for 0.17326436005532742 seconds
Request model_6#193 arrives at 1631308.881352766, sleeping for 0.03603765508159995 seconds
Request model_2#273 arrives at 1631308.918181556, sleeping for 0.07681505032815039 seconds
Request model_2#274 arrives at 1631308.995273274, sleeping for 0.04071781481616199 seconds
Request model_2#275 arrives at 1631309.036179215, sleeping for 0.14151966013014317 seconds
Request model_3#415 arrives at 1631309.180152634, sleeping for 0.04757882026024163 seconds
Request model_6#194 arrives at 1631309.228627731, sleeping for 0.04673115746118128 seconds
Request model_2#276 arrives at 1631309.276156451, sleeping for 0.18465635855682194 seconds
Request model_2#277 arrives at 1631309.461804417, sleeping for 0.3843026887625456 seconds
Request model_6#195 arrives at 1631309.847119723, sleeping for 0.47758358367718756 seconds
Request model_6#196 arrives at 1631310.325829396, sleeping for 0.1042472270783037 seconds
Request model_6#197 arrives at 1631310.431791766, sleeping for 0.0788296740502119 seconds
Request model_6#198 arrives at 1631310.511570232, sleeping for 0.4552938884589821 seconds
Request model_6#199 arrives at 1631310.967533928, sleeping for 0.2494662725366652 seconds
Request model_6#200 arrives at 1631311.21791438, sleeping for 0.23530274024233222 seconds
Request model_6#201 arrives at 1631311.454352721, sleeping for 0.12779576843604445 seconds
Request model_6#202 arrives at 1631311.58337221, sleeping for 0.046403806656599045 seconds
Request model_3#416 arrives at 1631311.630104514, sleeping for 0.010290150996297598 seconds
Request model_6#203 arrives at 1631311.641327947, sleeping for 0.0151029322296381 seconds
Request model_5#447 arrives at 1631311.657622986, sleeping for 0.027756583644077182 seconds
Request model_6#204 arrives at 1631311.685800293, sleeping for 0.2112952833995223 seconds
Request model_5#448 arrives at 1631311.897766893, sleeping for 0.04006519610993564 seconds
Request model_6#205 arrives at 1631311.939063737, sleeping for 0.27807354065589607 seconds
Request model_6#206 arrives at 1631312.219147778, sleeping for 0.17251680186018348 seconds
Request model_5#449 arrives at 1631312.392766056, sleeping for 0.02719577099196613 seconds
Request model_3#417 arrives at 1631312.422074032, sleeping for 0.16555391368456185 seconds
Request model_2#278 arrives at 1631312.588642498, sleeping for 0.060838027857244015 seconds
Request model_5#450 arrives at 1631312.650339192, sleeping for 0.4144304234068841 seconds
Request model_3#418 arrives at 1631313.065659168, sleeping for 0.000595971243456006 seconds
Request model_5#451 arrives at 1631313.066524285, sleeping for 0.12652988592162728 seconds
Request model_2#279 arrives at 1631313.194333175, sleeping for 0.0063907422591000795 seconds
Request model_6#207 arrives at 1631313.201582648, sleeping for 0.2855234327726066 seconds
Request model_5#452 arrives at 1631313.489058564, sleeping for 0.1919352631084621 seconds
Request model_6#208 arrives at 1631313.681720372, sleeping for 0.03805403388105333 seconds
Request model_6#209 arrives at 1631313.720461007, sleeping for 0.2762721576727927 seconds
Request model_2#280 arrives at 1631313.997166753, sleeping for 0.07668726774863899 seconds
Request model_6#210 arrives at 1631314.074891215, sleeping for 0.04657980124466121 seconds
Request model_2#281 arrives at 1631314.122357904, sleeping for 0.07469587563537061 seconds
Request model_2#282 arrives at 1631314.198238223, sleeping for 0.13942736014723778 seconds
Request model_2#283 arrives at 1631314.338047572, sleeping for 0.13755514402873814 seconds
Request model_6#211 arrives at 1631314.4763692, sleeping for 0.008781745098531246 seconds
Request model_6#212 arrives at 1631314.485661628, sleeping for 0.08605386805720627 seconds
Request model_6#213 arrives at 1631314.572049604, sleeping for 0.10973880719393492 seconds
Request model_5#453 arrives at 1631314.68299906, sleeping for 0.37783558177761734 seconds
Request model_6#214 arrives at 1631315.061963809, sleeping for 0.12084934674203396 seconds
Request model_6#215 arrives at 1631315.184132348, sleeping for 0.022360485512763262 seconds
Request model_6#216 arrives at 1631315.206957236, sleeping for 0.06141344481147826 seconds
Request model_6#217 arrives at 1631315.269239584, sleeping for 0.22969833272509277 seconds
Request model_6#218 arrives at 1631315.49955141, sleeping for 0.19215665268711746 seconds
Request model_6#219 arrives at 1631315.693094914, sleeping for 0.015230710618197918 seconds
Request model_6#220 arrives at 1631315.709334073, sleeping for 0.043503434862941504 seconds
Request model_6#221 arrives at 1631315.753546759, sleeping for 0.14292336930520833 seconds
Request model_2#284 arrives at 1631315.89783748, sleeping for 0.33751117484644055 seconds
Request model_2#285 arrives at 1631316.236384992, sleeping for 0.020253965863958 seconds
Request model_6#222 arrives at 1631316.257732719, sleeping for 0.11085121287032962 seconds
Request model_6#223 arrives at 1631316.369028708, sleeping for 0.2994993475731462 seconds
Request model_6#224 arrives at 1631316.669187417, sleeping for 0.13042426947504282 seconds
Request model_6#225 arrives at 1631316.800117201, sleeping for 0.13332576700486243 seconds
Request model_6#226 arrives at 1631316.934651071, sleeping for 0.036897698417305946 seconds
Request model_2#286 arrives at 1631316.97262482, sleeping for 0.10292163235135376 seconds
Request model_3#419 arrives at 1631317.077560373, sleeping for 0.04601394338533282 seconds
Request model_3#420 arrives at 1631317.124578588, sleeping for 0.16627227468416095 seconds
Request model_3#421 arrives at 1631317.292048861, sleeping for 0.004547692136839032 seconds
Request model_6#227 arrives at 1631317.297026628, sleeping for 0.10487793805077672 seconds
Request model_3#422 arrives at 1631317.402575204, sleeping for 0.09140468784607947 seconds
Request model_2#287 arrives at 1631317.494634082, sleeping for 0.08199453633278608 seconds
Request model_6#228 arrives at 1631317.577774834, sleeping for 0.10242109256796539 seconds
Request model_2#288 arrives at 1631317.681367836, sleeping for 0.04074393189512193 seconds
Request model_5#454 arrives at 1631317.72268054, sleeping for 0.19372282666154206 seconds
Request model_2#289 arrives at 1631317.91698386, sleeping for 0.052393612219020724 seconds
Request model_3#423 arrives at 1631317.970281592, sleeping for 0.013608550187200308 seconds
Request model_6#229 arrives at 1631317.984377746, sleeping for 0.19623792846687138 seconds
Request model_2#290 arrives at 1631318.180952583, sleeping for 0.014198993565514684 seconds
Request model_6#230 arrives at 1631318.196144474, sleeping for 0.032282630214467645 seconds
Request model_5#455 arrives at 1631318.229369479, sleeping for 0.25557509413920343 seconds
Request model_6#231 arrives at 1631318.485799866, sleeping for 0.13145266938954592 seconds
Request model_2#291 arrives at 1631318.617697837, sleeping for 0.1685768044553697 seconds
Request model_6#232 arrives at 1631318.78798916, sleeping for 0.016738426638767123 seconds
Request model_6#233 arrives at 1631318.805285567, sleeping for 0.14244468929246068 seconds
Request model_5#456 arrives at 1631318.949575259, sleeping for 0.1066318282391876 seconds
Request model_5#457 arrives at 1631319.057230712, sleeping for 0.00696950126439333 seconds
Request model_6#234 arrives at 1631319.064891878, sleeping for 0.09236350329592824 seconds
Request model_1#148 arrives at 1631319.157825472, sleeping for 0.004803371150046587 seconds
Request model_3#424 arrives at 1631319.163490993, sleeping for 0.050705698784440756 seconds
Request model_6#235 arrives at 1631319.215155354, sleeping for 0.13337907125242054 seconds
Request model_6#236 arrives at 1631319.349511273, sleeping for 0.0005306054372340441 seconds
Request model_5#458 arrives at 1631319.350110877, sleeping for 0.059218693524599075 seconds
Request model_6#237 arrives at 1631319.41024019, sleeping for 0.3660236857831478 seconds
Request model_6#238 arrives at 1631319.777358581, sleeping for 0.009465356357395649 seconds
Request model_5#459 arrives at 1631319.787574067, sleeping for 0.2635213581379503 seconds
Request model_6#239 arrives at 1631320.052280334, sleeping for 0.43997683632187545 seconds
Request model_6#240 arrives at 1631320.493493361, sleeping for 0.15452564298175275 seconds
Request model_6#241 arrives at 1631320.648961835, sleeping for 0.08018012181855738 seconds
Request model_6#242 arrives at 1631320.730258014, sleeping for 0.3723690081387758 seconds
Request model_2#292 arrives at 1631321.10340762, sleeping for 0.00649274280294776 seconds
Request model_6#243 arrives at 1631321.110352011, sleeping for 0.06531447335146368 seconds
Request model_2#293 arrives at 1631321.176366557, sleeping for 0.03903901926241815 seconds
Request model_6#244 arrives at 1631321.216278981, sleeping for 0.00011497293598949909 seconds
Request model_5#460 arrives at 1631321.216925816, sleeping for 0.01744703110307455 seconds
Request model_6#245 arrives at 1631321.234679496, sleeping for 0.003005308797582984 seconds
Request model_3#425 arrives at 1631321.238334893, sleeping for 0.02004189626313746 seconds
Request model_6#246 arrives at 1631321.258987995, sleeping for 0.17461695009842515 seconds
Request model_6#247 arrives at 1631321.435864197, sleeping for 0.011933930683881044 seconds
Request model_5#461 arrives at 1631321.448389109, sleeping for 0.09389195218682289 seconds
Request model_5#462 arrives at 1631321.543381678, sleeping for 0.24670843919739127 seconds
Request model_6#248 arrives at 1631321.791115601, sleeping for 0.03909445949830115 seconds
Request model_6#249 arrives at 1631321.832217104, sleeping for 0.12807809398509562 seconds
Request model_6#250 arrives at 1631321.961806207, sleeping for 0.11928295041434467 seconds
Request model_6#251 arrives at 1631322.081910411, sleeping for 0.32386047299951315 seconds
Request model_2#294 arrives at 1631322.406021937, sleeping for 0.14325890690088272 seconds
Request model_6#252 arrives at 1631322.550009346, sleeping for 0.04202570579946041 seconds
Request model_3#426 arrives at 1631322.593018283, sleeping for 0.026705305790528655 seconds
Request model_6#253 arrives at 1631322.621020029, sleeping for 0.08557465393096209 seconds
Request model_6#254 arrives at 1631322.706916351, sleeping for 0.03719841386191547 seconds
Request model_3#427 arrives at 1631322.744998621, sleeping for 0.025921942200511694 seconds
Request model_6#255 arrives at 1631322.772719415, sleeping for 0.02811125502921641 seconds
Request model_2#295 arrives at 1631322.801396946, sleeping for 0.12555914651602507 seconds
Request model_6#256 arrives at 1631322.92816704, sleeping for 0.11432961141690612 seconds
Request model_2#296 arrives at 1631323.043037885, sleeping for 0.33016127184964716 seconds
Request model_6#257 arrives at 1631323.374888077, sleeping for 0.13193110143765807 seconds
Request model_5#463 arrives at 1631323.508048337, sleeping for 0.16047359094955027 seconds
Request model_6#258 arrives at 1631323.669387564, sleeping for 0.006532756378874183 seconds
Request model_2#297 arrives at 1631323.676617418, sleeping for 0.08744653034955263 seconds
Request model_6#259 arrives at 1631323.765870284, sleeping for 0.03461216273717582 seconds
Request model_6#260 arrives at 1631323.801148304, sleeping for 0.24184068921022117 seconds
Request model_6#261 arrives at 1631324.043745049, sleeping for 0.20615187962539494 seconds
Request model_2#298 arrives at 1631324.250723303, sleeping for 0.13764130068011582 seconds
Request model_2#299 arrives at 1631324.389010331, sleeping for 0.24330213596113026 seconds
Request model_6#262 arrives at 1631324.633386189, sleeping for 0.04522263305261731 seconds
Request model_2#300 arrives at 1631324.678880634, sleeping for 0.12301969761028886 seconds
Request model_2#301 arrives at 1631324.802459293, sleeping for 0.19312527077272534 seconds
Request model_6#263 arrives at 1631324.995881487, sleeping for 0.15434509818442166 seconds
Request model_6#264 arrives at 1631325.151433582, sleeping for 0.2355817931238562 seconds
Request model_2#302 arrives at 1631325.387503539, sleeping for 0.15064933383837342 seconds
Request model_5#464 arrives at 1631325.539576258, sleeping for 0.17744023236446083 seconds
Request model_6#265 arrives at 1631325.717388967, sleeping for 0.001931869424879551 seconds
Request model_5#465 arrives at 1631325.72053982, sleeping for 0.02292460552416742 seconds
Request model_6#266 arrives at 1631325.743929702, sleeping for 0.025693737668916583 seconds
Request model_2#303 arrives at 1631325.771626956, sleeping for 0.05669863452203572 seconds
Request model_6#267 arrives at 1631325.829336251, sleeping for 0.11238513933494687 seconds
Request model_6#268 arrives at 1631325.942871096, sleeping for 0.11311725270934403 seconds
Request model_6#269 arrives at 1631326.057054796, sleeping for 0.04988751048222184 seconds
Request model_1#149 arrives at 1631326.107379807, sleeping for 0.40351614193059504 seconds
Request model_2#304 arrives at 1631326.511708502, sleeping for 0.07908789487555623 seconds
Request model_2#305 arrives at 1631326.59147235, sleeping for 0.12070705881342292 seconds
Request model_6#270 arrives at 1631326.712529451, sleeping for 0.566239018458873 seconds
Request model_2#306 arrives at 1631327.279845306, sleeping for 0.06278420449234545 seconds
Request model_2#307 arrives at 1631327.344858874, sleeping for 0.1718753499444574 seconds
Request model_6#271 arrives at 1631327.517152962, sleeping for 0.21528004645369947 seconds
Request model_6#272 arrives at 1631327.733422764, sleeping for 0.11410350119695067 seconds
Request model_5#466 arrives at 1631327.848550861, sleeping for 0.43376122368499637 seconds
Request model_6#273 arrives at 1631328.283089339, sleeping for 0.15740419761277735 seconds
Request model_6#274 arrives at 1631328.441657386, sleeping for 0.3562462201807648 seconds
Request model_6#275 arrives at 1631328.798443222, sleeping for 0.000664460938423872 seconds
Request model_2#308 arrives at 1631328.7994553, sleeping for 0.08012576540932059 seconds
Request model_2#309 arrives at 1631328.880120173, sleeping for 0.03398459544405341 seconds
Request model_6#276 arrives at 1631328.914360125, sleeping for 0.045068164356052876 seconds
Request model_6#277 arrives at 1631328.960611676, sleeping for 0.09850066504441202 seconds
Request model_5#467 arrives at 1631329.059885746, sleeping for 0.08917219401337206 seconds
Request model_6#278 arrives at 1631329.150180581, sleeping for 0.31017374037764966 seconds
Request model_5#468 arrives at 1631329.460933698, sleeping for 0.07464938401244581 seconds
Request model_2#310 arrives at 1631329.536766576, sleeping for 0.11664186650887132 seconds
Request model_1#150 arrives at 1631329.654483112, sleeping for 0.13486005854792893 seconds
Request model_2#311 arrives at 1631329.790226601, sleeping for 0.008431885857135057 seconds
Request model_2#312 arrives at 1631329.799441549, sleeping for 0.16988136153668165 seconds
Request model_6#279 arrives at 1631329.969948014, sleeping for 0.19848362891934812 seconds
Request model_5#469 arrives at 1631330.169475182, sleeping for 0.22292950539849699 seconds
Request model_6#280 arrives at 1631330.393846634, sleeping for 0.2882327202241868 seconds
Request model_1#151 arrives at 1631330.682916111, sleeping for 0.47658616746775806 seconds
Request model_5#470 arrives at 1631331.160159084, sleeping for 0.02014881558716297 seconds
Request model_6#281 arrives at 1631331.18138497, sleeping for 0.11407303554005921 seconds
Request model_2#313 arrives at 1631331.296698249, sleeping for 0.24081364157609642 seconds
Request model_2#314 arrives at 1631331.538237447, sleeping for 0.18113699206151068 seconds
Request model_6#282 arrives at 1631331.720216396, sleeping for 0.0712573619093746 seconds
Request model_5#471 arrives at 1631331.793665836, sleeping for 0.02443456370383501 seconds
Request model_6#283 arrives at 1631331.818349798, sleeping for 0.017930120928213 seconds
Request model_6#284 arrives at 1631331.838039633, sleeping for 0.49000072735361755 seconds
Request model_6#285 arrives at 1631332.329077397, sleeping for 0.25069641950540245 seconds
Request model_2#315 arrives at 1631332.580643078, sleeping for 0.12591838464140892 seconds
Request model_6#286 arrives at 1631332.706932698, sleeping for 0.007006542989984155 seconds
Request model_6#287 arrives at 1631332.715162648, sleeping for 0.11637318204157054 seconds
Request model_6#288 arrives at 1631332.831853287, sleeping for 0.3411660175770521 seconds
Request model_6#289 arrives at 1631333.173987805, sleeping for 0.0822834987193346 seconds
Request model_3#428 arrives at 1631333.257217038, sleeping for 0.1240063754376024 seconds
Request model_2#316 arrives at 1631333.381599143, sleeping for 0.24450706620700657 seconds
Request model_6#290 arrives at 1631333.62713059, sleeping for 0.09569163015112281 seconds
Request model_2#317 arrives at 1631333.723094086, sleeping for 0.1337636853568256 seconds
Request model_6#291 arrives at 1631333.857367895, sleeping for 0.05631501437164843 seconds
Request model_2#318 arrives at 1631333.914642176, sleeping for 0.04777899384498596 seconds
Request model_6#292 arrives at 1631333.962872121, sleeping for 0.18100231722928584 seconds
Request model_6#293 arrives at 1631334.145188133, sleeping for 0.04477932187728584 seconds
Request model_2#319 arrives at 1631334.190750409, sleeping for 0.06096926098689437 seconds
Request model_3#429 arrives at 1631334.252917116, sleeping for 0.10744245070964098 seconds
Request model_2#320 arrives at 1631334.361327904, sleeping for 0.30167325818911195 seconds
Request model_6#294 arrives at 1631334.663945291, sleeping for 0.2657803457695991 seconds
Request model_6#295 arrives at 1631334.930854596, sleeping for 0.08323175180703402 seconds
Request model_6#296 arrives at 1631335.015123256, sleeping for 0.055527439806610346 seconds
Request model_6#297 arrives at 1631335.07138294, sleeping for 0.028199022635817528 seconds
Request model_5#472 arrives at 1631335.100503664, sleeping for 0.0880085383541882 seconds
Request model_6#298 arrives at 1631335.189688081, sleeping for 0.1016599191352725 seconds
Request model_5#473 arrives at 1631335.292029544, sleeping for 0.06468834751285613 seconds
Request model_6#299 arrives at 1631335.357314244, sleeping for 0.11239414080046117 seconds
Request model_5#474 arrives at 1631335.470696419, sleeping for 0.1408658935688436 seconds
Request model_2#321 arrives at 1631335.612359731, sleeping for 0.08888924843631685 seconds
Request model_5#475 arrives at 1631335.701966941, sleeping for 0.05318910162895918 seconds
Request model_5#476 arrives at 1631335.755414905, sleeping for 0.29041679622605443 seconds
Request model_6#300 arrives at 1631336.04699207, sleeping for 0.10137608856894076 seconds
Request model_5#477 arrives at 1631336.149247203, sleeping for 0.0033154578413814306 seconds
Request model_2#322 arrives at 1631336.153238282, sleeping for 0.08095808560028672 seconds
Request model_2#323 arrives at 1631336.235449857, sleeping for 0.03703978843986988 seconds
Request model_6#301 arrives at 1631336.273717829, sleeping for 0.034652649657800794 seconds
Request model_6#302 arrives at 1631336.308950679, sleeping for 0.16446144762448967 seconds
Request model_2#324 arrives at 1631336.474314326, sleeping for 0.05351719562895596 seconds
Request model_6#303 arrives at 1631336.528931977, sleeping for 0.0835266241338104 seconds
Request model_2#325 arrives at 1631336.613637591, sleeping for 0.0183596252463758 seconds
Request model_6#304 arrives at 1631336.633293846, sleeping for 0.2501355402637273 seconds
Request model_2#326 arrives at 1631336.884251932, sleeping for 0.4849382028914988 seconds
Request model_6#305 arrives at 1631337.37027958, sleeping for 0.000337985809892416 seconds
Request model_5#478 arrives at 1631337.371014975, sleeping for 0.009886380517855287 seconds
Request model_6#306 arrives at 1631337.381821475, sleeping for 0.00716434745118022 seconds
Request model_6#307 arrives at 1631337.389480771, sleeping for 0.0560006657615304 seconds
Request model_5#479 arrives at 1631337.446191989, sleeping for 0.04983757669106126 seconds
Request model_5#480 arrives at 1631337.496343767, sleeping for 0.011152258608490229 seconds
Request model_6#308 arrives at 1631337.508274025, sleeping for 0.1518458400387317 seconds
Request model_2#327 arrives at 1631337.661297951, sleeping for 0.047769141383469105 seconds
Request model_6#309 arrives at 1631337.710275692, sleeping for 0.020292506087571383 seconds
Request model_2#328 arrives at 1631337.731229156, sleeping for 0.0029234543908387423 seconds
Request model_2#329 arrives at 1631337.735026204, sleeping for 0.12734392727725208 seconds
Request model_2#330 arrives at 1631337.862795205, sleeping for 0.10514137614518404 seconds
Request model_2#331 arrives at 1631337.968851265, sleeping for 0.11079021636396646 seconds
Request model_3#430 arrives at 1631338.08097108, sleeping for 0.3579700256232172 seconds
Request model_6#310 arrives at 1631338.439861682, sleeping for 0.05856311903335154 seconds
Request model_6#311 arrives at 1631338.49933357, sleeping for 0.13320783898234367 seconds
Request model_6#312 arrives at 1631338.633223025, sleeping for 0.06678825756534934 seconds
Request model_2#332 arrives at 1631338.700325759, sleeping for 0.04927604622207582 seconds
Request model_6#313 arrives at 1631338.750189876, sleeping for 0.31362480018287897 seconds
Request model_6#314 arrives at 1631339.06465848, sleeping for 0.033303157426416874 seconds
Request model_6#315 arrives at 1631339.09862833, sleeping for 0.08037341362796724 seconds
Request model_6#316 arrives at 1631339.179573226, sleeping for 0.18768428615294397 seconds
Request model_3#431 arrives at 1631339.367799541, sleeping for 0.2836345585528761 seconds
Request model_6#317 arrives at 1631339.653123021, sleeping for 0.07812272314913571 seconds
Request model_6#318 arrives at 1631339.732346085, sleeping for 0.04250442748889327 seconds
Request model_6#319 arrives at 1631339.775743664, sleeping for 0.11571627599187195 seconds
Request model_6#320 arrives at 1631339.89210965, sleeping for 0.0001843865029513836 seconds
Request model_6#321 arrives at 1631339.892900016, sleeping for 0.02535048360005021 seconds
Request model_5#481 arrives at 1631339.920204277, sleeping for 0.0563822987023741 seconds
Request model_6#322 arrives at 1631339.977414958, sleeping for 0.04330870578996837 seconds
Request model_6#323 arrives at 1631340.021889956, sleeping for 0.2501837939489633 seconds
Request model_5#482 arrives at 1631340.272868603, sleeping for 0.02695268439128995 seconds
Request model_6#324 arrives at 1631340.300846109, sleeping for 0.03165542986243963 seconds
Request model_2#333 arrives at 1631340.333281438, sleeping for 0.07598694157786667 seconds
Request model_6#325 arrives at 1631340.410458365, sleeping for 0.07628383510746062 seconds
Request model_5#483 arrives at 1631340.48717003, sleeping for 0.06200577621348202 seconds
Request model_6#326 arrives at 1631340.550168124, sleeping for 0.1548530904110521 seconds
Request model_5#484 arrives at 1631340.706816577, sleeping for 0.1971607473678887 seconds
Request model_6#327 arrives at 1631340.904806584, sleeping for 0.06834816210903227 seconds
Request model_6#328 arrives at 1631340.973817772, sleeping for 0.4226950036827475 seconds
Request model_5#485 arrives at 1631341.397539121, sleeping for 0.04254817613400519 seconds
Request model_2#334 arrives at 1631341.440614038, sleeping for 0.04580942168831825 seconds
Request model_2#335 arrives at 1631341.486721697, sleeping for 0.2522119644563645 seconds
Request model_6#329 arrives at 1631341.739490178, sleeping for 0.11262841196730733 seconds
Request model_3#432 arrives at 1631341.852960542, sleeping for 0.15976927313022316 seconds
Request model_2#336 arrives at 1631342.013669976, sleeping for 0.052549620391801 seconds
Request model_5#486 arrives at 1631342.067792584, sleeping for 0.02774462942034006 seconds
Request model_6#330 arrives at 1631342.096207863, sleeping for 0.38217359688133 seconds
Request model_2#337 arrives at 1631342.478871099, sleeping for 0.08775857510045171 seconds
Request model_6#331 arrives at 1631342.567101489, sleeping for 0.1694434410892427 seconds
Request model_2#338 arrives at 1631342.737447023, sleeping for 0.1960200082976371 seconds
Request model_6#332 arrives at 1631342.934031649, sleeping for 0.1383445169776678 seconds
Request model_6#333 arrives at 1631343.0727094, sleeping for 0.2638108222745359 seconds
Request model_6#334 arrives at 1631343.337827931, sleeping for 0.1766371380072087 seconds
Request model_6#335 arrives at 1631343.514992106, sleeping for 0.006383478408679366 seconds
Request model_6#336 arrives at 1631343.522290809, sleeping for 0.029547955142334104 seconds
Request model_2#339 arrives at 1631343.552587262, sleeping for 0.10665692575275898 seconds
Request model_6#337 arrives at 1631343.659873032, sleeping for 0.07415552763268352 seconds
Request model_3#433 arrives at 1631343.734800843, sleeping for 0.13003492751158774 seconds
Request model_5#487 arrives at 1631343.865657876, sleeping for 0.2146237704437226 seconds
Request model_2#340 arrives at 1631344.080967311, sleeping for 0.1071750856935978 seconds
Request model_5#488 arrives at 1631344.189047707, sleeping for 0.019248653668910265 seconds
Request model_6#338 arrives at 1631344.208993494, sleeping for 0.008781308773905039 seconds
Request model_6#339 arrives at 1631344.219810294, sleeping for 0.06612841063179076 seconds
Request model_5#489 arrives at 1631344.286125842, sleeping for 0.09003731608390808 seconds
Request model_6#340 arrives at 1631344.377116161, sleeping for 0.1788061512634158 seconds
Request model_6#341 arrives at 1631344.557128316, sleeping for 0.29168731183744967 seconds
Request model_3#434 arrives at 1631344.849192866, sleeping for 0.07544684689491987 seconds
Request model_6#342 arrives at 1631344.925494777, sleeping for 0.32880049594677985 seconds
Request model_5#490 arrives at 1631345.255485536, sleeping for 0.10419488907791674 seconds
Request model_6#343 arrives at 1631345.361709038, sleeping for 0.03498405567370355 seconds
Request model_3#435 arrives at 1631345.397734883, sleeping for 0.033800068544223905 seconds
Request model_6#344 arrives at 1631345.43267747, sleeping for 0.04152386472560465 seconds
Request model_6#345 arrives at 1631345.474592489, sleeping for 0.05593716446310282 seconds
Request model_6#346 arrives at 1631345.531554758, sleeping for 0.2673874460160732 seconds
Request model_2#341 arrives at 1631345.80085886, sleeping for 0.010074433637782931 seconds
Request model_3#436 arrives at 1631345.812510616, sleeping for 0.4471256616525352 seconds
Request model_6#347 arrives at 1631346.260210871, sleeping for 0.16663563437759876 seconds
Request model_5#491 arrives at 1631346.427723974, sleeping for 0.033329839119687676 seconds
Request model_2#342 arrives at 1631346.462080627, sleeping for 0.023610140895470977 seconds
Request model_2#343 arrives at 1631346.485888542, sleeping for 0.03281034319661558 seconds
Request model_6#348 arrives at 1631346.519656011, sleeping for 0.15986745338886976 seconds
Request model_6#349 arrives at 1631346.680641456, sleeping for 0.02012031734921038 seconds
Request model_6#350 arrives at 1631346.70157711, sleeping for 0.14007916557602584 seconds
Request model_2#344 arrives at 1631346.841969023, sleeping for 0.17376325489021838 seconds
Request model_6#351 arrives at 1631347.016122705, sleeping for 0.0452607364859432 seconds
Request model_6#352 arrives at 1631347.062188554, sleeping for 0.014189650304615498 seconds
Request model_2#345 arrives at 1631347.077557897, sleeping for 0.024078658781945705 seconds
Request model_6#353 arrives at 1631347.102271559, sleeping for 0.09494612854905427 seconds
Request model_2#346 arrives at 1631347.198320476, sleeping for 0.007735350634902716 seconds
Request model_6#354 arrives at 1631347.206559117, sleeping for 0.13630917482078075 seconds
Request model_6#355 arrives at 1631347.343891177, sleeping for 0.18514374271035194 seconds
Request model_6#356 arrives at 1631347.529383383, sleeping for 0.0038992101326584816 seconds
Request model_2#347 arrives at 1631347.534224759, sleeping for 0.36960907583124936 seconds
Request model_6#357 arrives at 1631347.905694053, sleeping for 0.11627983557991683 seconds
Request model_6#358 arrives at 1631348.023073147, sleeping for 0.20905448799021542 seconds
Request model_5#492 arrives at 1631348.233480325, sleeping for 0.08275154558941722 seconds
Request model_2#348 arrives at 1631348.317102571, sleeping for 0.11333679524250329 seconds
Request model_2#349 arrives at 1631348.431398702, sleeping for 0.23856446356512606 seconds
Request model_6#359 arrives at 1631348.670752364, sleeping for 0.09321201802231371 seconds
Request model_6#360 arrives at 1631348.764984007, sleeping for 0.02715438324958086 seconds
Request model_2#350 arrives at 1631348.792935403, sleeping for 0.2590721712913364 seconds
Request model_5#493 arrives at 1631349.053169158, sleeping for 0.09598481026478112 seconds
Request model_6#361 arrives at 1631349.149445877, sleeping for 0.4529718968551606 seconds
Request model_6#362 arrives at 1631349.603012506, sleeping for 0.24994996539317071 seconds
Request model_6#363 arrives at 1631349.853547419, sleeping for 0.017777646891772747 seconds
Request model_6#364 arrives at 1631349.871748084, sleeping for 0.03587826993316412 seconds
Request model_6#365 arrives at 1631349.908042001, sleeping for 0.2781182825565338 seconds
Request model_6#366 arrives at 1631350.187521278, sleeping for 0.00890388828702271 seconds
Request model_2#351 arrives at 1631350.196769166, sleeping for 0.0664768354035914 seconds
Request model_6#367 arrives at 1631350.263653378, sleeping for 0.053551056422293186 seconds
Request model_6#368 arrives at 1631350.318060558, sleeping for 0.044412208488211036 seconds
Request model_5#494 arrives at 1631350.363279972, sleeping for 0.06698434241116047 seconds
Request model_2#352 arrives at 1631350.430836739, sleeping for 0.39934562239795923 seconds
Request model_6#369 arrives at 1631350.832482155, sleeping for 0.21722513623535633 seconds
Request model_6#370 arrives at 1631351.051113974, sleeping for 0.07384786754846573 seconds
Request model_3#437 arrives at 1631351.125543152, sleeping for 0.254331812961027 seconds
Request model_2#353 arrives at 1631351.381384375, sleeping for 0.021160964388400316 seconds
Request model_6#371 arrives at 1631351.402884163, sleeping for 0.1093422940466553 seconds
Request model_6#372 arrives at 1631351.513171895, sleeping for 0.27209505741484463 seconds
Request model_2#354 arrives at 1631351.786638658, sleeping for 0.04005239554680884 seconds
Request model_6#373 arrives at 1631351.82774387, sleeping for 0.1784964818507433 seconds
Request model_5#495 arrives at 1631352.007132471, sleeping for 0.18987268302589655 seconds
Request model_3#438 arrives at 1631352.198691421, sleeping for 0.043005737010389566 seconds
Request model_6#374 arrives at 1631352.242912477, sleeping for 0.07188349985517561 seconds
Request model_5#496 arrives at 1631352.316159566, sleeping for 0.11449953820556402 seconds
Request model_6#375 arrives at 1631352.431145712, sleeping for 0.011032384587451816 seconds
Request model_5#497 arrives at 1631352.442998029, sleeping for 0.08252169447951019 seconds
Request model_3#439 arrives at 1631352.525800028, sleeping for 0.04481560434214771 seconds
Request model_6#376 arrives at 1631352.570930291, sleeping for 0.0006724456325173378 seconds
Request model_6#377 arrives at 1631352.571918448, sleeping for 0.08814402739517391 seconds
Request model_6#378 arrives at 1631352.660880043, sleeping for 0.36444516223855317 seconds
Request model_6#379 arrives at 1631353.026759146, sleeping for 0.12897714087739587 seconds
Request model_6#380 arrives at 1631353.156880964, sleeping for 0.08511426975019276 seconds
Request model_2#355 arrives at 1631353.242850026, sleeping for 0.058252840768545866 seconds
Request model_6#381 arrives at 1631353.301904531, sleeping for 0.0676133157685399 seconds
Request model_6#382 arrives at 1631353.370971469, sleeping for 0.10845546470955014 seconds
Request model_6#383 arrives at 1631353.480500716, sleeping for 0.1572142264340073 seconds
Request model_6#384 arrives at 1631353.638529649, sleeping for 0.0059301345609128475 seconds
Request model_6#385 arrives at 1631353.644786435, sleeping for 0.13098515942692757 seconds
Request model_5#498 arrives at 1631353.776311223, sleeping for 0.03673674655146897 seconds
Request model_5#499 arrives at 1631353.814743586, sleeping for 0.03722448437474668 seconds
Request model_3#440 arrives at 1631353.852895497, sleeping for 0.041563333943486214 seconds
Request model_6#386 arrives at 1631353.895551651, sleeping for 0.017095068003982306 seconds
Request model_6#387 arrives at 1631353.913239571, sleeping for 0.09327726159244776 seconds
Request model_2#356 arrives at 1631354.007599925, sleeping for 0.017906984081491828 seconds
Request model_2#357 arrives at 1631354.027562883, sleeping for 0.048015145817771554 seconds
Request model_3#441 arrives at 1631354.076464062, sleeping for 0.07027760543860495 seconds
Request model_6#388 arrives at 1631354.147433145, sleeping for 0.28226321400143206 seconds
Request model_2#358 arrives at 1631354.430863331, sleeping for 0.06298598949797451 seconds
Request model_2#359 arrives at 1631354.495001573, sleeping for 0.0761952509637922 seconds
Request model_6#389 arrives at 1631354.572197422, sleeping for 0.04341078782454133 seconds
Request model_2#360 arrives at 1631354.61684321, sleeping for 0.26710199797526 seconds
Request model_6#390 arrives at 1631354.884610941, sleeping for 0.05380306555889547 seconds
Request model_3#442 arrives at 1631354.939647816, sleeping for 0.03484524809755385 seconds
Request model_6#391 arrives at 1631354.975004166, sleeping for 0.26575954095460474 seconds
Request model_6#392 arrives at 1631355.241601489, sleeping for 0.11489766603335738 seconds
Request model_6#393 arrives at 1631355.357744763, sleeping for 0.11229807580821216 seconds
Request model_6#394 arrives at 1631355.470839996, sleeping for 0.04790530586615205 seconds
Request model_2#361 arrives at 1631355.519204112, sleeping for 0.2395259130280465 seconds
Request model_2#362 arrives at 1631355.76074713, sleeping for 0.0035442456137388945 seconds
Request model_2#363 arrives at 1631355.76480946, sleeping for 0.03069889429025352 seconds
Request model_2#364 arrives at 1631355.796610324, sleeping for 0.026159724220633507 seconds
Request model_1#152 arrives at 1631355.824340708, sleeping for 0.02507147123105824 seconds
Request model_5#500 arrives at 1631355.849999577, sleeping for 0.01470799371600151 seconds
Request model_5#501 arrives at 1631355.864899596, sleeping for 0.14350645383819938 seconds
Request model_6#395 arrives at 1631356.009246279, sleeping for 0.34242649050429463 seconds
Request model_2#365 arrives at 1631356.353568173, sleeping for 0.06150097888894379 seconds
Request model_6#396 arrives at 1631356.415488819, sleeping for 0.005778916645795107 seconds
Request model_6#397 arrives at 1631356.421686405, sleeping for 0.22512632701545954 seconds
Request model_6#398 arrives at 1631356.647380916, sleeping for 0.03400052967481315 seconds
Request model_2#366 arrives at 1631356.682538625, sleeping for 0.08178821252658963 seconds
Request model_5#502 arrives at 1631356.764843741, sleeping for 0.029363638954237103 seconds
Request model_6#399 arrives at 1631356.795078923, sleeping for 0.043422870337963104 seconds
Request model_2#367 arrives at 1631356.839002856, sleeping for 0.1295227026566863 seconds
Request model_2#368 arrives at 1631356.968869053, sleeping for 0.08868147665634751 seconds
Request model_6#400 arrives at 1631357.058088049, sleeping for 0.1833181546535343 seconds
Request model_6#401 arrives at 1631357.242478157, sleeping for 0.03207879327237606 seconds
Request model_6#402 arrives at 1631357.275287938, sleeping for 0.2537572141736746 seconds
Request model_6#403 arrives at 1631357.530392406, sleeping for 0.07590814563445747 seconds
Request model_6#404 arrives at 1631357.606834368, sleeping for 0.047447078162804246 seconds
Request model_6#405 arrives at 1631357.655065623, sleeping for 0.0024345400743186474 seconds
Request model_5#503 arrives at 1631357.657781503, sleeping for 0.024897077353671193 seconds
Request model_6#406 arrives at 1631357.683958456, sleeping for 0.1030935705639422 seconds
Request model_6#407 arrives at 1631357.789223811, sleeping for 0.16007665009237826 seconds
Request model_6#408 arrives at 1631357.950506848, sleeping for 0.004032075870782137 seconds
Request model_6#409 arrives at 1631357.955404504, sleeping for 0.025682257255539298 seconds
Request model_5#504 arrives at 1631357.983054098, sleeping for 0 seconds
Request model_2#369 arrives at 1631357.98337882, sleeping for 0.0512603921815753 seconds
Request model_5#505 arrives at 1631358.035268062, sleeping for 0.2094889220315963 seconds
Request model_5#506 arrives at 1631358.245718091, sleeping for 0.11719404440373182 seconds
Request model_5#507 arrives at 1631358.36371084, sleeping for 0.05360277323052287 seconds
Request model_2#370 arrives at 1631358.417541926, sleeping for 0.06488249218091369 seconds
Request model_1#153 arrives at 1631358.483224249, sleeping for 0.05908283987082541 seconds
Request model_2#371 arrives at 1631358.5445054, sleeping for 0.33555988827720284 seconds
Request model_6#410 arrives at 1631358.881048587, sleeping for 0.22252236166968942 seconds
Request model_2#372 arrives at 1631359.105055166, sleeping for 0.1288367179222405 seconds
Request model_2#373 arrives at 1631359.235027893, sleeping for 0.022060941206291318 seconds
Request model_6#411 arrives at 1631359.257948382, sleeping for 0.09239666210487485 seconds
Request model_6#412 arrives at 1631359.35141784, sleeping for 0.0030282072257250547 seconds
Request model_1#154 arrives at 1631359.355322438, sleeping for 0.26754256966523826 seconds
Request model_5#508 arrives at 1631359.624028286, sleeping for 0.11331560485996306 seconds
Request model_2#374 arrives at 1631359.7386513, sleeping for 0.2837230621371418 seconds
Request model_6#413 arrives at 1631360.023386826, sleeping for 0.017396662617102265 seconds
Request model_6#414 arrives at 1631360.041146527, sleeping for 0.11625902727246284 seconds
Request model_6#415 arrives at 1631360.158256309, sleeping for 0.029339488595724106 seconds
Request model_3#443 arrives at 1631360.188043258, sleeping for 0.016878931550309062 seconds
Request model_6#416 arrives at 1631360.205785318, sleeping for 0.014924051705747843 seconds
Request model_6#417 arrives at 1631360.221538865, sleeping for 0.04144774517044425 seconds
Request model_6#418 arrives at 1631360.263305522, sleeping for 0.101966115180403 seconds
Request model_6#419 arrives at 1631360.365963088, sleeping for 0.042171304346993566 seconds
Request model_6#420 arrives at 1631360.408992064, sleeping for 0.10107289929874241 seconds
Request model_2#375 arrives at 1631360.511276607, sleeping for 0.10456293472088873 seconds
Request model_5#509 arrives at 1631360.617399578, sleeping for 0.030460802605375648 seconds
Request model_6#421 arrives at 1631360.64890604, sleeping for 0.21958171878941357 seconds
Request model_6#422 arrives at 1631360.869980008, sleeping for 0.04020031378604472 seconds
Request model_2#376 arrives at 1631360.911400993, sleeping for 0.2670410464052111 seconds
Request model_6#423 arrives at 1631361.179085643, sleeping for 0.4166635249275714 seconds
Request model_2#377 arrives at 1631361.59703274, sleeping for 0.06743956496939063 seconds
Request model_6#424 arrives at 1631361.666298329, sleeping for 0.41245678439736366 seconds
Request model_2#378 arrives at 1631362.079049967, sleeping for 0.0986279477365315 seconds
Request model_6#425 arrives at 1631362.178079857, sleeping for 0.050385930109769106 seconds
Request model_3#444 arrives at 1631362.228730989, sleeping for 0.016807316802442074 seconds
Request model_5#510 arrives at 1631362.245960056, sleeping for 0.2373443825636059 seconds
Request model_5#511 arrives at 1631362.484715424, sleeping for 0.07965738698840141 seconds
Request model_6#426 arrives at 1631362.564708172, sleeping for 0.04216607287526131 seconds
Request model_5#512 arrives at 1631362.607506317, sleeping for 0.431495881639421 seconds
Request model_6#427 arrives at 1631363.040364383, sleeping for 0.1009234506636858 seconds
Request model_2#379 arrives at 1631363.142441205, sleeping for 0.12242268677800894 seconds
Request model_6#428 arrives at 1631363.265634522, sleeping for 0.05533338361419737 seconds
Request model_5#513 arrives at 1631363.321419222, sleeping for 0.019470451399683952 seconds
Request model_6#429 arrives at 1631363.341708362, sleeping for 0.18193990178406239 seconds
Request model_6#430 arrives at 1631363.525552425, sleeping for 0.12219853699207306 seconds
Request model_2#380 arrives at 1631363.648809422, sleeping for 0.09916244237683713 seconds
Request model_6#431 arrives at 1631363.748372185, sleeping for 0.11177937360480428 seconds
Request model_5#514 arrives at 1631363.860622581, sleeping for 0.033086106181144714 seconds
Request model_6#432 arrives at 1631363.894078328, sleeping for 0.0259215768892318 seconds
Request model_6#433 arrives at 1631363.921799422, sleeping for 0.3227862312924117 seconds
Request model_6#434 arrives at 1631364.245208522, sleeping for 0.27479010890237987 seconds
Request model_6#435 arrives at 1631364.521727228, sleeping for 0.17109358101151884 seconds
Request model_6#436 arrives at 1631364.69320129, sleeping for 0.04312002309598029 seconds
Request model_2#381 arrives at 1631364.737491746, sleeping for 0.1708937904331833 seconds
Request model_5#515 arrives at 1631364.909646183, sleeping for 0.5061507797800004 seconds
Request model_6#437 arrives at 1631365.417386511, sleeping for 0.19436398171819746 seconds
Request model_5#516 arrives at 1631365.612663108, sleeping for 0.21032642177306116 seconds
Request model_3#445 arrives at 1631365.82356294, sleeping for 0.003670712234452367 seconds
Request model_6#438 arrives at 1631365.827753271, sleeping for 0.01474229758605361 seconds
Request model_6#439 arrives at 1631365.842930263, sleeping for 0.043568467954173684 seconds
Request model_6#440 arrives at 1631365.886978047, sleeping for 0.050667627016082406 seconds
Request model_3#446 arrives at 1631365.938717098, sleeping for 0.14392000786028802 seconds
Request model_4#132 arrives at 1631366.08293028, sleeping for 0.20256178453564644 seconds
Request model_3#447 arrives at 1631366.286139216, sleeping for 0.05799087160266936 seconds
Request model_3#448 arrives at 1631366.344876618, sleeping for 0.10767653491348028 seconds
Request model_4#133 arrives at 1631366.453764729, sleeping for 0.010617430554702878 seconds
Request model_6#441 arrives at 1631366.465497226, sleeping for 0.5523703347425908 seconds
Request model_3#449 arrives at 1631367.019175872, sleeping for 0.00624223193153739 seconds
Request model_3#450 arrives at 1631367.025670249, sleeping for 0.04515788145363331 seconds
Request model_3#451 arrives at 1631367.071368255, sleeping for 0.11259670043364167 seconds
Request model_3#452 arrives at 1631367.184273147, sleeping for 0.15648657665587962 seconds
Request model_4#134 arrives at 1631367.341716455, sleeping for 0.10227422113530338 seconds
Request model_4#135 arrives at 1631367.445015166, sleeping for 0.12784374575130641 seconds
Request model_3#453 arrives at 1631367.573899095, sleeping for 0.2358369817957282 seconds
Request model_5#517 arrives at 1631367.810438176, sleeping for 0.002723867539316416 seconds
Request model_5#518 arrives at 1631367.8136452, sleeping for 0.04752976493909955 seconds
Request model_4#136 arrives at 1631367.861625383, sleeping for 0.1866293316707015 seconds
Request model_3#454 arrives at 1631368.049517696, sleeping for 0.0309564215131104 seconds
Request model_3#455 arrives at 1631368.081683353, sleeping for 0.054250323912128806 seconds
Request model_3#456 arrives at 1631368.137922476, sleeping for 0.07303048577159643 seconds
Request model_2#382 arrives at 1631368.212142103, sleeping for 0.015489647164940834 seconds
Request model_4#137 arrives at 1631368.228133921, sleeping for 0.40924225910566747 seconds
Request model_5#519 arrives at 1631368.63828824, sleeping for 0.017673819791525602 seconds
Request model_5#520 arrives at 1631368.656477373, sleeping for 0.023480033269152045 seconds
Request model_3#457 arrives at 1631368.680828083, sleeping for 0.03550084074959159 seconds
Request model_5#521 arrives at 1631368.71705271, sleeping for 0.20131193567067385 seconds
Request model_2#383 arrives at 1631368.918664404, sleeping for 0.0567247592844069 seconds
Request model_5#522 arrives at 1631368.976170597, sleeping for 0.3443987159989774 seconds
Request model_3#458 arrives at 1631369.321204507, sleeping for 0.04112615319900215 seconds
Request model_5#523 arrives at 1631369.363394567, sleeping for 0.03941665077582002 seconds
Request model_5#524 arrives at 1631369.403251811, sleeping for 0.13260914897546172 seconds
Request model_5#525 arrives at 1631369.536569182, sleeping for 0.014172177761793137 seconds
Request model_3#459 arrives at 1631369.551810514, sleeping for 0.057841761503368616 seconds
Request model_3#460 arrives at 1631369.609985053, sleeping for 0.02838021796196699 seconds
Request model_5#526 arrives at 1631369.639243468, sleeping for 0.009161168476566672 seconds
Request model_4#138 arrives at 1631369.650520601, sleeping for 0.07545688701793551 seconds
Request model_3#461 arrives at 1631369.727025634, sleeping for 0.1723878972698003 seconds
Request model_3#462 arrives at 1631369.900167968, sleeping for 0.12946580280549824 seconds
Request model_5#527 arrives at 1631370.030387177, sleeping for 0.08721027639694512 seconds
Request model_4#139 arrives at 1631370.119422672, sleeping for 0.021090422058477998 seconds
Request model_4#140 arrives at 1631370.141050722, sleeping for 0.035526919877156615 seconds
Request model_6#442 arrives at 1631370.178776749, sleeping for 0.2717713329475373 seconds
Request model_3#463 arrives at 1631370.451429277, sleeping for 0.12563424184918404 seconds
Request model_3#464 arrives at 1631370.57825451, sleeping for 0.13758797012269497 seconds
Request model_2#384 arrives at 1631370.716515918, sleeping for 0.05545951402746141 seconds
Request model_4#141 arrives at 1631370.77251804, sleeping for 0.00569067383185029 seconds
Request model_3#465 arrives at 1631370.778532574, sleeping for 0.08884471235796809 seconds
Request model_3#466 arrives at 1631370.868335816, sleeping for 0.07589664892293513 seconds
Request model_4#142 arrives at 1631370.945493763, sleeping for 0.23633002396672964 seconds
Request model_4#143 arrives at 1631371.182951771, sleeping for 0.025781301548704505 seconds
Request model_6#443 arrives at 1631371.210716786, sleeping for 0.3366825694683939 seconds
Request model_5#528 arrives at 1631371.548640843, sleeping for 0.15800071880221367 seconds
Request model_3#467 arrives at 1631371.707899855, sleeping for 0.10723000299185514 seconds
Request model_4#144 arrives at 1631371.816072792, sleeping for 0.13867345335893333 seconds
Request model_3#468 arrives at 1631371.955288976, sleeping for 0.052039423724636436 seconds
Request model_3#469 arrives at 1631372.009483286, sleeping for 0.09228403633460402 seconds
Request model_3#470 arrives at 1631372.102736122, sleeping for 0.0708303286228329 seconds
Request model_5#529 arrives at 1631372.174045687, sleeping for 0.10723382188007236 seconds
Request model_3#471 arrives at 1631372.282663757, sleeping for 0.03244716953486204 seconds
Request model_4#145 arrives at 1631372.31579388, sleeping for 0.3436161398421973 seconds
Request model_5#530 arrives at 1631372.660082675, sleeping for 0.0025048651732504368 seconds
Request model_4#146 arrives at 1631372.663034797, sleeping for 0.06478586350567639 seconds
Request model_4#147 arrives at 1631372.72870075, sleeping for 0.13026296021416783 seconds
Request model_3#472 arrives at 1631372.859934406, sleeping for 0.11795563553459942 seconds
Request model_3#473 arrives at 1631372.978267317, sleeping for 0.09256336139515042 seconds
Request model_5#531 arrives at 1631373.071992357, sleeping for 0.2324993866495788 seconds
Request model_5#532 arrives at 1631373.305492356, sleeping for 0.043625648599117994 seconds
Request model_5#533 arrives at 1631373.349732131, sleeping for 0.0018039434216916561 seconds
Request model_3#474 arrives at 1631373.351917137, sleeping for 0.08561852341517806 seconds
Request model_3#475 arrives at 1631373.438125592, sleeping for 0.008687923895195127 seconds
Request model_3#476 arrives at 1631373.447516572, sleeping for 0.13477440364658833 seconds
Request model_5#534 arrives at 1631373.583503873, sleeping for 0.07909708190709352 seconds
Request model_6#444 arrives at 1631373.663750403, sleeping for 0.14416496269404888 seconds
Request model_6#445 arrives at 1631373.80865234, sleeping for 0.14158640173263848 seconds
Request model_2#385 arrives at 1631373.950504544, sleeping for 0.016007893020287156 seconds
Request model_3#477 arrives at 1631373.967529009, sleeping for 0.05566284176893532 seconds
Request model_5#535 arrives at 1631374.024192556, sleeping for 0.025472319219261408 seconds
Request model_3#478 arrives at 1631374.05053636, sleeping for 0.3996899120975286 seconds
Request model_2#386 arrives at 1631374.45117222, sleeping for 0.23381221224553883 seconds
Request model_3#479 arrives at 1631374.685465634, sleeping for 0.1863681231625378 seconds
Request model_2#387 arrives at 1631374.872603842, sleeping for 0.057654786854982376 seconds
Request model_4#148 arrives at 1631374.930912501, sleeping for 0.841983953025192 seconds
Request model_3#480 arrives at 1631375.773321702, sleeping for 0.04434101888909936 seconds
Request model_5#536 arrives at 1631375.818070432, sleeping for 0.29917617072351277 seconds
Request model_2#388 arrives at 1631376.118413562, sleeping for 0.09019770892336965 seconds
Request model_4#149 arrives at 1631376.209742815, sleeping for 0.05933986068703234 seconds
Request model_2#389 arrives at 1631376.269664576, sleeping for 0.02454630797728896 seconds
Request model_2#390 arrives at 1631376.294525819, sleeping for 0.048579008085653186 seconds
Request model_3#481 arrives at 1631376.343761822, sleeping for 0.04529753583483398 seconds
Request model_2#391 arrives at 1631376.389253626, sleeping for 0.4277162498328835 seconds
Request model_4#150 arrives at 1631376.817788771, sleeping for 0.04009978682734072 seconds
Request model_6#446 arrives at 1631376.858999524, sleeping for 0.014147785492241383 seconds
Request model_5#537 arrives at 1631376.874256517, sleeping for 0.14764871820807457 seconds
Request model_5#538 arrives at 1631377.022620319, sleeping for 0.003053651424124837 seconds
Request model_3#482 arrives at 1631377.026603458, sleeping for 0.009222307242453098 seconds
Request model_6#447 arrives at 1631377.037237076, sleeping for 0.014762322185561061 seconds
Request model_4#151 arrives at 1631377.052927622, sleeping for 0.04875837825238705 seconds
Request model_4#152 arrives at 1631377.102131724, sleeping for 0.16646169312298298 seconds
Request model_3#483 arrives at 1631377.269437316, sleeping for 0.008295741165056825 seconds
Request model_3#484 arrives at 1631377.278704354, sleeping for 0.19106220523826778 seconds
Request model_2#392 arrives at 1631377.47110364, sleeping for 0.029453073861077428 seconds
Request model_3#485 arrives at 1631377.501481714, sleeping for 0.010312747908756137 seconds
Request model_4#153 arrives at 1631377.512938548, sleeping for 0.06434100237675011 seconds
Request model_3#486 arrives at 1631377.578780723, sleeping for 0.03982250485569239 seconds
Request model_5#539 arrives at 1631377.61912704, sleeping for 0.04174298793077469 seconds
Request model_3#487 arrives at 1631377.661800604, sleeping for 0.03043680638074875 seconds
Request model_3#488 arrives at 1631377.69247665, sleeping for 0.3730224031023681 seconds
Request model_2#393 arrives at 1631378.066589164, sleeping for 0.13834388880059123 seconds
Request model_4#154 arrives at 1631378.207136659, sleeping for 0.02796225156635046 seconds
Request model_3#489 arrives at 1631378.235449737, sleeping for 0.17391563532873988 seconds
Request model_3#490 arrives at 1631378.40979308, sleeping for 0.035380142740905285 seconds
Request model_3#491 arrives at 1631378.445551083, sleeping for 0.07343694288283587 seconds
Request model_3#492 arrives at 1631378.520582096, sleeping for 0.1301469225436449 seconds
Request model_3#493 arrives at 1631378.651832762, sleeping for 0.08455942734144628 seconds
Request model_5#540 arrives at 1631378.737449342, sleeping for 0.14496300322934985 seconds
Request model_3#494 arrives at 1631378.882764942, sleeping for 0.20573218166828156 seconds
Request model_5#541 arrives at 1631379.090032598, sleeping for 0.1661186411511153 seconds
Request model_4#155 arrives at 1631379.256676284, sleeping for 0.004271025536581874 seconds
Request model_5#542 arrives at 1631379.261388349, sleeping for 0.15097118960693479 seconds
Request model_4#156 arrives at 1631379.413173467, sleeping for 0.19000664493069053 seconds
Request model_3#495 arrives at 1631379.604241123, sleeping for 0.015270815463736653 seconds
Request model_2#394 arrives at 1631379.620200601, sleeping for 0.0323717484716326 seconds
Request model_3#496 arrives at 1631379.653608727, sleeping for 0 seconds
Request model_3#497 arrives at 1631379.653900589, sleeping for 0.13196325302124023 seconds
Request model_5#543 arrives at 1631379.786950478, sleeping for 0.0029200015123933554 seconds
Request model_3#498 arrives at 1631379.790284343, sleeping for 0.02825422049500048 seconds
Request model_5#544 arrives at 1631379.819152045, sleeping for 0.26697156415320933 seconds
Request model_2#395 arrives at 1631380.086725465, sleeping for 0.06419577426277101 seconds
Request model_3#499 arrives at 1631380.151936935, sleeping for 0.6838357257656753 seconds
Request model_3#500 arrives at 1631380.836359353, sleeping for 0.002621645573526621 seconds
Request model_4#157 arrives at 1631380.839693878, sleeping for 0.20084072672761977 seconds
Request model_5#545 arrives at 1631381.041542834, sleeping for 0.22406101156957448 seconds
Request model_3#501 arrives at 1631381.26651029, sleeping for 0.11742475209757686 seconds
Request model_4#158 arrives at 1631381.384999232, sleeping for 0.09062777832150459 seconds
Request model_3#502 arrives at 1631381.476731107, sleeping for 0.05131602822802961 seconds
Request model_5#546 arrives at 1631381.528422758, sleeping for 0.14000217011198401 seconds
Request model_3#503 arrives at 1631381.669127024, sleeping for 0.30127246072515845 seconds
Request model_3#504 arrives at 1631381.971072946, sleeping for 0.1134837029967457 seconds
Request model_4#159 arrives at 1631382.085388148, sleeping for 0.005998373264446855 seconds
Request model_3#505 arrives at 1631382.092656532, sleeping for 0.14183544856496155 seconds
Request model_5#547 arrives at 1631382.235660924, sleeping for 0.3427737297024578 seconds
Request model_5#548 arrives at 1631382.579018302, sleeping for 0.2589280065149069 seconds
Request model_3#506 arrives at 1631382.838741524, sleeping for 0.1035290234722197 seconds
Request model_3#507 arrives at 1631382.944244411, sleeping for 0.09041873319074512 seconds
Request model_4#160 arrives at 1631383.035328941, sleeping for 0.034234437393024564 seconds
Request model_3#508 arrives at 1631383.070066967, sleeping for 0.0586194081697613 seconds
Request model_3#509 arrives at 1631383.129302193, sleeping for 0.21948071056976914 seconds
Request model_3#510 arrives at 1631383.349717936, sleeping for 0.026639214949682355 seconds
Request model_3#511 arrives at 1631383.376862825, sleeping for 0.0016923777293413877 seconds
Request model_4#161 arrives at 1631383.379010761, sleeping for 0.0669323040638119 seconds
Request model_3#512 arrives at 1631383.446665899, sleeping for 0.013686798280104995 seconds
Request model_3#513 arrives at 1631383.461833121, sleeping for 0.1525003593415022 seconds
Request model_5#549 arrives at 1631383.615148079, sleeping for 0.033560727490112185 seconds
Request model_5#550 arrives at 1631383.649414552, sleeping for 0.03903502761386335 seconds
Request model_3#514 arrives at 1631383.689051263, sleeping for 0.07007779530249536 seconds
Request model_3#515 arrives at 1631383.760234868, sleeping for 0.006948695983737707 seconds
Request model_3#516 arrives at 1631383.767908424, sleeping for 0.07602860382758081 seconds
Request model_2#396 arrives at 1631383.84472675, sleeping for 0.10048377164639533 seconds
Request model_3#517 arrives at 1631383.945580312, sleeping for 0.6322235714178532 seconds
Request model_3#518 arrives at 1631384.578403161, sleeping for 0.21945930016227067 seconds
Request model_3#519 arrives at 1631384.798806033, sleeping for 0.041725207353010774 seconds
Request model_3#520 arrives at 1631384.840839683, sleeping for 0.3246425096876919 seconds
Request model_5#551 arrives at 1631385.166058577, sleeping for 0.13746915850788355 seconds
Request model_4#162 arrives at 1631385.304586827, sleeping for 0.052496608113870025 seconds
Request model_4#163 arrives at 1631385.359190478, sleeping for 0.21209488878957927 seconds
Request model_3#521 arrives at 1631385.572042035, sleeping for 0.16941999970003963 seconds
Request model_4#164 arrives at 1631385.742915654, sleeping for 0.09718474396504462 seconds
Request model_3#522 arrives at 1631385.840699883, sleeping for 0.01335897110402584 seconds
Request model_3#523 arrives at 1631385.855837904, sleeping for 0.36307730129919946 seconds
Request model_3#524 arrives at 1631386.220094876, sleeping for 0.19149386463686824 seconds
Request model_5#552 arrives at 1631386.412533513, sleeping for 0.0851188690867275 seconds
Request model_3#525 arrives at 1631386.498425505, sleeping for 0.0005202821921557188 seconds
Request model_6#448 arrives at 1631386.500080447, sleeping for 0.009712234372273088 seconds
Request model_3#526 arrives at 1631386.510749106, sleeping for 0 seconds
Request model_3#527 arrives at 1631386.511410991, sleeping for 0.052335543325170875 seconds
Request model_5#553 arrives at 1631386.565273038, sleeping for 0.0452355167362839 seconds
Request model_3#528 arrives at 1631386.611383357, sleeping for 0.08838637918233871 seconds
Request model_2#397 arrives at 1631386.7001231, sleeping for 0.03772424394264817 seconds
Request model_3#529 arrives at 1631386.738272081, sleeping for 0.08184580993838608 seconds
Request model_3#530 arrives at 1631386.821158561, sleeping for 0.048265447840094566 seconds
Request model_6#449 arrives at 1631386.869828699, sleeping for 0.11876254272647202 seconds
Request model_3#531 arrives at 1631386.990669669, sleeping for 0.17069415329024196 seconds
Request model_3#532 arrives at 1631387.162457054, sleeping for 0.010232217842712998 seconds
Request model_2#398 arrives at 1631387.173127932, sleeping for 0.10244926088489592 seconds
Request model_3#533 arrives at 1631387.275901659, sleeping for 0.22050597495399415 seconds
Request model_2#399 arrives at 1631387.497372369, sleeping for 0.20451817102730274 seconds
Request model_3#534 arrives at 1631387.70265386, sleeping for 0.014719004044309258 seconds
Request model_3#535 arrives at 1631387.718560837, sleeping for 0.18214181624352932 seconds
Request model_5#554 arrives at 1631387.901354043, sleeping for 0.38894234504550695 seconds
Request model_2#400 arrives at 1631388.291080422, sleeping for 0.06942506250925362 seconds
Request model_3#536 arrives at 1631388.361480621, sleeping for 0.012186769396066666 seconds
Request model_2#401 arrives at 1631388.374773198, sleeping for 0.14410323346965015 seconds
Request model_3#537 arrives at 1631388.520647262, sleeping for 0.038597442442551255 seconds
Request model_3#538 arrives at 1631388.559983762, sleeping for 0.06106874253600836 seconds
Request model_4#165 arrives at 1631388.62228641, sleeping for 0.057915483601391315 seconds
Request model_3#539 arrives at 1631388.680473509, sleeping for 0.351435168646276 seconds
Request model_5#555 arrives at 1631389.033210706, sleeping for 0.14091634331271052 seconds
Request model_2#402 arrives at 1631389.174374405, sleeping for 0.26266049686819315 seconds
Request model_6#450 arrives at 1631389.438972803, sleeping for 0.06097141490317881 seconds
Request model_2#403 arrives at 1631389.50108068, sleeping for 0.07545689912512898 seconds
Request model_3#540 arrives at 1631389.57713436, sleeping for 0.5637679968494922 seconds
Request model_3#541 arrives at 1631390.141807127, sleeping for 0.45375264808535576 seconds
Request model_4#166 arrives at 1631390.596283232, sleeping for 0.05961570632643998 seconds
Request model_5#556 arrives at 1631390.657611844, sleeping for 0.06784953270107508 seconds
Request model_3#542 arrives at 1631390.726880074, sleeping for 0.33438617503270507 seconds
Request model_3#543 arrives at 1631391.062403714, sleeping for 0.23967977496795356 seconds
Request model_5#557 arrives at 1631391.303007735, sleeping for 0.05942678987048566 seconds
Request model_3#544 arrives at 1631391.363775993, sleeping for 0.008107394445687532 seconds
Request model_5#558 arrives at 1631391.372551777, sleeping for 0.030910587403923273 seconds
Request model_3#545 arrives at 1631391.40421131, sleeping for 0.05714182369410992 seconds
Request model_3#546 arrives at 1631391.461978446, sleeping for 0.2550296327099204 seconds
Request model_3#547 arrives at 1631391.71798003, sleeping for 0.3061484124045819 seconds
Request model_3#548 arrives at 1631392.025357933, sleeping for 0.032288874266669154 seconds
Request model_4#167 arrives at 1631392.058634738, sleeping for 0.023621307453140616 seconds
Request model_3#549 arrives at 1631392.082877476, sleeping for 0.02946571563370526 seconds
Request model_3#550 arrives at 1631392.113063839, sleeping for 0.0320274333935231 seconds
Request model_6#451 arrives at 1631392.146281893, sleeping for 0.09699501469731331 seconds
Request model_6#452 arrives at 1631392.24358797, sleeping for 0.16277601313777268 seconds
Request model_3#551 arrives at 1631392.407662997, sleeping for 0.018877202877774835 seconds
Request model_3#552 arrives at 1631392.427855876, sleeping for 0.21574013493955135 seconds
Request model_3#553 arrives at 1631392.645823381, sleeping for 0.03236823948100209 seconds
Request model_4#168 arrives at 1631392.679055676, sleeping for 0.14546469505876303 seconds
Request model_2#404 arrives at 1631392.82497814, sleeping for 0.5466032414697111 seconds
Request model_5#559 arrives at 1631393.372611622, sleeping for 0.29276821576058865 seconds
Request model_3#554 arrives at 1631393.665661299, sleeping for 0.1882607634179294 seconds
Request model_3#555 arrives at 1631393.854525859, sleeping for 0.15562371700070798 seconds
Request model_5#560 arrives at 1631394.010958511, sleeping for 0.03812557994388044 seconds
Request model_4#169 arrives at 1631394.049635016, sleeping for 0.08168452326208353 seconds
Request model_5#561 arrives at 1631394.131965902, sleeping for 0.06466752663254738 seconds
Request model_2#405 arrives at 1631394.197709586, sleeping for 0.35636570723727345 seconds
Request model_3#556 arrives at 1631394.554411332, sleeping for 0.19147641863673925 seconds
Request model_4#170 arrives at 1631394.746824468, sleeping for 0.24106281669810414 seconds
Request model_3#557 arrives at 1631394.988359556, sleeping for 0.13944042148068547 seconds
Request model_3#558 arrives at 1631395.128083295, sleeping for 0.2154573444277048 seconds
Request model_3#559 arrives at 1631395.343917834, sleeping for 0.06735163414850831 seconds
Request model_2#406 arrives at 1631395.41264997, sleeping for 0.15516058588400483 seconds
Request model_3#560 arrives at 1631395.568427597, sleeping for 0.21914161858148873 seconds
Request model_3#561 arrives at 1631395.788326036, sleeping for 0.0297038028948009 seconds
Request model_6#453 arrives at 1631395.818527668, sleeping for 0.10450547467917204 seconds
Request model_3#562 arrives at 1631395.923776893, sleeping for 0.1917112055234611 seconds
Request model_6#454 arrives at 1631396.116535922, sleeping for 0.10931511991657317 seconds
Request model_4#171 arrives at 1631396.226102449, sleeping for 0.3242782298475504 seconds
Request model_3#563 arrives at 1631396.551225012, sleeping for 0.02180960774421692 seconds
Request model_3#564 arrives at 1631396.57392821, sleeping for 0.05661588185466826 seconds
Request model_2#407 arrives at 1631396.631347442, sleeping for 0.11438253987580538 seconds
Request model_2#408 arrives at 1631396.746334869, sleeping for 0.07443240494467318 seconds
Request model_2#409 arrives at 1631396.821078639, sleeping for 0.019531094701960683 seconds
Request model_4#172 arrives at 1631396.841345498, sleeping for 0.04539791028946638 seconds
Request model_6#455 arrives at 1631396.887562318, sleeping for 0.26435165433213115 seconds
Request model_4#173 arrives at 1631397.152978063, sleeping for 0.07982563064433634 seconds
Request model_3#565 arrives at 1631397.233208963, sleeping for 0.1786914337426424 seconds
Request model_3#566 arrives at 1631397.412575504, sleeping for 0.21366349048912525 seconds
Request model_3#567 arrives at 1631397.627084213, sleeping for 0.16669975500553846 seconds
Request model_3#568 arrives at 1631397.794491775, sleeping for 0.012901162961497903 seconds
Request model_3#569 arrives at 1631397.809161853, sleeping for 0.023077524732798338 seconds
Request model_5#562 arrives at 1631397.832823527, sleeping for 0.12912010471336544 seconds
Request model_6#456 arrives at 1631397.962868695, sleeping for 0.0005359600763767958 seconds
Request model_3#570 arrives at 1631397.963670881, sleeping for 0.21026920387521386 seconds
Request model_4#174 arrives at 1631398.174922596, sleeping for 0.005334360990673304 seconds
Request model_3#571 arrives at 1631398.181126692, sleeping for 0.009429509285837412 seconds
Request model_3#572 arrives at 1631398.191883321, sleeping for 0.014813461573794484 seconds
Request model_4#175 arrives at 1631398.207626557, sleeping for 0.22540770494379103 seconds
Request model_3#573 arrives at 1631398.433961813, sleeping for 0.20421868050470948 seconds
Request model_4#176 arrives at 1631398.638776371, sleeping for 0.051502821035683155 seconds
Request model_2#410 arrives at 1631398.691113136, sleeping for 0.022579169366508722 seconds
Request model_3#574 arrives at 1631398.714358577, sleeping for 0.01774976309388876 seconds
Request model_3#575 arrives at 1631398.734022102, sleeping for 0.34733355254866183 seconds
Request model_5#563 arrives at 1631399.082273026, sleeping for 0.033683610847219825 seconds
Request model_4#177 arrives at 1631399.116974831, sleeping for 0.08611675770953298 seconds
Request model_4#178 arrives at 1631399.205119771, sleeping for 0.0002461611293256283 seconds
Request model_3#576 arrives at 1631399.205526364, sleeping for 0.3314391765743494 seconds
Request model_5#564 arrives at 1631399.538411674, sleeping for 0.13168327789753675 seconds
Request model_3#577 arrives at 1631399.671277352, sleeping for 0.07017221488058567 seconds
Request model_3#578 arrives at 1631399.742561567, sleeping for 0.08217899547889829 seconds
Request model_4#179 arrives at 1631399.825386577, sleeping for 0.2916135003324598 seconds
Request model_4#180 arrives at 1631400.118132502, sleeping for 0.0428431062027812 seconds
Request model_2#411 arrives at 1631400.161383221, sleeping for 0.06360980030149221 seconds
Request model_4#181 arrives at 1631400.225631784, sleeping for 0.01773733156733215 seconds
Request model_3#579 arrives at 1631400.243919728, sleeping for 0.14572259481064975 seconds
Request model_4#182 arrives at 1631400.391165372, sleeping for 0.13519613188691437 seconds
Request model_5#565 arrives at 1631400.527411005, sleeping for 0.08089766628108919 seconds
Request model_4#183 arrives at 1631400.609179937, sleeping for 0.32305616210214794 seconds
Request model_4#184 arrives at 1631400.932637279, sleeping for 0.07748592691496015 seconds
Request model_3#580 arrives at 1631401.010963165, sleeping for 0.022803410654887557 seconds
Request model_3#581 arrives at 1631401.034245887, sleeping for 0.18215059698559344 seconds
Request model_3#582 arrives at 1631401.216900311, sleeping for 0.013354419963434339 seconds
Request model_3#583 arrives at 1631401.23157263, sleeping for 0.034468630561605096 seconds
Request model_3#584 arrives at 1631401.266257735, sleeping for 0.0720464144833386 seconds
Request model_3#585 arrives at 1631401.339020481, sleeping for 0.05846623959951103 seconds
Request model_3#586 arrives at 1631401.397696482, sleeping for 0.02941611804999411 seconds
Request model_3#587 arrives at 1631401.428067706, sleeping for 0.07963415002450347 seconds
Request model_4#185 arrives at 1631401.50878851, sleeping for 0.3377795193810016 seconds
Request model_6#457 arrives at 1631401.847705216, sleeping for 0.01822372409515083 seconds
Request model_3#588 arrives at 1631401.867992595, sleeping for 0.10775555204600096 seconds
Request model_3#589 arrives at 1631401.976566354, sleeping for 0.013308476423844695 seconds
Request model_3#590 arrives at 1631401.991034301, sleeping for 0.09465928515419364 seconds
Request model_2#412 arrives at 1631402.086318722, sleeping for 0.36997764953412116 seconds
Request model_3#591 arrives at 1631402.457249223, sleeping for 0.07381528383120894 seconds
Request model_5#566 arrives at 1631402.53157814, sleeping for 0.2069527304265648 seconds
Request model_4#186 arrives at 1631402.738776876, sleeping for 0.20299468119628727 seconds
Request model_2#413 arrives at 1631402.942263064, sleeping for 0.17322693136520684 seconds
Request model_5#567 arrives at 1631403.116125774, sleeping for 0.13600698532536626 seconds
Request model_4#187 arrives at 1631403.253449985, sleeping for 0.020857210271060467 seconds
Request model_3#592 arrives at 1631403.274742492, sleeping for 0.12845071032643318 seconds
Request model_3#593 arrives at 1631403.404056114, sleeping for 0.0250705701764673 seconds
Request model_5#568 arrives at 1631403.429996795, sleeping for 0.001959895947948098 seconds
Request model_4#188 arrives at 1631403.432200531, sleeping for 0.0885196216404438 seconds
Request model_5#569 arrives at 1631403.521115655, sleeping for 0.1273748141247779 seconds
Request model_3#594 arrives at 1631403.649170648, sleeping for 0.11697317101061344 seconds
Request model_3#595 arrives at 1631403.768350736, sleeping for 0.053649395471438766 seconds
Request model_5#570 arrives at 1631403.823582392, sleeping for 0.14122008555568755 seconds
Request model_5#571 arrives at 1631403.965578148, sleeping for 0.2833298083860427 seconds
Request model_3#596 arrives at 1631404.24975202, sleeping for 0.02735340129584074 seconds
Request model_3#597 arrives at 1631404.277571825, sleeping for 0.05761136533692479 seconds
Request model_2#414 arrives at 1631404.335770453, sleeping for 0.3737286007963121 seconds
Request model_3#598 arrives at 1631404.710608383, sleeping for 0.011942623881623149 seconds
Request model_3#599 arrives at 1631404.722887223, sleeping for 0.03353693010285497 seconds
Request model_3#600 arrives at 1631404.756830083, sleeping for 0.00019561289809644222 seconds
Request model_6#458 arrives at 1631404.757660359, sleeping for 0.3610835839062929 seconds
Request model_5#572 arrives at 1631405.119325842, sleeping for 0.35320639587007463 seconds
Request model_2#415 arrives at 1631405.473044736, sleeping for 0.06735500250943005 seconds
Request model_3#601 arrives at 1631405.542049184, sleeping for 0.035076387226581573 seconds
Request model_5#573 arrives at 1631405.577720957, sleeping for 0.13886775518767536 seconds
Request model_4#189 arrives at 1631405.717538566, sleeping for 0.013370186323300004 seconds
Request model_3#602 arrives at 1631405.732479156, sleeping for 0.11758461268618703 seconds
Request model_2#416 arrives at 1631405.851277551, sleeping for 0.16747924592345953 seconds
Request model_5#574 arrives at 1631406.01965034, sleeping for 0.2307239486835897 seconds
Request model_3#603 arrives at 1631406.252086442, sleeping for 0.21185968536883593 seconds
Request model_5#575 arrives at 1631406.464975089, sleeping for 0.04990586033090949 seconds
Request model_5#576 arrives at 1631406.515692523, sleeping for 0.021232957718893886 seconds
Request model_3#604 arrives at 1631406.537351982, sleeping for 0.20854834956116974 seconds
Request model_3#605 arrives at 1631406.747160976, sleeping for 0.16281084180809557 seconds
Request model_4#190 arrives at 1631406.910527069, sleeping for 0.507619780022651 seconds
Request model_4#191 arrives at 1631407.41858392, sleeping for 0.15461024059914052 seconds
Request model_6#459 arrives at 1631407.575094392, sleeping for 0.07849475997500122 seconds
Request model_3#606 arrives at 1631407.653829832, sleeping for 0.05786358565092087 seconds
Request model_3#607 arrives at 1631407.712771015, sleeping for 0.04017102508805692 seconds
Request model_4#192 arrives at 1631407.753439985, sleeping for 0.2116843885742128 seconds
Request model_3#608 arrives at 1631407.965731688, sleeping for 0.03245154791511595 seconds
Request model_5#577 arrives at 1631407.998940453, sleeping for 0.17354809353128076 seconds
Request model_3#609 arrives at 1631408.172891073, sleeping for 0.019303596345707774 seconds
Request model_2#417 arrives at 1631408.19283914, sleeping for 0.04764138045720756 seconds
Request model_3#610 arrives at 1631408.24168162, sleeping for 0.017519278218969703 seconds
Request model_5#578 arrives at 1631408.259628452, sleeping for 0.37698828312568367 seconds
Request model_3#611 arrives at 1631408.637090151, sleeping for 0.0068977694027125835 seconds
Request model_2#418 arrives at 1631408.64511972, sleeping for 0.040570135693997145 seconds
Request model_3#612 arrives at 1631408.686087751, sleeping for 0.03958422294817865 seconds
Request model_5#579 arrives at 1631408.726390648, sleeping for 0.017171405255794525 seconds
Request model_2#419 arrives at 1631408.744084179, sleeping for 0.07270955853164196 seconds
Request model_3#613 arrives at 1631408.818161074, sleeping for 0.13207534048706293 seconds
Request model_3#614 arrives at 1631408.951085373, sleeping for 0.029792544664815068 seconds
Request model_3#615 arrives at 1631408.981487666, sleeping for 0.15820315456949174 seconds
Request model_3#616 arrives at 1631409.140747949, sleeping for 0.005302450153976679 seconds
Request model_3#617 arrives at 1631409.146882814, sleeping for 0.1424449107144028 seconds
Request model_3#618 arrives at 1631409.290068668, sleeping for 0.04302245914004743 seconds
Request model_4#193 arrives at 1631409.334118763, sleeping for 0.17159458086825907 seconds
Request model_5#580 arrives at 1631409.507529009, sleeping for 0.027201412711292505 seconds
Request model_3#619 arrives at 1631409.535522086, sleeping for 0.21754620829597116 seconds
Request model_3#620 arrives at 1631409.754049985, sleeping for 0.09950346639379859 seconds
Request model_5#581 arrives at 1631409.854182932, sleeping for 0.18150854925625026 seconds
Request model_5#582 arrives at 1631410.036799886, sleeping for 0.0719006743747741 seconds
Request model_2#420 arrives at 1631410.110312337, sleeping for 0.3392425561323762 seconds
Request model_5#583 arrives at 1631410.450170089, sleeping for 0.27888285112567246 seconds
Request model_2#421 arrives at 1631410.729536107, sleeping for 0.16435072617605329 seconds
Request model_6#460 arrives at 1631410.89444904, sleeping for 0.27304652077145875 seconds
Request model_2#422 arrives at 1631411.168387957, sleeping for 0.2093822720926255 seconds
Request model_3#621 arrives at 1631411.378978998, sleeping for 0.25485487724654377 seconds
Request model_4#194 arrives at 1631411.63468975, sleeping for 0.021995250834152102 seconds
Request model_5#584 arrives at 1631411.657390528, sleeping for 0.032749075442552567 seconds
Request model_3#622 arrives at 1631411.691061075, sleeping for 0.18588779075071216 seconds
Request model_3#623 arrives at 1631411.877864941, sleeping for 0.06925448100082576 seconds
Request model_5#585 arrives at 1631411.947630214, sleeping for 0.06508662761189044 seconds
Request model_5#586 arrives at 1631412.013866672, sleeping for 0.24029034189879894 seconds
Request model_3#624 arrives at 1631412.255072678, sleeping for 0.009529337054118514 seconds
Request model_2#423 arrives at 1631412.266337881, sleeping for 0.00931744440458715 seconds
Request model_3#625 arrives at 1631412.277436372, sleeping for 0.059883743058890104 seconds
Request model_3#626 arrives at 1631412.3381493, sleeping for 0.08974984078668058 seconds
Request model_3#627 arrives at 1631412.428169692, sleeping for 0.2268852840643376 seconds
Request model_4#195 arrives at 1631412.65611152, sleeping for 0.061263256473466754 seconds
Request model_2#424 arrives at 1631412.718297779, sleeping for 0.11805578763596714 seconds
Request model_5#587 arrives at 1631412.837099413, sleeping for 0.15427503501996398 seconds
Request model_3#628 arrives at 1631412.991718941, sleeping for 0.06749563058838248 seconds
Request model_2#425 arrives at 1631413.06069836, sleeping for 0.2211215989664197 seconds
Request model_4#196 arrives at 1631413.282774145, sleeping for 0.24083026126027107 seconds
Request model_4#197 arrives at 1631413.524729636, sleeping for 0.2167419297620654 seconds
Request model_3#629 arrives at 1631413.742085886, sleeping for 0.030510484473779798 seconds
Request model_2#426 arrives at 1631413.772763462, sleeping for 0.06443203054368496 seconds
Request model_5#588 arrives at 1631413.837433938, sleeping for 0.0035049100406467915 seconds
Request model_2#427 arrives at 1631413.841350647, sleeping for 0.22121314867399633 seconds
Request model_3#630 arrives at 1631414.063878885, sleeping for 0.16462735179811716 seconds
Request model_3#631 arrives at 1631414.229790077, sleeping for 0.16872707707807422 seconds
Request model_3#632 arrives at 1631414.399807469, sleeping for 0.24781769653782248 seconds
Request model_5#589 arrives at 1631414.648236117, sleeping for 0.06518033822067082 seconds
Request model_3#633 arrives at 1631414.714321775, sleeping for 0.16178371012210846 seconds
Request model_3#634 arrives at 1631414.878308681, sleeping for 0.014581414870917797 seconds
Request model_5#590 arrives at 1631414.893512814, sleeping for 0.2932948097586632 seconds
Request model_3#635 arrives at 1631415.188146753, sleeping for 0.19916719617322087 seconds
Request model_4#198 arrives at 1631415.387968404, sleeping for 0.26712227356620133 seconds
Request model_4#199 arrives at 1631415.655669655, sleeping for 0.026205046102404594 seconds
Request model_3#636 arrives at 1631415.683611261, sleeping for 0.027377174701541662 seconds
Request model_2#428 arrives at 1631415.711431405, sleeping for 0.038246955489739776 seconds
Request model_3#637 arrives at 1631415.750307042, sleeping for 0.07584952120669186 seconds
Request model_4#200 arrives at 1631415.827239178, sleeping for 0.0391393699683249 seconds
Request model_3#638 arrives at 1631415.867299183, sleeping for 0.14049590681679547 seconds
Request model_5#591 arrives at 1631416.008540513, sleeping for 0.1603752316441387 seconds
Request model_5#592 arrives at 1631416.170109633, sleeping for 0.17644960805773735 seconds
Request model_5#593 arrives at 1631416.347111356, sleeping for 0.0015908102504909039 seconds
Request model_3#639 arrives at 1631416.349473313, sleeping for 0.6352580543607473 seconds
Request model_2#429 arrives at 1631416.985695688, sleeping for 0.1148303747177124 seconds
Request model_3#640 arrives at 1631417.10153762, sleeping for 0.10809772787615657 seconds
Request model_4#201 arrives at 1631417.210566243, sleeping for 0.029162722639739513 seconds
Request model_3#641 arrives at 1631417.240566534, sleeping for 0.361736920196563 seconds
Request model_2#430 arrives at 1631417.603560086, sleeping for 0.14195574820041656 seconds
Request model_3#642 arrives at 1631417.746230987, sleeping for 0.07602173136547208 seconds
Request model_5#594 arrives at 1631417.823524376, sleeping for 0.13425956992432475 seconds
Request model_3#643 arrives at 1631417.958079307, sleeping for 0.036176068941131234 seconds
Request model_3#644 arrives at 1631417.996290518, sleeping for 0.03738145995885134 seconds
Request model_4#202 arrives at 1631418.034769512, sleeping for 0.329795204102993 seconds
Request model_3#645 arrives at 1631418.365709368, sleeping for 0.021984976483508945 seconds
Request model_5#595 arrives at 1631418.388046023, sleeping for 0.1561542940326035 seconds
Request model_3#646 arrives at 1631418.544968298, sleeping for 0.10204440634697676 seconds
Request model_3#647 arrives at 1631418.648103497, sleeping for 0 seconds
Request model_3#648 arrives at 1631418.649368467, sleeping for 0.25990223535336554 seconds
Request model_3#649 arrives at 1631418.91057341, sleeping for 0.10941100073978305 seconds
Request model_3#650 arrives at 1631419.020543609, sleeping for 0.18988966941833496 seconds
Request model_5#596 arrives at 1631419.211798648, sleeping for 0.07056533521972597 seconds
Request model_5#597 arrives at 1631419.283024422, sleeping for 0.23761400766670704 seconds
Request model_2#431 arrives at 1631419.521202356, sleeping for 0.05886533623561263 seconds
Request model_5#598 arrives at 1631419.580511232, sleeping for 0.09769157227128744 seconds
Request model_6#461 arrives at 1631419.678727046, sleeping for 0.17088032118044794 seconds
Request model_4#203 arrives at 1631419.850821202, sleeping for 0.15329835913144052 seconds
Request model_3#651 arrives at 1631420.004517434, sleeping for 0.23441324848681688 seconds
Request model_3#652 arrives at 1631420.239730696, sleeping for 0.10387781588360667 seconds
Request model_5#599 arrives at 1631420.345214763, sleeping for 0.21583489631302655 seconds
Request model_4#204 arrives at 1631420.561791398, sleeping for 0.11943816905841231 seconds
Request model_3#653 arrives at 1631420.683709075, sleeping for 0.07979898038320243 seconds
Request model_2#432 arrives at 1631420.764305468, sleeping for 0.13837544340640306 seconds
Request model_3#654 arrives at 1631420.903398553, sleeping for 0.14905135869048536 seconds
Request model_6#462 arrives at 1631421.053557698, sleeping for 0.23649642150849104 seconds
Request model_3#655 arrives at 1631421.291711681, sleeping for 0.16836035042069852 seconds
Request model_4#205 arrives at 1631421.460772316, sleeping for 0.01735897082835436 seconds
Request model_6#463 arrives at 1631421.47891233, sleeping for 0.1475829987321049 seconds
Request model_2#433 arrives at 1631421.627698476, sleeping for 0.08032245701178908 seconds
Request model_3#656 arrives at 1631421.708725662, sleeping for 0.0042401752434670925 seconds
Request model_3#657 arrives at 1631421.713512547, sleeping for 0.00584745523519814 seconds
Request model_3#658 arrives at 1631421.719731443, sleeping for 0.024653683183714747 seconds
Request model_6#464 arrives at 1631421.744975469, sleeping for 0.014056972926482558 seconds
Request model_5#600 arrives at 1631421.760803205, sleeping for 0.16475311177782714 seconds
Request model_3#659 arrives at 1631421.925942061, sleeping for 0.007963392650708556 seconds
Request model_3#660 arrives at 1631421.934705476, sleeping for 0.055148172890767455 seconds
Request model_3#661 arrives at 1631421.990492046, sleeping for 0.037599712144583464 seconds
Request model_3#662 arrives at 1631422.028442516, sleeping for 0.11123566795140505 seconds
Request model_3#663 arrives at 1631422.140780653, sleeping for 0.05359025951474905 seconds
Request model_5#601 arrives at 1631422.194820311, sleeping for 0.08240294433198869 seconds
Request model_6#465 arrives at 1631422.277782082, sleeping for 0.13332472974434495 seconds
Request model_3#664 arrives at 1631422.412318812, sleeping for 0.14081931835971773 seconds
Request model_5#602 arrives at 1631422.554402798, sleeping for 0.13107033469714224 seconds
Request model_3#665 arrives at 1631422.686795553, sleeping for 0.13863916997797787 seconds
Request model_3#666 arrives at 1631422.825965938, sleeping for 0.06130089983344078 seconds
Request model_3#667 arrives at 1631422.888083245, sleeping for 0.13549721520394087 seconds
Request model_3#668 arrives at 1631423.023973606, sleeping for 0.14032697980292141 seconds
Request model_5#603 arrives at 1631423.165466348, sleeping for 0.12978382175788283 seconds
Request model_3#669 arrives at 1631423.296363161, sleeping for 0.0013634148053824902 seconds
Request model_2#434 arrives at 1631423.298293396, sleeping for 0.1616074845660478 seconds
Request model_3#670 arrives at 1631423.461191985, sleeping for 0.2867160150781274 seconds
Request model_3#671 arrives at 1631423.749421977, sleeping for 0.5065777713898569 seconds
Request model_5#604 arrives at 1631424.256481081, sleeping for 0.02687994483858347 seconds
Request model_2#435 arrives at 1631424.284404136, sleeping for 0.26230448414571583 seconds
Request model_2#436 arrives at 1631424.548689352, sleeping for 0.10569606348872185 seconds
Request model_5#605 arrives at 1631424.654836054, sleeping for 0.30090243206359446 seconds
Request model_6#466 arrives at 1631424.956409444, sleeping for 0.303984910948202 seconds
Request model_3#672 arrives at 1631425.261116238, sleeping for 0.004096482880413532 seconds
Request model_3#673 arrives at 1631425.265935073, sleeping for 0.07066928595304489 seconds
Request model_3#674 arrives at 1631425.338668229, sleeping for 0.13409751979634166 seconds
Request model_5#606 arrives at 1631425.47471821, sleeping for 0.08013577526435256 seconds
Request model_3#675 arrives at 1631425.555717987, sleeping for 0.1281359107233584 seconds
Request model_3#676 arrives at 1631425.684792457, sleeping for 0.38909780443646014 seconds
Request model_2#437 arrives at 1631426.074396176, sleeping for 0.013153274776414037 seconds
Request model_5#607 arrives at 1631426.089515687, sleeping for 0.006519306218251586 seconds
Request model_2#438 arrives at 1631426.097213524, sleeping for 0.07978860917501152 seconds
Request model_3#677 arrives at 1631426.178043639, sleeping for 0.12405405170284212 seconds
Request model_5#608 arrives at 1631426.303477013, sleeping for 0.03035997971892357 seconds
Request model_4#206 arrives at 1631426.334529401, sleeping for 0.12987622246146202 seconds
Request model_2#439 arrives at 1631426.4661339, sleeping for 0.018106493167579174 seconds
Request model_3#678 arrives at 1631426.486279968, sleeping for 0.07934510475024581 seconds
Request model_3#679 arrives at 1631426.566527939, sleeping for 0.0004793659318238497 seconds
Request model_5#609 arrives at 1631426.567297655, sleeping for 0.07287254161201417 seconds
Request model_3#680 arrives at 1631426.641791853, sleeping for 0.7709503201767802 seconds
Request model_2#440 arrives at 1631427.412956781, sleeping for 0.02183666778728366 seconds
Request model_3#681 arrives at 1631427.435701239, sleeping for 0.020904919831082225 seconds
Request model_4#207 arrives at 1631427.457685381, sleeping for 0.2378359844442457 seconds
Request model_3#682 arrives at 1631427.696457619, sleeping for 0.0804235024843365 seconds
Request model_2#441 arrives at 1631427.777610937, sleeping for 0.13453651033341885 seconds
Request model_3#683 arrives at 1631427.91393477, sleeping for 0.21174534410238266 seconds
Request model_6#467 arrives at 1631428.126349124, sleeping for 0.12070652982220054 seconds
Request model_2#442 arrives at 1631428.247559607, sleeping for 0.08031584043055773 seconds
Request model_5#610 arrives at 1631428.328793104, sleeping for 0.2775478719267994 seconds
Request model_3#684 arrives at 1631428.607475147, sleeping for 0.026972110848873854 seconds
Request model_5#611 arrives at 1631428.635855946, sleeping for 0.24955542711541057 seconds
Request model_4#208 arrives at 1631428.886236929, sleeping for 0.08228786592371762 seconds
Request model_3#685 arrives at 1631428.969560133, sleeping for 0.01065989607013762 seconds
Request model_3#686 arrives at 1631428.980848816, sleeping for 0.005190983414649963 seconds
Request model_6#468 arrives at 1631428.987116242, sleeping for 0.06326289870776236 seconds
Request model_3#687 arrives at 1631429.051937509, sleeping for 0.007015520241111517 seconds
Request model_4#209 arrives at 1631429.059302104, sleeping for 0.09942248067818582 seconds
Request model_3#688 arrives at 1631429.159897094, sleeping for 0.11503801285289228 seconds
Request model_3#689 arrives at 1631429.27613339, sleeping for 0.4807530324906111 seconds
Request model_4#210 arrives at 1631429.757635826, sleeping for 0 seconds
Request model_4#211 arrives at 1631429.75821943, sleeping for 0.029209448723122478 seconds
Request model_4#212 arrives at 1631429.787934059, sleeping for 0.015491842059418559 seconds
Request model_3#690 arrives at 1631429.804149718, sleeping for 0.3457926409319043 seconds
Request model_2#443 arrives at 1631430.150238616, sleeping for 0.04901144956238568 seconds
Request model_3#691 arrives at 1631430.199593509, sleeping for 0.22703336994163692 seconds
Request model_2#444 arrives at 1631430.427784419, sleeping for 0.1289130828808993 seconds
Request model_3#692 arrives at 1631430.557673446, sleeping for 0.3891463673207909 seconds
Request model_3#693 arrives at 1631430.947200364, sleeping for 0.05152225703932345 seconds
Request model_3#694 arrives at 1631430.999141777, sleeping for 0.029097041580826044 seconds
Request model_3#695 arrives at 1631431.028864576, sleeping for 0.24350584647618234 seconds
Request model_5#612 arrives at 1631431.273350046, sleeping for 0.09263786347582936 seconds
Request model_3#696 arrives at 1631431.36636697, sleeping for 0.03448627586476505 seconds
Request model_4#213 arrives at 1631431.401480259, sleeping for 0.19560341956093907 seconds
Request model_3#697 arrives at 1631431.597594383, sleeping for 0.09103620750829577 seconds
Request model_3#698 arrives at 1631431.689617021, sleeping for 0.07887221267446876 seconds
Request model_3#699 arrives at 1631431.768809794, sleeping for 0.003764739027246833 seconds
Request model_3#700 arrives at 1631431.773048845, sleeping for 0.06654066755436361 seconds
Request model_3#701 arrives at 1631431.84027706, sleeping for 0.2042395097669214 seconds
Request model_5#613 arrives at 1631432.045616192, sleeping for 0.05532882479019463 seconds
Request model_4#214 arrives at 1631432.101303502, sleeping for 0.16203469736501575 seconds
Request model_4#215 arrives at 1631432.264463233, sleeping for 0.05807750462554395 seconds
Request model_5#614 arrives at 1631432.323438548, sleeping for 0.04288729024119675 seconds
Request model_3#702 arrives at 1631432.36727792, sleeping for 0.005187867442145944 seconds
Request model_3#703 arrives at 1631432.372947862, sleeping for 0.09383727889508009 seconds
Request model_3#704 arrives at 1631432.467188266, sleeping for 0.2770208765286952 seconds
Request model_3#705 arrives at 1631432.745400565, sleeping for 0.5569385131821036 seconds
Request model_5#615 arrives at 1631433.302867679, sleeping for 0.06260165642015636 seconds
Request model_3#706 arrives at 1631433.367626166, sleeping for 0.10373426578007638 seconds
Request model_5#616 arrives at 1631433.471547071, sleeping for 0.20795872993767262 seconds
Request model_3#707 arrives at 1631433.681429157, sleeping for 0.29178030672483146 seconds
Request model_5#617 arrives at 1631433.97389699, sleeping for 0.0919685058761388 seconds
Request model_3#708 arrives at 1631434.067096556, sleeping for 0.10192888672463596 seconds
Request model_3#709 arrives at 1631434.16943167, sleeping for 0.0012254854664206505 seconds
Request model_2#445 arrives at 1631434.171714206, sleeping for 0.04150389297865331 seconds
Request model_3#710 arrives at 1631434.213969808, sleeping for 0.2762448503635824 seconds
Request model_6#469 arrives at 1631434.490616905, sleeping for 0.28561726538464427 seconds
Request model_4#216 arrives at 1631434.776811472, sleeping for 0.37293283618055284 seconds
Request model_3#711 arrives at 1631435.150179351, sleeping for 0.012978032929822803 seconds
Request model_4#217 arrives at 1631435.165074721, sleeping for 0.1479002176783979 seconds
Request model_3#712 arrives at 1631435.313814476, sleeping for 0.025563028873875737 seconds
Request model_4#218 arrives at 1631435.34147744, sleeping for 0.010342652210965753 seconds
Request model_5#618 arrives at 1631435.352131598, sleeping for 0.03162056137807667 seconds
Request model_3#713 arrives at 1631435.384773168, sleeping for 0.030351838329806924 seconds
Request model_3#714 arrives at 1631435.415425425, sleeping for 0.40565689746290445 seconds
Request model_5#619 arrives at 1631435.822423161, sleeping for 0.035577511647716165 seconds
Request model_2#446 arrives at 1631435.858892379, sleeping for 0.050035438034683466 seconds
Request model_2#447 arrives at 1631435.909476232, sleeping for 0.09884556080214679 seconds
Request model_3#715 arrives at 1631436.009162006, sleeping for 0.034635795978829265 seconds
Request model_2#448 arrives at 1631436.043966513, sleeping for 0.04236431932076812 seconds
Request model_2#449 arrives at 1631436.086779458, sleeping for 0.15384119376540184 seconds
Request model_2#450 arrives at 1631436.241601548, sleeping for 0.15059138229116797 seconds
Request model_3#716 arrives at 1631436.393409526, sleeping for 0.030051882378757 seconds
Request model_2#451 arrives at 1631436.424055711, sleeping for 0.05688324780203402 seconds
Request model_3#717 arrives at 1631436.481708075, sleeping for 0.16299535194411874 seconds
Request model_5#620 arrives at 1631436.645512552, sleeping for 0.12818798585794866 seconds
Request model_5#621 arrives at 1631436.77424593, sleeping for 0.006820254260674119 seconds
Request model_5#622 arrives at 1631436.781456353, sleeping for 0.09309543389827013 seconds
Request model_3#718 arrives at 1631436.875434104, sleeping for 0.0018511309754103422 seconds
Request model_3#719 arrives at 1631436.877643751, sleeping for 0.08272131904959679 seconds
Request model_5#623 arrives at 1631436.961409088, sleeping for 0.09358417871408165 seconds
Request model_2#452 arrives at 1631437.056439178, sleeping for 0.20679352385923266 seconds
Request model_3#720 arrives at 1631437.26452024, sleeping for 0.011255740420892835 seconds
Request model_5#624 arrives at 1631437.276300716, sleeping for 0.0062721960712224245 seconds
Request model_6#470 arrives at 1631437.282972245, sleeping for 0.30348202656023204 seconds
Request model_4#219 arrives at 1631437.586950884, sleeping for 0.14636496850289404 seconds
Request model_3#721 arrives at 1631437.733718125, sleeping for 0.031727255089208484 seconds
Request model_3#722 arrives at 1631437.766362485, sleeping for 0.00789847131818533 seconds
Request model_2#453 arrives at 1631437.774991059, sleeping for 0.06162726762704551 seconds
Request model_3#723 arrives at 1631437.838130553, sleeping for 0.08326880540698767 seconds
Request model_3#724 arrives at 1631437.922018601, sleeping for 0.09118475136347115 seconds
Request model_2#454 arrives at 1631438.014147789, sleeping for 0.17659069132059813 seconds
Request model_3#725 arrives at 1631438.191838928, sleeping for 0.10118503542616963 seconds
Request model_2#455 arrives at 1631438.293776428, sleeping for 0.028647807892411947 seconds
Request model_3#726 arrives at 1631438.323462877, sleeping for 0.14114238042384386 seconds
Request model_2#456 arrives at 1631438.465237591, sleeping for 0.065375373698771 seconds
Request model_3#727 arrives at 1631438.530928314, sleeping for 0.05599706480279565 seconds
Request model_3#728 arrives at 1631438.587611152, sleeping for 0.20832929736934602 seconds
Request model_3#729 arrives at 1631438.796156398, sleeping for 0.3751297539565712 seconds
Request model_3#730 arrives at 1631439.171860454, sleeping for 0.034345903899520636 seconds
Request model_2#457 arrives at 1631439.207677317, sleeping for 0.054180237697437406 seconds
Request model_3#731 arrives at 1631439.262393921, sleeping for 0.013889819150790572 seconds
Request model_3#732 arrives at 1631439.277119359, sleeping for 0.19634624547325075 seconds
Request model_6#471 arrives at 1631439.473646966, sleeping for 0.13440088578499854 seconds
Request model_4#220 arrives at 1631439.608925682, sleeping for 0.1312558464705944 seconds
Request model_3#733 arrives at 1631439.740624022, sleeping for 0.12619639583863318 seconds
Request model_4#221 arrives at 1631439.867363435, sleeping for 0.013844550354406238 seconds
Request model_4#222 arrives at 1631439.881997983, sleeping for 0.10522564686834812 seconds
Request model_3#734 arrives at 1631439.987649331, sleeping for 0.06712008500471711 seconds
Request model_6#472 arrives at 1631440.056324967, sleeping for 0.016377170104533434 seconds
Request model_6#473 arrives at 1631440.072911798, sleeping for 0.05983171844854951 seconds
Request model_3#735 arrives at 1631440.133494025, sleeping for 0.22529902402311563 seconds
Request model_3#736 arrives at 1631440.359471179, sleeping for 0.12363001122139394 seconds
Request model_3#737 arrives at 1631440.484319778, sleeping for 0.014854911947622895 seconds
Request model_2#458 arrives at 1631440.499866393, sleeping for 0.003223224077373743 seconds
Request model_5#625 arrives at 1631440.503561459, sleeping for 0.05077509582042694 seconds
Request model_2#459 arrives at 1631440.555077589, sleeping for 0.16437048697844148 seconds
Request model_5#626 arrives at 1631440.720625448, sleeping for 0.06271230755373836 seconds
Request model_3#738 arrives at 1631440.783784183, sleeping for 0.16468808916397393 seconds
Request model_3#739 arrives at 1631440.949292572, sleeping for 0.07675847504287958 seconds
Request model_3#740 arrives at 1631441.026984764, sleeping for 0.07112934114411473 seconds
Request model_6#474 arrives at 1631441.09839551, sleeping for 0.04760678904131055 seconds
Request model_2#460 arrives at 1631441.147003657, sleeping for 0.29252532962709665 seconds
Request model_2#461 arrives at 1631441.440906432, sleeping for 0.2240729897748679 seconds
Request model_3#741 arrives at 1631441.665807728, sleeping for 0.02757818019017577 seconds
Request model_3#742 arrives at 1631441.694456018, sleeping for 0.030231092823669314 seconds
Request model_6#475 arrives at 1631441.725540368, sleeping for 0.03837941214442253 seconds
Request model_3#743 arrives at 1631441.764135242, sleeping for 0.26964322524145246 seconds
Request model_6#476 arrives at 1631442.03414005, sleeping for 0.05021628993563354 seconds
Request model_3#744 arrives at 1631442.085500808, sleeping for 0.06147621269337833 seconds
Request model_3#745 arrives at 1631442.147438094, sleeping for 0.18662202032282948 seconds
Request model_6#477 arrives at 1631442.334950895, sleeping for 0.07412259746342897 seconds
Request model_5#627 arrives at 1631442.409660435, sleeping for 0.3488998159300536 seconds
Request model_3#746 arrives at 1631442.759063078, sleeping for 0.08326935977675021 seconds
Request model_6#478 arrives at 1631442.843254337, sleeping for 0.05027135647833347 seconds
Request model_3#747 arrives at 1631442.894318144, sleeping for 0.07293251762166619 seconds
Request model_3#748 arrives at 1631442.96850266, sleeping for 0.14913798100315034 seconds
Request model_4#223 arrives at 1631443.118176152, sleeping for 0.3152850870974362 seconds
Request model_3#749 arrives at 1631443.433789966, sleeping for 0.14671707479283214 seconds
Request model_2#462 arrives at 1631443.580736638, sleeping for 0.003853875445201993 seconds
Request model_3#750 arrives at 1631443.585395872, sleeping for 0.012144971173256636 seconds
Request model_3#751 arrives at 1631443.597979995, sleeping for 0.11585954972542822 seconds
Request model_5#628 arrives at 1631443.714644254, sleeping for 0.05537244747392833 seconds
Request model_3#752 arrives at 1631443.770258593, sleeping for 0.007425279822200537 seconds
Request model_3#753 arrives at 1631443.77786045, sleeping for 0.01209259033203125 seconds
Request model_3#754 arrives at 1631443.790427612, sleeping for 0.14487604447640479 seconds
Request model_3#755 arrives at 1631443.936161015, sleeping for 0.03967311070300639 seconds
Request model_2#463 arrives at 1631443.976301631, sleeping for 0.2542802388779819 seconds
Request model_3#756 arrives at 1631444.23145386, sleeping for 0.27435954520478845 seconds
Request model_2#464 arrives at 1631444.507884395, sleeping for 0.08210449572652578 seconds
Request model_5#629 arrives at 1631444.590738155, sleeping for 0.17903056018985808 seconds
Request model_2#465 arrives at 1631444.771045293, sleeping for 0.02223060792312026 seconds
Request model_3#757 arrives at 1631444.794638867, sleeping for 0.06458683032542467 seconds
Request model_4#224 arrives at 1631444.859865647, sleeping for 0.012916738400235772 seconds
Request model_5#630 arrives at 1631444.873059334, sleeping for 0.11542052938602865 seconds
Request model_3#758 arrives at 1631444.989613722, sleeping for 0.07416500756517053 seconds
Request model_2#466 arrives at 1631445.064864157, sleeping for 0.10749631910584867 seconds
Request model_3#759 arrives at 1631445.173453416, sleeping for 0.01714918320067227 seconds
Request model_3#760 arrives at 1631445.19159012, sleeping for 0.15536615485325456 seconds
Request model_5#631 arrives at 1631445.3478084, sleeping for 0.09239425789564848 seconds
Request model_5#632 arrives at 1631445.441704241, sleeping for 0.004893967416137457 seconds
Request model_3#761 arrives at 1631445.447395973, sleeping for 0.264733616495505 seconds
Request model_5#633 arrives at 1631445.713249411, sleeping for 0.020871445070952177 seconds
Request model_2#467 arrives at 1631445.734969501, sleeping for 0.0805713115260005 seconds
Request model_5#634 arrives at 1631445.815827426, sleeping for 0.1782476305961609 seconds
Request model_4#225 arrives at 1631445.994929115, sleeping for 0.046156446915119886 seconds
Request model_3#762 arrives at 1631446.042631786, sleeping for 0.07583598932251334 seconds
Request model_4#226 arrives at 1631446.119110149, sleeping for 0.1216604090295732 seconds
Request model_3#763 arrives at 1631446.24138965, sleeping for 0.004916587611660361 seconds
Request model_6#479 arrives at 1631446.247356004, sleeping for 0.06666032294742763 seconds
Request model_6#480 arrives at 1631446.31613071, sleeping for 0.0021014988888055086 seconds
Request model_3#764 arrives at 1631446.319084922, sleeping for 0.21979964594356716 seconds
Request model_6#481 arrives at 1631446.539992619, sleeping for 0.04299744823947549 seconds
Request model_3#765 arrives at 1631446.583940012, sleeping for 0.07862090319395065 seconds
Request model_3#766 arrives at 1631446.664104933, sleeping for 0.018899582559242845 seconds
Request model_6#482 arrives at 1631446.683948328, sleeping for 0.0005687142256647348 seconds
Request model_2#468 arrives at 1631446.685637651, sleeping for 0.06711259786970913 seconds
Request model_3#767 arrives at 1631446.754406517, sleeping for 0.029801923548802733 seconds
Request model_3#768 arrives at 1631446.7846739, sleeping for 0.05163836944848299 seconds
Request model_4#227 arrives at 1631446.837206697, sleeping for 0.12319310987368226 seconds
Request model_5#635 arrives at 1631446.960907658, sleeping for 0.06477214698679745 seconds
Request model_3#769 arrives at 1631447.026612952, sleeping for 0.1819994980469346 seconds
Request model_5#636 arrives at 1631447.209908141, sleeping for 0.22576049505732954 seconds
Request model_4#228 arrives at 1631447.436382759, sleeping for 0.06312857428565621 seconds
Request model_4#229 arrives at 1631447.50036609, sleeping for 0.0089793442748487 seconds
Request model_2#469 arrives at 1631447.511291811, sleeping for 0.2236345070414245 seconds
Request model_3#770 arrives at 1631447.736243197, sleeping for 0.16066204546950758 seconds
Request model_3#771 arrives at 1631447.897294353, sleeping for 0.08304596832022071 seconds
Request model_3#772 arrives at 1631447.98101944, sleeping for 0.07781505677849054 seconds
Request model_3#773 arrives at 1631448.060178992, sleeping for 0.017127837985754013 seconds
Request model_2#470 arrives at 1631448.077870963, sleeping for 0.0362387013155967 seconds
Request model_3#774 arrives at 1631448.114488273, sleeping for 0.18409260315820575 seconds
Request model_5#637 arrives at 1631448.30018576, sleeping for 0.013042107690125704 seconds
Request model_5#638 arrives at 1631448.31506298, sleeping for 0.2525350539945066 seconds
Request model_2#471 arrives at 1631448.568756417, sleeping for 0.09220397984609008 seconds
Request model_4#230 arrives at 1631448.661532991, sleeping for 0.6375331713352352 seconds
Request model_3#775 arrives at 1631449.300813008, sleeping for 0.2610407273750752 seconds
Request model_5#639 arrives at 1631449.562970959, sleeping for 0.04444686253555119 seconds
Request model_2#472 arrives at 1631449.607965509, sleeping for 0.01181822782382369 seconds
Request model_2#473 arrives at 1631449.620829864, sleeping for 0.04937394615262747 seconds
Request model_3#776 arrives at 1631449.670599711, sleeping for 0.012462628539651632 seconds
Request model_5#640 arrives at 1631449.683729288, sleeping for 1.093983966857195 seconds
Request model_5#641 arrives at 1631450.778764341, sleeping for 0.0035001421347260475 seconds
Request model_5#642 arrives at 1631450.782588169, sleeping for 0.18517447845079005 seconds
Request model_5#643 arrives at 1631450.968338157, sleeping for 0.07594798016361892 seconds
Request model_5#644 arrives at 1631451.045073402, sleeping for 0.14714537770487368 seconds
Request model_4#231 arrives at 1631451.192921931, sleeping for 0.20411837450228631 seconds
Request model_5#645 arrives at 1631451.397438087, sleeping for 0.25035434728488326 seconds
Request model_5#646 arrives at 1631451.648654397, sleeping for 0.047298479126766324 seconds
Request model_5#647 arrives at 1631451.69666971, sleeping for 0.1198066370561719 seconds
Request model_5#648 arrives at 1631451.81745949, sleeping for 0.07008357485756278 seconds
Request model_1#155 arrives at 1631451.888476903, sleeping for 0.00621915515512228 seconds
Request model_4#232 arrives at 1631451.895178732, sleeping for 0.04405427980236709 seconds
Request model_1#156 arrives at 1631451.940253044, sleeping for 0.3115037903189659 seconds
Request model_4#233 arrives at 1631452.252533843, sleeping for 0.02153512602671981 seconds
Request model_5#649 arrives at 1631452.274709716, sleeping for 0.22375611891038716 seconds
Request model_5#650 arrives at 1631452.499344821, sleeping for 0.09688013745471835 seconds
Request model_5#651 arrives at 1631452.596557566, sleeping for 0.07164825941435993 seconds
Request model_4#234 arrives at 1631452.67036294, sleeping for 0.09091841941699386 seconds
Request model_5#652 arrives at 1631452.761852304, sleeping for 0.07382466411218047 seconds
Request model_5#653 arrives at 1631452.836145471, sleeping for 0.044694294687360525 seconds
Request model_4#235 arrives at 1631452.881126122, sleeping for 0.17231030343100429 seconds
Request model_5#654 arrives at 1631453.054460418, sleeping for 0.03545491071417928 seconds
Request model_1#157 arrives at 1631453.090989367, sleeping for 0.47596902842633426 seconds
Request model_5#655 arrives at 1631453.568098881, sleeping for 0.025072265416383743 seconds
Request model_5#656 arrives at 1631453.59378292, sleeping for 0.10893992776982486 seconds
Request model_5#657 arrives at 1631453.704217073, sleeping for 0.02160686277784407 seconds
Request model_4#236 arrives at 1631453.727011991, sleeping for 0.29630592348985374 seconds
Request model_5#658 arrives at 1631454.023737826, sleeping for 0.013326867716386914 seconds
Request model_5#659 arrives at 1631454.037671759, sleeping for 0.026143751107156277 seconds
Request model_1#158 arrives at 1631454.065319132, sleeping for 0.16732083237729967 seconds
Request model_5#660 arrives at 1631454.233118608, sleeping for 0.08013590006157756 seconds
Request model_5#661 arrives at 1631454.313834742, sleeping for 0.019029849208891392 seconds
Request model_5#662 arrives at 1631454.333494097, sleeping for 0.07064319145865738 seconds
Request model_4#237 arrives at 1631454.404431719, sleeping for 0.1567416894249618 seconds
Request model_1#159 arrives at 1631454.562859656, sleeping for 0.116211062297225 seconds
Request model_5#663 arrives at 1631454.679617456, sleeping for 0.1327619617804885 seconds
Request model_5#664 arrives at 1631454.813419781, sleeping for 0.06916878279298544 seconds
Request model_5#665 arrives at 1631454.883705459, sleeping for 0.13730458496138453 seconds
Request model_5#666 arrives at 1631455.022082898, sleeping for 0.13386068143881857 seconds
Request model_2#474 arrives at 1631455.157178132, sleeping for 0.0002580259460955858 seconds
Request model_5#667 arrives at 1631455.158002708, sleeping for 0.007824728265404701 seconds
Request model_5#668 arrives at 1631455.16637729, sleeping for 0.09815149032510817 seconds
Request model_5#669 arrives at 1631455.265714712, sleeping for 0.1088386403862387 seconds
Request model_1#160 arrives at 1631455.375034387, sleeping for 0.053357369964942336 seconds
Request model_5#670 arrives at 1631455.429196636, sleeping for 0.03439249750226736 seconds
Request model_5#671 arrives at 1631455.463925101, sleeping for 1.1672061132267118 seconds
Request model_1#161 arrives at 1631456.63169543, sleeping for 0.034564097644761205 seconds
Request model_5#672 arrives at 1631456.666857349, sleeping for 0.235923882573843 seconds
Request model_5#673 arrives at 1631456.903904475, sleeping for 0.06697598262690008 seconds
Request model_5#674 arrives at 1631456.972682112, sleeping for 0.07122106640599668 seconds
Request model_4#238 arrives at 1631457.045918321, sleeping for 0.0392139432951808 seconds
Request model_4#239 arrives at 1631457.086146557, sleeping for 0.14567118743434548 seconds
Request model_5#675 arrives at 1631457.232496715, sleeping for 0.021026902133598924 seconds
Request model_5#676 arrives at 1631457.255347593, sleeping for 0.023392884759232402 seconds
Request model_1#162 arrives at 1631457.279065867, sleeping for 0.3862645272165537 seconds
Request model_5#677 arrives at 1631457.666140348, sleeping for 0.12828572862781584 seconds
Request model_5#678 arrives at 1631457.79545775, sleeping for 0.03169674193486571 seconds
Request model_5#679 arrives at 1631457.827748338, sleeping for 0.22722298745065928 seconds
Request model_1#163 arrives at 1631458.0562004, sleeping for 0.25047393958084285 seconds
Request model_5#680 arrives at 1631458.307308389, sleeping for 0.05007544136606157 seconds
Request model_5#681 arrives at 1631458.358252255, sleeping for 0.09267357154749334 seconds
Request model_4#240 arrives at 1631458.451144899, sleeping for 0.20827322313562036 seconds
Request model_1#164 arrives at 1631458.66044764, sleeping for 0.05956481141038239 seconds
Request model_1#165 arrives at 1631458.721100546, sleeping for 0.3549979159142822 seconds
Request model_5#682 arrives at 1631459.076586454, sleeping for 0.27509823394939303 seconds
Request model_5#683 arrives at 1631459.352720758, sleeping for 0.000835369573906064 seconds
Request model_4#241 arrives at 1631459.35442079, sleeping for 0.023953754222020507 seconds
Request model_4#242 arrives at 1631459.379070722, sleeping for 0.021128500811755657 seconds
Request model_5#684 arrives at 1631459.400708641, sleeping for 0.1339126203674823 seconds
Request model_5#685 arrives at 1631459.536747963, sleeping for 0.0016168877482414246 seconds
Request model_4#243 arrives at 1631459.539414352, sleeping for 0.06541662802919745 seconds
Request model_5#686 arrives at 1631459.605077006, sleeping for 0.09457963309250772 seconds
Request model_5#687 arrives at 1631459.700768821, sleeping for 0.19732950837351382 seconds
Request model_5#688 arrives at 1631459.899104481, sleeping for 0.06711820187047124 seconds
Request model_5#689 arrives at 1631459.966949031, sleeping for 0.107611765852198 seconds
Request model_4#244 arrives at 1631460.074892366, sleeping for 0.02932698931545019 seconds
Request model_4#245 arrives at 1631460.104933887, sleeping for 0.0811689340043813 seconds
Request model_5#690 arrives at 1631460.186755249, sleeping for 0.14802394132129848 seconds
Request model_5#691 arrives at 1631460.335773637, sleeping for 0.015569263836368918 seconds
Request model_5#692 arrives at 1631460.351680184, sleeping for 0.38958060136064887 seconds
Request model_5#693 arrives at 1631460.741880447, sleeping for 0.1623602465260774 seconds
Request model_5#694 arrives at 1631460.904755727, sleeping for 0.001271059736609459 seconds
Request model_5#695 arrives at 1631460.906470779, sleeping for 0.11638440983369946 seconds
Request model_4#246 arrives at 1631461.023191029, sleeping for 0.040013630874454975 seconds
Request model_5#696 arrives at 1631461.06406449, sleeping for 0.034622699953615665 seconds
Request model_5#697 arrives at 1631461.099114448, sleeping for 0.0702172217424959 seconds
Request model_1#166 arrives at 1631461.169817579, sleeping for 0.08253519260324538 seconds
Request model_5#698 arrives at 1631461.252591068, sleeping for 0.5321563454344869 seconds
Request model_5#699 arrives at 1631461.786786882, sleeping for 0.10626836796291173 seconds
Request model_5#700 arrives at 1631461.893936911, sleeping for 0.2511114173103124 seconds
Request model_5#701 arrives at 1631462.146243009, sleeping for 0.014009066391736269 seconds
Request model_5#702 arrives at 1631462.161475191, sleeping for 0.026930865366011858 seconds
Request model_4#247 arrives at 1631462.189364957, sleeping for 0.08617497165687382 seconds
Request model_5#703 arrives at 1631462.276470248, sleeping for 0.1309693376533687 seconds
Request model_5#704 arrives at 1631462.408667101, sleeping for 0.04866482107900083 seconds
Request model_5#705 arrives at 1631462.458558459, sleeping for 0.13195445737801492 seconds
Request model_4#248 arrives at 1631462.591380377, sleeping for 0.008536898531019688 seconds
Request model_5#706 arrives at 1631462.602035516, sleeping for 0.00904792733490467 seconds
Request model_5#707 arrives at 1631462.612673553, sleeping for 0.19786303350701928 seconds
Request model_4#249 arrives at 1631462.810868523, sleeping for 0.07905842014588416 seconds
Request model_5#708 arrives at 1631462.89053257, sleeping for 0.10875990171916783 seconds
Request model_4#250 arrives at 1631463.000421429, sleeping for 0.14003611425869167 seconds
Request model_5#709 arrives at 1631463.141198006, sleeping for 0.053058425430208445 seconds
Request model_1#167 arrives at 1631463.195446965, sleeping for 0.03654545149765909 seconds
Request model_4#251 arrives at 1631463.233508975, sleeping for 0.0030801238026469946 seconds
Request model_2#475 arrives at 1631463.237081912, sleeping for 0.2248630786780268 seconds
Request model_5#710 arrives at 1631463.463973573, sleeping for 0.013979532988741994 seconds
Request model_4#252 arrives at 1631463.479252765, sleeping for 0.4008626793511212 seconds
Request model_5#711 arrives at 1631463.880644821, sleeping for 0.2900704597122967 seconds
Request model_4#253 arrives at 1631464.171724875, sleeping for 0.017809251556172967 seconds
Request model_1#168 arrives at 1631464.191682801, sleeping for 0.19275913131423295 seconds
Request model_2#476 arrives at 1631464.384962015, sleeping for 0.01059381221421063 seconds
Request model_5#712 arrives at 1631464.395802645, sleeping for 0.03576161898672581 seconds
Request model_2#477 arrives at 1631464.433556183, sleeping for 0.012607933720573783 seconds
Request model_1#169 arrives at 1631464.446409447, sleeping for 0.2996660843491554 seconds
Request model_1#170 arrives at 1631464.746544548, sleeping for 0.4380732290446758 seconds
Request model_5#713 arrives at 1631465.185246388, sleeping for 0.09161567944101989 seconds
Request model_5#714 arrives at 1631465.278989939, sleeping for 0.07439456856809556 seconds
Request model_1#171 arrives at 1631465.354030601, sleeping for 0.02148861368186772 seconds
Request model_5#715 arrives at 1631465.375650191, sleeping for 0.2165792202576995 seconds
Request model_5#716 arrives at 1631465.593478184, sleeping for 0.09946160297840834 seconds
Request model_5#717 arrives at 1631465.693721683, sleeping for 0.0402150503359735 seconds
Request model_5#718 arrives at 1631465.735132408, sleeping for 0.2546417424455285 seconds
Request model_5#719 arrives at 1631465.990576389, sleeping for 0.09120434196665883 seconds
Request model_5#720 arrives at 1631466.082283054, sleeping for 0.01771710067987442 seconds
Request model_5#721 arrives at 1631466.101984199, sleeping for 0.06184848421253264 seconds
Request model_5#722 arrives at 1631466.164637951, sleeping for 0.1115032674279064 seconds
Request model_5#723 arrives at 1631466.276395254, sleeping for 0.2906853917520493 seconds
Request model_4#254 arrives at 1631466.567641318, sleeping for 0.0018090361263602972 seconds
Request model_4#255 arrives at 1631466.57059465, sleeping for 0.27905636839568615 seconds
Request model_4#256 arrives at 1631466.8503971, sleeping for 0.2766766040585935 seconds
Request model_4#257 arrives at 1631467.128846111, sleeping for 0.19199162884615362 seconds
Request model_1#172 arrives at 1631467.323079222, sleeping for 0.1650847301352769 seconds
Request model_5#724 arrives at 1631467.489542357, sleeping for 0.049363597529008985 seconds
Request model_5#725 arrives at 1631467.539792988, sleeping for 0.41442367690615356 seconds
Request model_5#726 arrives at 1631467.955006335, sleeping for 0.02056404179893434 seconds
Request model_4#258 arrives at 1631467.975846858, sleeping for 0.06008325656875968 seconds
Request model_5#727 arrives at 1631468.036823348, sleeping for 0.10492477822117507 seconds
Request model_4#259 arrives at 1631468.142931569, sleeping for 0.12436936050653458 seconds
Request model_5#728 arrives at 1631468.268474153, sleeping for 0.050394946709275246 seconds
Request model_5#729 arrives at 1631468.319477979, sleeping for 0.09151447005569935 seconds
Request model_1#173 arrives at 1631468.411749439, sleeping for 0.046089202631264925 seconds
Request model_4#260 arrives at 1631468.459023357, sleeping for 0.4080098147969693 seconds
Request model_2#478 arrives at 1631468.867920858, sleeping for 0.25968693499453366 seconds
Request model_1#174 arrives at 1631469.128489736, sleeping for 0.04875801736488938 seconds
Request model_2#479 arrives at 1631469.177540558, sleeping for 0.10024762968532741 seconds
Request model_5#730 arrives at 1631469.278020448, sleeping for 0.2301681232638657 seconds
Request model_1#175 arrives at 1631469.508696486, sleeping for 0.023968954337760806 seconds
Request model_4#261 arrives at 1631469.532951545, sleeping for 0.11888149008154869 seconds
Request model_1#176 arrives at 1631469.653250351, sleeping for 0.1176557105500251 seconds
Request model_1#177 arrives at 1631469.771587913, sleeping for 0.030676970724016428 seconds
Request model_4#262 arrives at 1631469.802870633, sleeping for 0.05415988527238369 seconds
Request model_2#480 arrives at 1631469.858003209, sleeping for 0.032545582158491015 seconds
Request model_5#731 arrives at 1631469.891281504, sleeping for 0.23769756848923862 seconds
Request model_4#263 arrives at 1631470.130634787, sleeping for 0.15246376488357782 seconds
Request model_5#732 arrives at 1631470.283531753, sleeping for 0.1688831183128059 seconds
Request model_1#178 arrives at 1631470.453014391, sleeping for 0.12455636006779969 seconds
Request model_5#733 arrives at 1631470.579079289, sleeping for 0.14107511076144874 seconds
Request model_4#264 arrives at 1631470.720672542, sleeping for 0.1055443761870265 seconds
Request model_5#734 arrives at 1631470.827042425, sleeping for 0.040292244870215654 seconds
Request model_1#179 arrives at 1631470.868603191, sleeping for 0.2324707144871354 seconds
Request model_4#265 arrives at 1631471.101771338, sleeping for 0.1247099069878459 seconds
Request model_4#266 arrives at 1631471.22697389, sleeping for 0.1458136395085603 seconds
Request model_1#180 arrives at 1631471.374187445, sleeping for 0.07562775118276477 seconds
Request model_4#267 arrives at 1631471.45097379, sleeping for 0.0019710655324161053 seconds
Request model_5#735 arrives at 1631471.45364652, sleeping for 0.08951066201552749 seconds
Request model_4#268 arrives at 1631471.54335596, sleeping for 0.13890138501301408 seconds
Request model_5#736 arrives at 1631471.68317814, sleeping for 0.019898300990462303 seconds
Request model_5#737 arrives at 1631471.703467649, sleeping for 0.044577642576768994 seconds
Request model_4#269 arrives at 1631471.749263527, sleeping for 0.0183831003960222 seconds
Request model_2#481 arrives at 1631471.769403875, sleeping for 0.044538382440805435 seconds
Request model_5#738 arrives at 1631471.814567697, sleeping for 0.1513210628181696 seconds
Request model_5#739 arrives at 1631471.96694225, sleeping for 0.1329023854341358 seconds
Request model_2#482 arrives at 1631472.100152041, sleeping for 0.816389707615599 seconds
Request model_4#270 arrives at 1631472.917156897, sleeping for 0.014471153495833278 seconds
Request model_4#271 arrives at 1631472.932093467, sleeping for 0.058055490255355835 seconds
Request model_5#740 arrives at 1631472.991054621, sleeping for 0.08836709894239902 seconds
Request model_1#181 arrives at 1631473.079797785, sleeping for 0.44548936071805656 seconds
Request model_5#741 arrives at 1631473.52579192, sleeping for 0.10564573225565255 seconds
Request model_4#272 arrives at 1631473.631724139, sleeping for 0.014894138555973768 seconds
Request model_5#742 arrives at 1631473.647038772, sleeping for 0.17875279881991446 seconds
Request model_5#743 arrives at 1631473.826430413, sleeping for 0.14272683719173074 seconds
Request model_5#744 arrives at 1631473.969514367, sleeping for 0.09219156904146075 seconds
Request model_2#483 arrives at 1631474.062835804, sleeping for 0.05851595103740692 seconds
Request model_5#745 arrives at 1631474.121744848, sleeping for 0.14746477408334613 seconds
Request model_5#746 arrives at 1631474.269690568, sleeping for 0.23887534765526652 seconds
Request model_1#182 arrives at 1631474.509747125, sleeping for 0.08253077673725784 seconds
Request model_5#747 arrives at 1631474.592700376, sleeping for 0.1650258640293032 seconds
Request model_2#484 arrives at 1631474.758704139, sleeping for 0.06262530037201941 seconds
Request model_5#748 arrives at 1631474.821951905, sleeping for 0.022656626300886273 seconds
Request model_5#749 arrives at 1631474.844830543, sleeping for 0.055517771979793906 seconds
Request model_4#273 arrives at 1631474.900927346, sleeping for 0.16069817962124944 seconds
Request model_5#750 arrives at 1631475.062106633, sleeping for 0.01722491323016584 seconds
Request model_5#751 arrives at 1631475.079596282, sleeping for 0.21537722600623965 seconds
Request model_5#752 arrives at 1631475.295649453, sleeping for 0.20063012302853167 seconds
Request model_5#753 arrives at 1631475.497002386, sleeping for 0.03303841804154217 seconds
Request model_4#274 arrives at 1631475.530244171, sleeping for 0.39367036474868655 seconds
Request model_5#754 arrives at 1631475.925064839, sleeping for 0.10931404028087854 seconds
Request model_5#755 arrives at 1631476.034798206, sleeping for 0.18135048914700747 seconds
Request model_4#275 arrives at 1631476.216604245, sleeping for 0.052335649728775024 seconds
Request model_5#756 arrives at 1631476.269572706, sleeping for 0.10196276754140854 seconds
Request model_1#183 arrives at 1631476.372648564, sleeping for 0.15376173169352114 seconds
Request model_5#757 arrives at 1631476.527054742, sleeping for 0.08935348223894835 seconds
Request model_5#758 arrives at 1631476.616797802, sleeping for 0.7617161322850734 seconds
Request model_5#759 arrives at 1631477.379302468, sleeping for 0.006970193469896913 seconds
Request model_5#760 arrives at 1631477.387614619, sleeping for 0.024239642545580864 seconds
Request model_5#761 arrives at 1631477.412351571, sleeping for 0.0756451073102653 seconds
Request model_1#184 arrives at 1631477.489080186, sleeping for 0.20384295447729528 seconds
Request model_5#762 arrives at 1631477.693919525, sleeping for 0.008530524792149663 seconds
Request model_4#276 arrives at 1631477.703226834, sleeping for 0.34391009248793125 seconds
Request model_5#763 arrives at 1631478.048597997, sleeping for 0.09192346036434174 seconds
Request model_2#485 arrives at 1631478.140821056, sleeping for 0.05959234433248639 seconds
Request model_4#277 arrives at 1631478.201991786, sleeping for 0.09013111889362335 seconds
Request model_5#764 arrives at 1631478.292720645, sleeping for 0.07099950267001987 seconds
Request model_5#765 arrives at 1631478.3654288, sleeping for 0 seconds
Request model_2#486 arrives at 1631478.365747792, sleeping for 0.0662744923029095 seconds
Request model_5#766 arrives at 1631478.432601345, sleeping for 0.03135486552491784 seconds
Request model_5#767 arrives at 1631478.464375709, sleeping for 0.2173873435240239 seconds
Request model_5#768 arrives at 1631478.682643356, sleeping for 0.031316257547587156 seconds
Request model_4#278 arrives at 1631478.714751863, sleeping for 0.335263391956687 seconds
Request model_1#185 arrives at 1631479.05113113, sleeping for 0.3103201298508793 seconds
Request model_1#186 arrives at 1631479.362418433, sleeping for 0.03148859739303589 seconds
Request model_4#279 arrives at 1631479.39472269, sleeping for 0.11601458163931966 seconds
Request model_1#187 arrives at 1631479.511761552, sleeping for 0.07752012624405324 seconds
Request model_1#188 arrives at 1631479.589479304, sleeping for 0.217324314173311 seconds
Request model_4#280 arrives at 1631479.807396299, sleeping for 0.16465943888761103 seconds
Request model_2#487 arrives at 1631479.972930538, sleeping for 0.21678802790120244 seconds
Request model_5#769 arrives at 1631480.191305686, sleeping for 0.07707523391582072 seconds
Request model_5#770 arrives at 1631480.268657107, sleeping for 0.025128209264948964 seconds
Request model_4#281 arrives at 1631480.29491538, sleeping for 0.20144495787099004 seconds
Request model_4#282 arrives at 1631480.497166809, sleeping for 0.004059953149408102 seconds
Request model_5#771 arrives at 1631480.501856004, sleeping for 0.17132111662067473 seconds
Request model_5#772 arrives at 1631480.67381601, sleeping for 0.04015069059096277 seconds
Request model_5#773 arrives at 1631480.714633241, sleeping for 0.2452356810681522 seconds
Request model_4#283 arrives at 1631480.960260959, sleeping for 0.13680504797957838 seconds
Request model_4#284 arrives at 1631481.098049354, sleeping for 0.03995461668819189 seconds
Request model_2#488 arrives at 1631481.139146857, sleeping for 0.02434446895495057 seconds
Request model_5#774 arrives at 1631481.163837609, sleeping for 0.053468159632757306 seconds
Request model_5#775 arrives at 1631481.217505504, sleeping for 0.23365834541618824 seconds
Request model_1#189 arrives at 1631481.452371694, sleeping for 0.011842651758342981 seconds
Request model_5#776 arrives at 1631481.465087707, sleeping for 0.03811883833259344 seconds
Request model_4#285 arrives at 1631481.503774103, sleeping for 0.14168557641096413 seconds
Request model_5#777 arrives at 1631481.64607814, sleeping for 0.3536414806731045 seconds
Request model_5#778 arrives at 1631482.000864063, sleeping for 0.06309198145754635 seconds
Request model_5#779 arrives at 1631482.064731243, sleeping for 0.3133175305556506 seconds
Request model_2#489 arrives at 1631482.378898737, sleeping for 0.052366966381669044 seconds
Request model_5#780 arrives at 1631482.433180337, sleeping for 0.18733989354223013 seconds
Request model_5#781 arrives at 1631482.621386463, sleeping for 0.35638275532983243 seconds
Request model_5#782 arrives at 1631482.978545053, sleeping for 0.06190752750262618 seconds
Request model_4#286 arrives at 1631483.041345096, sleeping for 0.02641725866124034 seconds
Request model_5#783 arrives at 1631483.069144561, sleeping for 0.02062257076613605 seconds
Request model_1#190 arrives at 1631483.090294496, sleeping for 0.049236825201660395 seconds
Request model_1#191 arrives at 1631483.140536026, sleeping for 0 seconds
Request model_5#784 arrives at 1631483.141159481, sleeping for 0.098513666074723 seconds
Request model_5#785 arrives at 1631483.24022035, sleeping for 0.11897298414260149 seconds
Request model_5#786 arrives at 1631483.360627607, sleeping for 0.001643277471885085 seconds
Request model_4#287 arrives at 1631483.362519841, sleeping for 0.1830915289465338 seconds
Request model_4#288 arrives at 1631483.54699354, sleeping for 0.10227113007567823 seconds
Request model_5#787 arrives at 1631483.649738106, sleeping for 0.06065562227740884 seconds
Request model_4#289 arrives at 1631483.711489111, sleeping for 0.20620504766702652 seconds
Request model_5#788 arrives at 1631483.919364812, sleeping for 0.00491376593708992 seconds
Request model_5#789 arrives at 1631483.925069644, sleeping for 0.054205084685236216 seconds
Request model_4#290 arrives at 1631483.979703307, sleeping for 0.0847757828887552 seconds
Request model_5#790 arrives at 1631484.065383728, sleeping for 0.04587339889258146 seconds
Request model_5#791 arrives at 1631484.111959721, sleeping for 0.06871251598931849 seconds
Request model_1#192 arrives at 1631484.181653734, sleeping for 0.26409496320411563 seconds
Request model_2#490 arrives at 1631484.44588695, sleeping for 0.0026065141428261995 seconds
Request model_5#792 arrives at 1631484.448885452, sleeping for 0.4078022576868534 seconds
Request model_5#793 arrives at 1631484.858835841, sleeping for 0.02891727047972381 seconds
Request model_1#193 arrives at 1631484.88861535, sleeping for 0.17269782372750342 seconds
Request model_1#194 arrives at 1631485.061855466, sleeping for 0.09065699717029929 seconds
Request model_5#794 arrives at 1631485.153083268, sleeping for 0.10345146455802023 seconds
Request model_5#795 arrives at 1631485.257277265, sleeping for 0.38882198743522167 seconds
Request model_5#796 arrives at 1631485.646447681, sleeping for 0.11207792954519391 seconds
Request model_1#195 arrives at 1631485.758901919, sleeping for 0.3396653819363564 seconds
Request model_4#291 arrives at 1631486.099747719, sleeping for 0.02785565727390349 seconds
Request model_5#797 arrives at 1631486.128131129, sleeping for 0.1974223144352436 seconds
Request model_4#292 arrives at 1631486.326164147, sleeping for 0.0015022035222500563 seconds
Request model_5#798 arrives at 1631486.328183702, sleeping for 0.12477650796063244 seconds
Request model_5#799 arrives at 1631486.453918008, sleeping for 0.14243015553802252 seconds
Request model_5#800 arrives at 1631486.597341524, sleeping for 0.12854475271888077 seconds
Request model_5#801 arrives at 1631486.726774317, sleeping for 0.01793085690587759 seconds
Request model_2#491 arrives at 1631486.746444292, sleeping for 0.16164621035568416 seconds
Request model_5#802 arrives at 1631486.909179151, sleeping for 0.12076771655119956 seconds
Request model_2#492 arrives at 1631487.030303023, sleeping for 0.0618133251555264 seconds
Request model_1#196 arrives at 1631487.094191663, sleeping for 0.00886326632462442 seconds
Request model_1#197 arrives at 1631487.104129376, sleeping for 0.023737287614494562 seconds
Request model_1#198 arrives at 1631487.128749808, sleeping for 0.2717519255820662 seconds
Request model_1#199 arrives at 1631487.401680618, sleeping for 0.4901142737362534 seconds
Request model_4#293 arrives at 1631487.892952716, sleeping for 0.05727895209565759 seconds
Request model_5#803 arrives at 1631487.950943973, sleeping for 0.048011767910793424 seconds
Request model_5#804 arrives at 1631487.999260409, sleeping for 0.07633777894079685 seconds
Request model_5#805 arrives at 1631488.076635049, sleeping for 0.0016872219275683165 seconds
Request model_5#806 arrives at 1631488.079291369, sleeping for 0.5206235176883638 seconds
Request model_5#807 arrives at 1631488.601012571, sleeping for 0.0010584488045424223 seconds
Request model_5#808 arrives at 1631488.60224164, sleeping for 0.17060519033111632 seconds
Request model_5#809 arrives at 1631488.773228819, sleeping for 0.18247795454226434 seconds
Request model_5#810 arrives at 1631488.956115476, sleeping for 0.11183214723132551 seconds
Request model_5#811 arrives at 1631489.069216709, sleeping for 0.0038670573849231005 seconds
Request model_4#294 arrives at 1631489.07336873, sleeping for 0.2845787671394646 seconds
Request model_4#295 arrives at 1631489.358946672, sleeping for 0.015812213299795985 seconds
Request model_5#812 arrives at 1631489.375646806, sleeping for 0.01723506022244692 seconds
Request model_1#200 arrives at 1631489.393310205, sleeping for 0.06939655798487365 seconds
Request model_5#813 arrives at 1631489.462986569, sleeping for 0.2587435038294643 seconds
Request model_5#814 arrives at 1631489.722328699, sleeping for 0.030973400454968214 seconds
Request model_5#815 arrives at 1631489.754045922, sleeping for 0.14792248886078596 seconds
Request model_4#296 arrives at 1631489.902628997, sleeping for 0.049074914772063494 seconds
Request model_1#201 arrives at 1631489.952819026, sleeping for 0.1553587920498103 seconds
Request model_1#202 arrives at 1631490.109077067, sleeping for 0.1439192104153335 seconds
Request model_5#816 arrives at 1631490.253769492, sleeping for 0.08630494470708072 seconds
Request model_4#297 arrives at 1631490.341047345, sleeping for 0.08072652178816497 seconds
Request model_5#817 arrives at 1631490.422346884, sleeping for 0.1504467544145882 seconds
Request model_5#818 arrives at 1631490.573116664, sleeping for 0.001895080553367734 seconds
Request model_5#819 arrives at 1631490.575355191, sleeping for 0.2376754004508257 seconds
Request model_2#493 arrives at 1631490.814026699, sleeping for 0.053906435146927834 seconds
Request model_1#203 arrives at 1631490.868743272, sleeping for 0.020448735216632485 seconds
Request model_5#820 arrives at 1631490.889530185, sleeping for 0.012577713932842016 seconds
Request model_4#298 arrives at 1631490.904199313, sleeping for 0.060021028155460954 seconds
Request model_4#299 arrives at 1631490.96487746, sleeping for 0.0012951218523085117 seconds
Request model_5#821 arrives at 1631490.966557712, sleeping for 0.3122486073989421 seconds
Request model_5#822 arrives at 1631491.279483437, sleeping for 0.18563034711405635 seconds
Request model_2#494 arrives at 1631491.465750539, sleeping for 0.12151765055023134 seconds
Request model_5#823 arrives at 1631491.587493155, sleeping for 0.0030171170365065336 seconds
Request model_5#824 arrives at 1631491.591179403, sleeping for 0.3201274669263512 seconds
Request model_5#825 arrives at 1631491.911810724, sleeping for 0.4010181576013565 seconds
Request model_4#300 arrives at 1631492.31320378, sleeping for 0.013279239181429148 seconds
Request model_1#204 arrives at 1631492.328237321, sleeping for 0.4579623711761087 seconds
Request model_5#826 arrives at 1631492.786707537, sleeping for 0.05543438089080155 seconds
Request model_4#301 arrives at 1631492.842620699, sleeping for 0.03390438528731465 seconds
Request model_4#302 arrives at 1631492.877622697, sleeping for 0.2283335281535983 seconds
Request model_4#303 arrives at 1631493.106518543, sleeping for 0.09758384805172682 seconds
Request model_5#827 arrives at 1631493.20527436, sleeping for 0.04033702635206282 seconds
Request model_5#828 arrives at 1631493.246649625, sleeping for 0.4374615445267409 seconds
Request model_5#829 arrives at 1631493.685125564, sleeping for 0.40320552815683186 seconds
Request model_5#830 arrives at 1631494.089545102, sleeping for 0.26191475125961006 seconds
Request model_5#831 arrives at 1631494.352143036, sleeping for 0.0017034157644957304 seconds
Request model_4#304 arrives at 1631494.354903796, sleeping for 0.07737146061845124 seconds
Request model_5#832 arrives at 1631494.433013562, sleeping for 0.04423186299391091 seconds
Request model_5#833 arrives at 1631494.477677491, sleeping for 0.2604442941956222 seconds
Request model_5#834 arrives at 1631494.739825412, sleeping for 0.04245335562154651 seconds
Request model_4#305 arrives at 1631494.782893049, sleeping for 0.1052770942915231 seconds
Request model_5#835 arrives at 1631494.889114001, sleeping for 0.0625516171567142 seconds
Request model_5#836 arrives at 1631494.95282973, sleeping for 0.05370635981671512 seconds
Request model_5#837 arrives at 1631495.007616434, sleeping for 0.3289364641532302 seconds
Request model_5#838 arrives at 1631495.337714085, sleeping for 0.1281191324815154 seconds
Request model_4#306 arrives at 1631495.466594504, sleeping for 0.21645641676150262 seconds
Request model_4#307 arrives at 1631495.683770243, sleeping for 0.10314556257799268 seconds
Request model_5#839 arrives at 1631495.788782317, sleeping for 0.09948134259320796 seconds
Request model_4#308 arrives at 1631495.889143936, sleeping for 0.08218138758093119 seconds
Request model_5#840 arrives at 1631495.972360599, sleeping for 0.20207427511923015 seconds
Request model_5#841 arrives at 1631496.17477727, sleeping for 0.03177914000116289 seconds
Request model_4#309 arrives at 1631496.206861956, sleeping for 0.03496110695414245 seconds
Request model_4#310 arrives at 1631496.242164986, sleeping for 0.0098598706535995 seconds
Request model_4#311 arrives at 1631496.253102537, sleeping for 0.14242334151640534 seconds
Request model_1#205 arrives at 1631496.397348439, sleeping for 0.1469403577502817 seconds
Request model_5#842 arrives at 1631496.544663934, sleeping for 0.01949863857589662 seconds
Request model_1#206 arrives at 1631496.565284186, sleeping for 0.08786110207438469 seconds
Request model_1#207 arrives at 1631496.65415385, sleeping for 0.15782222570851445 seconds
Request model_5#843 arrives at 1631496.8129411, sleeping for 0.33660809230059385 seconds
Request model_5#844 arrives at 1631497.14974565, sleeping for 0.059378193924203515 seconds
Request model_1#208 arrives at 1631497.210637019, sleeping for 0.001473231939598918 seconds
Request model_5#845 arrives at 1631497.212273741, sleeping for 0.04740466084331274 seconds
Request model_4#312 arrives at 1631497.259920622, sleeping for 0.00017502927221357822 seconds
Request model_5#846 arrives at 1631497.260323195, sleeping for 0.1364930362906307 seconds
Request model_2#495 arrives at 1631497.397563405, sleeping for 0.0027795848436653614 seconds
Request model_5#847 arrives at 1631497.401258133, sleeping for 0.19849167158827186 seconds
Request model_1#209 arrives at 1631497.601066964, sleeping for 0.2390084604267031 seconds
Request model_5#848 arrives at 1631497.841628186, sleeping for 0.16897889296524227 seconds
Request model_1#210 arrives at 1631498.011507917, sleeping for 0.03441080707125366 seconds
Request model_5#849 arrives at 1631498.046811627, sleeping for 0.024513159412890673 seconds
Request model_4#313 arrives at 1631498.071456299, sleeping for 0.1369904037564993 seconds
Request model_5#850 arrives at 1631498.209372405, sleeping for 0.37106861593201756 seconds
Request model_1#211 arrives at 1631498.581428754, sleeping for 0.04448272613808513 seconds
Request model_4#314 arrives at 1631498.626104973, sleeping for 0.18810449889861047 seconds
Request model_1#212 arrives at 1631498.81564136, sleeping for 0.07735713035799563 seconds
Request model_5#851 arrives at 1631498.893882216, sleeping for 0.17763842456042767 seconds
Request model_1#213 arrives at 1631499.072087778, sleeping for 0.12426927499473095 seconds
Request model_4#315 arrives at 1631499.196751406, sleeping for 0.05631385976448655 seconds
Request model_5#852 arrives at 1631499.253963088, sleeping for 0.26451527047902346 seconds
Request model_4#316 arrives at 1631499.519460143, sleeping for 0.30143815791234374 seconds
Request model_5#853 arrives at 1631499.821942001, sleeping for 0.12675546342507005 seconds
Request model_5#854 arrives at 1631499.949763092, sleeping for 0.05243547260761261 seconds
Request model_5#855 arrives at 1631500.004173683, sleeping for 0.061718067387118936 seconds
Request model_5#856 arrives at 1631500.066928765, sleeping for 0.12159513309597969 seconds
Request model_2#496 arrives at 1631500.188966524, sleeping for 0.0666968987789005 seconds
Request model_5#857 arrives at 1631500.25766335, sleeping for 0.1544348665047437 seconds
Request model_5#858 arrives at 1631500.41239481, sleeping for 0.2894169329665601 seconds
Request model_5#859 arrives at 1631500.702450006, sleeping for 0.40524362307041883 seconds
Request model_4#317 arrives at 1631501.109142701, sleeping for 0.062279357109218836 seconds
Request model_5#860 arrives at 1631501.171907674, sleeping for 0.08070954587310553 seconds
Request model_5#861 arrives at 1631501.253644485, sleeping for 0.0866734569426626 seconds
Request model_2#497 arrives at 1631501.342398589, sleeping for 0.06836979580111802 seconds
Request model_4#318 arrives at 1631501.411537528, sleeping for 0.04936159402132034 seconds
Request model_1#214 arrives at 1631501.461235114, sleeping for 0.1793312975205481 seconds
Request model_5#862 arrives at 1631501.64127092, sleeping for 0.16858455422334373 seconds
Request model_5#863 arrives at 1631501.810475736, sleeping for 0.005327087128534913 seconds
Request model_1#215 arrives at 1631501.816713972, sleeping for 0.014613717561587691 seconds
Request model_2#498 arrives at 1631501.831828344, sleeping for 0.0028823884204030037 seconds
Request model_1#216 arrives at 1631501.835278969, sleeping for 0.32751799561083317 seconds
Request model_5#864 arrives at 1631502.163891199, sleeping for 0.03429009462706745 seconds
Request model_4#319 arrives at 1631502.198450444, sleeping for 0.14849660359323025 seconds
Request model_4#320 arrives at 1631502.347811094, sleeping for 0.016380910063162446 seconds
Request model_5#865 arrives at 1631502.365163292, sleeping for 0.020379046676680446 seconds
Request model_5#866 arrives at 1631502.385824994, sleeping for 0.2108076245058328 seconds
Request model_5#867 arrives at 1631502.59707492, sleeping for 0.0828970274887979 seconds
Request model_5#868 arrives at 1631502.680468354, sleeping for 0.03751871548593044 seconds
Request model_4#321 arrives at 1631502.718619505, sleeping for 0.07666838495060802 seconds
Request model_5#869 arrives at 1631502.796294637, sleeping for 0.0917955485638231 seconds
Request model_4#322 arrives at 1631502.888463206, sleeping for 0.011665169149637222 seconds
Request model_4#323 arrives at 1631502.900690736, sleeping for 0.09019356803037226 seconds
Request model_5#870 arrives at 1631502.992063049, sleeping for 0.18786830850876868 seconds
Request model_5#871 arrives at 1631503.180347275, sleeping for 0.05504353507421911 seconds
Request model_5#872 arrives at 1631503.236114556, sleeping for 0.07352044759318233 seconds
Request model_4#324 arrives at 1631503.309838389, sleeping for 0.291665778728202 seconds
Request model_5#873 arrives at 1631503.602165962, sleeping for 0.008722739527001977 seconds
Request model_4#325 arrives at 1631503.612838681, sleeping for 0.04421662213280797 seconds
Request model_5#874 arrives at 1631503.657367269, sleeping for 0.1787772076204419 seconds
Request model_1#217 arrives at 1631503.837054093, sleeping for 0.18750053201802075 seconds
Request model_5#875 arrives at 1631504.025071477, sleeping for 0.14111841190606356 seconds
Request model_4#326 arrives at 1631504.166835431, sleeping for 0.12858211295679212 seconds
Request model_5#876 arrives at 1631504.295844691, sleeping for 0.04701654543168843 seconds
Request model_5#877 arrives at 1631504.343520972, sleeping for 0.07158162700943649 seconds
Request model_4#327 arrives at 1631504.417230256, sleeping for 0.17224626219831407 seconds
Request model_5#878 arrives at 1631504.589994078, sleeping for 0.1209419013466686 seconds
Request model_2#499 arrives at 1631504.711914136, sleeping for 0.24305004882626235 seconds
Request model_4#328 arrives at 1631504.955715012, sleeping for 0.02623118134215474 seconds
Request model_5#879 arrives at 1631504.983457526, sleeping for 0.005137463798746467 seconds
Request model_4#329 arrives at 1631504.989020017, sleeping for 0.03261925745755434 seconds
Request model_5#880 arrives at 1631505.022573674, sleeping for 0.11687890929169953 seconds
Request model_4#330 arrives at 1631505.139899018, sleeping for 0.3198580560274422 seconds
Request model_5#881 arrives at 1631505.460774461, sleeping for 0.0031431165989488363 seconds
Request model_5#882 arrives at 1631505.46463577, sleeping for 0.06538341008126736 seconds
Request model_4#331 arrives at 1631505.530248833, sleeping for 0.034543794579803944 seconds
Request model_1#218 arrives at 1631505.564917988, sleeping for 0.005991057259961963 seconds
Request model_5#883 arrives at 1631505.571499017, sleeping for 0.12863299250602722 seconds
Request model_5#884 arrives at 1631505.700688128, sleeping for 0.009121416136622429 seconds
Request model_4#332 arrives at 1631505.711365697, sleeping for 0.057863081805408 seconds
Request model_5#885 arrives at 1631505.769943618, sleeping for 0.01887556305155158 seconds
Request model_5#886 arrives at 1631505.789506882, sleeping for 0.04951782803982496 seconds
Request model_1#219 arrives at 1631505.839243079, sleeping for 0.09952884772792459 seconds
Request model_5#887 arrives at 1631505.93989999, sleeping for 0.01688606827519834 seconds
Request model_2#500 arrives at 1631505.957716401, sleeping for 0.02603133046068251 seconds
Request model_5#888 arrives at 1631505.985357095, sleeping for 0.09276635642163455 seconds
Request model_5#889 arrives at 1631506.079084615, sleeping for 0.06859870813786983 seconds
Request model_5#890 arrives at 1631506.148103444, sleeping for 0.01826688414439559 seconds
Request model_5#891 arrives at 1631506.1680263, sleeping for 0.13207979453727603 seconds
Request model_5#892 arrives at 1631506.301025959, sleeping for 0.16445667925290763 seconds
Request model_4#333 arrives at 1631506.46661536, sleeping for 0.17773079010657966 seconds
Request model_1#220 arrives at 1631506.645750329, sleeping for 0.03796230722218752 seconds
Request model_5#893 arrives at 1631506.684592775, sleeping for 0.06737024383619428 seconds
Request model_5#894 arrives at 1631506.753455952, sleeping for 0.34258288354612887 seconds
Request model_5#895 arrives at 1631507.09665374, sleeping for 0.03341287490911782 seconds
Request model_4#334 arrives at 1631507.130862852, sleeping for 0.07601664448156953 seconds
Request model_5#896 arrives at 1631507.20805779, sleeping for 0.09716070699505508 seconds
Request model_4#335 arrives at 1631507.30714696, sleeping for 0.13475074572488666 seconds
Request model_4#336 arrives at 1631507.443040071, sleeping for 0.051869329530745745 seconds
Request model_5#897 arrives at 1631507.495343436, sleeping for 0.050650673219934106 seconds
Request model_4#337 arrives at 1631507.546521103, sleeping for 0.1811288024764508 seconds
Request model_5#898 arrives at 1631507.729074458, sleeping for 0.3015998969785869 seconds
Request model_4#338 arrives at 1631508.031940808, sleeping for 0.1051674634218216 seconds
Request model_1#221 arrives at 1631508.138322781, sleeping for 0.02223068126477301 seconds
Request model_5#899 arrives at 1631508.161545933, sleeping for 0.2638697426300496 seconds
Request model_5#900 arrives at 1631508.425836209, sleeping for 0.19436649000272155 seconds
Request model_4#339 arrives at 1631508.620960977, sleeping for 0.33560519688762724 seconds
Request model_5#901 arrives at 1631508.957976979, sleeping for 0.13715558405965567 seconds
Request model_5#902 arrives at 1631509.095932375, sleeping for 0.005199636798352003 seconds
Request model_1#222 arrives at 1631509.101613917, sleeping for 0.10919423005543649 seconds
Request model_1#223 arrives at 1631509.211081583, sleeping for 0.035615616012364626 seconds
Request model_5#903 arrives at 1631509.247795983, sleeping for 0.121728481259197 seconds
Request model_5#904 arrives at 1631509.370109454, sleeping for 0.05206712847575545 seconds
Request model_5#905 arrives at 1631509.424422994, sleeping for 0.05139113520272076 seconds
Request model_5#906 arrives at 1631509.47674431, sleeping for 0.10108934994786978 seconds
Request model_1#224 arrives at 1631509.579703198, sleeping for 0.28140032454393804 seconds
Request model_1#225 arrives at 1631509.861876006, sleeping for 0.10949042555876076 seconds
Request model_5#907 arrives at 1631509.97237214, sleeping for 0.06388736539520323 seconds
Request model_4#340 arrives at 1631510.037184157, sleeping for 0.09721771185286343 seconds
Request model_5#908 arrives at 1631510.134948447, sleeping for 0.09607851901091635 seconds
Request model_5#909 arrives at 1631510.2316637, sleeping for 0.03761046682484448 seconds
Request model_5#910 arrives at 1631510.270345944, sleeping for 0.03333561168983579 seconds
Request model_5#911 arrives at 1631510.303984912, sleeping for 0.022456571692600846 seconds
Request model_5#912 arrives at 1631510.326671869, sleeping for 0.054027995094656944 seconds
Request model_2#501 arrives at 1631510.381995537, sleeping for 0.0037934163119643927 seconds
Request model_5#913 arrives at 1631510.386649591, sleeping for 0.19277510256506503 seconds
Request model_4#341 arrives at 1631510.580285827, sleeping for 0.22560062119737267 seconds
Request model_1#226 arrives at 1631510.806726985, sleeping for 0.08102589286863804 seconds
Request model_5#914 arrives at 1631510.888239625, sleeping for 0.011775441002100706 seconds
Request model_4#342 arrives at 1631510.900930119, sleeping for 0.1036428224761039 seconds
Request model_4#343 arrives at 1631511.006688848, sleeping for 0.2849902433808893 seconds
Request model_1#227 arrives at 1631511.291945889, sleeping for 0.00732669304125011 seconds
Request model_5#915 arrives at 1631511.299791916, sleeping for 0.22344501852057874 seconds
Request model_4#344 arrives at 1631511.524420771, sleeping for 0.053158233873546124 seconds
Request model_4#345 arrives at 1631511.578204327, sleeping for 0.2528525658417493 seconds
Request model_4#346 arrives at 1631511.831489722, sleeping for 0.012773029506206512 seconds
Request model_5#916 arrives at 1631511.846362772, sleeping for 0.10287545109167695 seconds
Request model_5#917 arrives at 1631511.949597373, sleeping for 0.13330509141087532 seconds
Request model_5#918 arrives at 1631512.083735491, sleeping for 0.18322225008159876 seconds
Request model_1#228 arrives at 1631512.268108369, sleeping for 0.028540011728182435 seconds
Request model_5#919 arrives at 1631512.396383303, sleeping for 0 seconds
Request model_5#920 arrives at 1631512.396769466, sleeping for 0.001139544416218996 seconds
Request model_1#229 arrives at 1631512.398582599, sleeping for 0.3570450737606734 seconds
Request model_5#921 arrives at 1631512.756485375, sleeping for 0.02971971803344786 seconds
Request model_5#922 arrives at 1631512.786636637, sleeping for 0.0035987149458378553 seconds
Request model_5#923 arrives at 1631512.790547196, sleeping for 0.045674480963498354 seconds
Request model_5#924 arrives at 1631512.837377231, sleeping for 0.053613991010934114 seconds
Request model_5#925 arrives at 1631512.892450227, sleeping for 0.07307727495208383 seconds
Request model_5#926 arrives at 1631512.965788937, sleeping for 0.17617151187732816 seconds
Request model_5#927 arrives at 1631513.142946562, sleeping for 0.20680309273302555 seconds
Request model_5#928 arrives at 1631513.35042922, sleeping for 0.011091901920735836 seconds
Request model_5#929 arrives at 1631513.362248647, sleeping for 0.014287271071225405 seconds
Request model_5#930 arrives at 1631513.377157227, sleeping for 0.21015594131313264 seconds
Request model_5#931 arrives at 1631513.588085481, sleeping for 0.23418066441081464 seconds
Request model_5#932 arrives at 1631513.8229698, sleeping for 0.020116617437452078 seconds
Request model_5#933 arrives at 1631513.843666913, sleeping for 0.03384269471280277 seconds
Request model_5#934 arrives at 1631513.87863819, sleeping for 0.14077623537741601 seconds
Request model_5#935 arrives at 1631514.020467375, sleeping for 0.5291254622861743 seconds
Request model_4#347 arrives at 1631514.550955162, sleeping for 0.06944203097373247 seconds
Request model_5#936 arrives at 1631514.621399711, sleeping for 0.8049643933773041 seconds
Request model_4#348 arrives at 1631515.427421108, sleeping for 0.13056427263654768 seconds
Request model_5#937 arrives at 1631515.558452173, sleeping for 0.16874237405136228 seconds
Request model_5#938 arrives at 1631515.728335904, sleeping for 0.10607015271671116 seconds
Request model_4#349 arrives at 1631515.83509284, sleeping for 0.023767839651554823 seconds
Request model_5#939 arrives at 1631515.860484308, sleeping for 0.03723836177960038 seconds
Request model_5#940 arrives at 1631515.898345056, sleeping for 0.24931077705696225 seconds
Request model_4#350 arrives at 1631516.148496419, sleeping for 0.4281256212852895 seconds
Request model_1#230 arrives at 1631516.577544699, sleeping for 0.044914578553289175 seconds
Request model_5#941 arrives at 1631516.623328936, sleeping for 0.011139078298583627 seconds
Request model_5#942 arrives at 1631516.635013132, sleeping for 0.09220960736274719 seconds
Request model_4#351 arrives at 1631516.728220089, sleeping for 0.11610154528170824 seconds
Request model_5#943 arrives at 1631516.845485452, sleeping for 0.4083602577447891 seconds
Request model_5#944 arrives at 1631517.254956978, sleeping for 0.06733269686810672 seconds
Request model_5#945 arrives at 1631517.323427623, sleeping for 0.16044528875499964 seconds
Request model_5#946 arrives at 1631517.484810961, sleeping for 0.050461537670344114 seconds
Request model_5#947 arrives at 1631517.536075149, sleeping for 0.06629375251941383 seconds
Request model_5#948 arrives at 1631517.603481575, sleeping for 0.0042055388912558556 seconds
Request model_2#502 arrives at 1631517.608659143, sleeping for 0.6283198751043528 seconds
Request model_4#352 arrives at 1631518.237540386, sleeping for 0.5070488722994924 seconds
Request model_4#353 arrives at 1631518.74587298, sleeping for 0.32397523731924593 seconds
Request model_5#949 arrives at 1631519.070275909, sleeping for 0.0324083745945245 seconds
Request model_5#950 arrives at 1631519.103071891, sleeping for 0.18820869456976652 seconds
Request model_5#951 arrives at 1631519.291885342, sleeping for 0.021385453874245286 seconds
Request model_5#952 arrives at 1631519.313632501, sleeping for 0.10039288946427405 seconds
Request model_4#354 arrives at 1631519.414473944, sleeping for 0.06076753791421652 seconds
Request model_4#355 arrives at 1631519.475744676, sleeping for 0.11585363140329719 seconds
Request model_5#953 arrives at 1631519.592091082, sleeping for 0.31062593730166554 seconds
Request model_4#356 arrives at 1631519.904672095, sleeping for 0.037184816086664796 seconds
Request model_4#357 arrives at 1631519.942952116, sleeping for 0.17065581120550632 seconds
Request model_5#954 arrives at 1631520.11437592, sleeping for 0.16609510080888867 seconds
Request model_5#955 arrives at 1631520.280990377, sleeping for 0.010324974078685045 seconds
Request model_4#358 arrives at 1631520.291753936, sleeping for 0.015304372878745198 seconds
Request model_1#231 arrives at 1631520.307892094, sleeping for 0.05117958108894527 seconds
Request model_5#956 arrives at 1631520.359686626, sleeping for 0.26501161488704383 seconds
Request model_1#232 arrives at 1631520.625337863, sleeping for 0.05682557029649615 seconds
Request model_5#957 arrives at 1631520.683141078, sleeping for 0.1394184143282473 seconds
Request model_5#958 arrives at 1631520.823531263, sleeping for 0.36958668753504753 seconds
Request model_5#959 arrives at 1631521.194177983, sleeping for 0.014907306293025613 seconds
Request model_1#233 arrives at 1631521.209874858, sleeping for 0.02438857755623758 seconds
Request model_5#960 arrives at 1631521.235135344, sleeping for 0.09038572269491851 seconds
Request model_5#961 arrives at 1631521.326473357, sleeping for 0.09191537043079734 seconds
Request model_5#962 arrives at 1631521.418561975, sleeping for 0.05234133917838335 seconds
Request model_5#963 arrives at 1631521.472234901, sleeping for 0.007472039666026831 seconds
Request model_5#964 arrives at 1631521.479879897, sleeping for 0.21987379156053066 seconds
Request model_5#965 arrives at 1631521.700595743, sleeping for 0.21530945668928325 seconds
Request model_4#359 arrives at 1631521.916833455, sleeping for 0.1385082695633173 seconds
Request model_5#966 arrives at 1631522.056562324, sleeping for 0.26945051667280495 seconds
Request model_1#234 arrives at 1631522.326374982, sleeping for 0.2814412775915116 seconds
Request model_5#967 arrives at 1631522.608860182, sleeping for 0.07156332232989371 seconds
Request model_4#360 arrives at 1631522.682204123, sleeping for 0.615049189189449 seconds
Request model_4#361 arrives at 1631523.298031249, sleeping for 0.022476064739748836 seconds
Request model_4#362 arrives at 1631523.321537052, sleeping for 0.13313694880343974 seconds
Request model_4#363 arrives at 1631523.455391078, sleeping for 0.013420786941424012 seconds
Request model_1#235 arrives at 1631523.470747041, sleeping for 0.06588797527365386 seconds
Request model_1#236 arrives at 1631523.537325801, sleeping for 0.011463249335065484 seconds
Request model_6#483 arrives at 1631523.549555441, sleeping for 0.3291957557667047 seconds
Request model_5#968 arrives at 1631523.879614812, sleeping for 0.31036096159368753 seconds
Request model_6#484 arrives at 1631524.191228337, sleeping for 0.01910750148817897 seconds
Request model_2#503 arrives at 1631524.210901183, sleeping for 0.045095692621544003 seconds
Request model_6#485 arrives at 1631524.257000042, sleeping for 0.15608371910639107 seconds
Request model_6#486 arrives at 1631524.413729106, sleeping for 0.40123623167164624 seconds
Request model_6#487 arrives at 1631524.815721028, sleeping for 0.005578311858698726 seconds
Request model_6#488 arrives at 1631524.821780292, sleeping for 0.007938375696539879 seconds
Request model_6#489 arrives at 1631524.829998962, sleeping for 0.33948155236430466 seconds
Request model_5#969 arrives at 1631525.170528601, sleeping for 0.06444199453108013 seconds
Request model_2#504 arrives at 1631525.23555948, sleeping for 0.2833347120322287 seconds
Request model_4#364 arrives at 1631525.520038305, sleeping for 0.31668789591640234 seconds
Request model_4#365 arrives at 1631525.83705049, sleeping for 0.04284801729954779 seconds
Request model_4#366 arrives at 1631525.880540091, sleeping for 0.01849736995063722 seconds
Request model_4#367 arrives at 1631525.900752879, sleeping for 0.03634127578698099 seconds
Request model_5#970 arrives at 1631525.9388259, sleeping for 0.14710564957931638 seconds
Request model_6#490 arrives at 1631526.087241013, sleeping for 0.03625838877633214 seconds
Request model_6#491 arrives at 1631526.125458714, sleeping for 0.08612404344603419 seconds
Request model_6#492 arrives at 1631526.212658957, sleeping for 0.2589973115827888 seconds
Request model_2#505 arrives at 1631526.47237005, sleeping for 0.09018437843769789 seconds
Request model_2#506 arrives at 1631526.562777106, sleeping for 0.010520734591409564 seconds
Request model_4#368 arrives at 1631526.573461914, sleeping for 0.01515869190916419 seconds
Request model_4#369 arrives at 1631526.589290231, sleeping for 0.03804206917993724 seconds
Request model_4#370 arrives at 1631526.627955936, sleeping for 0.002789013087749481 seconds
Request model_4#371 arrives at 1631526.631650263, sleeping for 0.1587430639192462 seconds
Request model_4#372 arrives at 1631526.791168738, sleeping for 0.2265142914839089 seconds
Request model_6#493 arrives at 1631527.018097569, sleeping for 0.031553577864542603 seconds
Request model_2#507 arrives at 1631527.050318117, sleeping for 0.08776050107553601 seconds
Request model_6#494 arrives at 1631527.139135501, sleeping for 0.04181120521388948 seconds
Request model_4#373 arrives at 1631527.181823895, sleeping for 0.34913850645534694 seconds
Request model_4#374 arrives at 1631527.531874053, sleeping for 0.15281098522245884 seconds
Request model_6#495 arrives at 1631527.685867897, sleeping for 0.017587034963071346 seconds
Request model_6#496 arrives at 1631527.70387568, sleeping for 0.12829892640002072 seconds
Request model_6#497 arrives at 1631527.832970892, sleeping for 0.09885790292173624 seconds
Request model_6#498 arrives at 1631527.932582895, sleeping for 0.07779277465306222 seconds
Request model_6#499 arrives at 1631528.011144114, sleeping for 0.36270036175847054 seconds
Request model_4#375 arrives at 1631528.374264788, sleeping for 0.13425664836540818 seconds
Request model_2#508 arrives at 1631528.509117002, sleeping for 0.06830728985369205 seconds
Request model_6#500 arrives at 1631528.5781603, sleeping for 0.07504744571633637 seconds
Request model_6#501 arrives at 1631528.653392764, sleeping for 0.0034856190904974937 seconds
Request model_5#971 arrives at 1631528.657977098, sleeping for 0.22999417455866933 seconds
Request model_6#502 arrives at 1631528.889103701, sleeping for 0.01657034200616181 seconds
Request model_6#503 arrives at 1631528.905908575, sleeping for 0.06991555099375546 seconds
Request model_6#504 arrives at 1631528.976175652, sleeping for 0.024088300531730056 seconds
Request model_4#376 arrives at 1631529.000861064, sleeping for 0.18083559535443783 seconds
Request model_4#377 arrives at 1631529.182879675, sleeping for 0.26532687805593014 seconds
Request model_1#237 arrives at 1631529.449168906, sleeping for 0.2581189142074436 seconds
Request model_6#505 arrives at 1631529.708410896, sleeping for 0.06289683422073722 seconds
Request model_5#972 arrives at 1631529.771975124, sleeping for 0.01682821405120194 seconds
Request model_4#378 arrives at 1631529.789772705, sleeping for 0.09590205107815564 seconds
Request model_6#506 arrives at 1631529.886045385, sleeping for 0.31286001368425786 seconds
Request model_6#507 arrives at 1631530.199939756, sleeping for 0.06627406226471066 seconds
Request model_6#508 arrives at 1631530.267217622, sleeping for 0.20048841694369912 seconds
Request model_6#509 arrives at 1631530.468508194, sleeping for 0.11617095349356532 seconds
Request model_6#510 arrives at 1631530.585288955, sleeping for 0.1275058351457119 seconds
============================================================
BENCHMARK RESULTS
============================================================
Completed requests: 3387
Aborted requests: 0
Request throughput: 7.59 req/s
Input throughput: 2327.71 tokens/s
Output throughput: 1250.04 tokens/s
Mean TTFT: 226.4 ms
P99 TTFT: 2457.3 ms
Mean TPOT: 82.9 ms
P99 TPOT: 516.4 ms
Mean Latency: 12552.5 ms
P99 Latency: 66398.3 ms
============================================================
Results saved to /workspace/prism-merge/exp/results/final-prototype-vs-paper-faithful/raw/armC-final-overlap/raw/paper-faithful-v6/bursty/rate_8/seed_1
Requests saved to /workspace/prism-merge/exp/results/final-prototype-vs-paper-faithful/raw/armC-final-overlap/raw/paper-faithful-v6/bursty/rate_8/seed_1/requests
