Real trace file: /workspace/prism-merge/exp/workloads/final-compare/steady_r20_s1.pkl
[PRISM_DIRECT] 8423 requests, span 419.8s
Starting TP benchmark: released-prototype_steady_rate20_seed1
Generated 8423 requests
Request model_1#0 arrives at 1605308.289775818, sleeping for 0.0025225109420716763 seconds
Request model_2#0 arrives at 1605308.292944724, sleeping for 0.03834009123966098 seconds
Request model_5#0 arrives at 1605308.33157582, sleeping for 0.015460992930456996 seconds
Request model_3#0 arrives at 1605308.347231401, sleeping for 0.1672006626613438 seconds
Request model_3#1 arrives at 1605308.514958893, sleeping for 0.056142969988286495 seconds
Request model_3#2 arrives at 1605308.5716206, sleeping for 0.0645374373998493 seconds
Request model_4#0 arrives at 1605308.636676757, sleeping for 0.35941982502117753 seconds
Request model_4#1 arrives at 1605308.996818507, sleeping for 0.04238702496513724 seconds
Request model_5#1 arrives at 1605309.040212503, sleeping for 0.2433333545923233 seconds
Request model_6#0 arrives at 1605309.284173915, sleeping for 0.016716521698981524 seconds
Request model_5#2 arrives at 1605309.301590632, sleeping for 0.19490203424356878 seconds
Request model_1#1 arrives at 1605309.49747231, sleeping for 0.2541954207699746 seconds
Request model_6#1 arrives at 1605309.752840609, sleeping for 0.019136770395562053 seconds
Request model_5#3 arrives at 1605309.772872237, sleeping for 0.060644153505563736 seconds
Request model_6#2 arrives at 1605309.834552946, sleeping for 0.018491699127480388 seconds
Request model_5#4 arrives at 1605309.854220582, sleeping for 0.03554231324233115 seconds
Request model_6#3 arrives at 1605309.891842599, sleeping for 0.003257074160501361 seconds
Request model_3#3 arrives at 1605309.895527709, sleeping for 0.0018786902073770761 seconds
Request model_3#4 arrives at 1605309.898277962, sleeping for 0.037776407320052385 seconds
Request model_6#4 arrives at 1605309.936942118, sleeping for 0.04548139590770006 seconds
Request model_3#5 arrives at 1605309.982611222, sleeping for 0.057954666670411825 seconds
Request model_6#5 arrives at 1605310.041320116, sleeping for 0.11956603615544736 seconds
Request model_3#6 arrives at 1605310.162229623, sleeping for 0.008049073396250606 seconds
Request model_3#7 arrives at 1605310.170560423, sleeping for 0.008646551752462983 seconds
Request model_5#5 arrives at 1605310.17968433, sleeping for 0.009729985613375902 seconds
Request model_5#6 arrives at 1605310.190723793, sleeping for 0.026198868174105883 seconds
Request model_6#6 arrives at 1605310.21887271, sleeping for 0.06330566015094519 seconds
Request model_3#8 arrives at 1605310.283292952, sleeping for 0.01912216329947114 seconds
Request model_5#7 arrives at 1605310.303780194, sleeping for 0.03548685181885958 seconds
Request model_5#8 arrives at 1605310.339896658, sleeping for 0.0680491819512099 seconds
Request model_5#9 arrives at 1605310.408840438, sleeping for 0.011486058589071035 seconds
Request model_2#1 arrives at 1605310.42090195, sleeping for 0.02956518717110157 seconds
Request model_2#2 arrives at 1605310.450804021, sleeping for 0.1088551408611238 seconds
Request model_5#10 arrives at 1605310.56004378, sleeping for 0.015240402426570654 seconds
Request model_5#11 arrives at 1605310.576178556, sleeping for 0.0014771746937185526 seconds
Request model_3#9 arrives at 1605310.578224143, sleeping for 0.17609300510957837 seconds
Request model_4#2 arrives at 1605310.75491606, sleeping for 0.07521883444860578 seconds
Request model_5#12 arrives at 1605310.830964759, sleeping for 0.026658703573048115 seconds
Request model_2#3 arrives at 1605310.858572652, sleeping for 0.04210426355712116 seconds
Request model_5#13 arrives at 1605310.901190011, sleeping for 0.08256694371812046 seconds
Request model_5#14 arrives at 1605310.984935695, sleeping for 0.0026693670079112053 seconds
Request model_2#4 arrives at 1605310.98799646, sleeping for 0.12032573879696429 seconds
Request model_2#5 arrives at 1605311.108861148, sleeping for 0.01667554210871458 seconds
Request model_5#15 arrives at 1605311.125918001, sleeping for 0.02879701810888946 seconds
Request model_5#16 arrives at 1605311.155676022, sleeping for 0.06518837157636881 seconds
Request model_3#10 arrives at 1605311.221465775, sleeping for 0.1774040414020419 seconds
Request model_4#3 arrives at 1605311.399300671, sleeping for 0.14722924726083875 seconds
Request model_5#17 arrives at 1605311.547530878, sleeping for 0.0768578730057925 seconds
Request model_1#2 arrives at 1605311.624805298, sleeping for 0.006969778798520565 seconds
Request model_2#6 arrives at 1605311.632640584, sleeping for 0.14751959731802344 seconds
Request model_5#18 arrives at 1605311.780856351, sleeping for 0.02352656447328627 seconds
Request model_3#11 arrives at 1605311.804883863, sleeping for 0.2540619249921292 seconds
Request model_5#19 arrives at 1605312.059932648, sleeping for 0.09931183489970863 seconds
Request model_6#7 arrives at 1605312.159922779, sleeping for 0.05479741655290127 seconds
Request model_3#12 arrives at 1605312.21591729, sleeping for 0.030346127226948738 seconds
Request model_2#7 arrives at 1605312.247088143, sleeping for 0.046331902500241995 seconds
Request model_3#13 arrives at 1605312.29431673, sleeping for 0.000739741837605834 seconds
Request model_3#14 arrives at 1605312.296154645, sleeping for 0.1955984835512936 seconds
Request model_4#4 arrives at 1605312.49290792, sleeping for 0.1321497089229524 seconds
Request model_4#5 arrives at 1605312.62608526, sleeping for 0.025485687889158726 seconds
Request model_6#8 arrives at 1605312.651963308, sleeping for 0.07007201272062957 seconds
Request model_3#15 arrives at 1605312.722874014, sleeping for 0.03724490664899349 seconds
Request model_5#20 arrives at 1605312.761004875, sleeping for 0.03182557411491871 seconds
Request model_5#21 arrives at 1605312.793812561, sleeping for 0.07797885336913168 seconds
Request model_4#6 arrives at 1605312.872761555, sleeping for 0.028445521602407098 seconds
Request model_2#8 arrives at 1605312.901949031, sleeping for 0.06192753021605313 seconds
Request model_6#9 arrives at 1605312.965123642, sleeping for 0.022663667798042297 seconds
Request model_4#7 arrives at 1605312.988279827, sleeping for 0.02666792762465775 seconds
Request model_3#16 arrives at 1605313.076792831, sleeping for 0.019393388647586107 seconds
Request model_6#10 arrives at 1605313.097332944, sleeping for 0.0863302310463041 seconds
Request model_2#9 arrives at 1605313.184591078, sleeping for 0.03585616056807339 seconds
Request model_4#8 arrives at 1605313.221021284, sleeping for 0.07722541107796133 seconds
Request model_3#17 arrives at 1605313.299346013, sleeping for 0.0879089783411473 seconds
Request model_6#11 arrives at 1605313.388954577, sleeping for 0.008274439256638288 seconds
Request model_5#22 arrives at 1605313.398376406, sleeping for 0.05861942493356764 seconds
Request model_2#10 arrives at 1605313.457618404, sleeping for 0.13885756535455585 seconds
Request model_5#23 arrives at 1605313.598467629, sleeping for 0.030810399679467082 seconds
Request model_2#11 arrives at 1605313.629970734, sleeping for 0.022900376468896866 seconds
Request model_3#18 arrives at 1605313.653537102, sleeping for 0.01778414356522262 seconds
Request model_2#12 arrives at 1605313.672407571, sleeping for 0.011314868927001953 seconds
Request model_2#13 arrives at 1605313.684964566, sleeping for 0.009722905931994319 seconds
Request model_5#24 arrives at 1605313.695711387, sleeping for 0.11117256432771683 seconds
Request model_3#19 arrives at 1605313.807179144, sleeping for 0.02869882551021874 seconds
Request model_3#20 arrives at 1605313.836503051, sleeping for 0.03627217747271061 seconds
Request model_6#12 arrives at 1605313.873484472, sleeping for 0.1487974680494517 seconds
Request model_2#14 arrives at 1605314.02305687, sleeping for 0.02599853347055614 seconds
Request model_5#25 arrives at 1605314.049756354, sleeping for 0.05065471353009343 seconds
Request model_4#9 arrives at 1605314.101034616, sleeping for 0.0029284502379596233 seconds
Request model_4#10 arrives at 1605314.104537205, sleeping for 0.010875863721594214 seconds
Request model_5#26 arrives at 1605314.115682779, sleeping for 0.022273762617260218 seconds
Request model_2#15 arrives at 1605314.138768453, sleeping for 0.009293410228565335 seconds
Request model_1#3 arrives at 1605314.149938707, sleeping for 0 seconds
Request model_2#16 arrives at 1605314.1503509, sleeping for 0.019702504388988018 seconds
Request model_1#4 arrives at 1605314.170811652, sleeping for 0.022397978929802775 seconds
Request model_5#27 arrives at 1605314.194521712, sleeping for 0.012752889655530453 seconds
Request model_4#11 arrives at 1605314.207959565, sleeping for 0.01876980345696211 seconds
Request model_6#13 arrives at 1605314.228123684, sleeping for 0.08512763609178364 seconds
Request model_2#17 arrives at 1605314.314529231, sleeping for 0.025878143962472677 seconds
Request model_3#21 arrives at 1605314.340951203, sleeping for 0.10126690403558314 seconds
Request model_2#18 arrives at 1605314.44284098, sleeping for 0.003897251794114709 seconds
Request model_5#28 arrives at 1605314.447265137, sleeping for 0.0018042856827378273 seconds
Request model_5#29 arrives at 1605314.449369355, sleeping for 0.0022852036636322737 seconds
Request model_3#22 arrives at 1605314.452296829, sleeping for 0.09311759960837662 seconds
Request model_2#19 arrives at 1605314.546046298, sleeping for 0.00742494547739625 seconds
Request model_2#20 arrives at 1605314.554356908, sleeping for 0.0007843817584216595 seconds
Request model_4#12 arrives at 1605314.555368826, sleeping for 0.06618847139179707 seconds
Request model_2#21 arrives at 1605314.6223945, sleeping for 0.05769779020920396 seconds
Request model_1#5 arrives at 1605314.680878092, sleeping for 0.01439101411961019 seconds
Request model_3#23 arrives at 1605314.696592674, sleeping for 0.03929627011530101 seconds
Request model_4#13 arrives at 1605314.737612359, sleeping for 0.125444466015324 seconds
Request model_3#24 arrives at 1605314.863447497, sleeping for 0.05084967636503279 seconds
Request model_4#14 arrives at 1605314.915120572, sleeping for 0.02744967327453196 seconds
Request model_3#25 arrives at 1605314.943546071, sleeping for 0 seconds
Request model_2#22 arrives at 1605314.944067705, sleeping for 0.03596139210276306 seconds
Request model_3#26 arrives at 1605314.982085325, sleeping for 0.04231746424920857 seconds
Request model_6#14 arrives at 1605315.025402599, sleeping for 0.024675050284713507 seconds
Request model_2#23 arrives at 1605315.050918714, sleeping for 0.1691899795550853 seconds
Request model_1#6 arrives at 1605315.220756122, sleeping for 0.006554158870130777 seconds
Request model_3#27 arrives at 1605315.227888472, sleeping for 0.0005768425762653351 seconds
Request model_5#30 arrives at 1605315.22883265, sleeping for 0.06848767306655645 seconds
Request model_5#31 arrives at 1605315.297683889, sleeping for 0.0856945482082665 seconds
Request model_2#24 arrives at 1605315.384135375, sleeping for 0.018966547679156065 seconds
Request model_6#15 arrives at 1605315.404472377, sleeping for 0.03701100102625787 seconds
Request model_2#25 arrives at 1605315.443131152, sleeping for 0.05830946075730026 seconds
Request model_5#32 arrives at 1605315.502632672, sleeping for 0.04277930688112974 seconds
Request model_5#33 arrives at 1605315.546161968, sleeping for 0.03556463681161404 seconds
Request model_6#16 arrives at 1605315.582657285, sleeping for 0.04479083977639675 seconds
Request model_6#17 arrives at 1605315.627826575, sleeping for 0.0038318175356835127 seconds
Request model_3#28 arrives at 1605315.632208271, sleeping for 0.02475697360932827 seconds
Request model_6#18 arrives at 1605315.658051199, sleeping for 0.2722630533389747 seconds
Request model_6#19 arrives at 1605315.931210016, sleeping for 0.008539787027984858 seconds
Request model_5#34 arrives at 1605315.939923129, sleeping for 0.013840818079188466 seconds
Request model_1#7 arrives at 1605315.955076876, sleeping for 0.039096293272450566 seconds
Request model_4#15 arrives at 1605315.994410407, sleeping for 0.03252935502678156 seconds
Request model_6#20 arrives at 1605316.027601776, sleeping for 0.037937700748443604 seconds
Request model_5#35 arrives at 1605316.066670555, sleeping for 0.05731474352069199 seconds
Request model_6#21 arrives at 1605316.124882014, sleeping for 0.08049573702737689 seconds
Request model_3#29 arrives at 1605316.206276599, sleeping for 0.002280925400555134 seconds
Request model_4#16 arrives at 1605316.209682857, sleeping for 0.0237228786572814 seconds
Request model_4#17 arrives at 1605316.233674839, sleeping for 0.043188328854739666 seconds
Request model_4#18 arrives at 1605316.277963051, sleeping for 0.010338372085243464 seconds
Request model_5#36 arrives at 1605316.289320457, sleeping for 0.012730859452858567 seconds
Request model_5#37 arrives at 1605316.302483938, sleeping for 0.1081897052936256 seconds
Request model_3#30 arrives at 1605316.41219041, sleeping for 0.037997687235474586 seconds
Request model_4#19 arrives at 1605316.450694094, sleeping for 0.009759123902767897 seconds
Request model_5#38 arrives at 1605316.46218437, sleeping for 0.0099021818023175 seconds
Request model_5#39 arrives at 1605316.472551857, sleeping for 0.012127016205340624 seconds
Request model_3#31 arrives at 1605316.485010342, sleeping for 0.07676746300421655 seconds
Request model_6#22 arrives at 1605316.562231131, sleeping for 0.00021194643341004848 seconds
Request model_5#40 arrives at 1605316.56328854, sleeping for 0.02700049290433526 seconds
Request model_2#26 arrives at 1605316.591347516, sleeping for 0.0312575651332736 seconds
Request model_3#32 arrives at 1605316.622942902, sleeping for 0.02691485802643001 seconds
Request model_3#33 arrives at 1605316.651327311, sleeping for 0.05923186126165092 seconds
Request model_6#23 arrives at 1605316.712787947, sleeping for 0.02461644820868969 seconds
Request model_5#41 arrives at 1605316.738028809, sleeping for 4.004477523267269e-05 seconds
Request model_6#24 arrives at 1605316.738701525, sleeping for 0.07506480859592557 seconds
Request model_5#42 arrives at 1605316.814528823, sleeping for 0.12991858320310712 seconds
Request model_5#43 arrives at 1605316.945349942, sleeping for 0.11534757842309773 seconds
Request model_1#8 arrives at 1605317.061279357, sleeping for 0.01446550409309566 seconds
Request model_1#9 arrives at 1605317.076199682, sleeping for 0.005748842377215624 seconds
Request model_1#10 arrives at 1605317.08299876, sleeping for 0.08200791128911078 seconds
Request model_5#44 arrives at 1605317.165802766, sleeping for 0.022684102412313223 seconds
Request model_5#45 arrives at 1605317.188768979, sleeping for 0.03927477146498859 seconds
Request model_6#25 arrives at 1605317.228836496, sleeping for 0.021357718156650662 seconds
Request model_3#34 arrives at 1605317.25080166, sleeping for 0.08489180193282664 seconds
Request model_4#20 arrives at 1605317.336047277, sleeping for 0.060752125922590494 seconds
Request model_5#46 arrives at 1605317.397750616, sleeping for 0.004135268274694681 seconds
Request model_5#47 arrives at 1605317.402341904, sleeping for 0.0026086613070219755 seconds
Request model_6#26 arrives at 1605317.405976805, sleeping for 0.01565986266359687 seconds
Request model_4#21 arrives at 1605317.422548084, sleeping for 0.1381664709188044 seconds
Request model_6#27 arrives at 1605317.561271391, sleeping for 0.0027018734253942966 seconds
Request model_5#48 arrives at 1605317.564523208, sleeping for 0.04067330085672438 seconds
Request model_1#11 arrives at 1605317.605713594, sleeping for 0.0074339748825877905 seconds
Request model_4#22 arrives at 1605317.613913803, sleeping for 0.022582892794162035 seconds
Request model_2#27 arrives at 1605317.636918326, sleeping for 0.014553986955434084 seconds
Request model_4#23 arrives at 1605317.652072764, sleeping for 0.021997774951159954 seconds
Request model_1#12 arrives at 1605317.675258359, sleeping for 0.027266114484518766 seconds
Request model_2#28 arrives at 1605317.703691978, sleeping for 0.004326655995100737 seconds
Request model_3#35 arrives at 1605317.708988402, sleeping for 0.004586189286783338 seconds
Request model_4#24 arrives at 1605317.713838183, sleeping for 0.002469469793140888 seconds
Request model_5#49 arrives at 1605317.716696087, sleeping for 0.032992277527228 seconds
Request model_5#50 arrives at 1605317.750523121, sleeping for 0.061436734860762954 seconds
Request model_3#36 arrives at 1605317.812920696, sleeping for 0.022325691068544984 seconds
Request model_5#51 arrives at 1605317.836256992, sleeping for 0.1557935222517699 seconds
Request model_3#37 arrives at 1605317.992388055, sleeping for 0.004342135041952133 seconds
Request model_4#25 arrives at 1605317.997088744, sleeping for 0.0539241589140147 seconds
Request model_5#52 arrives at 1605318.051778334, sleeping for 0.03010081173852086 seconds
Request model_1#13 arrives at 1605318.088615204, sleeping for 0.041793531039729714 seconds
Request model_3#38 arrives at 1605318.131861127, sleeping for 0.10315849003382027 seconds
Request model_3#39 arrives at 1605318.236093553, sleeping for 0.11947274394333363 seconds
Request model_1#14 arrives at 1605318.356973899, sleeping for 0.0869550546631217 seconds
Request model_3#40 arrives at 1605318.444300864, sleeping for 0.06415397371165454 seconds
Request model_3#41 arrives at 1605318.509026978, sleeping for 0.147808485198766 seconds
Request model_5#53 arrives at 1605318.657203953, sleeping for 0.018246939638629556 seconds
Request model_6#28 arrives at 1605318.676917329, sleeping for 0.05657034134492278 seconds
Request model_5#54 arrives at 1605318.735097578, sleeping for 0.1621966667007655 seconds
Request model_2#29 arrives at 1605318.899256328, sleeping for 0.0354956747032702 seconds
Request model_1#15 arrives at 1605318.935277251, sleeping for 0.02691462868824601 seconds
Request model_3#42 arrives at 1605318.963148455, sleeping for 0.03774453210644424 seconds
Request model_5#55 arrives at 1605319.001086474, sleeping for 0.05232657608576119 seconds
Request model_3#43 arrives at 1605319.054697205, sleeping for 0.009695007232949138 seconds
Request model_3#44 arrives at 1605319.065425225, sleeping for 0.10956396162509918 seconds
Request model_5#56 arrives at 1605319.176153765, sleeping for 0.007082109339535236 seconds
Request model_5#57 arrives at 1605319.184103772, sleeping for 0.18722773483023047 seconds
Request model_3#45 arrives at 1605319.371569528, sleeping for 0.08264796063303947 seconds
Request model_4#26 arrives at 1605319.454674446, sleeping for 0.08882661629468203 seconds
Request model_3#46 arrives at 1605319.544475601, sleeping for 0.023465633625164628 seconds
Request model_5#58 arrives at 1605319.568470723, sleeping for 0.1716762303840369 seconds
Request model_6#29 arrives at 1605319.741480777, sleeping for 0.039851376321166754 seconds
Request model_5#59 arrives at 1605319.782451191, sleeping for 0.04278125357814133 seconds
Request model_2#30 arrives at 1605319.825417563, sleeping for 0.022253524279221892 seconds
Request model_5#60 arrives at 1605319.848435376, sleeping for 0.0037093719001859426 seconds
Request model_3#47 arrives at 1605319.853157485, sleeping for 0.03047002386301756 seconds
Request model_1#16 arrives at 1605319.883822533, sleeping for 0.10341194551438093 seconds
Request model_3#48 arrives at 1605319.987811947, sleeping for 0.03977672546170652 seconds
Request model_3#49 arrives at 1605320.02851505, sleeping for 0.0774581809528172 seconds
Request model_4#27 arrives at 1605320.106329163, sleeping for 0.04844063031487167 seconds
Request model_4#28 arrives at 1605320.155033663, sleeping for 0.11249898746609688 seconds
Request model_4#29 arrives at 1605320.267793761, sleeping for 0.0005724073853343725 seconds
Request model_3#50 arrives at 1605320.269490125, sleeping for 0.0933032725006342 seconds
Request model_4#30 arrives at 1605320.364678765, sleeping for 0.0011253044940531254 seconds
Request model_5#61 arrives at 1605320.366316828, sleeping for 0.05351543496362865 seconds
Request model_3#51 arrives at 1605320.420922217, sleeping for 0.00023340736515820026 seconds
Request model_3#52 arrives at 1605320.421409171, sleeping for 0.0063610083889216185 seconds
Request model_5#62 arrives at 1605320.428123188, sleeping for 0.01408971007913351 seconds
Request model_6#30 arrives at 1605320.442515529, sleeping for 0.12923787091858685 seconds
Request model_4#31 arrives at 1605320.572725793, sleeping for 0 seconds
Request model_5#63 arrives at 1605320.573032336, sleeping for 0.07223686599172652 seconds
Request model_6#31 arrives at 1605320.645615986, sleeping for 0.043428916251286864 seconds
Request model_1#17 arrives at 1605320.689567125, sleeping for 0.08501850976608694 seconds
Request model_5#64 arrives at 1605320.775637799, sleeping for 0.199371250346303 seconds
Request model_3#53 arrives at 1605320.975890751, sleeping for 0.053052206290885806 seconds
Request model_3#54 arrives at 1605321.030180507, sleeping for 0.009470376186072826 seconds
Request model_2#31 arrives at 1605321.041663394, sleeping for 0.009603201877325773 seconds
Request model_5#65 arrives at 1605321.052545876, sleeping for 0.08027241076342762 seconds
Request model_1#18 arrives at 1605321.133609647, sleeping for 0.047695230692625046 seconds
Request model_2#32 arrives at 1605321.181983473, sleeping for 0.14920105575583875 seconds
Request model_4#32 arrives at 1605321.331677211, sleeping for 0.060966927325353026 seconds
Request model_2#33 arrives at 1605321.393108787, sleeping for 0.07563104224391282 seconds
Request model_5#66 arrives at 1605321.468927004, sleeping for 0.011732080485671759 seconds
Request model_5#67 arrives at 1605321.481004976, sleeping for 0.07079148082993925 seconds
Request model_3#55 arrives at 1605321.552665428, sleeping for 0.21260636928491294 seconds
Request model_5#68 arrives at 1605321.766493295, sleeping for 0.008171446155756712 seconds
Request model_3#56 arrives at 1605321.775094797, sleeping for 0.10849961871281266 seconds
Request model_3#57 arrives at 1605321.88484119, sleeping for 0.0236738296225667 seconds
Request model_3#58 arrives at 1605321.909297325, sleeping for 0.028063228353857994 seconds
Request model_3#59 arrives at 1605321.938649022, sleeping for 0.0003957841545343399 seconds
Request model_5#69 arrives at 1605321.939767971, sleeping for 0.031289222184568644 seconds
Request model_2#34 arrives at 1605321.972297304, sleeping for 0.00766772823408246 seconds
Request model_3#60 arrives at 1605321.980755365, sleeping for 0.020072422921657562 seconds
Request model_4#33 arrives at 1605322.001928603, sleeping for 0.0297827972099185 seconds
Request model_2#35 arrives at 1605322.032466, sleeping for 0.041115060448646545 seconds
Request model_4#34 arrives at 1605322.074027929, sleeping for 0.018076460575684905 seconds
Request model_5#70 arrives at 1605322.092528125, sleeping for 0.002231547376140952 seconds
Request model_5#71 arrives at 1605322.095009776, sleeping for 0.08475658274255693 seconds
Request model_5#72 arrives at 1605322.180184171, sleeping for 0.0695837119128555 seconds
Request model_5#73 arrives at 1605322.250820665, sleeping for 0.1592002436518669 seconds
Request model_1#19 arrives at 1605322.411277893, sleeping for 0.11060427129268646 seconds
Request model_3#61 arrives at 1605322.522514597, sleeping for 0 seconds
Request model_3#62 arrives at 1605322.523165883, sleeping for 0.009026317857205868 seconds
Request model_4#35 arrives at 1605322.534265236, sleeping for 0.021077397279441357 seconds
Request model_5#74 arrives at 1605322.556717215, sleeping for 0.13918845332227647 seconds
Request model_3#63 arrives at 1605322.696754231, sleeping for 0.1009455022867769 seconds
Request model_2#36 arrives at 1605322.798096473, sleeping for 0.06352928024716675 seconds
Request model_6#32 arrives at 1605322.862793387, sleeping for 0.013563619693741202 seconds
Request model_2#37 arrives at 1605322.878004454, sleeping for 0.032545327208936214 seconds
Request model_5#75 arrives at 1605322.911026652, sleeping for 0.007485057692974806 seconds
Request model_3#64 arrives at 1605323.002559141, sleeping for 0 seconds
Request model_2#38 arrives at 1605323.003004765, sleeping for 0 seconds
Request model_6#33 arrives at 1605323.003386718, sleeping for 0.015487402444705367 seconds
Request model_3#65 arrives at 1605323.019347892, sleeping for 0.030582586769014597 seconds
Request model_5#76 arrives at 1605323.051015098, sleeping for 0.0006794605869799852 seconds
Request model_3#66 arrives at 1605323.052732572, sleeping for 0.08323113759979606 seconds
Request model_5#77 arrives at 1605323.136424116, sleeping for 0.04433651268482208 seconds
Request model_5#78 arrives at 1605323.181814207, sleeping for 0.1276925471611321 seconds
Request model_5#79 arrives at 1605323.310417487, sleeping for 0.197303157299757 seconds
Request model_3#67 arrives at 1605323.509036966, sleeping for 0.03708710987120867 seconds
Request model_3#68 arrives at 1605323.547454919, sleeping for 0.00550383934751153 seconds
Request model_3#69 arrives at 1605323.553735872, sleeping for 0.060781618813052773 seconds
Request model_3#70 arrives at 1605323.616103905, sleeping for 0.04289536434225738 seconds
Request model_5#80 arrives at 1605323.659658992, sleeping for 0.020453672856092453 seconds
Request model_2#39 arrives at 1605323.68094199, sleeping for 0.042028560070320964 seconds
Request model_2#40 arrives at 1605323.724226404, sleeping for 0.014377492712810636 seconds
Request model_3#71 arrives at 1605323.739767245, sleeping for 0.03003510646522045 seconds
Request model_5#81 arrives at 1605323.771181379, sleeping for 0.02366124140098691 seconds
Request model_3#72 arrives at 1605323.796050587, sleeping for 0.03923858026973903 seconds
Request model_4#36 arrives at 1605323.836260365, sleeping for 0.026030010310932994 seconds
Request model_5#82 arrives at 1605323.864458192, sleeping for 0.07216059067286551 seconds
Request model_6#34 arrives at 1605323.938614575, sleeping for 0.03613730054348707 seconds
Request model_5#83 arrives at 1605323.976969697, sleeping for 0.061871421756222844 seconds
Request model_5#84 arrives at 1605324.040142558, sleeping for 0.08185606589540839 seconds
Request model_2#41 arrives at 1605324.122359769, sleeping for 0.033534408546984196 seconds
Request model_3#73 arrives at 1605324.156623017, sleeping for 0.05748070450499654 seconds
Request model_1#20 arrives at 1605324.214858316, sleeping for 0.07003071485087276 seconds
Request model_2#42 arrives at 1605324.285271127, sleeping for 0.07881131186150014 seconds
Request model_3#74 arrives at 1605324.364635974, sleeping for 0.032274228520691395 seconds
Request model_2#43 arrives at 1605324.398310457, sleeping for 0.08308464265428483 seconds
Request model_5#85 arrives at 1605324.482395533, sleeping for 0.15769495768472552 seconds
Request model_4#37 arrives at 1605324.642325087, sleeping for 0.07665451103821397 seconds
Request model_4#38 arrives at 1605324.719660996, sleeping for 0.04241333482787013 seconds
Request model_2#44 arrives at 1605324.763047871, sleeping for 0.07905580522492528 seconds
Request model_5#86 arrives at 1605324.844299813, sleeping for 0.10843554348684847 seconds
Request model_1#21 arrives at 1605324.954000645, sleeping for 0.05642558145336807 seconds
Request model_3#75 arrives at 1605325.010708541, sleeping for 0.050335408421233296 seconds
Request model_6#35 arrives at 1605325.061656949, sleeping for 0.024264069739729166 seconds
Request model_3#76 arrives at 1605325.086334767, sleeping for 0.03377318475395441 seconds
Request model_3#77 arrives at 1605325.121012918, sleeping for 0 seconds
Request model_2#45 arrives at 1605325.121345571, sleeping for 0.01724240672774613 seconds
Request model_2#46 arrives at 1605325.139220001, sleeping for 0.15469457139261067 seconds
Request model_6#36 arrives at 1605325.294392324, sleeping for 0.07578554260544479 seconds
Request model_3#78 arrives at 1605325.371898075, sleeping for 0.10099334479309618 seconds
Request model_5#87 arrives at 1605325.473544749, sleeping for 0.1151205082423985 seconds
Request model_5#88 arrives at 1605325.589610554, sleeping for 0.027976232348009944 seconds
Request model_5#89 arrives at 1605325.618560097, sleeping for 0.004300175933167338 seconds
Request model_4#39 arrives at 1605325.623398278, sleeping for 0.12590425531379879 seconds
Request model_6#37 arrives at 1605325.74984383, sleeping for 0.041544347535818815 seconds
Request model_3#79 arrives at 1605325.791681131, sleeping for 0.05825266079045832 seconds
Request model_6#38 arrives at 1605325.850961999, sleeping for 0.0029648186173290014 seconds
Request model_2#47 arrives at 1605325.85465352, sleeping for 0.043256687466055155 seconds
Request model_4#40 arrives at 1605325.898497358, sleeping for 0.019932422786951065 seconds
Request model_5#90 arrives at 1605325.919179522, sleeping for 0.016123739304021 seconds
Request model_5#91 arrives at 1605325.935852932, sleeping for 0.1276659369468689 seconds
Request model_5#92 arrives at 1605326.065279929, sleeping for 0.012267359998077154 seconds
Request model_4#41 arrives at 1605326.078271998, sleeping for 0.02139265206642449 seconds
Request model_5#93 arrives at 1605326.09992694, sleeping for 0.004315285477787256 seconds
Request model_5#94 arrives at 1605326.10461929, sleeping for 0.1267193341627717 seconds
Request model_3#80 arrives at 1605326.232789116, sleeping for 0.07006275677122176 seconds
Request model_2#48 arrives at 1605326.303381659, sleeping for 0.012057812651619315 seconds
Request model_4#42 arrives at 1605326.316089966, sleeping for 0.01627737656235695 seconds
Request model_2#49 arrives at 1605326.332794586, sleeping for 0.0077188629657030106 seconds
Request model_2#50 arrives at 1605326.341362798, sleeping for 0.0019979013595730066 seconds
Request model_4#43 arrives at 1605326.344075441, sleeping for 0.013705029850825667 seconds
Request model_6#39 arrives at 1605326.358776564, sleeping for 0.000474574975669384 seconds
Request model_5#95 arrives at 1605326.360356987, sleeping for 0.056819012155756354 seconds
Request model_5#96 arrives at 1605326.417923111, sleeping for 0.06091963918879628 seconds
Request model_5#97 arrives at 1605326.479878911, sleeping for 0.026041143806651235 seconds
Request model_3#81 arrives at 1605326.507853676, sleeping for 0.024507691618055105 seconds
Request model_1#22 arrives at 1605326.532720795, sleeping for 0.0007521763909608126 seconds
Request model_5#98 arrives at 1605326.53453427, sleeping for 0.02063971688039601 seconds
Request model_4#44 arrives at 1605326.556096292, sleeping for 0.01544326962903142 seconds
Request model_3#82 arrives at 1605326.571822563, sleeping for 0.19604678358882666 seconds
Request model_1#23 arrives at 1605326.768170763, sleeping for 0.051499308785423636 seconds
Request model_3#83 arrives at 1605326.82026599, sleeping for 0.0010004728101193905 seconds
Request model_4#45 arrives at 1605326.822192416, sleeping for 0.007012407993897796 seconds
Request model_1#24 arrives at 1605326.830115733, sleeping for 0.019736383808776736 seconds
Request model_6#40 arrives at 1605326.850821427, sleeping for 0.22818474937230349 seconds
Request model_4#46 arrives at 1605327.079621799, sleeping for 0.004367811605334282 seconds
Request model_6#41 arrives at 1605327.084666041, sleeping for 0.09308261191472411 seconds
Request model_3#84 arrives at 1605327.178460308, sleeping for 0.017453282373026013 seconds
Request model_6#42 arrives at 1605327.196323958, sleeping for 0.1542214467190206 seconds
Request model_4#47 arrives at 1605327.350956137, sleeping for 0.018846618244424462 seconds
Request model_3#85 arrives at 1605327.370622502, sleeping for 0.03684781608171761 seconds
Request model_3#86 arrives at 1605327.407673143, sleeping for 0.09024860034696758 seconds
Request model_2#51 arrives at 1605327.498473736, sleeping for 0.013996440917253494 seconds
Request model_6#43 arrives at 1605327.513155279, sleeping for 0.029314455576241016 seconds
Request model_3#87 arrives at 1605327.542832418, sleeping for 0.06734394538216293 seconds
Request model_5#99 arrives at 1605327.610439206, sleeping for 0 seconds
Request model_6#44 arrives at 1605327.610763819, sleeping for 0.011605094652622938 seconds
Request model_2#52 arrives at 1605327.622538758, sleeping for 0.0253324827644974 seconds
Request model_5#100 arrives at 1605327.648741478, sleeping for 0.013719061156734824 seconds
Request model_2#53 arrives at 1605327.663426481, sleeping for 0.034901958191767335 seconds
Request model_1#25 arrives at 1605327.699117221, sleeping for 0.09292887733317912 seconds
Request model_3#88 arrives at 1605327.792708487, sleeping for 0.000362153397873044 seconds
Request model_5#101 arrives at 1605327.793406793, sleeping for 0.07139783818274736 seconds
Request model_3#89 arrives at 1605327.866288335, sleeping for 0.033380762906745076 seconds
Request model_5#102 arrives at 1605327.90029683, sleeping for 0.1104032474104315 seconds
Request model_5#103 arrives at 1605328.011746946, sleeping for 0.05501634697429836 seconds
Request model_5#104 arrives at 1605328.067757157, sleeping for 0.041678277077153325 seconds
Request model_5#105 arrives at 1605328.110053982, sleeping for 0 seconds
Request model_1#26 arrives at 1605328.110445765, sleeping for 0.025026187999174 seconds
Request model_1#27 arrives at 1605328.136285232, sleeping for 0.03401597938500345 seconds
Request model_3#90 arrives at 1605328.171097704, sleeping for 0.005528278416022658 seconds
Request model_6#45 arrives at 1605328.176899563, sleeping for 0.07094196416437626 seconds
Request model_1#28 arrives at 1605328.248223252, sleeping for 0.2046132606919855 seconds
Request model_5#106 arrives at 1605328.453024392, sleeping for 0.006294474238529801 seconds
Request model_4#48 arrives at 1605328.45994628, sleeping for 0.02628700900822878 seconds
Request model_6#46 arrives at 1605328.486697964, sleeping for 0.04114780016243458 seconds
Request model_5#107 arrives at 1605328.528360944, sleeping for 0.058196114376187325 seconds
Request model_3#91 arrives at 1605328.587257879, sleeping for 0.02291291207075119 seconds
Request model_2#54 arrives at 1605328.611948726, sleeping for 0.0591341785620898 seconds
Request model_1#29 arrives at 1605328.672746336, sleeping for 0.06767556862905622 seconds
Request model_3#92 arrives at 1605328.741663505, sleeping for 0.09208337403833866 seconds
Request model_3#93 arrives at 1605328.834612646, sleeping for 0.09128383384086192 seconds
Request model_6#47 arrives at 1605328.927381295, sleeping for 0.005618867231532931 seconds
Request model_3#94 arrives at 1605328.93395478, sleeping for 0.03929554624482989 seconds
Request model_6#48 arrives at 1605328.973684704, sleeping for 0.04726248327642679 seconds
Request model_4#49 arrives at 1605329.021775317, sleeping for 0.06513956934213638 seconds
Request model_4#50 arrives at 1605329.087988744, sleeping for 0.0026076389476656914 seconds
Request model_5#108 arrives at 1605329.091052499, sleeping for 0.03484842739999294 seconds
Request model_5#109 arrives at 1605329.126739049, sleeping for 0.006474281661212444 seconds
Request model_5#110 arrives at 1605329.133624237, sleeping for 0.12622202560305595 seconds
Request model_5#111 arrives at 1605329.260648893, sleeping for 0.029597452376037836 seconds
Request model_5#112 arrives at 1605329.290921927, sleeping for 0.02485206793062389 seconds
Request model_2#55 arrives at 1605329.31629419, sleeping for 0.006182632641866803 seconds
Request model_1#30 arrives at 1605329.323509151, sleeping for 0.003954081097617745 seconds
Request model_1#31 arrives at 1605329.32823025, sleeping for 0.09600836550816894 seconds
Request model_3#95 arrives at 1605329.425420536, sleeping for 0.0683226166293025 seconds
Request model_3#96 arrives at 1605329.494687088, sleeping for 0.04614112456329167 seconds
Request model_3#97 arrives at 1605329.542061346, sleeping for 0.026585149113088846 seconds
Request model_6#49 arrives at 1605329.570294403, sleeping for 0 seconds
Request model_3#98 arrives at 1605329.571064099, sleeping for 0.1044454004149884 seconds
Request model_2#56 arrives at 1605329.677377282, sleeping for 0.024016028735786676 seconds
Request model_3#99 arrives at 1605329.702717705, sleeping for 0.007256744895130396 seconds
Request model_5#113 arrives at 1605329.710929573, sleeping for 0.0231203674338758 seconds
Request model_5#114 arrives at 1605329.735014296, sleeping for 0.07993931835517287 seconds
Request model_1#32 arrives at 1605329.815601122, sleeping for 0.007472465513274074 seconds
Request model_6#50 arrives at 1605329.823727091, sleeping for 0.07735902792774141 seconds
Request model_2#57 arrives at 1605329.901799706, sleeping for 0.06580793461762369 seconds
Request model_6#51 arrives at 1605329.968442195, sleeping for 0 seconds
Request model_3#100 arrives at 1605329.969113611, sleeping for 0.002587643451988697 seconds
Request model_5#115 arrives at 1605329.972164547, sleeping for 0.006786132929846644 seconds
Request model_5#116 arrives at 1605329.979890912, sleeping for 0.08300324319861829 seconds
Request model_1#33 arrives at 1605330.063996688, sleeping for 0.02331116981804371 seconds
Request model_2#58 arrives at 1605330.088537374, sleeping for 0.009682402946054935 seconds
Request model_5#117 arrives at 1605330.099728288, sleeping for 0.030774957733228803 seconds
Request model_5#118 arrives at 1605330.131347703, sleeping for 0.06938564241863787 seconds
Request model_5#119 arrives at 1605330.201951066, sleeping for 0.07667017867788672 seconds
Request model_5#120 arrives at 1605330.279526307, sleeping for 0.022551185684278607 seconds
Request model_5#121 arrives at 1605330.302982764, sleeping for 0.1880920403636992 seconds
Request model_5#122 arrives at 1605330.491661479, sleeping for 0.043188010808080435 seconds
Request model_6#52 arrives at 1605330.53588902, sleeping for 0.02054876321926713 seconds
Request model_5#123 arrives at 1605330.556990447, sleeping for 0.004192680586129427 seconds
Request model_6#53 arrives at 1605330.562024499, sleeping for 0.024635805981233716 seconds
Request model_2#59 arrives at 1605330.586929748, sleeping for 0.00011247931979596615 seconds
Request model_4#51 arrives at 1605330.588091678, sleeping for 0.04148088255897164 seconds
Request model_5#124 arrives at 1605330.630251272, sleeping for 0.033778095385059714 seconds
Request model_6#54 arrives at 1605330.66462765, sleeping for 0.028793670004233718 seconds
Request model_5#125 arrives at 1605330.693928556, sleeping for 0.05453060055151582 seconds
Request model_5#126 arrives at 1605330.749442112, sleeping for 0.040023417212069035 seconds
Request model_5#127 arrives at 1605330.790467087, sleeping for 0.02752833184786141 seconds
Request model_3#101 arrives at 1605330.818641783, sleeping for 0.07532875216566026 seconds
Request model_5#128 arrives at 1605330.894723662, sleeping for 0.02408801531419158 seconds
Request model_3#102 arrives at 1605330.919680051, sleeping for 0.14562566811218858 seconds
Request model_3#103 arrives at 1605331.065747748, sleeping for 0.04476795229129493 seconds
Request model_4#52 arrives at 1605331.110869827, sleeping for 0.05815545562654734 seconds
Request model_2#60 arrives at 1605331.169364458, sleeping for 0.004330294905230403 seconds
Request model_3#104 arrives at 1605331.174299309, sleeping for 0.004957236815243959 seconds
Request model_2#61 arrives at 1605331.180091128, sleeping for 0.017093499191105366 seconds
Request model_6#55 arrives at 1605331.197879727, sleeping for 0.045264812419191 seconds
Request model_2#62 arrives at 1605331.244243036, sleeping for 0.05330109689384699 seconds
Request model_1#34 arrives at 1605331.298444271, sleeping for 0.1419389157090336 seconds
Request model_6#56 arrives at 1605331.441883735, sleeping for 0.05208577844314277 seconds
Request model_5#129 arrives at 1605331.496113491, sleeping for 0.05374961602501571 seconds
Request model_5#130 arrives at 1605331.550354316, sleeping for 0.08174104709178209 seconds
Request model_6#57 arrives at 1605331.632809668, sleeping for 0.050751073053106666 seconds
Request model_2#63 arrives at 1605331.684147839, sleeping for 0.04571935371495783 seconds
Request model_3#105 arrives at 1605331.73071022, sleeping for 0.01570898503996432 seconds
Request model_3#106 arrives at 1605331.747045487, sleeping for 0.07023362233303487 seconds
Request model_5#131 arrives at 1605331.818428686, sleeping for 0.029878601664677262 seconds
Request model_2#64 arrives at 1605331.84872826, sleeping for 0.028697430389001966 seconds
Request model_4#53 arrives at 1605331.877951246, sleeping for 0.03156319330446422 seconds
Request model_2#65 arrives at 1605331.910189996, sleeping for 0.012939216336235404 seconds
Request model_2#66 arrives at 1605331.923804551, sleeping for 0.007638992974534631 seconds
Request model_1#35 arrives at 1605331.932535804, sleeping for 0.2878449365962297 seconds
Request model_5#132 arrives at 1605332.222167025, sleeping for 0.05649935896508396 seconds
Request model_6#58 arrives at 1605332.279516767, sleeping for 0.10866136150434613 seconds
Request model_5#133 arrives at 1605332.388739863, sleeping for 0.055227664299309254 seconds
Request model_3#107 arrives at 1605332.444438151, sleeping for 0.011660688556730747 seconds
Request model_3#108 arrives at 1605332.456581183, sleeping for 0.04729685396887362 seconds
Request model_5#134 arrives at 1605332.504104461, sleeping for 0.04422784014604986 seconds
Request model_3#109 arrives at 1605332.549420852, sleeping for 0.06560962088406086 seconds
Request model_3#110 arrives at 1605332.615693348, sleeping for 0.06951953889802098 seconds
Request model_4#54 arrives at 1605332.686081399, sleeping for 0.06633644830435514 seconds
Request model_2#67 arrives at 1605332.753459374, sleeping for 0.005777198588475585 seconds
Request model_5#135 arrives at 1605332.759663666, sleeping for 0.02647396712563932 seconds
Request model_5#136 arrives at 1605332.787883383, sleeping for 0.0829464893322438 seconds
Request model_6#59 arrives at 1605332.871251053, sleeping for 0.2204437421169132 seconds
Request model_5#137 arrives at 1605333.092934264, sleeping for 0.007895030314102769 seconds
Request model_3#111 arrives at 1605333.101972319, sleeping for 0.03043185267597437 seconds
Request model_2#68 arrives at 1605333.132656247, sleeping for 0.0014749655965715647 seconds
Request model_5#138 arrives at 1605333.134351091, sleeping for 0.024431796744465828 seconds
Request model_4#55 arrives at 1605333.159925756, sleeping for 0.020836206153035164 seconds
Request model_5#139 arrives at 1605333.181642528, sleeping for 0.0648547220043838 seconds
Request model_6#60 arrives at 1605333.247351369, sleeping for 0.007311173714697361 seconds
Request model_4#56 arrives at 1605333.255034504, sleeping for 0.029146054526790977 seconds
Request model_2#69 arrives at 1605333.284700993, sleeping for 0.001413273625075817 seconds
Request model_6#61 arrives at 1605333.364514153, sleeping for 0 seconds
Request model_1#36 arrives at 1605333.365013587, sleeping for 0.09620506665669382 seconds
Request model_6#62 arrives at 1605333.461991611, sleeping for 0.025843598879873753 seconds
Request model_5#140 arrives at 1605333.489681173, sleeping for 0.005259637255221605 seconds
Request model_6#63 arrives at 1605333.495171009, sleeping for 0.026271597249433398 seconds
Request model_6#64 arrives at 1605333.522867182, sleeping for 0.032903799787163734 seconds
Request model_5#141 arrives at 1605333.556946968, sleeping for 0.04087062692269683 seconds
Request model_4#57 arrives at 1605333.598634328, sleeping for 0.01670304243452847 seconds
Request model_5#142 arrives at 1605333.616082534, sleeping for 0.026688934303820133 seconds
Request model_2#70 arrives at 1605333.643586255, sleeping for 0.005165092181414366 seconds
Request model_6#65 arrives at 1605333.649303563, sleeping for 0.008900628192350268 seconds
Request model_1#37 arrives at 1605333.659976673, sleeping for 0.05239299964159727 seconds
Request model_5#143 arrives at 1605333.713146219, sleeping for 0.039149817544966936 seconds
Request model_6#66 arrives at 1605333.752830192, sleeping for 0.025796225061640143 seconds
Request model_4#58 arrives at 1605333.779772158, sleeping for 0.08792065153829753 seconds
Request model_4#59 arrives at 1605333.868540783, sleeping for 0.01151245180517435 seconds
Request model_5#144 arrives at 1605333.880241841, sleeping for 0.044877037638798356 seconds
Request model_6#67 arrives at 1605333.926408359, sleeping for 0.053253748919814825 seconds
Request model_5#145 arrives at 1605333.980096489, sleeping for 0.06974638137035072 seconds
Request model_5#146 arrives at 1605334.050790142, sleeping for 0.023800304159522057 seconds
Request model_3#112 arrives at 1605334.07547422, sleeping for 0.2611779188737273 seconds
Request model_3#113 arrives at 1605334.337543069, sleeping for 0.0013194649945944548 seconds
Request model_5#147 arrives at 1605334.339218663, sleeping for 0.010655310936272144 seconds
Request model_5#148 arrives at 1605334.35082827, sleeping for 0.024358362425118685 seconds
Request model_2#71 arrives at 1605334.375434497, sleeping for 0.09437114023603499 seconds
Request model_1#38 arrives at 1605334.470153522, sleeping for 0.05153189622797072 seconds
Request model_6#68 arrives at 1605334.523785572, sleeping for 0.06339544872753322 seconds
Request model_5#149 arrives at 1605334.588364923, sleeping for 0.008411684073507786 seconds
Request model_3#114 arrives at 1605334.597110127, sleeping for 0.06744672218337655 seconds
Request model_4#60 arrives at 1605334.665853394, sleeping for 0.029677795944735408 seconds
Request model_1#39 arrives at 1605334.696651502, sleeping for 0.0027399654500186443 seconds
Request model_5#150 arrives at 1605334.700434774, sleeping for 0.006790526676923037 seconds
Request model_5#151 arrives at 1605334.708082399, sleeping for 0.021908993367105722 seconds
Request model_6#69 arrives at 1605334.73095287, sleeping for 0.09325992316007614 seconds
Request model_4#61 arrives at 1605334.824692057, sleeping for 0.0699384156614542 seconds
Request model_4#62 arrives at 1605334.89541659, sleeping for 0.02163848583586514 seconds
Request model_1#40 arrives at 1605334.91807715, sleeping for 0.042186454171314836 seconds
Request model_3#115 arrives at 1605334.960745958, sleeping for 0.03693090076558292 seconds
Request model_3#116 arrives at 1605334.998550496, sleeping for 0.17086564074270427 seconds
Request model_3#117 arrives at 1605335.17068747, sleeping for 0.04584498726762831 seconds
Request model_1#41 arrives at 1605335.217025119, sleeping for 0.007530270842835307 seconds
Request model_3#118 arrives at 1605335.224895075, sleeping for 0.02389899897389114 seconds
Request model_2#72 arrives at 1605335.249545532, sleeping for 0.011907838750630617 seconds
Request model_3#119 arrives at 1605335.262160368, sleeping for 0.053875147830694914 seconds
Request model_6#70 arrives at 1605335.316760736, sleeping for 0.0874740828294307 seconds
Request model_2#73 arrives at 1605335.404430041, sleeping for 0.014787025516852736 seconds
Request model_4#63 arrives at 1605335.419369547, sleeping for 0.011721478076651692 seconds
Request model_6#71 arrives at 1605335.431992713, sleeping for 0.019043111940845847 seconds
Request model_3#120 arrives at 1605335.451242884, sleeping for 0.06104500452056527 seconds
Request model_4#64 arrives at 1605335.512853551, sleeping for 0.0021226624958217144 seconds
Request model_5#152 arrives at 1605335.515443903, sleeping for 0.0014242436736822128 seconds
Request model_5#153 arrives at 1605335.517013056, sleeping for 0.003833940252661705 seconds
Request model_1#42 arrives at 1605335.521832876, sleeping for 0.024004331091418862 seconds
Request model_4#65 arrives at 1605335.546433323, sleeping for 0.0804148018360138 seconds
Request model_5#154 arrives at 1605335.62709371, sleeping for 0.08578156819567084 seconds
Request model_5#155 arrives at 1605335.714447433, sleeping for 0.06644366192631423 seconds
Request model_1#43 arrives at 1605335.781150002, sleeping for 0.04033617558889091 seconds
Request model_3#121 arrives at 1605335.821834654, sleeping for 0.06684699049219489 seconds
Request model_1#44 arrives at 1605335.8905256, sleeping for 0.037361257476732135 seconds
Request model_1#45 arrives at 1605335.928318897, sleeping for 0.03568233083933592 seconds
Request model_1#46 arrives at 1605335.96441882, sleeping for 0.03213424398563802 seconds
Request model_6#72 arrives at 1605335.997068944, sleeping for 0.1087347490247339 seconds
Request model_5#156 arrives at 1605336.105971778, sleeping for 0.004114881856366992 seconds
Request model_4#66 arrives at 1605336.110588247, sleeping for 0.07285410515032709 seconds
Request model_2#74 arrives at 1605336.184066373, sleeping for 0.16018737223930657 seconds
Request model_4#67 arrives at 1605336.345070924, sleeping for 0.02746359072625637 seconds
Request model_2#75 arrives at 1605336.37317387, sleeping for 0.006711021531373262 seconds
Request model_5#157 arrives at 1605336.380149918, sleeping for 0.31695813895203173 seconds
Request model_5#158 arrives at 1605336.698102816, sleeping for 0.10076486668549478 seconds
Request model_2#76 arrives at 1605336.799275234, sleeping for 0.03731155022978783 seconds
Request model_3#122 arrives at 1605336.836990981, sleeping for 0.14447237085551023 seconds
Request model_3#123 arrives at 1605336.981932907, sleeping for 0.08088681823574007 seconds
Request model_2#77 arrives at 1605337.063576672, sleeping for 0.00146329659037292 seconds
Request model_1#47 arrives at 1605337.065490928, sleeping for 0.03961661783978343 seconds
Request model_2#78 arrives at 1605337.105865517, sleeping for 0.043943146942183375 seconds
Request model_4#68 arrives at 1605337.150965635, sleeping for 0.06637508398853242 seconds
Request model_5#159 arrives at 1605337.217694475, sleeping for 0.0032084425911307335 seconds
Request model_4#69 arrives at 1605337.221741469, sleeping for 0.0020007470156997442 seconds
Request model_5#160 arrives at 1605337.224493282, sleeping for 0.13374133105389774 seconds
Request model_2#79 arrives at 1605337.358613337, sleeping for 0.09178695641458035 seconds
Request model_5#161 arrives at 1605337.450965572, sleeping for 0.04117446951568127 seconds
Request model_6#73 arrives at 1605337.493264177, sleeping for 0.005599679192528129 seconds
Request model_3#124 arrives at 1605337.499484479, sleeping for 0.010549567639827728 seconds
Request model_3#125 arrives at 1605337.510699643, sleeping for 0.06331120454706252 seconds
Request model_3#126 arrives at 1605337.57476431, sleeping for 0.14013034314848483 seconds
Request model_4#70 arrives at 1605337.716206137, sleeping for 0.01528884912841022 seconds
Request model_5#162 arrives at 1605337.731858638, sleeping for 0.12654812424443662 seconds
Request model_5#163 arrives at 1605337.858903474, sleeping for 0.011752046644687653 seconds
Request model_6#74 arrives at 1605337.871279088, sleeping for 0.0003279801458120346 seconds
Request model_3#127 arrives at 1605337.872149585, sleeping for 0.11761702666990459 seconds
Request model_2#80 arrives at 1605337.990922742, sleeping for 0.009318113094195724 seconds
Request model_3#128 arrives at 1605338.002011875, sleeping for 0.0644435512367636 seconds
Request model_3#129 arrives at 1605338.067730726, sleeping for 9.350525215268135e-05 seconds
Request model_5#164 arrives at 1605338.068559283, sleeping for 0.058290648041293025 seconds
Request model_6#75 arrives at 1605338.127524818, sleeping for 0.07506134291179478 seconds
Request model_5#165 arrives at 1605338.203775437, sleeping for 0.03512660413980484 seconds
Request model_3#130 arrives at 1605338.2398847, sleeping for 0.09744488750584424 seconds
Request model_3#131 arrives at 1605338.33767106, sleeping for 0.0038577092345803976 seconds
Request model_1#48 arrives at 1605338.342677502, sleeping for 0.022154920734465122 seconds
Request model_4#71 arrives at 1605338.365712845, sleeping for 0.017797898966819048 seconds
Request model_5#166 arrives at 1605338.383912278, sleeping for 0.04901921143755317 seconds
Request model_3#132 arrives at 1605338.433594205, sleeping for 0.013552118558436632 seconds
Request model_2#81 arrives at 1605338.448273608, sleeping for 0.002859097206965089 seconds
Request model_3#133 arrives at 1605338.451936369, sleeping for 0.011459051398560405 seconds
Request model_5#167 arrives at 1605338.463616317, sleeping for 0.09534054272808135 seconds
Request model_1#49 arrives at 1605338.559197048, sleeping for 0.030593395698815584 seconds
Request model_5#168 arrives at 1605338.590879564, sleeping for 0.0050069771241396666 seconds
Request model_5#169 arrives at 1605338.596552751, sleeping for 0 seconds
Request model_5#170 arrives at 1605338.596973865, sleeping for 0.10541590466164052 seconds
Request model_3#134 arrives at 1605338.702798933, sleeping for 0.041790778981521726 seconds
Request model_2#82 arrives at 1605338.745489411, sleeping for 0.051826224429532886 seconds
Request model_5#171 arrives at 1605338.798225604, sleeping for 0.12865466438233852 seconds
Request model_3#135 arrives at 1605338.9277562, sleeping for 0.06822459236718714 seconds
Request model_4#72 arrives at 1605338.996765799, sleeping for 0.020474549382925034 seconds
Request model_6#76 arrives at 1605339.017798065, sleeping for 0.001099890097975731 seconds
Request model_3#136 arrives at 1605339.019927223, sleeping for 0.02448175777681172 seconds
Request model_1#50 arrives at 1605339.044760541, sleeping for 0.024188946234062314 seconds
Request model_6#77 arrives at 1605339.069870192, sleeping for 0.012434233212843537 seconds
Request model_6#78 arrives at 1605339.082949092, sleeping for 0.00914254249073565 seconds
Request model_5#172 arrives at 1605339.094061685, sleeping for 0.021633560070768 seconds
Request model_5#173 arrives at 1605339.116422512, sleeping for 0.06177261448465288 seconds
Request model_3#137 arrives at 1605339.178639534, sleeping for 0.008174923248589039 seconds
Request model_5#174 arrives at 1605339.187744261, sleeping for 0.13680970179848373 seconds
Request model_3#138 arrives at 1605339.325507676, sleeping for 0.11280878144316375 seconds
Request model_5#175 arrives at 1605339.438808246, sleeping for 0.08596683666110039 seconds
Request model_1#51 arrives at 1605339.525125891, sleeping for 0.022987868171185255 seconds
Request model_6#79 arrives at 1605339.548514157, sleeping for 0.24080211017280817 seconds
Request model_6#80 arrives at 1605339.789628219, sleeping for 0.09132437803782523 seconds
Request model_3#139 arrives at 1605339.881398899, sleeping for 0.00622530747205019 seconds
Request model_4#73 arrives at 1605339.888082925, sleeping for 0.01415845169685781 seconds
Request model_4#74 arrives at 1605339.902755818, sleeping for 0.1545517505146563 seconds
Request model_5#176 arrives at 1605340.057876889, sleeping for 0.05744989565573633 seconds
Request model_5#177 arrives at 1605340.115716184, sleeping for 0.04346088832244277 seconds
Request model_4#75 arrives at 1605340.159719863, sleeping for 0.11303944676183164 seconds
Request model_5#178 arrives at 1605340.273349926, sleeping for 0.01121400878764689 seconds
Request model_6#81 arrives at 1605340.285546698, sleeping for 0.0005465969443321228 seconds
Request model_5#179 arrives at 1605340.286364835, sleeping for 0.11300648399628699 seconds
Request model_5#180 arrives at 1605340.40029971, sleeping for 0.054463004460558295 seconds
Request model_1#52 arrives at 1605340.455533264, sleeping for 0.016785922227427363 seconds
Request model_2#83 arrives at 1605340.472787558, sleeping for 0.08103477186523378 seconds
Request model_1#53 arrives at 1605340.555069719, sleeping for 0.08453920250758529 seconds
Request model_5#181 arrives at 1605340.640352844, sleeping for 0.06759723252616823 seconds
Request model_5#182 arrives at 1605340.708475865, sleeping for 0.03256520046852529 seconds
Request model_2#84 arrives at 1605340.742212708, sleeping for 0.020867069950327277 seconds
Request model_5#183 arrives at 1605340.764307453, sleeping for 0.04947302443906665 seconds
Request model_2#85 arrives at 1605340.814603845, sleeping for 0.01388774230144918 seconds
Request model_4#76 arrives at 1605340.829862303, sleeping for 0.0707666608504951 seconds
Request model_5#184 arrives at 1605340.901852457, sleeping for 0.007510976865887642 seconds
Request model_5#185 arrives at 1605340.910233367, sleeping for 0.11013282695785165 seconds
Request model_6#82 arrives at 1605341.020703594, sleeping for 0.09788585687056184 seconds
Request model_6#83 arrives at 1605341.119466682, sleeping for 0.00891790445894003 seconds
Request model_6#84 arrives at 1605341.130178182, sleeping for 0.031756796175614 seconds
Request model_4#77 arrives at 1605341.162897716, sleeping for 0.059201919473707676 seconds
Request model_6#85 arrives at 1605341.223813247, sleeping for 0.037134942365810275 seconds
Request model_5#186 arrives at 1605341.261551813, sleeping for 0.001815547700971365 seconds
Request model_5#187 arrives at 1605341.264280656, sleeping for 0.012564522912725806 seconds
Request model_3#140 arrives at 1605341.278988279, sleeping for 0.07959857606329024 seconds
Request model_3#141 arrives at 1605341.359465514, sleeping for 0.029381005093455315 seconds
Request model_3#142 arrives at 1605341.389159893, sleeping for 0.05363895557820797 seconds
Request model_6#86 arrives at 1605341.443058645, sleeping for 0.005960349226370454 seconds
Request model_6#87 arrives at 1605341.449904623, sleeping for 0.11336418916471303 seconds
Request model_1#54 arrives at 1605341.563580136, sleeping for 0.04832873330451548 seconds
Request model_5#188 arrives at 1605341.612554136, sleeping for 0.049062195466831326 seconds
Request model_4#78 arrives at 1605341.662353534, sleeping for 0.06300975638441741 seconds
Request model_5#189 arrives at 1605341.72627525, sleeping for 0.22140838275663555 seconds
Request model_6#88 arrives at 1605341.948753185, sleeping for 0.06538951746188104 seconds
Request model_4#79 arrives at 1605342.01490107, sleeping for 0.012250252766534686 seconds
Request model_6#89 arrives at 1605342.028225802, sleeping for 0.019451697589829564 seconds
Request model_3#143 arrives at 1605342.048482662, sleeping for 0.04009548993781209 seconds
Request model_5#190 arrives at 1605342.089856849, sleeping for 0.14085715520195663 seconds
Request model_1#55 arrives at 1605342.231348965, sleeping for 0.03414576454088092 seconds
Request model_2#86 arrives at 1605342.266245668, sleeping for 0.055295238737016916 seconds
Request model_5#191 arrives at 1605342.321827154, sleeping for 0.0960138700902462 seconds
Request model_4#80 arrives at 1605342.418548965, sleeping for 0.1133022892754525 seconds
Request model_3#144 arrives at 1605342.532694172, sleeping for 0.03128317533992231 seconds
Request model_4#81 arrives at 1605342.564405178, sleeping for 0.05451714852824807 seconds
Request model_5#192 arrives at 1605342.6194786, sleeping for 0.02332006348297 seconds
Request model_6#90 arrives at 1605342.643071467, sleeping for 0.00018701259978115559 seconds
Request model_5#193 arrives at 1605342.643521481, sleeping for 0.24801716627553105 seconds
Request model_3#145 arrives at 1605342.892121555, sleeping for 0.03711124020628631 seconds
Request model_1#56 arrives at 1605342.92961646, sleeping for 0.008866304997354746 seconds
Request model_2#87 arrives at 1605342.940222049, sleeping for 0.06622276618145406 seconds
Request model_6#91 arrives at 1605343.006922388, sleeping for 0.2227036866825074 seconds
Request model_2#88 arrives at 1605343.231034017, sleeping for 0.00851481151767075 seconds
Request model_4#82 arrives at 1605343.239903972, sleeping for 0.028482582652941346 seconds
Request model_6#92 arrives at 1605343.268586832, sleeping for 0.04832131369039416 seconds
Request model_5#194 arrives at 1605343.31726936, sleeping for 0.004809597507119179 seconds
Request model_2#89 arrives at 1605343.322972508, sleeping for 0.05572470836341381 seconds
Request model_2#90 arrives at 1605343.379658113, sleeping for 0.12083756132051349 seconds
Request model_5#195 arrives at 1605343.501696576, sleeping for 0.16509399260394275 seconds
Request model_4#83 arrives at 1605343.667214164, sleeping for 0.013091380475088954 seconds
Request model_1#57 arrives at 1605343.682169099, sleeping for 0.0482927723787725 seconds
Request model_3#146 arrives at 1605343.731481303, sleeping for 0.03747066273353994 seconds
Request model_6#93 arrives at 1605343.769178239, sleeping for 0.10990544175729156 seconds
Request model_4#84 arrives at 1605343.879643515, sleeping for 0.028867547400295734 seconds
Request model_6#94 arrives at 1605343.909339264, sleeping for 0.011178652523085475 seconds
Request model_3#147 arrives at 1605343.921028212, sleeping for 0.007762398105114698 seconds
Request model_1#58 arrives at 1605343.929481043, sleeping for 0.0058184838853776455 seconds
Request model_3#148 arrives at 1605343.936157609, sleeping for 0.06331486720591784 seconds
Request model_6#95 arrives at 1605343.999868823, sleeping for 0.04955124971456826 seconds
Request model_3#149 arrives at 1605344.050054334, sleeping for 0.03871289431117475 seconds
Request model_2#91 arrives at 1605344.089748076, sleeping for 0.09760659257881343 seconds
Request model_3#150 arrives at 1605344.188489014, sleeping for 0.05523888859897852 seconds
Request model_3#151 arrives at 1605344.244185391, sleeping for 0.02719209180213511 seconds
Request model_2#92 arrives at 1605344.271903393, sleeping for 0.05401140940375626 seconds
Request model_6#96 arrives at 1605344.326828214, sleeping for 0.017660844372585416 seconds
Request model_2#93 arrives at 1605344.346512049, sleeping for 0.06228349846787751 seconds
Request model_3#152 arrives at 1605344.409067663, sleeping for 0.018050587736070156 seconds
Request model_4#85 arrives at 1605344.428754758, sleeping for 0.12370648048818111 seconds
Request model_6#97 arrives at 1605344.553301172, sleeping for 0.006771158659830689 seconds
Request model_6#98 arrives at 1605344.561005577, sleeping for 0.014427801826968789 seconds
Request model_5#196 arrives at 1605344.575959982, sleeping for 0.014356196159496903 seconds
Request model_2#94 arrives at 1605344.590724566, sleeping for 0.04041622532531619 seconds
Request model_4#86 arrives at 1605344.632878389, sleeping for 0.015458264155313373 seconds
Request model_6#99 arrives at 1605344.648550921, sleeping for 0.03370001865550876 seconds
Request model_5#197 arrives at 1605344.683271722, sleeping for 0.05899225710891187 seconds
Request model_6#100 arrives at 1605344.743517667, sleeping for 0.05506203533150256 seconds
Request model_4#87 arrives at 1605344.799217074, sleeping for 0.005642904667183757 seconds
Request model_1#59 arrives at 1605344.80594084, sleeping for 0.08935378072783351 seconds
Request model_4#88 arrives at 1605344.896216587, sleeping for 0.015282554319128394 seconds
Request model_3#153 arrives at 1605344.911948089, sleeping for 0.055069380439817905 seconds
Request model_5#198 arrives at 1605344.967408744, sleeping for 0.15655703097581863 seconds
Request model_5#199 arrives at 1605345.124917564, sleeping for 0.14603483863174915 seconds
Request model_2#95 arrives at 1605345.271934686, sleeping for 0.028595443814992905 seconds
Request model_5#200 arrives at 1605345.301140761, sleeping for 0.01836267556063831 seconds
Request model_4#89 arrives at 1605345.32132036, sleeping for 0.027625164249911904 seconds
Request model_6#101 arrives at 1605345.349511326, sleeping for 0.02300437167286873 seconds
Request model_3#154 arrives at 1605345.373647989, sleeping for 0.05457637715153396 seconds
Request model_5#201 arrives at 1605345.428813551, sleeping for 0.007020297460258007 seconds
Request model_5#202 arrives at 1605345.436911199, sleeping for 0.014175213873386383 seconds
Request model_5#203 arrives at 1605345.451801004, sleeping for 0.015127938706427813 seconds
Request model_1#60 arrives at 1605345.467763558, sleeping for 0.002894690725952387 seconds
Request model_4#90 arrives at 1605345.470960175, sleeping for 0.0354670793749392 seconds
Request model_5#204 arrives at 1605345.506960566, sleeping for 0.06032396201044321 seconds
Request model_5#205 arrives at 1605345.568335481, sleeping for 0.08585362578742206 seconds
Request model_3#155 arrives at 1605345.655031778, sleeping for 0.0033923613373190165 seconds
Request model_3#156 arrives at 1605345.65888633, sleeping for 0.1130221146158874 seconds
Request model_3#157 arrives at 1605345.77343887, sleeping for 0.1290086170192808 seconds
Request model_5#206 arrives at 1605345.903656261, sleeping for 0.0855568980332464 seconds
Request model_4#91 arrives at 1605345.989672392, sleeping for 0.0361539120785892 seconds
Request model_4#92 arrives at 1605346.026557612, sleeping for 0.0061819038819521666 seconds
Request model_1#61 arrives at 1605346.033732592, sleeping for 0.0002923149149864912 seconds
Request model_2#96 arrives at 1605346.034215836, sleeping for 0.18403769982978702 seconds
Request model_5#207 arrives at 1605346.219411308, sleeping for 0.07532228296622634 seconds
Request model_3#158 arrives at 1605346.296463384, sleeping for 0.03134467848576605 seconds
Request model_6#102 arrives at 1605346.32826595, sleeping for 0.06495309597812593 seconds
Request model_5#208 arrives at 1605346.393918631, sleeping for 0.08506549475714564 seconds
Request model_1#62 arrives at 1605346.48093451, sleeping for 0.022528970148414373 seconds
Request model_6#103 arrives at 1605346.504604708, sleeping for 0.04351380909793079 seconds
Request model_6#104 arrives at 1605346.548329815, sleeping for 0.00927364220842719 seconds
Request model_2#97 arrives at 1605346.559265556, sleeping for 0.006945417961105704 seconds
Request model_5#209 arrives at 1605346.567068732, sleeping for 0.05823935754597187 seconds
Request model_5#210 arrives at 1605346.625978515, sleeping for 0.05512730102054775 seconds
Request model_5#211 arrives at 1605346.681968695, sleeping for 0.06532584177330136 seconds
Request model_2#98 arrives at 1605346.747976318, sleeping for 0.20190707733854651 seconds
Request model_3#159 arrives at 1605346.951134381, sleeping for 0.021456081187352538 seconds
Request model_2#99 arrives at 1605346.97372687, sleeping for 0.00355523987673223 seconds
Request model_2#100 arrives at 1605346.977986276, sleeping for 0.1261307429522276 seconds
Request model_5#212 arrives at 1605347.105290013, sleeping for 0.015039014630019665 seconds
Request model_3#160 arrives at 1605347.121199256, sleeping for 0.06871130084618926 seconds
Request model_2#101 arrives at 1605347.190422066, sleeping for 0.06237152800895274 seconds
Request model_3#161 arrives at 1605347.253539635, sleeping for 0.015777119901031256 seconds
Request model_3#162 arrives at 1605347.269908122, sleeping for 0.11304473201744258 seconds
Request model_1#63 arrives at 1605347.383277462, sleeping for 0.07759778411127627 seconds
Request model_3#163 arrives at 1605347.462703108, sleeping for 0.039825019193813205 seconds
Request model_5#213 arrives at 1605347.503270698, sleeping for 0.12289081467315555 seconds
Request model_2#102 arrives at 1605347.627307857, sleeping for 0.022679361049085855 seconds
Request model_6#105 arrives at 1605347.65024284, sleeping for 0.014487219974398613 seconds
Request model_6#106 arrives at 1605347.665020234, sleeping for 0.029973890632390976 seconds
Request model_2#103 arrives at 1605347.69567212, sleeping for 0.04688983247615397 seconds
Request model_5#214 arrives at 1605347.743219209, sleeping for 0.027285888325423002 seconds
Request model_6#107 arrives at 1605347.771133873, sleeping for 0.03330570971593261 seconds
Request model_5#215 arrives at 1605347.804956306, sleeping for 0.008541815914213657 seconds
Request model_5#216 arrives at 1605347.81372051, sleeping for 0.020376856438815594 seconds
Request model_4#93 arrives at 1605347.834777986, sleeping for 0.05764342565089464 seconds
Request model_1#64 arrives at 1605347.893496398, sleeping for 0.14983683032914996 seconds
Request model_3#164 arrives at 1605348.044224771, sleeping for 0.0013565865810960531 seconds
Request model_2#104 arrives at 1605348.046062747, sleeping for 0.0634400025010109 seconds
Request model_2#105 arrives at 1605348.109903842, sleeping for 0.11956185102462769 seconds
Request model_1#65 arrives at 1605348.229919597, sleeping for 0.0018586106598377228 seconds
Request model_5#217 arrives at 1605348.232713571, sleeping for 0.05219042906537652 seconds
Request model_1#66 arrives at 1605348.28630393, sleeping for 0.05426138988696039 seconds
Request model_6#108 arrives at 1605348.340935758, sleeping for 0.0013733573723584414 seconds
Request model_2#106 arrives at 1605348.342579801, sleeping for 0.08245750027708709 seconds
Request model_4#94 arrives at 1605348.425473406, sleeping for 0.10752106457948685 seconds
Request model_3#165 arrives at 1605348.533867154, sleeping for 0.013967447215691209 seconds
Request model_6#109 arrives at 1605348.548976441, sleeping for 0.012975930934771895 seconds
Request model_1#67 arrives at 1605348.563551123, sleeping for 0.006075899116694927 seconds
Request model_6#110 arrives at 1605348.569935577, sleeping for 0.0061356425285339355 seconds
Request model_3#166 arrives at 1605348.576538902, sleeping for 0.10828818194568157 seconds
Request model_2#107 arrives at 1605348.685326933, sleeping for 0.010599058121442795 seconds
Request model_3#167 arrives at 1605348.696789479, sleeping for 0.06134973815642297 seconds
Request model_5#218 arrives at 1605348.758747779, sleeping for 0.037218901328742504 seconds
Request model_3#168 arrives at 1605348.797174771, sleeping for 0.09780681878328323 seconds
Request model_3#169 arrives at 1605348.895541985, sleeping for 0.1162453917786479 seconds
Request model_6#111 arrives at 1605349.012244583, sleeping for 0.11828901851549745 seconds
Request model_5#219 arrives at 1605349.131696354, sleeping for 0.010020330548286438 seconds
Request model_6#112 arrives at 1605349.142684646, sleeping for 0.05884502618573606 seconds
Request model_5#220 arrives at 1605349.203431575, sleeping for 0.0651672922540456 seconds
Request model_3#170 arrives at 1605349.270455876, sleeping for 0.0036355347838252783 seconds
Request model_2#108 arrives at 1605349.275199006, sleeping for 0.028454780811443925 seconds
Request model_3#171 arrives at 1605349.305575221, sleeping for 0.007317114854231477 seconds
Request model_3#172 arrives at 1605349.313181624, sleeping for 0.019584832014515996 seconds
Request model_3#173 arrives at 1605349.334520733, sleeping for 0.011101063806563616 seconds
Request model_2#109 arrives at 1605349.346138731, sleeping for 0.026188940508291125 seconds
Request model_6#113 arrives at 1605349.372848084, sleeping for 0.13149718730710447 seconds
Request model_2#110 arrives at 1605349.505573646, sleeping for 0.01273228577338159 seconds
Request model_6#114 arrives at 1605349.519031909, sleeping for 0.09411976719275117 seconds
Request model_6#115 arrives at 1605349.614149266, sleeping for 0.11253962409682572 seconds
Request model_2#111 arrives at 1605349.726990372, sleeping for 0.05740824691019952 seconds
Request model_5#221 arrives at 1605349.784838256, sleeping for 0.09333593538030982 seconds
Request model_5#222 arrives at 1605349.878619702, sleeping for 0.03362109279260039 seconds
Request model_5#223 arrives at 1605349.912701738, sleeping for 0.10869810520671308 seconds
Request model_3#174 arrives at 1605350.022439637, sleeping for 0.11294994549825788 seconds
Request model_2#112 arrives at 1605350.136279991, sleeping for 0.0563305972609669 seconds
Request model_3#175 arrives at 1605350.193338129, sleeping for 0.04762877384200692 seconds
Request model_6#116 arrives at 1605350.241460882, sleeping for 0.010945999994874 seconds
Request model_1#68 arrives at 1605350.253547493, sleeping for 0.01825723215006292 seconds
Request model_3#176 arrives at 1605350.273515481, sleeping for 0.10264646983705461 seconds
Request model_4#95 arrives at 1605350.378382469, sleeping for 0.07985546044073999 seconds
Request model_2#113 arrives at 1605350.459171746, sleeping for 0.07876826613210142 seconds
Request model_6#117 arrives at 1605350.538822033, sleeping for 0.1675862050615251 seconds
Request model_1#69 arrives at 1605350.707189344, sleeping for 0.05703543219715357 seconds
Request model_2#114 arrives at 1605350.766350239, sleeping for 0.027550929924473166 seconds
Request model_3#177 arrives at 1605350.794984749, sleeping for 0.06345445360057056 seconds
Request model_6#118 arrives at 1605350.858900915, sleeping for 0.07513200375251472 seconds
Request model_2#115 arrives at 1605350.934366897, sleeping for 0.008455992443487048 seconds
Request model_6#119 arrives at 1605350.943213211, sleeping for 0.022423142567276955 seconds
Request model_5#224 arrives at 1605350.965881391, sleeping for 0.06483999523334205 seconds
Request model_5#225 arrives at 1605351.030879456, sleeping for 0.051593401469290257 seconds
Request model_5#226 arrives at 1605351.083562757, sleeping for 0.23005635803565383 seconds
Request model_4#96 arrives at 1605351.31432536, sleeping for 0.021301066502928734 seconds
Request model_2#116 arrives at 1605351.336279314, sleeping for 0.06304163159802556 seconds
Request model_1#70 arrives at 1605351.40028155, sleeping for 0.047416273737326264 seconds
Request model_6#120 arrives at 1605351.448095791, sleeping for 0.06692629517056048 seconds
Request model_6#121 arrives at 1605351.515291644, sleeping for 0.00013904739171266556 seconds
Request model_1#71 arrives at 1605351.515888209, sleeping for 0.12459462648257613 seconds
Request model_2#117 arrives at 1605351.641188538, sleeping for 0.08067414490506053 seconds
Request model_3#178 arrives at 1605351.722925883, sleeping for 0.04494008840993047 seconds
Request model_6#122 arrives at 1605351.768641526, sleeping for 0.009865605505183339 seconds
Request model_2#118 arrives at 1605351.779338396, sleeping for 0.16319555952213705 seconds
Request model_6#123 arrives at 1605351.942725834, sleeping for 0.03876549447886646 seconds
Request model_1#72 arrives at 1605351.982522827, sleeping for 0.02914185170084238 seconds
Request model_3#179 arrives at 1605352.011942284, sleeping for 0.06038029887713492 seconds
Request model_6#124 arrives at 1605352.072657243, sleeping for 0.10794850531965494 seconds
Request model_3#180 arrives at 1605352.181649056, sleeping for 0.11560027743689716 seconds
Request model_6#125 arrives at 1605352.298905788, sleeping for 0.015541003784164786 seconds
Request model_3#181 arrives at 1605352.315113434, sleeping for 0.02198291360400617 seconds
Request model_6#126 arrives at 1605352.338103976, sleeping for 0.005576141644269228 seconds
Request model_3#182 arrives at 1605352.344114407, sleeping for 0.018490932881832123 seconds
Request model_3#183 arrives at 1605352.363991543, sleeping for 0.007098454982042313 seconds
Request model_3#184 arrives at 1605352.37198532, sleeping for 0.03308505890890956 seconds
Request model_5#227 arrives at 1605352.405636572, sleeping for 0.015324241016060114 seconds
Request model_5#228 arrives at 1605352.421332393, sleeping for 0.07271029683761299 seconds
Request model_5#229 arrives at 1605352.494626767, sleeping for 0.025601972127333283 seconds
Request model_3#185 arrives at 1605352.522375889, sleeping for 0.05074365111067891 seconds
Request model_3#186 arrives at 1605352.574259194, sleeping for 0.026953282300382853 seconds
Request model_4#97 arrives at 1605352.601941656, sleeping for 0.027732865186408162 seconds
Request model_2#119 arrives at 1605352.630787187, sleeping for 0.011203382862731814 seconds
Request model_3#187 arrives at 1605352.642594286, sleeping for 0.05471418425440788 seconds
Request model_3#188 arrives at 1605352.698486455, sleeping for 0.0016354441177099943 seconds
Request model_2#120 arrives at 1605352.701062506, sleeping for 0.05124439112842083 seconds
Request model_6#127 arrives at 1605352.7541014, sleeping for 0.08803154178895056 seconds
Request model_5#230 arrives at 1605352.842479221, sleeping for 0.017641125712543726 seconds
Request model_3#189 arrives at 1605352.860755904, sleeping for 0.025052620330825448 seconds
Request model_2#121 arrives at 1605352.886913013, sleeping for 0.029933220706880093 seconds
Request model_2#122 arrives at 1605352.917956613, sleeping for 0.016103577567264438 seconds
Request model_2#123 arrives at 1605352.934821374, sleeping for 0.041535706957802176 seconds
Request model_5#231 arrives at 1605352.976621604, sleeping for 0.054186300141736865 seconds
Request model_2#124 arrives at 1605353.032710444, sleeping for 0.10235699196346104 seconds
Request model_3#190 arrives at 1605353.135228873, sleeping for 0.003915304085239768 seconds
Request model_3#191 arrives at 1605353.140025273, sleeping for 0.024136791471391916 seconds
Request model_6#128 arrives at 1605353.164603099, sleeping for 0.22927810554392636 seconds
Request model_5#232 arrives at 1605353.395891076, sleeping for 0.02728844480589032 seconds
Request model_3#192 arrives at 1605353.423974601, sleeping for 0.0054972851648926735 seconds
Request model_3#193 arrives at 1605353.430104002, sleeping for 0.035182465333491564 seconds
Request model_5#233 arrives at 1605353.466203235, sleeping for 0.050243426812812686 seconds
Request model_4#98 arrives at 1605353.516913219, sleeping for 0.0532501635607332 seconds
Request model_6#129 arrives at 1605353.570981992, sleeping for 0.0005816409830003977 seconds
Request model_4#99 arrives at 1605353.572616826, sleeping for 0.036895114462822676 seconds
Request model_3#194 arrives at 1605353.610248311, sleeping for 0.11160950036719441 seconds
Request model_6#130 arrives at 1605353.72345979, sleeping for 0.08389876340515912 seconds
Request model_5#234 arrives at 1605353.808488382, sleeping for 0.011042917612940073 seconds
Request model_6#131 arrives at 1605353.82020817, sleeping for 0.11408796184696257 seconds
Request model_1#73 arrives at 1605353.936500033, sleeping for 0.0046555097214877605 seconds
Request model_2#125 arrives at 1605353.941705137, sleeping for 0.023793222615495324 seconds
Request model_5#235 arrives at 1605353.966640206, sleeping for 0.11071859765797853 seconds
Request model_1#74 arrives at 1605354.077937268, sleeping for 0.19070167769677937 seconds
Request model_1#75 arrives at 1605354.268839707, sleeping for 0.054137545404955745 seconds
Request model_1#76 arrives at 1605354.324008059, sleeping for 0.10397211275994778 seconds
Request model_5#236 arrives at 1605354.428971988, sleeping for 0.22883009212091565 seconds
Request model_3#195 arrives at 1605354.658977654, sleeping for 0.06541357468813658 seconds
Request model_5#237 arrives at 1605354.724858266, sleeping for 0.03412575530819595 seconds
Request model_6#132 arrives at 1605354.759693888, sleeping for 0.10773325269110501 seconds
Request model_4#100 arrives at 1605354.868171556, sleeping for 0.03596471203491092 seconds
Request model_4#101 arrives at 1605354.906364496, sleeping for 0.05841792421415448 seconds
Request model_4#102 arrives at 1605354.965799333, sleeping for 0.03597714053466916 seconds
Request model_5#238 arrives at 1605355.003981684, sleeping for 0.010636165039613843 seconds
Request model_1#77 arrives at 1605355.015142687, sleeping for 0.04314027866348624 seconds
Request model_6#133 arrives at 1605355.058834762, sleeping for 0.012889052275568247 seconds
Request model_2#126 arrives at 1605355.072754729, sleeping for 0.03878671396523714 seconds
Request model_6#134 arrives at 1605355.111993798, sleeping for 0.014034928288310766 seconds
Request model_6#135 arrives at 1605355.127108645, sleeping for 0.03611160768195987 seconds
Request model_2#127 arrives at 1605355.16362103, sleeping for 0.02738634846173227 seconds
Request model_1#78 arrives at 1605355.191743915, sleeping for 0.032815042650327086 seconds
Request model_6#136 arrives at 1605355.225071865, sleeping for 0.032109302934259176 seconds
Request model_1#79 arrives at 1605355.258357553, sleeping for 0.03137046052142978 seconds
Request model_6#137 arrives at 1605355.290551663, sleeping for 0.046738509787246585 seconds
Request model_6#138 arrives at 1605355.337715778, sleeping for 0.001962281996384263 seconds
Request model_3#196 arrives at 1605355.339909296, sleeping for 0.03596130246296525 seconds
Request model_5#239 arrives at 1605355.377927565, sleeping for 0.03200030466541648 seconds
Request model_2#128 arrives at 1605355.410477687, sleeping for 0.02206197241321206 seconds
Request model_1#80 arrives at 1605355.43347753, sleeping for 0.046970733907073736 seconds
Request model_1#81 arrives at 1605355.481380541, sleeping for 0.014051528414711356 seconds
Request model_5#240 arrives at 1605355.496511318, sleeping for 0.07655657036229968 seconds
Request model_5#241 arrives at 1605355.573385151, sleeping for 0.0033414014615118504 seconds
Request model_6#139 arrives at 1605355.577150813, sleeping for 0.00488624069839716 seconds
Request model_3#197 arrives at 1605355.582602178, sleeping for 0.02620562561787665 seconds
Request model_3#198 arrives at 1605355.609918047, sleeping for 0.05291665415279567 seconds
Request model_6#140 arrives at 1605355.663746658, sleeping for 0.019276360515505075 seconds
Request model_2#129 arrives at 1605355.683510064, sleeping for 0.02291654492728412 seconds
Request model_4#103 arrives at 1605355.707171672, sleeping for 0.004577814368531108 seconds
Request model_5#242 arrives at 1605355.712031343, sleeping for 0.002504263771697879 seconds
Request model_3#199 arrives at 1605355.714788185, sleeping for 0.034098365576937795 seconds
Request model_3#200 arrives at 1605355.749437575, sleeping for 0.11184443323872983 seconds
Request model_6#141 arrives at 1605355.862457132, sleeping for 0.026987580815330148 seconds
Request model_3#201 arrives at 1605355.890270585, sleeping for 0.007139428285881877 seconds
Request model_2#130 arrives at 1605355.897935889, sleeping for 0.05968176084570587 seconds
Request model_5#243 arrives at 1605355.958293905, sleeping for 0.025767103536054492 seconds
Request model_5#244 arrives at 1605355.986227278, sleeping for 0.09662784240208566 seconds
Request model_4#104 arrives at 1605356.083363501, sleeping for 0.008785676676779985 seconds
Request model_4#105 arrives at 1605356.094029711, sleeping for 0.0037474692799150944 seconds
Request model_2#131 arrives at 1605356.09864567, sleeping for 0.03344754409044981 seconds
Request model_3#202 arrives at 1605356.132253801, sleeping for 0.03087881696410477 seconds
Request model_3#203 arrives at 1605356.165207117, sleeping for 0.03327275183983147 seconds
Request model_3#204 arrives at 1605356.198842848, sleeping for 0.10391357680782676 seconds
Request model_3#205 arrives at 1605356.303053671, sleeping for 0.029930472606793046 seconds
Request model_3#206 arrives at 1605356.333219924, sleeping for 0.04369783727452159 seconds
Request model_5#245 arrives at 1605356.377106401, sleeping for 0.011474865721538663 seconds
Request model_3#207 arrives at 1605356.389159912, sleeping for 0.004313396755605936 seconds
Request model_5#246 arrives at 1605356.393770261, sleeping for 0.002946233842521906 seconds
Request model_5#247 arrives at 1605356.397391841, sleeping for 0.024149624165147543 seconds
Request model_6#142 arrives at 1605356.421979727, sleeping for 0.11253777961246669 seconds
Request model_3#208 arrives at 1605356.534968253, sleeping for 0.026946389814838767 seconds
Request model_3#209 arrives at 1605356.56334789, sleeping for 0.02186320279724896 seconds
Request model_3#210 arrives at 1605356.58596899, sleeping for 0.08053249609656632 seconds
Request model_5#248 arrives at 1605356.667641034, sleeping for 0.12941135908477008 seconds
Request model_3#211 arrives at 1605356.797461361, sleeping for 0.06355603598058224 seconds
Request model_4#106 arrives at 1605356.862135462, sleeping for 0.005485640838742256 seconds
Request model_4#107 arrives at 1605356.86782617, sleeping for 0.01555168954655528 seconds
Request model_6#143 arrives at 1605356.884462759, sleeping for 0.037197849014773965 seconds
Request model_2#132 arrives at 1605356.922702839, sleeping for 0.08286166656762362 seconds
Request model_5#249 arrives at 1605357.006684722, sleeping for 0.027890580240637064 seconds
Request model_6#144 arrives at 1605357.035388743, sleeping for 0.04004991054534912 seconds
Request model_3#212 arrives at 1605357.076271805, sleeping for 0.047210659831762314 seconds
Request model_2#133 arrives at 1605357.124419458, sleeping for 0.06051960517652333 seconds
Request model_5#250 arrives at 1605357.186071674, sleeping for 0.09135485161095858 seconds
Request model_4#108 arrives at 1605357.278018214, sleeping for 0.0651004312094301 seconds
Request model_2#134 arrives at 1605357.344027547, sleeping for 0.011958437273278832 seconds
Request model_5#251 arrives at 1605357.356762713, sleeping for 0.0865088077262044 seconds
Request model_6#145 arrives at 1605357.443788532, sleeping for 0.004163933219388127 seconds
Request model_4#109 arrives at 1605357.448204519, sleeping for 0.03762144548818469 seconds
Request model_4#110 arrives at 1605357.486102386, sleeping for 0.057793587911874056 seconds
Request model_3#213 arrives at 1605357.544384044, sleeping for 0.004399197408929467 seconds
Request model_2#135 arrives at 1605357.549562907, sleeping for 0.05976824159733951 seconds
Request model_2#136 arrives at 1605357.611358425, sleeping for 0.006903402972966433 seconds
Request model_4#111 arrives at 1605357.618509835, sleeping for 0.04846148705109954 seconds
Request model_6#146 arrives at 1605357.667529615, sleeping for 0.005415670573711395 seconds
Request model_4#112 arrives at 1605357.673451974, sleeping for 0.0013275002129375935 seconds
Request model_1#82 arrives at 1605357.675565682, sleeping for 0.0017962648998945951 seconds
Request model_6#147 arrives at 1605357.678234325, sleeping for 0.13937354017980397 seconds
Request model_3#214 arrives at 1605357.817775233, sleeping for 0.0718391437549144 seconds
Request model_6#148 arrives at 1605357.891341489, sleeping for 0.015677904477342963 seconds
Request model_3#215 arrives at 1605357.907440513, sleeping for 0.017018495127558708 seconds
Request model_4#113 arrives at 1605357.925430744, sleeping for 0.06357829202897847 seconds
Request model_6#149 arrives at 1605357.989357499, sleeping for 0 seconds
Request model_6#150 arrives at 1605357.989700242, sleeping for 0.1251505457330495 seconds
Request model_3#216 arrives at 1605358.115684077, sleeping for 0.10039869393222034 seconds
Request model_3#217 arrives at 1605358.216536701, sleeping for 0.05254256329499185 seconds
Request model_2#137 arrives at 1605358.269935608, sleeping for 0.014480154495686293 seconds
Request model_5#252 arrives at 1605358.285277026, sleeping for 0.11370209464803338 seconds
Request model_2#138 arrives at 1605358.399417172, sleeping for 0 seconds
Request model_2#139 arrives at 1605358.400027787, sleeping for 0.019927168264985085 seconds
Request model_5#253 arrives at 1605358.421077433, sleeping for 0.025796774309128523 seconds
Request model_1#83 arrives at 1605358.447065421, sleeping for 0.001416703686118126 seconds
Request model_2#140 arrives at 1605358.449281869, sleeping for 0.010066003538668156 seconds
Request model_3#218 arrives at 1605358.459935849, sleeping for 0.023565008072182536 seconds
Request model_2#141 arrives at 1605358.484139342, sleeping for 0.06549502373673022 seconds
Request model_2#142 arrives at 1605358.549792591, sleeping for 0.25992189929820597 seconds
Request model_2#143 arrives at 1605358.810687175, sleeping for 0.0481783754657954 seconds
Request model_5#254 arrives at 1605358.859876406, sleeping for 0.027665458619594574 seconds
Request model_2#144 arrives at 1605358.888216084, sleeping for 0.049903471721336246 seconds
Request model_6#151 arrives at 1605358.938438004, sleeping for 0.004585350165143609 seconds
Request model_2#145 arrives at 1605358.943520047, sleeping for 0.01771481428295374 seconds
Request model_5#255 arrives at 1605358.961421447, sleeping for 0.0750507339835167 seconds
Request model_3#219 arrives at 1605359.036647466, sleeping for 0.028016839874908328 seconds
Request model_5#256 arrives at 1605359.065447627, sleeping for 0.05842331284657121 seconds
Request model_1#84 arrives at 1605359.12425899, sleeping for 0.02701684064231813 seconds
Request model_5#257 arrives at 1605359.152213133, sleeping for 0.11044468614272773 seconds
Request model_5#258 arrives at 1605359.263700527, sleeping for 0.11911291885189712 seconds
Request model_5#259 arrives at 1605359.383723001, sleeping for 0.05834104027599096 seconds
Request model_4#114 arrives at 1605359.442385472, sleeping for 0.004635122371837497 seconds
Request model_3#220 arrives at 1605359.44804858, sleeping for 0.056204042630270123 seconds
Request model_6#152 arrives at 1605359.504677094, sleeping for 0.06532738916575909 seconds
Request model_5#260 arrives at 1605359.571055349, sleeping for 0.00023867911659181118 seconds
Request model_6#153 arrives at 1605359.571581894, sleeping for 0.024485714733600616 seconds
Request model_3#221 arrives at 1605359.596375681, sleeping for 0.061412375420331955 seconds
Request model_4#115 arrives at 1605359.658460871, sleeping for 0.01996901584789157 seconds
Request model_5#261 arrives at 1605359.679166984, sleeping for 0.21678607654757798 seconds
Request model_3#222 arrives at 1605359.896992598, sleeping for 0.03623760142363608 seconds
Request model_6#154 arrives at 1605359.935046726, sleeping for 0.005392683437094092 seconds
Request model_3#223 arrives at 1605359.940817005, sleeping for 0.022645836928859353 seconds
Request model_5#262 arrives at 1605359.964444302, sleeping for 0.004824611824005842 seconds
Request model_6#155 arrives at 1605359.970082569, sleeping for 0.05246233590878546 seconds
Request model_3#224 arrives at 1605360.023726428, sleeping for 0.014301848830655217 seconds
Request model_5#263 arrives at 1605360.038490812, sleeping for 0.03339075413532555 seconds
Request model_3#225 arrives at 1605360.072338525, sleeping for 0.09021131857298315 seconds
Request model_5#264 arrives at 1605360.163304037, sleeping for 0.045160707319155335 seconds
Request model_5#265 arrives at 1605360.210673533, sleeping for 0.0327909211628139 seconds
Request model_2#146 arrives at 1605360.244617507, sleeping for 0.012622712412849069 seconds
Request model_6#156 arrives at 1605360.258007319, sleeping for 0.03456814121454954 seconds
Request model_6#157 arrives at 1605360.293236034, sleeping for 0.0173505877610296 seconds
Request model_1#85 arrives at 1605360.310936672, sleeping for 0.013622703729197383 seconds
Request model_2#147 arrives at 1605360.326393842, sleeping for 0.014764891238883138 seconds
Request model_2#148 arrives at 1605360.341594569, sleeping for 0.05066571477800608 seconds
Request model_3#226 arrives at 1605360.392719277, sleeping for 0.0015483598690479994 seconds
Request model_4#116 arrives at 1605360.394931055, sleeping for 0.003347129328176379 seconds
Request model_2#149 arrives at 1605360.398672997, sleeping for 0.22010846924968064 seconds
Request model_1#86 arrives at 1605360.619744137, sleeping for 0.004974104464054108 seconds
Request model_5#266 arrives at 1605360.625775027, sleeping for 0.031270138220861554 seconds
Request model_5#267 arrives at 1605360.657866756, sleeping for 0.0997032078448683 seconds
Request model_5#268 arrives at 1605360.758586369, sleeping for 0.10379371978342533 seconds
Request model_3#227 arrives at 1605360.863330485, sleeping for 0.019377356860786676 seconds
Request model_4#117 arrives at 1605360.883108821, sleeping for 0.03597423480823636 seconds
Request model_3#228 arrives at 1605360.920901867, sleeping for 0.06137984385713935 seconds
Request model_3#229 arrives at 1605360.982455522, sleeping for 0.11568236188031733 seconds
Request model_4#118 arrives at 1605361.099899615, sleeping for 0.024593071546405554 seconds
Request model_3#230 arrives at 1605361.12559494, sleeping for 0.02543221996165812 seconds
Request model_3#231 arrives at 1605361.151735599, sleeping for 0.025801244657486677 seconds
Request model_4#119 arrives at 1605361.179391791, sleeping for 0.0041991909965872765 seconds
Request model_2#150 arrives at 1605361.184043659, sleeping for 0.05973210814408958 seconds
Request model_2#151 arrives at 1605361.243908261, sleeping for 0.03154031839221716 seconds
Request model_2#152 arrives at 1605361.275601696, sleeping for 0.07601051707752049 seconds
Request model_1#87 arrives at 1605361.35260368, sleeping for 0.029135472839698195 seconds
Request model_5#269 arrives at 1605361.381973496, sleeping for 0.23667919635772705 seconds
Request model_5#270 arrives at 1605361.619359612, sleeping for 0.0173793388530612 seconds
Request model_1#88 arrives at 1605361.637151441, sleeping for 0.007696512853726745 seconds
Request model_5#271 arrives at 1605361.645805664, sleeping for 0.015592458425089717 seconds
Request model_1#89 arrives at 1605361.662460033, sleeping for 0.05821775062941015 seconds
Request model_5#272 arrives at 1605361.721730219, sleeping for 0.068591533228755 seconds
Request model_5#273 arrives at 1605361.790546965, sleeping for 0.008621892426162958 seconds
Request model_2#153 arrives at 1605361.79942912, sleeping for 0.051826135255396366 seconds
Request model_3#232 arrives at 1605361.851773118, sleeping for 0.18528907746076584 seconds
Request model_5#274 arrives at 1605362.037579952, sleeping for 0.16654818900860846 seconds
Request model_5#275 arrives at 1605362.204452089, sleeping for 0.003267146646976471 seconds
Request model_3#233 arrives at 1605362.20813776, sleeping for 0.04520556936040521 seconds
Request model_5#276 arrives at 1605362.253734281, sleeping for 0.09731976548209786 seconds
Request model_3#234 arrives at 1605362.352046274, sleeping for 0.07098404318094254 seconds
Request model_2#154 arrives at 1605362.424067686, sleeping for 0.05077160592190921 seconds
Request model_5#277 arrives at 1605362.476048471, sleeping for 0.058630631770938635 seconds
Request model_5#278 arrives at 1605362.53562997, sleeping for 0.04235890321433544 seconds
Request model_5#279 arrives at 1605362.578316587, sleeping for 0.144085674546659 seconds
Request model_2#155 arrives at 1605362.722625445, sleeping for 0 seconds
Request model_3#235 arrives at 1605362.72319725, sleeping for 0.06739611155353487 seconds
Request model_1#90 arrives at 1605362.791016947, sleeping for 0.01493932749144733 seconds
Request model_5#280 arrives at 1605362.806194494, sleeping for 0.021812826162204146 seconds
Request model_5#281 arrives at 1605362.830093314, sleeping for 0.0132753299549222 seconds
Request model_2#156 arrives at 1605362.84515049, sleeping for 0.005939615424722433 seconds
Request model_5#282 arrives at 1605362.851924537, sleeping for 0.024300333810970187 seconds
Request model_5#283 arrives at 1605362.876582793, sleeping for 0.0165386616718024 seconds
Request model_5#284 arrives at 1605362.893440314, sleeping for 0.01860789954662323 seconds
Request model_6#158 arrives at 1605362.91322326, sleeping for 0.064723567571491 seconds
Request model_3#236 arrives at 1605362.978913809, sleeping for 0.08510999428108335 seconds
Request model_3#237 arrives at 1605363.066105169, sleeping for 0.045804501278325915 seconds
Request model_6#159 arrives at 1605363.112393756, sleeping for 0.039430602453649044 seconds
Request model_1#91 arrives at 1605363.15233794, sleeping for 0.11498852912336588 seconds
Request model_3#238 arrives at 1605363.268561313, sleeping for 0.15072440425865352 seconds
Request model_4#120 arrives at 1605363.420182391, sleeping for 0.01230965368449688 seconds
Request model_4#121 arrives at 1605363.433342122, sleeping for 0.13658597157336771 seconds
Request model_6#160 arrives at 1605363.57060497, sleeping for 0.009649487677961588 seconds
Request model_3#239 arrives at 1605363.580984477, sleeping for 0.07123601622879505 seconds
Request model_5#285 arrives at 1605363.652539825, sleeping for 0.002749818377196789 seconds
Request model_2#157 arrives at 1605363.656220046, sleeping for 0.07587782293558121 seconds
Request model_5#286 arrives at 1605363.732657006, sleeping for 0.08865967695601285 seconds
Request model_3#240 arrives at 1605363.822271316, sleeping for 0.0072357377503067255 seconds
Request model_2#158 arrives at 1605363.829779229, sleeping for 0.024931065971031785 seconds
Request model_5#287 arrives at 1605363.855655605, sleeping for 0.09998219017870724 seconds
Request model_3#241 arrives at 1605363.956461419, sleeping for 0.0013522037770599127 seconds
Request model_2#159 arrives at 1605363.958182373, sleeping for 0.0076784559059888124 seconds
Request model_6#161 arrives at 1605363.966667784, sleeping for 0.012466154294088483 seconds
Request model_4#122 arrives at 1605363.97938966, sleeping for 0.0037864898331463337 seconds
Request model_5#288 arrives at 1605363.984046509, sleeping for 0.022103852592408657 seconds
Request model_6#162 arrives at 1605364.006683178, sleeping for 0.029368810588493943 seconds
Request model_1#92 arrives at 1605364.036845551, sleeping for 0.07383951568044722 seconds
Request model_3#242 arrives at 1605364.111680557, sleeping for 0.03367792000062764 seconds
Request model_5#289 arrives at 1605364.145665311, sleeping for 0.022344681667163968 seconds
Request model_3#243 arrives at 1605364.169026487, sleeping for 0.01290665683336556 seconds
Request model_6#163 arrives at 1605364.182498249, sleeping for 0.08571840403601527 seconds
Request model_4#123 arrives at 1605364.26864688, sleeping for 0.07482869224622846 seconds
Request model_5#290 arrives at 1605364.345315572, sleeping for 0.0352640834171325 seconds
Request model_6#164 arrives at 1605364.381675006, sleeping for 0.05989131727255881 seconds
Request model_6#165 arrives at 1605364.442453084, sleeping for 0.03807781497016549 seconds
Request model_1#93 arrives at 1605364.481653242, sleeping for 0.0270989912096411 seconds
Request model_3#244 arrives at 1605364.509698487, sleeping for 0.006082650041207671 seconds
Request model_1#94 arrives at 1605364.516570824, sleeping for 0.0046771508641541 seconds
Request model_4#124 arrives at 1605364.521567916, sleeping for 0.008501105476170778 seconds
Request model_3#245 arrives at 1605364.530256039, sleeping for 0.017547338968142867 seconds
Request model_5#291 arrives at 1605364.547932236, sleeping for 0.006732751382514834 seconds
Request model_3#246 arrives at 1605364.555664671, sleeping for 0.01257671881467104 seconds
Request model_4#125 arrives at 1605364.570312114, sleeping for 0.01248906715773046 seconds
Request model_6#166 arrives at 1605364.58295721, sleeping for 0.059786308789625764 seconds
Request model_5#292 arrives at 1605364.643278294, sleeping for 0.023097371216863394 seconds
Request model_4#126 arrives at 1605364.666892762, sleeping for 0.09406722616404295 seconds
Request model_2#160 arrives at 1605364.761322312, sleeping for 0.062022646656259894 seconds
Request model_2#161 arrives at 1605364.824237398, sleeping for 0.08193439524620771 seconds
Request model_5#293 arrives at 1605364.906821339, sleeping for 0.032498345943167806 seconds
Request model_5#294 arrives at 1605364.940032947, sleeping for 0.008937703911215067 seconds
Request model_3#247 arrives at 1605364.950751127, sleeping for 0.007161288522183895 seconds
Request model_6#167 arrives at 1605364.95836258, sleeping for 0.05369303282350302 seconds
Request model_4#127 arrives at 1605365.013714363, sleeping for 0.003442765912041068 seconds
Request model_6#168 arrives at 1605365.017430305, sleeping for 0.011047389125451446 seconds
Request model_1#95 arrives at 1605365.029255754, sleeping for 0.01758417719975114 seconds
Request model_5#295 arrives at 1605365.048922288, sleeping for 0.05373256956227124 seconds
Request model_3#248 arrives at 1605365.103021201, sleeping for 0.016162570100277662 seconds
Request model_3#249 arrives at 1605365.11968671, sleeping for 0.0709773909766227 seconds
Request model_3#250 arrives at 1605365.192360148, sleeping for 0.07852740515954792 seconds
Request model_5#296 arrives at 1605365.272033844, sleeping for 0.10177337727509439 seconds
Request model_6#169 arrives at 1605365.374864195, sleeping for 0.04643186368048191 seconds
Request model_1#96 arrives at 1605365.421893008, sleeping for 0.003929443191736937 seconds
Request model_2#162 arrives at 1605365.426109613, sleeping for 0.023560474859550595 seconds
Request model_3#251 arrives at 1605365.449933692, sleeping for 0.03255811310373247 seconds
Request model_2#163 arrives at 1605365.482972519, sleeping for 0.006518590962514281 seconds
Request model_5#297 arrives at 1605365.490544192, sleeping for 0.006577327847480774 seconds
Request model_3#252 arrives at 1605365.497352049, sleeping for 0.03812980721704662 seconds
Request model_5#298 arrives at 1605365.535955512, sleeping for 0.0002719128970056772 seconds
Request model_6#170 arrives at 1605365.536392636, sleeping for 0.03305780957452953 seconds
Request model_6#171 arrives at 1605365.569781455, sleeping for 0.009776246501132846 seconds
Request model_6#172 arrives at 1605365.580396474, sleeping for 0.039512200048193336 seconds
Request model_2#164 arrives at 1605365.620745372, sleeping for 0.04386301222257316 seconds
Request model_2#165 arrives at 1605365.665550146, sleeping for 0.00984450546093285 seconds
Request model_5#299 arrives at 1605365.676180665, sleeping for 0.025833015330135822 seconds
Request model_5#300 arrives at 1605365.703772406, sleeping for 0.021188678918406367 seconds
Request model_3#253 arrives at 1605365.725433317, sleeping for 0 seconds
Request model_3#254 arrives at 1605365.72574736, sleeping for 0.113169927848503 seconds
Request model_4#128 arrives at 1605365.839647313, sleeping for 0.07859334209933877 seconds
Request model_5#301 arrives at 1605365.91941194, sleeping for 0.04208045150153339 seconds
Request model_3#255 arrives at 1605365.961669554, sleeping for 0.020769770490005612 seconds
Request model_2#166 arrives at 1605365.983164723, sleeping for 0.002364279003813863 seconds
Request model_5#302 arrives at 1605365.985796065, sleeping for 0.0037771097850054502 seconds
Request model_5#303 arrives at 1605365.990402974, sleeping for 0.022188490955159068 seconds
Request model_2#167 arrives at 1605366.013032703, sleeping for 0.0625424247700721 seconds
Request model_3#256 arrives at 1605366.07607138, sleeping for 0.0641772102098912 seconds
Request model_4#129 arrives at 1605366.140812022, sleeping for 0.08158067427575588 seconds
Request model_5#304 arrives at 1605366.222690357, sleeping for 0.050218424992635846 seconds
Request model_4#130 arrives at 1605366.27322441, sleeping for 0.03525308449752629 seconds
Request model_6#173 arrives at 1605366.309478503, sleeping for 0.09547926159575582 seconds
Request model_5#305 arrives at 1605366.405778258, sleeping for 0.014381674816831946 seconds
Request model_6#174 arrives at 1605366.420999575, sleeping for 0.0005682779010385275 seconds
Request model_5#306 arrives at 1605366.421815032, sleeping for 0.05069966404698789 seconds
Request model_5#307 arrives at 1605366.472806999, sleeping for 0.09337273496203125 seconds
Request model_5#308 arrives at 1605366.567239949, sleeping for 0.027828023536130786 seconds
Request model_6#175 arrives at 1605366.595375894, sleeping for 0.025587417650967836 seconds
Request model_5#309 arrives at 1605366.621490492, sleeping for 0.044376087840646505 seconds
Request model_3#257 arrives at 1605366.666351458, sleeping for 0.02260903362184763 seconds
Request model_4#131 arrives at 1605366.689247459, sleeping for 0.09291072492487729 seconds
Request model_1#97 arrives at 1605366.782341428, sleeping for 0.03396534267812967 seconds
Request model_5#310 arrives at 1605366.816993288, sleeping for 0.10635208035819232 seconds
Request model_5#311 arrives at 1605366.92369187, sleeping for 0.005264121573418379 seconds
Request model_5#312 arrives at 1605366.929417118, sleeping for 0.016494798241183162 seconds
Request model_2#168 arrives at 1605366.946512781, sleeping for 0.015341957565397024 seconds
Request model_3#258 arrives at 1605366.962188112, sleeping for 0.0011344642844051123 seconds
Request model_3#259 arrives at 1605366.963826296, sleeping for 0.07961464673280716 seconds
Request model_5#313 arrives at 1605367.044249369, sleeping for 0.006033545592799783 seconds
Request model_3#260 arrives at 1605367.050959795, sleeping for 0.07716553658246994 seconds
Request model_5#314 arrives at 1605367.128649995, sleeping for 0.013169621350243688 seconds
Request model_3#261 arrives at 1605367.143483559, sleeping for 0.19250920903868973 seconds
Request model_2#169 arrives at 1605367.336453493, sleeping for 0.0010972530581057072 seconds
Request model_3#262 arrives at 1605367.338269608, sleeping for 0.02012380864471197 seconds
Request model_3#263 arrives at 1605367.358936451, sleeping for 0.0052646182011812925 seconds
Request model_3#264 arrives at 1605367.364613598, sleeping for 0.008293736958876252 seconds
Request model_3#265 arrives at 1605367.373411842, sleeping for 0.06235758471302688 seconds
Request model_1#98 arrives at 1605367.436070976, sleeping for 0.06119448458775878 seconds
Request model_5#315 arrives at 1605367.497773552, sleeping for 0.010854647727683187 seconds
Request model_5#316 arrives at 1605367.509413319, sleeping for 0.4847418067511171 seconds
Request model_1#99 arrives at 1605367.995097011, sleeping for 0.046174002811312675 seconds
Request model_1#100 arrives at 1605368.042133564, sleeping for 0.05993294878862798 seconds
Request model_5#317 arrives at 1605368.103391517, sleeping for 0.029626991832628846 seconds
Request model_6#176 arrives at 1605368.133284597, sleeping for 0.023290697252377868 seconds
Request model_5#318 arrives at 1605368.157287818, sleeping for 0.013745576608926058 seconds
Request model_3#266 arrives at 1605368.172237633, sleeping for 0.044907262083142996 seconds
Request model_5#319 arrives at 1605368.218011966, sleeping for 0.034498236142098904 seconds
Request model_2#170 arrives at 1605368.253522493, sleeping for 0.0525190734770149 seconds
Request model_6#177 arrives at 1605368.306300274, sleeping for 0.008014915743842721 seconds
Request model_5#320 arrives at 1605368.315017157, sleeping for 0.08281711023300886 seconds
Request model_4#132 arrives at 1605368.398693657, sleeping for 0.035585940815508366 seconds
Request model_4#133 arrives at 1605368.436238831, sleeping for 0.004474692745134234 seconds
Request model_5#321 arrives at 1605368.440899199, sleeping for 0.045554837910458446 seconds
Request model_6#178 arrives at 1605368.487897192, sleeping for 0.05886291200295091 seconds
Request model_2#171 arrives at 1605368.547301429, sleeping for 0.02777820429764688 seconds
Request model_6#179 arrives at 1605368.576813276, sleeping for 0.04705909709446132 seconds
Request model_3#267 arrives at 1605368.625022669, sleeping for 0.022207056637853384 seconds
Request model_3#268 arrives at 1605368.647710949, sleeping for 0.013860441744327545 seconds
Request model_6#180 arrives at 1605368.662396792, sleeping for 0.014880159636959434 seconds
Request model_6#181 arrives at 1605368.678067313, sleeping for 0.07988872588612139 seconds
Request model_5#322 arrives at 1605368.758764298, sleeping for 0.09439203096553683 seconds
Request model_3#269 arrives at 1605368.853736142, sleeping for 0.12908278941176832 seconds
Request model_5#323 arrives at 1605368.983258285, sleeping for 0.02892541978508234 seconds
Request model_1#101 arrives at 1605369.013308346, sleeping for 0.0588735225610435 seconds
Request model_3#270 arrives at 1605369.073015756, sleeping for 0.03190188785083592 seconds
Request model_2#172 arrives at 1605369.105726589, sleeping for 0 seconds
Request model_3#271 arrives at 1605369.106082232, sleeping for 0.018657254986464977 seconds
Request model_3#272 arrives at 1605369.125896338, sleeping for 0.02107350411824882 seconds
Request model_2#173 arrives at 1605369.147570719, sleeping for 0.14731104345992208 seconds
Request model_2#174 arrives at 1605369.295821369, sleeping for 0.04141182149760425 seconds
Request model_5#324 arrives at 1605369.337628708, sleeping for 0.044823647011071444 seconds
Request model_5#325 arrives at 1605369.382689745, sleeping for 0.053934160619974136 seconds
Request model_6#182 arrives at 1605369.437380992, sleeping for 0.01806303020566702 seconds
Request model_5#326 arrives at 1605369.457048297, sleeping for 0 seconds
Request model_6#183 arrives at 1605369.457346689, sleeping for 0.003727176459506154 seconds
Request model_4#134 arrives at 1605369.46215306, sleeping for 0.046674170065671206 seconds
Request model_5#327 arrives at 1605369.509730987, sleeping for 0.05214773723855615 seconds
Request model_3#273 arrives at 1605369.562241117, sleeping for 0.029785368125885725 seconds
Request model_6#184 arrives at 1605369.592904683, sleeping for 0 seconds
Request model_3#274 arrives at 1605369.593297706, sleeping for 0.060573260532692075 seconds
Request model_3#275 arrives at 1605369.655784249, sleeping for 0.02423155470751226 seconds
Request model_3#276 arrives at 1605369.680608396, sleeping for 0.06457166816107929 seconds
Request model_5#328 arrives at 1605369.745737571, sleeping for 0.06253219582140446 seconds
Request model_5#329 arrives at 1605369.809331643, sleeping for 0.05048358184285462 seconds
Request model_4#135 arrives at 1605369.860216728, sleeping for 0.033503940561786294 seconds
Request model_5#330 arrives at 1605369.894265653, sleeping for 0.05088639562018216 seconds
Request model_5#331 arrives at 1605369.945931805, sleeping for 0.07294232584536076 seconds
Request model_2#175 arrives at 1605370.019076766, sleeping for 0.020438690669834614 seconds
Request model_2#176 arrives at 1605370.040597227, sleeping for 0.07408698461949825 seconds
Request model_3#277 arrives at 1605370.115354851, sleeping for 0.07044794433750212 seconds
Request model_5#332 arrives at 1605370.186615528, sleeping for 0.026674060383811593 seconds
Request model_6#185 arrives at 1605370.214321249, sleeping for 0.0344606211874634 seconds
Request model_3#278 arrives at 1605370.249298242, sleeping for 0.016582964919507504 seconds
Request model_3#279 arrives at 1605370.266450095, sleeping for 0.03801788738928735 seconds
Request model_5#333 arrives at 1605370.305136478, sleeping for 0.03136022249236703 seconds
Request model_1#102 arrives at 1605370.336808173, sleeping for 0.04459519335068762 seconds
Request model_2#177 arrives at 1605370.382004561, sleeping for 0.06496684090234339 seconds
Request model_6#186 arrives at 1605370.447303917, sleeping for 0.00824697408825159 seconds
Request model_1#103 arrives at 1605370.4560232, sleeping for 0.0037952857092022896 seconds
Request model_3#280 arrives at 1605370.460320466, sleeping for 0.04372898465953767 seconds
Request model_6#187 arrives at 1605370.504760197, sleeping for 0.0281135777477175 seconds
Request model_5#334 arrives at 1605370.533500578, sleeping for 0.046726468252018094 seconds
Request model_2#178 arrives at 1605370.580676832, sleeping for 0.008625204442068934 seconds
Request model_6#188 arrives at 1605370.591354952, sleeping for 0.020925029180943966 seconds
Request model_3#281 arrives at 1605370.613042073, sleeping for 0.027113277930766344 seconds
Request model_3#282 arrives at 1605370.640741775, sleeping for 0.08076168270781636 seconds
Request model_5#335 arrives at 1605370.722416227, sleeping for 0.008822845993563533 seconds
Request model_5#336 arrives at 1605370.733131257, sleeping for 0.012504600221291184 seconds
Request model_5#337 arrives at 1605370.745801953, sleeping for 0.002470918232575059 seconds
Request model_6#189 arrives at 1605370.748485765, sleeping for 0.08091929252259433 seconds
Request model_5#338 arrives at 1605370.829881336, sleeping for 0.019609829178079963 seconds
Request model_3#283 arrives at 1605370.850588299, sleeping for 0.09239903767593205 seconds
Request model_6#190 arrives at 1605370.94397912, sleeping for 0.06245693238452077 seconds
Request model_1#104 arrives at 1605371.007665422, sleeping for 0.2074881640728563 seconds
Request model_2#179 arrives at 1605371.216093295, sleeping for 0.11008859286084771 seconds
Request model_5#339 arrives at 1605371.32681233, sleeping for 0.06461922614835203 seconds
Request model_2#180 arrives at 1605371.392594931, sleeping for 0.0010451804846525192 seconds
Request model_6#191 arrives at 1605371.394341725, sleeping for 0.2753653721883893 seconds
Request model_3#284 arrives at 1605371.6700562, sleeping for 0.08474756265059114 seconds
Request model_3#285 arrives at 1605371.755298883, sleeping for 0.0032663235906511545 seconds
Request model_3#286 arrives at 1605371.759413747, sleeping for 0.2514497002121061 seconds
Request model_5#340 arrives at 1605372.012065119, sleeping for 0.0472426547203213 seconds
Request model_3#287 arrives at 1605372.060836567, sleeping for 0.011840914376080036 seconds
Request model_3#288 arrives at 1605372.073401742, sleeping for 0.06955323996953666 seconds
Request model_4#136 arrives at 1605372.144173314, sleeping for 0.05608694185502827 seconds
Request model_3#289 arrives at 1605372.200941559, sleeping for 0.004284283611923456 seconds
Request model_4#137 arrives at 1605372.206015731, sleeping for 0.029416961828246713 seconds
Request model_6#192 arrives at 1605372.23573617, sleeping for 0.033937785075977445 seconds
Request model_5#341 arrives at 1605372.27051017, sleeping for 0.0020851094741374254 seconds
Request model_5#342 arrives at 1605372.273710497, sleeping for 0.005159978289157152 seconds
Request model_4#138 arrives at 1605372.279907798, sleeping for 0.048392796190455556 seconds
Request model_2#181 arrives at 1605372.329477903, sleeping for 0.003581893863156438 seconds
Request model_6#193 arrives at 1605372.334141522, sleeping for 0.04805830563418567 seconds
Request model_6#194 arrives at 1605372.383012351, sleeping for 0.013938574120402336 seconds
Request model_6#195 arrives at 1605372.398262948, sleeping for 0.03759387065656483 seconds
Request model_3#290 arrives at 1605372.437423145, sleeping for 0.020509708439931273 seconds
Request model_2#182 arrives at 1605372.458695313, sleeping for 0.030175551772117615 seconds
Request model_6#196 arrives at 1605372.490375268, sleeping for 0.002590290503576398 seconds
Request model_1#105 arrives at 1605372.493461254, sleeping for 0.00820000609382987 seconds
Request model_2#183 arrives at 1605372.502192787, sleeping for 0.020678407046943903 seconds
Request model_6#197 arrives at 1605372.523158492, sleeping for 0.053894945653155446 seconds
Request model_4#139 arrives at 1605372.578083511, sleeping for 0.06495422194711864 seconds
Request model_2#184 arrives at 1605372.64368763, sleeping for 0.04862436605617404 seconds
Request model_3#291 arrives at 1605372.693450456, sleeping for 0.09314354648813605 seconds
Request model_6#198 arrives at 1605372.787592783, sleeping for 0.08594001200981438 seconds
Request model_5#343 arrives at 1605372.873727293, sleeping for 0.15862250747159123 seconds
Request model_6#199 arrives at 1605373.033135325, sleeping for 0.0006909351795911789 seconds
Request model_6#200 arrives at 1605373.034968381, sleeping for 0 seconds
Request model_3#292 arrives at 1605373.035279773, sleeping for 0.027394286124035716 seconds
Request model_3#293 arrives at 1605373.063095656, sleeping for 0.01959946076385677 seconds
Request model_3#294 arrives at 1605373.083806989, sleeping for 0.011322377249598503 seconds
Request model_5#344 arrives at 1605373.095626158, sleeping for 0.04807943431660533 seconds
Request model_1#106 arrives at 1605373.144698708, sleeping for 0.07678511133417487 seconds
Request model_3#295 arrives at 1605373.222655009, sleeping for 0.09406929812394083 seconds
Request model_5#345 arrives at 1605373.317102259, sleeping for 0.07433441304601729 seconds
Request model_6#201 arrives at 1605373.392197677, sleeping for 0.03885960974730551 seconds
Request model_5#346 arrives at 1605373.431785737, sleeping for 0.028855916345492005 seconds
Request model_3#296 arrives at 1605373.46080806, sleeping for 0.05936963763087988 seconds
Request model_5#347 arrives at 1605373.520425128, sleeping for 0.013107146369293332 seconds
Request model_2#185 arrives at 1605373.535478404, sleeping for 0.02210446074604988 seconds
Request model_6#202 arrives at 1605373.558575987, sleeping for 0.06042636977508664 seconds
Request model_3#297 arrives at 1605373.620543155, sleeping for 0.02375040645711124 seconds
Request model_2#186 arrives at 1605373.646068538, sleeping for 0.005295140901580453 seconds
Request model_2#187 arrives at 1605373.65214879, sleeping for 0.019754667533561587 seconds
Request model_2#188 arrives at 1605373.672174817, sleeping for 0.02314016711898148 seconds
Request model_5#348 arrives at 1605373.696249188, sleeping for 0.035978475119918585 seconds
Request model_5#349 arrives at 1605373.732602392, sleeping for 0.011391503037884831 seconds
Request model_3#298 arrives at 1605373.744256139, sleeping for 0.1053409012965858 seconds
Request model_5#350 arrives at 1605373.849912972, sleeping for 0.06039950321428478 seconds
Request model_6#203 arrives at 1605373.91059033, sleeping for 0.14072592603042722 seconds
Request model_3#299 arrives at 1605374.051526528, sleeping for 0.08477253490127623 seconds
Request model_5#351 arrives at 1605374.136471168, sleeping for 0.016031811479479074 seconds
Request model_2#189 arrives at 1605374.153396659, sleeping for 0.032307247864082456 seconds
Request model_3#300 arrives at 1605374.187625545, sleeping for 0.010051866061985493 seconds
Request model_3#301 arrives at 1605374.198304255, sleeping for 0.0157759974244982 seconds
Request model_3#302 arrives at 1605374.214928924, sleeping for 0.030992668587714434 seconds
Request model_2#190 arrives at 1605374.246534327, sleeping for 0.04282153723761439 seconds
Request model_5#352 arrives at 1605374.290181492, sleeping for 0.02011824888177216 seconds
Request model_6#204 arrives at 1605374.310872535, sleeping for 0.033643901348114014 seconds
Request model_6#205 arrives at 1605374.345583975, sleeping for 0.025015989085659385 seconds
Request model_3#303 arrives at 1605374.371493122, sleeping for 0.15117682563140988 seconds
Request model_5#353 arrives at 1605374.52320823, sleeping for 0.10366686945781112 seconds
Request model_3#304 arrives at 1605374.627806304, sleeping for 0.0176463620737195 seconds
Request model_3#305 arrives at 1605374.647524799, sleeping for 0.0190615844912827 seconds
Request model_6#206 arrives at 1605374.667212294, sleeping for 0.030892270617187023 seconds
Request model_3#306 arrives at 1605374.698887038, sleeping for 0.09104002127423882 seconds
Request model_6#207 arrives at 1605374.790624375, sleeping for 0.009903004625812173 seconds
Request model_2#191 arrives at 1605374.801309324, sleeping for 0.003574614878743887 seconds
Request model_5#354 arrives at 1605374.805101656, sleeping for 0.08980956906452775 seconds
Request model_6#208 arrives at 1605374.895808344, sleeping for 0.08403993397951126 seconds
Request model_1#107 arrives at 1605374.98023202, sleeping for 0.026695774402469397 seconds
Request model_5#355 arrives at 1605375.007927481, sleeping for 0.09267909312620759 seconds
Request model_5#356 arrives at 1605375.101397592, sleeping for 0.16225076443515718 seconds
Request model_5#357 arrives at 1605375.264309354, sleeping for 0.029762144200503826 seconds
Request model_6#209 arrives at 1605375.295025841, sleeping for 0.008030676981434226 seconds
Request model_6#210 arrives at 1605375.303705103, sleeping for 0.1738276700489223 seconds
Request model_2#192 arrives at 1605375.478655055, sleeping for 0.08222771063446999 seconds
Request model_5#358 arrives at 1605375.561718589, sleeping for 0.03496823203749955 seconds
Request model_6#211 arrives at 1605375.597368297, sleeping for 0.031121708918362856 seconds
Request model_6#212 arrives at 1605375.629062912, sleeping for 0.05748537532053888 seconds
Request model_1#108 arrives at 1605375.686745694, sleeping for 0.10938364500179887 seconds
Request model_6#213 arrives at 1605375.797837482, sleeping for 0.05266386945731938 seconds
Request model_1#109 arrives at 1605375.851611842, sleeping for 0.007104647113010287 seconds
Request model_3#307 arrives at 1605375.859322886, sleeping for 0.038307355949655175 seconds
Request model_3#308 arrives at 1605375.89809829, sleeping for 0.010574566666036844 seconds
Request model_4#140 arrives at 1605375.909768888, sleeping for 0.01713316119275987 seconds
Request model_6#214 arrives at 1605375.927434365, sleeping for 0.04218872031196952 seconds
Request model_2#193 arrives at 1605375.970102032, sleeping for 0.019516715547069907 seconds
Request model_2#194 arrives at 1605375.989782467, sleeping for 0.10668884799815714 seconds
Request model_6#215 arrives at 1605376.097518807, sleeping for 0.013728233054280281 seconds
Request model_5#359 arrives at 1605376.112653174, sleeping for 0.13272196613252163 seconds
Request model_2#195 arrives at 1605376.245717296, sleeping for 0.047877767123281956 seconds
Request model_3#309 arrives at 1605376.294527743, sleeping for 0.0037708813324570656 seconds
Request model_5#360 arrives at 1605376.299215933, sleeping for 0.04396076640114188 seconds
Request model_2#196 arrives at 1605376.343898476, sleeping for 0.038675595773383975 seconds
Request model_6#216 arrives at 1605376.383584077, sleeping for 0.03181436727754772 seconds
Request model_4#141 arrives at 1605376.416283361, sleeping for 0.08333354350179434 seconds
Request model_2#197 arrives at 1605376.49999652, sleeping for 0.0904435005504638 seconds
Request model_3#310 arrives at 1605376.592555284, sleeping for 0.078153993235901 seconds
Request model_6#217 arrives at 1605376.670921408, sleeping for 0.08321674424223602 seconds
Request model_5#361 arrives at 1605376.755109992, sleeping for 0.01952562783844769 seconds
Request model_3#311 arrives at 1605376.774804056, sleeping for 0.04332598950713873 seconds
Request model_2#198 arrives at 1605376.818640813, sleeping for 0.1073693532962352 seconds
Request model_6#218 arrives at 1605376.926784247, sleeping for 0.02667794725857675 seconds
Request model_3#312 arrives at 1605376.955013012, sleeping for 0.04958689375780523 seconds
Request model_5#362 arrives at 1605377.005070691, sleeping for 0.016165915178135037 seconds
Request model_5#363 arrives at 1605377.022155643, sleeping for 0.018797181081026793 seconds
Request model_6#219 arrives at 1605377.041331744, sleeping for 0.05152911553159356 seconds
Request model_5#364 arrives at 1605377.093213258, sleeping for 0.0023126534651964903 seconds
Request model_4#142 arrives at 1605377.096516615, sleeping for 0.022334190318360925 seconds
Request model_2#199 arrives at 1605377.120520646, sleeping for 0.035961766028776765 seconds
Request model_5#365 arrives at 1605377.158654724, sleeping for 0.0651921322569251 seconds
Request model_6#220 arrives at 1605377.225400072, sleeping for 0.03623071871697903 seconds
Request model_4#143 arrives at 1605377.263649682, sleeping for 0.01249376661144197 seconds
Request model_6#221 arrives at 1605377.276874642, sleeping for 0.13432966521941125 seconds
Request model_2#200 arrives at 1605377.412181683, sleeping for 0.06496537057682872 seconds
Request model_3#313 arrives at 1605377.478195464, sleeping for 0.016121446853503585 seconds
Request model_2#201 arrives at 1605377.494834413, sleeping for 0.06247751275077462 seconds
Request model_3#314 arrives at 1605377.558005471, sleeping for 0.04505790560506284 seconds
Request model_1#110 arrives at 1605377.603284129, sleeping for 0.08195844921283424 seconds
Request model_5#366 arrives at 1605377.68595005, sleeping for 0.07916870270855725 seconds
Request model_5#367 arrives at 1605377.765682006, sleeping for 0.07318061566911638 seconds
Request model_5#368 arrives at 1605377.839616384, sleeping for 0.006434074603021145 seconds
Request model_6#222 arrives at 1605377.846790764, sleeping for 0.07285161269828677 seconds
Request model_3#315 arrives at 1605377.919906035, sleeping for 0.00255383737385273 seconds
Request model_4#144 arrives at 1605377.922840919, sleeping for 0.010658520506694913 seconds
Request model_4#145 arrives at 1605377.934291095, sleeping for 0.05033311853185296 seconds
Request model_6#223 arrives at 1605377.98519555, sleeping for 0.04086297284811735 seconds
Request model_5#369 arrives at 1605378.026600156, sleeping for 0.0067560807801783085 seconds
Request model_2#202 arrives at 1605378.033588635, sleeping for 0.14909278135746717 seconds
Request model_5#370 arrives at 1605378.182810531, sleeping for 0.05458185193128884 seconds
Request model_3#316 arrives at 1605378.237790041, sleeping for 0.005861245794221759 seconds
Request model_5#371 arrives at 1605378.243909382, sleeping for 0.07698654942214489 seconds
Request model_3#317 arrives at 1605378.321941704, sleeping for 0.0028757594991475344 seconds
Request model_6#224 arrives at 1605378.32509547, sleeping for 0.027130821952596307 seconds
Request model_4#146 arrives at 1605378.353081934, sleeping for 0.13261042744852602 seconds
Request model_2#203 arrives at 1605378.486254107, sleeping for 0.0056131144519895315 seconds
Request model_5#372 arrives at 1605378.492514949, sleeping for 0.05829073139466345 seconds
Request model_2#204 arrives at 1605378.551627523, sleeping for 0.054853623267263174 seconds
Request model_4#147 arrives at 1605378.607116586, sleeping for 0.009903971804305911 seconds
Request model_6#225 arrives at 1605378.618397631, sleeping for 0.08662555925548077 seconds
Request model_1#111 arrives at 1605378.705566349, sleeping for 0.02720065857283771 seconds
Request model_1#112 arrives at 1605378.733604033, sleeping for 0.012051590951159596 seconds
Request model_2#205 arrives at 1605378.746742013, sleeping for 0.00411380035802722 seconds
Request model_5#373 arrives at 1605378.751712855, sleeping for 0.027190990978851914 seconds
Request model_2#206 arrives at 1605378.780053711, sleeping for 0.011243459768593311 seconds
Request model_1#113 arrives at 1605378.792051022, sleeping for 0 seconds
Request model_1#114 arrives at 1605378.792515565, sleeping for 0.029505430720746517 seconds
Request model_5#374 arrives at 1605378.822531186, sleeping for 0.048691667383536696 seconds
Request model_6#226 arrives at 1605378.871712477, sleeping for 0.07568471832200885 seconds
Request model_2#207 arrives at 1605378.948111055, sleeping for 0.06790721043944359 seconds
Request model_3#318 arrives at 1605379.01695271, sleeping for 0.019948194036260247 seconds
Request model_3#319 arrives at 1605379.03727634, sleeping for 0.03523687575943768 seconds
Request model_6#227 arrives at 1605379.073426842, sleeping for 0.014125201851129532 seconds
Request model_2#208 arrives at 1605379.088681629, sleeping for 0.048799548763781786 seconds
Request model_5#375 arrives at 1605379.138285664, sleeping for 0.03879206441342831 seconds
Request model_5#376 arrives at 1605379.177911985, sleeping for 0.13470446388237178 seconds
Request model_5#377 arrives at 1605379.313478168, sleeping for 0.09733483102172613 seconds
Request model_4#148 arrives at 1605379.412067751, sleeping for 0.050114039331674576 seconds
Request model_6#228 arrives at 1605379.462402972, sleeping for 0.0148250472266227 seconds
Request model_3#320 arrives at 1605379.477501838, sleeping for 0.10670033167116344 seconds
Request model_2#209 arrives at 1605379.585710622, sleeping for 0.06424426380544901 seconds
Request model_6#229 arrives at 1605379.650862226, sleeping for 0.00159559678286314 seconds
Request model_4#149 arrives at 1605379.653089094, sleeping for 0.0074559543281793594 seconds
Request model_5#378 arrives at 1605379.661082221, sleeping for 0.002082875231280923 seconds
Request model_3#321 arrives at 1605379.663874884, sleeping for 0.05497479625046253 seconds
Request model_5#379 arrives at 1605379.719051425, sleeping for 0.3414101665839553 seconds
Request model_2#210 arrives at 1605380.061255674, sleeping for 0.07093581184744835 seconds
Request model_6#230 arrives at 1605380.134495276, sleeping for 0.023920834297314286 seconds
Request model_5#380 arrives at 1605380.158813089, sleeping for 0.0034687393344938755 seconds
Request model_1#115 arrives at 1605380.16255987, sleeping for 0.11918109678663313 seconds
Request model_5#381 arrives at 1605380.282353181, sleeping for 0.22708163340575993 seconds
Request model_5#382 arrives at 1605380.509962312, sleeping for 0.01818007160909474 seconds
Request model_1#116 arrives at 1605380.528710869, sleeping for 0.04140153038315475 seconds
Request model_2#211 arrives at 1605380.57078289, sleeping for 0.038126547588035464 seconds
Request model_1#117 arrives at 1605380.609385143, sleeping for 0.006734971655532718 seconds
Request model_1#118 arrives at 1605380.616475552, sleeping for 0.011368845123797655 seconds
Request model_5#383 arrives at 1605380.628388192, sleeping for 0.18694816576316953 seconds
Request model_5#384 arrives at 1605380.815601945, sleeping for 0.06482870783656836 seconds
Request model_3#322 arrives at 1605380.880963502, sleeping for 0.011018542805686593 seconds
Request model_4#150 arrives at 1605380.892376556, sleeping for 0.0075891532469540834 seconds
Request model_5#385 arrives at 1605380.900082541, sleeping for 0.0017489618621766567 seconds
Request model_5#386 arrives at 1605380.902757973, sleeping for 0.10466043534688652 seconds
Request model_5#387 arrives at 1605381.008465797, sleeping for 0.015520184533670545 seconds
Request model_5#388 arrives at 1605381.024143507, sleeping for 0.011199844302609563 seconds
Request model_2#212 arrives at 1605381.035824175, sleeping for 0.016561226919293404 seconds
Request model_5#389 arrives at 1605381.053521243, sleeping for 0.08257199521176517 seconds
Request model_3#323 arrives at 1605381.137269362, sleeping for 0.14304204750806093 seconds
Request model_5#390 arrives at 1605381.280476738, sleeping for 6.949994713068008e-05 seconds
Request model_3#324 arrives at 1605381.280988573, sleeping for 0.0028588592540472746 seconds
Request model_2#213 arrives at 1605381.284744964, sleeping for 0.04919868195429444 seconds
Request model_5#391 arrives at 1605381.334362418, sleeping for 0.016190082067623734 seconds
Request model_2#214 arrives at 1605381.351090458, sleeping for 0.009144013980403543 seconds
Request model_5#392 arrives at 1605381.361725027, sleeping for 0.035236494382843375 seconds
Request model_5#393 arrives at 1605381.397332384, sleeping for 0.08139941492117941 seconds
Request model_5#394 arrives at 1605381.479844094, sleeping for 0 seconds
Request model_6#231 arrives at 1605381.480182336, sleeping for 0.10190748842433095 seconds
Request model_3#325 arrives at 1605381.583078486, sleeping for 0.002437437418848276 seconds
Request model_6#232 arrives at 1605381.586216172, sleeping for 0.0024517711717635393 seconds
Request model_1#119 arrives at 1605381.588870974, sleeping for 0.1058825752697885 seconds
Request model_4#151 arrives at 1605381.695587015, sleeping for 0.04449106031097472 seconds
Request model_3#326 arrives at 1605381.74041014, sleeping for 0.08096004161052406 seconds
Request model_6#233 arrives at 1605381.822473225, sleeping for 0.025236224057152867 seconds
Request model_5#395 arrives at 1605381.848581653, sleeping for 0.10381859727203846 seconds
Request model_3#327 arrives at 1605381.953966913, sleeping for 0.004943758016452193 seconds
Request model_3#328 arrives at 1605381.960062154, sleeping for 0 seconds
Request model_3#329 arrives at 1605381.960438537, sleeping for 0.03293232782743871 seconds
Request model_4#152 arrives at 1605381.994577273, sleeping for 0.036886291578412056 seconds
Request model_6#234 arrives at 1605382.032899433, sleeping for 0.0376254937145859 seconds
Request model_6#235 arrives at 1605382.071023781, sleeping for 0.003955662250518799 seconds
Request model_3#330 arrives at 1605382.075785951, sleeping for 0.049666837556287646 seconds
Request model_4#153 arrives at 1605382.126424464, sleeping for 0.034783118637278676 seconds
Request model_5#396 arrives at 1605382.161686088, sleeping for 0.019276676001027226 seconds
Request model_6#236 arrives at 1605382.181343803, sleeping for 0.08819207013584673 seconds
Request model_2#215 arrives at 1605382.269994593, sleeping for 0.015867895679548383 seconds
Request model_3#331 arrives at 1605382.286642982, sleeping for 0.09839274967089295 seconds
Request model_3#332 arrives at 1605382.385297506, sleeping for 0.18365710088983178 seconds
Request model_3#333 arrives at 1605382.569401573, sleeping for 0.044715131632983685 seconds
Request model_3#334 arrives at 1605382.615195056, sleeping for 0.03349958313629031 seconds
Request model_3#335 arrives at 1605382.648919597, sleeping for 0.04749504360370338 seconds
Request model_3#336 arrives at 1605382.696831187, sleeping for 0.07884236518293619 seconds
Request model_5#397 arrives at 1605382.77612262, sleeping for 0.014822008088231087 seconds
Request model_3#337 arrives at 1605382.791230766, sleeping for 0.01623173337429762 seconds
Request model_6#237 arrives at 1605382.80852013, sleeping for 0.00895734503865242 seconds
Request model_2#216 arrives at 1605382.819392301, sleeping for 0.06847399473190308 seconds
Request model_3#338 arrives at 1605382.88874046, sleeping for 0.07395165413618088 seconds
Request model_4#154 arrives at 1605382.963290363, sleeping for 0.026706066448241472 seconds
Request model_4#155 arrives at 1605382.991064135, sleeping for 0.04129105410538614 seconds
Request model_3#339 arrives at 1605383.032848284, sleeping for 0.09495078702457249 seconds
Request model_4#156 arrives at 1605383.128807335, sleeping for 0.14202703046612442 seconds
Request model_6#238 arrives at 1605383.271785519, sleeping for 0.018697814783081412 seconds
Request model_5#398 arrives at 1605383.291663755, sleeping for 0.11718387226574123 seconds
Request model_5#399 arrives at 1605383.409712851, sleeping for 0.0022781994193792343 seconds
Request model_3#340 arrives at 1605383.412503104, sleeping for 0.0001332468818873167 seconds
Request model_3#341 arrives at 1605383.412909848, sleeping for 0.04396853013895452 seconds
Request model_4#157 arrives at 1605383.457648091, sleeping for 0.024167684139683843 seconds
Request model_4#158 arrives at 1605383.482113726, sleeping for 0.045614272356033325 seconds
Request model_4#159 arrives at 1605383.528781975, sleeping for 0.08809149893932045 seconds
Request model_2#217 arrives at 1605383.617499746, sleeping for 0.014947450254112482 seconds
Request model_3#342 arrives at 1605383.633184417, sleeping for 0.05052116303704679 seconds
Request model_5#400 arrives at 1605383.684874549, sleeping for 0.018168821232393384 seconds
Request model_5#401 arrives at 1605383.704826655, sleeping for 0.012712461408227682 seconds
Request model_5#402 arrives at 1605383.717740903, sleeping for 0.13255308521911502 seconds
Request model_5#403 arrives at 1605383.851272408, sleeping for 0.007860299898311496 seconds
Request model_5#404 arrives at 1605383.860079202, sleeping for 0.02546703303232789 seconds
Request model_5#405 arrives at 1605383.885732996, sleeping for 0.001153233926743269 seconds
Request model_2#218 arrives at 1605383.887493101, sleeping for 0.00253553269430995 seconds
Request model_5#406 arrives at 1605383.890931189, sleeping for 0.00521818152628839 seconds
Request model_5#407 arrives at 1605383.896580637, sleeping for 0.11897014454007149 seconds
Request model_2#219 arrives at 1605384.017400276, sleeping for 0.09568016068078578 seconds
Request model_3#343 arrives at 1605384.113906891, sleeping for 0.14605883159674704 seconds
Request model_3#344 arrives at 1605384.26110865, sleeping for 0.04362596827559173 seconds
Request model_4#160 arrives at 1605384.305654592, sleeping for 0.056215597316622734 seconds
Request model_4#161 arrives at 1605384.363410905, sleeping for 0.0030941602308303118 seconds
Request model_6#239 arrives at 1605384.367098045, sleeping for 0.1176285061519593 seconds
Request model_5#408 arrives at 1605384.486499972, sleeping for 0.1353369248099625 seconds
Request model_2#220 arrives at 1605384.622515548, sleeping for 0.07479856093414128 seconds
Request model_3#345 arrives at 1605384.698287381, sleeping for 0.0005073288921266794 seconds
Request model_2#221 arrives at 1605384.698906056, sleeping for 0.02658040216192603 seconds
Request model_2#222 arrives at 1605384.726445216, sleeping for 0.01816421514376998 seconds
Request model_5#409 arrives at 1605384.7461444, sleeping for 0 seconds
Request model_3#346 arrives at 1605384.746596784, sleeping for 0.047137332847341895 seconds
Request model_3#347 arrives at 1605384.794538965, sleeping for 0.004731717286631465 seconds
Request model_5#410 arrives at 1605384.800230732, sleeping for 0.025388061301782727 seconds
Request model_5#411 arrives at 1605384.825887176, sleeping for 0.0061167082749307156 seconds
Request model_3#348 arrives at 1605384.832586232, sleeping for 0.044396782759577036 seconds
Request model_4#162 arrives at 1605384.877331996, sleeping for 0.017962567741051316 seconds
Request model_3#349 arrives at 1605384.897446804, sleeping for 0.09380537667311728 seconds
Request model_6#240 arrives at 1605384.992101654, sleeping for 0.09287292626686394 seconds
Request model_5#412 arrives at 1605385.085903038, sleeping for 0.009301282465457916 seconds
Request model_5#413 arrives at 1605385.096650667, sleeping for 0.07975848554633558 seconds
Request model_4#163 arrives at 1605385.177684964, sleeping for 0.012945197289809585 seconds
Request model_2#223 arrives at 1605385.192424057, sleeping for 0.001429188996553421 seconds
Request model_6#241 arrives at 1605385.194096921, sleeping for 0.0020526659209281206 seconds
Request model_5#414 arrives at 1605385.196921634, sleeping for 0.13918370474129915 seconds
Request model_3#350 arrives at 1605385.336671901, sleeping for 0.048193773021921515 seconds
Request model_4#164 arrives at 1605385.38564663, sleeping for 0.009353091241791844 seconds
Request model_3#351 arrives at 1605385.39641449, sleeping for 0.03753159218467772 seconds
Request model_5#415 arrives at 1605385.434677079, sleeping for 0.27171482029370964 seconds
Request model_5#416 arrives at 1605385.706749061, sleeping for 0.020473716082051396 seconds
Request model_5#417 arrives at 1605385.727621715, sleeping for 0.035603339318186045 seconds
Request model_2#224 arrives at 1605385.76530857, sleeping for 0.09580418304540217 seconds
Request model_5#418 arrives at 1605385.861689334, sleeping for 0.00027208938263356686 seconds
Request model_5#419 arrives at 1605385.862475821, sleeping for 0.1345425546169281 seconds
Request model_2#225 arrives at 1605385.997757801, sleeping for 0.00025857705622911453 seconds
Request model_6#242 arrives at 1605385.998386476, sleeping for 0.02427627774886787 seconds
Request model_3#352 arrives at 1605386.023410665, sleeping for 0.032024652464315295 seconds
Request model_2#226 arrives at 1605386.056081538, sleeping for 0.006732032634317875 seconds
Request model_5#420 arrives at 1605386.063778462, sleeping for 0.06960162171162665 seconds
Request model_2#227 arrives at 1605386.133735336, sleeping for 0.012574268970638514 seconds
Request model_5#421 arrives at 1605386.147008877, sleeping for 0 seconds
Request model_4#165 arrives at 1605386.147321599, sleeping for 0.05107849068008363 seconds
Request model_5#422 arrives at 1605386.198657078, sleeping for 0.01673658099025488 seconds
Request model_3#353 arrives at 1605386.216320775, sleeping for 0.07848646235652268 seconds
Request model_2#228 arrives at 1605386.295037722, sleeping for 0.05513071361929178 seconds
Request model_2#229 arrives at 1605386.350772038, sleeping for 0.13635335955768824 seconds
Request model_3#354 arrives at 1605386.487737331, sleeping for 0.004823693772777915 seconds
Request model_5#423 arrives at 1605386.493506599, sleeping for 0.03333309688605368 seconds
Request model_2#230 arrives at 1605386.527295551, sleeping for 0.06254590139724314 seconds
Request model_6#243 arrives at 1605386.590986193, sleeping for 0.0080994360614568 seconds
Request model_2#231 arrives at 1605386.599504464, sleeping for 0.01935182069428265 seconds
Request model_5#424 arrives at 1605386.619163318, sleeping for 0.013469664845615625 seconds
Request model_5#425 arrives at 1605386.633836481, sleeping for 0.017388634150847793 seconds
Request model_6#244 arrives at 1605386.653114552, sleeping for 0.0013110833242535591 seconds
Request model_3#355 arrives at 1605386.654830456, sleeping for 0.00781844137236476 seconds
Request model_5#426 arrives at 1605386.663474508, sleeping for 0.07887252955697477 seconds
Request model_6#245 arrives at 1605386.744296353, sleeping for 0.04548891121521592 seconds
Request model_6#246 arrives at 1605386.790539029, sleeping for 0.06854238687083125 seconds
Request model_5#427 arrives at 1605386.86012966, sleeping for 0.0696075726300478 seconds
Request model_3#356 arrives at 1605386.930420856, sleeping for 0.06840462912805378 seconds
Request model_6#247 arrives at 1605386.999894707, sleeping for 0.007518440950661898 seconds
Request model_6#248 arrives at 1605387.007600141, sleeping for 0.014428147813305259 seconds
Request model_6#249 arrives at 1605387.022291753, sleeping for 0.01362654147669673 seconds
Request model_1#120 arrives at 1605387.036943416, sleeping for 0.06487249420024455 seconds
Request model_5#428 arrives at 1605387.102694915, sleeping for 0.029167808359488845 seconds
Request model_6#250 arrives at 1605387.132870577, sleeping for 0.02682618540711701 seconds
Request model_5#429 arrives at 1605387.160551008, sleeping for 0.06346684857271612 seconds
Request model_3#357 arrives at 1605387.22424287, sleeping for 0.019211813574656844 seconds
Request model_3#358 arrives at 1605387.243949854, sleeping for 0.07754358742386103 seconds
Request model_3#359 arrives at 1605387.321704603, sleeping for 0.051543268375098705 seconds
Request model_6#251 arrives at 1605387.373637816, sleeping for 0.11802206980064511 seconds
Request model_4#166 arrives at 1605387.493392996, sleeping for 0.015944277867674828 seconds
Request model_3#360 arrives at 1605387.510091246, sleeping for 0.022638267371803522 seconds
Request model_6#252 arrives at 1605387.533204538, sleeping for 0.14775412436574697 seconds
Request model_4#167 arrives at 1605387.681151043, sleeping for 0.011150746373459697 seconds
Request model_3#361 arrives at 1605387.692475328, sleeping for 0.11717214738018811 seconds
Request model_2#232 arrives at 1605387.810361422, sleeping for 0.007886826992034912 seconds
Request model_5#430 arrives at 1605387.819280637, sleeping for 0.0299279207829386 seconds
Request model_4#168 arrives at 1605387.849879912, sleeping for 0.011202009860426188 seconds
Request model_4#169 arrives at 1605387.86161572, sleeping for 0.01971167093142867 seconds
Request model_3#362 arrives at 1605387.882429904, sleeping for 0.0899091917090118 seconds
Request model_5#431 arrives at 1605387.973417373, sleeping for 0.15836362238042057 seconds
Request model_2#233 arrives at 1605388.132580672, sleeping for 0.04162593628279865 seconds
Request model_3#363 arrives at 1605388.174397881, sleeping for 0.031724378233775496 seconds
Request model_4#170 arrives at 1605388.207129274, sleeping for 0.08699944475665689 seconds
Request model_6#253 arrives at 1605388.294808606, sleeping for 0.013245073612779379 seconds
Request model_3#364 arrives at 1605388.309577599, sleeping for 0.0009185941889882088 seconds
Request model_2#234 arrives at 1605388.311230633, sleeping for 0.07570114638656378 seconds
Request model_3#365 arrives at 1605388.387417379, sleeping for 0.17890243604779243 seconds
Request model_5#432 arrives at 1605388.567486592, sleeping for 0.008886572206392884 seconds
Request model_2#235 arrives at 1605388.578241122, sleeping for 0.13741813134402037 seconds
Request model_5#433 arrives at 1605388.717703135, sleeping for 0.041050732135772705 seconds
Request model_2#236 arrives at 1605388.759459834, sleeping for 0.056436039274558425 seconds
Request model_5#434 arrives at 1605388.816290638, sleeping for 0.013604744104668498 seconds
Request model_2#237 arrives at 1605388.831687357, sleeping for 0.013870223658159375 seconds
Request model_2#238 arrives at 1605388.846372619, sleeping for 0.0019975840114057064 seconds
Request model_1#121 arrives at 1605388.849053512, sleeping for 0.01051537785679102 seconds
Request model_5#435 arrives at 1605388.859947063, sleeping for 0.0019687816966325045 seconds
Request model_5#436 arrives at 1605388.862615045, sleeping for 0.01754644000902772 seconds
Request model_5#437 arrives at 1605388.882268959, sleeping for 0.1411871591117233 seconds
Request model_2#239 arrives at 1605389.025408204, sleeping for 0.028204985661432147 seconds
Request model_3#366 arrives at 1605389.054745369, sleeping for 0.015340556856244802 seconds
Request model_2#240 arrives at 1605389.07044036, sleeping for 0.08213515882380307 seconds
Request model_4#171 arrives at 1605389.152847628, sleeping for 0.05159336351789534 seconds
Request model_3#367 arrives at 1605389.205003803, sleeping for 0.04377268929965794 seconds
Request model_3#368 arrives at 1605389.249809357, sleeping for 0.058207054156810045 seconds
Request model_1#122 arrives at 1605389.308789189, sleeping for 0.025877496227622032 seconds
Request model_2#241 arrives at 1605389.336725642, sleeping for 0.04611740191467106 seconds
Request model_3#369 arrives at 1605389.383572203, sleeping for 0.04848854267038405 seconds
Request model_4#172 arrives at 1605389.432596672, sleeping for 0.1521814086008817 seconds
Request model_4#173 arrives at 1605389.585006984, sleeping for 0.01526883477345109 seconds
Request model_5#438 arrives at 1605389.600715905, sleeping for 0 seconds
Request model_1#123 arrives at 1605389.601026708, sleeping for 0.041750711388885975 seconds
Request model_6#254 arrives at 1605389.643833475, sleeping for 0.013416308909654617 seconds
Request model_3#370 arrives at 1605389.658528178, sleeping for 0.0032533560879528522 seconds
Request model_2#242 arrives at 1605389.662219819, sleeping for 0.06667082826606929 seconds
Request model_4#174 arrives at 1605389.729583331, sleeping for 0.032708061626181006 seconds
Request model_5#439 arrives at 1605389.763269812, sleeping for 0.0031241299584507942 seconds
Request model_5#440 arrives at 1605389.766944412, sleeping for 0.058836604468524456 seconds
Request model_4#175 arrives at 1605389.826265788, sleeping for 0.18767874501645565 seconds
Request model_5#441 arrives at 1605390.015156014, sleeping for 0.04102623648941517 seconds
Request model_1#124 arrives at 1605390.057373497, sleeping for 0.07075601513497531 seconds
Request model_3#371 arrives at 1605390.128975344, sleeping for 0.1290637960191816 seconds
Request model_6#255 arrives at 1605390.258718707, sleeping for 0.05584316747263074 seconds
Request model_6#256 arrives at 1605390.315704442, sleeping for 0.1357351893093437 seconds
Request model_5#442 arrives at 1605390.45324905, sleeping for 0.022135879611596465 seconds
Request model_2#243 arrives at 1605390.475950699, sleeping for 0.007093867054209113 seconds
Request model_4#176 arrives at 1605390.483635114, sleeping for 0.0025554096791893244 seconds
Request model_6#257 arrives at 1605390.487326075, sleeping for 0.0005947763565927744 seconds
Request model_6#258 arrives at 1605390.489004169, sleeping for 0.0253521129488945 seconds
Request model_5#443 arrives at 1605390.514623052, sleeping for 0.10573583538644016 seconds
Request model_3#372 arrives at 1605390.621352773, sleeping for 0.025146238738670945 seconds
Request model_1#125 arrives at 1605390.647015067, sleeping for 0.03597706975415349 seconds
Request model_2#244 arrives at 1605390.684050766, sleeping for 0.13557343813590705 seconds
Request model_5#444 arrives at 1605390.820234562, sleeping for 0.1763990435283631 seconds
Request model_3#373 arrives at 1605390.998038227, sleeping for 0.024950609309598804 seconds
Request model_2#245 arrives at 1605391.023969493, sleeping for 0.0054673932027071714 seconds
Request model_3#374 arrives at 1605391.029651611, sleeping for 0.1341083231382072 seconds
Request model_5#445 arrives at 1605391.164274713, sleeping for 0.03227322828024626 seconds
Request model_6#259 arrives at 1605391.19743653, sleeping for 0.1375908018089831 seconds
Request model_6#260 arrives at 1605391.335309771, sleeping for 0.00872871489264071 seconds
Request model_5#446 arrives at 1605391.344329376, sleeping for 0.1359251393005252 seconds
Request model_5#447 arrives at 1605391.480734195, sleeping for 0.014399606501683593 seconds
Request model_3#375 arrives at 1605391.496254364, sleeping for 0 seconds
Request model_4#177 arrives at 1605391.496563016, sleeping for 0.001500207232311368 seconds
Request model_5#448 arrives at 1605391.498390052, sleeping for 0.0037646882701665163 seconds
Request model_5#449 arrives at 1605391.503059241, sleeping for 0.024626679252833128 seconds
Request model_5#450 arrives at 1605391.528750975, sleeping for 0.1947670904919505 seconds
Request model_6#261 arrives at 1605391.72468167, sleeping for 0.016872586915269494 seconds
Request model_5#451 arrives at 1605391.742377748, sleeping for 0.007576517993584275 seconds
Request model_6#262 arrives at 1605391.750644517, sleeping for 0.0010068232659250498 seconds
Request model_2#246 arrives at 1605391.752326261, sleeping for 0.015755845699459314 seconds
Request model_5#452 arrives at 1605391.7690023, sleeping for 0.004182002041488886 seconds
Request model_5#453 arrives at 1605391.773724349, sleeping for 0.048284292221069336 seconds
Request model_2#247 arrives at 1605391.822641457, sleeping for 0.12136791809462011 seconds
Request model_5#454 arrives at 1605391.945089569, sleeping for 0.008750722277909517 seconds
Request model_6#263 arrives at 1605391.955784348, sleeping for 0.10662084561772645 seconds
Request model_2#248 arrives at 1605392.063542138, sleeping for 0.052317975321784616 seconds
Request model_3#376 arrives at 1605392.117276606, sleeping for 0.05815898021683097 seconds
Request model_4#178 arrives at 1605392.175973375, sleeping for 0.017705514561384916 seconds
Request model_6#264 arrives at 1605392.19567686, sleeping for 0.03011211659759283 seconds
Request model_5#455 arrives at 1605392.226381966, sleeping for 0.051086705178022385 seconds
Request model_5#456 arrives at 1605392.278231409, sleeping for 0.05954329343512654 seconds
Request model_4#179 arrives at 1605392.338930075, sleeping for 0.0022734981030225754 seconds
Request model_4#180 arrives at 1605392.341615308, sleeping for 0.0018070677760988474 seconds
Request model_5#457 arrives at 1605392.34429026, sleeping for 0.05699364095926285 seconds
Request model_5#458 arrives at 1605392.401972791, sleeping for 0.0050367736257612705 seconds
Request model_3#377 arrives at 1605392.407648848, sleeping for 0.014046265743672848 seconds
Request model_5#459 arrives at 1605392.422451522, sleeping for 0.008222759002819657 seconds
Request model_2#249 arrives at 1605392.431125585, sleeping for 0.039175041019916534 seconds
Request model_3#378 arrives at 1605392.470829416, sleeping for 0.03396213031373918 seconds
Request model_5#460 arrives at 1605392.506677025, sleeping for 0.10261055338196456 seconds
Request model_5#461 arrives at 1605392.609618294, sleeping for 0.211937464075163 seconds
Request model_5#462 arrives at 1605392.822320388, sleeping for 0.07888361648656428 seconds
Request model_5#463 arrives at 1605392.902262655, sleeping for 0.020523547660559416 seconds
Request model_3#379 arrives at 1605392.923014408, sleeping for 0.13046776363626122 seconds
Request model_1#126 arrives at 1605393.053729979, sleeping for 0.025555459316819906 seconds
Request model_5#464 arrives at 1605393.079819827, sleeping for 0.016727524809539318 seconds
Request model_4#181 arrives at 1605393.09697774, sleeping for 0.03533701901324093 seconds
Request model_3#380 arrives at 1605393.132650648, sleeping for 0.024890047730877995 seconds
Request model_6#265 arrives at 1605393.158701055, sleeping for 0.025219819508492947 seconds
Request model_4#182 arrives at 1605393.18449488, sleeping for 0.07583606289699674 seconds
Request model_5#465 arrives at 1605393.26121302, sleeping for 0.02674233284778893 seconds
Request model_5#466 arrives at 1605393.288927331, sleeping for 0.03247851971536875 seconds
Request model_2#250 arrives at 1605393.322085018, sleeping for 0.08945387764833868 seconds
Request model_3#381 arrives at 1605393.412039908, sleeping for 0.03517421870492399 seconds
Request model_3#382 arrives at 1605393.447816327, sleeping for 0.14634568546898663 seconds
Request model_6#266 arrives at 1605393.594695192, sleeping for 0.0056671632919460535 seconds
Request model_3#383 arrives at 1605393.601469799, sleeping for 0.023808524245396256 seconds
Request model_5#467 arrives at 1605393.626170675, sleeping for 0.03743689088150859 seconds
Request model_3#384 arrives at 1605393.663848779, sleeping for 0.14873746037483215 seconds
Request model_5#468 arrives at 1605393.813491208, sleeping for 0.20810851827263832 seconds
Request model_3#385 arrives at 1605394.023221158, sleeping for 0.053518322529271245 seconds
Request model_4#183 arrives at 1605394.07871352, sleeping for 0.016835034359246492 seconds
Request model_5#469 arrives at 1605394.095850204, sleeping for 0.1109218392521143 seconds
Request model_5#470 arrives at 1605394.208633824, sleeping for 0.03126375190913677 seconds
Request model_1#127 arrives at 1605394.24054439, sleeping for 0.004946089582517743 seconds
Request model_3#386 arrives at 1605394.245589462, sleeping for 0.0631547651719302 seconds
Request model_1#128 arrives at 1605394.309848379, sleeping for 0.04984553484246135 seconds
Request model_5#471 arrives at 1605394.360196439, sleeping for 0.16131275915540755 seconds
Request model_2#251 arrives at 1605394.523260179, sleeping for 0.012147686909884214 seconds
Request model_5#472 arrives at 1605394.535861444, sleeping for 0.11337225511670113 seconds
Request model_6#267 arrives at 1605394.649669373, sleeping for 0.08947170060127974 seconds
Request model_2#252 arrives at 1605394.740189948, sleeping for 3.1385570764541626e-07 seconds
Request model_5#473 arrives at 1605394.741067696, sleeping for 7.953774183988571e-05 seconds
Request model_2#253 arrives at 1605394.741989023, sleeping for 0.03928448283113539 seconds
Request model_5#474 arrives at 1605394.782189399, sleeping for 0.03089982853271067 seconds
Request model_6#268 arrives at 1605394.813753382, sleeping for 0.07540630339644849 seconds
Request model_3#387 arrives at 1605394.890734234, sleeping for 0.06462336354888976 seconds
Request model_1#129 arrives at 1605394.956480733, sleeping for 0.12877584411762655 seconds
Request model_2#254 arrives at 1605395.085536889, sleeping for 0.04495145380496979 seconds
Request model_1#130 arrives at 1605395.131487233, sleeping for 0.004728231579065323 seconds
Request model_5#475 arrives at 1605395.136793877, sleeping for 0.04520931001752615 seconds
Request model_4#184 arrives at 1605395.182945432, sleeping for 0.04241788433864713 seconds
Request model_3#388 arrives at 1605395.226794918, sleeping for 0 seconds
Request model_5#476 arrives at 1605395.227593434, sleeping for 0.004854223923757672 seconds
Request model_3#389 arrives at 1605395.232952409, sleeping for 0.08917333278805017 seconds
Request model_3#390 arrives at 1605395.322897719, sleeping for 0.13115145335905254 seconds
Request model_6#269 arrives at 1605395.455205433, sleeping for 0.04652854707092047 seconds
Request model_5#477 arrives at 1605395.502151374, sleeping for 0.0035684253089129925 seconds
Request model_5#478 arrives at 1605395.506659102, sleeping for 0.03022746997885406 seconds
Request model_5#479 arrives at 1605395.537394008, sleeping for 0.0019568298012018204 seconds
Request model_4#185 arrives at 1605395.539852659, sleeping for 0.02555105509236455 seconds
Request model_2#255 arrives at 1605395.566247369, sleeping for 0.05802902369759977 seconds
Request model_4#186 arrives at 1605395.624855698, sleeping for 0.07111546420492232 seconds
Request model_3#391 arrives at 1605395.696497515, sleeping for 0.05472290306352079 seconds
Request model_5#480 arrives at 1605395.752012768, sleeping for 0.0010791535023599863 seconds
Request model_5#481 arrives at 1605395.753315449, sleeping for 0.051787152187898755 seconds
Request model_3#392 arrives at 1605395.807287469, sleeping for 0.019278367515653372 seconds
Request model_6#270 arrives at 1605395.828800339, sleeping for 0.03998943045735359 seconds
Request model_1#131 arrives at 1605395.869263696, sleeping for 0.02400217717513442 seconds
Request model_5#482 arrives at 1605395.893773631, sleeping for 0.09431295818649232 seconds
Request model_4#187 arrives at 1605395.989312608, sleeping for 0.021792968036606908 seconds
Request model_5#483 arrives at 1605396.011611754, sleeping for 0.05894482717849314 seconds
Request model_4#188 arrives at 1605396.070995629, sleeping for 0.041278314776718616 seconds
Request model_5#484 arrives at 1605396.112826498, sleeping for 0.05368652567267418 seconds
Request model_2#256 arrives at 1605396.167199102, sleeping for 0.023441562661901116 seconds
Request model_5#485 arrives at 1605396.191360543, sleeping for 0.18669853312894702 seconds
Request model_2#257 arrives at 1605396.378396653, sleeping for 0.002407659078016877 seconds
Request model_5#486 arrives at 1605396.381517169, sleeping for 0.027532356092706323 seconds
Request model_2#258 arrives at 1605396.409514512, sleeping for 0.03324479982256889 seconds
Request model_5#487 arrives at 1605396.443416985, sleeping for 0.022594618843868375 seconds
Request model_6#271 arrives at 1605396.466625219, sleeping for 0.023927159141749144 seconds
Request model_6#272 arrives at 1605396.491674548, sleeping for 0.07932575372979045 seconds
Request model_3#393 arrives at 1605396.571734335, sleeping for 0.04177201981656253 seconds
Request model_4#189 arrives at 1605396.614776275, sleeping for 0.056435702135786414 seconds
Request model_2#259 arrives at 1605396.671509028, sleeping for 0.016111690318211913 seconds
Request model_5#488 arrives at 1605396.688655441, sleeping for 0.16436249623075128 seconds
Request model_1#132 arrives at 1605396.85399712, sleeping for 0.018034055829048157 seconds
Request model_1#133 arrives at 1605396.872330743, sleeping for 0.043404236203059554 seconds
Request model_6#273 arrives at 1605396.91635186, sleeping for 0.09228571620769799 seconds
Request model_2#260 arrives at 1605397.009554727, sleeping for 0.051063422113657 seconds
Request model_1#134 arrives at 1605397.060871835, sleeping for 0.10634905146434903 seconds
Request model_5#489 arrives at 1605397.167702006, sleeping for 0.0019238365348428488 seconds
Request model_6#274 arrives at 1605397.169983235, sleeping for 0.01731886062771082 seconds
Request model_3#394 arrives at 1605397.187713573, sleeping for 0.003857776988297701 seconds
Request model_6#275 arrives at 1605397.192454313, sleeping for 0.026846791384741664 seconds
Request model_5#490 arrives at 1605397.220598267, sleeping for 0.05410945462062955 seconds
Request model_5#491 arrives at 1605397.275902058, sleeping for 0.0014166685286909342 seconds
Request model_3#395 arrives at 1605397.278078096, sleeping for 0.16145464265719056 seconds
Request model_5#492 arrives at 1605397.439914816, sleeping for 0.053327460773289204 seconds
Request model_4#190 arrives at 1605397.494248989, sleeping for 0.03278572880662978 seconds
Request model_5#493 arrives at 1605397.527650758, sleeping for 0.0031040245667099953 seconds
Request model_5#494 arrives at 1605397.531031206, sleeping for 0.04250166518613696 seconds
Request model_5#495 arrives at 1605397.573961134, sleeping for 0.06756609189324081 seconds
Request model_4#191 arrives at 1605397.642628537, sleeping for 0.05124279856681824 seconds
Request model_1#135 arrives at 1605397.694268958, sleeping for 0.04296994721516967 seconds
Request model_2#261 arrives at 1605397.738059883, sleeping for 0.04069652012549341 seconds
Request model_2#262 arrives at 1605397.779162645, sleeping for 0.05541054788045585 seconds
Request model_6#276 arrives at 1605397.835351254, sleeping for 0.04719570162706077 seconds
Request model_1#136 arrives at 1605397.882990051, sleeping for 0.08047790569253266 seconds
Request model_4#192 arrives at 1605397.963707754, sleeping for 0.042544741882011294 seconds
Request model_5#496 arrives at 1605398.007036766, sleeping for 0.01316414913162589 seconds
Request model_2#263 arrives at 1605398.021723288, sleeping for 0.0020000042859464884 seconds
Request model_4#193 arrives at 1605398.02439454, sleeping for 0.072678386233747 seconds
Request model_5#497 arrives at 1605398.098069675, sleeping for 0.046949094627052546 seconds
Request model_5#498 arrives at 1605398.145523181, sleeping for 0.07972180214710534 seconds
Request model_5#499 arrives at 1605398.226440585, sleeping for 0.01603768579661846 seconds
Request model_5#500 arrives at 1605398.242867012, sleeping for 0.07296601659618318 seconds
Request model_5#501 arrives at 1605398.316640598, sleeping for 0.00040134438313543797 seconds
Request model_2#264 arrives at 1605398.317521715, sleeping for 0.12419481761753559 seconds
Request model_3#396 arrives at 1605398.442878411, sleeping for 0.0300651288125664 seconds
Request model_4#194 arrives at 1605398.474893377, sleeping for 0.01508423569612205 seconds
Request model_1#137 arrives at 1605398.490610308, sleeping for 0.017037459183484316 seconds
Request model_6#277 arrives at 1605398.508278066, sleeping for 0.050624523079022765 seconds
Request model_3#397 arrives at 1605398.559669054, sleeping for 0.06172389956191182 seconds
Request model_4#195 arrives at 1605398.622395757, sleeping for 0.04050084971822798 seconds
Request model_5#502 arrives at 1605398.663075996, sleeping for 0.056018299888819456 seconds
Request model_5#503 arrives at 1605398.719751749, sleeping for 0.024196249898523092 seconds
Request model_5#504 arrives at 1605398.744358594, sleeping for 0.0026988706085830927 seconds
Request model_5#505 arrives at 1605398.748212467, sleeping for 0.09158574440516531 seconds
Request model_5#506 arrives at 1605398.840267444, sleeping for 0.022622021846473217 seconds
Request model_6#278 arrives at 1605398.863185055, sleeping for 0.1483995879534632 seconds
Request model_3#398 arrives at 1605399.012285958, sleeping for 0.06797962565906346 seconds
Request model_1#138 arrives at 1605399.081122523, sleeping for 0.13338805478997529 seconds
Request model_6#279 arrives at 1605399.21509561, sleeping for 0.06389814638532698 seconds
Request model_5#507 arrives at 1605399.279826939, sleeping for 0.03423054935410619 seconds
Request model_5#508 arrives at 1605399.314796161, sleeping for 0.038000431610271335 seconds
Request model_6#280 arrives at 1605399.354347861, sleeping for 0.10190290631726384 seconds
Request model_4#196 arrives at 1605399.456981946, sleeping for 0.012291202554479241 seconds
Request model_3#399 arrives at 1605399.469731803, sleeping for 0.025133975548669696 seconds
Request model_3#400 arrives at 1605399.495455867, sleeping for 0.013548902003094554 seconds
Request model_3#401 arrives at 1605399.510581224, sleeping for 0.017945783911272883 seconds
Request model_4#197 arrives at 1605399.530262138, sleeping for 0.04949133284389973 seconds
Request model_3#402 arrives at 1605399.579970532, sleeping for 0.034088873537257314 seconds
Request model_5#509 arrives at 1605399.615122565, sleeping for 0.08959650620818138 seconds
Request model_3#403 arrives at 1605399.705795471, sleeping for 0.072976044844836 seconds
Request model_2#265 arrives at 1605399.779206063, sleeping for 0.06241369270719588 seconds
Request model_3#404 arrives at 1605399.841910596, sleeping for 0.07648663478903472 seconds
Request model_5#510 arrives at 1605399.918635596, sleeping for 0.0034521943889558315 seconds
Request model_2#266 arrives at 1605399.922894351, sleeping for 0.05580757581628859 seconds
Request model_3#405 arrives at 1605399.978960629, sleeping for 0.005927395541220903 seconds
Request model_3#406 arrives at 1605399.985661714, sleeping for 0.028771509183570743 seconds
Request model_6#281 arrives at 1605400.015537924, sleeping for 0.07737621222622693 seconds
Request model_5#511 arrives at 1605400.093480434, sleeping for 0.18054123525507748 seconds
Request model_3#407 arrives at 1605400.274487153, sleeping for 0.030271972995251417 seconds
Request model_5#512 arrives at 1605400.305259659, sleeping for 0.005440684035420418 seconds
Request model_4#198 arrives at 1605400.310953357, sleeping for 0.0771285961382091 seconds
Request model_5#513 arrives at 1605400.388376662, sleeping for 0.13853916805237532 seconds
Request model_2#267 arrives at 1605400.528571631, sleeping for 0.027019399916753173 seconds
Request model_6#282 arrives at 1605400.555887009, sleeping for 0.014510033885017037 seconds
Request model_6#283 arrives at 1605400.570771423, sleeping for 0.01956970407627523 seconds
Request model_2#268 arrives at 1605400.590681149, sleeping for 0.049783397698774934 seconds
Request model_5#514 arrives at 1605400.640800427, sleeping for 0.029874377651140094 seconds
Request model_3#408 arrives at 1605400.671027099, sleeping for 0.016274816822260618 seconds
Request model_3#409 arrives at 1605400.688276083, sleeping for 0.18335636775009334 seconds
Request model_6#284 arrives at 1605400.873744269, sleeping for 0.08273765188641846 seconds
Request model_5#515 arrives at 1605400.956859192, sleeping for 0.00108802760951221 seconds
Request model_5#516 arrives at 1605400.958638617, sleeping for 0.028952437918633223 seconds
Request model_3#410 arrives at 1605400.988156733, sleeping for 0.061862839851528406 seconds
Request model_5#517 arrives at 1605401.050847256, sleeping for 0.13293262384831905 seconds
Request model_3#411 arrives at 1605401.184668691, sleeping for 0.12330274982377887 seconds
Request model_5#518 arrives at 1605401.308941287, sleeping for 0.1262286661658436 seconds
Request model_3#412 arrives at 1605401.43644679, sleeping for 0.2737025155220181 seconds
Request model_2#269 arrives at 1605401.711910707, sleeping for 0.08433739049360156 seconds
Request model_5#519 arrives at 1605401.797166847, sleeping for 0.029498429968953133 seconds
Request model_3#413 arrives at 1605401.826867715, sleeping for 0.07833294337615371 seconds
Request model_2#270 arrives at 1605401.905594161, sleeping for 0.0021297666244208813 seconds
Request model_4#199 arrives at 1605401.908272044, sleeping for 0.09185066702775657 seconds
Request model_3#414 arrives at 1605402.000976866, sleeping for 0.009917652467265725 seconds
Request model_1#139 arrives at 1605402.011666816, sleeping for 0.03451009979471564 seconds
Request model_3#415 arrives at 1605402.047327333, sleeping for 0.0501690327655524 seconds
Request model_5#520 arrives at 1605402.098167446, sleeping for 0.182280050823465 seconds
Request model_5#521 arrives at 1605402.281063601, sleeping for 0.022515525808557868 seconds
Request model_1#140 arrives at 1605402.304122763, sleeping for 0.039635168155655265 seconds
Request model_2#271 arrives at 1605402.34446636, sleeping for 0.09814661159180105 seconds
Request model_4#200 arrives at 1605402.444205201, sleeping for 0.0291969389654696 seconds
Request model_2#272 arrives at 1605402.474508994, sleeping for 0.003496840363368392 seconds
Request model_6#285 arrives at 1605402.478751799, sleeping for 0.00406496599316597 seconds
Request model_4#201 arrives at 1605402.48363815, sleeping for 0.03031801711767912 seconds
Request model_2#273 arrives at 1605402.515084502, sleeping for 0.05491946474649012 seconds
Request model_3#416 arrives at 1605402.570422733, sleeping for 0.024909979896619916 seconds
Request model_2#274 arrives at 1605402.595743344, sleeping for 0.025065998313948512 seconds
Request model_5#522 arrives at 1605402.622497487, sleeping for 0.0034947579260915518 seconds
Request model_3#417 arrives at 1605402.626599251, sleeping for 0.021401015110313892 seconds
Request model_2#275 arrives at 1605402.648405153, sleeping for 0.01736151403747499 seconds
Request model_2#276 arrives at 1605402.666594895, sleeping for 0.02236510277725756 seconds
Request model_5#523 arrives at 1605402.69000452, sleeping for 0.06662015058100224 seconds
Request model_6#286 arrives at 1605402.757258631, sleeping for 0.011949556414037943 seconds
Request model_3#418 arrives at 1605402.769524733, sleeping for 0.10239645186811686 seconds
Request model_6#287 arrives at 1605402.872918835, sleeping for 0.062378254951909184 seconds
Request model_3#419 arrives at 1605402.936082051, sleeping for 0.008575514191761613 seconds
Request model_5#524 arrives at 1605402.945880413, sleeping for 0.01915204804390669 seconds
Request model_1#141 arrives at 1605402.965429476, sleeping for 0.05198851367458701 seconds
Request model_6#288 arrives at 1605403.018467828, sleeping for 0.10334290144965053 seconds
Request model_1#142 arrives at 1605403.123842496, sleeping for 0.12745973421260715 seconds
Request model_3#420 arrives at 1605403.252010415, sleeping for 0 seconds
Request model_5#525 arrives at 1605403.25260299, sleeping for 0.0008837925270199776 seconds
Request model_5#526 arrives at 1605403.254543306, sleeping for 0.025655629811808467 seconds
Request model_3#421 arrives at 1605403.282277627, sleeping for 0.038460301933810115 seconds
Request model_3#422 arrives at 1605403.321151081, sleeping for 0.00042309146374464035 seconds
Request model_2#277 arrives at 1605403.321914057, sleeping for 0.09511753171682358 seconds
Request model_5#527 arrives at 1605403.41820469, sleeping for 0.04744292749091983 seconds
Request model_5#528 arrives at 1605403.466583323, sleeping for 0.037869733991101384 seconds
Request model_5#529 arrives at 1605403.504927953, sleeping for 0.07472799019888043 seconds
Request model_5#530 arrives at 1605403.580966646, sleeping for 0.058489927323535085 seconds
Request model_3#423 arrives at 1605403.640605604, sleeping for 0.020089493598788977 seconds
Request model_3#424 arrives at 1605403.661572839, sleeping for 0.007203827379271388 seconds
Request model_5#531 arrives at 1605403.669872058, sleeping for 0.11558742192573845 seconds
Request model_5#532 arrives at 1605403.786049136, sleeping for 0.12101800180971622 seconds
Request model_4#202 arrives at 1605403.908198054, sleeping for 0.007497062673792243 seconds
Request model_3#425 arrives at 1605403.916458433, sleeping for 0.06763200298883021 seconds
Request model_3#426 arrives at 1605403.985591179, sleeping for 0.027262308401986957 seconds
Request model_3#427 arrives at 1605404.01333638, sleeping for 0.09029446914792061 seconds
Request model_5#533 arrives at 1605404.104841933, sleeping for 0 seconds
Request model_3#428 arrives at 1605404.105435548, sleeping for 0.1913452590815723 seconds
Request model_2#278 arrives at 1605404.297276107, sleeping for 0.004039927152916789 seconds
Request model_4#203 arrives at 1605404.302369779, sleeping for 0.17846294515766203 seconds
Request model_5#534 arrives at 1605404.4812608, sleeping for 0.06767665431834757 seconds
Request model_1#143 arrives at 1605404.550584798, sleeping for 0.00827625347301364 seconds
Request model_6#289 arrives at 1605404.559831915, sleeping for 0.057949697598814964 seconds
Request model_2#279 arrives at 1605404.619020188, sleeping for 0.08045036741532385 seconds
Request model_5#535 arrives at 1605404.700393567, sleeping for 0.0018123348709195852 seconds
Request model_3#429 arrives at 1605404.702666376, sleeping for 0.09105628682300448 seconds
Request model_3#430 arrives at 1605404.794552621, sleeping for 0.11148109962232411 seconds
Request model_5#536 arrives at 1605404.906510124, sleeping for 0.04063721722923219 seconds
Request model_5#537 arrives at 1605404.948294003, sleeping for 0.017955325543880463 seconds
Request model_6#290 arrives at 1605404.967298571, sleeping for 0.007594469236209989 seconds
Request model_5#538 arrives at 1605404.975354998, sleeping for 0.1386317133437842 seconds
Request model_4#204 arrives at 1605405.116082641, sleeping for 0.010836289962753654 seconds
Request model_5#539 arrives at 1605405.12801735, sleeping for 0.09084985568188131 seconds
Request model_2#280 arrives at 1605405.220295229, sleeping for 0.029718672391027212 seconds
Request model_6#291 arrives at 1605405.25040901, sleeping for 0.050721382489427924 seconds
Request model_6#292 arrives at 1605405.30200996, sleeping for 0.006073423894122243 seconds
Request model_4#205 arrives at 1605405.308678346, sleeping for 0.017841725843027234 seconds
Request model_5#540 arrives at 1605405.32835654, sleeping for 0.12106053275056183 seconds
Request model_1#144 arrives at 1605405.450414237, sleeping for 0.1730758452322334 seconds
Request model_2#281 arrives at 1605405.624151745, sleeping for 0.22143050585873425 seconds
Request model_3#431 arrives at 1605405.84668994, sleeping for 0.13200623961165547 seconds
Request model_3#432 arrives at 1605405.979200294, sleeping for 0.09226772538386285 seconds
Request model_2#282 arrives at 1605406.072088178, sleeping for 0.04536119941622019 seconds
Request model_6#293 arrives at 1605406.118301523, sleeping for 0.04595309682190418 seconds
Request model_3#433 arrives at 1605406.16476388, sleeping for 0.00041970075108110905 seconds
Request model_2#283 arrives at 1605406.165340385, sleeping for 0.061953594675287604 seconds
Request model_3#434 arrives at 1605406.227976177, sleeping for 0.039274158189073205 seconds
Request model_4#206 arrives at 1605406.26803892, sleeping for 0.015045143896713853 seconds
Request model_5#541 arrives at 1605406.28471696, sleeping for 0.03206679178401828 seconds
Request model_5#542 arrives at 1605406.317392232, sleeping for 0.020924018928781152 seconds
Request model_1#145 arrives at 1605406.338552678, sleeping for 0.04824041365645826 seconds
Request model_3#435 arrives at 1605406.387493806, sleeping for 0.06456905091181397 seconds
Request model_1#146 arrives at 1605406.452442648, sleeping for 0.007187491515651345 seconds
Request model_4#207 arrives at 1605406.460608185, sleeping for 0.013626175234094262 seconds
Request model_6#294 arrives at 1605406.475738311, sleeping for 0.042377141304314137 seconds
Request model_5#543 arrives at 1605406.518897901, sleeping for 0.03148413845337927 seconds
Request model_3#436 arrives at 1605406.550595885, sleeping for 0.06106433714739978 seconds
Request model_3#437 arrives at 1605406.613249997, sleeping for 0.005401788745075464 seconds
Request model_3#438 arrives at 1605406.619066306, sleeping for 0.03491184790618718 seconds
Request model_6#295 arrives at 1605406.654739163, sleeping for 0.017471127212047577 seconds
Request model_2#284 arrives at 1605406.672543241, sleeping for 0.08238244755193591 seconds
Request model_3#439 arrives at 1605406.75527035, sleeping for 0.06478839134797454 seconds
Request model_2#285 arrives at 1605406.820358193, sleeping for 0.02312407921999693 seconds
Request model_5#544 arrives at 1605406.844156271, sleeping for 0.010293465573340654 seconds
Request model_1#147 arrives at 1605406.855694107, sleeping for 0 seconds
Request model_3#440 arrives at 1605406.856238612, sleeping for 0.003091817954555154 seconds
Request model_3#441 arrives at 1605406.85961394, sleeping for 0.03654209803789854 seconds
Request model_2#286 arrives at 1605406.896659569, sleeping for 0.019927529618144035 seconds
Request model_4#208 arrives at 1605406.916841437, sleeping for 0.05335467332042754 seconds
Request model_3#442 arrives at 1605406.971041319, sleeping for 0.04459418053738773 seconds
Request model_5#545 arrives at 1605407.016268685, sleeping for 0.023012869991362095 seconds
Request model_3#443 arrives at 1605407.040228465, sleeping for 0.0843896574806422 seconds
Request model_2#287 arrives at 1605407.126440864, sleeping for 0.13431810052134097 seconds
Request model_3#444 arrives at 1605407.261360047, sleeping for 0.025281274924054742 seconds
Request model_5#546 arrives at 1605407.287050972, sleeping for 0.0931442144792527 seconds
Request model_4#209 arrives at 1605407.381220986, sleeping for 0.037066174671053886 seconds
Request model_3#445 arrives at 1605407.418444896, sleeping for 0.12089866423048079 seconds
Request model_2#288 arrives at 1605407.540398753, sleeping for 0.05806867848150432 seconds
Request model_5#547 arrives at 1605407.598723638, sleeping for 0.06761292181909084 seconds
Request model_5#548 arrives at 1605407.666580404, sleeping for 0.06465811072848737 seconds
Request model_6#296 arrives at 1605407.731806187, sleeping for 0.14324497268535197 seconds
Request model_5#549 arrives at 1605407.87618452, sleeping for 0.019638280849903822 seconds
Request model_1#148 arrives at 1605407.896079306, sleeping for 0.028544453904032707 seconds
Request model_1#149 arrives at 1605407.924813855, sleeping for 0.0009336555376648903 seconds
Request model_5#550 arrives at 1605407.926497949, sleeping for 0.04681254760362208 seconds
Request model_6#297 arrives at 1605407.974233297, sleeping for 0.0276902096811682 seconds
Request model_5#551 arrives at 1605408.002288221, sleeping for 0.15352252428419888 seconds
Request model_5#552 arrives at 1605408.156607647, sleeping for 0.0934445287566632 seconds
Request model_4#210 arrives at 1605408.250902622, sleeping for 0.12966099358163774 seconds
Request model_4#211 arrives at 1605408.381593281, sleeping for 0.04351950902491808 seconds
Request model_3#446 arrives at 1605408.426840078, sleeping for 0.005567655200138688 seconds
Request model_6#298 arrives at 1605408.432769598, sleeping for 0.0020539257675409317 seconds
Request model_2#289 arrives at 1605408.435685552, sleeping for 0.04675730294547975 seconds
Request model_3#447 arrives at 1605408.4834116, sleeping for 0.03473162231966853 seconds
Request model_4#212 arrives at 1605408.518818914, sleeping for 0.002834048354998231 seconds
Request model_4#213 arrives at 1605408.522426824, sleeping for 0.04822829249314964 seconds
Request model_1#150 arrives at 1605408.571022239, sleeping for 0.03423790377564728 seconds
Request model_6#299 arrives at 1605408.60587598, sleeping for 0.02104348805733025 seconds
Request model_4#214 arrives at 1605408.628449308, sleeping for 0.08851472823880613 seconds
Request model_2#290 arrives at 1605408.717954863, sleeping for 0.016400862019509077 seconds
Request model_4#215 arrives at 1605408.734894075, sleeping for 0.05813046055845916 seconds
Request model_3#448 arrives at 1605408.793538913, sleeping for 0.012982943095266819 seconds
Request model_1#151 arrives at 1605408.808565288, sleeping for 0 seconds
Request model_1#152 arrives at 1605408.809018472, sleeping for 0.10651439311914146 seconds
Request model_5#553 arrives at 1605408.916449537, sleeping for 0.04018744360655546 seconds
Request model_1#153 arrives at 1605408.957669231, sleeping for 0.05969875678420067 seconds
Request model_5#554 arrives at 1605409.018498667, sleeping for 0.048184400191530585 seconds
Request model_5#555 arrives at 1605409.067218263, sleeping for 0.09968624939210713 seconds
Request model_2#291 arrives at 1605409.168068683, sleeping for 0.08287287340499461 seconds
Request model_3#449 arrives at 1605409.251948242, sleeping for 0.05876743979752064 seconds
Request model_1#154 arrives at 1605409.311002844, sleeping for 0.012915875762701035 seconds
Request model_3#450 arrives at 1605409.324094143, sleeping for 0.11561640212312341 seconds
Request model_1#155 arrives at 1605409.440281301, sleeping for 0.031278749695047736 seconds
Request model_1#156 arrives at 1605409.47252781, sleeping for 0.07501005101948977 seconds
Request model_5#556 arrives at 1605409.547774067, sleeping for 0.0021665811073035 seconds
Request model_6#300 arrives at 1605409.550456979, sleeping for 0.05032774689607322 seconds
Request model_3#451 arrives at 1605409.601112931, sleeping for 0.04821638599969447 seconds
Request model_3#452 arrives at 1605409.649678565, sleeping for 0.059360766084864736 seconds
Request model_1#157 arrives at 1605409.709956567, sleeping for 0.07615850027650595 seconds
Request model_5#557 arrives at 1605409.787487183, sleeping for 0.05968919629231095 seconds
Request model_6#301 arrives at 1605409.848215549, sleeping for 0.008753757923841476 seconds
Request model_5#558 arrives at 1605409.858951828, sleeping for 0.013450796948745847 seconds
Request model_5#559 arrives at 1605409.872647743, sleeping for 0.14549057465046644 seconds
Request model_3#453 arrives at 1605410.018322986, sleeping for 0.0812909237574786 seconds
Request model_5#560 arrives at 1605410.100050347, sleeping for 0.12325321068055928 seconds
Request model_2#292 arrives at 1605410.223666197, sleeping for 0.01713388878852129 seconds
Request model_5#561 arrives at 1605410.241629866, sleeping for 0.002141998615115881 seconds
Request model_1#158 arrives at 1605410.244339529, sleeping for 0.01036453410051763 seconds
Request model_6#302 arrives at 1605410.255671113, sleeping for 0.0716694132424891 seconds
Request model_1#159 arrives at 1605410.328665201, sleeping for 0.06960042775608599 seconds
Request model_6#303 arrives at 1605410.398819796, sleeping for 0.00754327024333179 seconds
Request model_6#304 arrives at 1605410.407024034, sleeping for 0.036020558793097734 seconds
Request model_4#216 arrives at 1605410.444025252, sleeping for 0.033261841628700495 seconds
Request model_3#454 arrives at 1605410.478236507, sleeping for 0.033078053034842014 seconds
Request model_5#562 arrives at 1605410.512497553, sleeping for 0.0363872773014009 seconds
Request model_4#217 arrives at 1605410.549931325, sleeping for 0.019227771554142237 seconds
Request model_3#455 arrives at 1605410.570153103, sleeping for 0.05582235078327358 seconds
Request model_5#563 arrives at 1605410.626376171, sleeping for 0.02741556358523667 seconds
Request model_5#564 arrives at 1605410.654562166, sleeping for 0.0025676304940134287 seconds
Request model_2#293 arrives at 1605410.657783983, sleeping for 0.023580214707180858 seconds
Request model_5#565 arrives at 1605410.681923844, sleeping for 0.0004668249748647213 seconds
Request model_5#566 arrives at 1605410.682994483, sleeping for 0.0019649448804557323 seconds
Request model_5#567 arrives at 1605410.685749476, sleeping for 0.019281597808003426 seconds
Request model_6#305 arrives at 1605410.70541194, sleeping for 0.012511037522926927 seconds
Request model_3#456 arrives at 1605410.718085655, sleeping for 0.023688737768679857 seconds
Request model_3#457 arrives at 1605410.742839751, sleeping for 0.0926692325156182 seconds
Request model_6#306 arrives at 1605410.837016016, sleeping for 0.010365928756073117 seconds
Request model_5#568 arrives at 1605410.848516442, sleeping for 0.04298756364732981 seconds
Request model_2#294 arrives at 1605410.892425307, sleeping for 0.035562639124691486 seconds
Request model_3#458 arrives at 1605410.928251996, sleeping for 0.042599290143698454 seconds
Request model_5#569 arrives at 1605410.971651287, sleeping for 0.005457700463011861 seconds
Request model_6#307 arrives at 1605410.977713648, sleeping for 0.0135439767036587 seconds
Request model_6#308 arrives at 1605410.991467412, sleeping for 0.05666711530648172 seconds
Request model_5#570 arrives at 1605411.049654037, sleeping for 0.0014518362004309893 seconds
Request model_6#309 arrives at 1605411.051729574, sleeping for 0.0306451756041497 seconds
Request model_3#459 arrives at 1605411.082651732, sleeping for 0.03643463761545718 seconds
Request model_3#460 arrives at 1605411.120948371, sleeping for 0.05105113424360752 seconds
Request model_3#461 arrives at 1605411.173254697, sleeping for 0.0633836523629725 seconds
Request model_5#571 arrives at 1605411.236946677, sleeping for 0.021172694629058242 seconds
Request model_3#462 arrives at 1605411.259238473, sleeping for 0.012736797565594316 seconds
Request model_4#218 arrives at 1605411.272519253, sleeping for 0.2402984406799078 seconds
Request model_5#572 arrives at 1605411.513627352, sleeping for 0.001518054399639368 seconds
Request model_2#295 arrives at 1605411.51582466, sleeping for 0.10097399074584246 seconds
Request model_3#463 arrives at 1605411.617683968, sleeping for 0.06254288926720619 seconds
Request model_6#310 arrives at 1605411.681009425, sleeping for 0.037781827384606004 seconds
Request model_1#160 arrives at 1605411.719312565, sleeping for 0.005212736781686544 seconds
Request model_5#573 arrives at 1605411.725426316, sleeping for 0.0031067021191120148 seconds
Request model_3#464 arrives at 1605411.729385059, sleeping for 0.04648096254095435 seconds
Request model_3#465 arrives at 1605411.776291359, sleeping for 0.0058546417858451605 seconds
Request model_3#466 arrives at 1605411.782775643, sleeping for 0.24023291282355785 seconds
Request model_5#574 arrives at 1605412.023934512, sleeping for 0.003181361360475421 seconds
Request model_1#161 arrives at 1605412.028173677, sleeping for 0.020858299685642123 seconds
Request model_3#467 arrives at 1605412.049587275, sleeping for 0.03768697218038142 seconds
Request model_3#468 arrives at 1605412.087723463, sleeping for 0.0246743131428957 seconds
Request model_6#311 arrives at 1605412.113078484, sleeping for 0 seconds
Request model_5#575 arrives at 1605412.11375448, sleeping for 0.018199046840891242 seconds
Request model_6#312 arrives at 1605412.134002549, sleeping for 0 seconds
Request model_5#576 arrives at 1605412.134672604, sleeping for 0.07107353117316961 seconds
Request model_5#577 arrives at 1605412.207769963, sleeping for 0.00166022265329957 seconds
Request model_5#578 arrives at 1605412.210050742, sleeping for 0.014022427145391703 seconds
Request model_5#579 arrives at 1605412.224792375, sleeping for 0 seconds
Request model_4#219 arrives at 1605412.225307959, sleeping for 0.052782264770939946 seconds
Request model_4#220 arrives at 1605412.27952307, sleeping for 0.016216718824580312 seconds
Request model_4#221 arrives at 1605412.296739734, sleeping for 0.16898126038722694 seconds
Request model_3#469 arrives at 1605412.467022102, sleeping for 0.01181526598520577 seconds
Request model_4#222 arrives at 1605412.479316325, sleeping for 0.008578198263421655 seconds
Request model_6#313 arrives at 1605412.488220768, sleeping for 0.02915749396197498 seconds
Request model_3#470 arrives at 1605412.518211078, sleeping for 0.029081824235618114 seconds
Request model_5#580 arrives at 1605412.548256219, sleeping for 0.05261240876279771 seconds
Request model_2#296 arrives at 1605412.601836425, sleeping for 0.05845311051234603 seconds
Request model_5#581 arrives at 1605412.661856054, sleeping for 0.01821090467274189 seconds
Request model_3#471 arrives at 1605412.682190524, sleeping for 2.900906838476658e-05 seconds
Request model_5#582 arrives at 1605412.68296425, sleeping for 0.02676040935330093 seconds
Request model_3#472 arrives at 1605412.710731552, sleeping for 0.015453073661774397 seconds
Request model_6#314 arrives at 1605412.726765305, sleeping for 0.06851894175633788 seconds
Request model_5#583 arrives at 1605412.795828121, sleeping for 0.021532383747398853 seconds
Request model_2#297 arrives at 1605412.817996095, sleeping for 0.027106396155431867 seconds
Request model_1#162 arrives at 1605412.845910907, sleeping for 0.16516741644591093 seconds
Request model_5#584 arrives at 1605413.011720898, sleeping for 0.005559835582971573 seconds
Request model_5#585 arrives at 1605413.017753859, sleeping for 0.03643935522995889 seconds
Request model_5#586 arrives at 1605413.055250231, sleeping for 0.0008911548648029566 seconds
Request model_6#315 arrives at 1605413.056398871, sleeping for 0.03882638062350452 seconds
Request model_5#587 arrives at 1605413.096512454, sleeping for 0.017215627478435636 seconds
Request model_3#473 arrives at 1605413.114666866, sleeping for 0.0015408138278871775 seconds
Request model_2#298 arrives at 1605413.116761693, sleeping for 0.010647870600223541 seconds
Request model_5#588 arrives at 1605413.127973617, sleeping for 0.07216027961112559 seconds
Request model_3#474 arrives at 1605413.201337707, sleeping for 0.037042696261778474 seconds
Request model_3#475 arrives at 1605413.239512515, sleeping for 0.02111458801664412 seconds
Request model_4#223 arrives at 1605413.26173828, sleeping for 0.018125172704458237 seconds
Request model_6#316 arrives at 1605413.281932719, sleeping for 0.00040365359745919704 seconds
Request model_3#476 arrives at 1605413.282706865, sleeping for 0.09610907733440399 seconds
Request model_5#589 arrives at 1605413.379644462, sleeping for 0.010199707699939609 seconds
Request model_5#590 arrives at 1605413.390939486, sleeping for 0.00683409720659256 seconds
Request model_3#477 arrives at 1605413.398911853, sleeping for 0.014887381810694933 seconds
Request model_2#299 arrives at 1605413.415053307, sleeping for 0.015001188963651657 seconds
Request model_3#478 arrives at 1605413.431232732, sleeping for 0.04437377373687923 seconds
Request model_2#300 arrives at 1605413.476359527, sleeping for 0.12197361583821476 seconds
Request model_6#317 arrives at 1605413.59917084, sleeping for 0.20661601144820452 seconds
Request model_3#479 arrives at 1605413.806598157, sleeping for 0.022243698127567768 seconds
Request model_5#591 arrives at 1605413.82968, sleeping for 0.0007418841123580933 seconds
Request model_6#318 arrives at 1605413.831413254, sleeping for 0.07910870923660696 seconds
Request model_5#592 arrives at 1605413.911096318, sleeping for 0.04729472869075835 seconds
Request model_5#593 arrives at 1605413.958998247, sleeping for 0.0032480889931321144 seconds
Request model_5#594 arrives at 1605413.962821469, sleeping for 0.014905326534062624 seconds
Request model_3#480 arrives at 1605413.97862588, sleeping for 0.0023731549736112356 seconds
Request model_5#595 arrives at 1605413.981432123, sleeping for 0.04400748875923455 seconds
Request model_5#596 arrives at 1605414.026060205, sleeping for 0.0007876085583120584 seconds
Request model_5#597 arrives at 1605414.026975233, sleeping for 0.00044669141061604023 seconds
Request model_2#301 arrives at 1605414.027485937, sleeping for 0.02734271832741797 seconds
Request model_6#319 arrives at 1605414.055091457, sleeping for 0.03267263015732169 seconds
Request model_6#320 arrives at 1605414.088096692, sleeping for 0.09001969429664314 seconds
Request model_6#321 arrives at 1605414.179284641, sleeping for 0.00714920787140727 seconds
Request model_3#481 arrives at 1605414.18752306, sleeping for 0.017709920881316066 seconds
Request model_1#163 arrives at 1605414.207225064, sleeping for 0.014480614801868796 seconds
Request model_1#164 arrives at 1605414.222009087, sleeping for 0.06040818663313985 seconds
Request model_4#224 arrives at 1605414.282771713, sleeping for 0.017010927898809314 seconds
Request model_2#302 arrives at 1605414.300082167, sleeping for 0.04404157982207835 seconds
Request model_3#482 arrives at 1605414.345104242, sleeping for 0.06364766275510192 seconds
Request model_5#598 arrives at 1605414.409935212, sleeping for 0.034099038457497954 seconds
Request model_3#483 arrives at 1605414.44460305, sleeping for 0.058112736558541656 seconds
Request model_5#599 arrives at 1605414.503268639, sleeping for 0.020761673338711262 seconds
Request model_4#225 arrives at 1605414.524705577, sleeping for 0.09622284327633679 seconds
Request model_6#322 arrives at 1605414.62109437, sleeping for 0.015501613961532712 seconds
Request model_3#484 arrives at 1605414.636829141, sleeping for 0.05444937199354172 seconds
Request model_1#165 arrives at 1605414.691443536, sleeping for 0.019970661960542202 seconds
Request model_2#303 arrives at 1605414.712226849, sleeping for 0.021693638991564512 seconds
Request model_3#485 arrives at 1605414.734901207, sleeping for 0.006201177602633834 seconds
Request model_5#600 arrives at 1605414.741556803, sleeping for 0.11985678365454078 seconds
Request model_5#601 arrives at 1605414.862297048, sleeping for 0.19763638428412378 seconds
Request model_3#486 arrives at 1605415.061001083, sleeping for 0.15931098023429513 seconds
Request model_3#487 arrives at 1605415.221448229, sleeping for 0.0283155869692564 seconds
Request model_5#602 arrives at 1605415.250552271, sleeping for 0.020467429654672742 seconds
Request model_2#304 arrives at 1605415.271724068, sleeping for 0.07546025374904275 seconds
Request model_5#603 arrives at 1605415.34772831, sleeping for 0.014804037287831306 seconds
Request model_6#323 arrives at 1605415.362985257, sleeping for 0.018612035317346454 seconds
Request model_5#604 arrives at 1605415.382659901, sleeping for 0.0037059348542243242 seconds
Request model_4#226 arrives at 1605415.387181169, sleeping for 0.04014498367905617 seconds
Request model_4#227 arrives at 1605415.427897468, sleeping for 0.13405543309636414 seconds
Request model_2#305 arrives at 1605415.564156392, sleeping for 0.032226978335529566 seconds
Request model_6#324 arrives at 1605415.597633461, sleeping for 0.012685321969911456 seconds
Request model_6#325 arrives at 1605415.610833721, sleeping for 0.07357663754373789 seconds
Request model_5#605 arrives at 1605415.684987438, sleeping for 0.047562772408127785 seconds
Request model_5#606 arrives at 1605415.73330912, sleeping for 0.010197916999459267 seconds
Request model_6#326 arrives at 1605415.743870229, sleeping for 0.11109351180493832 seconds
Request model_5#607 arrives at 1605415.856226814, sleeping for 0.03320678463205695 seconds
Request model_4#228 arrives at 1605415.890220277, sleeping for 0.00016534514725208282 seconds
Request model_2#306 arrives at 1605415.890756352, sleeping for 0.09183702268637717 seconds
Request model_2#307 arrives at 1605415.984681393, sleeping for 0.010795852867886424 seconds
Request model_6#327 arrives at 1605415.996406631, sleeping for 0.0051670861430466175 seconds
Request model_3#488 arrives at 1605416.002106799, sleeping for 0.05722359521314502 seconds
Request model_1#166 arrives at 1605416.059525836, sleeping for 0.01668454403989017 seconds
Request model_4#229 arrives at 1605416.077029422, sleeping for 0.06359447119757533 seconds
Request model_4#230 arrives at 1605416.14163081, sleeping for 0.13184161577373743 seconds
Request model_3#489 arrives at 1605416.274058983, sleeping for 0.07394561870023608 seconds
Request model_6#328 arrives at 1605416.349110667, sleeping for 0.034698677714914083 seconds
Request model_6#329 arrives at 1605416.384797365, sleeping for 0.01511879125609994 seconds
Request model_6#330 arrives at 1605416.400506155, sleeping for 0.00679397489875555 seconds
Request model_3#490 arrives at 1605416.40829638, sleeping for 0.13995400816202164 seconds
Request model_2#308 arrives at 1605416.550106811, sleeping for 0.02481513423845172 seconds
Request model_5#608 arrives at 1605416.575414251, sleeping for 0.08647766732610762 seconds
Request model_1#167 arrives at 1605416.662873309, sleeping for 0.0958210111130029 seconds
Request model_5#609 arrives at 1605416.759153331, sleeping for 0.01248955144546926 seconds
Request model_1#168 arrives at 1605416.773726472, sleeping for 0.05616092751733959 seconds
Request model_5#610 arrives at 1605416.830995769, sleeping for 0.014377736020833254 seconds
Request model_2#309 arrives at 1605416.846485138, sleeping for 0.027178819989785552 seconds
Request model_3#491 arrives at 1605416.874088278, sleeping for 0.00288803456351161 seconds
Request model_4#231 arrives at 1605416.87793283, sleeping for 0.24835424264892936 seconds
Request model_5#611 arrives at 1605417.12653019, sleeping for 0.0027809315361082554 seconds
Request model_1#169 arrives at 1605417.129538085, sleeping for 0.006183336954563856 seconds
Request model_6#331 arrives at 1605417.13622751, sleeping for 0.051477834582328796 seconds
Request model_4#232 arrives at 1605417.187943961, sleeping for 0.028030819492414594 seconds
Request model_5#612 arrives at 1605417.216905712, sleeping for 0.010492910165339708 seconds
Request model_2#310 arrives at 1605417.228535599, sleeping for 0.05897057824768126 seconds
Request model_3#492 arrives at 1605417.288441188, sleeping for 0.009993587853386998 seconds
Request model_5#613 arrives at 1605417.299121986, sleeping for 0.0010640930850058794 seconds
Request model_2#311 arrives at 1605417.30079313, sleeping for 0.028809517389163375 seconds
Request model_1#170 arrives at 1605417.330717029, sleeping for 0.14343515713699162 seconds
Request model_5#614 arrives at 1605417.475509824, sleeping for 0 seconds
Request model_1#171 arrives at 1605417.475838007, sleeping for 0.048429904505610466 seconds
Request model_2#312 arrives at 1605417.525022317, sleeping for 0.009412683313712478 seconds
Request model_6#332 arrives at 1605417.5349561, sleeping for 0.029841179260984063 seconds
Request model_1#172 arrives at 1605417.565759766, sleeping for 0.06415319512598217 seconds
Request model_6#333 arrives at 1605417.631074099, sleeping for 0.040878175757825375 seconds
Request model_2#313 arrives at 1605417.672186662, sleeping for 0.015473565552383661 seconds
Request model_2#314 arrives at 1605417.687921753, sleeping for 0.20250102481804788 seconds
Request model_3#493 arrives at 1605417.891465257, sleeping for 0.10503398906439543 seconds
Request model_3#494 arrives at 1605417.997069856, sleeping for 0.1394171209540218 seconds
Request model_2#315 arrives at 1605418.137129712, sleeping for 0.048681309912353754 seconds
Request model_5#615 arrives at 1605418.186639214, sleeping for 0.0024877397809177637 seconds
Request model_2#316 arrives at 1605418.189617759, sleeping for 0.07836539228446782 seconds
Request model_6#334 arrives at 1605418.268314694, sleeping for 0.02584216999821365 seconds
Request model_1#173 arrives at 1605418.294608773, sleeping for 0.005490308860316873 seconds
Request model_3#495 arrives at 1605418.300678354, sleeping for 0.08312117261812091 seconds
Request model_6#335 arrives at 1605418.384564822, sleeping for 0.1675567920319736 seconds
Request model_3#496 arrives at 1605418.553379207, sleeping for 0.20444380468688905 seconds
Request model_3#497 arrives at 1605418.758621755, sleeping for 0.004928457783535123 seconds
Request model_2#317 arrives at 1605418.763737928, sleeping for 0.07784547214396298 seconds
Request model_6#336 arrives at 1605418.842609034, sleeping for 0.2072153256740421 seconds
Request model_5#616 arrives at 1605419.050675806, sleeping for 0.023441370809450746 seconds
Request model_3#498 arrives at 1605419.075105699, sleeping for 0.004646499175578356 seconds
Request model_3#499 arrives at 1605419.080600765, sleeping for 0.0034657949581742287 seconds
Request model_3#500 arrives at 1605419.084921002, sleeping for 0.04873609007336199 seconds
Request model_3#501 arrives at 1605419.134687506, sleeping for 0.0371301204431802 seconds
Request model_5#617 arrives at 1605419.172718002, sleeping for 0.017451658379286528 seconds
Request model_3#502 arrives at 1605419.190392539, sleeping for 0.08122561126947403 seconds
Request model_5#618 arrives at 1605419.272548913, sleeping for 0.02731517027132213 seconds
Request model_3#503 arrives at 1605419.300526236, sleeping for 0.06864287750795484 seconds
Request model_2#318 arrives at 1605419.370061954, sleeping for 0.01600221381522715 seconds
Request model_2#319 arrives at 1605419.387017456, sleeping for 0 seconds
Request model_5#619 arrives at 1605419.387386979, sleeping for 0.083396379603073 seconds
Request model_4#233 arrives at 1605419.471349327, sleeping for 0.010853656567633152 seconds
Request model_5#620 arrives at 1605419.48240814, sleeping for 0.02189519163221121 seconds
Request model_6#337 arrives at 1605419.505055788, sleeping for 0.02172662620432675 seconds
Request model_3#504 arrives at 1605419.527759277, sleeping for 0.04928908287547529 seconds
Request model_6#338 arrives at 1605419.577522041, sleeping for 0.03784071980044246 seconds
Request model_3#505 arrives at 1605419.616435735, sleeping for 0.02441786788403988 seconds
Request model_5#621 arrives at 1605419.641614134, sleeping for 0.06015580100938678 seconds
Request model_3#506 arrives at 1605419.702839144, sleeping for 0.041247621877118945 seconds
Request model_6#339 arrives at 1605419.744661322, sleeping for 0.07205493049696088 seconds
Request model_5#622 arrives at 1605419.818353575, sleeping for 0.04867611429654062 seconds
Request model_3#507 arrives at 1605419.86818476, sleeping for 0.04785701772198081 seconds
Request model_4#234 arrives at 1605419.916888676, sleeping for 0.029309294186532497 seconds
Request model_4#235 arrives at 1605419.948093145, sleeping for 0.00742468680255115 seconds
Request model_6#340 arrives at 1605419.955772609, sleeping for 0.08061628951691091 seconds
Request model_6#341 arrives at 1605420.037292338, sleeping for 0.02153766411356628 seconds
Request model_2#320 arrives at 1605420.060253289, sleeping for 0.0316775874234736 seconds
Request model_5#623 arrives at 1605420.092261686, sleeping for 0.005540370941162109 seconds
Request model_5#624 arrives at 1605420.098953981, sleeping for 0.03545837360434234 seconds
Request model_5#625 arrives at 1605420.134652338, sleeping for 0.0028707587625831366 seconds
Request model_5#626 arrives at 1605420.138370959, sleeping for 0.00426094327121973 seconds
Request model_6#342 arrives at 1605420.143036268, sleeping for 0.009606749750673771 seconds
Request model_6#343 arrives at 1605420.153183032, sleeping for 0.04162856610491872 seconds
Request model_3#508 arrives at 1605420.195265803, sleeping for 0.0056316580157727 seconds
Request model_6#344 arrives at 1605420.201136411, sleeping for 0.07995108375325799 seconds
Request model_3#509 arrives at 1605420.282031905, sleeping for 0.08050870639272034 seconds
Request model_6#345 arrives at 1605420.363004278, sleeping for 0.04135997570119798 seconds
Request model_6#346 arrives at 1605420.40523536, sleeping for 0.017638268182054162 seconds
Request model_5#627 arrives at 1605420.423846465, sleeping for 0.16942995972931385 seconds
Request model_6#347 arrives at 1605420.594114662, sleeping for 0.05304350843653083 seconds
Request model_5#628 arrives at 1605420.648052391, sleeping for 0.054634510073810816 seconds
Request model_2#321 arrives at 1605420.703153259, sleeping for 0.0668634686153382 seconds
Request model_6#348 arrives at 1605420.770403669, sleeping for 0.008430261630564928 seconds
Request model_3#510 arrives at 1605420.779246142, sleeping for 0.008454317459836602 seconds
Request model_2#322 arrives at 1605420.787879675, sleeping for 0.1240710022393614 seconds
Request model_5#629 arrives at 1605420.912695993, sleeping for 0.06520045921206474 seconds
Request model_1#174 arrives at 1605420.978840404, sleeping for 0.21837339433841407 seconds
Request model_3#511 arrives at 1605421.198182639, sleeping for 0.004027263494208455 seconds
Request model_3#512 arrives at 1605421.202439264, sleeping for 0.015643991762772202 seconds
Request model_3#513 arrives at 1605421.218362297, sleeping for 0.014192537404596806 seconds
Request model_5#630 arrives at 1605421.233088299, sleeping for 0.03343463153578341 seconds
Request model_3#514 arrives at 1605421.26679379, sleeping for 0.06887842318974435 seconds
Request model_5#631 arrives at 1605421.336651991, sleeping for 0.022080151364207268 seconds
Request model_5#632 arrives at 1605421.359687913, sleeping for 0.03194414032623172 seconds
Request model_6#349 arrives at 1605421.392620147, sleeping for 0.010258903726935387 seconds
Request model_5#633 arrives at 1605421.40382163, sleeping for 0.04788494948297739 seconds
Request model_4#236 arrives at 1605421.452113022, sleeping for 0.04799037449993193 seconds
Request model_1#175 arrives at 1605421.500578405, sleeping for 0.011117416666820645 seconds
Request model_5#634 arrives at 1605421.512874228, sleeping for 0.0004775277338922024 seconds
Request model_5#635 arrives at 1605421.513646764, sleeping for 0.005724703660234809 seconds
Request model_5#636 arrives at 1605421.52034968, sleeping for 0.0033859661780297756 seconds
Request model_6#350 arrives at 1605421.524103621, sleeping for 0.015661179088056087 seconds
Request model_2#323 arrives at 1605421.54081715, sleeping for 0.07016465906053782 seconds
Request model_3#515 arrives at 1605421.61162274, sleeping for 0.009810083545744419 seconds
Request model_6#351 arrives at 1605421.623332177, sleeping for 0.005407943157479167 seconds
Request model_6#352 arrives at 1605421.629547108, sleeping for 0.006201735930517316 seconds
Request model_5#637 arrives at 1605421.636144483, sleeping for 0.002443193458020687 seconds
Request model_3#516 arrives at 1605421.639105408, sleeping for 0.03721303609199822 seconds
Request model_2#324 arrives at 1605421.676988363, sleeping for 0.05874065565876663 seconds
Request model_2#325 arrives at 1605421.73789116, sleeping for 0.09027263429015875 seconds
Request model_5#638 arrives at 1605421.828668575, sleeping for 0.008821382420137525 seconds
Request model_1#176 arrives at 1605421.838063113, sleeping for 0.010311577701941133 seconds
Request model_3#517 arrives at 1605421.850362766, sleeping for 0.0466099523473531 seconds
Request model_4#237 arrives at 1605421.897482188, sleeping for 0.01529308152385056 seconds
Request model_6#353 arrives at 1605421.913211139, sleeping for 0.04557940294034779 seconds
Request model_5#639 arrives at 1605421.959928608, sleeping for 0.056742708664387465 seconds
Request model_4#238 arrives at 1605422.016967342, sleeping for 0.08356732572428882 seconds
Request model_3#518 arrives at 1605422.101087023, sleeping for 0.003887358121573925 seconds
Request model_3#519 arrives at 1605422.106093354, sleeping for 0.013191210106015205 seconds
Request model_4#239 arrives at 1605422.120772576, sleeping for 0.006393019575625658 seconds
Request model_5#640 arrives at 1605422.127629863, sleeping for 0.04353035124950111 seconds
Request model_1#177 arrives at 1605422.171495238, sleeping for 0.007323948200792074 seconds
Request model_3#520 arrives at 1605422.179240613, sleeping for 0.03173325723037124 seconds
Request model_2#326 arrives at 1605422.211518941, sleeping for 0.1034281556494534 seconds
Request model_5#641 arrives at 1605422.316973659, sleeping for 0.010925605660304427 seconds
Request model_5#642 arrives at 1605422.328532955, sleeping for 0.02646141964942217 seconds
Request model_2#327 arrives at 1605422.355939273, sleeping for 0.0675125636626035 seconds
Request model_5#643 arrives at 1605422.423764177, sleeping for 0.1253572180867195 seconds
Request model_6#354 arrives at 1605422.549415643, sleeping for 0.01769446674734354 seconds
Request model_3#521 arrives at 1605422.567873747, sleeping for 0.006779808551073074 seconds
Request model_4#240 arrives at 1605422.575727782, sleeping for 0.017702055629342794 seconds
Request model_6#355 arrives at 1605422.595513526, sleeping for 0.07571752555668354 seconds
Request model_5#644 arrives at 1605422.672355136, sleeping for 0.17748927627690136 seconds
Request model_3#522 arrives at 1605422.850562079, sleeping for 0.036844527348876 seconds
Request model_2#328 arrives at 1605422.888688856, sleeping for 0.02826550486497581 seconds
Request model_4#241 arrives at 1605422.918176581, sleeping for 0.07684331736527383 seconds
Request model_5#645 arrives at 1605422.996316661, sleeping for 0.010400180472061038 seconds
Request model_3#523 arrives at 1605423.007826557, sleeping for 0.004382802406325936 seconds
Request model_6#356 arrives at 1605423.013296462, sleeping for 0.080023811198771 seconds
Request model_1#178 arrives at 1605423.094313747, sleeping for 0.040629772702232 seconds
Request model_5#646 arrives at 1605423.135327628, sleeping for 0.07280775089748204 seconds
Request model_6#357 arrives at 1605423.209444215, sleeping for 0.053332587936893106 seconds
Request model_3#524 arrives at 1605423.263061521, sleeping for 0.005294404225423932 seconds
Request model_3#525 arrives at 1605423.269062451, sleeping for 0.1758642999920994 seconds
Request model_1#179 arrives at 1605423.445923812, sleeping for 0.005935270572081208 seconds
Request model_6#358 arrives at 1605423.452402746, sleeping for 0.08733986830338836 seconds
Request model_3#526 arrives at 1605423.541402847, sleeping for 0.1435344023630023 seconds
Request model_5#647 arrives at 1605423.685756357, sleeping for 0.05719407182186842 seconds
Request model_5#648 arrives at 1605423.743988742, sleeping for 0.030689000384882092 seconds
Request model_6#359 arrives at 1605423.774841339, sleeping for 0.034869612427428365 seconds
Request model_5#649 arrives at 1605423.810504256, sleeping for 0.005218170350417495 seconds
Request model_1#180 arrives at 1605423.816155183, sleeping for 0.06506352941505611 seconds
Request model_3#527 arrives at 1605423.881846289, sleeping for 0.029366140719503164 seconds
Request model_3#528 arrives at 1605423.911580206, sleeping for 0.061731988331303 seconds
Request model_3#529 arrives at 1605423.973793324, sleeping for 0.023255213862285018 seconds
Request model_3#530 arrives at 1605423.99736165, sleeping for 0.003861934645101428 seconds
Request model_5#650 arrives at 1605424.002293051, sleeping for 0.06855105026625097 seconds
Request model_5#651 arrives at 1605424.071309405, sleeping for 0.03040833631530404 seconds
Request model_6#360 arrives at 1605424.102336004, sleeping for 0.14471655525267124 seconds
Request model_5#652 arrives at 1605424.2473669, sleeping for 0.01622588955797255 seconds
Request model_5#653 arrives at 1605424.264410752, sleeping for 0.04634988564066589 seconds
Request model_4#242 arrives at 1605424.311749765, sleeping for 0.027769637294113636 seconds
Request model_5#654 arrives at 1605424.340310043, sleeping for 0.09089119755662978 seconds
Request model_4#243 arrives at 1605424.431507232, sleeping for 0.04559009289368987 seconds
Request model_3#531 arrives at 1605424.477740396, sleeping for 0.06015314790420234 seconds
Request model_5#655 arrives at 1605424.538397031, sleeping for 0.0017763148061931133 seconds
Request model_5#656 arrives at 1605424.54068718, sleeping for 0.0218979234341532 seconds
Request model_5#657 arrives at 1605424.563409799, sleeping for 0.0891617548186332 seconds
Request model_5#658 arrives at 1605424.653200396, sleeping for 0.06002363609150052 seconds
Request model_6#361 arrives at 1605424.71371597, sleeping for 0.014423701213672757 seconds
Request model_5#659 arrives at 1605424.729123678, sleeping for 0.03739270614460111 seconds
Request model_4#244 arrives at 1605424.767365906, sleeping for 0.09435579157434404 seconds
Request model_5#660 arrives at 1605424.863172613, sleeping for 0.03615309717133641 seconds
Request model_6#362 arrives at 1605424.899930549, sleeping for 0.02243465604260564 seconds
Request model_1#181 arrives at 1605424.922659208, sleeping for 0.012945109512656927 seconds
Request model_3#532 arrives at 1605424.937614162, sleeping for 0.05920565384440124 seconds
Request model_4#245 arrives at 1605424.997135818, sleeping for 0.004255557432770729 seconds
Request model_6#363 arrives at 1605425.002004138, sleeping for 0.1068660351447761 seconds
Request model_3#533 arrives at 1605425.109347951, sleeping for 0.023670696653425694 seconds
Request model_4#246 arrives at 1605425.13332419, sleeping for 0.031960874097421765 seconds
Request model_5#661 arrives at 1605425.166229974, sleeping for 0.029805751284584403 seconds
Request model_3#534 arrives at 1605425.196325454, sleeping for 0.010362131055444479 seconds
Request model_5#662 arrives at 1605425.207181425, sleeping for 0.04235774138942361 seconds
Request model_3#535 arrives at 1605425.250042211, sleeping for 0.0339804335962981 seconds
Request model_2#329 arrives at 1605425.285010593, sleeping for 0.06501198071055114 seconds
Request model_5#663 arrives at 1605425.350918301, sleeping for 0.028426604578271508 seconds
Request model_6#364 arrives at 1605425.380041603, sleeping for 0 seconds
Request model_1#182 arrives at 1605425.380522937, sleeping for 0 seconds
Request model_5#664 arrives at 1605425.380797529, sleeping for 0.04516886826604605 seconds
Request model_2#330 arrives at 1605425.426740571, sleeping for 0.047478490276262164 seconds
Request model_6#365 arrives at 1605425.47470145, sleeping for 0.06243015802465379 seconds
Request model_6#366 arrives at 1605425.537793375, sleeping for 0.06140755256637931 seconds
Request model_3#536 arrives at 1605425.5997643, sleeping for 0.0001976550556719303 seconds
Request model_2#331 arrives at 1605425.6934047, sleeping for 0 seconds
Request model_5#665 arrives at 1605425.693915824, sleeping for 0 seconds
Request model_3#537 arrives at 1605425.694244817, sleeping for 0.11834945227019489 seconds
Request model_2#332 arrives at 1605425.814254645, sleeping for 0.030269396491348743 seconds
Request model_5#666 arrives at 1605425.844699968, sleeping for 0.00773427658714354 seconds
Request model_6#367 arrives at 1605425.853234069, sleeping for 0.002674506511539221 seconds
Request model_5#667 arrives at 1605425.856902459, sleeping for 0.04981541261076927 seconds
Request model_2#333 arrives at 1605425.907819153, sleeping for 0.0043938488233834505 seconds
Request model_3#538 arrives at 1605425.912619093, sleeping for 0.06090548657812178 seconds
Request model_5#668 arrives at 1605425.975218214, sleeping for 0.21534138405695558 seconds
Request model_2#334 arrives at 1605426.190935248, sleeping for 0.08576341485604644 seconds
Request model_4#247 arrives at 1605426.278230404, sleeping for 0.0071752299554646015 seconds
Request model_3#539 arrives at 1605426.285853128, sleeping for 0.09153018589131534 seconds
Request model_4#248 arrives at 1605426.377939323, sleeping for 0.013069093460217118 seconds
Request model_3#540 arrives at 1605426.39192756, sleeping for 0.11429556412622333 seconds
Request model_4#249 arrives at 1605426.506985857, sleeping for 0.007066358812153339 seconds
Request model_5#669 arrives at 1605426.514332638, sleeping for 0.07240396225824952 seconds
Request model_4#250 arrives at 1605426.587847889, sleeping for 0.005610794294625521 seconds
Request model_3#541 arrives at 1605426.594270003, sleeping for 0.033629881450906396 seconds
Request model_5#670 arrives at 1605426.628365027, sleeping for 0.0517079746350646 seconds
Request model_5#671 arrives at 1605426.681319497, sleeping for 0.04216292453929782 seconds
Request model_4#251 arrives at 1605426.723940491, sleeping for 0.028974706772714853 seconds
Request model_6#368 arrives at 1605426.754118253, sleeping for 0.043108268175274134 seconds
Request model_3#542 arrives at 1605426.798275, sleeping for 0.018490173621103168 seconds
Request model_3#543 arrives at 1605426.817892883, sleeping for 0.00372504023835063 seconds
Request model_3#544 arrives at 1605426.82234057, sleeping for 0.05852805217728019 seconds
Request model_4#252 arrives at 1605426.881374051, sleeping for 0.05049520032480359 seconds
Request model_3#545 arrives at 1605426.932755798, sleeping for 0.08201050409115851 seconds
Request model_6#369 arrives at 1605427.015317495, sleeping for 0.02381371962837875 seconds
Request model_3#546 arrives at 1605427.039552827, sleeping for 0.05799357034265995 seconds
Request model_6#370 arrives at 1605427.097761581, sleeping for 0.05469151888974011 seconds
Request model_4#253 arrives at 1605427.152785968, sleeping for 0.06899382104165852 seconds
Request model_2#335 arrives at 1605427.22274617, sleeping for 0.04403709759935737 seconds
Request model_5#672 arrives at 1605427.267257651, sleeping for 0.054257874144241214 seconds
Request model_5#673 arrives at 1605427.322592181, sleeping for 0.019257898908108473 seconds
Request model_5#674 arrives at 1605427.342356145, sleeping for 0.007986438227817416 seconds
Request model_3#547 arrives at 1605427.351225429, sleeping for 0.11966625088825822 seconds
Request model_4#254 arrives at 1605427.471174767, sleeping for 0.17441638023592532 seconds
Request model_6#371 arrives at 1605427.646305683, sleeping for 0.03823624877259135 seconds
Request model_2#336 arrives at 1605427.685714591, sleeping for 0.06792973424308002 seconds
Request model_3#548 arrives at 1605427.754403882, sleeping for 0.0033786678686738014 seconds
Request model_6#372 arrives at 1605427.758664857, sleeping for 0.002114895498380065 seconds
Request model_5#675 arrives at 1605427.761199209, sleeping for 0.08489804528653622 seconds
Request model_5#676 arrives at 1605427.846793991, sleeping for 0.1149007473140955 seconds
Request model_2#337 arrives at 1605427.96218545, sleeping for 0.0016682979185134172 seconds
Request model_6#373 arrives at 1605427.964046106, sleeping for 0.02967388555407524 seconds
Request model_2#338 arrives at 1605427.99457154, sleeping for 0.02324021514505148 seconds
Request model_1#183 arrives at 1605428.018173656, sleeping for 0.05982554727233946 seconds
Request model_5#677 arrives at 1605428.079035542, sleeping for 0.03849316341802478 seconds
Request model_1#184 arrives at 1605428.117694054, sleeping for 0.03028750978410244 seconds
Request model_3#549 arrives at 1605428.148257968, sleeping for 0.024831372080370784 seconds
Request model_1#185 arrives at 1605428.173917581, sleeping for 0.007913374109193683 seconds
Request model_5#678 arrives at 1605428.182671674, sleeping for 0.012174568604677916 seconds
Request model_3#550 arrives at 1605428.195810883, sleeping for 0.007445557974278927 seconds
Request model_3#551 arrives at 1605428.203479167, sleeping for 0.001424490474164486 seconds
Request model_4#255 arrives at 1605428.205151011, sleeping for 0.04008948500268161 seconds
Request model_5#679 arrives at 1605428.246377094, sleeping for 0.002899381797760725 seconds
Request model_6#374 arrives at 1605428.250042154, sleeping for 0.03272837679833174 seconds
Request model_2#339 arrives at 1605428.283678854, sleeping for 0.17629249719902873 seconds
Request model_3#552 arrives at 1605428.460514035, sleeping for 0.06934392685070634 seconds
Request model_2#340 arrives at 1605428.531001311, sleeping for 0.012476266594603658 seconds
Request model_5#680 arrives at 1605428.544063369, sleeping for 0.019683485385030508 seconds
Request model_6#375 arrives at 1605428.564778062, sleeping for 0.011690218467265368 seconds
Request model_2#341 arrives at 1605428.576833752, sleeping for 0.0032746836077421904 seconds
Request model_4#256 arrives at 1605428.580507073, sleeping for 0.08249378181062639 seconds
Request model_4#257 arrives at 1605428.66318906, sleeping for 0.009322032798081636 seconds
Request model_6#376 arrives at 1605428.672890561, sleeping for 0.05576515570282936 seconds
Request model_2#342 arrives at 1605428.729442861, sleeping for 0.002051460789516568 seconds
Request model_4#258 arrives at 1605428.732136094, sleeping for 0.0028014634735882282 seconds
Request model_3#553 arrives at 1605428.735749404, sleeping for 0.007924525532871485 seconds
Request model_1#186 arrives at 1605428.744385386, sleeping for 0.007851868635043502 seconds
Request model_3#554 arrives at 1605428.752965717, sleeping for 0.006849367404356599 seconds
Request model_5#681 arrives at 1605428.760483509, sleeping for 0.030931460903957486 seconds
Request model_6#377 arrives at 1605428.792035872, sleeping for 0.1376870444510132 seconds
Request model_5#682 arrives at 1605428.930193831, sleeping for 0.03240014147013426 seconds
Request model_1#187 arrives at 1605428.963356756, sleeping for 0.10513583500869572 seconds
Request model_3#555 arrives at 1605429.069469169, sleeping for 0.013255975907668471 seconds
Request model_2#343 arrives at 1605429.084872057, sleeping for 0.007607705891132355 seconds
Request model_2#344 arrives at 1605429.092682582, sleeping for 0.07850049110129476 seconds
Request model_2#345 arrives at 1605429.17178509, sleeping for 0.0493049630895257 seconds
Request model_4#259 arrives at 1605429.221596274, sleeping for 0.07634012470953166 seconds
Request model_6#378 arrives at 1605429.299111238, sleeping for 0.04478528699837625 seconds
Request model_6#379 arrives at 1605429.344855159, sleeping for 0.008324142545461655 seconds
Request model_2#346 arrives at 1605429.353469071, sleeping for 0.02640270721167326 seconds
Request model_6#380 arrives at 1605429.381342252, sleeping for 0.05964596476405859 seconds
Request model_3#556 arrives at 1605429.442033377, sleeping for 0.10147348535247147 seconds
Request model_4#260 arrives at 1605429.544865882, sleeping for 0.04108373844064772 seconds
Request model_2#347 arrives at 1605429.586214586, sleeping for 0.07889801962301135 seconds
Request model_6#381 arrives at 1605429.667159279, sleeping for 0.01439380506053567 seconds
Request model_5#683 arrives at 1605429.681823881, sleeping for 0.00449824589304626 seconds
Request model_6#382 arrives at 1605429.68649986, sleeping for 0.09017735649831593 seconds
Request model_6#383 arrives at 1605429.776906002, sleeping for 0.0006845078896731138 seconds
Request model_3#557 arrives at 1605429.778578236, sleeping for 0.09535731561481953 seconds
Request model_5#684 arrives at 1605429.874591544, sleeping for 0.014613350620493293 seconds
Request model_5#685 arrives at 1605429.890291295, sleeping for 0.11317764897830784 seconds
Request model_5#686 arrives at 1605430.005369492, sleeping for 0.006122573744505644 seconds
Request model_1#188 arrives at 1605430.01244214, sleeping for 0.1164373669307679 seconds
Request model_3#558 arrives at 1605430.129970948, sleeping for 0.03873688052408397 seconds
Request model_5#687 arrives at 1605430.169709158, sleeping for 0.019530918216332793 seconds
Request model_3#559 arrives at 1605430.189444702, sleeping for 0.02191171864978969 seconds
Request model_3#560 arrives at 1605430.212405353, sleeping for 0.08924267115071416 seconds
Request model_6#384 arrives at 1605430.301966258, sleeping for 0.05128858517855406 seconds
Request model_5#688 arrives at 1605430.35393002, sleeping for 0.07287994748912752 seconds
Request model_3#561 arrives at 1605430.427620582, sleeping for 0.12763507524505258 seconds
Request model_4#261 arrives at 1605430.556388943, sleeping for 0.012959130574017763 seconds
Request model_4#262 arrives at 1605430.571063906, sleeping for 0.18466587061993778 seconds
Request model_2#348 arrives at 1605430.757070952, sleeping for 0.09625654923729599 seconds
Request model_5#689 arrives at 1605430.853985428, sleeping for 0.04376451927237213 seconds
Request model_3#562 arrives at 1605430.89868052, sleeping for 0.2610269922297448 seconds
Request model_3#563 arrives at 1605431.160553067, sleeping for 0.03181016305461526 seconds
Request model_6#385 arrives at 1605431.193687543, sleeping for 0.025743355974555016 seconds
Request model_6#386 arrives at 1605431.220389914, sleeping for 0.0083570156712085 seconds
Request model_5#690 arrives at 1605431.229059206, sleeping for 0.026489445473998785 seconds
Request model_4#263 arrives at 1605431.256713866, sleeping for 0.06931229820474982 seconds
Request model_5#691 arrives at 1605431.326406226, sleeping for 0.06137594603933394 seconds
Request model_4#264 arrives at 1605431.389419319, sleeping for 0.003925156779587269 seconds
Request model_5#692 arrives at 1605431.394093738, sleeping for 0.0021566504146903753 seconds
Request model_5#693 arrives at 1605431.39675742, sleeping for 0.036402880446985364 seconds
Request model_4#265 arrives at 1605431.434427464, sleeping for 0.025381678715348244 seconds
Request model_1#189 arrives at 1605431.460030037, sleeping for 0.20644933357834816 seconds
Request model_1#190 arrives at 1605431.66729215, sleeping for 0.0015259305946528912 seconds
Request model_5#694 arrives at 1605431.669009864, sleeping for 0.1316192161757499 seconds
Request model_1#191 arrives at 1605431.801586137, sleeping for 0.08161097695119679 seconds
Request model_3#564 arrives at 1605431.884025732, sleeping for 0.015003308188170195 seconds
Request model_5#695 arrives at 1605431.899807523, sleeping for 0.002304271562024951 seconds
Request model_3#565 arrives at 1605431.902681287, sleeping for 0.010549226542934775 seconds
Request model_3#566 arrives at 1605431.914371524, sleeping for 0.06266971561126411 seconds
Request model_3#567 arrives at 1605431.977348588, sleeping for 0.009052405366674066 seconds
Request model_3#568 arrives at 1605431.988557381, sleeping for 0.0354447141289711 seconds
Request model_1#192 arrives at 1605432.025871411, sleeping for 0.023348616203293204 seconds
Request model_3#569 arrives at 1605432.050100333, sleeping for 0.00803321786224842 seconds
Request model_1#193 arrives at 1605432.058528153, sleeping for 0.02979883668012917 seconds
Request model_2#349 arrives at 1605432.08950576, sleeping for 0.052723371889442205 seconds
Request model_5#696 arrives at 1605432.142995885, sleeping for 0 seconds
Request model_2#350 arrives at 1605432.14356212, sleeping for 0.0677682792302221 seconds
Request model_1#194 arrives at 1605432.212114219, sleeping for 0.05211898824200034 seconds
Request model_5#697 arrives at 1605432.264956359, sleeping for 0.03295976505614817 seconds
Request model_3#570 arrives at 1605432.29877333, sleeping for 0.10026758862659335 seconds
Request model_3#571 arrives at 1605432.39981757, sleeping for 0.011253496166318655 seconds
Request model_3#572 arrives at 1605432.412079162, sleeping for 0.016193624585866928 seconds
Request model_1#195 arrives at 1605432.429155784, sleeping for 0.012301072711125016 seconds
Request model_5#698 arrives at 1605432.442294463, sleeping for 0.006354968063533306 seconds
Request model_5#699 arrives at 1605432.449245271, sleeping for 0 seconds
Request model_6#387 arrives at 1605432.449633374, sleeping for 0.007157786283642054 seconds
Request model_2#351 arrives at 1605432.45754614, sleeping for 0.01596765243448317 seconds
Request model_3#573 arrives at 1605432.473867206, sleeping for 0.21293879579752684 seconds
Request model_5#700 arrives at 1605432.688078277, sleeping for 0.012888461351394653 seconds
Request model_6#388 arrives at 1605432.701441798, sleeping for 0.1108748228289187 seconds
Request model_2#352 arrives at 1605432.81361198, sleeping for 0.027933694189414382 seconds
Request model_5#701 arrives at 1605432.841959796, sleeping for 0.005453699734061956 seconds
Request model_5#702 arrives at 1605432.848139397, sleeping for 0.04180489503778517 seconds
Request model_5#703 arrives at 1605432.891095754, sleeping for 0.03506541484966874 seconds
Request model_6#389 arrives at 1605432.926630269, sleeping for 0.1161928134970367 seconds
Request model_6#390 arrives at 1605433.043693163, sleeping for 0.06858062790706754 seconds
Request model_5#704 arrives at 1605433.112728907, sleeping for 0.035535045666620135 seconds
Request model_3#574 arrives at 1605433.149071189, sleeping for 0.08967686421237886 seconds
Request model_5#705 arrives at 1605433.238918316, sleeping for 0.04788326704874635 seconds
Request model_4#266 arrives at 1605433.28758101, sleeping for 0.04011207423172891 seconds
Request model_3#575 arrives at 1605433.328250448, sleeping for 0.024299214826896787 seconds
Request model_5#706 arrives at 1605433.352921643, sleeping for 0.010134751908481121 seconds
Request model_4#267 arrives at 1605433.363583632, sleeping for 0.06884773424826562 seconds
Request model_4#268 arrives at 1605433.432830658, sleeping for 0.062257458455860615 seconds
Request model_4#269 arrives at 1605433.495760391, sleeping for 0.027530436404049397 seconds
Request model_4#270 arrives at 1605433.523529241, sleeping for 0.030425342032685876 seconds
Request model_5#707 arrives at 1605433.554206337, sleeping for 0.030824576504528522 seconds
Request model_3#576 arrives at 1605433.58587092, sleeping for 0.026835717260837555 seconds
Request model_1#196 arrives at 1605433.6135277, sleeping for 0.004891932476311922 seconds
Request model_6#391 arrives at 1605433.619187217, sleeping for 0.07229168363846838 seconds
Request model_2#353 arrives at 1605433.692136723, sleeping for 0.002889682073146105 seconds
Request model_3#577 arrives at 1605433.695806293, sleeping for 0.006548780482262373 seconds
Request model_5#708 arrives at 1605433.703464357, sleeping for 0.017077722121030092 seconds
Request model_5#709 arrives at 1605433.721508808, sleeping for 0.036102642538025975 seconds
Request model_3#578 arrives at 1605433.759184491, sleeping for 0.09658139990642667 seconds
Request model_5#710 arrives at 1605433.856908613, sleeping for 0.0048588409554213285 seconds
Request model_4#271 arrives at 1605433.86259395, sleeping for 0.018280364805832505 seconds
Request model_3#579 arrives at 1605433.882261614, sleeping for 0.048113442957401276 seconds
Request model_5#711 arrives at 1605433.930558815, sleeping for 0.07248172303661704 seconds
Request model_5#712 arrives at 1605434.004331818, sleeping for 0.02750143874436617 seconds
Request model_5#713 arrives at 1605434.032695754, sleeping for 0.028831087285652757 seconds
Request model_5#714 arrives at 1605434.061854727, sleeping for 0.006701556500047445 seconds
Request model_5#715 arrives at 1605434.068957106, sleeping for 0.06866283901035786 seconds
Request model_3#580 arrives at 1605434.137975689, sleeping for 0.0727541244123131 seconds
Request model_5#716 arrives at 1605434.211113267, sleeping for 0.00048759859055280685 seconds
Request model_4#272 arrives at 1605434.211942634, sleeping for 0.008342753862962127 seconds
Request model_3#581 arrives at 1605434.220789948, sleeping for 0.20647257007658482 seconds
Request model_4#273 arrives at 1605434.428065041, sleeping for 0.019695301540195942 seconds
Request model_5#717 arrives at 1605434.448333049, sleeping for 0.001939574722200632 seconds
Request model_5#718 arrives at 1605434.451390904, sleeping for 0.026161275804042816 seconds
Request model_4#274 arrives at 1605434.479466388, sleeping for 0.018009337363764644 seconds
Request model_2#354 arrives at 1605434.49774025, sleeping for 0.02655624016188085 seconds
Request model_6#392 arrives at 1605434.525933644, sleeping for 0.04930385993793607 seconds
Request model_6#393 arrives at 1605434.575799018, sleeping for 0.021049478789791465 seconds
Request model_5#719 arrives at 1605434.597869012, sleeping for 0.11366313882172108 seconds
Request model_5#720 arrives at 1605434.712045351, sleeping for 0.08564177341759205 seconds
Request model_6#394 arrives at 1605434.798676511, sleeping for 0.08755632443353534 seconds
Request model_6#395 arrives at 1605434.886699373, sleeping for 0.07327360846102238 seconds
Request model_3#582 arrives at 1605434.960297234, sleeping for 0.03174796630628407 seconds
Request model_2#355 arrives at 1605434.992487492, sleeping for 0.025456450413912535 seconds
Request model_2#356 arrives at 1605435.018954132, sleeping for 0.06412385986186564 seconds
Request model_3#583 arrives at 1605435.08364998, sleeping for 0.04339673509821296 seconds
Request model_5#721 arrives at 1605435.128600493, sleeping for 0.022239468758925796 seconds
Request model_5#722 arrives at 1605435.151569124, sleeping for 0.007782677421346307 seconds
Request model_4#275 arrives at 1605435.160245156, sleeping for 0.00041562411934137344 seconds
Request model_1#197 arrives at 1605435.160786051, sleeping for 0.060120185604318976 seconds
Request model_6#396 arrives at 1605435.221659296, sleeping for 0.05917160282842815 seconds
Request model_2#357 arrives at 1605435.282504963, sleeping for 0.03557496820576489 seconds
Request model_3#584 arrives at 1605435.320163015, sleeping for 0.0449423489626497 seconds
Request model_5#723 arrives at 1605435.365732294, sleeping for 0.016025608405470848 seconds
Request model_2#358 arrives at 1605435.382405663, sleeping for 0.08133034431375563 seconds
Request model_5#724 arrives at 1605435.464588305, sleeping for 0.02243850426748395 seconds
Request model_5#725 arrives at 1605435.487255164, sleeping for 0.013123061740770936 seconds
Request model_3#585 arrives at 1605435.500817687, sleeping for 0.07463798555545509 seconds
Request model_5#726 arrives at 1605435.575946041, sleeping for 0.08893719827756286 seconds
Request model_1#198 arrives at 1605435.665468555, sleeping for 0.027958460384979844 seconds
Request model_3#586 arrives at 1605435.694047733, sleeping for 0.00784848746843636 seconds
Request model_1#199 arrives at 1605435.702347562, sleeping for 0.026325820945203304 seconds
Request model_2#359 arrives at 1605435.729941601, sleeping for 0.00962201482616365 seconds
Request model_2#360 arrives at 1605435.740589049, sleeping for 0.0598142824601382 seconds
Request model_4#276 arrives at 1605435.801182013, sleeping for 0.0026125654112547636 seconds
Request model_4#277 arrives at 1605435.804773633, sleeping for 0.009445148753002286 seconds
Request model_5#727 arrives at 1605435.815397921, sleeping for 0.14000877970829606 seconds
Request model_5#728 arrives at 1605435.955628007, sleeping for 0.1446456464473158 seconds
Request model_5#729 arrives at 1605436.101022535, sleeping for 0.03405867679975927 seconds
Request model_5#730 arrives at 1605436.136070197, sleeping for 0.15060185943730175 seconds
Request model_3#587 arrives at 1605436.28695092, sleeping for 0.03849144815467298 seconds
Request model_6#397 arrives at 1605436.326520859, sleeping for 0.027931873686611652 seconds
Request model_2#361 arrives at 1605436.354654603, sleeping for 0.09105918696150184 seconds
Request model_3#588 arrives at 1605436.446037723, sleeping for 0.02236322546377778 seconds
Request model_6#398 arrives at 1605436.468698091, sleeping for 0.013172996928915381 seconds
Request model_1#200 arrives at 1605436.483326172, sleeping for 0.054678154876455665 seconds
Request model_4#278 arrives at 1605436.53842656, sleeping for 0.059544535586610436 seconds
Request model_5#731 arrives at 1605436.599102134, sleeping for 0.009598084725439548 seconds
Request model_4#279 arrives at 1605436.609761413, sleeping for 0.0633496968075633 seconds
Request model_6#399 arrives at 1605436.674113518, sleeping for 0.03625720855779946 seconds
Request model_3#589 arrives at 1605436.711769201, sleeping for 0.05247117602266371 seconds
Request model_6#400 arrives at 1605436.765421257, sleeping for 0.02908623917028308 seconds
Request model_4#280 arrives at 1605436.795454976, sleeping for 0.0762170075904578 seconds
Request model_6#401 arrives at 1605436.872055043, sleeping for 0.024451464880257845 seconds
Request model_5#732 arrives at 1605436.896668787, sleeping for 0.045496525475755334 seconds
Request model_5#733 arrives at 1605436.943276695, sleeping for 0.005096998065710068 seconds
Request model_2#362 arrives at 1605436.949427136, sleeping for 0.0035923514515161514 seconds
Request model_3#590 arrives at 1605436.953430529, sleeping for 0.006933277007192373 seconds
Request model_6#402 arrives at 1605436.961211524, sleeping for 0.07033247849904001 seconds
Request model_1#201 arrives at 1605437.032040412, sleeping for 0.014818414114415646 seconds
Request model_3#591 arrives at 1605437.047284199, sleeping for 0.001010583946481347 seconds
Request model_1#202 arrives at 1605437.049225515, sleeping for 0.004278497071936727 seconds
Request model_4#281 arrives at 1605437.054003395, sleeping for 0.01042974810115993 seconds
Request model_5#734 arrives at 1605437.065025227, sleeping for 0.014427464455366135 seconds
Request model_6#403 arrives at 1605437.079974551, sleeping for 0.083958993665874 seconds
Request model_4#282 arrives at 1605437.164878887, sleeping for 0.1560437218286097 seconds
Request model_5#735 arrives at 1605437.322698268, sleeping for 0.002340077655389905 seconds
Request model_3#592 arrives at 1605437.325920855, sleeping for 0.009248801041394472 seconds
Request model_1#203 arrives at 1605437.335498464, sleeping for 0.044644459150731564 seconds
Request model_2#363 arrives at 1605437.381136363, sleeping for 0.04416612535715103 seconds
Request model_2#364 arrives at 1605437.425689784, sleeping for 0.01907473453320563 seconds
Request model_3#593 arrives at 1605437.445450238, sleeping for 0.0758497416973114 seconds
Request model_2#365 arrives at 1605437.522279616, sleeping for 0.010058240732178092 seconds
Request model_4#283 arrives at 1605437.533054516, sleeping for 0.0330413558986038 seconds
Request model_2#366 arrives at 1605437.566738586, sleeping for 0.06346896197646856 seconds
Request model_5#736 arrives at 1605437.630388654, sleeping for 0.09177799453027546 seconds
Request model_4#284 arrives at 1605437.723030125, sleeping for 0.09067188668996096 seconds
Request model_6#404 arrives at 1605437.814022841, sleeping for 0.0058527071960270405 seconds
Request model_6#405 arrives at 1605437.820778537, sleeping for 0.09024913236498833 seconds
Request model_2#367 arrives at 1605437.91145181, sleeping for 0.033513211412355304 seconds
Request model_1#204 arrives at 1605437.946146939, sleeping for 0.003340579103678465 seconds
Request model_5#737 arrives at 1605437.949994991, sleeping for 0.00860430533066392 seconds
Request model_6#406 arrives at 1605437.960666329, sleeping for 0.4659111176151782 seconds
Request model_6#407 arrives at 1605438.427439998, sleeping for 0.12949400744400918 seconds
Request model_5#738 arrives at 1605438.558107303, sleeping for 0.005683407187461853 seconds
Request model_2#368 arrives at 1605438.564038293, sleeping for 0.10016797948628664 seconds
Request model_5#739 arrives at 1605438.665178943, sleeping for 0.0006950588431209326 seconds
Request model_5#740 arrives at 1605438.666850977, sleeping for 0.014829280786216259 seconds
Request model_2#369 arrives at 1605438.682494697, sleeping for 0.15083851059898734 seconds
Request model_2#370 arrives at 1605438.833766044, sleeping for 0.08221658039838076 seconds
Request model_1#205 arrives at 1605438.916995546, sleeping for 0.04110303265042603 seconds
Request model_4#285 arrives at 1605438.958779573, sleeping for 0.08402248751372099 seconds
Request model_2#371 arrives at 1605439.043770749, sleeping for 0.005049865925684571 seconds
Request model_4#286 arrives at 1605439.049424846, sleeping for 0.07472619926556945 seconds
Request model_2#372 arrives at 1605439.125339186, sleeping for 0.05990789574570954 seconds
Request model_6#408 arrives at 1605439.18602107, sleeping for 0.09023863286711276 seconds
Request model_6#409 arrives at 1605439.277103467, sleeping for 0.0046544072683900595 seconds
Request model_5#741 arrives at 1605439.28226858, sleeping for 0.03220435976982117 seconds
Request model_3#594 arrives at 1605439.315138633, sleeping for 0.049295813078060746 seconds
Request model_4#287 arrives at 1605439.365040257, sleeping for 0.08411118783988059 seconds
Request model_6#410 arrives at 1605439.449865942, sleeping for 0.01026027649641037 seconds
Request model_2#373 arrives at 1605439.460775493, sleeping for 0.00465722382068634 seconds
Request model_5#742 arrives at 1605439.46648941, sleeping for 0.056700470857322216 seconds
Request model_1#206 arrives at 1605439.523523194, sleeping for 0.06312918965704739 seconds
Request model_5#743 arrives at 1605439.587238813, sleeping for 0.0023453731555491686 seconds
Request model_5#744 arrives at 1605439.589904526, sleeping for 0.031025066738948226 seconds
Request model_6#411 arrives at 1605439.621553989, sleeping for 0.026453973725438118 seconds
Request model_1#207 arrives at 1605439.649981855, sleeping for 0.006731922505423427 seconds
Request model_2#374 arrives at 1605439.657653809, sleeping for 0.0891002535354346 seconds
Request model_2#375 arrives at 1605439.747360274, sleeping for 0.0009205569513142109 seconds
Request model_1#208 arrives at 1605439.749216259, sleeping for 0.08980499720200896 seconds
Request model_5#745 arrives at 1605439.839436369, sleeping for 0.025777276838198304 seconds
Request model_3#595 arrives at 1605439.86724407, sleeping for 0.05980344139970839 seconds
Request model_5#746 arrives at 1605439.927357669, sleeping for 0.013560861349105835 seconds
Request model_2#376 arrives at 1605439.942065962, sleeping for 0.04482524609193206 seconds
Request model_5#747 arrives at 1605439.987535469, sleeping for 0.0809565489180386 seconds
Request model_1#209 arrives at 1605440.069237568, sleeping for 0.041138382628560066 seconds
Request model_5#748 arrives at 1605440.111055296, sleeping for 0.0004562227986752987 seconds
Request model_5#749 arrives at 1605440.111954253, sleeping for 0.016639105277135968 seconds
Request model_3#596 arrives at 1605440.128851824, sleeping for 0.03763900860212743 seconds
Request model_4#288 arrives at 1605440.16692937, sleeping for 0.1478616907261312 seconds
Request model_3#597 arrives at 1605440.315391983, sleeping for 0.07259498746134341 seconds
Request model_5#750 arrives at 1605440.389808701, sleeping for 0.038731928216293454 seconds
Request model_1#210 arrives at 1605440.429270409, sleeping for 0.011529921786859632 seconds
Request model_2#377 arrives at 1605440.442107836, sleeping for 0.004574002465233207 seconds
Request model_1#211 arrives at 1605440.447252319, sleeping for 0.03217723616398871 seconds
Request model_5#751 arrives at 1605440.480193732, sleeping for 0.006980428704991937 seconds
Request model_6#412 arrives at 1605440.487629864, sleeping for 0.015310725895687938 seconds
Request model_6#413 arrives at 1605440.503755958, sleeping for 0.16134276264347136 seconds
Request model_6#414 arrives at 1605440.666102907, sleeping for 0.004983983235433698 seconds
Request model_1#212 arrives at 1605440.67132135, sleeping for 0.10487995622679591 seconds
Request model_5#752 arrives at 1605440.776509184, sleeping for 0.10218697693198919 seconds
Request model_5#753 arrives at 1605440.879840432, sleeping for 0.023133330745622516 seconds
Request model_2#378 arrives at 1605440.903536919, sleeping for 0.12029762496240437 seconds
Request model_2#379 arrives at 1605441.024992098, sleeping for 0.014705023262649775 seconds
Request model_5#754 arrives at 1605441.040330226, sleeping for 0.015651302644982934 seconds
Request model_4#289 arrives at 1605441.056369859, sleeping for 0.007142627844586968 seconds
Request model_4#290 arrives at 1605441.064337525, sleeping for 0.00025417166762053967 seconds
Request model_3#598 arrives at 1605441.065118352, sleeping for 0.024548303801566362 seconds
Request model_2#380 arrives at 1605441.090342951, sleeping for 0.009155352134257555 seconds
Request model_3#599 arrives at 1605441.100602947, sleeping for 0.03404946392402053 seconds
Request model_3#600 arrives at 1605441.135587097, sleeping for 0.10441742138937116 seconds
Request model_3#601 arrives at 1605441.24183502, sleeping for 0.06517098261974752 seconds
Request model_3#602 arrives at 1605441.307638556, sleeping for 0.015041778329759836 seconds
Request model_3#603 arrives at 1605441.323619159, sleeping for 0.029815886868163943 seconds
Request model_6#415 arrives at 1605441.354554386, sleeping for 0.02464943821541965 seconds
Request model_2#381 arrives at 1605441.380099818, sleeping for 0.031249962048605084 seconds
Request model_1#213 arrives at 1605441.412342206, sleeping for 0.006978590274229646 seconds
Request model_5#755 arrives at 1605441.42007294, sleeping for 0.027372288750484586 seconds
Request model_6#416 arrives at 1605441.447826431, sleeping for 0.004928857088088989 seconds
Request model_5#756 arrives at 1605441.4536797, sleeping for 0.020640554139390588 seconds
Request model_1#214 arrives at 1605441.474984157, sleeping for 0.05383924255147576 seconds
Request model_5#757 arrives at 1605441.529705251, sleeping for 0.11183808278292418 seconds
Request model_4#291 arrives at 1605441.64273139, sleeping for 0.03247599513269961 seconds
Request model_5#758 arrives at 1605441.676190288, sleeping for 0.03502750606276095 seconds
Request model_2#382 arrives at 1605441.712212227, sleeping for 0.002660723403096199 seconds
Request model_5#759 arrives at 1605441.71500767, sleeping for 0.03019122243858874 seconds
Request model_5#760 arrives at 1605441.745875357, sleeping for 0.024099049856886268 seconds
Request model_6#417 arrives at 1605441.770760904, sleeping for 0.07670261058956385 seconds
Request model_4#292 arrives at 1605441.848650061, sleeping for 0.07767554186284542 seconds
Request model_5#761 arrives at 1605441.926655119, sleeping for 0.046670905547216535 seconds
Request model_5#762 arrives at 1605441.974432685, sleeping for 0.057925133500248194 seconds
Request model_3#604 arrives at 1605442.034310753, sleeping for 0.011429695645347238 seconds
Request model_3#605 arrives at 1605442.04598014, sleeping for 0.02074173605069518 seconds
Request model_2#383 arrives at 1605442.067243296, sleeping for 0.0931683739181608 seconds
Request model_6#418 arrives at 1605442.162548778, sleeping for 0.035465576220303774 seconds
Request model_3#606 arrives at 1605442.19889645, sleeping for 0.00032540480606257915 seconds
Request model_3#607 arrives at 1605442.199826358, sleeping for 0.015156706562265754 seconds
Request model_3#608 arrives at 1605442.216013902, sleeping for 0.00036506750620901585 seconds
Request model_3#609 arrives at 1605442.217546515, sleeping for 0.0305952038615942 seconds
Request model_6#419 arrives at 1605442.249047076, sleeping for 0.06445852061733603 seconds
Request model_3#610 arrives at 1605442.314266918, sleeping for 0.008422817336395383 seconds
Request model_4#293 arrives at 1605442.323501885, sleeping for 0.018140550004318357 seconds
Request model_5#763 arrives at 1605442.343635502, sleeping for 0.0742499204352498 seconds
Request model_3#611 arrives at 1605442.418910708, sleeping for 0.08190304273739457 seconds
Request model_5#764 arrives at 1605442.502774094, sleeping for 0.07513946341350675 seconds
Request model_3#612 arrives at 1605442.579955315, sleeping for 0.02687830082140863 seconds
Request model_2#384 arrives at 1605442.60819401, sleeping for 0.1518183413427323 seconds
Request model_4#294 arrives at 1605442.761021549, sleeping for 0.02282995474524796 seconds
Request model_3#613 arrives at 1605442.784250172, sleeping for 0.0932205319404602 seconds
Request model_6#420 arrives at 1605442.879654775, sleeping for 0.06305984314531088 seconds
Request model_3#614 arrives at 1605442.943162302, sleeping for 0.014415528625249863 seconds
Request model_6#421 arrives at 1605442.958467439, sleeping for 0.005066602490842342 seconds
Request model_1#215 arrives at 1605442.96465481, sleeping for 0.00017629936337471008 seconds
Request model_1#216 arrives at 1605442.966848798, sleeping for 0.008775414666160941 seconds
Request model_1#217 arrives at 1605442.976404168, sleeping for 0.11196379596367478 seconds
Request model_1#218 arrives at 1605443.090342355, sleeping for 0.017935239244252443 seconds
Request model_2#385 arrives at 1605443.108621136, sleeping for 0.04072764958254993 seconds
Request model_4#295 arrives at 1605443.15000794, sleeping for 0.01705996785312891 seconds
Request model_2#386 arrives at 1605443.167899978, sleeping for 0.07232564454898238 seconds
Request model_3#615 arrives at 1605443.241186007, sleeping for 0.08623570902273059 seconds
Request model_4#296 arrives at 1605443.32814756, sleeping for 0.007921375799924135 seconds
Request model_3#616 arrives at 1605443.337198655, sleeping for 0.04669703030958772 seconds
Request model_2#387 arrives at 1605443.384878601, sleeping for 0.1537092630751431 seconds
Request model_6#422 arrives at 1605443.539461714, sleeping for 0.03854971448890865 seconds
Request model_4#297 arrives at 1605443.57859992, sleeping for 0.2031065607443452 seconds
Request model_5#765 arrives at 1605443.782575204, sleeping for 0.060376719338819385 seconds
Request model_2#388 arrives at 1605443.843303688, sleeping for 0.028398930095136166 seconds
Request model_1#219 arrives at 1605443.872547891, sleeping for 0.0524182019289583 seconds
Request model_5#766 arrives at 1605443.925324939, sleeping for 0.010764670325443149 seconds
Request model_5#767 arrives at 1605443.936994746, sleeping for 0.02051469497382641 seconds
Request model_5#768 arrives at 1605443.958655856, sleeping for 0.00623410614207387 seconds
Request model_4#298 arrives at 1605443.965326942, sleeping for 0.0349654711317271 seconds
Request model_5#769 arrives at 1605444.002013306, sleeping for 0.14321497548371553 seconds
Request model_4#299 arrives at 1605444.14579116, sleeping for 0.07667960785329342 seconds
Request model_5#770 arrives at 1605444.223501406, sleeping for 0.01288281218148768 seconds
Request model_3#617 arrives at 1605444.23837082, sleeping for 0.07834843266755342 seconds
Request model_1#220 arrives at 1605444.317370125, sleeping for 0.008663877379149199 seconds
Request model_3#618 arrives at 1605444.328059864, sleeping for 0.016651013167575 seconds
Request model_5#771 arrives at 1605444.345742301, sleeping for 0.16255085868760943 seconds
Request model_2#389 arrives at 1605444.509047137, sleeping for 0.0579982022754848 seconds
Request model_5#772 arrives at 1605444.56723698, sleeping for 0.05166350142098963 seconds
Request model_5#773 arrives at 1605444.619769517, sleeping for 0.22239548154175282 seconds
Request model_6#423 arrives at 1605444.843068721, sleeping for 0.024453776190057397 seconds
Request model_5#774 arrives at 1605444.868632524, sleeping for 0.11537095275707543 seconds
Request model_5#775 arrives at 1605444.984443875, sleeping for 0.10005427291616797 seconds
Request model_2#390 arrives at 1605445.085581275, sleeping for 0.0033851596526801586 seconds
Request model_6#424 arrives at 1605445.089599239, sleeping for 0.03000203683041036 seconds
Request model_5#776 arrives at 1605445.120403455, sleeping for 0.002276389626786113 seconds
Request model_5#777 arrives at 1605445.12346371, sleeping for 0.11323581845499575 seconds
Request model_5#778 arrives at 1605445.237064093, sleeping for 0.009181654546409845 seconds
Request model_1#221 arrives at 1605445.247989164, sleeping for 0.000874754274263978 seconds
Request model_5#779 arrives at 1605445.249695068, sleeping for 0.04672606638632715 seconds
Request model_5#780 arrives at 1605445.297362134, sleeping for 0.030824088724330068 seconds
Request model_3#619 arrives at 1605445.328710564, sleeping for 0.022521431790664792 seconds
Request model_6#425 arrives at 1605445.352140819, sleeping for 0.0010388819500803947 seconds
Request model_2#391 arrives at 1605445.353811183, sleeping for 0.01988033135421574 seconds
Request model_5#781 arrives at 1605445.374459314, sleeping for 0.01917387847788632 seconds
Request model_6#426 arrives at 1605445.394232198, sleeping for 0.04470232338644564 seconds
Request model_5#782 arrives at 1605445.439590035, sleeping for 0.00031792675144970417 seconds
Request model_3#620 arrives at 1605445.440125309, sleeping for 0.008653117809444666 seconds
Request model_5#783 arrives at 1605445.450786298, sleeping for 0.01890470157377422 seconds
Request model_6#427 arrives at 1605445.470435471, sleeping for 0.044181163888424635 seconds
Request model_3#621 arrives at 1605445.515103702, sleeping for 0.05527507793158293 seconds
Request model_3#622 arrives at 1605445.57152716, sleeping for 0.04965508286841214 seconds
Request model_6#428 arrives at 1605445.622233152, sleeping for 0.04958363622426987 seconds
Request model_2#392 arrives at 1605445.672916903, sleeping for 0.07714316272176802 seconds
Request model_3#623 arrives at 1605445.750631088, sleeping for 0.05174849764443934 seconds
Request model_5#784 arrives at 1605445.803118904, sleeping for 0.020295071648433805 seconds
Request model_2#393 arrives at 1605445.82431054, sleeping for 0.046225394355133176 seconds
Request model_3#624 arrives at 1605445.871000127, sleeping for 0.03320520790293813 seconds
Request model_6#429 arrives at 1605445.904679997, sleeping for 0.08786468137986958 seconds
Request model_6#430 arrives at 1605445.993322613, sleeping for 0.022968327160924673 seconds
Request model_2#394 arrives at 1605446.017327983, sleeping for 0.053156547248363495 seconds
Request model_4#300 arrives at 1605446.07115747, sleeping for 0.009817196521908045 seconds
Request model_5#785 arrives at 1605446.081506226, sleeping for 0.0005474165081977844 seconds
Request model_1#222 arrives at 1605446.08318063, sleeping for 0.11698667355813086 seconds
Request model_3#625 arrives at 1605446.202109737, sleeping for 0.0029707003850489855 seconds
Request model_3#626 arrives at 1605446.205982369, sleeping for 0.04533739574253559 seconds
Request model_2#395 arrives at 1605446.252239993, sleeping for 0.013983265962451696 seconds
Request model_6#431 arrives at 1605446.267042066, sleeping for 0.014891528058797121 seconds
Request model_4#301 arrives at 1605446.282760907, sleeping for 0.05929244006983936 seconds
Request model_3#627 arrives at 1605446.343467781, sleeping for 0.2260626032948494 seconds
Request model_1#223 arrives at 1605446.570619267, sleeping for 0.023957169149070978 seconds
Request model_2#396 arrives at 1605446.595342642, sleeping for 0.10219821659848094 seconds
Request model_6#432 arrives at 1605446.69865329, sleeping for 0.0002233702689409256 seconds
Request model_5#786 arrives at 1605446.699077573, sleeping for 0.0017552259378135204 seconds
Request model_3#628 arrives at 1605446.701848906, sleeping for 0.027933414559811354 seconds
Request model_3#629 arrives at 1605446.730533115, sleeping for 0.0740287178196013 seconds
Request model_5#787 arrives at 1605446.805680459, sleeping for 0.0481439137365669 seconds
Request model_5#788 arrives at 1605446.854323013, sleeping for 0.02031555795110762 seconds
Request model_5#789 arrives at 1605446.875003645, sleeping for 0 seconds
Request model_6#433 arrives at 1605446.875325567, sleeping for 0.005476003745570779 seconds
Request model_1#224 arrives at 1605446.881166416, sleeping for 0.08091940591111779 seconds
Request model_2#397 arrives at 1605446.963080776, sleeping for 0.0441802425775677 seconds
Request model_2#398 arrives at 1605447.007776027, sleeping for 0.0632398382294923 seconds
Request model_4#302 arrives at 1605447.071671157, sleeping for 0.04395462176762521 seconds
Request model_6#434 arrives at 1605447.116015666, sleeping for 0.01778067951090634 seconds
Request model_5#790 arrives at 1605447.133977384, sleeping for 0.08024932048283517 seconds
Request model_3#630 arrives at 1605447.214866777, sleeping for 0.06221490353345871 seconds
Request model_2#399 arrives at 1605447.277807749, sleeping for 0.0761671788059175 seconds
Request model_6#435 arrives at 1605447.354498285, sleeping for 0.025896924547851086 seconds
Request model_4#303 arrives at 1605447.380588692, sleeping for 0.16319767385721207 seconds
Request model_3#631 arrives at 1605447.545484861, sleeping for 0.02932327683083713 seconds
Request model_3#632 arrives at 1605447.575149508, sleeping for 0.018413814716041088 seconds
Request model_3#633 arrives at 1605447.594869971, sleeping for 0.03224214329384267 seconds
Request model_1#225 arrives at 1605447.627536483, sleeping for 0.07433920819312334 seconds
Request model_3#634 arrives at 1605447.702908188, sleeping for 0.003777413396164775 seconds
Request model_6#436 arrives at 1605447.706893412, sleeping for 0.03416840988211334 seconds
Request model_4#304 arrives at 1605447.743149392, sleeping for 0.06572984275408089 seconds
Request model_5#791 arrives at 1605447.809232181, sleeping for 0.037052401108667254 seconds
Request model_4#305 arrives at 1605447.847488979, sleeping for 0.08271531551145017 seconds
Request model_3#635 arrives at 1605447.930967522, sleeping for 0.0271100711543113 seconds
Request model_5#792 arrives at 1605447.959166396, sleeping for 0.17725235363468528 seconds
Request model_3#636 arrives at 1605448.13672487, sleeping for 0.017277732025831938 seconds
Request model_6#437 arrives at 1605448.15473604, sleeping for 0.0604667398147285 seconds
Request model_5#793 arrives at 1605448.216748055, sleeping for 0.01762770302593708 seconds
Request model_2#400 arrives at 1605448.234600872, sleeping for 0.019501434406265616 seconds
Request model_2#401 arrives at 1605448.254447727, sleeping for 0.02729682414792478 seconds
Request model_1#226 arrives at 1605448.282817863, sleeping for 0.10167225589975715 seconds
Request model_5#794 arrives at 1605448.38601052, sleeping for 0.0025945415254682302 seconds
Request model_2#402 arrives at 1605448.38965215, sleeping for 0.037824839586392045 seconds
Request model_6#438 arrives at 1605448.428578373, sleeping for 0.13073110207915306 seconds
Request model_2#403 arrives at 1605448.561011313, sleeping for 0.0011975623201578856 seconds
Request model_1#227 arrives at 1605448.563355912, sleeping for 0.014785301173105836 seconds
Request model_5#795 arrives at 1605448.579178474, sleeping for 0.04975526640191674 seconds
Request model_3#637 arrives at 1605448.62936122, sleeping for 0.024617046350613236 seconds
Request model_5#796 arrives at 1605448.654712371, sleeping for 0 seconds
Request model_5#797 arrives at 1605448.655466847, sleeping for 0.035733973840251565 seconds
Request model_5#798 arrives at 1605448.692851567, sleeping for 0.008379547158256173 seconds
Request model_5#799 arrives at 1605448.702024263, sleeping for 0.0017018620856106281 seconds
Request model_5#800 arrives at 1605448.703985859, sleeping for 0.15915991738438606 seconds
Request model_5#801 arrives at 1605448.864063338, sleeping for 0.19269896065816283 seconds
Request model_2#404 arrives at 1605449.057471254, sleeping for 0.005666842218488455 seconds
Request model_5#802 arrives at 1605449.063789616, sleeping for 0.06041099922731519 seconds
Request model_2#405 arrives at 1605449.124693463, sleeping for 0.092868976527825 seconds
Request model_6#439 arrives at 1605449.218227918, sleeping for 0.10628794808872044 seconds
Request model_6#440 arrives at 1605449.324825554, sleeping for 0.05078516365028918 seconds
Request model_5#803 arrives at 1605449.376586974, sleeping for 0.03683462692424655 seconds
Request model_4#306 arrives at 1605449.413909403, sleeping for 0.11231027124449611 seconds
Request model_2#406 arrives at 1605449.526943852, sleeping for 0.0023572954814881086 seconds
Request model_5#804 arrives at 1605449.529672754, sleeping for 0.08029205561615527 seconds
Request model_5#805 arrives at 1605449.610505195, sleeping for 0.02525055455043912 seconds
Request model_3#638 arrives at 1605449.636495151, sleeping for 0.1428191321901977 seconds
Request model_6#441 arrives at 1605449.780423846, sleeping for 0.023506561294198036 seconds
Request model_3#639 arrives at 1605449.80506449, sleeping for 0.035389150492846966 seconds
Request model_6#442 arrives at 1605449.84122012, sleeping for 0.1966678702738136 seconds
Request model_5#806 arrives at 1605450.038471358, sleeping for 0.011804514098912477 seconds
Request model_5#807 arrives at 1605450.050478977, sleeping for 0.0775161909405142 seconds
Request model_5#808 arrives at 1605450.128733127, sleeping for 0.06545137520879507 seconds
Request model_2#407 arrives at 1605450.194766455, sleeping for 0.019203527132049203 seconds
Request model_5#809 arrives at 1605450.215022873, sleeping for 0.001457924023270607 seconds
Request model_3#640 arrives at 1605450.217157431, sleeping for 0.004069345071911812 seconds
Request model_5#810 arrives at 1605450.221940931, sleeping for 0.29453565808944404 seconds
Request model_5#811 arrives at 1605450.517192481, sleeping for 0.024209956638514996 seconds
Request model_2#408 arrives at 1605450.541813556, sleeping for 0.14440326718613505 seconds
Request model_3#641 arrives at 1605450.687159412, sleeping for 0.05855563026852906 seconds
Request model_3#642 arrives at 1605450.746322533, sleeping for 0.11533254361711442 seconds
Request model_3#643 arrives at 1605450.862349257, sleeping for 0.04252481902949512 seconds
Request model_4#307 arrives at 1605450.905032321, sleeping for 0.022527602966874838 seconds
Request model_5#812 arrives at 1605450.928713648, sleeping for 0.05219175387173891 seconds
Request model_6#443 arrives at 1605450.98201968, sleeping for 0.013029026100412011 seconds
Request model_3#644 arrives at 1605450.996872213, sleeping for 0.038383828708902 seconds
Request model_2#409 arrives at 1605451.036380361, sleeping for 0 seconds
Request model_2#410 arrives at 1605451.036756364, sleeping for 0.022868850268423557 seconds
Request model_2#411 arrives at 1605451.060636552, sleeping for 0.04775438643991947 seconds
Request model_4#308 arrives at 1605451.109470828, sleeping for 0.020558080868795514 seconds
Request model_3#645 arrives at 1605451.130407852, sleeping for 0.11856886581517756 seconds
Request model_3#646 arrives at 1605451.249826533, sleeping for 0.17653014417737722 seconds
Request model_5#813 arrives at 1605451.427154915, sleeping for 0.028386457823216915 seconds
Request model_2#412 arrives at 1605451.456074804, sleeping for 0.08693767548538744 seconds
Request model_5#814 arrives at 1605451.543364929, sleeping for 0.11811296246014535 seconds
Request model_4#309 arrives at 1605451.663451166, sleeping for 0.019237434957176447 seconds
Request model_6#444 arrives at 1605451.682875407, sleeping for 0.04115929058752954 seconds
Request model_5#815 arrives at 1605451.724586263, sleeping for 0.0031664285343140364 seconds
Request model_3#647 arrives at 1605451.728638787, sleeping for 0.05434412485919893 seconds
Request model_5#816 arrives at 1605451.783337891, sleeping for 0.07133885659277439 seconds
Request model_4#310 arrives at 1605451.855135827, sleeping for 0.14587332122027874 seconds
Request model_5#817 arrives at 1605452.002112076, sleeping for 0.035726508125662804 seconds
Request model_5#818 arrives at 1605452.039659878, sleeping for 0.012082532746717334 seconds
Request model_5#819 arrives at 1605452.052355584, sleeping for 0.02187352837063372 seconds
Request model_3#648 arrives at 1605452.075283994, sleeping for 0.012588049052283168 seconds
Request model_2#413 arrives at 1605452.089972596, sleeping for 0.00597212347202003 seconds
Request model_6#445 arrives at 1605452.096650251, sleeping for 0.006069693015888333 seconds
Request model_5#820 arrives at 1605452.103320967, sleeping for 0.024217276368290186 seconds
Request model_6#446 arrives at 1605452.128247544, sleeping for 0.004250342026352882 seconds
Request model_5#821 arrives at 1605452.132928723, sleeping for 0.01796697615645826 seconds
Request model_4#311 arrives at 1605452.152610196, sleeping for 0.015427776612341404 seconds
Request model_3#649 arrives at 1605452.168600308, sleeping for 0.05343712191097438 seconds
Request model_2#414 arrives at 1605452.222791858, sleeping for 0.033457706682384014 seconds
Request model_5#822 arrives at 1605452.25667378, sleeping for 0.06643702834844589 seconds
Request model_4#312 arrives at 1605452.323628725, sleeping for 0.042774150148034096 seconds
Request model_6#447 arrives at 1605452.367503839, sleeping for 0.004310954827815294 seconds
Request model_2#415 arrives at 1605452.37240769, sleeping for 0.024043424520641565 seconds
Request model_5#823 arrives at 1605452.397144065, sleeping for 0.04428376234136522 seconds
Request model_1#228 arrives at 1605452.442018878, sleeping for 0.019737481605261564 seconds
Request model_3#650 arrives at 1605452.461947123, sleeping for 0.031224663369357586 seconds
Request model_3#651 arrives at 1605452.493835658, sleeping for 0.030344827566295862 seconds
Request model_6#448 arrives at 1605452.525036586, sleeping for 0.04123318498022854 seconds
Request model_3#652 arrives at 1605452.566558781, sleeping for 0.03650818555615842 seconds
Request model_3#653 arrives at 1605452.603313146, sleeping for 0.10977245937101543 seconds
Request model_3#654 arrives at 1605452.713854634, sleeping for 0.015161608112975955 seconds
Request model_5#824 arrives at 1605452.729771065, sleeping for 0.1612414305564016 seconds
Request model_2#416 arrives at 1605452.89169642, sleeping for 0.0627710863482207 seconds
Request model_3#655 arrives at 1605452.95561425, sleeping for 0.04523631255142391 seconds
Request model_5#825 arrives at 1605453.001887534, sleeping for 0.002033981028944254 seconds
Request model_2#417 arrives at 1605453.004212093, sleeping for 0.03539966535754502 seconds
Request model_3#656 arrives at 1605453.040190932, sleeping for 0.002331663155928254 seconds
Request model_5#826 arrives at 1605453.043459349, sleeping for 0.03130009397864342 seconds
Request model_5#827 arrives at 1605453.075265533, sleeping for 0.006717755226418376 seconds
Request model_6#449 arrives at 1605453.082993927, sleeping for 0.0693988895509392 seconds
Request model_4#313 arrives at 1605453.153115439, sleeping for 0.14966945489868522 seconds
Request model_3#657 arrives at 1605453.3038512, sleeping for 0.026914206333458424 seconds
Request model_5#828 arrives at 1605453.332225576, sleeping for 0.18765815976075828 seconds
Request model_2#418 arrives at 1605453.520566989, sleeping for 0.03933799848891795 seconds
Request model_3#658 arrives at 1605453.560682451, sleeping for 0.006845958065241575 seconds
Request model_3#659 arrives at 1605453.567882311, sleeping for 0.18352251267060637 seconds
Request model_5#829 arrives at 1605453.751860248, sleeping for 0.060010017128661275 seconds
Request model_3#660 arrives at 1605453.813128546, sleeping for 0.06465455354191363 seconds
Request model_4#314 arrives at 1605453.878879122, sleeping for 0.03633262403309345 seconds
Request model_5#830 arrives at 1605453.916549804, sleeping for 0.07320102211087942 seconds
Request model_5#831 arrives at 1605453.990262576, sleeping for 0.016476761549711227 seconds
Request model_5#832 arrives at 1605454.007218077, sleeping for 0.01688560820184648 seconds
Request model_3#661 arrives at 1605454.025196176, sleeping for 0.03410583850927651 seconds
Request model_5#833 arrives at 1605454.060262207, sleeping for 0.05297010252252221 seconds
Request model_6#450 arrives at 1605454.113840632, sleeping for 0.0040611522272229195 seconds
Request model_2#419 arrives at 1605454.119067395, sleeping for 0.018898540176451206 seconds
Request model_6#451 arrives at 1605454.139295393, sleeping for 0.030190707184374332 seconds
Request model_5#834 arrives at 1605454.170532442, sleeping for 0.009485637303441763 seconds
Request model_1#229 arrives at 1605454.181693244, sleeping for 0.03261726931668818 seconds
Request model_2#420 arrives at 1605454.215631976, sleeping for 0.05777530279010534 seconds
Request model_5#835 arrives at 1605454.274704387, sleeping for 0.01468111528083682 seconds
Request model_2#421 arrives at 1605454.289624771, sleeping for 0.017620655708014965 seconds
Request model_5#836 arrives at 1605454.309361214, sleeping for 0.10341615532524884 seconds
Request model_2#422 arrives at 1605454.41375264, sleeping for 0.031313844257965684 seconds
Request model_6#452 arrives at 1605454.446560753, sleeping for 0.02976311487145722 seconds
Request model_5#837 arrives at 1605454.477253327, sleeping for 0.021372640505433083 seconds
Request model_4#315 arrives at 1605454.499420371, sleeping for 0.31169154052622616 seconds
Request model_2#423 arrives at 1605454.812349568, sleeping for 0.04516038508154452 seconds
Request model_6#453 arrives at 1605454.858159908, sleeping for 0.09315694286487997 seconds
Request model_1#230 arrives at 1605454.952129818, sleeping for 0.0789725286886096 seconds
Request model_3#662 arrives at 1605455.032102321, sleeping for 0.019682441605255008 seconds
Request model_2#424 arrives at 1605455.051986706, sleeping for 0.02193222171626985 seconds
Request model_6#454 arrives at 1605455.074827636, sleeping for 0.020044221077114344 seconds
Request model_3#663 arrives at 1605455.095707679, sleeping for 0.0389352822676301 seconds
Request model_3#664 arrives at 1605455.135718451, sleeping for 0.018612836254760623 seconds
Request model_5#838 arrives at 1605455.155544845, sleeping for 0.0446095981169492 seconds
Request model_5#839 arrives at 1605455.200361437, sleeping for 0.013182914583012462 seconds
Request model_4#316 arrives at 1605455.215342462, sleeping for 0.011640990385785699 seconds
Request model_1#231 arrives at 1605455.227538733, sleeping for 0.011206008959561586 seconds
Request model_1#232 arrives at 1605455.239766675, sleeping for 0.01291683572344482 seconds
Request model_3#665 arrives at 1605455.252967604, sleeping for 0.02301294426433742 seconds
Request model_2#425 arrives at 1605455.276730351, sleeping for 0.008037520805373788 seconds
Request model_3#666 arrives at 1605455.285630685, sleeping for 0.07646162831224501 seconds
Request model_2#426 arrives at 1605455.362491042, sleeping for 0.07986697927117348 seconds
Request model_1#233 arrives at 1605455.442822009, sleeping for 0.008413991425186396 seconds
Request model_6#455 arrives at 1605455.451950885, sleeping for 0.07716969912871718 seconds
Request model_2#427 arrives at 1605455.530026703, sleeping for 0.19907754566520452 seconds
Request model_1#234 arrives at 1605455.729393157, sleeping for 0.0035408865660429 seconds
Request model_2#428 arrives at 1605455.734064055, sleeping for 0.02648643869906664 seconds
Request model_5#840 arrives at 1605455.761792376, sleeping for 0.03939199657179415 seconds
Request model_5#841 arrives at 1605455.801554406, sleeping for 0.10274021839722991 seconds
Request model_5#842 arrives at 1605455.904795812, sleeping for 0.041546657448634505 seconds
Request model_1#235 arrives at 1605455.947157493, sleeping for 0.017725622979924083 seconds
Request model_6#456 arrives at 1605455.965140723, sleeping for 0.008028662297874689 seconds
Request model_4#317 arrives at 1605455.973978306, sleeping for 0.01008022134192288 seconds
Request model_1#236 arrives at 1605455.984615164, sleeping for 0.019188149133697152 seconds
Request model_3#667 arrives at 1605456.004277337, sleeping for 0.01664875168353319 seconds
Request model_4#318 arrives at 1605456.021255168, sleeping for 0.002165581565350294 seconds
Request model_5#843 arrives at 1605456.02381874, sleeping for 0.014360323082655668 seconds
Request model_6#457 arrives at 1605456.03838229, sleeping for 0.03174360189586878 seconds
Request model_1#237 arrives at 1605456.071192723, sleeping for 0.01131047261878848 seconds
Request model_3#668 arrives at 1605456.083020511, sleeping for 0.10663987882435322 seconds
Request model_3#669 arrives at 1605456.190889646, sleeping for 0.03288404690101743 seconds
Request model_3#670 arrives at 1605456.224767527, sleeping for 0.029891602229326963 seconds
Request model_3#671 arrives at 1605456.255009088, sleeping for 0.14189378754235804 seconds
Request model_2#429 arrives at 1605456.398061144, sleeping for 0.045265426160767674 seconds
Request model_6#458 arrives at 1605456.443556452, sleeping for 0.044033336685970426 seconds
Request model_4#319 arrives at 1605456.488674877, sleeping for 0 seconds
Request model_6#459 arrives at 1605456.489349832, sleeping for 0.013448363402858377 seconds
Request model_5#844 arrives at 1605456.503676391, sleeping for 0.012032796861603856 seconds
Request model_2#430 arrives at 1605456.51682103, sleeping for 0.060732139041647315 seconds
Request model_5#845 arrives at 1605456.578071688, sleeping for 0.010829536942765117 seconds
Request model_3#672 arrives at 1605456.589443372, sleeping for 0.07496958086267114 seconds
Request model_1#238 arrives at 1605456.665658445, sleeping for 0.03305024607107043 seconds
Request model_2#431 arrives at 1605456.699372984, sleeping for 0.04103942192159593 seconds
Request model_5#846 arrives at 1605456.740786268, sleeping for 0.023509908700361848 seconds
Request model_2#432 arrives at 1605456.765273571, sleeping for 0.014591766288504004 seconds
Request model_4#320 arrives at 1605456.780540668, sleeping for 0.014863670570775867 seconds
Request model_3#673 arrives at 1605456.79656823, sleeping for 0.0077267722226679325 seconds
Request model_5#847 arrives at 1605456.804615137, sleeping for 0.039040199713781476 seconds
Request model_6#460 arrives at 1605456.844899231, sleeping for 0.13926325435750186 seconds
Request model_5#848 arrives at 1605456.985981502, sleeping for 0.0015628028195351362 seconds
Request model_3#674 arrives at 1605456.98806519, sleeping for 0.018035232787951827 seconds
Request model_4#321 arrives at 1605457.007079287, sleeping for 0.035295291570946574 seconds
Request model_4#322 arrives at 1605457.043075546, sleeping for 0.20075889909639955 seconds
Request model_6#461 arrives at 1605457.244525717, sleeping for 0.07971725799143314 seconds
Request model_5#849 arrives at 1605457.325015215, sleeping for 0.02442395663820207 seconds
Request model_1#239 arrives at 1605457.350337565, sleeping for 0.06588498526252806 seconds
Request model_6#462 arrives at 1605457.416849057, sleeping for 0.007585348794236779 seconds
Request model_3#675 arrives at 1605457.424962344, sleeping for 0.007285775151103735 seconds
Request model_2#433 arrives at 1605457.432763128, sleeping for 0.09746878477744758 seconds
Request model_3#676 arrives at 1605457.53058849, sleeping for 0.01950421300716698 seconds
Request model_1#240 arrives at 1605457.550831408, sleeping for 0.020055285189300776 seconds
Request model_6#463 arrives at 1605457.571773692, sleeping for 0.021840716479346156 seconds
Request model_5#850 arrives at 1605457.594616981, sleeping for 0.03897120524197817 seconds
Request model_4#323 arrives at 1605457.634500532, sleeping for 0.05648863269016147 seconds
Request model_6#464 arrives at 1605457.691850028, sleeping for 0.010275640059262514 seconds
Request model_2#434 arrives at 1605457.703909068, sleeping for 0.03912416542880237 seconds
Request model_6#465 arrives at 1605457.743576607, sleeping for 0.11450937599875033 seconds
Request model_5#851 arrives at 1605457.858983074, sleeping for 0.04277943377383053 seconds
Request model_1#241 arrives at 1605457.902622496, sleeping for 0.028979973634704947 seconds
Request model_5#852 arrives at 1605457.932121651, sleeping for 0.07144527160562575 seconds
Request model_5#853 arrives at 1605458.004578572, sleeping for 0.027741970727220178 seconds
Request model_6#466 arrives at 1605458.032878067, sleeping for 0.03852619114331901 seconds
Request model_6#467 arrives at 1605458.071652899, sleeping for 0.03998743649572134 seconds
Request model_2#435 arrives at 1605458.112600108, sleeping for 0.005563915241509676 seconds
Request model_3#677 arrives at 1605458.118690319, sleeping for 0.12034521414898336 seconds
Request model_5#854 arrives at 1605458.239797313, sleeping for 0.005763678811490536 seconds
Request model_5#855 arrives at 1605458.245868724, sleeping for 0.04414479900151491 seconds
Request model_3#678 arrives at 1605458.290805357, sleeping for 0.008876494830474257 seconds
Request model_5#856 arrives at 1605458.300295625, sleeping for 0.08266567415557802 seconds
Request model_2#436 arrives at 1605458.383448355, sleeping for 0.035138572100549936 seconds
Request model_5#857 arrives at 1605458.419080731, sleeping for 0.06223910395056009 seconds
Request model_2#437 arrives at 1605458.481821381, sleeping for 0.014323788229376078 seconds
Request model_2#438 arrives at 1605458.497266299, sleeping for 0.01626684796065092 seconds
Request model_3#679 arrives at 1605458.514388991, sleeping for 0.01692266878671944 seconds
Request model_4#324 arrives at 1605458.532175769, sleeping for 0.006647083908319473 seconds
Request model_5#858 arrives at 1605458.539235487, sleeping for 0.07106677815318108 seconds
Request model_4#325 arrives at 1605458.611151204, sleeping for 0.011714257067069411 seconds
Request model_6#468 arrives at 1605458.623067943, sleeping for 0.016527412459254265 seconds
Request model_6#469 arrives at 1605458.639952363, sleeping for 0.022456998471170664 seconds
Request model_6#470 arrives at 1605458.662933454, sleeping for 0.04369703400880098 seconds
Request model_3#680 arrives at 1605458.706889938, sleeping for 0.005567890591919422 seconds
Request model_5#859 arrives at 1605458.712640356, sleeping for 0.011427800636738539 seconds
Request model_6#471 arrives at 1605458.724457584, sleeping for 0.005511364433914423 seconds
Request model_5#860 arrives at 1605458.730151611, sleeping for 0.11947921244427562 seconds
Request model_4#326 arrives at 1605458.850909863, sleeping for 0.0872205188497901 seconds
Request model_6#472 arrives at 1605458.938408519, sleeping for 0.20835809246636927 seconds
Request model_3#681 arrives at 1605459.147708805, sleeping for 0.2829878644552082 seconds
Request model_5#861 arrives at 1605459.431026554, sleeping for 0.0007951157167553902 seconds
Request model_5#862 arrives at 1605459.43294449, sleeping for 0.007024673046544194 seconds
Request model_6#473 arrives at 1605459.440612904, sleeping for 0.006799083668738604 seconds
Request model_4#327 arrives at 1605459.448314488, sleeping for 0.14074824750423431 seconds
Request model_2#439 arrives at 1605459.590049954, sleeping for 0.10441640857607126 seconds
Request model_2#440 arrives at 1605459.695195256, sleeping for 0 seconds
Request model_5#863 arrives at 1605459.695600029, sleeping for 0.03235127357766032 seconds
Request model_5#864 arrives at 1605459.728495082, sleeping for 0.010692895855754614 seconds
Request model_5#865 arrives at 1605459.740163109, sleeping for 0.07201740867458284 seconds
Request model_1#242 arrives at 1605459.813234965, sleeping for 0.0020624781027436256 seconds
Request model_6#474 arrives at 1605459.815899787, sleeping for 0.0053902179934084415 seconds
Request model_3#682 arrives at 1605459.821452653, sleeping for 0.007706332486122847 seconds
Request model_5#866 arrives at 1605459.830136205, sleeping for 0.03891200618818402 seconds
Request model_1#243 arrives at 1605459.869804024, sleeping for 0.00781904743053019 seconds
Request model_3#683 arrives at 1605459.878485056, sleeping for 0.005277832038700581 seconds
Request model_2#441 arrives at 1605459.884136353, sleeping for 0.08364380244165659 seconds
Request model_3#684 arrives at 1605459.968847446, sleeping for 0.12138728238642216 seconds
Request model_5#867 arrives at 1605460.091355072, sleeping for 0.042833554558455944 seconds
Request model_4#328 arrives at 1605460.134481219, sleeping for 0.039310468127951026 seconds
Request model_4#329 arrives at 1605460.174203289, sleeping for 0.016895048087462783 seconds
Request model_3#685 arrives at 1605460.192018646, sleeping for 0.07786914729513228 seconds
Request model_6#475 arrives at 1605460.27081047, sleeping for 0.03721207194030285 seconds
Request model_3#686 arrives at 1605460.308531263, sleeping for 0.1614791073370725 seconds
Request model_5#868 arrives at 1605460.470225904, sleeping for 0.027452711481601 seconds
Request model_2#442 arrives at 1605460.497878443, sleeping for 0.0035111824981868267 seconds
Request model_3#687 arrives at 1605460.50235379, sleeping for 0.008815757697448134 seconds
Request model_6#476 arrives at 1605460.51311999, sleeping for 0.020557756768539548 seconds
Request model_3#688 arrives at 1605460.534251445, sleeping for 0.09986083791591227 seconds
Request model_2#443 arrives at 1605460.634990651, sleeping for 0.056767326314002275 seconds
Request model_2#444 arrives at 1605460.693889059, sleeping for 0.11309316172264516 seconds
Request model_5#869 arrives at 1605460.807757973, sleeping for 0.044664419488981366 seconds
Request model_3#689 arrives at 1605460.853454022, sleeping for 0.002743097487837076 seconds
Request model_2#445 arrives at 1605460.857112302, sleeping for 0.06665331032127142 seconds
Request model_4#330 arrives at 1605460.924542352, sleeping for 0.024871323257684708 seconds
Request model_3#690 arrives at 1605460.950232205, sleeping for 0.004599374486133456 seconds
Request model_2#446 arrives at 1605460.955178606, sleeping for 0.011687438236549497 seconds
Request model_5#870 arrives at 1605460.967086284, sleeping for 0.045495760161429644 seconds
Request model_6#477 arrives at 1605461.012779893, sleeping for 0.0043539421167224646 seconds
Request model_5#871 arrives at 1605461.017565433, sleeping for 0.01251745386980474 seconds
Request model_4#331 arrives at 1605461.030895304, sleeping for 0.004644165746867657 seconds
Request model_6#478 arrives at 1605461.036535971, sleeping for 0.087825832888484 seconds
Request model_3#691 arrives at 1605461.124743192, sleeping for 0.03765629790723324 seconds
Request model_3#692 arrives at 1605461.163200891, sleeping for 0.11010494199581444 seconds
Request model_5#872 arrives at 1605461.274205422, sleeping for 0.0523580159060657 seconds
Request model_1#244 arrives at 1605461.328453271, sleeping for 0.03687090193852782 seconds
Request model_2#447 arrives at 1605461.36567893, sleeping for 0.04489748040214181 seconds
Request model_4#332 arrives at 1605461.411058606, sleeping for 0.09114367724396288 seconds
Request model_4#333 arrives at 1605461.503239221, sleeping for 0.09588894085027277 seconds
Request model_6#479 arrives at 1605461.599531479, sleeping for 0.017630266258493066 seconds
Request model_4#334 arrives at 1605461.619300324, sleeping for 0.1381418057717383 seconds
Request model_6#480 arrives at 1605461.757776432, sleeping for 0.028874326730147004 seconds
Request model_5#873 arrives at 1605461.787095905, sleeping for 0.041247287997975945 seconds
Request model_2#448 arrives at 1605461.828784821, sleeping for 0.0014579538255929947 seconds
Request model_2#449 arrives at 1605461.830460825, sleeping for 0.06132206041365862 seconds
Request model_6#481 arrives at 1605461.892162966, sleeping for 0.05643442692235112 seconds
Request model_5#874 arrives at 1605461.948879477, sleeping for 0.0966330710798502 seconds
Request model_1#245 arrives at 1605462.046618447, sleeping for 0.07105667633004487 seconds
Request model_5#875 arrives at 1605462.11936464, sleeping for 0 seconds
Request model_1#246 arrives at 1605462.119754114, sleeping for 0.04369010333903134 seconds
Request model_3#693 arrives at 1605462.163703758, sleeping for 0.006582955829799175 seconds
Request model_6#482 arrives at 1605462.170477124, sleeping for 0.012651270488277078 seconds
Request model_5#876 arrives at 1605462.185172386, sleeping for 0.0180813807528466 seconds
Request model_3#694 arrives at 1605462.204847749, sleeping for 0.026933662593364716 seconds
Request model_1#247 arrives at 1605462.232520199, sleeping for 0.0117307105101645 seconds
Request model_3#695 arrives at 1605462.245210554, sleeping for 0.01850612903945148 seconds
Request model_3#696 arrives at 1605462.265654463, sleeping for 0.06296912208199501 seconds
Request model_5#877 arrives at 1605462.329364242, sleeping for 0.00790731143206358 seconds
Request model_2#450 arrives at 1605462.33763863, sleeping for 0.021405235631391406 seconds
Request model_4#335 arrives at 1605462.359479032, sleeping for 0.012688003713265061 seconds
Request model_2#451 arrives at 1605462.372898183, sleeping for 0.007942190393805504 seconds
Request model_6#483 arrives at 1605462.381976708, sleeping for 0.07149325055070221 seconds
Request model_1#248 arrives at 1605462.455045134, sleeping for 0.023734777234494686 seconds
Request model_6#484 arrives at 1605462.479177284, sleeping for 0.0023998762480914593 seconds
Request model_2#452 arrives at 1605462.482701683, sleeping for 0.17208865424618125 seconds
Request model_5#878 arrives at 1605462.656353193, sleeping for 0.11075140815228224 seconds
Request model_3#697 arrives at 1605462.768215651, sleeping for 0.007908998290076852 seconds
Request model_3#698 arrives at 1605462.777061215, sleeping for 0.01925172540359199 seconds
Request model_2#453 arrives at 1605462.796731597, sleeping for 0.02918500965461135 seconds
Request model_1#249 arrives at 1605462.826409483, sleeping for 0.013653718866407871 seconds
Request model_6#485 arrives at 1605462.84045629, sleeping for 0.00278073875233531 seconds
Request model_2#454 arrives at 1605462.84409033, sleeping for 0.11189916939474642 seconds
Request model_6#486 arrives at 1605462.957971405, sleeping for 0.002331760246306658 seconds
Request model_1#250 arrives at 1605462.960700927, sleeping for 0.004725482081994414 seconds
Request model_3#699 arrives at 1605462.966370844, sleeping for 0.028167072217911482 seconds
Request model_3#700 arrives at 1605462.995136013, sleeping for 0.2585737539920956 seconds
Request model_5#879 arrives at 1605463.255501592, sleeping for 0.03590230317786336 seconds
Request model_5#880 arrives at 1605463.291627391, sleeping for 0.08685052278451622 seconds
Request model_5#881 arrives at 1605463.379276958, sleeping for 0.003710184944793582 seconds
Request model_3#701 arrives at 1605463.383980507, sleeping for 0.024960550013929605 seconds
Request model_6#487 arrives at 1605463.409762621, sleeping for 0.002568015130236745 seconds
Request model_5#882 arrives at 1605463.412763625, sleeping for 0.013211160665377975 seconds
Request model_5#883 arrives at 1605463.426496689, sleeping for 0.03448385093361139 seconds
Request model_6#488 arrives at 1605463.461732312, sleeping for 0.03028883645310998 seconds
Request model_5#884 arrives at 1605463.492401656, sleeping for 0.10373956663534045 seconds
Request model_3#702 arrives at 1605463.596556879, sleeping for 0.01640960923396051 seconds
Request model_2#455 arrives at 1605463.613680402, sleeping for 0.005535620264708996 seconds
Request model_2#456 arrives at 1605463.619817073, sleeping for 0.020261227851733565 seconds
Request model_4#336 arrives at 1605463.640609195, sleeping for 0.013234633952379227 seconds
Request model_4#337 arrives at 1605463.655388678, sleeping for 0 seconds
Request model_3#703 arrives at 1605463.655754501, sleeping for 0.07932052970863879 seconds
Request model_3#704 arrives at 1605463.735625662, sleeping for 0.27665096800774336 seconds
Request model_3#705 arrives at 1605464.013496207, sleeping for 0.010170214343816042 seconds
Request model_6#489 arrives at 1605464.024499118, sleeping for 0.11677616485394537 seconds
Request model_3#706 arrives at 1605464.141609189, sleeping for 0.011016648262739182 seconds
Request model_5#885 arrives at 1605464.153318526, sleeping for 0.05380814243108034 seconds
Request model_5#886 arrives at 1605464.207901728, sleeping for 0.09666128153912723 seconds
Request model_6#490 arrives at 1605464.304869842, sleeping for 0.0507726741489023 seconds
Request model_4#338 arrives at 1605464.356830983, sleeping for 0.009082465432584286 seconds
Request model_2#457 arrives at 1605464.367951246, sleeping for 0.03835814818739891 seconds
Request model_6#491 arrives at 1605464.406712677, sleeping for 0.013232378754764795 seconds
Request model_5#887 arrives at 1605464.421852882, sleeping for 0.013271392555907369 seconds
Request model_5#888 arrives at 1605464.436922018, sleeping for 0.1483075711876154 seconds
Request model_3#707 arrives at 1605464.586016423, sleeping for 0.004140590783208609 seconds
Request model_5#889 arrives at 1605464.591126346, sleeping for 0.04298937600106001 seconds
Request model_3#708 arrives at 1605464.634407055, sleeping for 0.01405422086827457 seconds
Request model_6#492 arrives at 1605464.650055764, sleeping for 0.02451127115637064 seconds
Request model_6#493 arrives at 1605464.675198763, sleeping for 0.012889069737866521 seconds
Request model_4#339 arrives at 1605464.688366302, sleeping for 0.17652657255530357 seconds
Request model_2#458 arrives at 1605464.865277099, sleeping for 0.017366341315209866 seconds
Request model_6#494 arrives at 1605464.88349662, sleeping for 0.024179855128750205 seconds
Request model_3#709 arrives at 1605464.908692469, sleeping for 0.005451131844893098 seconds
Request model_5#890 arrives at 1605464.91481195, sleeping for 0.014200786594301462 seconds
Request model_3#710 arrives at 1605464.929985335, sleeping for 0.11976195545867085 seconds
Request model_3#711 arrives at 1605465.051945246, sleeping for 0.07439872296527028 seconds
Request model_4#340 arrives at 1605465.1271874, sleeping for 0.019093008944764733 seconds
Request model_5#891 arrives at 1605465.147435898, sleeping for 0.05409315298311412 seconds
Request model_2#459 arrives at 1605465.202702156, sleeping for 0.017954922281205654 seconds
Request model_2#460 arrives at 1605465.222914864, sleeping for 0.04420165345072746 seconds
Request model_5#892 arrives at 1605465.268112228, sleeping for 0.029938143910840154 seconds
Request model_3#712 arrives at 1605465.299217627, sleeping for 0.010202092118561268 seconds
Request model_3#713 arrives at 1605465.31049238, sleeping for 0.12339525925926864 seconds
Request model_3#714 arrives at 1605465.434151155, sleeping for 0.11109728622250259 seconds
Request model_2#461 arrives at 1605465.545506488, sleeping for 0.009892640868201852 seconds
Request model_4#341 arrives at 1605465.556384568, sleeping for 0.15741870854981244 seconds
Request model_6#495 arrives at 1605465.714795372, sleeping for 0.031697146128863096 seconds
Request model_5#893 arrives at 1605465.746819267, sleeping for 0.042531880317255855 seconds
Request model_4#342 arrives at 1605465.789596222, sleeping for 0.022876849630847573 seconds
Request model_5#894 arrives at 1605465.813608071, sleeping for 0.11750597623176873 seconds
Request model_5#895 arrives at 1605465.931873962, sleeping for 0.02086942014284432 seconds
Request model_6#496 arrives at 1605465.953066517, sleeping for 0.003586813807487488 seconds
Request model_2#462 arrives at 1605465.957730266, sleeping for 0 seconds
Request model_6#497 arrives at 1605465.958037188, sleeping for 0.024394509149715304 seconds
Request model_1#251 arrives at 1605465.983399808, sleeping for 0.11654977197758853 seconds
Request model_5#896 arrives at 1605466.101212465, sleeping for 0.1608878499828279 seconds
Request model_1#252 arrives at 1605466.262384951, sleeping for 0.071239507291466 seconds
Request model_3#715 arrives at 1605466.334320327, sleeping for 0.010660952189937234 seconds
Request model_6#498 arrives at 1605466.345144777, sleeping for 0.0028116866014897823 seconds
Request model_4#343 arrives at 1605466.348808738, sleeping for 0.060520489467307925 seconds
Request model_4#344 arrives at 1605466.409626802, sleeping for 0.01946239802055061 seconds
Request model_3#716 arrives at 1605466.429456156, sleeping for 0.018363991752266884 seconds
Request model_6#499 arrives at 1605466.449489322, sleeping for 0.00516276340931654 seconds
Request model_2#463 arrives at 1605466.455570533, sleeping for 0.09286771644838154 seconds
Request model_5#897 arrives at 1605466.549631943, sleeping for 0.03468601987697184 seconds
Request model_6#500 arrives at 1605466.584770984, sleeping for 0.006028403295204043 seconds
Request model_6#501 arrives at 1605466.59161074, sleeping for 0.06796011026017368 seconds
Request model_2#464 arrives at 1605466.659923817, sleeping for 0.09586741705425084 seconds
Request model_3#717 arrives at 1605466.756722749, sleeping for 0.00352873164229095 seconds
Request model_3#718 arrives at 1605466.760922574, sleeping for 0.009286497486755252 seconds
Request model_4#345 arrives at 1605466.771630233, sleeping for 0.02806982072070241 seconds
Request model_4#346 arrives at 1605466.800376081, sleeping for 0.0710891920607537 seconds
Request model_2#465 arrives at 1605466.873521257, sleeping for 0.0014360728673636913 seconds
Request model_5#898 arrives at 1605466.875597574, sleeping for 0.07791206100955606 seconds
Request model_2#466 arrives at 1605466.954076575, sleeping for 0.028544003143906593 seconds
Request model_1#253 arrives at 1605466.983316477, sleeping for 0.00998603948391974 seconds
Request model_5#899 arrives at 1605466.99442051, sleeping for 0.0191704542376101 seconds
Request model_5#900 arrives at 1605467.013910471, sleeping for 0.002179612871259451 seconds
Request model_5#901 arrives at 1605467.016893016, sleeping for 0.0013203946873545647 seconds
Request model_5#902 arrives at 1605467.01866613, sleeping for 0.02433987194672227 seconds
Request model_2#467 arrives at 1605467.043407315, sleeping for 0.05596047639846802 seconds
Request model_5#903 arrives at 1605467.101535357, sleeping for 0.009748498676344752 seconds
Request model_2#468 arrives at 1605467.11274824, sleeping for 0.19545080023817718 seconds
Request model_5#904 arrives at 1605467.308923607, sleeping for 0.009857697645202279 seconds
Request model_3#719 arrives at 1605467.319109571, sleeping for 0.03292081109248102 seconds
Request model_3#720 arrives at 1605467.352991631, sleeping for 0.06490989727899432 seconds
Request model_4#347 arrives at 1605467.418325223, sleeping for 0.05306677729822695 seconds
Request model_4#348 arrives at 1605467.472369711, sleeping for 0.1189572298899293 seconds
Request model_3#721 arrives at 1605467.592083174, sleeping for 0.01857437053695321 seconds
Request model_2#469 arrives at 1605467.612094119, sleeping for 0.0035905528347939253 seconds
Request model_5#905 arrives at 1605467.616770328, sleeping for 0.03894227812997997 seconds
Request model_6#502 arrives at 1605467.655981063, sleeping for 0.0035935216583311558 seconds
Request model_6#503 arrives at 1605467.659938386, sleeping for 0.06805914174765348 seconds
Request model_1#254 arrives at 1605467.729014868, sleeping for 0.05788498721085489 seconds
Request model_3#722 arrives at 1605467.787715255, sleeping for 0.055637759855017066 seconds
Request model_3#723 arrives at 1605467.843968482, sleeping for 0 seconds
Request model_3#724 arrives at 1605467.844275674, sleeping for 0.017500978196039796 seconds
Request model_6#504 arrives at 1605467.862048941, sleeping for 0.028244815533980727 seconds
Request model_3#725 arrives at 1605467.890649428, sleeping for 0.01763777039013803 seconds
Request model_5#906 arrives at 1605467.910246061, sleeping for 0.029892936814576387 seconds
Request model_2#470 arrives at 1605467.940973826, sleeping for 0.11804801062680781 seconds
Request model_3#726 arrives at 1605468.059654169, sleeping for 0.018172942800447345 seconds
Request model_5#907 arrives at 1605468.079355462, sleeping for 0.02077254676260054 seconds
Request model_5#908 arrives at 1605468.100568868, sleeping for 0.04415906290523708 seconds
Request model_5#909 arrives at 1605468.145269919, sleeping for 0.0008348408155143261 seconds
Request model_6#505 arrives at 1605468.147007553, sleeping for 0.059914198238402605 seconds
Request model_5#910 arrives at 1605468.207481375, sleeping for 0.06094057788141072 seconds
Request model_3#727 arrives at 1605468.269205056, sleeping for 0.10057558584958315 seconds
Request model_2#471 arrives at 1605468.370352644, sleeping for 0.007695161271840334 seconds
Request model_3#728 arrives at 1605468.379096847, sleeping for 0.13379805837757885 seconds
Request model_2#472 arrives at 1605468.513310189, sleeping for 0.062441517133265734 seconds
Request model_3#729 arrives at 1605468.57613372, sleeping for 0.08246970130130649 seconds
Request model_2#473 arrives at 1605468.659009377, sleeping for 0.012696526711806655 seconds
Request model_1#255 arrives at 1605468.672820651, sleeping for 0.022441533394157887 seconds
Request model_1#256 arrives at 1605468.696083264, sleeping for 0.015051351627334952 seconds
Request model_6#506 arrives at 1605468.711784844, sleeping for 0.025150573579594493 seconds
Request model_5#911 arrives at 1605468.737486397, sleeping for 0.185683811083436 seconds
Request model_1#257 arrives at 1605468.924309616, sleeping for 0.04344373825006187 seconds
Request model_4#349 arrives at 1605468.969083307, sleeping for 0.011349100386723876 seconds
Request model_5#912 arrives at 1605468.981221757, sleeping for 0.018069816520437598 seconds
Request model_5#913 arrives at 1605469.001314264, sleeping for 0.0881308598909527 seconds
Request model_3#730 arrives at 1605469.09009814, sleeping for 0 seconds
Request model_3#731 arrives at 1605469.090592644, sleeping for 0.002876102225854993 seconds
Request model_5#914 arrives at 1605469.094474966, sleeping for 0.03482107422314584 seconds
Request model_2#474 arrives at 1605469.130769617, sleeping for 0.003622704418376088 seconds
Request model_4#350 arrives at 1605469.135453476, sleeping for 0.028198656626045704 seconds
Request model_5#915 arrives at 1605469.164233374, sleeping for 0.0031427962239831686 seconds
Request model_2#475 arrives at 1605469.168344698, sleeping for 0.030453525483608246 seconds
Request model_5#916 arrives at 1605469.199109943, sleeping for 0.034036701545119286 seconds
Request model_6#507 arrives at 1605469.233809011, sleeping for 0.00983022665604949 seconds
Request model_3#732 arrives at 1605469.24453602, sleeping for 0.04504340351559222 seconds
Request model_3#733 arrives at 1605469.289927566, sleeping for 0.04404739383608103 seconds
Request model_3#734 arrives at 1605469.334731737, sleeping for 0.018192545976489782 seconds
Request model_3#735 arrives at 1605469.35437855, sleeping for 0.015294643118977547 seconds
Request model_3#736 arrives at 1605469.37011979, sleeping for 0.10262566688470542 seconds
Request model_5#917 arrives at 1605469.473355146, sleeping for 0.10102495248429477 seconds
Request model_1#258 arrives at 1605469.575536883, sleeping for 0.04055037978105247 seconds
Request model_5#918 arrives at 1605469.618290727, sleeping for 0.0013438430614769459 seconds
Request model_6#508 arrives at 1605469.620408185, sleeping for 0.01618007058277726 seconds
Request model_2#476 arrives at 1605469.637107343, sleeping for 0.011284713400527835 seconds
Request model_5#919 arrives at 1605469.649081932, sleeping for 0.07586444518528879 seconds
Request model_3#737 arrives at 1605469.725890379, sleeping for 0.005465275840833783 seconds
Request model_4#351 arrives at 1605469.731939509, sleeping for 0.04062045435421169 seconds
Request model_1#259 arrives at 1605469.772847748, sleeping for 0.006870314944535494 seconds
Request model_2#477 arrives at 1605469.780065528, sleeping for 0.003552714129909873 seconds
Request model_5#920 arrives at 1605469.78394234, sleeping for 0.03601739672012627 seconds
Request model_6#509 arrives at 1605469.821968915, sleeping for 0.15714186360128224 seconds
Request model_5#921 arrives at 1605469.979961175, sleeping for 0.06606981274671853 seconds
Request model_5#922 arrives at 1605470.047205092, sleeping for 0.14669414679519832 seconds
Request model_6#510 arrives at 1605470.194685864, sleeping for 0.007092290325090289 seconds
Request model_3#738 arrives at 1605470.20269038, sleeping for 0.012269207276403904 seconds
Request model_5#923 arrives at 1605470.215385386, sleeping for 0.002089623361825943 seconds
Request model_5#924 arrives at 1605470.218070058, sleeping for 0.14158649346791208 seconds
Request model_3#739 arrives at 1605470.360283377, sleeping for 0.019465293968096375 seconds
Request model_6#511 arrives at 1605470.3800344, sleeping for 0.025510309962555766 seconds
Request model_6#512 arrives at 1605470.405714153, sleeping for 0.06911945668980479 seconds
Request model_5#925 arrives at 1605470.475685523, sleeping for 0.04109781142324209 seconds
Request model_3#740 arrives at 1605470.517304337, sleeping for 0.07874993397854269 seconds
Request model_2#478 arrives at 1605470.596390433, sleeping for 0.006771354237571359 seconds
Request model_3#741 arrives at 1605470.603437091, sleeping for 0.06895909761078656 seconds
Request model_5#926 arrives at 1605470.673152599, sleeping for 0.0008666836656630039 seconds
Request model_5#927 arrives at 1605470.674919594, sleeping for 0.31600028672255576 seconds
Request model_4#352 arrives at 1605470.991685699, sleeping for 0.01169946719892323 seconds
Request model_6#513 arrives at 1605471.004528935, sleeping for 0.12108605285175145 seconds
Request model_4#353 arrives at 1605471.126631337, sleeping for 0.012771531706675887 seconds
Request model_6#514 arrives at 1605471.141408809, sleeping for 0.056091261794790626 seconds
Request model_5#928 arrives at 1605471.198546433, sleeping for 0.007506336085498333 seconds
Request model_3#742 arrives at 1605471.206242787, sleeping for 0.012071673525497317 seconds
Request model_3#743 arrives at 1605471.218865531, sleeping for 0.0006165050435811281 seconds
Request model_6#515 arrives at 1605471.220513115, sleeping for 0.13322734250687063 seconds
Request model_2#479 arrives at 1605471.354252523, sleeping for 0.10979917203076184 seconds
Request model_6#516 arrives at 1605471.464634538, sleeping for 0.01568745798431337 seconds
Request model_3#744 arrives at 1605471.481428077, sleeping for 0.10731851006858051 seconds
Request model_5#929 arrives at 1605471.588980078, sleeping for 0.00455351360142231 seconds
Request model_3#745 arrives at 1605471.593935089, sleeping for 0.00121809053234756 seconds
Request model_3#746 arrives at 1605471.595704354, sleeping for 0.002734607784077525 seconds
Request model_2#480 arrives at 1605471.599402854, sleeping for 0.11007530149072409 seconds
Request model_1#260 arrives at 1605471.710144342, sleeping for 0.02722675260156393 seconds
Request model_3#747 arrives at 1605471.737740621, sleeping for 0.03055298770777881 seconds
Request model_4#354 arrives at 1605471.768530956, sleeping for 0.02912584342993796 seconds
Request model_6#517 arrives at 1605471.798509744, sleeping for 0.03498843009583652 seconds
Request model_5#930 arrives at 1605471.834461142, sleeping for 0.0020574487280100584 seconds
Request model_5#931 arrives at 1605471.837143875, sleeping for 0.06484726932831109 seconds
Request model_2#481 arrives at 1605471.904110129, sleeping for 0.2719650319777429 seconds
Request model_3#748 arrives at 1605472.176791609, sleeping for 0.00833558151498437 seconds
Request model_3#749 arrives at 1605472.185875584, sleeping for 0.01998267532326281 seconds
Request model_6#518 arrives at 1605472.206554615, sleeping for 0.09395075938664377 seconds
Request model_5#932 arrives at 1605472.30126398, sleeping for 0.025393443182110786 seconds
Request model_5#933 arrives at 1605472.327243606, sleeping for 0.008272559847682714 seconds
Request model_5#934 arrives at 1605472.336188319, sleeping for 0.039607372833415866 seconds
Request model_4#355 arrives at 1605472.376587714, sleeping for 0.0012749799061566591 seconds
Request model_6#519 arrives at 1605472.37852042, sleeping for 0.010074837133288383 seconds
Request model_5#935 arrives at 1605472.389186828, sleeping for 0.02816858678124845 seconds
Request model_4#356 arrives at 1605472.417852996, sleeping for 0.06443205964751542 seconds
Request model_5#936 arrives at 1605472.482748244, sleeping for 0.021619290113449097 seconds
Request model_1#261 arrives at 1605472.504981778, sleeping for 0.027167327469214797 seconds
Request model_2#482 arrives at 1605472.532856059, sleeping for 0.05201275646686554 seconds
Request model_3#750 arrives at 1605472.586521144, sleeping for 0.11506839818321168 seconds
Request model_2#483 arrives at 1605472.702054001, sleeping for 0.029879638692364097 seconds
Request model_5#937 arrives at 1605472.73217248, sleeping for 0.11308925971388817 seconds
Request model_4#357 arrives at 1605472.845997613, sleeping for 0.054444396402686834 seconds
Request model_1#262 arrives at 1605472.901307632, sleeping for 0.00045739556662738323 seconds
Request model_3#751 arrives at 1605472.902019118, sleeping for 0.08717278088442981 seconds
Request model_6#520 arrives at 1605472.990868514, sleeping for 0.062063939636573195 seconds
Request model_3#752 arrives at 1605473.053380452, sleeping for 0.019740122137591243 seconds
Request model_5#938 arrives at 1605473.073441558, sleeping for 0.008014779072254896 seconds
Request model_6#521 arrives at 1605473.082539513, sleeping for 0.036542503628879786 seconds
Request model_3#753 arrives at 1605473.120566569, sleeping for 0.010441836901009083 seconds
Request model_5#939 arrives at 1605473.13167207, sleeping for 0.1303931367583573 seconds
Request model_1#263 arrives at 1605473.26315653, sleeping for 0.02941756951622665 seconds
Request model_5#940 arrives at 1605473.29342298, sleeping for 0.15029547177255154 seconds
Request model_5#941 arrives at 1605473.444315251, sleeping for 0.07120181364007294 seconds
Request model_3#754 arrives at 1605473.517586537, sleeping for 0.12380219297483563 seconds
Request model_4#358 arrives at 1605473.642312311, sleeping for 0.055574938422068954 seconds
Request model_3#755 arrives at 1605473.698501877, sleeping for 0.06201289058662951 seconds
Request model_6#522 arrives at 1605473.761476588, sleeping for 0.027939497493207455 seconds
Request model_3#756 arrives at 1605473.789786773, sleeping for 0.06763066351413727 seconds
Request model_4#359 arrives at 1605473.858533092, sleeping for 0.10989012150093913 seconds
Request model_6#523 arrives at 1605473.970259318, sleeping for 0.12280307454057038 seconds
Request model_3#757 arrives at 1605474.093398828, sleeping for 0.047165871830657125 seconds
Request model_3#758 arrives at 1605474.141535517, sleeping for 0.025046360213309526 seconds
Request model_5#942 arrives at 1605474.167333071, sleeping for 0.1904250413645059 seconds
Request model_4#360 arrives at 1605474.359418052, sleeping for 0.03918996290303767 seconds
Request model_2#484 arrives at 1605474.400044559, sleeping for 0.015019848244264722 seconds
Request model_6#524 arrives at 1605474.416102531, sleeping for 0.03735808655619621 seconds
Request model_5#943 arrives at 1605474.454296578, sleeping for 0.05012342473492026 seconds
Request model_2#485 arrives at 1605474.50526274, sleeping for 0.02302446006797254 seconds
Request model_5#944 arrives at 1605474.529186698, sleeping for 0.0024904441088438034 seconds
Request model_3#759 arrives at 1605474.532322355, sleeping for 0.002186219207942486 seconds
Request model_6#525 arrives at 1605474.535490791, sleeping for 0.04792342823930085 seconds
Request model_5#945 arrives at 1605474.58371171, sleeping for 0.014380124397575855 seconds
Request model_6#526 arrives at 1605474.598984377, sleeping for 0.03246531938202679 seconds
Request model_2#486 arrives at 1605474.632298023, sleeping for 0.017435088055208325 seconds
Request model_5#946 arrives at 1605474.650512033, sleeping for 0.007560982834547758 seconds
Request model_2#487 arrives at 1605474.658802972, sleeping for 0.10538813634775579 seconds
Request model_3#760 arrives at 1605474.764509468, sleeping for 0.0025733967777341604 seconds
Request model_6#527 arrives at 1605474.767401522, sleeping for 0.007390965474769473 seconds
Request model_5#947 arrives at 1605474.775103086, sleeping for 0.05409333133138716 seconds
Request model_5#948 arrives at 1605474.82995823, sleeping for 0.02671486884355545 seconds
Request model_3#761 arrives at 1605474.858136344, sleeping for 0.028340457705780864 seconds
Request model_3#762 arrives at 1605474.887352516, sleeping for 0.006695677060633898 seconds
Request model_5#949 arrives at 1605474.894951258, sleeping for 0 seconds
Request model_4#361 arrives at 1605474.895790525, sleeping for 0.01787804951891303 seconds
Request model_5#950 arrives at 1605474.914243669, sleeping for 0.0645696371793747 seconds
Request model_2#488 arrives at 1605474.979467309, sleeping for 0.004913206212222576 seconds
Request model_3#763 arrives at 1605474.985262447, sleeping for 0.002566919894888997 seconds
Request model_5#951 arrives at 1605474.988957147, sleeping for 0.05420693918131292 seconds
Request model_3#764 arrives at 1605475.043769981, sleeping for 0.2500730426982045 seconds
Request model_1#264 arrives at 1605475.294361697, sleeping for 0.00580504210665822 seconds
Request model_3#765 arrives at 1605475.301321415, sleeping for 0.09236441412940621 seconds
Request model_1#265 arrives at 1605475.395330983, sleeping for 0.11094769043847919 seconds
Request model_5#952 arrives at 1605475.50830342, sleeping for 0.02821890846826136 seconds
Request model_5#953 arrives at 1605475.53743943, sleeping for 0.05162415886297822 seconds
Request model_5#954 arrives at 1605475.589929555, sleeping for 0.09056193102151155 seconds
Request model_3#766 arrives at 1605475.681687206, sleeping for 0.09715556399896741 seconds
Request model_3#767 arrives at 1605475.7800562, sleeping for 0.0026650470681488514 seconds
Request model_3#768 arrives at 1605475.783237767, sleeping for 0.06924362271092832 seconds
Request model_4#362 arrives at 1605475.852827653, sleeping for 0.02115876553580165 seconds
Request model_4#363 arrives at 1605475.875017547, sleeping for 0.0243152619805187 seconds
Request model_3#769 arrives at 1605475.900174736, sleeping for 0.07672865921631455 seconds
Request model_1#266 arrives at 1605475.977470056, sleeping for 0.16823784541338682 seconds
Request model_5#955 arrives at 1605476.146076852, sleeping for 0.046168646309524775 seconds
Request model_6#528 arrives at 1605476.193268863, sleeping for 0.07079762080684304 seconds
Request model_3#770 arrives at 1605476.265103998, sleeping for 0.0903224537614733 seconds
Request model_5#956 arrives at 1605476.357222761, sleeping for 0.056719922460615635 seconds
Request model_6#529 arrives at 1605476.414305294, sleeping for 0.05293305730447173 seconds
Request model_6#530 arrives at 1605476.467703786, sleeping for 0.031842336524277925 seconds
Request model_5#957 arrives at 1605476.500398177, sleeping for 0.024633878841996193 seconds
Request model_5#958 arrives at 1605476.52607909, sleeping for 0.00437139580026269 seconds
Request model_6#531 arrives at 1605476.530751188, sleeping for 0.01734558306634426 seconds
Request model_4#364 arrives at 1605476.548541656, sleeping for 0.1121546127833426 seconds
Request model_3#771 arrives at 1605476.661553322, sleeping for 0.11793521512299776 seconds
Request model_3#772 arrives at 1605476.77967687, sleeping for 8.243042975664139e-05 seconds
Request model_6#532 arrives at 1605476.780116534, sleeping for 0.00902863359078765 seconds
Request model_5#959 arrives at 1605476.791030114, sleeping for 0.08717211661860347 seconds
Request model_5#960 arrives at 1605476.879379686, sleeping for 0 seconds
Request model_2#489 arrives at 1605476.879701279, sleeping for 0.03165865014307201 seconds
Request model_2#490 arrives at 1605476.911573103, sleeping for 0.03774328948929906 seconds
Request model_2#491 arrives at 1605476.949517907, sleeping for 0.05698521016165614 seconds
Request model_2#492 arrives at 1605477.007313136, sleeping for 0.052530628396198153 seconds
Request model_5#961 arrives at 1605477.061558035, sleeping for 0.010543180163949728 seconds
Request model_5#962 arrives at 1605477.073925078, sleeping for 0.06818994018249214 seconds
Request model_6#533 arrives at 1605477.142413675, sleeping for 0.006101616658270359 seconds
Request model_5#963 arrives at 1605477.149214481, sleeping for 0.04909938876517117 seconds
Request model_3#773 arrives at 1605477.199019173, sleeping for 0.023314234567806125 seconds
Request model_4#365 arrives at 1605477.223212714, sleeping for 0.000802063150331378 seconds
Request model_5#964 arrives at 1605477.224155222, sleeping for 0.05154174519702792 seconds
Request model_6#534 arrives at 1605477.277627805, sleeping for 0.022541402839124203 seconds
Request model_5#965 arrives at 1605477.300683776, sleeping for 0.03385832393541932 seconds
Request model_6#535 arrives at 1605477.335715076, sleeping for 0.038417689269408584 seconds
Request model_5#966 arrives at 1605477.374672109, sleeping for 0.06016499735414982 seconds
Request model_5#967 arrives at 1605477.435488272, sleeping for 0.0032599298283457756 seconds
Request model_6#536 arrives at 1605477.439272633, sleeping for 0.06293586804531515 seconds
Request model_5#968 arrives at 1605477.502995431, sleeping for 0.013971100794151425 seconds
Request model_5#969 arrives at 1605477.517610612, sleeping for 0.014456739649176598 seconds
Request model_5#970 arrives at 1605477.532275344, sleeping for 0.020404479932039976 seconds
Request model_5#971 arrives at 1605477.552959165, sleeping for 0.022973033599555492 seconds
Request model_3#774 arrives at 1605477.576673061, sleeping for 0.052829040214419365 seconds
Request model_4#366 arrives at 1605477.629919593, sleeping for 0.030753268394619226 seconds
Request model_6#537 arrives at 1605477.662602963, sleeping for 0.01527913729660213 seconds
Request model_5#972 arrives at 1605477.678282023, sleeping for 0.009496624348685145 seconds
Request model_3#775 arrives at 1605477.689204843, sleeping for 0.018142885295674205 seconds
Request model_5#973 arrives at 1605477.708890327, sleeping for 0.04296157485805452 seconds
Request model_5#974 arrives at 1605477.752572328, sleeping for 0.048495770432054996 seconds
Request model_6#538 arrives at 1605477.802056418, sleeping for 0.02352386713027954 seconds
Request model_5#975 arrives at 1605477.826219558, sleeping for 0.037956519052386284 seconds
Request model_6#539 arrives at 1605477.864682857, sleeping for 0.019807393196970224 seconds
Request model_3#776 arrives at 1605477.885144926, sleeping for 0.12652148166671395 seconds
Request model_3#777 arrives at 1605478.013267337, sleeping for 0.029984083957970142 seconds
Request model_1#267 arrives at 1605478.044416235, sleeping for 0.1005831768270582 seconds
Request model_1#268 arrives at 1605478.145773985, sleeping for 0.009429778438061476 seconds
Request model_5#976 arrives at 1605478.155702137, sleeping for 0.005700352834537625 seconds
Request model_5#977 arrives at 1605478.161873928, sleeping for 0.040580815402790904 seconds
Request model_6#540 arrives at 1605478.202694516, sleeping for 0.0010016884189099073 seconds
Request model_5#978 arrives at 1605478.20436383, sleeping for 0.01310858759097755 seconds
Request model_2#493 arrives at 1605478.219035651, sleeping for 0.026430056896060705 seconds
Request model_5#979 arrives at 1605478.246852112, sleeping for 0.059930639108642936 seconds
Request model_5#980 arrives at 1605478.307540145, sleeping for 0.34145387983880937 seconds
Request model_4#367 arrives at 1605478.649418356, sleeping for 0.026177032152190804 seconds
Request model_5#981 arrives at 1605478.677361677, sleeping for 0.015580804320052266 seconds
Request model_3#778 arrives at 1605478.693468671, sleeping for 0.020541010424494743 seconds
Request model_6#541 arrives at 1605478.714300923, sleeping for 0.011126721743494272 seconds
Request model_5#982 arrives at 1605478.725648967, sleeping for 0.020482367603108287 seconds
Request model_3#779 arrives at 1605478.747886711, sleeping for 0.04287711251527071 seconds
Request model_4#368 arrives at 1605478.791609513, sleeping for 0.12511229631491005 seconds
Request model_6#542 arrives at 1605478.917498656, sleeping for 0.03715676721185446 seconds
Request model_5#983 arrives at 1605478.956513559, sleeping for 0.0414294945076108 seconds
Request model_6#543 arrives at 1605478.998356835, sleeping for 0.01674063876271248 seconds
Request model_5#984 arrives at 1605479.016079862, sleeping for 0.0761399248149246 seconds
Request model_3#780 arrives at 1605479.093249381, sleeping for 0.012269140686839819 seconds
Request model_3#781 arrives at 1605479.105962817, sleeping for 0.05079926224425435 seconds
Request model_6#544 arrives at 1605479.157683275, sleeping for 0.05467759445309639 seconds
Request model_6#545 arrives at 1605479.213509377, sleeping for 0.16129061416722834 seconds
Request model_3#782 arrives at 1605479.376780049, sleeping for 0.0493959269952029 seconds
Request model_5#985 arrives at 1605479.427046026, sleeping for 0.06346603995189071 seconds
Request model_6#546 arrives at 1605479.491320828, sleeping for 0.008421908365562558 seconds
Request model_5#986 arrives at 1605479.500533344, sleeping for 0.014676666120067239 seconds
Request model_5#987 arrives at 1605479.515484708, sleeping for 0.009844814892858267 seconds
Request model_2#494 arrives at 1605479.527183935, sleeping for 0.09925606730394065 seconds
Request model_5#988 arrives at 1605479.627549266, sleeping for 0.017802275717258453 seconds
Request model_2#495 arrives at 1605479.645825157, sleeping for 0.12660496355965734 seconds
Request model_3#783 arrives at 1605479.774722054, sleeping for 0 seconds
Request model_2#496 arrives at 1605479.775285849, sleeping for 0.009958696318790317 seconds
Request model_6#547 arrives at 1605479.7862349, sleeping for 0.18121784226968884 seconds
Request model_5#989 arrives at 1605479.96854877, sleeping for 0.00040402007289230824 seconds
Request model_5#990 arrives at 1605479.969182985, sleeping for 0.05605424055829644 seconds
Request model_2#497 arrives at 1605480.025530122, sleeping for 0.06866000406444073 seconds
Request model_1#269 arrives at 1605480.094814015, sleeping for 0.07064802176319063 seconds
Request model_1#270 arrives at 1605480.166113376, sleeping for 0.040512944804504514 seconds
Request model_2#498 arrives at 1605480.207301357, sleeping for 0 seconds
Request model_3#784 arrives at 1605480.20761953, sleeping for 0.1368195170070976 seconds
Request model_5#991 arrives at 1605480.345687982, sleeping for 0.014417418977245688 seconds
Request model_4#369 arrives at 1605480.360866068, sleeping for 0.03905012202449143 seconds
Request model_3#785 arrives at 1605480.401024931, sleeping for 0.0037685816641896963 seconds
Request model_1#271 arrives at 1605480.405194525, sleeping for 0.006269548088312149 seconds
Request model_3#786 arrives at 1605480.411893381, sleeping for 0.017055284697562456 seconds
Request model_5#992 arrives at 1605480.429595697, sleeping for 0.08369578258134425 seconds
Request model_5#993 arrives at 1605480.513636733, sleeping for 0.01385617651976645 seconds
Request model_5#994 arrives at 1605480.528386635, sleeping for 0.22617753385566175 seconds
Request model_5#995 arrives at 1605480.755585416, sleeping for 0.010893955593928695 seconds
Request model_5#996 arrives at 1605480.767169123, sleeping for 0.019521112786605954 seconds
Request model_5#997 arrives at 1605480.786942126, sleeping for 0.08105202135629952 seconds
Request model_5#998 arrives at 1605480.868520222, sleeping for 0.38074218947440386 seconds
Request model_1#272 arrives at 1605481.250172182, sleeping for 0.0035436456091701984 seconds
Request model_3#787 arrives at 1605481.254034894, sleeping for 0.08651612908579409 seconds
Request model_5#999 arrives at 1605481.341117875, sleeping for 0.016036845976486802 seconds
Request model_3#788 arrives at 1605481.358214816, sleeping for 0.01934333168901503 seconds
Request model_3#789 arrives at 1605481.378241582, sleeping for 0.021511481376364827 seconds
Request model_6#548 arrives at 1605481.400885219, sleeping for 0.06839560414664447 seconds
Request model_3#790 arrives at 1605481.469623239, sleeping for 0.0049537168815732 seconds
Request model_5#1000 arrives at 1605481.475681189, sleeping for 0.052857008296996355 seconds
Request model_6#549 arrives at 1605481.529715786, sleeping for 0.032478308072313666 seconds
Request model_2#499 arrives at 1605481.562487248, sleeping for 0.019276737235486507 seconds
Request model_2#500 arrives at 1605481.58208591, sleeping for 0.06495650066062808 seconds
Request model_2#501 arrives at 1605481.647808044, sleeping for 0.005312158260494471 seconds
Request model_3#791 arrives at 1605481.653579452, sleeping for 0.056591328931972384 seconds
Request model_5#1001 arrives at 1605481.71135041, sleeping for 0.057958273217082024 seconds
Request model_2#502 arrives at 1605481.769552302, sleeping for 0.06975940335541964 seconds
Request model_5#1002 arrives at 1605481.839547892, sleeping for 0.06763631361536682 seconds
Request model_5#1003 arrives at 1605481.908616283, sleeping for 0.04727968107908964 seconds
Request model_5#1004 arrives at 1605481.956862333, sleeping for 0.04741192259825766 seconds
Request model_3#792 arrives at 1605482.004608048, sleeping for 0.000381972873583436 seconds
Request model_3#793 arrives at 1605482.005156463, sleeping for 0.058985873591154814 seconds
Request model_5#1005 arrives at 1605482.065054669, sleeping for 0.03371849749237299 seconds
Request model_4#370 arrives at 1605482.09904113, sleeping for 0.029665785375982523 seconds
Request model_5#1006 arrives at 1605482.129303301, sleeping for 0.030114217661321163 seconds
Request model_4#371 arrives at 1605482.159948854, sleeping for 0.01749099767766893 seconds
Request model_5#1007 arrives at 1605482.177892443, sleeping for 0.018276925198733807 seconds
Request model_2#503 arrives at 1605482.197468965, sleeping for 0.018005657009780407 seconds
Request model_5#1008 arrives at 1605482.217045637, sleeping for 0 seconds
Request model_3#794 arrives at 1605482.217295419, sleeping for 0.03809585655108094 seconds
Request model_3#795 arrives at 1605482.256487914, sleeping for 0.152019034139812 seconds
Request model_3#796 arrives at 1605482.409884474, sleeping for 0.015067341970279813 seconds
Request model_6#550 arrives at 1605482.425585074, sleeping for 0.07355951308272779 seconds
Request model_6#551 arrives at 1605482.500285562, sleeping for 0.1416132610756904 seconds
Request model_4#372 arrives at 1605482.642206587, sleeping for 0.0898818566929549 seconds
Request model_5#1009 arrives at 1605482.732898058, sleeping for 0.006027434719726443 seconds
Request model_2#504 arrives at 1605482.739911676, sleeping for 0.02350394194945693 seconds
Request model_5#1010 arrives at 1605482.764693961, sleeping for 0.0021014343947172165 seconds
Request model_3#797 arrives at 1605482.767897707, sleeping for 0.002651063259691 seconds
Request model_3#798 arrives at 1605482.771629698, sleeping for 0.08653780887834728 seconds
Request model_4#373 arrives at 1605482.859179443, sleeping for 0.02720715058967471 seconds
Request model_6#552 arrives at 1605482.886772622, sleeping for 0.05321174720302224 seconds
Request model_6#553 arrives at 1605482.940429266, sleeping for 0.003724411828443408 seconds
Request model_6#554 arrives at 1605482.945099485, sleeping for 0.002450420521199703 seconds
Request model_5#1011 arrives at 1605482.947699066, sleeping for 0.11486867559142411 seconds
Request model_2#505 arrives at 1605483.063532705, sleeping for 0.07914937660098076 seconds
Request model_4#374 arrives at 1605483.143686969, sleeping for 0.009131707716733217 seconds
Request model_5#1012 arrives at 1605483.154068935, sleeping for 0.1825825481209904 seconds
Request model_5#1013 arrives at 1605483.33718969, sleeping for 0.15480891312472522 seconds
Request model_5#1014 arrives at 1605483.493313283, sleeping for 0 seconds
Request model_3#799 arrives at 1605483.493647516, sleeping for 0.05410149181261659 seconds
Request model_4#375 arrives at 1605483.548261058, sleeping for 0.07450273726135492 seconds
Request model_6#555 arrives at 1605483.623267789, sleeping for 0.033209034241735935 seconds
Request model_5#1015 arrives at 1605483.657583853, sleeping for 0.0008152748923748732 seconds
Request model_6#556 arrives at 1605483.658613532, sleeping for 0.12108561699278653 seconds
Request model_3#800 arrives at 1605483.78040859, sleeping for 0.014817184302955866 seconds
Request model_2#506 arrives at 1605483.795584815, sleeping for 0.10305370995774865 seconds
Request model_3#801 arrives at 1605483.899300914, sleeping for 0.042541927425190806 seconds
Request model_3#802 arrives at 1605483.94227007, sleeping for 0.025790532352402806 seconds
Request model_3#803 arrives at 1605483.968294925, sleeping for 0.016063467133790255 seconds
Request model_6#557 arrives at 1605483.984958673, sleeping for 0.006939330603927374 seconds
Request model_3#804 arrives at 1605483.992663087, sleeping for 0.12557664676569402 seconds
Request model_4#376 arrives at 1605484.118542029, sleeping for 0.017666731029748917 seconds
Request model_3#805 arrives at 1605484.138211122, sleeping for 0.09182576020248234 seconds
Request model_1#273 arrives at 1605484.23093416, sleeping for 0.04008400160819292 seconds
Request model_2#507 arrives at 1605484.27196821, sleeping for 0.06828774162568152 seconds
Request model_3#806 arrives at 1605484.340668609, sleeping for 0.026124884374439716 seconds
Request model_6#558 arrives at 1605484.367710923, sleeping for 0.03368825395591557 seconds
Request model_5#1016 arrives at 1605484.40244702, sleeping for 0.04245221824385226 seconds
Request model_3#807 arrives at 1605484.445594388, sleeping for 0.036386491265147924 seconds
Request model_3#808 arrives at 1605484.483284099, sleeping for 0.06957630650140345 seconds
Request model_4#377 arrives at 1605484.553152337, sleeping for 0.05744172423146665 seconds
Request model_6#559 arrives at 1605484.611695151, sleeping for 0.0065538701601326466 seconds
Request model_1#274 arrives at 1605484.61870109, sleeping for 0.018520045094192028 seconds
Request model_3#809 arrives at 1605484.637837208, sleeping for 0.009024003520607948 seconds
Request model_2#508 arrives at 1605484.647159955, sleeping for 0.14460081327706575 seconds
Request model_5#1017 arrives at 1605484.792421387, sleeping for 0.04277982050552964 seconds
Request model_5#1018 arrives at 1605484.835377373, sleeping for 0.009395838249474764 seconds
Request model_2#509 arrives at 1605484.846186663, sleeping for 0.03670806181617081 seconds
Request model_3#810 arrives at 1605484.8832944, sleeping for 0.029714345233514905 seconds
Request model_6#560 arrives at 1605484.913369039, sleeping for 0.33424583286978304 seconds
Request model_5#1019 arrives at 1605485.248491303, sleeping for 0.035460329381749034 seconds
Request model_5#1020 arrives at 1605485.284256659, sleeping for 0.13899010187014937 seconds
Request model_5#1021 arrives at 1605485.424214217, sleeping for 0.05493884556926787 seconds
Request model_3#811 arrives at 1605485.479908568, sleeping for 0.013100506272166967 seconds
Request model_3#812 arrives at 1605485.49462232, sleeping for 0.0442574517801404 seconds
Request model_5#1022 arrives at 1605485.53930025, sleeping for 0.056908950209617615 seconds
Request model_3#813 arrives at 1605485.596974046, sleeping for 0.016405804082751274 seconds
Request model_5#1023 arrives at 1605485.613672744, sleeping for 0.018741105683147907 seconds
Request model_5#1024 arrives at 1605485.633370988, sleeping for 0.004804065451025963 seconds
Request model_3#814 arrives at 1605485.639091475, sleeping for 0.0009145366493612528 seconds
Request model_4#378 arrives at 1605485.640775939, sleeping for 0.008204085286706686 seconds
Request model_3#815 arrives at 1605485.649580632, sleeping for 0.07034429954364896 seconds
Request model_2#510 arrives at 1605485.720285617, sleeping for 0.03548764903098345 seconds
Request model_4#379 arrives at 1605485.755970862, sleeping for 0.07333644409663975 seconds
Request model_1#275 arrives at 1605485.830425509, sleeping for 0.10047531477175653 seconds
Request model_3#816 arrives at 1605485.931328644, sleeping for 0.04554062313400209 seconds
Request model_3#817 arrives at 1605485.977414345, sleeping for 0.008428073488175869 seconds
Request model_5#1025 arrives at 1605485.986188998, sleeping for 0.04317478486336768 seconds
Request model_2#511 arrives at 1605486.029757839, sleeping for 0.02278630738146603 seconds
Request model_5#1026 arrives at 1605486.053454595, sleeping for 0.07035762537270784 seconds
Request model_6#561 arrives at 1605486.124083579, sleeping for 0.040426601422950625 seconds
Request model_2#512 arrives at 1605486.164719346, sleeping for 0.0058844261802732944 seconds
Request model_2#513 arrives at 1605486.171417381, sleeping for 0.0063073113560676575 seconds
Request model_6#562 arrives at 1605486.178094936, sleeping for 0.00809387699700892 seconds
Request model_3#818 arrives at 1605486.186743818, sleeping for 0.07349024387076497 seconds
Request model_2#514 arrives at 1605486.260963662, sleeping for 0.06341315084137022 seconds
Request model_2#515 arrives at 1605486.324656379, sleeping for 0.14577673352323472 seconds
Request model_1#276 arrives at 1605486.471240503, sleeping for 0.021840570960193872 seconds
Request model_5#1027 arrives at 1605486.493939961, sleeping for 0.1189419801812619 seconds
Request model_6#563 arrives at 1605486.613198167, sleeping for 0.0493040569126606 seconds
Request model_6#564 arrives at 1605486.662924809, sleeping for 0.0300901778973639 seconds
Request model_5#1028 arrives at 1605486.693662483, sleeping for 0.019183000549674034 seconds
Request model_6#565 arrives at 1605486.713603538, sleeping for 0.06058526108972728 seconds
Request model_3#819 arrives at 1605486.775305329, sleeping for 0.0058801008854061365 seconds
Request model_3#820 arrives at 1605486.781971544, sleeping for 0.01702019479125738 seconds
Request model_4#380 arrives at 1605486.799628151, sleeping for 0.02575088758021593 seconds
Request model_5#1029 arrives at 1605486.825716036, sleeping for 0.005039735697209835 seconds
Request model_6#566 arrives at 1605486.831385643, sleeping for 0.0245227653067559 seconds
Request model_4#381 arrives at 1605486.857021675, sleeping for 0.008941791020333767 seconds
Request model_5#1030 arrives at 1605486.867687354, sleeping for 0.10243394831195474 seconds
Request model_5#1031 arrives at 1605486.970438434, sleeping for 0.022729448974132538 seconds
Request model_1#277 arrives at 1605486.99413208, sleeping for 0.1424577918369323 seconds
Request model_5#1032 arrives at 1605487.13792092, sleeping for 0.033476471435278654 seconds
Request model_3#821 arrives at 1605487.171576319, sleeping for 0.06170276738703251 seconds
Request model_2#516 arrives at 1605487.234261478, sleeping for 0.0389485948253423 seconds
Request model_2#517 arrives at 1605487.274142077, sleeping for 0.028637168230488896 seconds
Request model_3#822 arrives at 1605487.303706742, sleeping for 0.0013761192094534636 seconds
Request model_5#1033 arrives at 1605487.305455237, sleeping for 0.028659028001129627 seconds
Request model_5#1034 arrives at 1605487.335130622, sleeping for 0.0413392442278564 seconds
Request model_3#823 arrives at 1605487.376824307, sleeping for 0.019979267613962293 seconds
Request model_2#518 arrives at 1605487.397525219, sleeping for 0.21974166273139417 seconds
Request model_5#1035 arrives at 1605487.617578189, sleeping for 0.016740480437874794 seconds
Request model_5#1036 arrives at 1605487.634870633, sleeping for 0.05971022695302963 seconds
Request model_4#382 arrives at 1605487.695219912, sleeping for 0.003547716187313199 seconds
Request model_3#824 arrives at 1605487.699900721, sleeping for 0.19064283440820873 seconds
Request model_5#1037 arrives at 1605487.891507456, sleeping for 0.001224244013428688 seconds
Request model_5#1038 arrives at 1605487.893378012, sleeping for 0.02732994593679905 seconds
Request model_3#825 arrives at 1605487.921527045, sleeping for 0.03764037694782019 seconds
Request model_4#383 arrives at 1605487.960155415, sleeping for 0 seconds
Request model_6#567 arrives at 1605487.96073166, sleeping for 0.0038058150094002485 seconds
Request model_6#568 arrives at 1605487.965197036, sleeping for 0.2890963687095791 seconds
Request model_3#826 arrives at 1605488.255998453, sleeping for 0.11013430799357593 seconds
Request model_4#384 arrives at 1605488.366615338, sleeping for 0.014663831098005176 seconds
Request model_4#385 arrives at 1605488.382402129, sleeping for 0.015612197574228048 seconds
Request model_3#827 arrives at 1605488.399075597, sleeping for 0.052181813633069396 seconds
Request model_6#569 arrives at 1605488.452756781, sleeping for 0 seconds
Request model_6#570 arrives at 1605488.453060463, sleeping for 0.09303847793489695 seconds
Request model_1#278 arrives at 1605488.546460466, sleeping for 0.030381354270502925 seconds
Request model_2#519 arrives at 1605488.57717429, sleeping for 0.007864037062972784 seconds
Request model_4#386 arrives at 1605488.585868413, sleeping for 0.005428102565929294 seconds
Request model_3#828 arrives at 1605488.591550349, sleeping for 0.07045243890024722 seconds
Request model_4#387 arrives at 1605488.662948801, sleeping for 0.015974903479218483 seconds
Request model_5#1039 arrives at 1605488.679721899, sleeping for 0.03280082833953202 seconds
Request model_3#829 arrives at 1605488.713447098, sleeping for 0.002768314676359296 seconds
Request model_1#279 arrives at 1605488.717130619, sleeping for 0.08239105087704957 seconds
Request model_6#571 arrives at 1605488.800581509, sleeping for 0.02706515695899725 seconds
Request model_3#830 arrives at 1605488.82840061, sleeping for 0.0004159873351454735 seconds
Request model_2#520 arrives at 1605488.829091945, sleeping for 0.15749635896645486 seconds
Request model_6#572 arrives at 1605488.986975651, sleeping for 0.05830671638250351 seconds
Request model_3#831 arrives at 1605489.046745736, sleeping for 0.0058056635316461325 seconds
Request model_6#573 arrives at 1605489.053648233, sleeping for 0.15120567218400538 seconds
Request model_5#1040 arrives at 1605489.205911833, sleeping for 0.019383837934583426 seconds
Request model_3#832 arrives at 1605489.225686406, sleeping for 0.005844863364472985 seconds
Request model_3#833 arrives at 1605489.232407962, sleeping for 0.057638384867459536 seconds
Request model_3#834 arrives at 1605489.290395662, sleeping for 0.005016740411520004 seconds
Request model_6#574 arrives at 1605489.296078269, sleeping for 0.01141075324267149 seconds
Request model_3#835 arrives at 1605489.307749845, sleeping for 0.01637667091563344 seconds
Request model_5#1041 arrives at 1605489.324806176, sleeping for 0.0763194200117141 seconds
Request model_3#836 arrives at 1605489.401502531, sleeping for 0.04733508266508579 seconds
Request model_4#388 arrives at 1605489.449308556, sleeping for 0.0492941290140152 seconds
Request model_4#389 arrives at 1605489.498971298, sleeping for 0.15506839519366622 seconds
Request model_5#1042 arrives at 1605489.654439484, sleeping for 0.005783234024420381 seconds
Request model_3#837 arrives at 1605489.661119889, sleeping for 0.1440962974447757 seconds
Request model_5#1043 arrives at 1605489.806326241, sleeping for 0.07528304145671427 seconds
Request model_3#838 arrives at 1605489.882476771, sleeping for 0.0010884287767112255 seconds
Request model_3#839 arrives at 1605489.884170465, sleeping for 0.10158887878060341 seconds
Request model_6#575 arrives at 1605489.986881665, sleeping for 0.11512776254676282 seconds
Request model_3#840 arrives at 1605490.102731193, sleeping for 0.04764418350532651 seconds
Request model_1#280 arrives at 1605490.151395426, sleeping for 0.2353813701774925 seconds
Request model_5#1044 arrives at 1605490.387737151, sleeping for 0.027834494598209858 seconds
Request model_4#390 arrives at 1605490.41659534, sleeping for 0.007424906361848116 seconds
Request model_6#576 arrives at 1605490.424310964, sleeping for 0.0038003497757017612 seconds
Request model_2#521 arrives at 1605490.428867682, sleeping for 8.626864291727543e-05 seconds
Request model_6#577 arrives at 1605490.429253275, sleeping for 0.06331282970495522 seconds
Request model_5#1045 arrives at 1605490.493056383, sleeping for 0.1370058306492865 seconds
Request model_5#1046 arrives at 1605490.630670571, sleeping for 0.0299708538223058 seconds
Request model_2#522 arrives at 1605490.661337715, sleeping for 0.033039389876648784 seconds
Request model_2#523 arrives at 1605490.694939763, sleeping for 0.0327898592222482 seconds
Request model_1#281 arrives at 1605490.728164638, sleeping for 0.013196984771639109 seconds
Request model_3#841 arrives at 1605490.74284916, sleeping for 0.02498011989519 seconds
Request model_1#282 arrives at 1605490.768469941, sleeping for 0.002603204920887947 seconds
Request model_5#1047 arrives at 1605490.772158862, sleeping for 0.02237396570853889 seconds
Request model_2#524 arrives at 1605490.794793149, sleeping for 0.12287655472755432 seconds
Request model_5#1048 arrives at 1605490.918586824, sleeping for 0.021499676164239645 seconds
Request model_5#1049 arrives at 1605490.940857388, sleeping for 0.07924433937296271 seconds
Request model_3#842 arrives at 1605491.021107462, sleeping for 0.024964133510366082 seconds
Request model_3#843 arrives at 1605491.047005626, sleeping for 0.11762947496026754 seconds
Request model_3#844 arrives at 1605491.166567595, sleeping for 0.01931525906547904 seconds
Request model_1#283 arrives at 1605491.186202447, sleeping for 0.05065746931359172 seconds
Request model_4#391 arrives at 1605491.237747914, sleeping for 0.04604008165188134 seconds
Request model_4#392 arrives at 1605491.2844113, sleeping for 0.004782397765666246 seconds
Request model_5#1050 arrives at 1605491.290049707, sleeping for 0.04127802327275276 seconds
Request model_5#1051 arrives at 1605491.332077564, sleeping for 0.0013781390152871609 seconds
Request model_2#525 arrives at 1605491.333825469, sleeping for 0.06102547934278846 seconds
Request model_1#284 arrives at 1605491.39559122, sleeping for 0.02249130397103727 seconds
Request model_1#285 arrives at 1605491.418312458, sleeping for 0.07729066396132112 seconds
Request model_3#845 arrives at 1605491.496674056, sleeping for 0.1332942012231797 seconds
Request model_6#578 arrives at 1605491.631603322, sleeping for 0.04756270116195083 seconds
Request model_3#846 arrives at 1605491.680199344, sleeping for 0.04738865350373089 seconds
Request model_5#1052 arrives at 1605491.728346063, sleeping for 0.04167568706907332 seconds
Request model_3#847 arrives at 1605491.770523782, sleeping for 0.049523161025717854 seconds
Request model_1#286 arrives at 1605491.820185882, sleeping for 0.02714492497034371 seconds
Request model_4#393 arrives at 1605491.84775218, sleeping for 0.004482507007196546 seconds
Request model_6#579 arrives at 1605491.852421959, sleeping for 0.032873509684577584 seconds
Request model_2#526 arrives at 1605491.886008117, sleeping for 0.0412260836455971 seconds
Request model_2#527 arrives at 1605491.927660472, sleeping for 0.0502107625361532 seconds
Request model_6#580 arrives at 1605491.978383921, sleeping for 0.019200105452910066 seconds
Request model_5#1053 arrives at 1605491.998021334, sleeping for 0.04502954753115773 seconds
Request model_2#528 arrives at 1605492.043371849, sleeping for 0.025648016249760985 seconds
Request model_3#848 arrives at 1605492.071074658, sleeping for 0.012723031220957637 seconds
Request model_5#1054 arrives at 1605492.08573264, sleeping for 0.013529458083212376 seconds
Request model_3#849 arrives at 1605492.10034215, sleeping for 0 seconds
Request model_5#1055 arrives at 1605492.101241628, sleeping for 0.21483054687269032 seconds
Request model_1#287 arrives at 1605492.316988942, sleeping for 0.029635664774104953 seconds
Request model_3#850 arrives at 1605492.34687029, sleeping for 0.018546416657045484 seconds
Request model_5#1056 arrives at 1605492.366554752, sleeping for 0.013622268801555037 seconds
Request model_6#581 arrives at 1605492.381196023, sleeping for 0.0012964610941708088 seconds
Request model_4#394 arrives at 1605492.382709966, sleeping for 0.05883947527036071 seconds
Request model_5#1057 arrives at 1605492.443253527, sleeping for 0.028427552664652467 seconds
Request model_3#851 arrives at 1605492.471938054, sleeping for 0.1408386565744877 seconds
Request model_3#852 arrives at 1605492.613711947, sleeping for 0.012152982177212834 seconds
Request model_6#582 arrives at 1605492.626746795, sleeping for 0.017354693496599793 seconds
Request model_3#853 arrives at 1605492.64433602, sleeping for 0.0021346521098166704 seconds
Request model_3#854 arrives at 1605492.647198014, sleeping for 0.056082314578816295 seconds
Request model_5#1058 arrives at 1605492.703492599, sleeping for 0.0023264619521796703 seconds
Request model_3#855 arrives at 1605492.706273632, sleeping for 0.09987551136873662 seconds
Request model_4#395 arrives at 1605492.806854184, sleeping for 0.03511810256168246 seconds
Request model_5#1059 arrives at 1605492.842499328, sleeping for 0.06861140788532794 seconds
Request model_2#529 arrives at 1605492.912217915, sleeping for 0.009162366623058915 seconds
Request model_3#856 arrives at 1605492.921729814, sleeping for 0.06315367529168725 seconds
Request model_6#583 arrives at 1605492.986340569, sleeping for 0.001812234055250883 seconds
Request model_4#396 arrives at 1605492.98897903, sleeping for 0.03237385908141732 seconds
Request model_3#857 arrives at 1605493.021791132, sleeping for 0.03232470853254199 seconds
Request model_5#1060 arrives at 1605493.055133808, sleeping for 0.0024264142848551273 seconds
Request model_2#530 arrives at 1605493.05781978, sleeping for 0.01585507788695395 seconds
Request model_4#397 arrives at 1605493.074462508, sleeping for 0.05427237437106669 seconds
Request model_6#584 arrives at 1605493.129133909, sleeping for 0.015147022670134902 seconds
Request model_4#398 arrives at 1605493.14490205, sleeping for 0.22708313423208892 seconds
Request model_1#288 arrives at 1605493.372669284, sleeping for 0.06554802926257253 seconds
Request model_5#1061 arrives at 1605493.43864465, sleeping for 0.012726794462651014 seconds
Request model_2#531 arrives at 1605493.453476072, sleeping for 0.023202592274174094 seconds
Request model_2#532 arrives at 1605493.477620122, sleeping for 0.009451642632484436 seconds
Request model_5#1062 arrives at 1605493.488323551, sleeping for 0.012483133468776941 seconds
Request model_4#399 arrives at 1605493.500981505, sleeping for 0.009900847682729363 seconds
Request model_3#858 arrives at 1605493.511622774, sleeping for 0.0016594601329416037 seconds
Request model_3#859 arrives at 1605493.514342786, sleeping for 4.400243051350117e-05 seconds
Request model_5#1063 arrives at 1605493.51477605, sleeping for 0.009709349367767572 seconds
Request model_1#289 arrives at 1605493.525524729, sleeping for 0.019021373009309173 seconds
Request model_3#860 arrives at 1605493.546077438, sleeping for 0.11683674529194832 seconds
Request model_6#585 arrives at 1605493.663809042, sleeping for 0.09553967858664691 seconds
Request model_5#1064 arrives at 1605493.759988728, sleeping for 0.05505421617999673 seconds
Request model_5#1065 arrives at 1605493.815800359, sleeping for 0.042334513971582055 seconds
Request model_5#1066 arrives at 1605493.858513423, sleeping for 0.017520512687042356 seconds
Request model_5#1067 arrives at 1605493.876574672, sleeping for 0.05704333307221532 seconds
Request model_1#290 arrives at 1605493.934171118, sleeping for 0.1118974993005395 seconds
Request model_4#400 arrives at 1605494.046934421, sleeping for 0.06328388070687652 seconds
Request model_3#861 arrives at 1605494.110954861, sleeping for 0.07302915072068572 seconds
Request model_1#291 arrives at 1605494.18464341, sleeping for 0.02483032550662756 seconds
Request model_2#533 arrives at 1605494.209877669, sleeping for 0.10881237010471523 seconds
Request model_2#534 arrives at 1605494.319829818, sleeping for 0.05454105418175459 seconds
Request model_3#862 arrives at 1605494.375527379, sleeping for 0.0332603647839278 seconds
Request model_3#863 arrives at 1605494.409131047, sleeping for 0.07567880721762776 seconds
Request model_5#1068 arrives at 1605494.484962124, sleeping for 0.04882654896937311 seconds
Request model_5#1069 arrives at 1605494.534538784, sleeping for 0.046253633219748735 seconds
Request model_3#864 arrives at 1605494.581145249, sleeping for 0.06985689816065133 seconds
Request model_6#586 arrives at 1605494.651701333, sleeping for 0.023508107056841254 seconds
Request model_2#535 arrives at 1605494.675455279, sleeping for 0.03611672343686223 seconds
Request model_2#536 arrives at 1605494.712304364, sleeping for 0.14310548710636795 seconds
Request model_4#401 arrives at 1605494.856012323, sleeping for 0.04640545230358839 seconds
Request model_6#587 arrives at 1605494.903667367, sleeping for 0.020677782827988267 seconds
Request model_3#865 arrives at 1605494.925450287, sleeping for 0.03591978456825018 seconds
Request model_4#402 arrives at 1605494.963446122, sleeping for 0.15493700047954917 seconds
Request model_6#588 arrives at 1605495.119156759, sleeping for 0.03892662073485553 seconds
Request model_1#292 arrives at 1605495.158910388, sleeping for 0.058124309638515115 seconds
Request model_4#403 arrives at 1605495.217897696, sleeping for 0.024691368220373988 seconds
Request model_3#866 arrives at 1605495.243115355, sleeping for 0.07477449951693416 seconds
Request model_3#867 arrives at 1605495.318450598, sleeping for 0.016511539230123162 seconds
Request model_2#537 arrives at 1605495.335506569, sleeping for 0.13572670333087444 seconds
Request model_6#589 arrives at 1605495.471812976, sleeping for 0.06513736862689257 seconds
Request model_3#868 arrives at 1605495.538037584, sleeping for 0.0364256682805717 seconds
Request model_6#590 arrives at 1605495.576224939, sleeping for 0.07134516630321741 seconds
Request model_2#538 arrives at 1605495.648681149, sleeping for 0.05427789269015193 seconds
Request model_1#293 arrives at 1605495.703507142, sleeping for 0.19497093907557428 seconds
Request model_5#1070 arrives at 1605495.899434873, sleeping for 0.03424277761951089 seconds
Request model_5#1071 arrives at 1605495.934588043, sleeping for 0.037498449673876166 seconds
Request model_4#404 arrives at 1605495.972613128, sleeping for 0.05436999653466046 seconds
Request model_3#869 arrives at 1605496.027818654, sleeping for 0.13625869411043823 seconds
Request model_5#1072 arrives at 1605496.164816358, sleeping for 0.031353272730484605 seconds
Request model_5#1073 arrives at 1605496.197138525, sleeping for 0 seconds
Request model_6#591 arrives at 1605496.19780241, sleeping for 0.018289327854290605 seconds
Request model_6#592 arrives at 1605496.217239771, sleeping for 0.10191783425398171 seconds
Request model_5#1074 arrives at 1605496.320189592, sleeping for 0.039810835383832455 seconds
Request model_3#870 arrives at 1605496.360810948, sleeping for 0.09466561092995107 seconds
Request model_2#539 arrives at 1605496.455887904, sleeping for 0.2553561255335808 seconds
Request model_6#593 arrives at 1605496.712439286, sleeping for 0.001932679209858179 seconds
Request model_6#594 arrives at 1605496.715529442, sleeping for 0.011684767669066787 seconds
Request model_4#405 arrives at 1605496.728381128, sleeping for 0.00047683040611445904 seconds
Request model_6#595 arrives at 1605496.728992853, sleeping for 0.06200794642791152 seconds
Request model_3#871 arrives at 1605496.791694351, sleeping for 0.024607934523373842 seconds
Request model_6#596 arrives at 1605496.816793419, sleeping for 0.18228172441013157 seconds
Request model_5#1075 arrives at 1605497.000119655, sleeping for 0.01379771949723363 seconds
Request model_2#540 arrives at 1605497.014884877, sleeping for 0.05137046054005623 seconds
Request model_3#872 arrives at 1605497.066995368, sleeping for 0.10613786359317601 seconds
Request model_6#597 arrives at 1605497.17366836, sleeping for 0.0376400004606694 seconds
Request model_5#1076 arrives at 1605497.21228752, sleeping for 0.06464733090251684 seconds
Request model_4#406 arrives at 1605497.277985773, sleeping for 0.046740988502278924 seconds
Request model_6#598 arrives at 1605497.325432196, sleeping for 0.03263514116406441 seconds
Request model_3#873 arrives at 1605497.359020593, sleeping for 0.012493359623476863 seconds
Request model_5#1077 arrives at 1605497.371683008, sleeping for 0.10974544659256935 seconds
Request model_5#1078 arrives at 1605497.482312072, sleeping for 0.06704649515450001 seconds
Request model_5#1079 arrives at 1605497.550015872, sleeping for 0.022451790515333414 seconds
Request model_1#294 arrives at 1605497.573456516, sleeping for 0.009745351737365127 seconds
Request model_3#874 arrives at 1605497.584095684, sleeping for 0.006190833868458867 seconds
Request model_5#1080 arrives at 1605497.590748689, sleeping for 0.003803621046245098 seconds
Request model_5#1081 arrives at 1605497.595414727, sleeping for 0.12131961854174733 seconds
Request model_3#875 arrives at 1605497.717200105, sleeping for 0.0500627642031759 seconds
Request model_2#541 arrives at 1605497.767876363, sleeping for 0.0023424734827131033 seconds
Request model_6#599 arrives at 1605497.770791838, sleeping for 0.0053407419472932816 seconds
Request model_6#600 arrives at 1605497.776448015, sleeping for 0.0405625628773123 seconds
Request model_4#407 arrives at 1605497.818132009, sleeping for 0.07971598417498171 seconds
Request model_4#408 arrives at 1605497.898260042, sleeping for 0.01938371593132615 seconds
Request model_2#542 arrives at 1605497.918159756, sleeping for 0.04036653647199273 seconds
Request model_2#543 arrives at 1605497.958973524, sleeping for 0.027151204645633698 seconds
Request model_1#295 arrives at 1605497.986860134, sleeping for 0.07322975434362888 seconds
Request model_5#1082 arrives at 1605498.060690105, sleeping for 0.029026823351159692 seconds
Request model_6#601 arrives at 1605498.090663823, sleeping for 0.03383277147077024 seconds
Request model_1#296 arrives at 1605498.12541079, sleeping for 0.00010200846008956432 seconds
Request model_6#602 arrives at 1605498.125947304, sleeping for 0.12854689499363303 seconds
Request model_2#544 arrives at 1605498.255667777, sleeping for 0.016102220164611936 seconds
Request model_4#409 arrives at 1605498.272631317, sleeping for 0.010197038995102048 seconds
Request model_1#297 arrives at 1605498.283396186, sleeping for 0.050942166708409786 seconds
Request model_2#545 arrives at 1605498.335046144, sleeping for 0.008756856434047222 seconds
Request model_4#410 arrives at 1605498.345693861, sleeping for 0.019143066136166453 seconds
Request model_5#1083 arrives at 1605498.365475325, sleeping for 0.07635428733192384 seconds
Request model_3#876 arrives at 1605498.442650703, sleeping for 0.05769304092973471 seconds
Request model_6#603 arrives at 1605498.500549462, sleeping for 0.005832009948790073 seconds
Request model_1#298 arrives at 1605498.507411949, sleeping for 0.03161021857522428 seconds
Request model_2#546 arrives at 1605498.539701435, sleeping for 0.04683637246489525 seconds
Request model_6#604 arrives at 1605498.587266769, sleeping for 0.018110718810930848 seconds
Request model_1#299 arrives at 1605498.606865501, sleeping for 0.02139183832332492 seconds
Request model_5#1084 arrives at 1605498.62854252, sleeping for 0.008076573954895139 seconds
Request model_3#877 arrives at 1605498.637387963, sleeping for 0.03397651691921055 seconds
Request model_3#878 arrives at 1605498.672400633, sleeping for 0.1070426267106086 seconds
Request model_3#879 arrives at 1605498.780277165, sleeping for 0.0005762756336480379 seconds
Request model_3#880 arrives at 1605498.781973259, sleeping for 0.0455448932480067 seconds
Request model_6#605 arrives at 1605498.82809038, sleeping for 0.014122700085863471 seconds
Request model_2#547 arrives at 1605498.842715511, sleeping for 0.07707903883419931 seconds
Request model_1#300 arrives at 1605498.920715976, sleeping for 0.0023211687803268433 seconds
Request model_6#606 arrives at 1605498.923305847, sleeping for 0.20612328755669296 seconds
Request model_6#607 arrives at 1605499.131550319, sleeping for 0.03262129705399275 seconds
Request model_4#411 arrives at 1605499.164700524, sleeping for 0.03777460800483823 seconds
Request model_3#881 arrives at 1605499.203445574, sleeping for 0.05354584474116564 seconds
Request model_3#882 arrives at 1605499.25743942, sleeping for 0.042978046694770455 seconds
Request model_5#1085 arrives at 1605499.301501855, sleeping for 0.07275820104405284 seconds
Request model_6#608 arrives at 1605499.375264694, sleeping for 0.0034386522602289915 seconds
Request model_2#548 arrives at 1605499.378935775, sleeping for 0.006836414569988847 seconds
Request model_3#883 arrives at 1605499.386610768, sleeping for 0.15221902984194458 seconds
Request model_3#884 arrives at 1605499.539749584, sleeping for 0.00018525845371186733 seconds
Request model_2#549 arrives at 1605499.540209068, sleeping for 0.22287545329891145 seconds
Request model_6#609 arrives at 1605499.763837756, sleeping for 0.029203835874795914 seconds
Request model_3#885 arrives at 1605499.79329185, sleeping for 0.04531747614964843 seconds
Request model_5#1086 arrives at 1605499.838845497, sleeping for 0.061385883716866374 seconds
Request model_3#886 arrives at 1605499.902346952, sleeping for 0.0006804389413446188 seconds
Request model_1#301 arrives at 1605499.904036676, sleeping for 0.027990283211693168 seconds
Request model_2#550 arrives at 1605499.932212928, sleeping for 0.009569303598254919 seconds
Request model_6#610 arrives at 1605499.942145061, sleeping for 0.002578370040282607 seconds
Request model_3#887 arrives at 1605499.945875401, sleeping for 0.021995888790115714 seconds
Request model_2#551 arrives at 1605499.96980297, sleeping for 0.18517139647156 seconds
Request model_4#412 arrives at 1605500.155981898, sleeping for 0.08110003895126283 seconds
Request model_4#413 arrives at 1605500.237431112, sleeping for 0.024797220015898347 seconds
Request model_5#1087 arrives at 1605500.263421277, sleeping for 0.05979869933798909 seconds
Request model_5#1088 arrives at 1605500.324200509, sleeping for 0.003886224702000618 seconds
Request model_4#414 arrives at 1605500.329037159, sleeping for 0.2223379930946976 seconds
Request model_2#552 arrives at 1605500.551734521, sleeping for 0.00969711598008871 seconds
Request model_6#611 arrives at 1605500.562751241, sleeping for 0.0025760317221283913 seconds
Request model_1#302 arrives at 1605500.565552015, sleeping for 0.007244318723678589 seconds
Request model_5#1089 arrives at 1605500.573232548, sleeping for 0.01886517694219947 seconds
Request model_4#415 arrives at 1605500.593027362, sleeping for 0.00610395846888423 seconds
Request model_4#416 arrives at 1605500.599739868, sleeping for 0.037922260351479053 seconds
Request model_2#553 arrives at 1605500.638478538, sleeping for 0.027800110634416342 seconds
Request model_2#554 arrives at 1605500.667347086, sleeping for 0.06471232860349119 seconds
Request model_5#1090 arrives at 1605500.732270253, sleeping for 0.021236271131783724 seconds
Request model_3#888 arrives at 1605500.754050443, sleeping for 0.025190561776980758 seconds
Request model_2#555 arrives at 1605500.779934617, sleeping for 0.06336521403864026 seconds
Request model_5#1091 arrives at 1605500.844020257, sleeping for 0.017774215200915933 seconds
Request model_3#889 arrives at 1605500.863758749, sleeping for 0.021429972257465124 seconds
Request model_5#1092 arrives at 1605500.885859652, sleeping for 0.04757546843029559 seconds
Request model_3#890 arrives at 1605500.934535004, sleeping for 0.00894311093725264 seconds
Request model_6#612 arrives at 1605500.945204732, sleeping for 0.05282169533893466 seconds
Request model_3#891 arrives at 1605500.998872026, sleeping for 0.05571041931398213 seconds
Request model_3#892 arrives at 1605501.055117881, sleeping for 0.0614437370095402 seconds
Request model_6#613 arrives at 1605501.116819371, sleeping for 0.12970259436406195 seconds
Request model_2#556 arrives at 1605501.247950415, sleeping for 0.00015866057947278023 seconds
Request model_5#1093 arrives at 1605501.248435319, sleeping for 0.03792670788243413 seconds
Request model_5#1094 arrives at 1605501.287198769, sleeping for 0.06321805180050433 seconds
Request model_4#417 arrives at 1605501.351120138, sleeping for 0.0032416321337223053 seconds
Request model_6#614 arrives at 1605501.355290322, sleeping for 0.028249121271073818 seconds
Request model_5#1095 arrives at 1605501.384492794, sleeping for 0.002341899089515209 seconds
Request model_2#557 arrives at 1605501.387383738, sleeping for 0.03935616556555033 seconds
Request model_2#558 arrives at 1605501.426975835, sleeping for 0.01335931196808815 seconds
Request model_2#559 arrives at 1605501.442179151, sleeping for 0.006988184293732047 seconds
Request model_5#1096 arrives at 1605501.449845394, sleeping for 0.06730019673705101 seconds
Request model_1#303 arrives at 1605501.517729865, sleeping for 0.06733181164599955 seconds
Request model_3#893 arrives at 1605501.586587974, sleeping for 0.042710416251793504 seconds
Request model_2#560 arrives at 1605501.630266825, sleeping for 0.04779993835836649 seconds
Request model_2#561 arrives at 1605501.678951198, sleeping for 0.025601841509342194 seconds
Request model_5#1097 arrives at 1605501.705039244, sleeping for 0.10319159016944468 seconds
Request model_4#418 arrives at 1605501.809344526, sleeping for 0.08664893312379718 seconds
Request model_5#1098 arrives at 1605501.896573317, sleeping for 0.07803024677559733 seconds
Request model_5#1099 arrives at 1605501.97553752, sleeping for 0.11202909843996167 seconds
Request model_6#615 arrives at 1605502.088622295, sleeping for 0.06843335344456136 seconds
Request model_5#1100 arrives at 1605502.158494462, sleeping for 0.016166995745152235 seconds
Request model_2#562 arrives at 1605502.175259661, sleeping for 0.05147975916042924 seconds
Request model_2#563 arrives at 1605502.226954788, sleeping for 0.01035197894088924 seconds
Request model_3#894 arrives at 1605502.237653577, sleeping for 0.0043384479358792305 seconds
Request model_6#616 arrives at 1605502.242333085, sleeping for 0.02872488391585648 seconds
Request model_6#617 arrives at 1605502.271248174, sleeping for 0.09365994669497013 seconds
Request model_5#1101 arrives at 1605502.365388262, sleeping for 0.05154760926961899 seconds
Request model_1#304 arrives at 1605502.417672404, sleeping for 0.003812922164797783 seconds
Request model_6#618 arrives at 1605502.422387044, sleeping for 0.07444896502420306 seconds
Request model_3#895 arrives at 1605502.497134052, sleeping for 4.691840149462223e-05 seconds
Request model_4#419 arrives at 1605502.497584955, sleeping for 0.025181335397064686 seconds
Request model_5#1102 arrives at 1605502.523357568, sleeping for 0.09662982122972608 seconds
Request model_5#1103 arrives at 1605502.621087096, sleeping for 0.01145096798427403 seconds
Request model_2#564 arrives at 1605502.632952414, sleeping for 0.013532148906961083 seconds
Request model_2#565 arrives at 1605502.647695556, sleeping for 0.03507657768204808 seconds
Request model_5#1104 arrives at 1605502.683470712, sleeping for 0.04112350405193865 seconds
Request model_3#896 arrives at 1605502.725393468, sleeping for 0.03703760635107756 seconds
Request model_1#305 arrives at 1605502.763345102, sleeping for 0.039298174902796745 seconds
Request model_3#897 arrives at 1605502.80306819, sleeping for 0.11376531491987407 seconds
Request model_3#898 arrives at 1605502.917304425, sleeping for 0.04622696712613106 seconds
Request model_3#899 arrives at 1605502.964391904, sleeping for 0.10430189548060298 seconds
Request model_3#900 arrives at 1605503.07044963, sleeping for 0.08980605704709888 seconds
Request model_4#420 arrives at 1605503.161826016, sleeping for 0.002152874832972884 seconds
Request model_6#619 arrives at 1605503.164861401, sleeping for 0.0049087293446063995 seconds
Request model_2#566 arrives at 1605503.17080122, sleeping for 0.030398493399843574 seconds
Request model_1#306 arrives at 1605503.201644475, sleeping for 0.022144356975331903 seconds
Request model_3#901 arrives at 1605503.224921717, sleeping for 0.02354380674660206 seconds
Request model_3#902 arrives at 1605503.249043387, sleeping for 0.02306745434179902 seconds
Request model_2#567 arrives at 1605503.273048065, sleeping for 0.08986851177178323 seconds
Request model_5#1105 arrives at 1605503.363510493, sleeping for 0.018703038804233074 seconds
Request model_5#1106 arrives at 1605503.38253188, sleeping for 0.10634044790640473 seconds
Request model_6#620 arrives at 1605503.489431654, sleeping for 0.004723331891000271 seconds
Request model_2#568 arrives at 1605503.494398554, sleeping for 0.03207688173279166 seconds
Request model_2#569 arrives at 1605503.527009134, sleeping for 0.04864550521597266 seconds
Request model_1#307 arrives at 1605503.576185271, sleeping for 0.0076421580743044615 seconds
Request model_4#421 arrives at 1605503.585015103, sleeping for 0.03045306564308703 seconds
Request model_5#1107 arrives at 1605503.617508812, sleeping for 0.05063840700313449 seconds
Request model_5#1108 arrives at 1605503.668794386, sleeping for 0.11890249536372721 seconds
Request model_3#903 arrives at 1605503.788975579, sleeping for 0.20294308243319392 seconds
Request model_4#422 arrives at 1605503.992583112, sleeping for 0.08486887300387025 seconds
Request model_1#308 arrives at 1605504.079314129, sleeping for 0.0042498193215578794 seconds
Request model_5#1109 arrives at 1605504.084701094, sleeping for 0.030541515443474054 seconds
Request model_4#423 arrives at 1605504.115626529, sleeping for 0.004519973881542683 seconds
Request model_4#424 arrives at 1605504.120604871, sleeping for 0.22577450494281948 seconds
Request model_3#904 arrives at 1605504.347387695, sleeping for 0.0033710282295942307 seconds
Request model_3#905 arrives at 1605504.35161118, sleeping for 0.11116285482421517 seconds
Request model_5#1110 arrives at 1605504.463521904, sleeping for 0 seconds
Request model_3#906 arrives at 1605504.46420127, sleeping for 0.0008858696091920137 seconds
Request model_5#1111 arrives at 1605504.466113926, sleeping for 0.01238046563230455 seconds
Request model_5#1112 arrives at 1605504.47868569, sleeping for 0.003631891682744026 seconds
Request model_4#425 arrives at 1605504.482485951, sleeping for 0.11016072984784842 seconds
Request model_4#426 arrives at 1605504.5936822, sleeping for 0.09746262850239873 seconds
Request model_4#427 arrives at 1605504.693347244, sleeping for 0.01615737215615809 seconds
Request model_2#570 arrives at 1605504.710386685, sleeping for 0.09452684759162366 seconds
Request model_1#309 arrives at 1605504.80537292, sleeping for 0.01788330846466124 seconds
Request model_4#428 arrives at 1605504.823647851, sleeping for 0.015864407643675804 seconds
Request model_3#907 arrives at 1605504.839932746, sleeping for 0.00429146783426404 seconds
Request model_2#571 arrives at 1605504.844889236, sleeping for 0.0159888151101768 seconds
Request model_2#572 arrives at 1605504.861558744, sleeping for 0.0011512103956192732 seconds
Request model_6#621 arrives at 1605504.863248628, sleeping for 0.10214628698304296 seconds
Request model_3#908 arrives at 1605504.965970387, sleeping for 0.039632401429116726 seconds
Request model_5#1113 arrives at 1605505.00625343, sleeping for 0.07613513898104429 seconds
Request model_4#429 arrives at 1605505.083053325, sleeping for 0.09762871265411377 seconds
Request model_3#909 arrives at 1605505.181205766, sleeping for 0 seconds
Request model_4#430 arrives at 1605505.181868501, sleeping for 0.016804229002445936 seconds
Request model_4#431 arrives at 1605505.199371106, sleeping for 0.08375014085322618 seconds
Request model_4#432 arrives at 1605505.283550542, sleeping for 0.009854527655988932 seconds
Request model_2#573 arrives at 1605505.294437462, sleeping for 0.06312088132835925 seconds
Request model_4#433 arrives at 1605505.358713913, sleeping for 0.01706133713014424 seconds
Request model_3#910 arrives at 1605505.377032614, sleeping for 0.09268123074434698 seconds
Request model_5#1114 arrives at 1605505.470286985, sleeping for 0.02588547905907035 seconds
Request model_3#911 arrives at 1605505.496486752, sleeping for 0.03505024476908147 seconds
Request model_3#912 arrives at 1605505.5326531, sleeping for 0.15932386019267142 seconds
Request model_3#913 arrives at 1605505.693034016, sleeping for 0.0444538549054414 seconds
Request model_4#434 arrives at 1605505.737856026, sleeping for 0.19000374316237867 seconds
Request model_3#914 arrives at 1605505.928646143, sleeping for 0.1030979489441961 seconds
Request model_3#915 arrives at 1605506.032470871, sleeping for 0.08157854690216482 seconds
Request model_6#622 arrives at 1605506.114430468, sleeping for 0.01615795586258173 seconds
Request model_3#916 arrives at 1605506.131130516, sleeping for 0.0183149054646492 seconds
Request model_3#917 arrives at 1605506.149576069, sleeping for 0.007932639447972178 seconds
Request model_3#918 arrives at 1605506.158255641, sleeping for 0.013647889252752066 seconds
Request model_2#574 arrives at 1605506.172785961, sleeping for 0.018382931826636195 seconds
Request model_5#1115 arrives at 1605506.192452503, sleeping for 0.12451292015612125 seconds
Request model_3#919 arrives at 1605506.317371045, sleeping for 0.04186654067598283 seconds
Request model_6#623 arrives at 1605506.360110378, sleeping for 0.032495389226824045 seconds
Request model_4#435 arrives at 1605506.393387873, sleeping for 0.048178572207689285 seconds
Request model_5#1116 arrives at 1605506.442300008, sleeping for 0.007141276029869914 seconds
Request model_2#575 arrives at 1605506.450503945, sleeping for 0.039016299648210406 seconds
Request model_6#624 arrives at 1605506.490493506, sleeping for 0.0077847870998084545 seconds
Request model_5#1117 arrives at 1605506.498687064, sleeping for 0.00282689300365746 seconds
Request model_6#625 arrives at 1605506.50190018, sleeping for 0.05226589343510568 seconds
Request model_5#1118 arrives at 1605506.556090408, sleeping for 0.0652658308390528 seconds
Request model_5#1119 arrives at 1605506.621859941, sleeping for 0.001986485905945301 seconds
Request model_3#920 arrives at 1605506.624914277, sleeping for 0.06571207125671208 seconds
Request model_2#576 arrives at 1605506.691279945, sleeping for 0.10049934522248805 seconds
Request model_6#626 arrives at 1605506.793932283, sleeping for 0.0029706857167184353 seconds
Request model_5#1120 arrives at 1605506.798129308, sleeping for 0.0683675913605839 seconds
Request model_1#310 arrives at 1605506.867240829, sleeping for 0.22483319649472833 seconds
Request model_6#627 arrives at 1605507.09243325, sleeping for 0.007896638242527843 seconds
Request model_2#577 arrives at 1605507.100689248, sleeping for 0.05523825343698263 seconds
Request model_2#578 arrives at 1605507.156332728, sleeping for 0.014693087199702859 seconds
Request model_3#921 arrives at 1605507.171367242, sleeping for 0.002028394490480423 seconds
Request model_5#1121 arrives at 1605507.174051344, sleeping for 0.033163737738505006 seconds
Request model_5#1122 arrives at 1605507.208243037, sleeping for 0.036500837886705995 seconds
Request model_4#436 arrives at 1605507.245375744, sleeping for 0.2093769027851522 seconds
Request model_3#922 arrives at 1605507.456919872, sleeping for 0.05719561642035842 seconds
Request model_5#1123 arrives at 1605507.514538228, sleeping for 0.07013515289872885 seconds
Request model_5#1124 arrives at 1605507.585189822, sleeping for 0.036517178639769554 seconds
Request model_2#579 arrives at 1605507.621956135, sleeping for 0.01364474999718368 seconds
Request model_5#1125 arrives at 1605507.636650547, sleeping for 0.09852940938435495 seconds
Request model_3#923 arrives at 1605507.735406733, sleeping for 0.1009865093510598 seconds
Request model_1#311 arrives at 1605507.836676329, sleeping for 0.01023357454687357 seconds
Request model_5#1126 arrives at 1605507.847384888, sleeping for 0.05057427566498518 seconds
Request model_4#437 arrives at 1605507.898955984, sleeping for 0.09440030390396714 seconds
Request model_2#580 arrives at 1605507.994229362, sleeping for 0.07631403463892639 seconds
Request model_6#628 arrives at 1605508.070937825, sleeping for 0.02092020376585424 seconds
Request model_3#924 arrives at 1605508.092589474, sleeping for 0.12872917507775128 seconds
Request model_3#925 arrives at 1605508.221633971, sleeping for 0.10577540355734527 seconds
Request model_1#312 arrives at 1605508.328411183, sleeping for 0.023126887856051326 seconds
Request model_6#629 arrives at 1605508.352074668, sleeping for 0.02968804957345128 seconds
Request model_3#926 arrives at 1605508.382760812, sleeping for 0.004024064866825938 seconds
Request model_5#1127 arrives at 1605508.387496691, sleeping for 0.0016812977846711874 seconds
Request model_4#438 arrives at 1605508.389752479, sleeping for 0 seconds
Request model_6#630 arrives at 1605508.390356584, sleeping for 0.06308732368052006 seconds
Request model_5#1128 arrives at 1605508.454600595, sleeping for 0.024405304342508316 seconds
Request model_6#631 arrives at 1605508.479524041, sleeping for 0.05998260388150811 seconds
Request model_3#927 arrives at 1605508.540601556, sleeping for 0.02810228057205677 seconds
Request model_2#581 arrives at 1605508.569712136, sleeping for 0.08588269236497581 seconds
Request model_5#1129 arrives at 1605508.656242891, sleeping for 0.04453954519703984 seconds
Request model_5#1130 arrives at 1605508.701514266, sleeping for 0.0239417334087193 seconds
Request model_6#632 arrives at 1605508.726198559, sleeping for 0.08862014254555106 seconds
Request model_3#928 arrives at 1605508.815928561, sleeping for 0.049636908108368516 seconds
Request model_5#1131 arrives at 1605508.866273937, sleeping for 0.025558981113135815 seconds
Request model_3#929 arrives at 1605508.893962705, sleeping for 0.04752080189064145 seconds
Request model_5#1132 arrives at 1605508.941998462, sleeping for 0.07603584555909038 seconds
Request model_3#930 arrives at 1605509.019845626, sleeping for 0.09826208581216633 seconds
Request model_5#1133 arrives at 1605509.118599831, sleeping for 0.012321889400482178 seconds
Request model_5#1134 arrives at 1605509.131526408, sleeping for 0.018607646925374866 seconds
Request model_3#931 arrives at 1605509.151241441, sleeping for 0.019591201562434435 seconds
Request model_6#633 arrives at 1605509.171003564, sleeping for 0.09839817206375301 seconds
Request model_5#1135 arrives at 1605509.270268075, sleeping for 0.017947493586689234 seconds
Request model_3#932 arrives at 1605509.288517075, sleeping for 0.2011370297987014 seconds
Request model_3#933 arrives at 1605509.490187161, sleeping for 0.01327033108100295 seconds
Request model_5#1136 arrives at 1605509.504907143, sleeping for 0.05740761081688106 seconds
Request model_2#582 arrives at 1605509.562703811, sleeping for 0.07326533505693078 seconds
Request model_1#313 arrives at 1605509.637093705, sleeping for 0.0052059555891901255 seconds
Request model_2#583 arrives at 1605509.642783462, sleeping for 0.07171163312159479 seconds
Request model_5#1137 arrives at 1605509.715254251, sleeping for 0.1002042512409389 seconds
Request model_5#1138 arrives at 1605509.816183424, sleeping for 0.03659253614023328 seconds
Request model_3#934 arrives at 1605509.854112548, sleeping for 0.051314703887328506 seconds
Request model_3#935 arrives at 1605509.90639577, sleeping for 0.0322617928031832 seconds
Request model_3#936 arrives at 1605509.939631355, sleeping for 0.029233426554128528 seconds
Request model_5#1139 arrives at 1605509.969565282, sleeping for 0.07116405782289803 seconds
Request model_6#634 arrives at 1605510.041713118, sleeping for 0.049516277154907584 seconds
Request model_6#635 arrives at 1605510.092208745, sleeping for 0.005479081533849239 seconds
Request model_5#1140 arrives at 1605510.098029943, sleeping for 0.03753066738136113 seconds
Request model_6#636 arrives at 1605510.136486181, sleeping for 0.04830333567224443 seconds
Request model_2#584 arrives at 1605510.185146103, sleeping for 0.04106239718385041 seconds
Request model_3#937 arrives at 1605510.22716811, sleeping for 0.00040631508454680443 seconds
Request model_5#1141 arrives at 1605510.227850046, sleeping for 0.07918625231832266 seconds
Request model_5#1142 arrives at 1605510.308166179, sleeping for 0.03151330002583563 seconds
Request model_6#637 arrives at 1605510.340395325, sleeping for 0.017194262007251382 seconds
Request model_3#938 arrives at 1605510.358504075, sleeping for 0.0139156982768327 seconds
Request model_6#638 arrives at 1605510.373166766, sleeping for 0.016732620541006327 seconds
Request model_2#585 arrives at 1605510.390862172, sleeping for 0.08561749546788633 seconds
Request model_2#586 arrives at 1605510.477453748, sleeping for 0.004241887480020523 seconds
Request model_4#439 arrives at 1605510.482195977, sleeping for 0.10430529317818582 seconds
Request model_6#639 arrives at 1605510.587983341, sleeping for 0.01651438418775797 seconds
Request model_6#640 arrives at 1605510.605172153, sleeping for 0.09803443914279342 seconds
Request model_5#1143 arrives at 1605510.704389472, sleeping for 0.013633549911901355 seconds
Request model_5#1144 arrives at 1605510.719661458, sleeping for 0.08392055379226804 seconds
Request model_6#641 arrives at 1605510.804109736, sleeping for 0.04509811848402023 seconds
Request model_6#642 arrives at 1605510.849890774, sleeping for 0.04134698677808046 seconds
Request model_2#587 arrives at 1605510.891565689, sleeping for 0.04525868920609355 seconds
Request model_5#1145 arrives at 1605510.937382257, sleeping for 0.027439452474936843 seconds
Request model_5#1146 arrives at 1605510.965090556, sleeping for 0.019927778048440814 seconds
Request model_4#440 arrives at 1605510.985915578, sleeping for 0.0035901088267564774 seconds
Request model_1#314 arrives at 1605510.989871601, sleeping for 0.047441176138818264 seconds
Request model_6#643 arrives at 1605511.037690016, sleeping for 0.046572763472795486 seconds
Request model_5#1147 arrives at 1605511.084697424, sleeping for 0.008560997433960438 seconds
Request model_6#644 arrives at 1605511.093790999, sleeping for 0.028685111552476883 seconds
Request model_4#441 arrives at 1605511.123067491, sleeping for 0.04150327038951218 seconds
Request model_4#442 arrives at 1605511.165139099, sleeping for 0.06827167444862425 seconds
Request model_4#443 arrives at 1605511.233790745, sleeping for 0.08619956416077912 seconds
Request model_6#645 arrives at 1605511.321015156, sleeping for 0.024945402052253485 seconds
Request model_4#444 arrives at 1605511.347033221, sleeping for 0.051547277020290494 seconds
Request model_5#1148 arrives at 1605511.399273732, sleeping for 0.10054688830859959 seconds
Request model_4#445 arrives at 1605511.500767201, sleeping for 0.025794118409976363 seconds
Request model_3#939 arrives at 1605511.527094338, sleeping for 0.01653985772281885 seconds
Request model_5#1149 arrives at 1605511.543800426, sleeping for 0.08491463027894497 seconds
Request model_6#646 arrives at 1605511.629857947, sleeping for 0.017402330180630088 seconds
Request model_5#1150 arrives at 1605511.647544033, sleeping for 0.022196851205080748 seconds
Request model_3#940 arrives at 1605511.670227941, sleeping for 0.015312667703256011 seconds
Request model_4#446 arrives at 1605511.686328974, sleeping for 0.011193165788426995 seconds
Request model_4#447 arrives at 1605511.69800406, sleeping for 0.04862052062526345 seconds
Request model_5#1151 arrives at 1605511.747696291, sleeping for 0.0058475828263908625 seconds
Request model_4#448 arrives at 1605511.754400736, sleeping for 0.06885877996683121 seconds
Request model_1#315 arrives at 1605511.824179092, sleeping for 0.026397748850286007 seconds
Request model_3#941 arrives at 1605511.852434376, sleeping for 0.019829422002658248 seconds
Request model_2#588 arrives at 1605511.873706621, sleeping for 0.06915701576508582 seconds
Request model_1#316 arrives at 1605511.943188316, sleeping for 0.06975647853687406 seconds
Request model_2#589 arrives at 1605512.013527146, sleeping for 0.029449003748595715 seconds
Request model_5#1152 arrives at 1605512.043786827, sleeping for 0.05758686922490597 seconds
Request model_2#590 arrives at 1605512.101871286, sleeping for 0.008885045535862446 seconds
Request model_4#449 arrives at 1605512.112853057, sleeping for 0.022626890568062663 seconds
Request model_2#591 arrives at 1605512.135765276, sleeping for 0.044872341211885214 seconds
Request model_6#647 arrives at 1605512.182469562, sleeping for 0.05426027672365308 seconds
Request model_2#592 arrives at 1605512.237139534, sleeping for 0.03508220613002777 seconds
Request model_4#450 arrives at 1605512.272576066, sleeping for 0.03695543226785958 seconds
Request model_2#593 arrives at 1605512.310396169, sleeping for 0.00147259421646595 seconds
Request model_1#317 arrives at 1605512.312040992, sleeping for 0.03602463728748262 seconds
Request model_2#594 arrives at 1605512.348252371, sleeping for 0.15636085509322584 seconds
Request model_5#1153 arrives at 1605512.505339999, sleeping for 0.0030692245345562696 seconds
Request model_5#1154 arrives at 1605512.509459283, sleeping for 0.048079018015414476 seconds
Request model_2#595 arrives at 1605512.558608699, sleeping for 0.032682712422683835 seconds
Request model_5#1155 arrives at 1605512.592988663, sleeping for 0.011222787667065859 seconds
Request model_4#451 arrives at 1605512.605417546, sleeping for 0.04806279740296304 seconds
Request model_4#452 arrives at 1605512.654550281, sleeping for 0.0034585788380354643 seconds
Request model_3#942 arrives at 1605512.658323422, sleeping for 0.03837999561801553 seconds
Request model_6#648 arrives at 1605512.697456726, sleeping for 0.02097867033444345 seconds
Request model_1#318 arrives at 1605512.719140605, sleeping for 0.05678950506262481 seconds
Request model_6#649 arrives at 1605512.776838961, sleeping for 0.08672550111077726 seconds
Request model_5#1156 arrives at 1605512.864171073, sleeping for 0.008424227591603994 seconds
Request model_2#596 arrives at 1605512.872889174, sleeping for 0.06857320852577686 seconds
Request model_5#1157 arrives at 1605512.943407947, sleeping for 0.008351529249921441 seconds
Request model_4#453 arrives at 1605512.952638873, sleeping for 0.09066730970516801 seconds
Request model_3#943 arrives at 1605513.044882045, sleeping for 0.07799381134100258 seconds
Request model_3#944 arrives at 1605513.12407774, sleeping for 0.22304057120345533 seconds
Request model_6#650 arrives at 1605513.347545515, sleeping for 0.05156124313361943 seconds
Request model_3#945 arrives at 1605513.399688816, sleeping for 0.060992303770035505 seconds
Request model_2#597 arrives at 1605513.46193792, sleeping for 0.033194560557603836 seconds
Request model_1#319 arrives at 1605513.496063302, sleeping for 0.034157025162130594 seconds
Request model_5#1158 arrives at 1605513.530868879, sleeping for 0.0535533600486815 seconds
Request model_2#598 arrives at 1605513.585083307, sleeping for 0.09967924910597503 seconds
Request model_5#1159 arrives at 1605513.685532637, sleeping for 0.05069680279120803 seconds
Request model_4#454 arrives at 1605513.737262084, sleeping for 0.13222379749640822 seconds
Request model_6#651 arrives at 1605513.869852709, sleeping for 0.006788941333070397 seconds
Request model_6#652 arrives at 1605513.877126469, sleeping for 0.1905617816373706 seconds
Request model_6#653 arrives at 1605514.068428179, sleeping for 0.017407053150236607 seconds
Request model_5#1160 arrives at 1605514.086143165, sleeping for 0.07396506774239242 seconds
Request model_2#599 arrives at 1605514.16057819, sleeping for 0.06852335901930928 seconds
Request model_2#600 arrives at 1605514.229849612, sleeping for 0.03125408268533647 seconds
Request model_4#455 arrives at 1605514.261513533, sleeping for 0.01742545166052878 seconds
Request model_1#320 arrives at 1605514.27920803, sleeping for 0.035651218611747026 seconds
Request model_5#1161 arrives at 1605514.316875861, sleeping for 0.06606300827115774 seconds
Request model_6#654 arrives at 1605514.383670252, sleeping for 0.012026611482724547 seconds
Request model_5#1162 arrives at 1605514.395974164, sleeping for 0.0838370795827359 seconds
Request model_2#601 arrives at 1605514.481041497, sleeping for 0.06484592310152948 seconds
Request model_5#1163 arrives at 1605514.546178134, sleeping for 0.016950617311522365 seconds
Request model_5#1164 arrives at 1605514.563542458, sleeping for 0.029722672188654542 seconds
Request model_5#1165 arrives at 1605514.593835478, sleeping for 0.0017800992354750633 seconds
Request model_4#456 arrives at 1605514.596107777, sleeping for 0.06538193672895432 seconds
Request model_4#457 arrives at 1605514.662202093, sleeping for 0.014684144407510757 seconds
Request model_5#1166 arrives at 1605514.677531549, sleeping for 0.01120457868091762 seconds
Request model_3#946 arrives at 1605514.68967381, sleeping for 0.09968815417960286 seconds
Request model_4#458 arrives at 1605514.79026822, sleeping for 0 seconds
Request model_2#602 arrives at 1605514.791116227, sleeping for 0.03868252178654075 seconds
Request model_3#947 arrives at 1605514.830423292, sleeping for 0.2886577034369111 seconds
Request model_5#1167 arrives at 1605515.120089684, sleeping for 0 seconds
Request model_3#948 arrives at 1605515.120910621, sleeping for 0.005658263107761741 seconds
Request model_2#603 arrives at 1605515.126918811, sleeping for 0.016022384632378817 seconds
Request model_6#655 arrives at 1605515.143674449, sleeping for 0.05501570669002831 seconds
Request model_6#656 arrives at 1605515.199250578, sleeping for 0.1970776489470154 seconds
Request model_4#459 arrives at 1605515.396988361, sleeping for 0.03660190291702747 seconds
Request model_2#604 arrives at 1605515.43560127, sleeping for 0.015637732576578856 seconds
Request model_6#657 arrives at 1605515.451691432, sleeping for 0.0027981463354080915 seconds
Request model_1#321 arrives at 1605515.454805178, sleeping for 0.014201910234987736 seconds
Request model_5#1168 arrives at 1605515.469853533, sleeping for 0.0445384718477726 seconds
Request model_5#1169 arrives at 1605515.515070026, sleeping for 0.03776044677942991 seconds
Request model_6#658 arrives at 1605515.553705255, sleeping for 0.048042975598946214 seconds
Request model_3#949 arrives at 1605515.602532868, sleeping for 0.01663935580290854 seconds
Request model_3#950 arrives at 1605515.61964649, sleeping for 0 seconds
Request model_2#605 arrives at 1605515.621930608, sleeping for 0.038130917120724916 seconds
Request model_3#951 arrives at 1605515.661146712, sleeping for 0.019822192611172795 seconds
Request model_3#952 arrives at 1605515.681218708, sleeping for 0.0069873942993581295 seconds
Request model_5#1170 arrives at 1605515.688929462, sleeping for 0.047419886803254485 seconds
Request model_3#953 arrives at 1605515.73719453, sleeping for 0.006745138671249151 seconds
Request model_3#954 arrives at 1605515.744863553, sleeping for 0.03421038342639804 seconds
Request model_3#955 arrives at 1605515.779462909, sleeping for 0.11221744446083903 seconds
Request model_5#1171 arrives at 1605515.891886378, sleeping for 0.09359155828133225 seconds
Request model_3#956 arrives at 1605515.98662704, sleeping for 0.04496849956922233 seconds
Request model_3#957 arrives at 1605516.032299837, sleeping for 0.05093884747475386 seconds
Request model_5#1172 arrives at 1605516.083980804, sleeping for 0.0978518701158464 seconds
Request model_5#1173 arrives at 1605516.182306056, sleeping for 0.1126141706481576 seconds
Request model_6#659 arrives at 1605516.295672582, sleeping for 0.02525214455090463 seconds
Request model_6#660 arrives at 1605516.321746447, sleeping for 0.023409841815009713 seconds
Request model_3#958 arrives at 1605516.345895747, sleeping for 0.0004815892316401005 seconds
Request model_5#1174 arrives at 1605516.346472822, sleeping for 0.03745449101552367 seconds
Request model_5#1175 arrives at 1605516.384894689, sleeping for 0.04112982866354287 seconds
Request model_5#1176 arrives at 1605516.427220408, sleeping for 0.06075315456837416 seconds
Request model_5#1177 arrives at 1605516.488641615, sleeping for 0.011211543576791883 seconds
Request model_5#1178 arrives at 1605516.500914117, sleeping for 0.09386857971549034 seconds
Request model_6#661 arrives at 1605516.595927261, sleeping for 0.07797058648429811 seconds
Request model_3#959 arrives at 1605516.675163185, sleeping for 0.0449372932780534 seconds
Request model_3#960 arrives at 1605516.720716332, sleeping for 0.047516509890556335 seconds
Request model_5#1179 arrives at 1605516.768657668, sleeping for 0.06160100852139294 seconds
Request model_3#961 arrives at 1605516.831005672, sleeping for 0.024099865229800344 seconds
Request model_6#662 arrives at 1605516.856304611, sleeping for 0.018894432578235865 seconds
Request model_1#322 arrives at 1605516.876513078, sleeping for 0.014382559107616544 seconds
Request model_5#1180 arrives at 1605516.891805684, sleeping for 0.06970614241436124 seconds
Request model_3#962 arrives at 1605516.962011594, sleeping for 0.04057068354450166 seconds
Request model_3#963 arrives at 1605517.003577547, sleeping for 0.1945667697582394 seconds
Request model_5#1181 arrives at 1605517.198556797, sleeping for 0.06605957192368805 seconds
Request model_5#1182 arrives at 1605517.265415679, sleeping for 0.00046624429523944855 seconds
Request model_5#1183 arrives at 1605517.266245856, sleeping for 0.003994200145825744 seconds
Request model_5#1184 arrives at 1605517.271139567, sleeping for 0.02382932952605188 seconds
Request model_3#964 arrives at 1605517.295960532, sleeping for 0.06959373224526644 seconds
Request model_1#323 arrives at 1605517.36605203, sleeping for 0.10371143463999033 seconds
Request model_5#1185 arrives at 1605517.471124558, sleeping for 0.04005963262170553 seconds
Request model_4#460 arrives at 1605517.512260907, sleeping for 0.03285828325897455 seconds
Request model_2#606 arrives at 1605517.54529909, sleeping for 0.12010314501821995 seconds
Request model_6#663 arrives at 1605517.666083318, sleeping for 0.0036878769751638174 seconds
Request model_5#1186 arrives at 1605517.67003773, sleeping for 0.04150452860631049 seconds
Request model_3#965 arrives at 1605517.711719835, sleeping for 0.011440498288720846 seconds
Request model_5#1187 arrives at 1605517.724134917, sleeping for 0.10364861716516316 seconds
Request model_6#664 arrives at 1605517.828274417, sleeping for 0.006325999042019248 seconds
Request model_6#665 arrives at 1605517.835412136, sleeping for 0.07431898755021393 seconds
Request model_1#324 arrives at 1605517.910781328, sleeping for 0.05494768964126706 seconds
Request model_2#607 arrives at 1605517.966925561, sleeping for 0.046491675078868866 seconds
Request model_5#1188 arrives at 1605518.013892929, sleeping for 0.16639635059982538 seconds
Request model_3#966 arrives at 1605518.181982477, sleeping for 0.008296550950035453 seconds
Request model_3#967 arrives at 1605518.191132073, sleeping for 0.03946067742072046 seconds
Request model_3#968 arrives at 1605518.231337185, sleeping for 0.0011972235515713692 seconds
Request model_5#1189 arrives at 1605518.233690344, sleeping for 0.012525114929303527 seconds
Request model_5#1190 arrives at 1605518.246752592, sleeping for 0.05719175678677857 seconds
Request model_2#608 arrives at 1605518.304979953, sleeping for 0.158034487394616 seconds
Request model_5#1191 arrives at 1605518.464178087, sleeping for 0.07211945834569633 seconds
Request model_6#666 arrives at 1605518.537567683, sleeping for 0.014378879917785525 seconds
Request model_5#1192 arrives at 1605518.552611357, sleeping for 0.00248944410122931 seconds
Request model_1#325 arrives at 1605518.555626392, sleeping for 0.04552493314258754 seconds
Request model_6#667 arrives at 1605518.602426458, sleeping for 0.0030573576223105192 seconds
Request model_5#1193 arrives at 1605518.606404641, sleeping for 0.01446786243468523 seconds
Request model_6#668 arrives at 1605518.621083092, sleeping for 0.05380238336510956 seconds
Request model_5#1194 arrives at 1605518.676105717, sleeping for 0.04966576327569783 seconds
Request model_1#326 arrives at 1605518.726381262, sleeping for 0.011452543549239635 seconds
Request model_6#669 arrives at 1605518.738623643, sleeping for 0.15276753879152238 seconds
Request model_6#670 arrives at 1605518.89209719, sleeping for 0.017610542476177216 seconds
Request model_4#461 arrives at 1605518.91031788, sleeping for 0.024445780320093036 seconds
Request model_3#969 arrives at 1605518.935488348, sleeping for 0.02558036590926349 seconds
Request model_5#1195 arrives at 1605518.962198319, sleeping for 0.19798065349459648 seconds
Request model_2#609 arrives at 1605519.161501464, sleeping for 0.032737371511757374 seconds
Request model_4#462 arrives at 1605519.194811419, sleeping for 0.03469075239263475 seconds
Request model_6#671 arrives at 1605519.230414223, sleeping for 0.0067071206867694855 seconds
Request model_3#970 arrives at 1605519.237647343, sleeping for 0.01823350857011974 seconds
Request model_3#971 arrives at 1605519.257554537, sleeping for 0.008282635128125548 seconds
Request model_2#610 arrives at 1605519.266726063, sleeping for 0.0265920115634799 seconds
Request model_2#611 arrives at 1605519.294715414, sleeping for 0.016325646080076694 seconds
Request model_6#672 arrives at 1605519.311845995, sleeping for 0.12588883424177766 seconds
Request model_2#612 arrives at 1605519.43838592, sleeping for 0.04238110966980457 seconds
Request model_5#1196 arrives at 1605519.481509476, sleeping for 0.0036982563324272633 seconds
Request model_5#1197 arrives at 1605519.485514219, sleeping for 0.03495551855303347 seconds
Request model_6#673 arrives at 1605519.521476156, sleeping for 0.0024264794774353504 seconds
Request model_3#972 arrives at 1605519.52431317, sleeping for 0.017322055529803038 seconds
Request model_3#973 arrives at 1605519.541837514, sleeping for 0.16158751770853996 seconds
Request model_4#463 arrives at 1605519.703774841, sleeping for 0.017200095811858773 seconds
Request model_1#327 arrives at 1605519.721635238, sleeping for 0.04148333030752838 seconds
Request model_3#974 arrives at 1605519.764086399, sleeping for 0.01922205137088895 seconds
Request model_5#1198 arrives at 1605519.783764111, sleeping for 0.007083209929987788 seconds
Request model_6#674 arrives at 1605519.791455494, sleeping for 0.07112531387247145 seconds
Request model_2#613 arrives at 1605519.863653541, sleeping for 0.0796571602113545 seconds
Request model_5#1199 arrives at 1605519.944453358, sleeping for 0.009110915241762996 seconds
Request model_5#1200 arrives at 1605519.955151446, sleeping for 0.11057586153037846 seconds
Request model_5#1201 arrives at 1605520.066762478, sleeping for 0.08005803171545267 seconds
Request model_2#614 arrives at 1605520.14706209, sleeping for 0.050827786792069674 seconds
Request model_5#1202 arrives at 1605520.198962729, sleeping for 0.0016568887513130903 seconds
Request model_6#675 arrives at 1605520.201130347, sleeping for 0.15725180855952203 seconds
Request model_5#1203 arrives at 1605520.358944929, sleeping for 0.0713505984749645 seconds
Request model_3#975 arrives at 1605520.4316616, sleeping for 0.022451962810009718 seconds
Request model_2#615 arrives at 1605520.454579719, sleeping for 0.030064147897064686 seconds
Request model_2#616 arrives at 1605520.485223552, sleeping for 0.07899242592975497 seconds
Request model_5#1204 arrives at 1605520.56495689, sleeping for 0.02202752511948347 seconds
Request model_1#328 arrives at 1605520.587917489, sleeping for 0.037110575241968036 seconds
Request model_3#976 arrives at 1605520.626152695, sleeping for 0.002127251820638776 seconds
Request model_1#329 arrives at 1605520.629382062, sleeping for 0.032701415941119194 seconds
Request model_2#617 arrives at 1605520.662985819, sleeping for 0.007087905891239643 seconds
Request model_5#1205 arrives at 1605520.671106946, sleeping for 0.05469178454950452 seconds
Request model_2#618 arrives at 1605520.726338192, sleeping for 0.061240520561113954 seconds
Request model_3#977 arrives at 1605520.787974761, sleeping for 0.030686643440276384 seconds
Request model_3#978 arrives at 1605520.819661382, sleeping for 0.2827333640307188 seconds
Request model_5#1206 arrives at 1605521.103068542, sleeping for 0.0916980339679867 seconds
Request model_2#619 arrives at 1605521.195264173, sleeping for 0.11661737854592502 seconds
Request model_3#979 arrives at 1605521.312494281, sleeping for 0.01476271916180849 seconds
Request model_3#980 arrives at 1605521.328205871, sleeping for 0.04216709639877081 seconds
Request model_1#330 arrives at 1605521.370915873, sleeping for 0.030536501202732325 seconds
Request model_4#464 arrives at 1605521.401846578, sleeping for 0.04247970855794847 seconds
Request model_6#676 arrives at 1605521.444828583, sleeping for 0.0472337044775486 seconds
Request model_6#677 arrives at 1605521.492578267, sleeping for 0.029851958621293306 seconds
Request model_3#981 arrives at 1605521.522660686, sleeping for 0.007942102383822203 seconds
Request model_6#678 arrives at 1605521.531602189, sleeping for 0.02332093776203692 seconds
Request model_4#465 arrives at 1605521.555763169, sleeping for 0.13237709226086736 seconds
Request model_6#679 arrives at 1605521.688548675, sleeping for 0.0032119667157530785 seconds
Request model_6#680 arrives at 1605521.692551868, sleeping for 0.005302628502249718 seconds
Request model_4#466 arrives at 1605521.698383276, sleeping for 0.43642760813236237 seconds
Request model_2#620 arrives at 1605522.135989838, sleeping for 0.06933123641647398 seconds
Request model_2#621 arrives at 1605522.206433279, sleeping for 0.019111472414806485 seconds
Request model_1#331 arrives at 1605522.22585508, sleeping for 0.01526742079295218 seconds
Request model_5#1207 arrives at 1605522.241926202, sleeping for 0.08103851065970957 seconds
Request model_5#1208 arrives at 1605522.323558126, sleeping for 0.0545414793305099 seconds
Request model_5#1209 arrives at 1605522.378972654, sleeping for 0.029572823084890842 seconds
Request model_4#467 arrives at 1605522.409420105, sleeping for 0.006745453691110015 seconds
Request model_2#622 arrives at 1605522.417040758, sleeping for 0.045280712423846126 seconds
Request model_2#623 arrives at 1605522.463451601, sleeping for 0.0027280468493700027 seconds
Request model_3#982 arrives at 1605522.466494906, sleeping for 0.19242518744431436 seconds
Request model_4#468 arrives at 1605522.659405388, sleeping for 0.057590589160099626 seconds
Request model_3#983 arrives at 1605522.718199523, sleeping for 0.13447339879348874 seconds
Request model_5#1210 arrives at 1605522.853685882, sleeping for 0.005861078156158328 seconds
Request model_2#624 arrives at 1605522.860164685, sleeping for 0 seconds
Request model_5#1211 arrives at 1605522.860570628, sleeping for 0.022549590561538935 seconds
Request model_3#984 arrives at 1605522.883563378, sleeping for 0.029923365218564868 seconds
Request model_3#985 arrives at 1605522.9140349, sleeping for 0.030160722555592656 seconds
Request model_6#681 arrives at 1605522.944552332, sleeping for 0.1508125637192279 seconds
Request model_6#682 arrives at 1605523.096428245, sleeping for 0.0899343746714294 seconds
Request model_5#1212 arrives at 1605523.186842221, sleeping for 0.06342374416999519 seconds
Request model_3#986 arrives at 1605523.251778237, sleeping for 0.15409115166403353 seconds
Request model_5#1213 arrives at 1605523.40716761, sleeping for 0.09074344485998154 seconds
Request model_3#987 arrives at 1605523.498466443, sleeping for 0.0024218519683927298 seconds
Request model_1#332 arrives at 1605523.501542399, sleeping for 0.0035000282805413008 seconds
Request model_4#469 arrives at 1605523.506072806, sleeping for 0.10958674759604037 seconds
Request model_2#625 arrives at 1605523.616610609, sleeping for 0.07050069863907993 seconds
Request model_6#683 arrives at 1605523.687307782, sleeping for 0.017848463961854577 seconds
Request model_5#1214 arrives at 1605523.705809385, sleeping for 0.031084649497643113 seconds
Request model_3#988 arrives at 1605523.737491936, sleeping for 0.04859482031315565 seconds
Request model_6#684 arrives at 1605523.78646815, sleeping for 0.0027987274806946516 seconds
Request model_3#989 arrives at 1605523.79008466, sleeping for 0.02600491000339389 seconds
Request model_2#626 arrives at 1605523.818099131, sleeping for 0.08012167946435511 seconds
Request model_4#470 arrives at 1605523.898824617, sleeping for 0.07615905837155879 seconds
Request model_3#990 arrives at 1605523.975753412, sleeping for 0.03293635556474328 seconds
Request model_3#991 arrives at 1605524.009703262, sleeping for 0.009094892302528024 seconds
Request model_2#627 arrives at 1605524.020451741, sleeping for 0.21724373963661492 seconds
Request model_3#992 arrives at 1605524.238598812, sleeping for 0.05257438076660037 seconds
Request model_5#1215 arrives at 1605524.291631119, sleeping for 0.0019306372851133347 seconds
Request model_5#1216 arrives at 1605524.294379032, sleeping for 0.02222608751617372 seconds
Request model_5#1217 arrives at 1605524.317277041, sleeping for 0.04723928705789149 seconds
Request model_5#1218 arrives at 1605524.364961714, sleeping for 0.0007542753592133522 seconds
Request model_2#628 arrives at 1605524.366665879, sleeping for 0.05171753140166402 seconds
Request model_1#333 arrives at 1605524.419027911, sleeping for 0.07298089214600623 seconds
Request model_4#471 arrives at 1605524.492750969, sleeping for 0.00803754897788167 seconds
Request model_1#334 arrives at 1605524.501012847, sleeping for 0.06174970115534961 seconds
Request model_3#993 arrives at 1605524.563658124, sleeping for 0.015690163942053914 seconds
Request model_1#335 arrives at 1605524.579843077, sleeping for 0.01098063075914979 seconds
Request model_4#472 arrives at 1605524.592025478, sleeping for 0.03992982488125563 seconds
Request model_3#994 arrives at 1605524.632651974, sleeping for 0.0315083849709481 seconds
Request model_5#1219 arrives at 1605524.6649165, sleeping for 0.1326163907069713 seconds
Request model_4#473 arrives at 1605524.798769244, sleeping for 0.004186883103102446 seconds
Request model_5#1220 arrives at 1605524.803871386, sleeping for 0.026526829227805138 seconds
Request model_6#685 arrives at 1605524.830678868, sleeping for 0.037129697389900684 seconds
Request model_4#474 arrives at 1605524.86857544, sleeping for 0.028490329161286354 seconds
Request model_6#686 arrives at 1605524.897813802, sleeping for 0.055458073038607836 seconds
Request model_3#995 arrives at 1605524.954095226, sleeping for 0.1662104434799403 seconds
Request model_2#629 arrives at 1605525.121483077, sleeping for 0.008235648972913623 seconds
Request model_5#1221 arrives at 1605525.130665213, sleeping for 0.028675479348748922 seconds
Request model_4#475 arrives at 1605525.159711593, sleeping for 0.1391850132495165 seconds
Request model_1#336 arrives at 1605525.299548857, sleeping for 0.05585386184975505 seconds
Request model_6#687 arrives at 1605525.355890882, sleeping for 0.038115283474326134 seconds
Request model_5#1222 arrives at 1605525.395182096, sleeping for 0.10528189968317747 seconds
Request model_3#996 arrives at 1605525.500678116, sleeping for 0.05297458986751735 seconds
Request model_6#688 arrives at 1605525.554644812, sleeping for 0.002222489332780242 seconds
Request model_4#476 arrives at 1605525.557358384, sleeping for 0.0011695986613631248 seconds
Request model_5#1223 arrives at 1605525.559529802, sleeping for 0.0841751815751195 seconds
Request model_2#630 arrives at 1605525.644732575, sleeping for 0.09935861895792186 seconds
Request model_6#689 arrives at 1605525.745012723, sleeping for 0.05398220871575177 seconds
Request model_3#997 arrives at 1605525.799302641, sleeping for 0.001416573766618967 seconds
Request model_4#477 arrives at 1605525.801502639, sleeping for 0.012461657635867596 seconds
Request model_6#690 arrives at 1605525.814417875, sleeping for 0.012740624602884054 seconds
Request model_2#631 arrives at 1605525.829272258, sleeping for 0.052601969335228205 seconds
Request model_2#632 arrives at 1605525.882462977, sleeping for 0.01193026709370315 seconds
Request model_5#1224 arrives at 1605525.895305303, sleeping for 0.04600334330461919 seconds
Request model_6#691 arrives at 1605525.941834227, sleeping for 0.002554873703047633 seconds
Request model_1#337 arrives at 1605525.94461342, sleeping for 0.0018913443200290203 seconds
Request model_3#998 arrives at 1605525.947346322, sleeping for 0.0666255010291934 seconds
Request model_2#633 arrives at 1605526.014255334, sleeping for 0.02329966123215854 seconds
Request model_5#1225 arrives at 1605526.038071271, sleeping for 0.02243479760363698 seconds
Request model_5#1226 arrives at 1605526.06094831, sleeping for 0.12136772158555686 seconds
Request model_6#692 arrives at 1605526.182882396, sleeping for 0.061858334578573704 seconds
Request model_6#693 arrives at 1605526.245533313, sleeping for 0.01917089894413948 seconds
Request model_3#999 arrives at 1605526.265265186, sleeping for 0.030138142872601748 seconds
Request model_3#1000 arrives at 1605526.29606474, sleeping for 0.017822933383286 seconds
Request model_5#1227 arrives at 1605526.314109409, sleeping for 0.05224253796041012 seconds
Request model_6#694 arrives at 1605526.366821794, sleeping for 0.022493025986477733 seconds
Request model_3#1001 arrives at 1605526.389555741, sleeping for 0.001992244739085436 seconds
Request model_4#478 arrives at 1605526.392555026, sleeping for 0.01893093273974955 seconds
Request model_3#1002 arrives at 1605526.412523931, sleeping for 0.013287808280438185 seconds
Request model_6#695 arrives at 1605526.427517015, sleeping for 0.025644649052992463 seconds
Request model_3#1003 arrives at 1605526.453813691, sleeping for 0.04024880891665816 seconds
Request model_4#479 arrives at 1605526.495196923, sleeping for 0 seconds
Request model_5#1228 arrives at 1605526.495525465, sleeping for 0.01842057378962636 seconds
Request model_6#696 arrives at 1605526.51419689, sleeping for 0.11804138985462487 seconds
Request model_6#697 arrives at 1605526.632398595, sleeping for 0.016313963569700718 seconds
Request model_6#698 arrives at 1605526.649322895, sleeping for 0.05312204686924815 seconds
Request model_2#634 arrives at 1605526.703031058, sleeping for 0.012471707770600915 seconds
Request model_3#1004 arrives at 1605526.715756353, sleeping for 0.00632869522087276 seconds
Request model_3#1005 arrives at 1605526.722495798, sleeping for 0.005245159845799208 seconds
Request model_4#480 arrives at 1605526.728249296, sleeping for 0.11223545204848051 seconds
Request model_5#1229 arrives at 1605526.84148545, sleeping for 0.0023309250827878714 seconds
Request model_5#1230 arrives at 1605526.844610606, sleeping for 0.01295517012476921 seconds
Request model_6#699 arrives at 1605526.858043987, sleeping for 0.10593413026072085 seconds
Request model_5#1231 arrives at 1605526.964819758, sleeping for 0.05873741861432791 seconds
Request model_4#481 arrives at 1605527.023735764, sleeping for 0.02564697922207415 seconds
Request model_5#1232 arrives at 1605527.049566367, sleeping for 0.08081170031800866 seconds
Request model_3#1006 arrives at 1605527.130831958, sleeping for 0.012163618812337518 seconds
Request model_5#1233 arrives at 1605527.144039217, sleeping for 0.003444018540903926 seconds
Request model_6#700 arrives at 1605527.14811667, sleeping for 0.038146156119182706 seconds
Request model_5#1234 arrives at 1605527.187037741, sleeping for 0.027098373975604773 seconds
Request model_4#482 arrives at 1605527.214662279, sleeping for 0.04959771642461419 seconds
Request model_6#701 arrives at 1605527.264697702, sleeping for 0.03287404333241284 seconds
Request model_4#483 arrives at 1605527.298246459, sleeping for 0.0018676652107387781 seconds
Request model_4#484 arrives at 1605527.301057802, sleeping for 0.025894078891724348 seconds
Request model_2#635 arrives at 1605527.328742781, sleeping for 0.02120640524663031 seconds
Request model_3#1007 arrives at 1605527.350867843, sleeping for 0.020667254459112883 seconds
Request model_3#1008 arrives at 1605527.372516382, sleeping for 0.11638649203814566 seconds
Request model_2#636 arrives at 1605527.490405324, sleeping for 0.026190600357949734 seconds
Request model_3#1009 arrives at 1605527.518073303, sleeping for 0.10610351734794676 seconds
Request model_6#702 arrives at 1605527.624913924, sleeping for 0.033160610822960734 seconds
Request model_3#1010 arrives at 1605527.659103076, sleeping for 0.09126145183108747 seconds
Request model_3#1011 arrives at 1605527.750575891, sleeping for 0.09593864995986223 seconds
Request model_5#1235 arrives at 1605527.846864685, sleeping for 0.06132742832414806 seconds
Request model_2#637 arrives at 1605527.908932127, sleeping for 0.023375571705400944 seconds
Request model_5#1236 arrives at 1605527.933169447, sleeping for 0.018722919980064034 seconds
Request model_5#1237 arrives at 1605527.952378816, sleeping for 0.070238649379462 seconds
Request model_2#638 arrives at 1605528.023563364, sleeping for 0.016997924773022532 seconds
Request model_5#1238 arrives at 1605528.041722843, sleeping for 0.06993712391704321 seconds
Request model_3#1012 arrives at 1605528.112391126, sleeping for 0.06502499175257981 seconds
Request model_3#1013 arrives at 1605528.178439151, sleeping for 0 seconds
Request model_2#639 arrives at 1605528.178894835, sleeping for 0.0210332996211946 seconds
Request model_6#703 arrives at 1605528.200225061, sleeping for 0.05795124429278076 seconds
Request model_6#704 arrives at 1605528.259247058, sleeping for 0.000978019554167986 seconds
Request model_6#705 arrives at 1605528.260998602, sleeping for 0.010135255521163344 seconds
Request model_5#1239 arrives at 1605528.27168023, sleeping for 0.002879376756027341 seconds
Request model_2#640 arrives at 1605528.275407171, sleeping for 0.05254023056477308 seconds
Request model_5#1240 arrives at 1605528.329379486, sleeping for 0.028312714770436287 seconds
Request model_5#1241 arrives at 1605528.358572147, sleeping for 0.0012642075307667255 seconds
Request model_3#1014 arrives at 1605528.360272351, sleeping for 0.1273439573124051 seconds
Request model_6#706 arrives at 1605528.488478409, sleeping for 0.015923542203381658 seconds
Request model_3#1015 arrives at 1605528.504847454, sleeping for 0.006756294053047895 seconds
Request model_5#1242 arrives at 1605528.512616458, sleeping for 0.022994617698714137 seconds
Request model_5#1243 arrives at 1605528.536131912, sleeping for 0.0049814400263130665 seconds
Request model_4#485 arrives at 1605528.541830019, sleeping for 0.0645396311301738 seconds
Request model_1#338 arrives at 1605528.607320729, sleeping for 0.0011582360602915287 seconds
Request model_6#707 arrives at 1605528.609387926, sleeping for 0.033982896246016026 seconds
Request model_5#1244 arrives at 1605528.644360755, sleeping for 0.1566897057928145 seconds
Request model_5#1245 arrives at 1605528.801249919, sleeping for 0.10375699284486473 seconds
Request model_5#1246 arrives at 1605528.905282408, sleeping for 0.016986348666250706 seconds
Request model_1#339 arrives at 1605528.923054194, sleeping for 0.03179110633209348 seconds
Request model_5#1247 arrives at 1605528.955050968, sleeping for 0.026990673039108515 seconds
Request model_3#1016 arrives at 1605528.982356144, sleeping for 0.00579850422218442 seconds
Request model_4#486 arrives at 1605528.989075119, sleeping for 0.0631131671834737 seconds
Request model_3#1017 arrives at 1605529.052847255, sleeping for 0.056103523122146726 seconds
Request model_4#487 arrives at 1605529.109860745, sleeping for 0.014925176277756691 seconds
Request model_3#1018 arrives at 1605529.125612125, sleeping for 0.0220984541811049 seconds
Request model_4#488 arrives at 1605529.148450984, sleeping for 0.04140983312390745 seconds
Request model_2#641 arrives at 1605529.190907154, sleeping for 0.010909292614087462 seconds
Request model_2#642 arrives at 1605529.202966104, sleeping for 0.007454739650711417 seconds
Request model_2#643 arrives at 1605529.210668857, sleeping for 0.14214401179924607 seconds
Request model_5#1248 arrives at 1605529.354611834, sleeping for 0.05372868338599801 seconds
Request model_2#644 arrives at 1605529.408793911, sleeping for 0.01880697743035853 seconds
Request model_5#1249 arrives at 1605529.428454453, sleeping for 0.004553795093670487 seconds
Request model_5#1250 arrives at 1605529.433184943, sleeping for 0.01935318228788674 seconds
Request model_6#708 arrives at 1605529.452686373, sleeping for 0.017187771387398243 seconds
Request model_3#1019 arrives at 1605529.470261368, sleeping for 0.11922527523711324 seconds
Request model_6#709 arrives at 1605529.590372619, sleeping for 0.12551848287694156 seconds
Request model_5#1251 arrives at 1605529.717656949, sleeping for 0.010014143772423267 seconds
Request model_5#1252 arrives at 1605529.728405088, sleeping for 0.03766076220199466 seconds
Request model_6#710 arrives at 1605529.766950236, sleeping for 0.01296788896434009 seconds
Request model_3#1020 arrives at 1605529.7819481, sleeping for 0.18166787014342844 seconds
Request model_1#340 arrives at 1605529.964021852, sleeping for 0.07460479880683124 seconds
Request model_2#645 arrives at 1605530.039181571, sleeping for 0.02961805392988026 seconds
Request model_5#1253 arrives at 1605530.068984178, sleeping for 0.05510141816921532 seconds
Request model_2#646 arrives at 1605530.124680787, sleeping for 0 seconds
Request model_6#711 arrives at 1605530.125003999, sleeping for 0.005031052744016051 seconds
Request model_3#1021 arrives at 1605530.130848558, sleeping for 0.21155850565992296 seconds
Request model_5#1254 arrives at 1605530.343687633, sleeping for 0.0046670211013406515 seconds
Request model_6#712 arrives at 1605530.348849436, sleeping for 0.08498826413415372 seconds
Request model_6#713 arrives at 1605530.434548323, sleeping for 0.1132987872697413 seconds
Request model_2#647 arrives at 1605530.548592794, sleeping for 0.0301532712765038 seconds
Request model_2#648 arrives at 1605530.579877572, sleeping for 0.012247918173670769 seconds
Request model_5#1255 arrives at 1605530.592569086, sleeping for 0.030558240134269 seconds
Request model_5#1256 arrives at 1605530.624332519, sleeping for 0.04593833419494331 seconds
Request model_5#1257 arrives at 1605530.670654821, sleeping for 0.024209877708926797 seconds
Request model_4#489 arrives at 1605530.695659877, sleeping for 0.020923569332808256 seconds
Request model_5#1258 arrives at 1605530.717451277, sleeping for 0.03365744510665536 seconds
Request model_5#1259 arrives at 1605530.752314094, sleeping for 0 seconds
Request model_5#1260 arrives at 1605530.752914569, sleeping for 0.0017648683860898018 seconds
Request model_5#1261 arrives at 1605530.758576166, sleeping for 0.068895518546924 seconds
Request model_2#649 arrives at 1605530.828523663, sleeping for 0.01276582246646285 seconds
Request model_2#650 arrives at 1605530.843211564, sleeping for 0.028150268830358982 seconds
Request model_4#490 arrives at 1605530.87186466, sleeping for 0.03525995067320764 seconds
Request model_1#341 arrives at 1605530.907521245, sleeping for 0.006246315315365791 seconds
Request model_4#491 arrives at 1605530.914079639, sleeping for 0.019779414171352983 seconds
Request model_6#714 arrives at 1605530.934650498, sleeping for 0.062021421268582344 seconds
Request model_5#1262 arrives at 1605530.997786659, sleeping for 0.08934179577045143 seconds
Request model_2#651 arrives at 1605531.087680191, sleeping for 0.00869491114281118 seconds
Request model_2#652 arrives at 1605531.096786406, sleeping for 0.020702524576336145 seconds
Request model_6#715 arrives at 1605531.118501035, sleeping for 0.03787302621640265 seconds
Request model_2#653 arrives at 1605531.157269185, sleeping for 0.16339814965613186 seconds
Request model_3#1022 arrives at 1605531.321299157, sleeping for 0.014357636915519834 seconds
Request model_4#492 arrives at 1605531.336235641, sleeping for 0.013825978618115187 seconds
Request model_5#1263 arrives at 1605531.351435246, sleeping for 0.01834313478320837 seconds
Request model_1#342 arrives at 1605531.371190749, sleeping for 0.2424663754645735 seconds
Request model_4#493 arrives at 1605531.614748968, sleeping for 0.058751543052494526 seconds
Request model_2#654 arrives at 1605531.673838645, sleeping for 0.1639072373509407 seconds
Request model_3#1023 arrives at 1605531.83804277, sleeping for 0.009066990343853831 seconds
Request model_5#1264 arrives at 1605531.849067481, sleeping for 0.05272277840413153 seconds
Request model_5#1265 arrives at 1605531.902035508, sleeping for 0.023970672860741615 seconds
Request model_6#716 arrives at 1605531.927260086, sleeping for 0.0395561617333442 seconds
Request model_2#655 arrives at 1605531.967967691, sleeping for 0.08340396103449166 seconds
Request model_4#494 arrives at 1605532.052464268, sleeping for 0.12454056786373258 seconds
Request model_5#1266 arrives at 1605532.17752159, sleeping for 0.019152865977957845 seconds
Request model_6#717 arrives at 1605532.197812467, sleeping for 0.10202964162454009 seconds
Request model_5#1267 arrives at 1605532.30117542, sleeping for 0.03597344597801566 seconds
Request model_5#1268 arrives at 1605532.339427105, sleeping for 0.018389203120023012 seconds
Request model_4#495 arrives at 1605532.359885674, sleeping for 0.06448796414770186 seconds
Request model_5#1269 arrives at 1605532.425213433, sleeping for 0.11767487693578005 seconds
Request model_1#343 arrives at 1605532.543561059, sleeping for 0.017266757087782025 seconds
Request model_5#1270 arrives at 1605532.561786859, sleeping for 0.002342745428904891 seconds
Request model_4#496 arrives at 1605532.564833024, sleeping for 0.009066641330718994 seconds
Request model_2#656 arrives at 1605532.575730694, sleeping for 0.13463620329275727 seconds
Request model_3#1024 arrives at 1605532.710848009, sleeping for 0.014328456483781338 seconds
Request model_6#718 arrives at 1605532.725780242, sleeping for 0.08690739213488996 seconds
Request model_2#657 arrives at 1605532.813155562, sleeping for 0.043391412822529674 seconds
Request model_1#344 arrives at 1605532.857342107, sleeping for 0.053902643732726574 seconds
Request model_5#1271 arrives at 1605532.91229015, sleeping for 0.04518929775804281 seconds
Request model_5#1272 arrives at 1605532.958559871, sleeping for 0.012955156620591879 seconds
Request model_6#719 arrives at 1605532.973725987, sleeping for 0 seconds
Request model_5#1273 arrives at 1605532.974317122, sleeping for 0.00914338929578662 seconds
Request model_2#658 arrives at 1605532.983731139, sleeping for 0.04777272208593786 seconds
Request model_1#345 arrives at 1605533.031918716, sleeping for 0.035631089471280575 seconds
Request model_6#720 arrives at 1605533.068147696, sleeping for 0.0008781731594353914 seconds
Request model_6#721 arrives at 1605533.069143214, sleeping for 0.06359929265454412 seconds
Request model_5#1274 arrives at 1605533.133843327, sleeping for 0.05371729424223304 seconds
Request model_4#497 arrives at 1605533.188147355, sleeping for 0.07154137804172933 seconds
Request model_1#346 arrives at 1605533.260703184, sleeping for 0.05472402507439256 seconds
Request model_4#498 arrives at 1605533.31603245, sleeping for 0.053104883059859276 seconds
Request model_3#1025 arrives at 1605533.369734033, sleeping for 0.031602185452356935 seconds
Request model_4#499 arrives at 1605533.401827947, sleeping for 0.0863471555057913 seconds
Request model_4#500 arrives at 1605533.489005156, sleeping for 0.023115203017368913 seconds
Request model_4#501 arrives at 1605533.512782383, sleeping for 0.05059965141117573 seconds
Request model_5#1275 arrives at 1605533.564550039, sleeping for 0.14359149779193103 seconds
Request model_5#1276 arrives at 1605533.709587385, sleeping for 0.014812830835580826 seconds
Request model_5#1277 arrives at 1605533.725140183, sleeping for 0.0660818531177938 seconds
Request model_2#659 arrives at 1605533.791822124, sleeping for 0.025774259818717837 seconds
Request model_1#347 arrives at 1605533.818440533, sleeping for 0.008787691127508879 seconds
Request model_4#502 arrives at 1605533.827956562, sleeping for 0.01960436487570405 seconds
Request model_3#1026 arrives at 1605533.848794473, sleeping for 0.0037052377592772245 seconds
Request model_3#1027 arrives at 1605533.852888147, sleeping for 0.03295607212930918 seconds
Request model_2#660 arrives at 1605533.886320943, sleeping for 0.001769812311977148 seconds
Request model_6#722 arrives at 1605533.888313559, sleeping for 0.008560240268707275 seconds
Request model_5#1278 arrives at 1605533.897022951, sleeping for 0.0822590549942106 seconds
Request model_6#723 arrives at 1605533.979724623, sleeping for 0.03826512675732374 seconds
Request model_2#661 arrives at 1605534.018723975, sleeping for 0.0171697863843292 seconds
Request model_6#724 arrives at 1605534.036527882, sleeping for 0.04316442203707993 seconds
Request model_3#1028 arrives at 1605534.079856649, sleeping for 0.14639801322482526 seconds
Request model_4#503 arrives at 1605534.226420558, sleeping for 0.010902558220550418 seconds
Request model_5#1279 arrives at 1605534.237550479, sleeping for 0.0559777261223644 seconds
Request model_2#662 arrives at 1605534.294547529, sleeping for 0.09799221926368773 seconds
Request model_6#725 arrives at 1605534.393661267, sleeping for 0.11812452343292534 seconds
Request model_3#1029 arrives at 1605534.512730538, sleeping for 0.06240809126757085 seconds
Request model_6#726 arrives at 1605534.575875219, sleeping for 0.0325658789370209 seconds
Request model_3#1030 arrives at 1605534.610423844, sleeping for 0.05613676318898797 seconds
Request model_6#727 arrives at 1605534.667431785, sleeping for 0.05103706358931959 seconds
Request model_1#348 arrives at 1605534.719391513, sleeping for 0.0763847588095814 seconds
Request model_6#728 arrives at 1605534.797445907, sleeping for 0.0021271398290991783 seconds
Request model_4#504 arrives at 1605534.800086329, sleeping for 0.05191035708412528 seconds
Request model_2#663 arrives at 1605534.852569391, sleeping for 0.054485071217641234 seconds
Request model_2#664 arrives at 1605534.907672876, sleeping for 0.018008497543632984 seconds
Request model_1#349 arrives at 1605534.926751853, sleeping for 0.0818204942625016 seconds
Request model_5#1280 arrives at 1605535.010680165, sleeping for 0.009522113250568509 seconds
Request model_5#1281 arrives at 1605535.021436184, sleeping for 0.015616319607943296 seconds
Request model_3#1031 arrives at 1605535.038099571, sleeping for 0.01503084134310484 seconds
Request model_4#505 arrives at 1605535.05373067, sleeping for 0.0695453321095556 seconds
Request model_2#665 arrives at 1605535.123640987, sleeping for 0.004140472738072276 seconds
Request model_5#1282 arrives at 1605535.128365695, sleeping for 0.07995772897265851 seconds
Request model_3#1032 arrives at 1605535.20897565, sleeping for 0.008003774099051952 seconds
Request model_3#1033 arrives at 1605535.217716202, sleeping for 0.03627516329288483 seconds
Request model_3#1034 arrives at 1605535.255385053, sleeping for 0.07626359048299491 seconds
Request model_1#350 arrives at 1605535.332534579, sleeping for 0.24563838774338365 seconds
Request model_5#1283 arrives at 1605535.579404845, sleeping for 0.028670801548287272 seconds
Request model_1#351 arrives at 1605535.608733797, sleeping for 0.11665919981896877 seconds
Request model_6#729 arrives at 1605535.726480798, sleeping for 0.009951874148100615 seconds
Request model_3#1035 arrives at 1605535.737190306, sleeping for 0.13363383035175502 seconds
Request model_5#1284 arrives at 1605535.87110541, sleeping for 0.01401031157001853 seconds
Request model_5#1285 arrives at 1605535.885869522, sleeping for 0.1729360946919769 seconds
Request model_5#1286 arrives at 1605536.059484883, sleeping for 0.1124462871812284 seconds
Request model_4#506 arrives at 1605536.173025579, sleeping for 0.005150724435225129 seconds
Request model_6#730 arrives at 1605536.179262761, sleeping for 0.07537933741696179 seconds
Request model_6#731 arrives at 1605536.255640381, sleeping for 0.021390269743278623 seconds
Request model_1#352 arrives at 1605536.277887374, sleeping for 0.01329009491018951 seconds
Request model_4#507 arrives at 1605536.292343383, sleeping for 0.004160707583650947 seconds
Request model_5#1287 arrives at 1605536.297235004, sleeping for 0.00015451060608029366 seconds
Request model_3#1036 arrives at 1605536.297639907, sleeping for 0.007681350456550717 seconds
Request model_2#666 arrives at 1605536.306356169, sleeping for 0.06096042646095157 seconds
Request model_2#667 arrives at 1605536.368142958, sleeping for 0.03340187016874552 seconds
Request model_4#508 arrives at 1605536.40229581, sleeping for 0.03380769933573902 seconds
Request model_4#509 arrives at 1605536.436420731, sleeping for 0.04012539493851364 seconds
Request model_5#1288 arrives at 1605536.477563091, sleeping for 0.004609529860317707 seconds
Request model_3#1037 arrives at 1605536.483001125, sleeping for 0.031439173268154263 seconds
Request model_5#1289 arrives at 1605536.514681577, sleeping for 0.04818501276895404 seconds
Request model_4#510 arrives at 1605536.563904452, sleeping for 0.28859380655921996 seconds
Request model_5#1290 arrives at 1605536.854424508, sleeping for 0.04672873439267278 seconds
Request model_3#1038 arrives at 1605536.901524226, sleeping for 0.012140616774559021 seconds
Request model_5#1291 arrives at 1605536.914533454, sleeping for 0.004366577370092273 seconds
Request model_1#353 arrives at 1605536.919403434, sleeping for 0.039721598383039236 seconds
Request model_6#732 arrives at 1605536.959396674, sleeping for 0.013939162716269493 seconds
Request model_6#733 arrives at 1605536.974454817, sleeping for 0.05054791597649455 seconds
Request model_2#668 arrives at 1605537.025498379, sleeping for 0.024080842034891248 seconds
Request model_2#669 arrives at 1605537.050374494, sleeping for 0.0002753061708062887 seconds
Request model_3#1039 arrives at 1605537.05110165, sleeping for 0.09616366634145379 seconds
Request model_6#734 arrives at 1605537.148691954, sleeping for 0.013742659240961075 seconds
Request model_5#1292 arrives at 1605537.163817829, sleeping for 0.05857158568687737 seconds
Request model_3#1040 arrives at 1605537.223493071, sleeping for 0.016738453414291143 seconds
Request model_5#1293 arrives at 1605537.240552392, sleeping for 0.007894625887274742 seconds
Request model_6#735 arrives at 1605537.249478485, sleeping for 0.007244115928187966 seconds
Request model_2#670 arrives at 1605537.256950727, sleeping for 0.06381553085520864 seconds
Request model_5#1294 arrives at 1605537.321697121, sleeping for 0.03381319576874375 seconds
Request model_4#511 arrives at 1605537.355796712, sleeping for 0.08347590127959847 seconds
Request model_2#671 arrives at 1605537.440030856, sleeping for 0.10131912562064826 seconds
Request model_5#1295 arrives at 1605537.542137928, sleeping for 0.07146008405834436 seconds
Request model_3#1041 arrives at 1605537.615237101, sleeping for 0.01374500198289752 seconds
Request model_3#1042 arrives at 1605537.630287495, sleeping for 0.06832556007429957 seconds
Request model_6#736 arrives at 1605537.700549224, sleeping for 0.02333857794292271 seconds
Request model_5#1296 arrives at 1605537.724748604, sleeping for 0.018418882507830858 seconds
Request model_6#737 arrives at 1605537.74496563, sleeping for 0.03849773993715644 seconds
Request model_5#1297 arrives at 1605537.784036502, sleeping for 0.13188400282524526 seconds
Request model_3#1043 arrives at 1605537.916548875, sleeping for 0.0651952710468322 seconds
Request model_3#1044 arrives at 1605537.98264748, sleeping for 0.14048813004046679 seconds
Request model_3#1045 arrives at 1605538.123828734, sleeping for 0.03997454256750643 seconds
Request model_4#512 arrives at 1605538.164950033, sleeping for 0.07498729089275002 seconds
Request model_5#1298 arrives at 1605538.240440275, sleeping for 0.011605467181652784 seconds
Request model_6#738 arrives at 1605538.252470494, sleeping for 0.04429409094154835 seconds
Request model_3#1046 arrives at 1605538.297387285, sleeping for 0.050393166951835155 seconds
Request model_5#1299 arrives at 1605538.348146793, sleeping for 0.010307317832484841 seconds
Request model_5#1300 arrives at 1605538.359288165, sleeping for 0.042853638995438814 seconds
Request model_4#513 arrives at 1605538.402793734, sleeping for 0.03673506109043956 seconds
Request model_5#1301 arrives at 1605538.439902849, sleeping for 0.20100976154208183 seconds
Request model_6#739 arrives at 1605538.641032238, sleeping for 0.07526596658863127 seconds
Request model_5#1302 arrives at 1605538.716997584, sleeping for 0.10739785758778453 seconds
Request model_2#672 arrives at 1605538.825262737, sleeping for 0.006200907751917839 seconds
Request model_3#1047 arrives at 1605538.832191503, sleeping for 0.0690600227098912 seconds
Request model_5#1303 arrives at 1605538.901743737, sleeping for 0.08181939739733934 seconds
Request model_3#1048 arrives at 1605538.984155446, sleeping for 0.041920063784345984 seconds
Request model_2#673 arrives at 1605539.026504626, sleeping for 0.07029080484062433 seconds
Request model_5#1304 arrives at 1605539.098284227, sleeping for 0.02775043179281056 seconds
Request model_6#740 arrives at 1605539.126812212, sleeping for 0.021111383568495512 seconds
Request model_3#1049 arrives at 1605539.148959205, sleeping for 0.020152243319898844 seconds
Request model_5#1305 arrives at 1605539.17011744, sleeping for 0.13035245798528194 seconds
Request model_1#354 arrives at 1605539.301077359, sleeping for 0.05445965728722513 seconds
Request model_5#1306 arrives at 1605539.35583759, sleeping for 0.03451925585977733 seconds
Request model_5#1307 arrives at 1605539.391282623, sleeping for 0.10214314586482942 seconds
Request model_6#741 arrives at 1605539.494537914, sleeping for 0.18187441024929285 seconds
Request model_6#742 arrives at 1605539.677474232, sleeping for 0.07229583454318345 seconds
Request model_5#1308 arrives at 1605539.750489774, sleeping for 0.12898424360901117 seconds
Request model_5#1309 arrives at 1605539.880413815, sleeping for 0.09399565192870796 seconds
Request model_5#1310 arrives at 1605539.974685232, sleeping for 0.0045527685433626175 seconds
Request model_5#1311 arrives at 1605539.980375239, sleeping for 0.014772105496376753 seconds
Request model_5#1312 arrives at 1605539.996090918, sleeping for 0.27186396275646985 seconds
Request model_6#743 arrives at 1605540.268427063, sleeping for 0.0537201059050858 seconds
Request model_3#1050 arrives at 1605540.323313276, sleeping for 0.10378597397357225 seconds
Request model_3#1051 arrives at 1605540.429060097, sleeping for 0.01811231323517859 seconds
Request model_3#1052 arrives at 1605540.44873881, sleeping for 0 seconds
Request model_3#1053 arrives at 1605540.449043532, sleeping for 0.0420731536578387 seconds
Request model_6#744 arrives at 1605540.491460612, sleeping for 0.023124593077227473 seconds
Request model_3#1054 arrives at 1605540.515629801, sleeping for 0.027661220403388143 seconds
Request model_4#514 arrives at 1605540.544409778, sleeping for 0.012689197203144431 seconds
Request model_5#1313 arrives at 1605540.559089319, sleeping for 0.004887394607067108 seconds
Request model_6#745 arrives at 1605540.564747646, sleeping for 0.006038511637598276 seconds
Request model_2#674 arrives at 1605540.570944467, sleeping for 0.0013691361527889967 seconds
Request model_1#355 arrives at 1605540.572600211, sleeping for 0.09214829956181347 seconds
Request model_1#356 arrives at 1605540.666602956, sleeping for 0.00037942943163216114 seconds
Request model_1#357 arrives at 1605540.667177, sleeping for 0.029922699322924018 seconds
Request model_3#1055 arrives at 1605540.697707202, sleeping for 0.08136232639662921 seconds
Request model_2#675 arrives at 1605540.780086961, sleeping for 0.006425155326724052 seconds
Request model_6#746 arrives at 1605540.786791116, sleeping for 0.030738860368728638 seconds
Request model_3#1056 arrives at 1605540.818536668, sleeping for 0.1236806611996144 seconds
Request model_5#1314 arrives at 1605540.942977274, sleeping for 0.02239724644459784 seconds
Request model_2#676 arrives at 1605540.966449317, sleeping for 0.00017967261373996735 seconds
Request model_5#1315 arrives at 1605540.966879711, sleeping for 0.05330730555579066 seconds
Request model_6#747 arrives at 1605541.020643424, sleeping for 0.02196588390506804 seconds
Request model_1#358 arrives at 1605541.043648464, sleeping for 0.04179815039969981 seconds
Request model_5#1316 arrives at 1605541.086378736, sleeping for 0.08963762922212481 seconds
Request model_2#677 arrives at 1605541.177104974, sleeping for 0.22441683756187558 seconds
Request model_2#678 arrives at 1605541.402272199, sleeping for 0 seconds
Request model_6#748 arrives at 1605541.402668003, sleeping for 0.001160262618213892 seconds
Request model_3#1057 arrives at 1605541.404624979, sleeping for 0.026426129741594195 seconds
Request model_6#749 arrives at 1605541.432410668, sleeping for 0.05874765873886645 seconds
Request model_2#679 arrives at 1605541.493247559, sleeping for 0.13455482828430831 seconds
Request model_6#750 arrives at 1605541.628700346, sleeping for 0.07205814030021429 seconds
Request model_2#680 arrives at 1605541.702813057, sleeping for 0.03332701651379466 seconds
Request model_2#681 arrives at 1605541.736628225, sleeping for 0.030060554621741176 seconds
Request model_6#751 arrives at 1605541.767321468, sleeping for 0.00251486012712121 seconds
Request model_2#682 arrives at 1605541.76997868, sleeping for 0.07096702768467367 seconds
Request model_4#515 arrives at 1605541.84156137, sleeping for 0.0001010748092085123 seconds
Request model_3#1058 arrives at 1605541.842000304, sleeping for 0.011261968407779932 seconds
Request model_6#752 arrives at 1605541.854123464, sleeping for 0.00015735160559415817 seconds
Request model_5#1317 arrives at 1605541.854505237, sleeping for 0.0314444862306118 seconds
Request model_1#359 arrives at 1605541.886215328, sleeping for 0.12463282654061913 seconds
Request model_6#753 arrives at 1605542.01266901, sleeping for 0.002048501977697015 seconds
Request model_5#1318 arrives at 1605542.015385673, sleeping for 0.01332103880122304 seconds
Request model_1#360 arrives at 1605542.030052384, sleeping for 0.01589126233011484 seconds
Request model_5#1319 arrives at 1605542.046729551, sleeping for 0.025524281663820148 seconds
Request model_6#754 arrives at 1605542.072481713, sleeping for 0 seconds
Request model_5#1320 arrives at 1605542.072780606, sleeping for 0.0013472484424710274 seconds
Request model_6#755 arrives at 1605542.074603731, sleeping for 0.021410705987364054 seconds
Request model_3#1059 arrives at 1605542.09626359, sleeping for 0.004479756345972419 seconds
Request model_4#516 arrives at 1605542.100925438, sleeping for 0.0035111340694129467 seconds
Request model_3#1060 arrives at 1605542.10476305, sleeping for 0.006275249179452658 seconds
Request model_4#517 arrives at 1605542.111435094, sleeping for 0.022588511928915977 seconds
Request model_1#361 arrives at 1605542.13509933, sleeping for 0.05335385585203767 seconds
Request model_3#1061 arrives at 1605542.188774512, sleeping for 0.029269634978845716 seconds
Request model_6#756 arrives at 1605542.218516837, sleeping for 0.013598596910014749 seconds
Request model_6#757 arrives at 1605542.23345213, sleeping for 0.0168682390358299 seconds
Request model_2#683 arrives at 1605542.251188616, sleeping for 0.06171855702996254 seconds
Request model_4#518 arrives at 1605542.314036284, sleeping for 0.07291348627768457 seconds
Request model_2#684 arrives at 1605542.388076254, sleeping for 0.030442812480032444 seconds
Request model_3#1062 arrives at 1605542.41901161, sleeping for 0.036072790855541825 seconds
Request model_3#1063 arrives at 1605542.455889913, sleeping for 0.055069001857191324 seconds
Request model_5#1321 arrives at 1605542.511427451, sleeping for 0.03278947691433132 seconds
Request model_3#1064 arrives at 1605542.545108149, sleeping for 0.04718274436891079 seconds
Request model_5#1322 arrives at 1605542.592781272, sleeping for 3.8046156987547874e-05 seconds
Request model_4#519 arrives at 1605542.593194405, sleeping for 0.0748895590659231 seconds
Request model_2#685 arrives at 1605542.66900694, sleeping for 0.19057337008416653 seconds
Request model_5#1323 arrives at 1605542.860499308, sleeping for 0.03850134345702827 seconds
Request model_5#1324 arrives at 1605542.899186967, sleeping for 0.024510049959644675 seconds
Request model_5#1325 arrives at 1605542.924166333, sleeping for 0.07278952398337424 seconds
Request model_2#686 arrives at 1605542.997930621, sleeping for 0.013314686948433518 seconds
Request model_5#1326 arrives at 1605543.012647262, sleeping for 0.04047096613794565 seconds
Request model_5#1327 arrives at 1605543.054004963, sleeping for 0.021512860199436545 seconds
Request model_5#1328 arrives at 1605543.075682012, sleeping for 0.11625190498307347 seconds
Request model_3#1065 arrives at 1605543.192883757, sleeping for 0.031027077930048108 seconds
Request model_4#520 arrives at 1605543.224923182, sleeping for 0.022200241684913635 seconds
Request model_6#758 arrives at 1605543.247598938, sleeping for 0.07147421292029321 seconds
Request model_5#1329 arrives at 1605543.319993625, sleeping for 0.0876042942982167 seconds
Request model_3#1066 arrives at 1605543.408571225, sleeping for 0.018339548027142882 seconds
Request model_4#521 arrives at 1605543.428259627, sleeping for 0.00971186370588839 seconds
Request model_3#1067 arrives at 1605543.438940095, sleeping for 0.019495933782309294 seconds
Request model_5#1330 arrives at 1605543.460312901, sleeping for 0.02421937440522015 seconds
Request model_6#759 arrives at 1605543.485416758, sleeping for 0.03545078239403665 seconds
Request model_3#1068 arrives at 1605543.521267174, sleeping for 0.006299791857600212 seconds
Request model_5#1331 arrives at 1605543.527886799, sleeping for 0.0570308156311512 seconds
Request model_5#1332 arrives at 1605543.585569594, sleeping for 0.0708843837492168 seconds
Request model_6#760 arrives at 1605543.65669521, sleeping for 0.006428977940231562 seconds
Request model_3#1069 arrives at 1605543.663325375, sleeping for 0.09994643204845488 seconds
Request model_3#1070 arrives at 1605543.764059975, sleeping for 0.04124788101762533 seconds
Request model_5#1333 arrives at 1605543.805718328, sleeping for 0.020334142493084073 seconds
Request model_3#1071 arrives at 1605543.826325268, sleeping for 0.15470018214546144 seconds
Request model_5#1334 arrives at 1605543.982352514, sleeping for 0.07395901717245579 seconds
Request model_3#1072 arrives at 1605544.057461283, sleeping for 0.10738720931112766 seconds
Request model_3#1073 arrives at 1605544.166182739, sleeping for 0.12252092966809869 seconds
Request model_3#1074 arrives at 1605544.289158912, sleeping for 0.11303513962775469 seconds
Request model_3#1075 arrives at 1605544.402484316, sleeping for 0.18615668662823737 seconds
Request model_6#761 arrives at 1605544.589679548, sleeping for 0.019559377105906606 seconds
Request model_2#687 arrives at 1605544.610398029, sleeping for 0.036311687203124166 seconds
Request model_5#1335 arrives at 1605544.648369812, sleeping for 0.03157160570845008 seconds
Request model_4#522 arrives at 1605544.680971301, sleeping for 0.012758603086695075 seconds
Request model_3#1076 arrives at 1605544.694135199, sleeping for 0.08553490601480007 seconds
Request model_4#523 arrives at 1605544.780329399, sleeping for 0.003834228264167905 seconds
Request model_5#1336 arrives at 1605544.784536094, sleeping for 0.13280401634983718 seconds
Request model_3#1077 arrives at 1605544.918532608, sleeping for 0 seconds
Request model_5#1337 arrives at 1605544.919197194, sleeping for 0.004660622216761112 seconds
Request model_5#1338 arrives at 1605544.924089984, sleeping for 0.034485093550756574 seconds
Request model_1#362 arrives at 1605544.95878777, sleeping for 0.03656119015067816 seconds
Request model_3#1078 arrives at 1605544.995848465, sleeping for 0.0062614199705421925 seconds
Request model_3#1079 arrives at 1605545.002642372, sleeping for 0.012364749563857913 seconds
Request model_3#1080 arrives at 1605545.015248555, sleeping for 0.08556951209902763 seconds
Request model_4#524 arrives at 1605545.10195404, sleeping for 0.06457496993243694 seconds
Request model_5#1339 arrives at 1605545.167212408, sleeping for 0.03326327516697347 seconds
Request model_5#1340 arrives at 1605545.201119137, sleeping for 0.15040373685769737 seconds
Request model_3#1081 arrives at 1605545.352190172, sleeping for 0.0002812524326145649 seconds
Request model_2#688 arrives at 1605545.352944378, sleeping for 0.08458606828935444 seconds
Request model_3#1082 arrives at 1605545.438456663, sleeping for 0.05693013244308531 seconds
Request model_6#762 arrives at 1605545.496693003, sleeping for 0.00034624780528247356 seconds
Request model_4#525 arrives at 1605545.673955383, sleeping for 0 seconds
Request model_5#1341 arrives at 1605545.674520198, sleeping for 0.02420284622348845 seconds
Request model_6#763 arrives at 1605545.699816496, sleeping for 0.01694400212727487 seconds
Request model_1#363 arrives at 1605545.717884015, sleeping for 0.023483125027269125 seconds
Request model_2#689 arrives at 1605545.741591261, sleeping for 0.057215757900848985 seconds
Request model_5#1342 arrives at 1605545.799924461, sleeping for 0.01977422507479787 seconds
Request model_5#1343 arrives at 1605545.819948226, sleeping for 0.059689112938940525 seconds
Request model_5#1344 arrives at 1605545.880763097, sleeping for 0.007296816213056445 seconds
Request model_6#764 arrives at 1605545.888619292, sleeping for 0.007988738594576716 seconds
Request model_6#765 arrives at 1605545.897042342, sleeping for 0.0926953291054815 seconds
Request model_3#1083 arrives at 1605545.990672233, sleeping for 0.042914776131510735 seconds
Request model_5#1345 arrives at 1605546.034474274, sleeping for 0.14396533812396228 seconds
Request model_6#766 arrives at 1605546.180180524, sleeping for 0.011037017684429884 seconds
Request model_2#690 arrives at 1605546.192345115, sleeping for 0.04338256851769984 seconds
Request model_6#767 arrives at 1605546.236917752, sleeping for 0.11497789970599115 seconds
Request model_5#1346 arrives at 1605546.352976448, sleeping for 0.04246082389727235 seconds
Request model_2#691 arrives at 1605546.396204864, sleeping for 0.008862538496032357 seconds
Request model_3#1084 arrives at 1605546.40535443, sleeping for 0.02113482286222279 seconds
Request model_5#1347 arrives at 1605546.42730403, sleeping for 0.00802408717572689 seconds
Request model_4#526 arrives at 1605546.436193414, sleeping for 0.07229993352666497 seconds
Request model_6#768 arrives at 1605546.509447667, sleeping for 0.0194505387917161 seconds
Request model_4#527 arrives at 1605546.529338131, sleeping for 0.008102881722152233 seconds
Request model_3#1085 arrives at 1605546.537975292, sleeping for 0 seconds
Request model_1#364 arrives at 1605546.538322605, sleeping for 0.05708085931837559 seconds
Request model_2#692 arrives at 1605546.595540627, sleeping for 0.08577653369866312 seconds
Request model_2#693 arrives at 1605546.682237601, sleeping for 0.11920162732712924 seconds
Request model_6#769 arrives at 1605546.802042178, sleeping for 0.015064144507050514 seconds
Request model_5#1348 arrives at 1605546.817704357, sleeping for 0.006398265017196536 seconds
Request model_5#1349 arrives at 1605546.824368582, sleeping for 0.01521198870614171 seconds
Request model_3#1086 arrives at 1605546.840645146, sleeping for 0.03312667133286595 seconds
Request model_5#1350 arrives at 1605546.874305864, sleeping for 0.07295862142927945 seconds
Request model_6#770 arrives at 1605546.947605768, sleeping for 0.0413854003418237 seconds
Request model_6#771 arrives at 1605546.989324091, sleeping for 0.14618924935348332 seconds
Request model_3#1087 arrives at 1605547.136672465, sleeping for 0.026867395965382457 seconds
Request model_1#365 arrives at 1605547.164947438, sleeping for 0.08020148100331426 seconds
Request model_6#772 arrives at 1605547.245567483, sleeping for 0.042353920405730605 seconds
Request model_3#1088 arrives at 1605547.288881579, sleeping for 0 seconds
Request model_3#1089 arrives at 1605547.289607615, sleeping for 0.04960691835731268 seconds
Request model_3#1090 arrives at 1605547.340108281, sleeping for 0.1768206348642707 seconds
Request model_3#1091 arrives at 1605547.517622074, sleeping for 0.03860079264268279 seconds
Request model_5#1351 arrives at 1605547.556889518, sleeping for 0.009706767508760095 seconds
Request model_3#1092 arrives at 1605547.568206701, sleeping for 0.000365968095138669 seconds
Request model_5#1352 arrives at 1605547.569071468, sleeping for 0.041305701015517116 seconds
Request model_6#773 arrives at 1605547.610736811, sleeping for 0.03490119404159486 seconds
Request model_2#694 arrives at 1605547.646313074, sleeping for 0.11042307480238378 seconds
Request model_2#695 arrives at 1605547.757757432, sleeping for 0.012487675528973341 seconds
Request model_3#1093 arrives at 1605547.771101082, sleeping for 0.023764719488099217 seconds
Request model_6#774 arrives at 1605547.795456643, sleeping for 0.11820212961174548 seconds
Request model_4#528 arrives at 1605547.914188251, sleeping for 0.022658622823655605 seconds
Request model_3#1094 arrives at 1605547.937535244, sleeping for 0.10325691476464272 seconds
Request model_3#1095 arrives at 1605548.041737872, sleeping for 0.017767294077202678 seconds
Request model_5#1353 arrives at 1605548.060059623, sleeping for 0.06449888809584081 seconds
Request model_5#1354 arrives at 1605548.125632593, sleeping for 0.038653868017718196 seconds
Request model_5#1355 arrives at 1605548.164895187, sleeping for 0.009064122335985303 seconds
Request model_5#1356 arrives at 1605548.174197323, sleeping for 0.02553734090179205 seconds
Request model_3#1096 arrives at 1605548.200130087, sleeping for 0.14089666493237019 seconds
Request model_5#1357 arrives at 1605548.342949733, sleeping for 0.1264515477232635 seconds
Request model_6#775 arrives at 1605548.470176062, sleeping for 0.00503461598418653 seconds
Request model_5#1358 arrives at 1605548.476211921, sleeping for 0.03849521395750344 seconds
Request model_5#1359 arrives at 1605548.51491135, sleeping for 0.011608561500906944 seconds
Request model_3#1097 arrives at 1605548.527587754, sleeping for 0.004757528193295002 seconds
Request model_5#1360 arrives at 1605548.533283122, sleeping for 0.01209246227517724 seconds
Request model_2#696 arrives at 1605548.545964866, sleeping for 0.01215653051622212 seconds
Request model_5#1361 arrives at 1605548.558656541, sleeping for 0.04238265263848007 seconds
Request model_5#1362 arrives at 1605548.601713495, sleeping for 0.05462753656320274 seconds
Request model_3#1098 arrives at 1605548.657480105, sleeping for 0.05162558890879154 seconds
Request model_5#1363 arrives at 1605548.709390142, sleeping for 0.018570763058960438 seconds
Request model_6#776 arrives at 1605548.729323127, sleeping for 0.034409476444125175 seconds
Request model_3#1099 arrives at 1605548.764773139, sleeping for 0.04070624615997076 seconds
Request model_2#697 arrives at 1605548.805917008, sleeping for 0.0713305315002799 seconds
Request model_6#777 arrives at 1605548.877627848, sleeping for 0.13359713507816195 seconds
Request model_5#1364 arrives at 1605549.011664962, sleeping for 0.010607633041217923 seconds
Request model_4#529 arrives at 1605549.023381339, sleeping for 0.0625952878035605 seconds
Request model_6#778 arrives at 1605549.086781541, sleeping for 0.08194830431602895 seconds
Request model_3#1100 arrives at 1605549.169499493, sleeping for 0.02549481112509966 seconds
Request model_4#530 arrives at 1605549.195459736, sleeping for 0.10724656702950597 seconds
Request model_5#1365 arrives at 1605549.302996952, sleeping for 0.1376280498225242 seconds
Request model_6#779 arrives at 1605549.441507103, sleeping for 0.043030194006860256 seconds
Request model_3#1101 arrives at 1605549.484930951, sleeping for 0.033528393134474754 seconds
Request model_2#698 arrives at 1605549.519106923, sleeping for 0.020307641243562102 seconds
Request model_4#531 arrives at 1605549.540296727, sleeping for 0.01663356157951057 seconds
Request model_2#699 arrives at 1605549.557381538, sleeping for 0.004351156996563077 seconds
Request model_5#1366 arrives at 1605549.56252662, sleeping for 0.06982408044859767 seconds
Request model_6#780 arrives at 1605549.633551015, sleeping for 0.07297701179049909 seconds
Request model_5#1367 arrives at 1605549.707456665, sleeping for 0.11942841717973351 seconds
Request model_5#1368 arrives at 1605549.828633013, sleeping for 0.043399977730587125 seconds
Request model_3#1102 arrives at 1605549.872837457, sleeping for 0.0533495198469609 seconds
Request model_5#1369 arrives at 1605549.927049203, sleeping for 0.0008518090471625328 seconds
Request model_4#532 arrives at 1605549.928090312, sleeping for 0.00019375374540686607 seconds
Request model_6#781 arrives at 1605549.929157531, sleeping for 0.012118733255192637 seconds
Request model_4#533 arrives at 1605549.941983606, sleeping for 0.010130302282050252 seconds
Request model_5#1370 arrives at 1605549.952796226, sleeping for 0.10226731677539647 seconds
Request model_2#700 arrives at 1605550.055643143, sleeping for 0.02543187467381358 seconds
Request model_3#1103 arrives at 1605550.081829848, sleeping for 0.00300014391541481 seconds
Request model_3#1104 arrives at 1605550.085896532, sleeping for 0.02839861041866243 seconds
Request model_5#1371 arrives at 1605550.114724909, sleeping for 0.033247919753193855 seconds
Request model_6#782 arrives at 1605550.148419177, sleeping for 0.012595733860507607 seconds
Request model_5#1372 arrives at 1605550.161565995, sleeping for 0.0489704308565706 seconds
Request model_3#1105 arrives at 1605550.211337185, sleeping for 0.032434688648208976 seconds
Request model_6#783 arrives at 1605550.24467287, sleeping for 0.07530679530464113 seconds
Request model_3#1106 arrives at 1605550.320998738, sleeping for 0.20389690529555082 seconds
Request model_5#1373 arrives at 1605550.525820536, sleeping for 0.04019453516229987 seconds
Request model_5#1374 arrives at 1605550.56644165, sleeping for 0.09638733649626374 seconds
Request model_5#1375 arrives at 1605550.663974893, sleeping for 0.07278170646168292 seconds
Request model_4#534 arrives at 1605550.737932643, sleeping for 0.0479969282168895 seconds
Request model_2#701 arrives at 1605550.786237151, sleeping for 0.11974480445496738 seconds
Request model_5#1376 arrives at 1605550.906525101, sleeping for 0.09170386823825538 seconds
Request model_3#1107 arrives at 1605550.998923833, sleeping for 0.056752284755930305 seconds
Request model_3#1108 arrives at 1605551.056668748, sleeping for 0 seconds
Request model_5#1377 arrives at 1605551.056986181, sleeping for 0.024774101562798023 seconds
Request model_5#1378 arrives at 1605551.082859094, sleeping for 0.015521185705438256 seconds
Request model_4#535 arrives at 1605551.098859296, sleeping for 0.12027020147070289 seconds
Request model_4#536 arrives at 1605551.21960505, sleeping for 0.07726938114501536 seconds
Request model_5#1379 arrives at 1605551.297404751, sleeping for 0.026683577802032232 seconds
Request model_3#1109 arrives at 1605551.325995486, sleeping for 0.004819749156013131 seconds
Request model_5#1380 arrives at 1605551.331685613, sleeping for 0.034073329996317625 seconds
Request model_3#1110 arrives at 1605551.366413859, sleeping for 0.04334337031468749 seconds
Request model_5#1381 arrives at 1605551.410079719, sleeping for 0.049540362088009715 seconds
Request model_4#537 arrives at 1605551.460435034, sleeping for 0.00894731329753995 seconds
Request model_4#538 arrives at 1605551.469913582, sleeping for 0 seconds
Request model_3#1111 arrives at 1605551.470535697, sleeping for 0.005028275074437261 seconds
Request model_4#539 arrives at 1605551.475972942, sleeping for 0.03294805414043367 seconds
Request model_5#1382 arrives at 1605551.509889641, sleeping for 0.11992203677073121 seconds
Request model_2#702 arrives at 1605551.631250521, sleeping for 0.04755488224327564 seconds
Request model_2#703 arrives at 1605551.679587139, sleeping for 0.00014780880883336067 seconds
Request model_2#704 arrives at 1605551.680566407, sleeping for 0.009567247005179524 seconds
Request model_5#1383 arrives at 1605551.691560737, sleeping for 0.13639773498289287 seconds
Request model_5#1384 arrives at 1605551.828866978, sleeping for 0.06553270760923624 seconds
Request model_1#366 arrives at 1605551.894728751, sleeping for 0.04060512757860124 seconds
Request model_2#705 arrives at 1605551.935777299, sleeping for 0.032171774888411164 seconds
Request model_5#1385 arrives at 1605551.968280367, sleeping for 0.02594028040766716 seconds
Request model_5#1386 arrives at 1605551.996038015, sleeping for 0.0547017368953675 seconds
Request model_3#1112 arrives at 1605552.051062238, sleeping for 0.025574517203494906 seconds
Request model_6#784 arrives at 1605552.077438656, sleeping for 0.11306591867469251 seconds
Request model_6#785 arrives at 1605552.191427395, sleeping for 0.00917230430059135 seconds
Request model_4#540 arrives at 1605552.202528876, sleeping for 0.05130027048289776 seconds
Request model_3#1113 arrives at 1605552.254653795, sleeping for 0.001141008222475648 seconds
Request model_1#367 arrives at 1605552.256956434, sleeping for 0.06436349707655609 seconds
Request model_3#1114 arrives at 1605552.32199438, sleeping for 0.018099525943398476 seconds
Request model_5#1387 arrives at 1605552.342296237, sleeping for 0.03735276870429516 seconds
Request model_4#541 arrives at 1605552.380085298, sleeping for 0.010728098452091217 seconds
Request model_2#706 arrives at 1605552.391999077, sleeping for 0.03311499417759478 seconds
Request model_5#1388 arrives at 1605552.425362221, sleeping for 0.018648952012881637 seconds
Request model_3#1115 arrives at 1605552.445668588, sleeping for 0.07170242723077536 seconds
Request model_3#1116 arrives at 1605552.519058853, sleeping for 0.13589021051302552 seconds
Request model_4#542 arrives at 1605552.655541047, sleeping for 0.24218726227991283 seconds
Request model_3#1117 arrives at 1605552.898008104, sleeping for 0.06623854045756161 seconds
Request model_5#1389 arrives at 1605552.964461051, sleeping for 0.15850485325790942 seconds
Request model_6#786 arrives at 1605553.123531991, sleeping for 0.019911391893401742 seconds
Request model_6#787 arrives at 1605553.143737308, sleeping for 0.061671487521380186 seconds
Request model_1#368 arrives at 1605553.206098792, sleeping for 0.03634389117360115 seconds
Request model_6#788 arrives at 1605553.244248136, sleeping for 0.11582967662252486 seconds
Request model_5#1390 arrives at 1605553.360401032, sleeping for 0.001131659373641014 seconds
Request model_5#1391 arrives at 1605553.362373099, sleeping for 0.024740761844441295 seconds
Request model_2#707 arrives at 1605553.38806644, sleeping for 0.0035261691082268953 seconds
Request model_3#1118 arrives at 1605553.392744118, sleeping for 0 seconds
Request model_5#1392 arrives at 1605553.393046831, sleeping for 0.19535977742634714 seconds
Request model_4#543 arrives at 1605553.590077984, sleeping for 0.009496032726019621 seconds
Request model_4#544 arrives at 1605553.600966893, sleeping for 0.09740008926019073 seconds
Request model_3#1119 arrives at 1605553.698682758, sleeping for 0.05467335134744644 seconds
Request model_2#708 arrives at 1605553.754409827, sleeping for 0.009013180853798985 seconds
Request model_4#545 arrives at 1605553.765089255, sleeping for 0.06165161286480725 seconds
Request model_5#1393 arrives at 1605553.827756291, sleeping for 0.022767937276512384 seconds
Request model_1#369 arrives at 1605553.851447956, sleeping for 0.09940189681947231 seconds
Request model_6#789 arrives at 1605553.951851113, sleeping for 0.07897251681424677 seconds
Request model_2#709 arrives at 1605554.031563989, sleeping for 0.0472974581643939 seconds
Request model_6#790 arrives at 1605554.079569085, sleeping for 0.016053313622251153 seconds
Request model_3#1120 arrives at 1605554.096522514, sleeping for 0.082743612350896 seconds
Request model_5#1394 arrives at 1605554.180200574, sleeping for 0.09143694071099162 seconds
Request model_1#370 arrives at 1605554.27211376, sleeping for 0.025203905999660492 seconds
Request model_3#1121 arrives at 1605554.298446517, sleeping for 0.21890910877846181 seconds
Request model_3#1122 arrives at 1605554.517701293, sleeping for 0.025656344834715128 seconds
Request model_2#710 arrives at 1605554.544052109, sleeping for 0.04207523097284138 seconds
Request model_3#1123 arrives at 1605554.586985743, sleeping for 0.009715500520542264 seconds
Request model_6#791 arrives at 1605554.598081265, sleeping for 0.009419019566848874 seconds
Request model_5#1395 arrives at 1605554.609006235, sleeping for 0.03681002254597843 seconds
Request model_6#792 arrives at 1605554.646181741, sleeping for 0.016660823486745358 seconds
Request model_5#1396 arrives at 1605554.663335132, sleeping for 0.07844320638105273 seconds
Request model_4#546 arrives at 1605554.742460094, sleeping for 0.034360782941803336 seconds
Request model_2#711 arrives at 1605554.777573333, sleeping for 0.07347911200486124 seconds
Request model_3#1124 arrives at 1605554.851758824, sleeping for 0.016298040747642517 seconds
Request model_6#793 arrives at 1605554.868969145, sleeping for 0.04443441377952695 seconds
Request model_1#371 arrives at 1605554.914171797, sleeping for 0.017280841944739223 seconds
Request model_6#794 arrives at 1605554.932347367, sleeping for 0.00712099764496088 seconds
Request model_6#795 arrives at 1605554.940408774, sleeping for 0.04731249460019171 seconds
Request model_2#712 arrives at 1605554.988396779, sleeping for 0.02000299864448607 seconds
Request model_3#1125 arrives at 1605555.00917887, sleeping for 0.037453897530213 seconds
Request model_5#1397 arrives at 1605555.047287894, sleeping for 0.13184725097380579 seconds
Request model_4#547 arrives at 1605555.179909186, sleeping for 0.03874001116491854 seconds
Request model_5#1398 arrives at 1605555.219816345, sleeping for 0.056009839521721005 seconds
Request model_6#796 arrives at 1605555.276952135, sleeping for 0.024247580440714955 seconds
Request model_2#713 arrives at 1605555.301626988, sleeping for 0.01526082819327712 seconds
Request model_5#1399 arrives at 1605555.317299017, sleeping for 0.02301650936715305 seconds
Request model_2#714 arrives at 1605555.340965812, sleeping for 0.045636149821802974 seconds
Request model_3#1126 arrives at 1605555.387505045, sleeping for 0.004893235396593809 seconds
Request model_3#1127 arrives at 1605555.393245042, sleeping for 0.1484879564959556 seconds
Request model_6#797 arrives at 1605555.542738864, sleeping for 0.03233212395571172 seconds
Request model_5#1400 arrives at 1605555.575434893, sleeping for 0.02041808213107288 seconds
Request model_5#1401 arrives at 1605555.596260474, sleeping for 0.013122632168233395 seconds
Request model_5#1402 arrives at 1605555.609607784, sleeping for 0.07180812559090555 seconds
Request model_3#1128 arrives at 1605555.683306891, sleeping for 0.12784259021282196 seconds
Request model_2#715 arrives at 1605555.811785309, sleeping for 0.23155043786391616 seconds
Request model_3#1129 arrives at 1605556.04513588, sleeping for 0.03732593706808984 seconds
Request model_5#1403 arrives at 1605556.082823231, sleeping for 0.01833431632257998 seconds
Request model_5#1404 arrives at 1605556.101650606, sleeping for 0.04127844935283065 seconds
Request model_5#1405 arrives at 1605556.14345841, sleeping for 0.15739504108205438 seconds
Request model_4#548 arrives at 1605556.301530401, sleeping for 0.03710584435611963 seconds
Request model_5#1406 arrives at 1605556.339245112, sleeping for 0.12833876977674663 seconds
Request model_6#798 arrives at 1605556.467865731, sleeping for 0.0018298577051609755 seconds
Request model_6#799 arrives at 1605556.470616104, sleeping for 0.007997994776815176 seconds
Request model_5#1407 arrives at 1605556.479280305, sleeping for 0.0282602624502033 seconds
Request model_4#549 arrives at 1605556.508670757, sleeping for 0.09673329908400774 seconds
Request model_5#1408 arrives at 1605556.605960598, sleeping for 0.06471196888014674 seconds
Request model_4#550 arrives at 1605556.671022734, sleeping for 0.0022726072929799557 seconds
Request model_5#1409 arrives at 1605556.673692586, sleeping for 0.09027524897828698 seconds
Request model_5#1410 arrives at 1605556.764623394, sleeping for 0.021165978629142046 seconds
Request model_5#1411 arrives at 1605556.786347583, sleeping for 0 seconds
Request model_5#1412 arrives at 1605556.786643586, sleeping for 0.08477077749557793 seconds
Request model_5#1413 arrives at 1605556.872913916, sleeping for 0.009582555619999766 seconds
Request model_5#1414 arrives at 1605556.883629634, sleeping for 0.06514976802282035 seconds
Request model_5#1415 arrives at 1605556.949446886, sleeping for 0.014109865296632051 seconds
Request model_4#551 arrives at 1605556.964080957, sleeping for 0.0004347385838627815 seconds
Request model_6#800 arrives at 1605556.964640081, sleeping for 0.047832999378442764 seconds
Request model_5#1416 arrives at 1605557.01301077, sleeping for 0.11297356220893562 seconds
Request model_5#1417 arrives at 1605557.126575065, sleeping for 0.07036601263098419 seconds
Request model_4#552 arrives at 1605557.197117615, sleeping for 0.021284958580508828 seconds
Request model_3#1130 arrives at 1605557.218788784, sleeping for 0.02600497961975634 seconds
Request model_4#553 arrives at 1605557.246432371, sleeping for 0.16807914339005947 seconds
Request model_5#1418 arrives at 1605557.415283352, sleeping for 0.05014793970622122 seconds
Request model_4#554 arrives at 1605557.46728675, sleeping for 0.07464730506762862 seconds
Request model_5#1419 arrives at 1605557.542811911, sleeping for 0.004501335555687547 seconds
Request model_3#1131 arrives at 1605557.54747072, sleeping for 0.04121090495027602 seconds
Request model_3#1132 arrives at 1605557.589157753, sleeping for 0.0774440192617476 seconds
Request model_5#1420 arrives at 1605557.666861873, sleeping for 0.0532266756054014 seconds
Request model_4#555 arrives at 1605557.720547365, sleeping for 0.09298256691545248 seconds
Request model_3#1133 arrives at 1605557.813866913, sleeping for 0.06515459856018424 seconds
Request model_5#1421 arrives at 1605557.879521054, sleeping for 0.09023657627403736 seconds
Request model_3#1134 arrives at 1605557.970029449, sleeping for 0.1854322392027825 seconds
Request model_4#556 arrives at 1605558.155806559, sleeping for 0.08316009445115924 seconds
Request model_3#1135 arrives at 1605558.239562828, sleeping for 0.10343930288217962 seconds
Request model_2#716 arrives at 1605558.343242621, sleeping for 0.02425623987801373 seconds
Request model_2#717 arrives at 1605558.367912944, sleeping for 0.013702220749109983 seconds
Request model_4#557 arrives at 1605558.382598775, sleeping for 0.0036867603193968534 seconds
Request model_1#372 arrives at 1605558.387272184, sleeping for 0.027106325374916196 seconds
Request model_6#801 arrives at 1605558.414960542, sleeping for 0.016354088438674808 seconds
Request model_4#558 arrives at 1605558.431635739, sleeping for 0.05465139471925795 seconds
Request model_6#802 arrives at 1605558.487333728, sleeping for 0.014777535572648048 seconds
Request model_5#1422 arrives at 1605558.503042157, sleeping for 0.031923473346978426 seconds
Request model_5#1423 arrives at 1605558.535988548, sleeping for 0.02121092868037522 seconds
Request model_3#1136 arrives at 1605558.557686377, sleeping for 0.0037720256950706244 seconds
Request model_3#1137 arrives at 1605558.562354265, sleeping for 0.14493054756894708 seconds
Request model_6#803 arrives at 1605558.708086645, sleeping for 0.028098931536078453 seconds
Request model_3#1138 arrives at 1605558.736965703, sleeping for 0.016967166680842638 seconds
Request model_2#718 arrives at 1605558.754646688, sleeping for 0.048665633890777826 seconds
Request model_6#804 arrives at 1605558.804314357, sleeping for 0.03767221397720277 seconds
Request model_3#1139 arrives at 1605558.843020216, sleeping for 0.00046891788952052593 seconds
Request model_3#1140 arrives at 1605558.843682171, sleeping for 0.03562502493150532 seconds
Request model_3#1141 arrives at 1605558.881360981, sleeping for 0.15259338216856122 seconds
Request model_4#559 arrives at 1605559.034684174, sleeping for 0.04935537162236869 seconds
Request model_6#805 arrives at 1605559.084789656, sleeping for 0.026524133514612913 seconds
Request model_6#806 arrives at 1605559.112150642, sleeping for 0.08472225279547274 seconds
Request model_5#1424 arrives at 1605559.197337123, sleeping for 0.03389414376579225 seconds
Request model_5#1425 arrives at 1605559.232047358, sleeping for 0.04139899951405823 seconds
Request model_6#807 arrives at 1605559.274389767, sleeping for 0.08221884304657578 seconds
Request model_5#1426 arrives at 1605559.357268859, sleeping for 0.017552519217133522 seconds
Request model_5#1427 arrives at 1605559.375895503, sleeping for 0.03348985640332103 seconds
Request model_4#560 arrives at 1605559.409669601, sleeping for 0.07041072775609791 seconds
Request model_5#1428 arrives at 1605559.482043116, sleeping for 0 seconds
Request model_4#561 arrives at 1605559.48246955, sleeping for 0.006220168201252818 seconds
Request model_6#808 arrives at 1605559.489338476, sleeping for 0.06636311113834381 seconds
Request model_3#1142 arrives at 1605559.556068596, sleeping for 0.002930794842541218 seconds
Request model_6#809 arrives at 1605559.559962128, sleeping for 0.04000805597752333 seconds
Request model_5#1429 arrives at 1605559.600673013, sleeping for 0.008793443441390991 seconds
Request model_6#810 arrives at 1605559.611533012, sleeping for 0.03256750828586519 seconds
Request model_6#811 arrives at 1605559.644384273, sleeping for 0.015282667009159923 seconds
Request model_1#373 arrives at 1605559.660790928, sleeping for 0.05284342751838267 seconds
Request model_5#1430 arrives at 1605559.714582141, sleeping for 0 seconds
Request model_4#562 arrives at 1605559.714917764, sleeping for 0.06950181350111961 seconds
Request model_5#1431 arrives at 1605559.784806319, sleeping for 0.005368006182834506 seconds
Request model_5#1432 arrives at 1605559.790723398, sleeping for 0.0024272757582366467 seconds
Request model_3#1143 arrives at 1605559.79340358, sleeping for 0.02222361508756876 seconds
Request model_5#1433 arrives at 1605559.816211038, sleeping for 0.09149330039508641 seconds
Request model_1#374 arrives at 1605559.908036233, sleeping for 0.1710832540411502 seconds
Request model_3#1144 arrives at 1605560.080021479, sleeping for 0.03940290259197354 seconds
Request model_5#1434 arrives at 1605560.120025998, sleeping for 0.030398286413401365 seconds
Request model_2#719 arrives at 1605560.150989383, sleeping for 0.030760248191654682 seconds
Request model_6#812 arrives at 1605560.182299281, sleeping for 0.06671639042906463 seconds
Request model_3#1145 arrives at 1605560.25025054, sleeping for 0.01503493171185255 seconds
Request model_3#1146 arrives at 1605560.266488774, sleeping for 0.01749062305316329 seconds
Request model_4#563 arrives at 1605560.284675873, sleeping for 0.11967131146229804 seconds
Request model_2#720 arrives at 1605560.405649239, sleeping for 0.05807823594659567 seconds
Request model_3#1147 arrives at 1605560.46405072, sleeping for 0.005467264214530587 seconds
Request model_2#721 arrives at 1605560.470286841, sleeping for 0.008928414201363921 seconds
Request model_6#813 arrives at 1605560.479539778, sleeping for 0.2282813221681863 seconds
Request model_3#1148 arrives at 1605560.708951916, sleeping for 0.03718130034394562 seconds
Request model_5#1435 arrives at 1605560.746519815, sleeping for 0.026026866864413023 seconds
Request model_2#722 arrives at 1605560.774514026, sleeping for 0.08766507706604898 seconds
Request model_3#1149 arrives at 1605560.862335079, sleeping for 0.007368035148829222 seconds
Request model_5#1436 arrives at 1605560.870665647, sleeping for 0.02570504625327885 seconds
Request model_4#564 arrives at 1605560.898492416, sleeping for 0.03998563322238624 seconds
Request model_3#1150 arrives at 1605560.939777006, sleeping for 0.0002663000486791134 seconds
Request model_5#1437 arrives at 1605560.940637203, sleeping for 0.03853493114002049 seconds
Request model_3#1151 arrives at 1605560.979546124, sleeping for 0.06932453229092062 seconds
Request model_4#565 arrives at 1605561.049378958, sleeping for 0.00745272496715188 seconds
Request model_2#723 arrives at 1605561.057598446, sleeping for 0.047586994245648384 seconds
Request model_4#566 arrives at 1605561.106027785, sleeping for 0.1091133700683713 seconds
Request model_5#1438 arrives at 1605561.216428323, sleeping for 0.03768739243969321 seconds
Request model_3#1152 arrives at 1605561.254539947, sleeping for 0.00022544176317751408 seconds
Request model_3#1153 arrives at 1605561.255294153, sleeping for 0.01788870757445693 seconds
Request model_6#814 arrives at 1605561.275178337, sleeping for 0.07834868412464857 seconds
Request model_5#1439 arrives at 1605561.354412629, sleeping for 0.004143187077715993 seconds
Request model_5#1440 arrives at 1605561.359541381, sleeping for 0.08521750033833086 seconds
Request model_5#1441 arrives at 1605561.445177086, sleeping for 0.08434662385843694 seconds
Request model_4#567 arrives at 1605561.531562987, sleeping for 0.09460701607167721 seconds
Request model_5#1442 arrives at 1605561.627171054, sleeping for 0.1098389676772058 seconds
Request model_2#724 arrives at 1605561.738196898, sleeping for 0.01204378460533917 seconds
Request model_3#1154 arrives at 1605561.75055006, sleeping for 0.048790240893140435 seconds
Request model_5#1443 arrives at 1605561.799798525, sleeping for 0.09763335902243853 seconds
Request model_3#1155 arrives at 1605561.898061633, sleeping for 0.008035896578803658 seconds
Request model_1#375 arrives at 1605561.906512203, sleeping for 0.023854770231992006 seconds
Request model_5#1444 arrives at 1605561.931039875, sleeping for 0.018678274238482118 seconds
Request model_5#1445 arrives at 1605561.950605806, sleeping for 0.0058892397210001945 seconds
Request model_1#376 arrives at 1605561.957562993, sleeping for 0.003736726939678192 seconds
Request model_5#1446 arrives at 1605561.961794948, sleeping for 0.03158257692120969 seconds
Request model_3#1156 arrives at 1605561.994617788, sleeping for 0.001988926436752081 seconds
Request model_5#1447 arrives at 1605561.996911357, sleeping for 0.008201726479455829 seconds
Request model_2#725 arrives at 1605562.005598869, sleeping for 0.008603172842413187 seconds
Request model_3#1157 arrives at 1605562.016288116, sleeping for 0.11366502847522497 seconds
Request model_4#568 arrives at 1605562.131172322, sleeping for 0.010199413169175386 seconds
Request model_1#377 arrives at 1605562.142577746, sleeping for 0.01716149738058448 seconds
Request model_6#815 arrives at 1605562.160574984, sleeping for 0.0018252748996019363 seconds
Request model_2#726 arrives at 1605562.162588341, sleeping for 0.036370353773236275 seconds
Request model_5#1448 arrives at 1605562.200456042, sleeping for 0.0025195202324539423 seconds
Request model_5#1449 arrives at 1605562.203668139, sleeping for 0.003202917519956827 seconds
Request model_5#1450 arrives at 1605562.207567861, sleeping for 0.028065328486263752 seconds
Request model_3#1158 arrives at 1605562.237557688, sleeping for 0.01509535638615489 seconds
Request model_5#1451 arrives at 1605562.253830322, sleeping for 0.047398512018844485 seconds
Request model_4#569 arrives at 1605562.301929588, sleeping for 0.007957297144457698 seconds
Request model_5#1452 arrives at 1605562.310506778, sleeping for 0.04231074801646173 seconds
Request model_2#727 arrives at 1605562.353444842, sleeping for 0.003128833370283246 seconds
Request model_2#728 arrives at 1605562.357643206, sleeping for 0.005204141838476062 seconds
Request model_2#729 arrives at 1605562.363331243, sleeping for 0.013740501832216978 seconds
Request model_4#570 arrives at 1605562.378148555, sleeping for 0.010371914366260171 seconds
Request model_5#1453 arrives at 1605562.389380277, sleeping for 0.036635341588407755 seconds
Request model_6#816 arrives at 1605562.427533421, sleeping for 0.014256107388064265 seconds
Request model_5#1454 arrives at 1605562.442915298, sleeping for 0.05261485232040286 seconds
Request model_3#1159 arrives at 1605562.497024373, sleeping for 0.005731065291911364 seconds
Request model_2#730 arrives at 1605562.503048783, sleeping for 0.02049391297623515 seconds
Request model_6#817 arrives at 1605562.523886704, sleeping for 0.032938078977167606 seconds
Request model_5#1455 arrives at 1605562.557708293, sleeping for 0.18767837807536125 seconds
Request model_5#1456 arrives at 1605562.746510437, sleeping for 0.03193862526677549 seconds
Request model_6#818 arrives at 1605562.778638431, sleeping for 0.03483311412855983 seconds
Request model_3#1160 arrives at 1605562.814330325, sleeping for 0.08290150132961571 seconds
Request model_5#1457 arrives at 1605562.898030984, sleeping for 0.022181115811690688 seconds
Request model_4#571 arrives at 1605562.920474478, sleeping for 0.003577793948352337 seconds
Request model_6#819 arrives at 1605562.925142007, sleeping for 0.009581809863448143 seconds
Request model_5#1458 arrives at 1605562.935802165, sleeping for 0.0151412442792207 seconds
Request model_1#378 arrives at 1605562.951516244, sleeping for 0.0068858410231769085 seconds
Request model_3#1161 arrives at 1605562.959221607, sleeping for 0.09981789602898061 seconds
Request model_5#1459 arrives at 1605563.059408142, sleeping for 0.06873174104839563 seconds
Request model_4#572 arrives at 1605563.129370028, sleeping for 0.04661558079533279 seconds
Request model_2#731 arrives at 1605563.176498125, sleeping for 0.025871785823255777 seconds
Request model_2#732 arrives at 1605563.204312225, sleeping for 0.19544739625416696 seconds
Request model_5#1460 arrives at 1605563.400134686, sleeping for 0.06305786687880754 seconds
Request model_3#1162 arrives at 1605563.464321974, sleeping for 0 seconds
Request model_5#1461 arrives at 1605563.464810898, sleeping for 0.003345603123307228 seconds
Request model_3#1163 arrives at 1605563.468531479, sleeping for 0.00043458561412990093 seconds
Request model_5#1462 arrives at 1605563.469111384, sleeping for 0.020466794725507498 seconds
Request model_5#1463 arrives at 1605563.489734434, sleeping for 0.12542192172259092 seconds
Request model_6#820 arrives at 1605563.615644969, sleeping for 0.00450212461873889 seconds
Request model_3#1164 arrives at 1605563.62048025, sleeping for 0.0027874091174453497 seconds
Request model_2#733 arrives at 1605563.624152509, sleeping for 0.011060423217713833 seconds
Request model_5#1464 arrives at 1605563.635815736, sleeping for 0.008918994572013617 seconds
Request model_3#1165 arrives at 1605563.645215533, sleeping for 0.05180610669776797 seconds
Request model_3#1166 arrives at 1605563.697804186, sleeping for 0.025092872558161616 seconds
Request model_6#821 arrives at 1605563.723886571, sleeping for 0.03596880263648927 seconds
Request model_2#734 arrives at 1605563.761670971, sleeping for 0.058119441382586956 seconds
Request model_1#379 arrives at 1605563.820899929, sleeping for 0.05483613861724734 seconds
Request model_4#573 arrives at 1605563.876596047, sleeping for 0.0786764482036233 seconds
Request model_2#735 arrives at 1605563.955653498, sleeping for 0.13724936079233885 seconds
Request model_3#1167 arrives at 1605564.093534343, sleeping for 0.006596114486455917 seconds
Request model_1#380 arrives at 1605564.101235976, sleeping for 0.04523940454237163 seconds
Request model_3#1168 arrives at 1605564.146952662, sleeping for 0.13506538653746247 seconds
Request model_4#574 arrives at 1605564.282970301, sleeping for 0.18055889382958412 seconds
Request model_1#381 arrives at 1605564.46380918, sleeping for 0.005010165739804506 seconds
Request model_5#1465 arrives at 1605564.469533977, sleeping for 0.016493453178554773 seconds
Request model_5#1466 arrives at 1605564.486202784, sleeping for 0.050769856898114085 seconds
Request model_3#1169 arrives at 1605564.537468626, sleeping for 0.04192552389577031 seconds
Request model_2#736 arrives at 1605564.580081856, sleeping for 0.07076949742622674 seconds
Request model_2#737 arrives at 1605564.652794365, sleeping for 0.05943085020408034 seconds
Request model_2#738 arrives at 1605564.713477804, sleeping for 0.0005136006511747837 seconds
Request model_6#822 arrives at 1605564.714059859, sleeping for 0.08451340417377651 seconds
Request model_5#1467 arrives at 1605564.798909117, sleeping for 0.060619553783908486 seconds
Request model_5#1468 arrives at 1605564.860388853, sleeping for 0.04402213520370424 seconds
Request model_4#575 arrives at 1605564.905064861, sleeping for 0.07765049557201564 seconds
Request model_5#1469 arrives at 1605564.983200934, sleeping for 0.025734176859259605 seconds
Request model_1#382 arrives at 1605565.010879841, sleeping for 0.02348500886000693 seconds
Request model_5#1470 arrives at 1605565.034574266, sleeping for 0.009543589316308498 seconds
Request model_3#1170 arrives at 1605565.045242104, sleeping for 0 seconds
Request model_3#1171 arrives at 1605565.045554397, sleeping for 0.009368610102683306 seconds
Request model_5#1471 arrives at 1605565.056388426, sleeping for 0.07371907564811409 seconds
Request model_2#739 arrives at 1605565.130402965, sleeping for 0.03930429043248296 seconds
Request model_6#823 arrives at 1605565.170090122, sleeping for 0.05046629090793431 seconds
Request model_2#740 arrives at 1605565.220783969, sleeping for 0.020460099913179874 seconds
Request model_3#1172 arrives at 1605565.241485309, sleeping for 0.009014470968395472 seconds
Request model_3#1173 arrives at 1605565.252159617, sleeping for 0.013068728614598513 seconds
Request model_3#1174 arrives at 1605565.266857008, sleeping for 0.007168055512011051 seconds
Request model_2#741 arrives at 1605565.274636272, sleeping for 0.07199777197092772 seconds
Request model_3#1175 arrives at 1605565.348367859, sleeping for 0.050053962506353855 seconds
Request model_1#383 arrives at 1605565.399066796, sleeping for 0.05121056083589792 seconds
Request model_2#742 arrives at 1605565.451111804, sleeping for 0 seconds
Request model_5#1472 arrives at 1605565.451471377, sleeping for 0.024155749939382076 seconds
Request model_5#1473 arrives at 1605565.476086249, sleeping for 0.027351895347237587 seconds
Request model_5#1474 arrives at 1605565.504222581, sleeping for 0.04789237747900188 seconds
Request model_5#1475 arrives at 1605565.552879622, sleeping for 0.06188382487744093 seconds
Request model_5#1476 arrives at 1605565.615407626, sleeping for 0.037010393338277936 seconds
Request model_5#1477 arrives at 1605565.653084056, sleeping for 0.00023069675080478191 seconds
Request model_5#1478 arrives at 1605565.65354169, sleeping for 0.04994935588911176 seconds
Request model_6#824 arrives at 1605565.704296997, sleeping for 0.14577759196981788 seconds
Request model_5#1479 arrives at 1605565.851055665, sleeping for 0.001647125231102109 seconds
Request model_6#825 arrives at 1605565.853007181, sleeping for 0.04269997007213533 seconds
Request model_5#1480 arrives at 1605565.896697961, sleeping for 0.009905332699418068 seconds
Request model_5#1481 arrives at 1605565.907406479, sleeping for 0.07977964985184371 seconds
Request model_6#826 arrives at 1605565.988082433, sleeping for 0.2796884560957551 seconds
Request model_5#1482 arrives at 1605566.26850725, sleeping for 0.030956113012507558 seconds
Request model_6#827 arrives at 1605566.300245431, sleeping for 0.07763593667186797 seconds
Request model_5#1483 arrives at 1605566.378241233, sleeping for 0.02210976043716073 seconds
Request model_6#828 arrives at 1605566.40094552, sleeping for 0.022289348300546408 seconds
Request model_2#743 arrives at 1605566.423801368, sleeping for 0.10998162976466119 seconds
Request model_6#829 arrives at 1605566.5346912, sleeping for 0.06937981396913528 seconds
Request model_6#830 arrives at 1605566.604377994, sleeping for 0.02821550937369466 seconds
Request model_5#1484 arrives at 1605566.633042429, sleeping for 0.08389609633013606 seconds
Request model_5#1485 arrives at 1605566.717763696, sleeping for 0.011456383392214775 seconds
Request model_4#576 arrives at 1605566.729429462, sleeping for 0.01562911830842495 seconds
Request model_5#1486 arrives at 1605566.74610278, sleeping for 0.011511192424222827 seconds
Request model_5#1487 arrives at 1605566.757797206, sleeping for 0.06820208043791354 seconds
Request model_5#1488 arrives at 1605566.826648692, sleeping for 0.08027427992783487 seconds
Request model_2#744 arrives at 1605566.907355256, sleeping for 0.005027820123359561 seconds
Request model_5#1489 arrives at 1605566.913023873, sleeping for 0.05349599407054484 seconds
Request model_5#1490 arrives at 1605566.967453011, sleeping for 0.009087480837479234 seconds
Request model_6#831 arrives at 1605566.977135531, sleeping for 0.05969657958485186 seconds
Request model_5#1491 arrives at 1605567.037186835, sleeping for 0.1011187566909939 seconds
Request model_2#745 arrives at 1605567.139215634, sleeping for 0.028445889009162784 seconds
Request model_3#1176 arrives at 1605567.16796333, sleeping for 0.03363283886574209 seconds
Request model_4#577 arrives at 1605567.202656946, sleeping for 0.03617767454124987 seconds
Request model_5#1492 arrives at 1605567.239225067, sleeping for 0.093055316247046 seconds
Request model_5#1493 arrives at 1605567.332937188, sleeping for 0.032783707370981574 seconds
Request model_6#832 arrives at 1605567.366607075, sleeping for 0.02018112363293767 seconds
Request model_6#833 arrives at 1605567.387271425, sleeping for 0.1938928826712072 seconds
Request model_4#578 arrives at 1605567.581394092, sleeping for 0.11708989879116416 seconds
Request model_4#579 arrives at 1605567.699157261, sleeping for 0.044479729840531945 seconds
Request model_5#1494 arrives at 1605567.744683246, sleeping for 0.04248054604977369 seconds
Request model_3#1177 arrives at 1605567.788209184, sleeping for 0.008713181130588055 seconds
Request model_4#580 arrives at 1605567.798902362, sleeping for 0.12538937013596296 seconds
Request model_5#1495 arrives at 1605567.924665366, sleeping for 0.06113871140405536 seconds
Request model_6#834 arrives at 1605567.986365204, sleeping for 0.08687292784452438 seconds
Request model_1#384 arrives at 1605568.074328078, sleeping for 0.10816948534920812 seconds
Request model_3#1178 arrives at 1605568.183259294, sleeping for 0.03424747521057725 seconds
Request model_6#835 arrives at 1605568.21805534, sleeping for 0.20198023784905672 seconds
Request model_1#385 arrives at 1605568.420503566, sleeping for 0.08435904583893716 seconds
Request model_1#386 arrives at 1605568.505380744, sleeping for 0.11555039905942976 seconds
Request model_5#1496 arrives at 1605568.622072494, sleeping for 0.004430694738402963 seconds
Request model_4#581 arrives at 1605568.627114635, sleeping for 0.06050529424101114 seconds
Request model_2#746 arrives at 1605568.687910026, sleeping for 0.3439529046881944 seconds
Request model_2#747 arrives at 1605569.032628382, sleeping for 0.013023957144469023 seconds
Request model_5#1497 arrives at 1605569.047797227, sleeping for 0.05848582903854549 seconds
Request model_1#387 arrives at 1605569.106886013, sleeping for 0.14431552635505795 seconds
Request model_2#748 arrives at 1605569.25244639, sleeping for 0.032007495407015085 seconds
Request model_5#1498 arrives at 1605569.285635503, sleeping for 0.0390821082983166 seconds
Request model_3#1179 arrives at 1605569.325045477, sleeping for 0.0009682122617959976 seconds
Request model_4#582 arrives at 1605569.327154075, sleeping for 0.03021581075154245 seconds
Request model_3#1180 arrives at 1605569.358266091, sleeping for 0.043412312399595976 seconds
Request model_6#836 arrives at 1605569.402334683, sleeping for 0.05484492378309369 seconds
Request model_3#1181 arrives at 1605569.458198323, sleeping for 0.05908192973583937 seconds
Request model_6#837 arrives at 1605569.518236167, sleeping for 0.11113502411171794 seconds
Request model_2#749 arrives at 1605569.629740394, sleeping for 0.1409850597847253 seconds
Request model_3#1182 arrives at 1605569.77148541, sleeping for 0.014913622057065368 seconds
Request model_4#583 arrives at 1605569.786651815, sleeping for 0.0774962273426354 seconds
Request model_3#1183 arrives at 1605569.864524516, sleeping for 0.06602776888757944 seconds
Request model_3#1184 arrives at 1605569.931158734, sleeping for 0.00857325829565525 seconds
Request model_1#388 arrives at 1605569.940305778, sleeping for 0.03166517522186041 seconds
Request model_5#1499 arrives at 1605569.972299812, sleeping for 0.05477983062155545 seconds
Request model_1#389 arrives at 1605570.027695638, sleeping for 0.014783141203224659 seconds
Request model_6#838 arrives at 1605570.042815532, sleeping for 0.052562512923032045 seconds
Request model_5#1500 arrives at 1605570.096982258, sleeping for 0.0875964667648077 seconds
Request model_3#1185 arrives at 1605570.185478985, sleeping for 0.01764465100131929 seconds
Request model_5#1501 arrives at 1605570.203699625, sleeping for 0.0008315893355756998 seconds
Request model_5#1502 arrives at 1605570.205673282, sleeping for 0.009741916554048657 seconds
Request model_1#390 arrives at 1605570.21642142, sleeping for 0.05803462746553123 seconds
Request model_3#1186 arrives at 1605570.275369565, sleeping for 0.03275858866982162 seconds
Request model_1#391 arrives at 1605570.308692399, sleeping for 0.040661741979420185 seconds
Request model_6#839 arrives at 1605570.350623514, sleeping for 0.1634044088423252 seconds
Request model_4#584 arrives at 1605570.514870175, sleeping for 0.08220271300524473 seconds
Request model_3#1187 arrives at 1605570.598760785, sleeping for 0.020727967377752066 seconds
Request model_5#1503 arrives at 1605570.619678097, sleeping for 0.13069948367774487 seconds
Request model_3#1188 arrives at 1605570.750634054, sleeping for 0.10349420760758221 seconds
Request model_3#1189 arrives at 1605570.855661918, sleeping for 0.0025074488949030638 seconds
Request model_6#840 arrives at 1605570.858781754, sleeping for 0.010828236350789666 seconds
Request model_5#1504 arrives at 1605570.87044995, sleeping for 0.04041396966204047 seconds
Request model_6#841 arrives at 1605570.911157155, sleeping for 0.04269061470404267 seconds
Request model_5#1505 arrives at 1605570.954215929, sleeping for 0.07448401092551649 seconds
Request model_5#1506 arrives at 1605571.028973754, sleeping for 0.027075442019850016 seconds
Request model_3#1190 arrives at 1605571.056843213, sleeping for 0.02568184118717909 seconds
Request model_2#750 arrives at 1605571.084687032, sleeping for 0.015823921654373407 seconds
Request model_5#1507 arrives at 1605571.101350639, sleeping for 0.009467309806495905 seconds
Request model_4#585 arrives at 1605571.112083218, sleeping for 0.012837296118959785 seconds
Request model_4#586 arrives at 1605571.12687628, sleeping for 0.0035133506171405315 seconds
Request model_5#1508 arrives at 1605571.130736711, sleeping for 0.023377909557893872 seconds
Request model_3#1191 arrives at 1605571.154644978, sleeping for 0.014560283394530416 seconds
Request model_6#842 arrives at 1605571.169773222, sleeping for 0.061613729456439614 seconds
Request model_5#1509 arrives at 1605571.231775382, sleeping for 0.09857742814347148 seconds
Request model_5#1510 arrives at 1605571.330586385, sleeping for 0.1265062151942402 seconds
Request model_4#587 arrives at 1605571.458148794, sleeping for 0.0907427966594696 seconds
Request model_4#588 arrives at 1605571.549302144, sleeping for 0.010119334561750293 seconds
Request model_5#1511 arrives at 1605571.560200613, sleeping for 0.044116762932389975 seconds
Request model_1#392 arrives at 1605571.604911891, sleeping for 0.05543306516483426 seconds
Request model_2#751 arrives at 1605571.661219084, sleeping for 0.04447385435923934 seconds
Request model_3#1192 arrives at 1605571.705982073, sleeping for 0.1582378214225173 seconds
Request model_6#843 arrives at 1605571.865266093, sleeping for 0.0002348385751247406 seconds
Request model_6#844 arrives at 1605571.865734807, sleeping for 0.029718943405896425 seconds
Request model_5#1512 arrives at 1605571.896472699, sleeping for 0.049568139016628265 seconds
Request model_1#393 arrives at 1605571.947131886, sleeping for 0.06735690403729677 seconds
Request model_4#589 arrives at 1605572.014951424, sleeping for 0.020701364381238818 seconds
Request model_2#752 arrives at 1605572.036139698, sleeping for 0.024705521762371063 seconds
Request model_6#845 arrives at 1605572.061309835, sleeping for 0.03458169987425208 seconds
Request model_5#1513 arrives at 1605572.096396914, sleeping for 0.07112801494076848 seconds
Request model_4#590 arrives at 1605572.167901082, sleeping for 0.004529713885858655 seconds
Request model_4#591 arrives at 1605572.172736062, sleeping for 0.13769146241247654 seconds
Request model_3#1193 arrives at 1605572.310696886, sleeping for 0.014555415138602257 seconds
Request model_6#846 arrives at 1605572.325409477, sleeping for 0.019210598431527615 seconds
Request model_3#1194 arrives at 1605572.345569263, sleeping for 0.027040171436965466 seconds
Request model_4#592 arrives at 1605572.373751645, sleeping for 0.03777066036127508 seconds
Request model_4#593 arrives at 1605572.412448323, sleeping for 0.010727419285103679 seconds
Request model_5#1514 arrives at 1605572.424092299, sleeping for 0.2206921970937401 seconds
Request model_5#1515 arrives at 1605572.645768702, sleeping for 0.011597450589761138 seconds
Request model_5#1516 arrives at 1605572.657775881, sleeping for 0.016190838301554322 seconds
Request model_6#847 arrives at 1605572.67467431, sleeping for 0.025132986716926098 seconds
Request model_5#1517 arrives at 1605572.700612063, sleeping for 0.07803904078900814 seconds
Request model_5#1518 arrives at 1605572.779598683, sleeping for 0 seconds
Request model_1#394 arrives at 1605572.780212428, sleeping for 0.138261181069538 seconds
Request model_5#1519 arrives at 1605572.918912999, sleeping for 0.0931610451079905 seconds
Request model_5#1520 arrives at 1605573.013146914, sleeping for 0.10690379585139453 seconds
Request model_4#594 arrives at 1605573.120708289, sleeping for 0.10820665489882231 seconds
Request model_1#395 arrives at 1605573.229903907, sleeping for 0.09277273342013359 seconds
Request model_3#1195 arrives at 1605573.323182274, sleeping for 0.04776904755271971 seconds
Request model_5#1521 arrives at 1605573.371921825, sleeping for 0.06945209321565926 seconds
Request model_3#1196 arrives at 1605573.442216213, sleeping for 0.040401703445240855 seconds
Request model_5#1522 arrives at 1605573.483656314, sleeping for 0.058549553621560335 seconds
Request model_5#1523 arrives at 1605573.542448187, sleeping for 0.03857186110690236 seconds
Request model_6#848 arrives at 1605573.581319127, sleeping for 0.03524134331382811 seconds
Request model_5#1524 arrives at 1605573.617154011, sleeping for 0.011365798534825444 seconds
Request model_6#849 arrives at 1605573.629535663, sleeping for 0.023590715834870934 seconds
Request model_6#850 arrives at 1605573.654222496, sleeping for 0.018481824779883027 seconds
Request model_3#1197 arrives at 1605573.673885018, sleeping for 0.006414433475583792 seconds
Request model_2#753 arrives at 1605573.680566173, sleeping for 0.0569061862770468 seconds
Request model_2#754 arrives at 1605573.737762413, sleeping for 0.09288581530563533 seconds
Request model_3#1198 arrives at 1605573.831536285, sleeping for 0.17499440954998136 seconds
Request model_5#1525 arrives at 1605574.007404071, sleeping for 0.023315829457715154 seconds
Request model_2#755 arrives at 1605574.03156154, sleeping for 0.07100786827504635 seconds
Request model_5#1526 arrives at 1605574.104279248, sleeping for 0.00527326506562531 seconds
Request model_3#1199 arrives at 1605574.110469079, sleeping for 0.014994712080806494 seconds
Request model_5#1527 arrives at 1605574.126126807, sleeping for 0.005519243888556957 seconds
Request model_2#756 arrives at 1605574.132210117, sleeping for 0.1954370599705726 seconds
Request model_6#851 arrives at 1605574.328096128, sleeping for 0.03214161563664675 seconds
Request model_4#595 arrives at 1605574.360657466, sleeping for 0.012964111752808094 seconds
Request model_3#1200 arrives at 1605574.375391507, sleeping for 0.05194820649921894 seconds
Request model_5#1528 arrives at 1605574.427608456, sleeping for 0.0005862277466803789 seconds
Request model_1#396 arrives at 1605574.428542064, sleeping for 0.06003419519402087 seconds
Request model_4#596 arrives at 1605574.489598376, sleeping for 0.03127340995706618 seconds
Request model_1#397 arrives at 1605574.521328117, sleeping for 0.01921336050145328 seconds
Request model_5#1529 arrives at 1605574.541219451, sleeping for 0.18289825599640608 seconds
Request model_3#1201 arrives at 1605574.724321527, sleeping for 0.035516242031008005 seconds
Request model_2#757 arrives at 1605574.760674536, sleeping for 0.08107443968765438 seconds
Request model_6#852 arrives at 1605574.842056055, sleeping for 0.21655672788619995 seconds
Request model_5#1530 arrives at 1605575.059631064, sleeping for 0.053587148897349834 seconds
Request model_1#398 arrives at 1605575.113474367, sleeping for 0.06477904599159956 seconds
Request model_2#758 arrives at 1605575.178963665, sleeping for 0.003594576381146908 seconds
Request model_5#1531 arrives at 1605575.183091579, sleeping for 0.12279442045837641 seconds
Request model_6#853 arrives at 1605575.30716271, sleeping for 0.11464773281477392 seconds
Request model_6#854 arrives at 1605575.422935812, sleeping for 0.02825585938990116 seconds
Request model_4#597 arrives at 1605575.452222252, sleeping for 0.013631310081109405 seconds
Request model_3#1202 arrives at 1605575.467387227, sleeping for 0.07531662588007748 seconds
Request model_2#759 arrives at 1605575.543166311, sleeping for 0.05614932952448726 seconds
Request model_4#598 arrives at 1605575.600022358, sleeping for 0.022944026393815875 seconds
Request model_6#855 arrives at 1605575.623892574, sleeping for 0.11508249002508819 seconds
Request model_6#856 arrives at 1605575.740382712, sleeping for 0.02638874761760235 seconds
Request model_3#1203 arrives at 1605575.76807897, sleeping for 0.011637942166998982 seconds
Request model_5#1532 arrives at 1605575.780762124, sleeping for 0.0037640316877514124 seconds
Request model_6#857 arrives at 1605575.785425262, sleeping for 0.2696077616419643 seconds
Request model_2#760 arrives at 1605576.056211919, sleeping for 0.02890483126975596 seconds
Request model_5#1533 arrives at 1605576.086089135, sleeping for 0.067662856541574 seconds
Request model_2#761 arrives at 1605576.154767229, sleeping for 0.084503443678841 seconds
Request model_2#762 arrives at 1605576.239868649, sleeping for 0.1451653114054352 seconds
Request model_5#1534 arrives at 1605576.385826709, sleeping for 0.0005080297123640776 seconds
Request model_6#858 arrives at 1605576.386469755, sleeping for 0.15324288443662226 seconds
Request model_3#1204 arrives at 1605576.540089598, sleeping for 0.02875349670648575 seconds
Request model_3#1205 arrives at 1605576.569840143, sleeping for 0.010222039418295026 seconds
Request model_4#599 arrives at 1605576.5805222, sleeping for 0.009259158512577415 seconds
Request model_1#399 arrives at 1605576.590057499, sleeping for 0.08583346148952842 seconds
Request model_1#400 arrives at 1605576.676828032, sleeping for 0.003572012996301055 seconds
Request model_3#1206 arrives at 1605576.680973076, sleeping for 0.0007136589847505093 seconds
Request model_1#401 arrives at 1605576.681952894, sleeping for 0.013731198851019144 seconds
Request model_4#600 arrives at 1605576.696822497, sleeping for 0.00556298834271729 seconds
Request model_2#763 arrives at 1605576.702865186, sleeping for 0.019560059998184443 seconds
Request model_4#601 arrives at 1605576.724181242, sleeping for 0.11889127502217889 seconds
Request model_2#764 arrives at 1605576.843853736, sleeping for 0.06895422819070518 seconds
Request model_5#1535 arrives at 1605576.913179176, sleeping for 0.03980496316216886 seconds
Request model_5#1536 arrives at 1605576.953910091, sleeping for 0.022846804233267903 seconds
Request model_1#402 arrives at 1605576.977621366, sleeping for 0.0054148416966199875 seconds
Request model_3#1207 arrives at 1605576.983916907, sleeping for 0.0035752211697399616 seconds
Request model_3#1208 arrives at 1605576.988573156, sleeping for 0.007804147899150848 seconds
Request model_2#765 arrives at 1605576.996752933, sleeping for 0.0645511713810265 seconds
Request model_4#602 arrives at 1605577.061922699, sleeping for 0.041076308116316795 seconds
Request model_2#766 arrives at 1605577.103824583, sleeping for 0.03514432976953685 seconds
Request model_3#1209 arrives at 1605577.139504737, sleeping for 0.13302225363440812 seconds
Request model_5#1537 arrives at 1605577.273025644, sleeping for 0 seconds
Request model_5#1538 arrives at 1605577.273368497, sleeping for 0.06932037463411689 seconds
Request model_3#1210 arrives at 1605577.343301832, sleeping for 0.25893998658284545 seconds
Request model_5#1539 arrives at 1605577.603046728, sleeping for 0.007520790910348296 seconds
Request model_6#859 arrives at 1605577.610829622, sleeping for 0.1672473233193159 seconds
Request model_2#767 arrives at 1605577.778913844, sleeping for 0.006825929041951895 seconds
Request model_5#1540 arrives at 1605577.786617237, sleeping for 0.12062393338419497 seconds
Request model_4#603 arrives at 1605577.908113126, sleeping for 0.08505715243518353 seconds
Request model_5#1541 arrives at 1605577.993601349, sleeping for 0.029117582133039832 seconds
Request model_5#1542 arrives at 1605578.023345823, sleeping for 0.08012509532272816 seconds
Request model_6#860 arrives at 1605578.104601662, sleeping for 0.024505135603249073 seconds
Request model_1#403 arrives at 1605578.129832119, sleeping for 0.03192764171399176 seconds
Request model_2#768 arrives at 1605578.162552428, sleeping for 0.14557885262183845 seconds
Request model_4#604 arrives at 1605578.308857081, sleeping for 0.12232390255667269 seconds
Request model_6#861 arrives at 1605578.432108384, sleeping for 0.07520395400933921 seconds
Request model_3#1211 arrives at 1605578.507987498, sleeping for 0.05423992010764778 seconds
Request model_1#404 arrives at 1605578.562312275, sleeping for 0.05487311980687082 seconds
Request model_1#405 arrives at 1605578.61774334, sleeping for 0.00805071135982871 seconds
Request model_3#1212 arrives at 1605578.626418832, sleeping for 0.01549511356279254 seconds
Request model_3#1213 arrives at 1605578.64208162, sleeping for 0.011643140343949199 seconds
Request model_2#769 arrives at 1605578.654480012, sleeping for 0.06475262367166579 seconds
Request model_1#406 arrives at 1605578.719638008, sleeping for 0.005123995477333665 seconds
Request model_3#1214 arrives at 1605578.725831469, sleeping for 0.015230606775730848 seconds
Request model_2#770 arrives at 1605578.741871421, sleeping for 0.021890340140089393 seconds
Request model_2#771 arrives at 1605578.763994673, sleeping for 0.09600924421101809 seconds
Request model_2#772 arrives at 1605578.86099614, sleeping for 0.08059487119317055 seconds
Request model_6#862 arrives at 1605578.942747252, sleeping for 0.006815002765506506 seconds
Request model_3#1215 arrives at 1605578.949926261, sleeping for 0.02468246268108487 seconds
Request model_1#407 arrives at 1605578.975184889, sleeping for 0.030675709480419755 seconds
Request model_3#1216 arrives at 1605579.006376915, sleeping for 0.026455063605681062 seconds
Request model_6#863 arrives at 1605579.034575158, sleeping for 0.061432867078110576 seconds
Request model_3#1217 arrives at 1605579.096724518, sleeping for 0.008342513581737876 seconds
Request model_2#773 arrives at 1605579.105535411, sleeping for 0.042688590474426746 seconds
Request model_5#1543 arrives at 1605579.1492101, sleeping for 0.06287203426472843 seconds
Request model_3#1218 arrives at 1605579.213127375, sleeping for 0.026875962037593126 seconds
Request model_6#864 arrives at 1605579.241187306, sleeping for 0.04122084495611489 seconds
Request model_3#1219 arrives at 1605579.283385103, sleeping for 0.057093632873147726 seconds
Request model_5#1544 arrives at 1605579.341548591, sleeping for 0.04012167686596513 seconds
Request model_5#1545 arrives at 1605579.381983503, sleeping for 0.029255593195557594 seconds
Request model_3#1220 arrives at 1605579.411646887, sleeping for 0.060687893303111196 seconds
Request model_5#1546 arrives at 1605579.473338834, sleeping for 0.02736844983883202 seconds
Request model_3#1221 arrives at 1605579.501010592, sleeping for 0.013032602146267891 seconds
Request model_1#408 arrives at 1605579.514943457, sleeping for 0.09876109240576625 seconds
Request model_6#865 arrives at 1605579.614385544, sleeping for 0.04573308117687702 seconds
Request model_3#1222 arrives at 1605579.660940057, sleeping for 0.16519788932055235 seconds
Request model_6#866 arrives at 1605579.827096503, sleeping for 0.01539295888505876 seconds
Request model_3#1223 arrives at 1605579.843487397, sleeping for 0.03936026035808027 seconds
Request model_4#605 arrives at 1605579.884347963, sleeping for 0.013579670805484056 seconds
Request model_3#1224 arrives at 1605579.899019244, sleeping for 0.1605951450765133 seconds
Request model_3#1225 arrives at 1605580.060233319, sleeping for 0.08233138872310519 seconds
Request model_6#867 arrives at 1605580.142818438, sleeping for 0.04059043782763183 seconds
Request model_5#1547 arrives at 1605580.183761775, sleeping for 0.03445963212288916 seconds
Request model_1#409 arrives at 1605580.219140986, sleeping for 0.06913114641793072 seconds
Request model_3#1226 arrives at 1605580.288941059, sleeping for 0.02399634919129312 seconds
Request model_4#606 arrives at 1605580.313917185, sleeping for 0.002023391192778945 seconds
Request model_5#1548 arrives at 1605580.31705515, sleeping for 0.011455478146672249 seconds
Request model_1#410 arrives at 1605580.32921539, sleeping for 0.010447433916851878 seconds
Request model_2#774 arrives at 1605580.340374042, sleeping for 0.020179497078061104 seconds
Request model_2#775 arrives at 1605580.360926101, sleeping for 0.0020141855347901583 seconds
Request model_6#868 arrives at 1605580.363653343, sleeping for 0.007896339986473322 seconds
Request model_5#1549 arrives at 1605580.371856151, sleeping for 0.10461222915910184 seconds
Request model_5#1550 arrives at 1605580.478079604, sleeping for 0.0027023707516491413 seconds
Request model_5#1551 arrives at 1605580.481800365, sleeping for 0.05130553990602493 seconds
Request model_5#1552 arrives at 1605580.534076014, sleeping for 0.011385094374418259 seconds
Request model_5#1553 arrives at 1605580.546347065, sleeping for 0.025868023047223687 seconds
Request model_6#869 arrives at 1605580.57253714, sleeping for 0.03737413673661649 seconds
Request model_3#1227 arrives at 1605580.610672364, sleeping for 0.049247237388044596 seconds
Request model_2#776 arrives at 1605580.660815006, sleeping for 0.04692687257193029 seconds
Request model_4#607 arrives at 1605580.708559369, sleeping for 0.007917712908238173 seconds
Request model_1#411 arrives at 1605580.717002188, sleeping for 0.06201140698976815 seconds
Request model_5#1554 arrives at 1605580.780135707, sleeping for 0.07601119903847575 seconds
Request model_6#870 arrives at 1605580.857277391, sleeping for 0.02556594437919557 seconds
Request model_4#608 arrives at 1605580.883383176, sleeping for 0.0344363315962255 seconds
Request model_3#1228 arrives at 1605580.918212712, sleeping for 0.02443415718153119 seconds
Request model_3#1229 arrives at 1605580.942952005, sleeping for 0.02648541168309748 seconds
Request model_2#777 arrives at 1605580.970621023, sleeping for 0.003920646151527762 seconds
Request model_4#609 arrives at 1605580.975649644, sleeping for 0.04799497174099088 seconds
Request model_4#610 arrives at 1605581.024466316, sleeping for 0.09289819607511163 seconds
Request model_3#1230 arrives at 1605581.117765123, sleeping for 0.09682035469450057 seconds
Request model_4#611 arrives at 1605581.214958171, sleeping for 0.019816742278635502 seconds
Request model_1#412 arrives at 1605581.235784442, sleeping for 0.06718101096339524 seconds
Request model_6#871 arrives at 1605581.304645949, sleeping for 0.06188389123417437 seconds
Request model_3#1231 arrives at 1605581.366600888, sleeping for 0.0034930184483528137 seconds
Request model_5#1555 arrives at 1605581.370266888, sleeping for 0.054167093243449926 seconds
Request model_3#1232 arrives at 1605581.424935117, sleeping for 0.02758073667064309 seconds
Request model_1#413 arrives at 1605581.453585963, sleeping for 0.0317253724206239 seconds
Request model_1#414 arrives at 1605581.486155011, sleeping for 0.05270470678806305 seconds
Request model_4#612 arrives at 1605581.539999233, sleeping for 0.018410876393318176 seconds
Request model_5#1556 arrives at 1605581.560021348, sleeping for 0.03258462273515761 seconds
Request model_3#1233 arrives at 1605581.593088269, sleeping for 0.04533660551533103 seconds
Request model_2#778 arrives at 1605581.638969167, sleeping for 0.08847336517646909 seconds
Request model_2#779 arrives at 1605581.727762257, sleeping for 0.019439930794760585 seconds
Request model_2#780 arrives at 1605581.747923282, sleeping for 0.20491804089397192 seconds
Request model_3#1234 arrives at 1605581.953606363, sleeping for 0.031048240140080452 seconds
Request model_3#1235 arrives at 1605581.985342174, sleeping for 0.08270666725002229 seconds
Request model_4#613 arrives at 1605582.069103912, sleeping for 0.026035689515993 seconds
Request model_5#1557 arrives at 1605582.095743371, sleeping for 0.22474454273469746 seconds
Request model_6#872 arrives at 1605582.321046553, sleeping for 0.1913913667667657 seconds
Request model_3#1236 arrives at 1605582.51283329, sleeping for 0.1615688963793218 seconds
Request model_1#415 arrives at 1605582.674907852, sleeping for 0.0010631093755364418 seconds
Request model_1#416 arrives at 1605582.676610676, sleeping for 0.03133926494047046 seconds
Request model_5#1558 arrives at 1605582.708637449, sleeping for 0.025187555700540543 seconds
Request model_5#1559 arrives at 1605582.734778674, sleeping for 0.0775977629236877 seconds
Request model_6#873 arrives at 1605582.813308659, sleeping for 0.006698797224089503 seconds
Request model_6#874 arrives at 1605582.820526198, sleeping for 0.01028219098225236 seconds
Request model_4#614 arrives at 1605582.831232437, sleeping for 0.04591464786790311 seconds
Request model_3#1237 arrives at 1605582.877675648, sleeping for 0.0856581898406148 seconds
Request model_5#1560 arrives at 1605582.963984898, sleeping for 0.0016530014108866453 seconds
Request model_6#875 arrives at 1605582.966379627, sleeping for 0.16248267493210733 seconds
Request model_1#417 arrives at 1605583.129501908, sleeping for 0.09666591696441174 seconds
Request model_5#1561 arrives at 1605583.22834864, sleeping for 0.019199934788048267 seconds
Request model_6#876 arrives at 1605583.248696987, sleeping for 0.012509142747148871 seconds
Request model_6#877 arrives at 1605583.261816176, sleeping for 0.04119554744102061 seconds
Request model_4#615 arrives at 1605583.304149933, sleeping for 0.02731967903673649 seconds
Request model_5#1562 arrives at 1605583.332300205, sleeping for 0.06182979489676654 seconds
Request model_5#1563 arrives at 1605583.394585357, sleeping for 0 seconds
Request model_4#616 arrives at 1605583.395360093, sleeping for 0.008117343299090862 seconds
Request model_6#878 arrives at 1605583.404568739, sleeping for 0.011569726979359984 seconds
Request model_3#1238 arrives at 1605583.416660228, sleeping for 0.13007564400322735 seconds
Request model_6#879 arrives at 1605583.547318812, sleeping for 0.022655870765447617 seconds
Request model_3#1239 arrives at 1605583.570131929, sleeping for 0.015865169931203127 seconds
Request model_4#617 arrives at 1605583.586758796, sleeping for 0.03231496177613735 seconds
Request model_2#781 arrives at 1605583.619314874, sleeping for 0.02019707765430212 seconds
Request model_3#1240 arrives at 1605583.640253756, sleeping for 0.12174087949097157 seconds
Request model_1#418 arrives at 1605583.763062895, sleeping for 0.07120410283096135 seconds
Request model_3#1241 arrives at 1605583.835158978, sleeping for 0.04822660889476538 seconds
Request model_6#880 arrives at 1605583.883903568, sleeping for 0.06032407749444246 seconds
Request model_3#1242 arrives at 1605583.944460216, sleeping for 0.026344622019678354 seconds
Request model_3#1243 arrives at 1605583.971950072, sleeping for 0.009900867706164718 seconds
Request model_4#618 arrives at 1605583.983077574, sleeping for 0.17722331872209907 seconds
Request model_4#619 arrives at 1605584.161936583, sleeping for 0.06916223699226975 seconds
Request model_6#881 arrives at 1605584.231302093, sleeping for 0.04540290078148246 seconds
Request model_6#882 arrives at 1605584.276928188, sleeping for 0.1285698132123798 seconds
Request model_3#1244 arrives at 1605584.406425323, sleeping for 0.007786469999700785 seconds
Request model_4#620 arrives at 1605584.415140904, sleeping for 0.008717530174180865 seconds
Request model_5#1564 arrives at 1605584.425823582, sleeping for 0.029108157148584723 seconds
Request model_5#1565 arrives at 1605584.455452126, sleeping for 0.007222999352961779 seconds
Request model_5#1566 arrives at 1605584.463183409, sleeping for 0.04434084706008434 seconds
Request model_4#621 arrives at 1605584.507849396, sleeping for 0.054562819423153996 seconds
Request model_3#1245 arrives at 1605584.562574096, sleeping for 0.025604297872632742 seconds
Request model_2#782 arrives at 1605584.590228753, sleeping for 0.014255920890718699 seconds
Request model_5#1567 arrives at 1605584.606230425, sleeping for 0.016103080241009593 seconds
Request model_6#883 arrives at 1605584.622905252, sleeping for 0.05315039888955653 seconds
Request model_5#1568 arrives at 1605584.677176138, sleeping for 0.029779234901070595 seconds
Request model_5#1569 arrives at 1605584.707367136, sleeping for 0.024633202236145735 seconds
Request model_3#1246 arrives at 1605584.73227736, sleeping for 0.027293480932712555 seconds
Request model_2#783 arrives at 1605584.760026488, sleeping for 0.0193498395383358 seconds
Request model_3#1247 arrives at 1605584.77967438, sleeping for 0.2136800957378 seconds
Request model_4#622 arrives at 1605584.994049202, sleeping for 0.038607014110311866 seconds
Request model_1#419 arrives at 1605585.033788678, sleeping for 0.010168789187446237 seconds
Request model_5#1570 arrives at 1605585.044368336, sleeping for 0.016602444695308805 seconds
Request model_2#784 arrives at 1605585.061366985, sleeping for 0.1147929944563657 seconds
Request model_5#1571 arrives at 1605585.176883244, sleeping for 0.028298790799453855 seconds
Request model_5#1572 arrives at 1605585.205736022, sleeping for 0.0065927389077842236 seconds
Request model_3#1248 arrives at 1605585.213369864, sleeping for 0.027868288569152355 seconds
Request model_6#884 arrives at 1605585.241962209, sleeping for 0.031168631510809064 seconds
Request model_3#1249 arrives at 1605585.273594119, sleeping for 0.009868609020486474 seconds
Request model_3#1250 arrives at 1605585.284206436, sleeping for 0.042903656139969826 seconds
Request model_5#1573 arrives at 1605585.327449412, sleeping for 0.09695156081579626 seconds
Request model_2#785 arrives at 1605585.425109214, sleeping for 0.1479871543124318 seconds
Request model_1#420 arrives at 1605585.573510024, sleeping for 0.009583760518580675 seconds
Request model_2#786 arrives at 1605585.583782338, sleeping for 0.003413334023207426 seconds
Request model_2#787 arrives at 1605585.587386708, sleeping for 0.05423322645947337 seconds
Request model_5#1574 arrives at 1605585.642034097, sleeping for 0.01040586712770164 seconds
Request model_5#1575 arrives at 1605585.652624844, sleeping for 0.0177148359362036 seconds
Request model_5#1576 arrives at 1605585.672215045, sleeping for 0.06706327362917364 seconds
Request model_3#1251 arrives at 1605585.739668709, sleeping for 0.1312509395647794 seconds
Request model_5#1577 arrives at 1605585.87114221, sleeping for 0.05450987862423062 seconds
Request model_3#1252 arrives at 1605585.926379664, sleeping for 0.006111727794632316 seconds
Request model_2#788 arrives at 1605585.933135269, sleeping for 0.008227457059547305 seconds
Request model_5#1578 arrives at 1605585.942290194, sleeping for 0.009785266127437353 seconds
Request model_4#623 arrives at 1605585.952956042, sleeping for 0.10294780600816011 seconds
Request model_6#885 arrives at 1605586.056408092, sleeping for 0.05620377021841705 seconds
Request model_6#886 arrives at 1605586.113664663, sleeping for 0.025248467223718762 seconds
Request model_5#1579 arrives at 1605586.139433685, sleeping for 0.036191527266055346 seconds
Request model_3#1253 arrives at 1605586.177047613, sleeping for 0.07215517549775541 seconds
Request model_3#1254 arrives at 1605586.249568809, sleeping for 0.2090770499780774 seconds
Request model_3#1255 arrives at 1605586.459213102, sleeping for 0.03268249868415296 seconds
Request model_5#1580 arrives at 1605586.492163002, sleeping for 0.017440487630665302 seconds
Request model_4#624 arrives at 1605586.510366912, sleeping for 0.1675282388459891 seconds
Request model_6#887 arrives at 1605586.679822535, sleeping for 0.0722109628841281 seconds
Request model_6#888 arrives at 1605586.754010264, sleeping for 0.1355985749978572 seconds
Request model_4#625 arrives at 1605586.890562046, sleeping for 0.011741294292733073 seconds
Request model_6#889 arrives at 1605586.903296551, sleeping for 0.015862789237871766 seconds
Request model_2#789 arrives at 1605586.919328543, sleeping for 0.08677684469148517 seconds
Request model_6#890 arrives at 1605587.00659702, sleeping for 0.018427114700898528 seconds
Request model_6#891 arrives at 1605587.026289902, sleeping for 0.007137844106182456 seconds
Request model_3#1256 arrives at 1605587.033971535, sleeping for 0.07427075668238103 seconds
Request model_6#892 arrives at 1605587.110191341, sleeping for 0.05969690717756748 seconds
Request model_2#790 arrives at 1605587.170075123, sleeping for 0.08628964913077652 seconds
Request model_2#791 arrives at 1605587.256894946, sleeping for 0.055366730550304055 seconds
Request model_2#792 arrives at 1605587.313058398, sleeping for 0.06374952592886984 seconds
Request model_5#1581 arrives at 1605587.377678459, sleeping for 0.011832408141344786 seconds
Request model_5#1582 arrives at 1605587.389753578, sleeping for 0.07907413435168564 seconds
Request model_2#793 arrives at 1605587.469491343, sleeping for 0.012905637500807643 seconds
Request model_2#794 arrives at 1605587.482673781, sleeping for 0.02559895790182054 seconds
Request model_1#421 arrives at 1605587.509181299, sleeping for 0.04614422470331192 seconds
Request model_2#795 arrives at 1605587.556025165, sleeping for 0.033240869641304016 seconds
Request model_4#626 arrives at 1605587.590271506, sleeping for 0.029507235856726766 seconds
Request model_4#627 arrives at 1605587.620379493, sleeping for 0.016748826252296567 seconds
Request model_3#1257 arrives at 1605587.638080389, sleeping for 0.15137812169268727 seconds
Request model_3#1258 arrives at 1605587.790053827, sleeping for 0.08339961804449558 seconds
Request model_3#1259 arrives at 1605587.874083218, sleeping for 0.05720756226219237 seconds
Request model_5#1583 arrives at 1605587.932228726, sleeping for 0.1095680189318955 seconds
Request model_6#893 arrives at 1605588.042793314, sleeping for 0.08852570434100926 seconds
Request model_5#1584 arrives at 1605588.132953575, sleeping for 0 seconds
Request model_2#796 arrives at 1605588.13354628, sleeping for 0.02818543976172805 seconds
Request model_4#628 arrives at 1605588.16285414, sleeping for 0.1383351907134056 seconds
Request model_5#1585 arrives at 1605588.301652491, sleeping for 0.10513216070830822 seconds
Request model_6#894 arrives at 1605588.407579261, sleeping for 0.025782338343560696 seconds
Request model_2#797 arrives at 1605588.433914148, sleeping for 0.013308556750416756 seconds
Request model_3#1260 arrives at 1605588.448583268, sleeping for 0.06740341987460852 seconds
Request model_5#1586 arrives at 1605588.516570147, sleeping for 0.012010082602500916 seconds
Request model_4#629 arrives at 1605588.529238681, sleeping for 0.006760613759979606 seconds
Request model_4#630 arrives at 1605588.536908664, sleeping for 0.07466553128324449 seconds
Request model_5#1587 arrives at 1605588.612344003, sleeping for 0.04514344432391226 seconds
Request model_2#798 arrives at 1605588.659274539, sleeping for 0.009748509619385004 seconds
Request model_3#1261 arrives at 1605588.669932507, sleeping for 0.006128264125436544 seconds
Request model_3#1262 arrives at 1605588.676589571, sleeping for 0.03244674578309059 seconds
Request model_2#799 arrives at 1605588.709457571, sleeping for 0.012695200275629759 seconds
Request model_5#1588 arrives at 1605588.72267241, sleeping for 0.06897251564078033 seconds
Request model_3#1263 arrives at 1605588.792729635, sleeping for 0.014439955120906234 seconds
Request model_2#800 arrives at 1605588.807942911, sleeping for 0.04544036346487701 seconds
Request model_4#631 arrives at 1605588.853985289, sleeping for 0.026411999948322773 seconds
Request model_5#1589 arrives at 1605588.88215693, sleeping for 0.08736222703009844 seconds
Request model_6#895 arrives at 1605588.97104052, sleeping for 0.19406158640049398 seconds
Request model_2#801 arrives at 1605589.166350395, sleeping for 0.007086493074893951 seconds
Request model_3#1264 arrives at 1605589.174164019, sleeping for 0.05174482590518892 seconds
Request model_3#1265 arrives at 1605589.22779261, sleeping for 0.026085031917318702 seconds
Request model_5#1590 arrives at 1605589.253948775, sleeping for 0.11910387221723795 seconds
Request model_5#1591 arrives at 1605589.374079812, sleeping for 0.07887296471744776 seconds
Request model_5#1592 arrives at 1605589.453303583, sleeping for 0.02155754272826016 seconds
Request model_1#422 arrives at 1605589.475930119, sleeping for 0.0243840585462749 seconds
Request model_5#1593 arrives at 1605589.501447598, sleeping for 0.029487566323950887 seconds
Request model_3#1266 arrives at 1605589.531508075, sleeping for 0.003494599601253867 seconds
Request model_1#423 arrives at 1605589.535203246, sleeping for 0.024018755182623863 seconds
Request model_5#1594 arrives at 1605589.559897298, sleeping for 0.015198122942820191 seconds
Request model_6#896 arrives at 1605589.57706355, sleeping for 0.033086591167375445 seconds
Request model_5#1595 arrives at 1605589.610573215, sleeping for 0.10093283001333475 seconds
Request model_5#1596 arrives at 1605589.712641533, sleeping for 0.05209407885558903 seconds
Request model_3#1267 arrives at 1605589.76583799, sleeping for 0 seconds
Request model_1#424 arrives at 1605589.766098272, sleeping for 0.175286436220631 seconds
Request model_5#1597 arrives at 1605589.942620493, sleeping for 0.018619435606524348 seconds
Request model_6#897 arrives at 1605589.961979042, sleeping for 0.14502230938524008 seconds
Request model_3#1268 arrives at 1605590.107676158, sleeping for 0.044072849210351706 seconds
Request model_3#1269 arrives at 1605590.152493587, sleeping for 0.08984457305632532 seconds
Request model_3#1270 arrives at 1605590.244078249, sleeping for 0.048727913992479444 seconds
Request model_6#898 arrives at 1605590.293016401, sleeping for 0.08479676558636129 seconds
Request model_5#1598 arrives at 1605590.378901077, sleeping for 0.04009173810482025 seconds
Request model_3#1271 arrives at 1605590.419595951, sleeping for 0.014263216871768236 seconds
Request model_4#632 arrives at 1605590.434158301, sleeping for 0.08560447860509157 seconds
Request model_2#802 arrives at 1605590.520644801, sleeping for 0.018933824263513088 seconds
Request model_3#1272 arrives at 1605590.540240232, sleeping for 0.04298448585905135 seconds
Request model_6#899 arrives at 1605590.583908191, sleeping for 0.026311108144000173 seconds
Request model_2#803 arrives at 1605590.6118472, sleeping for 0.13523211749270558 seconds
Request model_4#633 arrives at 1605590.747679546, sleeping for 0.064231633907184 seconds
Request model_3#1273 arrives at 1605590.812498419, sleeping for 0.0030159279704093933 seconds
Request model_3#1274 arrives at 1605590.816081568, sleeping for 9.808246977627277e-05 seconds
Request model_1#425 arrives at 1605590.816495151, sleeping for 0.042703773360699415 seconds
Request model_5#1599 arrives at 1605590.860468873, sleeping for 0.01824346324428916 seconds
Request model_5#1600 arrives at 1605590.880148845, sleeping for 0.06067602266557515 seconds
Request model_5#1601 arrives at 1605590.941525649, sleeping for 0.003931640414521098 seconds
Request model_2#804 arrives at 1605590.946142747, sleeping for 0.07455869228579104 seconds
Request model_3#1275 arrives at 1605591.021914769, sleeping for 0.003969996701925993 seconds
Request model_3#1276 arrives at 1605591.026520527, sleeping for 0.0001325665507465601 seconds
Request model_2#805 arrives at 1605591.027155422, sleeping for 0.04845505114644766 seconds
Request model_3#1277 arrives at 1605591.076041054, sleeping for 0.03398914565332234 seconds
Request model_5#1602 arrives at 1605591.11093771, sleeping for 0.006725216982886195 seconds
Request model_1#426 arrives at 1605591.118537603, sleeping for 0.0940623099450022 seconds
Request model_3#1278 arrives at 1605591.213286771, sleeping for 0.268324671080336 seconds
Request model_2#806 arrives at 1605591.482803715, sleeping for 0.03746153134852648 seconds
Request model_2#807 arrives at 1605591.520847117, sleeping for 0.004613031866028905 seconds
Request model_3#1279 arrives at 1605591.525787148, sleeping for 0.11354308645240963 seconds
Request model_3#1280 arrives at 1605591.639872205, sleeping for 0.10925110941752791 seconds
Request model_3#1281 arrives at 1605591.749895679, sleeping for 0.11856699455529451 seconds
Request model_4#634 arrives at 1605591.86928986, sleeping for 0.018656024243682623 seconds
Request model_5#1603 arrives at 1605591.888918771, sleeping for 0.06009753840044141 seconds
Request model_5#1604 arrives at 1605591.949411338, sleeping for 0.12754097231663764 seconds
Request model_3#1282 arrives at 1605592.077673502, sleeping for 0.004579102620482445 seconds
Request model_6#900 arrives at 1605592.083288508, sleeping for 0.04206431680358946 seconds
Request model_2#808 arrives at 1605592.125961298, sleeping for 0.015411414671689272 seconds
Request model_2#809 arrives at 1605592.141678867, sleeping for 0.08380487840622663 seconds
Request model_1#427 arrives at 1605592.226328062, sleeping for 0.025032281409949064 seconds
Request model_3#1283 arrives at 1605592.251677881, sleeping for 0.0002701955381780863 seconds
Request model_2#810 arrives at 1605592.252502598, sleeping for 0.02999902656301856 seconds
Request model_3#1284 arrives at 1605592.282789807, sleeping for 0.1333863076288253 seconds
Request model_6#901 arrives at 1605592.416425944, sleeping for 0.07845127326436341 seconds
Request model_1#428 arrives at 1605592.495227421, sleeping for 0.053257122403010726 seconds
Request model_3#1285 arrives at 1605592.549372216, sleeping for 0.011109878309071064 seconds
Request model_2#811 arrives at 1605592.561550596, sleeping for 0.04666827991604805 seconds
Request model_6#902 arrives at 1605592.609221408, sleeping for 0.10684747877530754 seconds
Request model_5#1605 arrives at 1605592.717509777, sleeping for 0.03143185889348388 seconds
Request model_5#1606 arrives at 1605592.749744792, sleeping for 0.004975442308932543 seconds
Request model_5#1607 arrives at 1605592.755937183, sleeping for 0.03138999245129526 seconds
Request model_4#635 arrives at 1605592.788086797, sleeping for 0.024363996228203177 seconds
Request model_5#1608 arrives at 1605592.81279187, sleeping for 0.01540455431677401 seconds
Request model_4#636 arrives at 1605592.828405888, sleeping for 0.002660934580489993 seconds
Request model_3#1286 arrives at 1605592.832080468, sleeping for 0.013822585577145219 seconds
Request model_4#637 arrives at 1605592.846738459, sleeping for 0.0033257065806537867 seconds
Request model_3#1287 arrives at 1605592.850400339, sleeping for 0.08155999076552689 seconds
Request model_3#1288 arrives at 1605592.933065848, sleeping for 0.09857851709239185 seconds
Request model_3#1289 arrives at 1605593.033753965, sleeping for 0.0063273177947849035 seconds
Request model_3#1290 arrives at 1605593.040967534, sleeping for 0.030657707946375012 seconds
Request model_5#1609 arrives at 1605593.072064009, sleeping for 0.04572685481980443 seconds
Request model_2#812 arrives at 1605593.118765223, sleeping for 0.004874405218288302 seconds
Request model_2#813 arrives at 1605593.124184357, sleeping for 0.034691233187913895 seconds
Request model_6#903 arrives at 1605593.159519698, sleeping for 0.017103876685723662 seconds
Request model_2#814 arrives at 1605593.177581576, sleeping for 0.027489959495142102 seconds
Request model_3#1291 arrives at 1605593.205445435, sleeping for 0.0611662392038852 seconds
Request model_5#1610 arrives at 1605593.267123572, sleeping for 0.10066153132356703 seconds
Request model_6#904 arrives at 1605593.368776037, sleeping for 0.0011585925240069628 seconds
Request model_6#905 arrives at 1605593.37044488, sleeping for 0.019039945909753442 seconds
Request model_1#429 arrives at 1605593.390390084, sleeping for 0.01630637561902404 seconds
Request model_6#906 arrives at 1605593.407519855, sleeping for 0.0032242517918348312 seconds
Request model_2#815 arrives at 1605593.411202915, sleeping for 0.028087424812838435 seconds
Request model_3#1292 arrives at 1605593.439925921, sleeping for 0.007490174612030387 seconds
Request model_4#638 arrives at 1605593.448145738, sleeping for 0.011230215430259705 seconds
Request model_6#907 arrives at 1605593.460314119, sleeping for 0.03916404698975384 seconds
Request model_2#816 arrives at 1605593.500228246, sleeping for 0.018572888104245067 seconds
Request model_3#1293 arrives at 1605593.519901008, sleeping for 0.021256725303828716 seconds
Request model_4#639 arrives at 1605593.541785038, sleeping for 0.053631550865247846 seconds
Request model_4#640 arrives at 1605593.595980053, sleeping for 0.15354612679220736 seconds
Request model_5#1611 arrives at 1605593.749747966, sleeping for 0.01561270677484572 seconds
Request model_5#1612 arrives at 1605593.766461993, sleeping for 0 seconds
Request model_3#1294 arrives at 1605593.766756205, sleeping for 0.19451390020549297 seconds
Request model_4#641 arrives at 1605593.961957409, sleeping for 0.00928198266774416 seconds
Request model_6#908 arrives at 1605593.972643296, sleeping for 0.05311230686493218 seconds
Request model_6#909 arrives at 1605594.026376898, sleeping for 0.037481835344806314 seconds
Request model_3#1295 arrives at 1605594.064653732, sleeping for 0.019496817141771317 seconds
Request model_4#642 arrives at 1605594.084890058, sleeping for 0.07916479464620352 seconds
Request model_6#910 arrives at 1605594.165079387, sleeping for 0.011646840488538146 seconds
Request model_4#643 arrives at 1605594.178273675, sleeping for 0.006105865817517042 seconds
Request model_4#644 arrives at 1605594.185026661, sleeping for 0.03108233050443232 seconds
Request model_5#1613 arrives at 1605594.21657911, sleeping for 0.003620112780481577 seconds
Request model_1#430 arrives at 1605594.221244378, sleeping for 0.053558864863589406 seconds
Request model_4#645 arrives at 1605594.27502364, sleeping for 0.02321456396020949 seconds
Request model_5#1614 arrives at 1605594.300280637, sleeping for 0.025184738915413618 seconds
Request model_3#1296 arrives at 1605594.32623005, sleeping for 0.027939405059441924 seconds
Request model_5#1615 arrives at 1605594.354907606, sleeping for 0.03229705663397908 seconds
Request model_3#1297 arrives at 1605594.388027548, sleeping for 0.029047904768958688 seconds
Request model_5#1616 arrives at 1605594.417789992, sleeping for 0.18721857806667686 seconds
Request model_6#911 arrives at 1605594.605216802, sleeping for 0.014698793878778815 seconds
Request model_2#817 arrives at 1605594.621114882, sleeping for 0.07108129933476448 seconds
Request model_6#912 arrives at 1605594.692790951, sleeping for 0.023953946540132165 seconds
Request model_5#1617 arrives at 1605594.717423483, sleeping for 0.06040907860733569 seconds
Request model_4#646 arrives at 1605594.778344623, sleeping for 0.12975457683205605 seconds
Request model_5#1618 arrives at 1605594.908408962, sleeping for 0.040193227818235755 seconds
Request model_3#1298 arrives at 1605594.948938095, sleeping for 0.09045033785514534 seconds
Request model_2#818 arrives at 1605595.03965626, sleeping for 0.01735254586674273 seconds
Request model_2#819 arrives at 1605595.057730688, sleeping for 0.004927546717226505 seconds
Request model_5#1619 arrives at 1605595.063405075, sleeping for 0.04120195028372109 seconds
Request model_3#1299 arrives at 1605595.105061077, sleeping for 0.050571859581395984 seconds
Request model_4#647 arrives at 1605595.156813922, sleeping for 0 seconds
Request model_3#1300 arrives at 1605595.157377537, sleeping for 0.05711607541888952 seconds
Request model_5#1620 arrives at 1605595.215163821, sleeping for 0.012292919447645545 seconds
Request model_5#1621 arrives at 1605595.228018436, sleeping for 0.04210049123503268 seconds
Request model_3#1301 arrives at 1605595.270619687, sleeping for 0.04886814346536994 seconds
Request model_5#1622 arrives at 1605595.319917541, sleeping for 0.14918582420796156 seconds
Request model_5#1623 arrives at 1605595.470246896, sleeping for 0.0629622742999345 seconds
Request model_3#1302 arrives at 1605595.534000959, sleeping for 0.04895441373810172 seconds
Request model_1#431 arrives at 1605595.583725328, sleeping for 0.06244462076574564 seconds
Request model_3#1303 arrives at 1605595.646426073, sleeping for 0.005470772041007876 seconds
Request model_5#1624 arrives at 1605595.65222708, sleeping for 0.13832747214473784 seconds
Request model_6#913 arrives at 1605595.791491364, sleeping for 0.05189816956408322 seconds
Request model_5#1625 arrives at 1605595.843776744, sleeping for 0.03915748023428023 seconds
Request model_2#820 arrives at 1605595.883220577, sleeping for 0.011045941151678562 seconds
Request model_1#432 arrives at 1605595.894940833, sleeping for 0.0107557678129524 seconds
Request model_5#1626 arrives at 1605595.906600179, sleeping for 0.010729853063821793 seconds
Request model_5#1627 arrives at 1605595.918296985, sleeping for 0.0262398193590343 seconds
Request model_5#1628 arrives at 1605595.945433938, sleeping for 0.005406305426731706 seconds
Request model_3#1304 arrives at 1605595.951085785, sleeping for 0.024366186931729317 seconds
Request model_2#821 arrives at 1605595.975780147, sleeping for 0.00384456105530262 seconds
Request model_3#1305 arrives at 1605595.980509476, sleeping for 0.03799283970147371 seconds
Request model_4#648 arrives at 1605596.019690548, sleeping for 0.035318210022524 seconds
Request model_6#914 arrives at 1605596.055361041, sleeping for 0.029374809470027685 seconds
Request model_5#1629 arrives at 1605596.085031235, sleeping for 0.03300131857395172 seconds
Request model_4#649 arrives at 1605596.118769312, sleeping for 0.06687747244723141 seconds
Request model_3#1306 arrives at 1605596.185962204, sleeping for 0.16145803104154766 seconds
Request model_2#822 arrives at 1605596.347964684, sleeping for 0.03603299427777529 seconds
Request model_6#915 arrives at 1605596.385710084, sleeping for 0.022313836961984634 seconds
Request model_2#823 arrives at 1605596.409073546, sleeping for 0.1472164101433009 seconds
Request model_5#1630 arrives at 1605596.556900499, sleeping for 0.05726150400005281 seconds
Request model_1#433 arrives at 1605596.614531993, sleeping for 0.04911323660053313 seconds
Request model_2#824 arrives at 1605596.663909138, sleeping for 0.1747816454153508 seconds
Request model_5#1631 arrives at 1605596.839659652, sleeping for 0.01646176539361477 seconds
Request model_5#1632 arrives at 1605596.856948693, sleeping for 0.14113487489521503 seconds
Request model_5#1633 arrives at 1605596.99903631, sleeping for 0.006692479830235243 seconds
Request model_5#1634 arrives at 1605597.006681233, sleeping for 0.02110643801279366 seconds
Request model_6#916 arrives at 1605597.02816473, sleeping for 0.06917749205604196 seconds
Request model_5#1635 arrives at 1605597.098446247, sleeping for 0.10402407450601459 seconds
Request model_5#1636 arrives at 1605597.204062084, sleeping for 0.06090398272499442 seconds
Request model_6#917 arrives at 1605597.265823811, sleeping for 0.04777628113515675 seconds
Request model_4#650 arrives at 1605597.31447373, sleeping for 0.017637476790696383 seconds
Request model_5#1637 arrives at 1605597.333203154, sleeping for 0.1571006493177265 seconds
Request model_2#825 arrives at 1605597.490873009, sleeping for 0.0014842974487692118 seconds
Request model_2#826 arrives at 1605597.492618114, sleeping for 0.26669855997897685 seconds
Request model_6#918 arrives at 1605597.760258431, sleeping for 0.06620801286771894 seconds
Request model_2#827 arrives at 1605597.826998899, sleeping for 0.08847631234675646 seconds
Request model_2#828 arrives at 1605597.916307572, sleeping for 0.02126237377524376 seconds
Request model_5#1638 arrives at 1605597.938201722, sleeping for 0.025294299935922027 seconds
Request model_6#919 arrives at 1605597.963867143, sleeping for 0.04823984648101032 seconds
Request model_3#1307 arrives at 1605598.014216436, sleeping for 0.0822046643588692 seconds
Request model_3#1308 arrives at 1605598.096917256, sleeping for 0.022929833037778735 seconds
Request model_3#1309 arrives at 1605598.121284966, sleeping for 0.061869224067777395 seconds
Request model_4#651 arrives at 1605598.183859399, sleeping for 0.05597129953093827 seconds
Request model_4#652 arrives at 1605598.240465084, sleeping for 0.07986067933961749 seconds
Request model_1#434 arrives at 1605598.321016595, sleeping for 0.08559993398375809 seconds
Request model_5#1639 arrives at 1605598.407796698, sleeping for 0.043710854602977633 seconds
Request model_2#829 arrives at 1605598.452035741, sleeping for 0.004794229520484805 seconds
Request model_1#435 arrives at 1605598.457700038, sleeping for 0.09124573995359242 seconds
Request model_1#436 arrives at 1605598.549823994, sleeping for 0.015434360830113292 seconds
Request model_2#830 arrives at 1605598.566144578, sleeping for 0.12691695429384708 seconds
Request model_4#653 arrives at 1605598.694835055, sleeping for 0.012603800045326352 seconds
Request model_3#1310 arrives at 1605598.709521905, sleeping for 0.020059865433722734 seconds
Request model_1#437 arrives at 1605598.730079624, sleeping for 0.028110163053497672 seconds
Request model_5#1640 arrives at 1605598.7588086, sleeping for 0 seconds
Request model_1#438 arrives at 1605598.759111603, sleeping for 0.046468692598864436 seconds
Request model_5#1641 arrives at 1605598.805961917, sleeping for 0.1353774385061115 seconds
Request model_3#1311 arrives at 1605598.94154393, sleeping for 0.045214996905997396 seconds
Request model_5#1642 arrives at 1605598.988898329, sleeping for 0.10441918950527906 seconds
Request model_3#1312 arrives at 1605599.094241434, sleeping for 0.025456663221120834 seconds
Request model_6#920 arrives at 1605599.119928125, sleeping for 0.0139234010130167 seconds
Request model_3#1313 arrives at 1605599.134248773, sleeping for 0.036726978374645114 seconds
Request model_4#654 arrives at 1605599.172395316, sleeping for 0.05138148507103324 seconds
Request model_5#1643 arrives at 1605599.224767876, sleeping for 0.06304189539514482 seconds
Request model_5#1644 arrives at 1605599.288419248, sleeping for 0.116393250413239 seconds
Request model_3#1314 arrives at 1605599.404974515, sleeping for 0.018396928906440735 seconds
Request model_1#439 arrives at 1605599.424661437, sleeping for 0.045154277700930834 seconds
Request model_3#1315 arrives at 1605599.470428203, sleeping for 0.1091871140524745 seconds
Request model_5#1645 arrives at 1605599.580298485, sleeping for 0.032091238303110003 seconds
Request model_5#1646 arrives at 1605599.612990093, sleeping for 0.0035437566693872213 seconds
Request model_2#831 arrives at 1605599.617022096, sleeping for 0.0726849299389869 seconds
Request model_5#1647 arrives at 1605599.690293238, sleeping for 0.13959188992157578 seconds
Request model_2#832 arrives at 1605599.831113844, sleeping for 0 seconds
Request model_3#1316 arrives at 1605599.831644808, sleeping for 0.15741940727457404 seconds
Request model_3#1317 arrives at 1605599.989354613, sleeping for 0.013728902908042073 seconds
Request model_1#440 arrives at 1605600.004501378, sleeping for 0.0019160883966833353 seconds
Request model_1#441 arrives at 1605600.006693795, sleeping for 0.0256448641885072 seconds
Request model_6#921 arrives at 1605600.03279709, sleeping for 0.02716498076915741 seconds
Request model_3#1318 arrives at 1605600.060892951, sleeping for 0.14606135012581944 seconds
Request model_5#1648 arrives at 1605600.207869168, sleeping for 0.05575860384851694 seconds
Request model_4#655 arrives at 1605600.264477452, sleeping for 0.08201858191750944 seconds
Request model_4#656 arrives at 1605600.34703831, sleeping for 0.016273881308734417 seconds
Request model_3#1319 arrives at 1605600.36404723, sleeping for 0.0743721597827971 seconds
Request model_5#1649 arrives at 1605600.438662352, sleeping for 0.04401003383100033 seconds
Request model_5#1650 arrives at 1605600.482868295, sleeping for 0.020336330169811845 seconds
Request model_2#833 arrives at 1605600.504800635, sleeping for 0.012121053412556648 seconds
Request model_3#1320 arrives at 1605600.517824342, sleeping for 0.004117880016565323 seconds
Request model_2#834 arrives at 1605600.522842443, sleeping for 0.03110076836310327 seconds
Request model_6#922 arrives at 1605600.555026578, sleeping for 0.0018144557252526283 seconds
Request model_6#923 arrives at 1605600.557283216, sleeping for 0.02468515234068036 seconds
Request model_1#442 arrives at 1605600.58219621, sleeping for 0.2799265112262219 seconds
Request model_2#835 arrives at 1605600.863219548, sleeping for 0.05089187668636441 seconds
Request model_6#924 arrives at 1605600.914577109, sleeping for 0.1198222772218287 seconds
Request model_2#836 arrives at 1605601.034858267, sleeping for 0.022993670077994466 seconds
Request model_3#1321 arrives at 1605601.058765263, sleeping for 0.06435012514702976 seconds
Request model_3#1322 arrives at 1605601.123496314, sleeping for 0.18993082852102816 seconds
Request model_3#1323 arrives at 1605601.314464102, sleeping for 0.037410602206364274 seconds
Request model_6#925 arrives at 1605601.352632465, sleeping for 0.010401900624856353 seconds
Request model_3#1324 arrives at 1605601.363679836, sleeping for 0.09111034241504967 seconds
Request model_3#1325 arrives at 1605601.455821103, sleeping for 0 seconds
Request model_3#1326 arrives at 1605601.456147905, sleeping for 0.05073335231281817 seconds
Request model_6#926 arrives at 1605601.50797777, sleeping for 0.0432168107945472 seconds
Request model_2#837 arrives at 1605601.551401717, sleeping for 0.029411017894744873 seconds
Request model_5#1651 arrives at 1605601.581168752, sleeping for 0.02181418752297759 seconds
Request model_6#927 arrives at 1605601.603808207, sleeping for 0.14430933725088835 seconds
Request model_3#1327 arrives at 1605601.749242741, sleeping for 0.2895392565988004 seconds
Request model_4#657 arrives at 1605602.039660655, sleeping for 0.013508935924619436 seconds
Request model_5#1652 arrives at 1605602.054714729, sleeping for 0.08041022601537406 seconds
Request model_1#443 arrives at 1605602.135740524, sleeping for 0.014986271737143397 seconds
Request model_3#1328 arrives at 1605602.151461253, sleeping for 0.0038184586446732283 seconds
Request model_3#1329 arrives at 1605602.155594077, sleeping for 0.05452613066881895 seconds
Request model_5#1653 arrives at 1605602.210601369, sleeping for 0.038893882650882006 seconds
Request model_1#444 arrives at 1605602.249659709, sleeping for 0.034516082145273685 seconds
Request model_6#928 arrives at 1605602.284601746, sleeping for 0.003328232793137431 seconds
Request model_1#445 arrives at 1605602.288234356, sleeping for 0.03456692257896066 seconds
Request model_5#1654 arrives at 1605602.323863378, sleeping for 0.22169939964078367 seconds
Request model_6#929 arrives at 1605602.546313284, sleeping for 0.0796431249473244 seconds
Request model_6#930 arrives at 1605602.627285429, sleeping for 0.06962629267945886 seconds
Request model_3#1330 arrives at 1605602.697506115, sleeping for 0.01834148121997714 seconds
Request model_5#1655 arrives at 1605602.717480189, sleeping for 0.040039244340732694 seconds
Request model_5#1656 arrives at 1605602.75775486, sleeping for 0.0003324819263070822 seconds
Request model_2#838 arrives at 1605602.758292354, sleeping for 0.055587287060916424 seconds
Request model_5#1657 arrives at 1605602.814431415, sleeping for 0.1521677179262042 seconds
Request model_5#1658 arrives at 1605602.967512802, sleeping for 0.07447732449509203 seconds
Request model_3#1331 arrives at 1605603.042751149, sleeping for 0.0329898982308805 seconds
Request model_2#839 arrives at 1605603.075926812, sleeping for 0.011042391648516059 seconds
Request model_3#1332 arrives at 1605603.087470037, sleeping for 0.05172457126900554 seconds
Request model_5#1659 arrives at 1605603.141155937, sleeping for 0.0006839868146926165 seconds
Request model_5#1660 arrives at 1605603.142829171, sleeping for 0.08678210224024951 seconds
Request model_6#931 arrives at 1605603.230766403, sleeping for 0.18032596702687442 seconds
Request model_5#1661 arrives at 1605603.412055231, sleeping for 0.0545726278796792 seconds
Request model_5#1662 arrives at 1605603.466971402, sleeping for 0.0914458679035306 seconds
Request model_6#932 arrives at 1605603.559269069, sleeping for 0.05320165655575693 seconds
Request model_2#840 arrives at 1605603.613104391, sleeping for 0.06923135300166905 seconds
Request model_5#1663 arrives at 1605603.683004955, sleeping for 0.06736653693951666 seconds
Request model_5#1664 arrives at 1605603.751764609, sleeping for 0.06653180392459035 seconds
Request model_5#1665 arrives at 1605603.81893737, sleeping for 0.19227869040332735 seconds
Request model_5#1666 arrives at 1605604.011438381, sleeping for 0.035993039375171065 seconds
Request model_6#933 arrives at 1605604.048468175, sleeping for 0.007293627597391605 seconds
Request model_5#1667 arrives at 1605604.056078317, sleeping for 0.002601329702883959 seconds
Request model_5#1668 arrives at 1605604.059750217, sleeping for 0.02994995075277984 seconds
Request model_4#658 arrives at 1605604.090429189, sleeping for 0.006612387718632817 seconds
Request model_5#1669 arrives at 1605604.098103362, sleeping for 0.01933903689496219 seconds
Request model_4#659 arrives at 1605604.119262956, sleeping for 0.028203204507008195 seconds
Request model_3#1333 arrives at 1605604.148466186, sleeping for 0.013021017191931605 seconds
Request model_5#1670 arrives at 1605604.163137516, sleeping for 0.039636002853512764 seconds
Request model_6#934 arrives at 1605604.203788299, sleeping for 0.01654429454356432 seconds
Request model_6#935 arrives at 1605604.220676648, sleeping for 0.0028364812023937702 seconds
Request model_3#1334 arrives at 1605604.224341198, sleeping for 0.08120413916185498 seconds
Request model_3#1335 arrives at 1605604.307272758, sleeping for 0.03265095967799425 seconds
Request model_3#1336 arrives at 1605604.340978575, sleeping for 0.0898381017614156 seconds
Request model_2#841 arrives at 1605604.431134525, sleeping for 0.06159421429038048 seconds
Request model_2#842 arrives at 1605604.493360736, sleeping for 0.018272478133440018 seconds
Request model_3#1337 arrives at 1605604.513495441, sleeping for 0.12931235344149172 seconds
Request model_3#1338 arrives at 1605604.643238636, sleeping for 0.029848783276975155 seconds
Request model_5#1671 arrives at 1605604.673337603, sleeping for 0.00780030875466764 seconds
Request model_6#936 arrives at 1605604.682188506, sleeping for 0.06256019766442478 seconds
Request model_1#446 arrives at 1605604.745328344, sleeping for 0.17493236274458468 seconds
Request model_2#843 arrives at 1605604.920590963, sleeping for 0.05409372295252979 seconds
Request model_4#660 arrives at 1605604.975811756, sleeping for 0.08396913344040513 seconds
Request model_3#1339 arrives at 1605605.060103968, sleeping for 0.07149888086132705 seconds
Request model_3#1340 arrives at 1605605.133256658, sleeping for 0.01718174945563078 seconds
Request model_1#447 arrives at 1605605.151341587, sleeping for 0.03256267705000937 seconds
Request model_3#1341 arrives at 1605605.18473332, sleeping for 0.045868203742429614 seconds
Request model_5#1672 arrives at 1605605.231594455, sleeping for 0.06869425624608994 seconds
Request model_6#937 arrives at 1605605.300966114, sleeping for 0.029812674969434738 seconds
Request model_5#1673 arrives at 1605605.331947409, sleeping for 0.22287299274466932 seconds
Request model_5#1674 arrives at 1605605.555199821, sleeping for 0.04949095449410379 seconds
Request model_5#1675 arrives at 1605605.60504917, sleeping for 0.060755405575037 seconds
Request model_3#1342 arrives at 1605605.666739296, sleeping for 0.012850824976339936 seconds
Request model_4#661 arrives at 1605605.681416117, sleeping for 0.0089078014716506 seconds
Request model_3#1343 arrives at 1605605.691267698, sleeping for 0.013090274296700954 seconds
Request model_5#1676 arrives at 1605605.705945038, sleeping for 0.08861384517513216 seconds
Request model_3#1344 arrives at 1605605.79636851, sleeping for 0.030479934765025973 seconds
Request model_3#1345 arrives at 1605605.827693077, sleeping for 0.00012905336916446686 seconds
Request model_2#844 arrives at 1605605.828614855, sleeping for 0.02113475278019905 seconds
Request model_3#1346 arrives at 1605605.850533055, sleeping for 0.013381635770201683 seconds
Request model_1#448 arrives at 1605605.865712539, sleeping for 0.041107677621766925 seconds
Request model_3#1347 arrives at 1605605.907780295, sleeping for 0.09655235148966312 seconds
Request model_3#1348 arrives at 1605606.005599147, sleeping for 0.04024652857333422 seconds
Request model_1#449 arrives at 1605606.046850716, sleeping for 0.21588138001970947 seconds
Request model_5#1677 arrives at 1605606.263515834, sleeping for 0.007712270366027951 seconds
Request model_5#1678 arrives at 1605606.271440889, sleeping for 0.034308007918298244 seconds
Request model_2#845 arrives at 1605606.306410756, sleeping for 0.055223018396645784 seconds
Request model_2#846 arrives at 1605606.362088783, sleeping for 0.17609695228748024 seconds
Request model_6#938 arrives at 1605606.539431219, sleeping for 0.01280591543763876 seconds
Request model_4#662 arrives at 1605606.554104299, sleeping for 0.024182181805372238 seconds
Request model_2#847 arrives at 1605606.578776011, sleeping for 0.03763102344237268 seconds
Request model_4#663 arrives at 1605606.617170746, sleeping for 0.03652001544833183 seconds
Request model_1#450 arrives at 1605606.654850265, sleeping for 0.04524861881509423 seconds
Request model_4#664 arrives at 1605606.700705032, sleeping for 0.09582165698520839 seconds
Request model_3#1349 arrives at 1605606.797568437, sleeping for 0.041349576553329825 seconds
Request model_3#1350 arrives at 1605606.839509761, sleeping for 0 seconds
Request model_3#1351 arrives at 1605606.839832504, sleeping for 0.023306535789743066 seconds
Request model_3#1352 arrives at 1605606.864189534, sleeping for 0.07228032010607421 seconds
Request model_5#1679 arrives at 1605606.937085882, sleeping for 0.0139197981916368 seconds
Request model_2#848 arrives at 1605606.951775953, sleeping for 0.0010272320359945297 seconds
Request model_5#1680 arrives at 1605606.953478007, sleeping for 0.038579223211854696 seconds
Request model_5#1681 arrives at 1605606.99289538, sleeping for 0.0974123515188694 seconds
Request model_3#1353 arrives at 1605607.091058146, sleeping for 0.016966223483905196 seconds
Request model_5#1682 arrives at 1605607.108261927, sleeping for 0.021944812731817365 seconds
Request model_5#1683 arrives at 1605607.131274096, sleeping for 0.00349803757853806 seconds
Request model_3#1354 arrives at 1605607.13547787, sleeping for 0.024069742998108268 seconds
Request model_5#1684 arrives at 1605607.160633776, sleeping for 0.01975693623535335 seconds
Request model_4#665 arrives at 1605607.181314746, sleeping for 0.034780941903591156 seconds
Request model_4#666 arrives at 1605607.216637966, sleeping for 0 seconds
Request model_6#939 arrives at 1605607.216956409, sleeping for 0 seconds
Request model_2#849 arrives at 1605607.217307851, sleeping for 0.005049406783655286 seconds
Request model_5#1685 arrives at 1605607.22326874, sleeping for 0.027041875524446368 seconds
Request model_6#940 arrives at 1605607.250972638, sleeping for 0.021872289711609483 seconds
Request model_5#1686 arrives at 1605607.273705274, sleeping for 0.01990060624666512 seconds
Request model_2#850 arrives at 1605607.294428154, sleeping for 0.016482374165207148 seconds
Request model_3#1355 arrives at 1605607.311095971, sleeping for 0.2713121867273003 seconds
Request model_3#1356 arrives at 1605607.583449066, sleeping for 0.01780064613558352 seconds
Request model_6#941 arrives at 1605607.60344352, sleeping for 0.030306160217151046 seconds
Request model_1#451 arrives at 1605607.634339283, sleeping for 0.015414454508572817 seconds
Request model_2#851 arrives at 1605607.650066743, sleeping for 0.05869860318489373 seconds
Request model_6#942 arrives at 1605607.709221638, sleeping for 0.10719112679362297 seconds
Request model_3#1357 arrives at 1605607.817978501, sleeping for 0.046022907830774784 seconds
Request model_6#943 arrives at 1605607.865585781, sleeping for 0.045025839703157544 seconds
Request model_5#1687 arrives at 1605607.912269635, sleeping for 0.024734009755775332 seconds
Request model_5#1688 arrives at 1605607.937950335, sleeping for 0.024569573812186718 seconds
Request model_3#1358 arrives at 1605607.96293229, sleeping for 0.057120722252875566 seconds
Request model_6#944 arrives at 1605608.020805145, sleeping for 0.178958045784384 seconds
Request model_5#1689 arrives at 1605608.200454769, sleeping for 0.016673343256115913 seconds
Request model_6#945 arrives at 1605608.217491929, sleeping for 0.007839084835723042 seconds
Request model_2#852 arrives at 1605608.225652106, sleeping for 3.3333199098706245e-05 seconds
Request model_4#667 arrives at 1605608.226071469, sleeping for 0.05522518721409142 seconds
Request model_3#1359 arrives at 1605608.282305801, sleeping for 0.042730959597975016 seconds
Request model_5#1690 arrives at 1605608.325984209, sleeping for 0.12072722800076008 seconds
Request model_5#1691 arrives at 1605608.447718308, sleeping for 0.025800140807405114 seconds
Request model_2#853 arrives at 1605608.473933073, sleeping for 0.01160882250405848 seconds
Request model_3#1360 arrives at 1605608.486611857, sleeping for 0.029822092270478606 seconds
Request model_6#946 arrives at 1605608.517277609, sleeping for 0.11172459577210248 seconds
Request model_6#947 arrives at 1605608.630092325, sleeping for 0.08865482010878623 seconds
Request model_3#1361 arrives at 1605608.719287246, sleeping for 0.045918101677671075 seconds
Request model_4#668 arrives at 1605608.76598703, sleeping for 0.015914969611912966 seconds
Request model_6#948 arrives at 1605608.782702677, sleeping for 0.33129895268939435 seconds
Request model_3#1362 arrives at 1605609.114705621, sleeping for 0.19066160637885332 seconds
Request model_5#1692 arrives at 1605609.306056201, sleeping for 0.005744995083659887 seconds
Request model_1#452 arrives at 1605609.312817317, sleeping for 0.012233767425641418 seconds
Request model_5#1693 arrives at 1605609.326017115, sleeping for 0.06538970698602498 seconds
Request model_5#1694 arrives at 1605609.393077645, sleeping for 0.039088248275220394 seconds
Request model_3#1363 arrives at 1605609.434338394, sleeping for 0.08594194450415671 seconds
Request model_5#1695 arrives at 1605609.522306986, sleeping for 0.0299867014400661 seconds
Request model_3#1364 arrives at 1605609.55338044, sleeping for 0.206687203142792 seconds
Request model_2#854 arrives at 1605609.760680252, sleeping for 0.05504294973798096 seconds
Request model_4#669 arrives at 1605609.81653396, sleeping for 0.10144882765598595 seconds
Request model_3#1365 arrives at 1605609.918275755, sleeping for 0.033603782998397946 seconds
Request model_2#855 arrives at 1605609.952459815, sleeping for 0.0047015289310365915 seconds
Request model_5#1696 arrives at 1605609.957690668, sleeping for 0.010699464241042733 seconds
Request model_2#856 arrives at 1605609.970224331, sleeping for 0.015903322026133537 seconds
Request model_5#1697 arrives at 1605609.986431374, sleeping for 0.01571586146019399 seconds
Request model_5#1698 arrives at 1605610.003102021, sleeping for 0.05351828457787633 seconds
Request model_1#453 arrives at 1605610.056889872, sleeping for 0.031240737298503518 seconds
Request model_1#454 arrives at 1605610.089163907, sleeping for 0.004212259082123637 seconds
Request model_2#857 arrives at 1605610.094335809, sleeping for 0.13733978546224535 seconds
Request model_1#455 arrives at 1605610.232325332, sleeping for 0.006971381139010191 seconds
Request model_3#1366 arrives at 1605610.239729222, sleeping for 0.15144772408530116 seconds
Request model_2#858 arrives at 1605610.391390237, sleeping for 0.05130996787920594 seconds
Request model_4#670 arrives at 1605610.443286342, sleeping for 0.1285148321185261 seconds
Request model_3#1367 arrives at 1605610.572706024, sleeping for 0.07770745758898556 seconds
Request model_1#456 arrives at 1605610.651532381, sleeping for 0 seconds
Request model_3#1368 arrives at 1605610.652291187, sleeping for 0.0024576266296207905 seconds
Request model_2#859 arrives at 1605610.655309232, sleeping for 0.02078144671395421 seconds
Request model_5#1699 arrives at 1605610.677122451, sleeping for 0.06910516112111509 seconds
Request model_5#1700 arrives at 1605610.747418718, sleeping for 0.052177816862240434 seconds
Request model_1#457 arrives at 1605610.801820014, sleeping for 0.14052258362062275 seconds
Request model_5#1701 arrives at 1605610.942558948, sleeping for 0.01688679470680654 seconds
Request model_3#1369 arrives at 1605610.960706377, sleeping for 0.014511931221932173 seconds
Request model_3#1370 arrives at 1605610.97566821, sleeping for 0.08262211200781167 seconds
Request model_3#1371 arrives at 1605611.059335066, sleeping for 0.015991096617653966 seconds
Request model_2#860 arrives at 1605611.07553637, sleeping for 0.19173787720501423 seconds
Request model_4#671 arrives at 1605611.268379931, sleeping for 0.05843700608238578 seconds
Request model_6#949 arrives at 1605611.328233193, sleeping for 0.02324168081395328 seconds
Request model_1#458 arrives at 1605611.352414621, sleeping for 0.05327081517316401 seconds
Request model_5#1702 arrives at 1605611.406199692, sleeping for 0.0630813657771796 seconds
Request model_3#1372 arrives at 1605611.470328628, sleeping for 0.021911017131060362 seconds
Request model_6#950 arrives at 1605611.493447498, sleeping for 0.002351091941818595 seconds
Request model_2#861 arrives at 1605611.496256381, sleeping for 0.094344446901232 seconds
Request model_2#862 arrives at 1605611.591532283, sleeping for 0.02595372823998332 seconds
Request model_4#672 arrives at 1605611.61924952, sleeping for 0.10419596708379686 seconds
Request model_1#459 arrives at 1605611.7240877, sleeping for 0.10566704976372421 seconds
Request model_1#460 arrives at 1605611.830989997, sleeping for 0.051602624356746674 seconds
Request model_3#1373 arrives at 1605611.882823983, sleeping for 0.02386195631697774 seconds
Request model_2#863 arrives at 1605611.907002011, sleeping for 0.011523992521688342 seconds
Request model_5#1703 arrives at 1605611.919676865, sleeping for 0.0070964377373456955 seconds
Request model_4#673 arrives at 1605611.92757693, sleeping for 0.05073802638798952 seconds
Request model_2#864 arrives at 1605611.979180913, sleeping for 0.09462410002015531 seconds
Request model_3#1374 arrives at 1605612.074304673, sleeping for 0.018651071237400174 seconds
Request model_3#1375 arrives at 1605612.094553759, sleeping for 0.10500834649428725 seconds
Request model_5#1704 arrives at 1605612.200055755, sleeping for 0.029353389982134104 seconds
Request model_1#461 arrives at 1605612.230220933, sleeping for 0.016283315373584628 seconds
Request model_5#1705 arrives at 1605612.246895559, sleeping for 0.03095233952626586 seconds
Request model_2#865 arrives at 1605612.278055135, sleeping for 0 seconds
Request model_3#1376 arrives at 1605612.278373988, sleeping for 0.03902153018862009 seconds
Request model_6#951 arrives at 1605612.318188264, sleeping for 0.014345693867653608 seconds
Request model_1#462 arrives at 1605612.332878604, sleeping for 0.06763651082292199 seconds
Request model_3#1377 arrives at 1605612.401676459, sleeping for 0.02150966366752982 seconds
Request model_3#1378 arrives at 1605612.424070433, sleeping for 0.1283743733074516 seconds
Request model_5#1706 arrives at 1605612.553167312, sleeping for 0.02998707303777337 seconds
Request model_2#866 arrives at 1605612.584396938, sleeping for 0.0034113756846636534 seconds
Request model_5#1707 arrives at 1605612.588488722, sleeping for 0.07501496281474829 seconds
Request model_6#952 arrives at 1605612.664229413, sleeping for 0.0002187555655837059 seconds
Request model_3#1379 arrives at 1605612.664803428, sleeping for 0.13102345541119576 seconds
Request model_5#1708 arrives at 1605612.796599799, sleeping for 0.024832244496792555 seconds
Request model_2#867 arrives at 1605612.822580162, sleeping for 0.01309913513250649 seconds
Request model_6#953 arrives at 1605612.837263513, sleeping for 0.027858497109264135 seconds
Request model_5#1709 arrives at 1605612.865936408, sleeping for 0.042580985464155674 seconds
Request model_5#1710 arrives at 1605612.909449315, sleeping for 0.24093720875680447 seconds
Request model_6#954 arrives at 1605613.151352989, sleeping for 0.016659778309985995 seconds
Request model_6#955 arrives at 1605613.169077094, sleeping for 0.030806243419647217 seconds
Request model_6#956 arrives at 1605613.200409702, sleeping for 0.005569838685914874 seconds
Request model_5#1711 arrives at 1605613.206137328, sleeping for 0.028535595163702965 seconds
Request model_5#1712 arrives at 1605613.234828884, sleeping for 0.005987175041809678 seconds
Request model_4#674 arrives at 1605613.241149056, sleeping for 0.029059374937787652 seconds
Request model_6#957 arrives at 1605613.270852299, sleeping for 0.03388783521950245 seconds
Request model_4#675 arrives at 1605613.305652895, sleeping for 0.04135642317123711 seconds
Request model_3#1380 arrives at 1605613.347373037, sleeping for 0.006975836819037795 seconds
Request model_6#958 arrives at 1605613.35503388, sleeping for 0.05429943324998021 seconds
Request model_3#1381 arrives at 1605613.409700078, sleeping for 0.10024586669169366 seconds
Request model_4#676 arrives at 1605613.510721147, sleeping for 0.04767289594747126 seconds
Request model_6#959 arrives at 1605613.558830631, sleeping for 0.0327193692792207 seconds
Request model_5#1713 arrives at 1605613.591973344, sleeping for 0.04831052804365754 seconds
Request model_5#1714 arrives at 1605613.641175247, sleeping for 0.054377679247409105 seconds
Request model_5#1715 arrives at 1605613.696131598, sleeping for 0.08155108336359262 seconds
Request model_2#868 arrives at 1605613.778012479, sleeping for 0.034769198624417186 seconds
Request model_2#869 arrives at 1605613.81345328, sleeping for 0.11587068438529968 seconds
Request model_3#1382 arrives at 1605613.930641792, sleeping for 0.06392394541762769 seconds
Request model_5#1716 arrives at 1605613.994921989, sleeping for 0.11159101827070117 seconds
Request model_1#463 arrives at 1605614.108350939, sleeping for 0.068740573246032 seconds
Request model_3#1383 arrives at 1605614.177869149, sleeping for 0.07821017922833562 seconds
Request model_5#1717 arrives at 1605614.256507334, sleeping for 0.016765129985287786 seconds
Request model_4#677 arrives at 1605614.274129119, sleeping for 0.09522987552918494 seconds
Request model_2#870 arrives at 1605614.37057847, sleeping for 0.042280585737898946 seconds
Request model_4#678 arrives at 1605614.413340631, sleeping for 0.026628938736394048 seconds
Request model_5#1718 arrives at 1605614.440929827, sleeping for 0.028271691408008337 seconds
Request model_3#1384 arrives at 1605614.469454381, sleeping for 0.005288443993777037 seconds
Request model_3#1385 arrives at 1605614.474999337, sleeping for 0.03135173209011555 seconds
Request model_4#679 arrives at 1605614.508453861, sleeping for 0 seconds
Request model_3#1386 arrives at 1605614.508931445, sleeping for 0.04492352716624737 seconds
Request model_5#1719 arrives at 1605614.55463689, sleeping for 0.08140505384653807 seconds
Request model_3#1387 arrives at 1605614.636963975, sleeping for 0.003501668106764555 seconds
Request model_6#960 arrives at 1605614.641544923, sleeping for 0.09034221176989377 seconds
Request model_6#961 arrives at 1605614.732063985, sleeping for 0.04007472260855138 seconds
Request model_1#464 arrives at 1605614.772650318, sleeping for 0.1427337306085974 seconds
Request model_5#1720 arrives at 1605614.915611281, sleeping for 0.04999468685127795 seconds
Request model_4#680 arrives at 1605614.966498088, sleeping for 0.010356272337958217 seconds
Request model_6#962 arrives at 1605614.977432068, sleeping for 0.004596271086484194 seconds
Request model_3#1388 arrives at 1605614.982991584, sleeping for 0.041914522647857666 seconds
Request model_5#1721 arrives at 1605615.025564843, sleeping for 0.06973617477342486 seconds
Request model_2#871 arrives at 1605615.096082191, sleeping for 0.03567582811228931 seconds
Request model_2#872 arrives at 1605615.13376185, sleeping for 0 seconds
Request model_2#873 arrives at 1605615.134021812, sleeping for 0.07064396352507174 seconds
Request model_3#1389 arrives at 1605615.204968714, sleeping for 0.04028618638403714 seconds
Request model_5#1722 arrives at 1605615.246849888, sleeping for 0.05516197648830712 seconds
Request model_3#1390 arrives at 1605615.302503624, sleeping for 0.016712530981749296 seconds
Request model_5#1723 arrives at 1605615.320042978, sleeping for 0.016641122987493873 seconds
Request model_5#1724 arrives at 1605615.337559592, sleeping for 0.0284091979265213 seconds
Request model_5#1725 arrives at 1605615.366259337, sleeping for 0.14151976979337633 seconds
Request model_3#1391 arrives at 1605615.508268652, sleeping for 0.12400355911813676 seconds
Request model_3#1392 arrives at 1605615.633312358, sleeping for 0.0607778993435204 seconds
Request model_6#963 arrives at 1605615.696197263, sleeping for 0.0801502347458154 seconds
Request model_5#1726 arrives at 1605615.777308648, sleeping for 0.0004336435813456774 seconds
Request model_1#465 arrives at 1605615.778421928, sleeping for 0.01158012985251844 seconds
Request model_4#681 arrives at 1605615.790478256, sleeping for 0.012533775297924876 seconds
Request model_5#1727 arrives at 1605615.803975907, sleeping for 0.016387459821999073 seconds
Request model_6#964 arrives at 1605615.821090388, sleeping for 0.00021072407253086567 seconds
Request model_3#1393 arrives at 1605615.821420901, sleeping for 0.08069314062595367 seconds
Request model_5#1728 arrives at 1605615.902638327, sleeping for 0.0002383983228355646 seconds
Request model_2#874 arrives at 1605615.903474703, sleeping for 0.030715929344296455 seconds
Request model_3#1394 arrives at 1605615.935124793, sleeping for 0.011124936630949378 seconds
Request model_2#875 arrives at 1605615.946837999, sleeping for 0.012858822476118803 seconds
Request model_5#1729 arrives at 1605615.959982277, sleeping for 0.028476310661062598 seconds
Request model_2#876 arrives at 1605615.989287587, sleeping for 0 seconds
Request model_6#965 arrives at 1605615.98961497, sleeping for 0.052400749176740646 seconds
Request model_5#1730 arrives at 1605616.042666775, sleeping for 0.05323190032504499 seconds
Request model_2#877 arrives at 1605616.096070243, sleeping for 0.014289302052929997 seconds
Request model_2#878 arrives at 1605616.110742823, sleeping for 0.1317596596200019 seconds
Request model_2#879 arrives at 1605616.243411041, sleeping for 0.01156661263667047 seconds
Request model_3#1395 arrives at 1605616.255567261, sleeping for 0.0046025956980884075 seconds
Request model_5#1731 arrives at 1605616.260664293, sleeping for 0.004269348224624991 seconds
Request model_1#466 arrives at 1605616.265620454, sleeping for 0.02152351289987564 seconds
Request model_6#966 arrives at 1605616.288497411, sleeping for 0.11379350023344159 seconds
Request model_6#967 arrives at 1605616.402651668, sleeping for 0.018030397361144423 seconds
Request model_5#1732 arrives at 1605616.420961908, sleeping for 0.15287992102093995 seconds
Request model_1#467 arrives at 1605616.575027651, sleeping for 0.018194733187556267 seconds
Request model_3#1396 arrives at 1605616.594955774, sleeping for 0.007750756572932005 seconds
Request model_5#1733 arrives at 1605616.603788117, sleeping for 0.013080356176942587 seconds
Request model_2#880 arrives at 1605616.618564238, sleeping for 0.01994100189767778 seconds
Request model_2#881 arrives at 1605616.639346889, sleeping for 0.04451437829993665 seconds
Request model_1#468 arrives at 1605616.684150716, sleeping for 0.17041709297336638 seconds
Request model_6#968 arrives at 1605616.855449641, sleeping for 0.10555806756019592 seconds
Request model_5#1734 arrives at 1605616.961746343, sleeping for 0.03450012067332864 seconds
Request model_6#969 arrives at 1605616.996509988, sleeping for 0.08719228161498904 seconds
Request model_1#469 arrives at 1605617.084286828, sleeping for 0.005662898533046246 seconds
Request model_5#1735 arrives at 1605617.090946213, sleeping for 0.0014488340821117163 seconds
Request model_5#1736 arrives at 1605617.092863479, sleeping for 0.09216013667173684 seconds
Request model_2#882 arrives at 1605617.185791651, sleeping for 0.09376474842429161 seconds
Request model_2#883 arrives at 1605617.281698007, sleeping for 0.04190111719071865 seconds
Request model_2#884 arrives at 1605617.324632599, sleeping for 0.016087697353214025 seconds
Request model_5#1737 arrives at 1605617.34184559, sleeping for 0.08986387075856328 seconds
Request model_6#970 arrives at 1605617.432660895, sleeping for 0.0029381634667515755 seconds
Request model_3#1397 arrives at 1605617.436453996, sleeping for 0.044777388451620936 seconds
Request model_1#470 arrives at 1605617.481563896, sleeping for 0.0026674994733184576 seconds
Request model_6#971 arrives at 1605617.484904283, sleeping for 0.0007912376895546913 seconds
Request model_4#682 arrives at 1605617.486731358, sleeping for 0.006964722648262978 seconds
Request model_3#1398 arrives at 1605617.494737804, sleeping for 0.028553922660648823 seconds
Request model_2#885 arrives at 1605617.523761882, sleeping for 0.06114239990711212 seconds
Request model_5#1738 arrives at 1605617.586042103, sleeping for 0.015774768078699708 seconds
Request model_3#1399 arrives at 1605617.602350577, sleeping for 0.008573108585551381 seconds
Request model_2#886 arrives at 1605617.611587612, sleeping for 0.025245564989745617 seconds
Request model_5#1739 arrives at 1605617.637823357, sleeping for 0.0004110925365239382 seconds
Request model_1#471 arrives at 1605617.638791725, sleeping for 0.0006771767511963844 seconds
Request model_3#1400 arrives at 1605617.639885924, sleeping for 0.07331501110456884 seconds
Request model_1#472 arrives at 1605617.714137763, sleeping for 0.018787041306495667 seconds
Request model_5#1740 arrives at 1605617.733676454, sleeping for 0.016291186213493347 seconds
Request model_5#1741 arrives at 1605617.75023279, sleeping for 0.01262663071975112 seconds
Request model_4#683 arrives at 1605617.763059455, sleeping for 0.056149603333324194 seconds
Request model_6#972 arrives at 1605617.81975279, sleeping for 0.025046036578714848 seconds
Request model_2#887 arrives at 1605617.84543755, sleeping for 0.13297854200936854 seconds
Request model_5#1742 arrives at 1605617.979202987, sleeping for 0.04110981337726116 seconds
Request model_2#888 arrives at 1605618.021361563, sleeping for 0.056209871312603354 seconds
Request model_4#684 arrives at 1605618.07952174, sleeping for 0.08159921295009553 seconds
Request model_2#889 arrives at 1605618.161315331, sleeping for 0.00030600675381720066 seconds
Request model_5#1743 arrives at 1605618.161781025, sleeping for 0.03841201984323561 seconds
Request model_6#973 arrives at 1605618.200433132, sleeping for 0.0038897988852113485 seconds
Request model_5#1744 arrives at 1605618.204843688, sleeping for 0 seconds
Request model_2#890 arrives at 1605618.205422032, sleeping for 0.02269395557232201 seconds
Request model_5#1745 arrives at 1605618.228710663, sleeping for 0.002685593906790018 seconds
Request model_5#1746 arrives at 1605618.231813379, sleeping for 0.04503194661810994 seconds
Request model_6#974 arrives at 1605618.277729576, sleeping for 0.024630608037114143 seconds
Request model_6#975 arrives at 1605618.302891732, sleeping for 0.040732381166890264 seconds
Request model_1#473 arrives at 1605618.344723925, sleeping for 0.04880300839431584 seconds
Request model_3#1401 arrives at 1605618.393821677, sleeping for 0.0034583734814077616 seconds
Request model_3#1402 arrives at 1605618.397940891, sleeping for 0.04066286003217101 seconds
Request model_5#1747 arrives at 1605618.438808376, sleeping for 0.06069463235326111 seconds
Request model_2#891 arrives at 1605618.500365361, sleeping for 0.0857406104914844 seconds
Request model_1#474 arrives at 1605618.58680851, sleeping for 0.0006143946666270494 seconds
Request model_1#475 arrives at 1605618.587707467, sleeping for 0.011415233369916677 seconds
Request model_2#892 arrives at 1605618.599908567, sleeping for 0.12576796021312475 seconds
Request model_4#685 arrives at 1605618.726649907, sleeping for 0.05095454212278128 seconds
Request model_6#976 arrives at 1605618.778028648, sleeping for 0.029086082708090544 seconds
Request model_6#977 arrives at 1605618.80753167, sleeping for 0.0703487559221685 seconds
Request model_4#686 arrives at 1605618.878860175, sleeping for 0.033378070686012506 seconds
Request model_1#476 arrives at 1605618.912828613, sleeping for 0.05421606590971351 seconds
Request model_3#1403 arrives at 1605618.968073197, sleeping for 0.09575736848637462 seconds
Request model_2#893 arrives at 1605619.064209785, sleeping for 0.0027291541919112206 seconds
Request model_4#687 arrives at 1605619.06732489, sleeping for 0.014365448383614421 seconds
Request model_2#894 arrives at 1605619.082161572, sleeping for 0.00770919444039464 seconds
Request model_5#1748 arrives at 1605619.09048135, sleeping for 0.01309451088309288 seconds
Request model_5#1749 arrives at 1605619.103938641, sleeping for 0.019881356041878462 seconds
Request model_4#688 arrives at 1605619.124916333, sleeping for 0.036909483605995774 seconds
Request model_2#895 arrives at 1605619.163069455, sleeping for 0.0389812751673162 seconds
Request model_4#689 arrives at 1605619.202464848, sleeping for 0.03867792128585279 seconds
Request model_1#477 arrives at 1605619.241413838, sleeping for 0.06791408779099584 seconds
Request model_2#896 arrives at 1605619.310299223, sleeping for 0.11301258020102978 seconds
Request model_4#690 arrives at 1605619.423794744, sleeping for 0.0016042802017182112 seconds
Request model_6#978 arrives at 1605619.426213353, sleeping for 0.023101057391613722 seconds
Request model_6#979 arrives at 1605619.450004509, sleeping for 0.021954956464469433 seconds
Request model_3#1404 arrives at 1605619.473014887, sleeping for 0.01984608150087297 seconds
Request model_2#897 arrives at 1605619.493577566, sleeping for 0.09493382996879518 seconds
Request model_5#1750 arrives at 1605619.590631951, sleeping for 0.02290831715799868 seconds
Request model_2#898 arrives at 1605619.614647039, sleeping for 0.09765939973294735 seconds
Request model_5#1751 arrives at 1605619.712682252, sleeping for 0.029686869587749243 seconds
Request model_5#1752 arrives at 1605619.74288768, sleeping for 0.07908717775717378 seconds
Request model_3#1405 arrives at 1605619.823064438, sleeping for 0.00046351901255548 seconds
Request model_1#478 arrives at 1605619.823637572, sleeping for 0.12599157495424151 seconds
Request model_4#691 arrives at 1605619.950515613, sleeping for 0.05408656457439065 seconds
Request model_5#1753 arrives at 1605620.005353382, sleeping for 0.006031475029885769 seconds
Request model_3#1406 arrives at 1605620.012037787, sleeping for 0.029432761017233133 seconds
Request model_3#1407 arrives at 1605620.04167672, sleeping for 0.020016507245600224 seconds
Request model_1#479 arrives at 1605620.061841545, sleeping for 0.011022046441212296 seconds
Request model_2#899 arrives at 1605620.073651612, sleeping for 0.0054993415251374245 seconds
Request model_6#980 arrives at 1605620.079340619, sleeping for 0.07608897471800447 seconds
Request model_2#900 arrives at 1605620.156078328, sleeping for 0.06493448792025447 seconds
Request model_3#1408 arrives at 1605620.221557445, sleeping for 0.006484302692115307 seconds
Request model_3#1409 arrives at 1605620.228450392, sleeping for 0.00040215859189629555 seconds
Request model_5#1754 arrives at 1605620.229051157, sleeping for 0.022174845216795802 seconds
Request model_5#1755 arrives at 1605620.253300145, sleeping for 0.015245003160089254 seconds
Request model_5#1756 arrives at 1605620.268968994, sleeping for 0.0358165237121284 seconds
Request model_5#1757 arrives at 1605620.306910535, sleeping for 0.05961321829818189 seconds
Request model_6#981 arrives at 1605620.366872027, sleeping for 0.029656428145244718 seconds
Request model_3#1410 arrives at 1605620.396974233, sleeping for 0.020971433026716113 seconds
Request model_4#692 arrives at 1605620.419059405, sleeping for 0.0013124628458172083 seconds
Request model_1#480 arrives at 1605620.420688368, sleeping for 0.017897444078698754 seconds
Request model_2#901 arrives at 1605620.440225498, sleeping for 0.0375819590408355 seconds
Request model_5#1758 arrives at 1605620.478190639, sleeping for 0.0005618187133222818 seconds
Request model_3#1411 arrives at 1605620.479207408, sleeping for 0.17447865824215114 seconds
Request model_4#693 arrives at 1605620.654159012, sleeping for 0.004293833393603563 seconds
Request model_5#1759 arrives at 1605620.659305004, sleeping for 0.10665188287384808 seconds
Request model_6#982 arrives at 1605620.766816246, sleeping for 0 seconds
Request model_5#1760 arrives at 1605620.769037144, sleeping for 0.08526793192140758 seconds
Request model_5#1761 arrives at 1605620.854840668, sleeping for 0.062371859792619944 seconds
Request model_6#983 arrives at 1605620.917867755, sleeping for 0.0508468491025269 seconds
Request model_5#1762 arrives at 1605620.96974194, sleeping for 0.06426580878905952 seconds
Request model_3#1412 arrives at 1605621.03436836, sleeping for 0.22889118129387498 seconds
Request model_2#902 arrives at 1605621.263592049, sleeping for 0.06957836239598691 seconds
Request model_5#1763 arrives at 1605621.333883896, sleeping for 0.013052250258624554 seconds
Request model_3#1413 arrives at 1605621.347613318, sleeping for 0.044169669738039374 seconds
Request model_6#984 arrives at 1605621.392502506, sleeping for 0.004164600977674127 seconds
Request model_5#1764 arrives at 1605621.397354606, sleeping for 0.01915425597690046 seconds
Request model_5#1765 arrives at 1605621.417258449, sleeping for 0.0019873653072863817 seconds
Request model_2#903 arrives at 1605621.420074142, sleeping for 0.07258097478188574 seconds
Request model_4#694 arrives at 1605621.49294772, sleeping for 0.2299472086597234 seconds
Request model_1#481 arrives at 1605621.72350062, sleeping for 0.11241370579227805 seconds
Request model_3#1414 arrives at 1605621.836553057, sleeping for 0.01990113314241171 seconds
Request model_3#1415 arrives at 1605621.856827653, sleeping for 0.013188500655815005 seconds
Request model_3#1416 arrives at 1605621.870804038, sleeping for 0.043528538197278976 seconds
Request model_2#904 arrives at 1605621.914819199, sleeping for 0.017183590214699507 seconds
Request model_5#1766 arrives at 1605621.932292732, sleeping for 0.11788901779800653 seconds
Request model_2#905 arrives at 1605622.052318566, sleeping for 0.004416357260197401 seconds
Request model_6#985 arrives at 1605622.057856501, sleeping for 0.019510914804413915 seconds
Request model_4#695 arrives at 1605622.077886816, sleeping for 0.014420757535845041 seconds
Request model_6#986 arrives at 1605622.094143709, sleeping for 0.025371764320880175 seconds
Request model_5#1767 arrives at 1605622.120068711, sleeping for 0.004502555355429649 seconds
Request model_1#482 arrives at 1605622.124944641, sleeping for 0.16983022587373853 seconds
Request model_5#1768 arrives at 1605622.295928423, sleeping for 0.14389157434925437 seconds
Request model_3#1417 arrives at 1605622.440790721, sleeping for 0.018806794425472617 seconds
Request model_6#987 arrives at 1605622.460534623, sleeping for 0.08030886296182871 seconds
Request model_5#1769 arrives at 1605622.541786099, sleeping for 0.10159146715886891 seconds
Request model_4#696 arrives at 1605622.644199969, sleeping for 0.08750948053784668 seconds
Request model_6#988 arrives at 1605622.732499882, sleeping for 0.07157056941650808 seconds
Request model_4#697 arrives at 1605622.804661854, sleeping for 0.02760271285660565 seconds
Request model_3#1418 arrives at 1605622.832647433, sleeping for 0.03160971077159047 seconds
Request model_2#906 arrives at 1605622.865302511, sleeping for 0.043873492861166596 seconds
Request model_4#698 arrives at 1605622.909549854, sleeping for 0.005864816019311547 seconds
Request model_4#699 arrives at 1605622.916260929, sleeping for 0.00647188420407474 seconds
Request model_2#907 arrives at 1605622.922911014, sleeping for 0.034414436435326934 seconds
Request model_1#483 arrives at 1605622.957561608, sleeping for 0.022785442182794213 seconds
Request model_6#989 arrives at 1605622.981168091, sleeping for 0.04305692994967103 seconds
Request model_4#700 arrives at 1605623.025276803, sleeping for 0.17984750145114958 seconds
Request model_4#701 arrives at 1605623.206101725, sleeping for 0.03445550729520619 seconds
Request model_2#908 arrives at 1605623.2408454, sleeping for 0.014761246275156736 seconds
Request model_5#1770 arrives at 1605623.25667042, sleeping for 0.0479027652181685 seconds
Request model_5#1771 arrives at 1605623.305411479, sleeping for 0.0024329752195626497 seconds
Request model_5#1772 arrives at 1605623.308155482, sleeping for 0.005866596940904856 seconds
Request model_5#1773 arrives at 1605623.314792236, sleeping for 0.021220788592472672 seconds
Request model_2#909 arrives at 1605623.336496484, sleeping for 0.06389315729029477 seconds
Request model_2#910 arrives at 1605623.400973433, sleeping for 0.019189038779586554 seconds
Request model_6#990 arrives at 1605623.420618784, sleeping for 0.15532385022379458 seconds
Request model_1#484 arrives at 1605623.57624773, sleeping for 0.09334639413282275 seconds
Request model_4#702 arrives at 1605623.671282639, sleeping for 0.019216516287997365 seconds
Request model_5#1774 arrives at 1605623.6909723, sleeping for 0.17963050794787705 seconds
Request model_6#991 arrives at 1605623.871263188, sleeping for 0.16870842943899333 seconds
Request model_5#1775 arrives at 1605624.04106271, sleeping for 0.007005184888839722 seconds
Request model_4#703 arrives at 1605624.048763753, sleeping for 0.015343973878771067 seconds
Request model_5#1776 arrives at 1605624.064552993, sleeping for 0.019933140138164163 seconds
Request model_1#485 arrives at 1605624.085745377, sleeping for 0.02917291270568967 seconds
Request model_5#1777 arrives at 1605624.115356019, sleeping for 0.015533338999375701 seconds
Request model_6#992 arrives at 1605624.131539642, sleeping for 0.004329426679760218 seconds
Request model_4#704 arrives at 1605624.136446702, sleeping for 0.01651552482508123 seconds
Request model_3#1419 arrives at 1605624.154079247, sleeping for 0 seconds
Request model_5#1778 arrives at 1605624.15439339, sleeping for 0.23267505876719952 seconds
Request model_3#1420 arrives at 1605624.387999514, sleeping for 0.0468171660322696 seconds
Request model_3#1421 arrives at 1605624.435956068, sleeping for 0.03903237450867891 seconds
Request model_1#486 arrives at 1605624.475922555, sleeping for 0.05282456683926284 seconds
Request model_2#911 arrives at 1605624.53019745, sleeping for 0.026074526365846395 seconds
Request model_5#1779 arrives at 1605624.556685057, sleeping for 0.041592790046706796 seconds
Request model_5#1780 arrives at 1605624.598731002, sleeping for 0.060044793877750635 seconds
Request model_3#1422 arrives at 1605624.6595339, sleeping for 0.009801140055060387 seconds
Request model_3#1423 arrives at 1605624.67050309, sleeping for 0.08480991912074387 seconds
Request model_5#1781 arrives at 1605624.756235543, sleeping for 0.021886307513341308 seconds
Request model_2#912 arrives at 1605624.779197681, sleeping for 0.052693912759423256 seconds
Request model_5#1782 arrives at 1605624.833251404, sleeping for 0.030477431835606694 seconds
Request model_1#487 arrives at 1605624.864277549, sleeping for 0.050204309867694974 seconds
Request model_2#913 arrives at 1605624.915048515, sleeping for 0.006361512001603842 seconds
Request model_6#993 arrives at 1605624.922239764, sleeping for 0.014713326934725046 seconds
Request model_6#994 arrives at 1605624.938046183, sleeping for 0.12388041289523244 seconds
Request model_5#1783 arrives at 1605625.062487684, sleeping for 0.1864557838998735 seconds
Request model_4#705 arrives at 1605625.24990378, sleeping for 0.16153686679899693 seconds
Request model_5#1784 arrives at 1605625.411689336, sleeping for 0.12012038799002767 seconds
Request model_6#995 arrives at 1605625.532599067, sleeping for 0.006271179066970944 seconds
Request model_5#1785 arrives at 1605625.539506484, sleeping for 0.020287652499973774 seconds
Request model_5#1786 arrives at 1605625.560165613, sleeping for 0.05069469194859266 seconds
Request model_2#914 arrives at 1605625.611120871, sleeping for 0.0009235343895852566 seconds
Request model_5#1787 arrives at 1605625.612953936, sleeping for 0.043396350694820285 seconds
Request model_3#1424 arrives at 1605625.657313269, sleeping for 0.00984846567735076 seconds
Request model_3#1425 arrives at 1605625.667879576, sleeping for 0.1448973307851702 seconds
Request model_5#1788 arrives at 1605625.813626121, sleeping for 0.005553943803533912 seconds
Request model_5#1789 arrives at 1605625.820242675, sleeping for 0.04386598686687648 seconds
Request model_2#915 arrives at 1605625.865223874, sleeping for 0.00805605691857636 seconds
Request model_2#916 arrives at 1605625.874065766, sleeping for 0.05438634869642556 seconds
Request model_3#1426 arrives at 1605625.928978486, sleeping for 0.009813532466068864 seconds
Request model_3#1427 arrives at 1605625.939656424, sleeping for 0.005212729796767235 seconds
Request model_5#1790 arrives at 1605625.94533732, sleeping for 0.05636978032998741 seconds
Request model_5#1791 arrives at 1605626.002022875, sleeping for 0.020418846048414707 seconds
Request model_6#996 arrives at 1605626.022733575, sleeping for 0.03356949076987803 seconds
Request model_6#997 arrives at 1605626.057155727, sleeping for 0.02470900909975171 seconds
Request model_3#1428 arrives at 1605626.082975969, sleeping for 0.01346673839725554 seconds
Request model_6#998 arrives at 1605626.09781176, sleeping for 0.12692211498506367 seconds
Request model_3#1429 arrives at 1605626.225300245, sleeping for 0.1571221360936761 seconds
Request model_6#999 arrives at 1605626.383580043, sleeping for 0.015948656015098095 seconds
Request model_5#1792 arrives at 1605626.399630524, sleeping for 0.01128632202744484 seconds
Request model_2#917 arrives at 1605626.411575342, sleeping for 0.12286497931927443 seconds
Request model_5#1793 arrives at 1605626.535501108, sleeping for 0.0010752889793366194 seconds
Request model_6#1000 arrives at 1605626.536904689, sleeping for 0.013511849800124764 seconds
Request model_3#1430 arrives at 1605626.551859872, sleeping for 0.0063977709505707026 seconds
Request model_3#1431 arrives at 1605626.559068911, sleeping for 0.09207111760042608 seconds
Request model_5#1794 arrives at 1605626.652309015, sleeping for 0.004187457729130983 seconds
Request model_4#706 arrives at 1605626.656915933, sleeping for 0.03873173100873828 seconds
Request model_2#918 arrives at 1605626.695831482, sleeping for 0.02980323461815715 seconds
Request model_1#488 arrives at 1605626.726038589, sleeping for 0.0034535203594714403 seconds
Request model_3#1432 arrives at 1605626.730191843, sleeping for 0.08069294271990657 seconds
Request model_5#1795 arrives at 1605626.811403039, sleeping for 0.09949684725143015 seconds
Request model_5#1796 arrives at 1605626.911914153, sleeping for 0.12680130172520876 seconds
Request model_5#1797 arrives at 1605627.039557709, sleeping for 0.028099143411964178 seconds
Request model_5#1798 arrives at 1605627.068274305, sleeping for 0.003547083353623748 seconds
Request model_2#919 arrives at 1605627.072512419, sleeping for 0.13053219439461827 seconds
Request model_4#707 arrives at 1605627.203952547, sleeping for 0.04595361487008631 seconds
Request model_6#1001 arrives at 1605627.250604519, sleeping for 0.020126973977312446 seconds
Request model_3#1433 arrives at 1605627.271928144, sleeping for 0.0003439101856201887 seconds
Request model_1#489 arrives at 1605627.273032373, sleeping for 0.06852323818020523 seconds
Request model_2#920 arrives at 1605627.341935997, sleeping for 0.026657420676201582 seconds
Request model_3#1434 arrives at 1605627.36906863, sleeping for 0.008359910920262337 seconds
Request model_5#1799 arrives at 1605627.377723101, sleeping for 0.0018422224093228579 seconds
Request model_5#1800 arrives at 1605627.380613304, sleeping for 0.0003402221482247114 seconds
Request model_2#921 arrives at 1605627.38127739, sleeping for 0.1139920933637768 seconds
Request model_2#922 arrives at 1605627.495788679, sleeping for 0.1416297215037048 seconds
Request model_6#1002 arrives at 1605627.638338317, sleeping for 0.011682370444759727 seconds
Request model_3#1435 arrives at 1605627.650184434, sleeping for 0.038315017241984606 seconds
Request model_4#708 arrives at 1605627.689195964, sleeping for 0.012069008313119411 seconds
Request model_2#923 arrives at 1605627.702233431, sleeping for 0.058580762008205056 seconds
Request model_4#709 arrives at 1605627.761353785, sleeping for 0.006978765595704317 seconds
Request model_3#1436 arrives at 1605627.76933042, sleeping for 0.02394144725985825 seconds
Request model_5#1801 arrives at 1605627.793936842, sleeping for 0.020801998674869537 seconds
Request model_5#1802 arrives at 1605627.815071305, sleeping for 0.005422614747658372 seconds
Request model_6#1003 arrives at 1605627.821313786, sleeping for 0.0027774914633482695 seconds
Request model_5#1803 arrives at 1605627.824853645, sleeping for 0.04292485909536481 seconds
Request model_2#924 arrives at 1605627.869909795, sleeping for 0 seconds
Request model_5#1804 arrives at 1605627.871445077, sleeping for 0.07547819172032177 seconds
Request model_6#1004 arrives at 1605627.947659152, sleeping for 0.03885399247519672 seconds
Request model_6#1005 arrives at 1605627.987424118, sleeping for 0.004059323808178306 seconds
Request model_5#1805 arrives at 1605627.992066156, sleeping for 0.09818130126222968 seconds
Request model_3#1437 arrives at 1605628.090768215, sleeping for 0.020986244780942798 seconds
Request model_5#1806 arrives at 1605628.112177681, sleeping for 0.09931230801157653 seconds
Request model_3#1438 arrives at 1605628.211646865, sleeping for 0.03896171506494284 seconds
Request model_4#710 arrives at 1605628.25129343, sleeping for 0.007813544943928719 seconds
Request model_2#925 arrives at 1605628.259898091, sleeping for 0.015066441847011447 seconds
Request model_2#926 arrives at 1605628.27565854, sleeping for 0.009688731981441379 seconds
Request model_3#1439 arrives at 1605628.286217196, sleeping for 0.03200280456803739 seconds
Request model_5#1807 arrives at 1605628.318817344, sleeping for 0.029971931828185916 seconds
Request model_4#711 arrives at 1605628.349577076, sleeping for 0.010470513487234712 seconds
Request model_3#1440 arrives at 1605628.360410675, sleeping for 0.014695520047098398 seconds
Request model_5#1808 arrives at 1605628.376206434, sleeping for 0.00040223472751677036 seconds
Request model_6#1006 arrives at 1605628.376766619, sleeping for 0.1514747184701264 seconds
Request model_4#712 arrives at 1605628.52938245, sleeping for 0.0008001972455531359 seconds
Request model_4#713 arrives at 1605628.531059193, sleeping for 0.04104757751338184 seconds
Request model_5#1809 arrives at 1605628.572901536, sleeping for 0.03537093289196491 seconds
Request model_3#1441 arrives at 1605628.610410814, sleeping for 0.007165483431890607 seconds
Request model_3#1442 arrives at 1605628.617796904, sleeping for 0.048386923503130674 seconds
Request model_5#1810 arrives at 1605628.666469523, sleeping for 0.11600955226458609 seconds
Request model_6#1007 arrives at 1605628.784237528, sleeping for 0.004449321189895272 seconds
Request model_6#1008 arrives at 1605628.788950367, sleeping for 0.008561857510358095 seconds
Request model_5#1811 arrives at 1605628.799625344, sleeping for 0.0664245926309377 seconds
Request model_6#1009 arrives at 1605628.867934614, sleeping for 0.04482214874587953 seconds
Request model_5#1812 arrives at 1605628.91382139, sleeping for 0.03911615931428969 seconds
Request model_3#1443 arrives at 1605628.953804198, sleeping for 0.0039177886210381985 seconds
Request model_5#1813 arrives at 1605628.958474306, sleeping for 0.058169325115159154 seconds
Request model_4#714 arrives at 1605629.017191747, sleeping for 0.032386043574661016 seconds
Request model_6#1010 arrives at 1605629.050354499, sleeping for 0.013301665429025888 seconds
Request model_6#1011 arrives at 1605629.064885538, sleeping for 0.09140277258120477 seconds
Request model_5#1814 arrives at 1605629.157199135, sleeping for 0.018620005575940013 seconds
Request model_5#1815 arrives at 1605629.176877986, sleeping for 0.004439324839040637 seconds
Request model_6#1012 arrives at 1605629.182047968, sleeping for 0.10113498964346945 seconds
Request model_3#1444 arrives at 1605629.284256906, sleeping for 0.038351395167410374 seconds
Request model_4#715 arrives at 1605629.323039544, sleeping for 0.08553871209733188 seconds
Request model_3#1445 arrives at 1605629.409237521, sleeping for 0.09229111461900175 seconds
Request model_5#1816 arrives at 1605629.502346393, sleeping for 0.04905153391882777 seconds
Request model_6#1013 arrives at 1605629.552138341, sleeping for 0.06691905669867992 seconds
Request model_1#490 arrives at 1605629.619804236, sleeping for 0.001887353602796793 seconds
Request model_6#1014 arrives at 1605629.622002204, sleeping for 0.06149000325240195 seconds
Request model_1#491 arrives at 1605629.684543796, sleeping for 0.023826337652280927 seconds
Request model_5#1817 arrives at 1605629.708589563, sleeping for 0.009794580284506083 seconds
Request model_2#927 arrives at 1605629.718874988, sleeping for 0.029236877104267478 seconds
Request model_3#1446 arrives at 1605629.748661792, sleeping for 0.038785479962825775 seconds
Request model_6#1015 arrives at 1605629.788574049, sleeping for 0.05860680737532675 seconds
Request model_5#1818 arrives at 1605629.847769704, sleeping for 0.08277334785088897 seconds
Request model_3#1447 arrives at 1605629.931595811, sleeping for 0.041235602693632245 seconds
Request model_3#1448 arrives at 1605629.973811877, sleeping for 0.0057069475296884775 seconds
Request model_2#928 arrives at 1605629.980661063, sleeping for 0.0631492577958852 seconds
Request model_1#492 arrives at 1605630.04495653, sleeping for 0.015465191332623363 seconds
Request model_5#1819 arrives at 1605630.060683149, sleeping for 0.09049736941233277 seconds
Request model_4#716 arrives at 1605630.151785245, sleeping for 0.001197546487674117 seconds
Request model_3#1449 arrives at 1605630.15355757, sleeping for 0.09589885594323277 seconds
Request model_3#1450 arrives at 1605630.250465294, sleeping for 0.009623079095035791 seconds
Request model_4#717 arrives at 1605630.261089481, sleeping for 0.024748218478634953 seconds
Request model_5#1820 arrives at 1605630.286636091, sleeping for 0.0021930872462689877 seconds
Request model_2#929 arrives at 1605630.289430863, sleeping for 0.04944206913933158 seconds
Request model_3#1451 arrives at 1605630.339838596, sleeping for 0.008399889105930924 seconds
Request model_5#1821 arrives at 1605630.348702549, sleeping for 0.046911827521398664 seconds
Request model_3#1452 arrives at 1605630.396304819, sleeping for 0.06790841580368578 seconds
Request model_5#1822 arrives at 1605630.46479011, sleeping for 0.004579988773912191 seconds
Request model_1#493 arrives at 1605630.46964352, sleeping for 0.03502018842846155 seconds
Request model_5#1823 arrives at 1605630.505149751, sleeping for 0.007765246322378516 seconds
Request model_6#1016 arrives at 1605630.514071734, sleeping for 0.198577277129516 seconds
Request model_5#1824 arrives at 1605630.712893284, sleeping for 0.001845932099968195 seconds
Request model_1#494 arrives at 1605630.715751567, sleeping for 0.0055915843695402145 seconds
Request model_2#930 arrives at 1605630.721671705, sleeping for 0.07582515617832541 seconds
Request model_2#931 arrives at 1605630.798250753, sleeping for 0.0007135537452995777 seconds
Request model_4#718 arrives at 1605630.799048129, sleeping for 0.055037450045347214 seconds
Request model_4#719 arrives at 1605630.854679025, sleeping for 0.15291517740115523 seconds
Request model_1#495 arrives at 1605631.007961971, sleeping for 0.0036379590164870024 seconds
Request model_6#1017 arrives at 1605631.011821563, sleeping for 0.05203050631098449 seconds
Request model_6#1018 arrives at 1605631.064688206, sleeping for 0.039977549109607935 seconds
Request model_4#720 arrives at 1605631.105608622, sleeping for 0.006991480244323611 seconds
Request model_3#1453 arrives at 1605631.113410955, sleeping for 0.03950289194472134 seconds
Request model_6#1019 arrives at 1605631.153358913, sleeping for 0.012254090048372746 seconds
Request model_5#1825 arrives at 1605631.166573411, sleeping for 0.00940080569125712 seconds
Request model_4#721 arrives at 1605631.177249709, sleeping for 0 seconds
Request model_6#1020 arrives at 1605631.177576531, sleeping for 0.03319119429215789 seconds
Request model_5#1826 arrives at 1605631.211470489, sleeping for 0.09453360876068473 seconds
Request model_2#932 arrives at 1605631.307114783, sleeping for 0.003069942118600011 seconds
Request model_4#722 arrives at 1605631.310830663, sleeping for 0.011299805948510766 seconds
Request model_1#496 arrives at 1605631.322498779, sleeping for 0.19977262918837368 seconds
Request model_1#497 arrives at 1605631.524366583, sleeping for 0.08544183545745909 seconds
Request model_3#1454 arrives at 1605631.610860651, sleeping for 0.021992995403707027 seconds
Request model_3#1455 arrives at 1605631.633690079, sleeping for 0 seconds
Request model_1#498 arrives at 1605631.633998971, sleeping for 0.0004606733564287424 seconds
Request model_6#1021 arrives at 1605631.634688017, sleeping for 0.002279394306242466 seconds
Request model_5#1827 arrives at 1605631.637339539, sleeping for 0.0010095727629959583 seconds
Request model_5#1828 arrives at 1605631.638966272, sleeping for 0.2392695266753435 seconds
Request model_2#933 arrives at 1605631.879187081, sleeping for 0.10875188442878425 seconds
Request model_1#499 arrives at 1605631.988390605, sleeping for 0.013337290147319436 seconds
Request model_5#1829 arrives at 1605632.003526699, sleeping for 0.04021889786235988 seconds
Request model_2#934 arrives at 1605632.044865768, sleeping for 0.045845233369618654 seconds
Request model_3#1456 arrives at 1605632.091362059, sleeping for 0.04897779761813581 seconds
Request model_2#935 arrives at 1605632.14156478, sleeping for 0.030141814844682813 seconds
Request model_6#1022 arrives at 1605632.172453734, sleeping for 0.011681044474244118 seconds
Request model_2#936 arrives at 1605632.184341991, sleeping for 0.000702334102243185 seconds
Request model_3#1457 arrives at 1605632.185134267, sleeping for 0.0697879062499851 seconds
Request model_1#500 arrives at 1605632.255200911, sleeping for 0.013947494560852647 seconds
Request model_5#1830 arrives at 1605632.27085493, sleeping for 0.03638032730668783 seconds
Request model_2#937 arrives at 1605632.30880491, sleeping for 0.016151814255863428 seconds
Request model_5#1831 arrives at 1605632.325653509, sleeping for 0.009999921545386314 seconds
Request model_5#1832 arrives at 1605632.33687407, sleeping for 0.003455986035987735 seconds
Request model_2#938 arrives at 1605632.340930804, sleeping for 0.05454897927120328 seconds
Request model_5#1833 arrives at 1605632.396428238, sleeping for 0.08319839485920966 seconds
Request model_3#1458 arrives at 1605632.480054373, sleeping for 0.05645134043879807 seconds
Request model_5#1834 arrives at 1605632.537356703, sleeping for 0.11502201063558459 seconds
Request model_2#939 arrives at 1605632.654469773, sleeping for 0.0014114349614828825 seconds
Request model_3#1459 arrives at 1605632.656161617, sleeping for 0.013291382696479559 seconds
Request model_5#1835 arrives at 1605632.670803547, sleeping for 0.035478320671245456 seconds
Request model_1#501 arrives at 1605632.708122332, sleeping for 0.05372210429050028 seconds
Request model_5#1836 arrives at 1605632.762944022, sleeping for 0.004390643443912268 seconds
Request model_3#1460 arrives at 1605632.767921002, sleeping for 0.07184627163223922 seconds
Request model_4#723 arrives at 1605632.841786237, sleeping for 0.06139939953573048 seconds
Request model_4#724 arrives at 1605632.903472933, sleeping for 0.05722889374010265 seconds
Request model_5#1837 arrives at 1605632.961133875, sleeping for 0.00783582404255867 seconds
Request model_3#1461 arrives at 1605632.969842707, sleeping for 0.15605658618733287 seconds
Request model_5#1838 arrives at 1605633.12769447, sleeping for 0.36787039740011096 seconds
Request model_3#1462 arrives at 1605633.496494452, sleeping for 0 seconds
Request model_5#1839 arrives at 1605633.496973906, sleeping for 0.1248085480183363 seconds
Request model_2#940 arrives at 1605633.622096791, sleeping for 0.20459754555486143 seconds
Request model_4#725 arrives at 1605633.827857097, sleeping for 0.0050426938105374575 seconds
Request model_3#1463 arrives at 1605633.833690544, sleeping for 0.011994055239483714 seconds
Request model_4#726 arrives at 1605633.846272927, sleeping for 0.06731321685947478 seconds
Request model_2#941 arrives at 1605633.915236023, sleeping for 0.1646903706714511 seconds
Request model_4#727 arrives at 1605634.08099253, sleeping for 0.0720123047940433 seconds
Request model_3#1464 arrives at 1605634.153468965, sleeping for 0.08789487322792411 seconds
Request model_6#1023 arrives at 1605634.242143221, sleeping for 0.04414525558240712 seconds
Request model_1#502 arrives at 1605634.28721695, sleeping for 0.003570848610252142 seconds
Request model_2#942 arrives at 1605634.291903968, sleeping for 0.050705134170129895 seconds
Request model_2#943 arrives at 1605634.343671853, sleeping for 0.21144407358951867 seconds
Request model_3#1465 arrives at 1605634.55570216, sleeping for 0.06421999679878354 seconds
Request model_1#503 arrives at 1605634.620129968, sleeping for 0.038666700245812535 seconds
Request model_3#1466 arrives at 1605634.659795202, sleeping for 0.04233615635894239 seconds
Request model_2#944 arrives at 1605634.702466262, sleeping for 0.029095981968566775 seconds
Request model_4#728 arrives at 1605634.731717042, sleeping for 0.05798838334158063 seconds
Request model_1#504 arrives at 1605634.790343842, sleeping for 0.11099474271759391 seconds
Request model_3#1467 arrives at 1605634.901656794, sleeping for 0.05176381999626756 seconds
Request model_6#1024 arrives at 1605634.953756631, sleeping for 0.058385244803503156 seconds
Request model_4#729 arrives at 1605635.01352921, sleeping for 0.04527516569942236 seconds
Request model_3#1468 arrives at 1605635.05983193, sleeping for 0.02234597969800234 seconds
Request model_3#1469 arrives at 1605635.083197151, sleeping for 0.1671180969569832 seconds
Request model_2#945 arrives at 1605635.251395719, sleeping for 0.06356430728919804 seconds
Request model_5#1840 arrives at 1605635.315653025, sleeping for 0.012108387425541878 seconds
Request model_2#946 arrives at 1605635.328093798, sleeping for 0.04130125558003783 seconds
Request model_4#730 arrives at 1605635.370241693, sleeping for 0.03289378480985761 seconds
Request model_5#1841 arrives at 1605635.403580106, sleeping for 0.047676014015451074 seconds
Request model_3#1470 arrives at 1605635.452022863, sleeping for 0.03279353235848248 seconds
Request model_5#1842 arrives at 1605635.486429845, sleeping for 0.06413534935563803 seconds
Request model_1#505 arrives at 1605635.55178878, sleeping for 0.08807485224679112 seconds
Request model_3#1471 arrives at 1605635.641293723, sleeping for 0.0455275468993932 seconds
Request model_5#1843 arrives at 1605635.687634553, sleeping for 0.18511864659376442 seconds
Request model_5#1844 arrives at 1605635.873558276, sleeping for 0.038340275874361396 seconds
Request model_3#1472 arrives at 1605635.912084372, sleeping for 0.11429784074425697 seconds
Request model_6#1025 arrives at 1605636.027323876, sleeping for 0 seconds
Request model_5#1845 arrives at 1605636.027673348, sleeping for 0.05072931409813464 seconds
Request model_4#731 arrives at 1605636.078571025, sleeping for 0.02705825981684029 seconds
Request model_3#1473 arrives at 1605636.106612495, sleeping for 0.029244368663057685 seconds
Request model_5#1846 arrives at 1605636.136294298, sleeping for 0.0021139150485396385 seconds
Request model_5#1847 arrives at 1605636.1389804, sleeping for 0.03518159384839237 seconds
Request model_4#732 arrives at 1605636.174822014, sleeping for 0.020732057746499777 seconds
Request model_3#1474 arrives at 1605636.196587102, sleeping for 0.09816746856085956 seconds
Request model_4#733 arrives at 1605636.295089139, sleeping for 0.04955667583271861 seconds
Request model_6#1026 arrives at 1605636.345004528, sleeping for 0.16709151933901012 seconds
Request model_5#1848 arrives at 1605636.512848703, sleeping for 0.034358722157776356 seconds
Request model_2#947 arrives at 1605636.547557027, sleeping for 0.028909198474138975 seconds
Request model_5#1849 arrives at 1605636.5771919, sleeping for 0.05276647489517927 seconds
Request model_3#1475 arrives at 1605636.630311595, sleeping for 0.004285304108634591 seconds
Request model_3#1476 arrives at 1605636.635445187, sleeping for 0.009823020314797759 seconds
Request model_5#1850 arrives at 1605636.646084024, sleeping for 0.05525648221373558 seconds
Request model_6#1027 arrives at 1605636.702203074, sleeping for 0.011724765412509441 seconds
Request model_2#948 arrives at 1605636.714155492, sleeping for 0.000932945404201746 seconds
Request model_3#1477 arrives at 1605636.715972327, sleeping for 0.19067014171741903 seconds
Request model_5#1851 arrives at 1605636.907233984, sleeping for 0.02169311954639852 seconds
Request model_5#1852 arrives at 1605636.9300351, sleeping for 0.05012512858957052 seconds
Request model_2#949 arrives at 1605636.980644275, sleeping for 0.025161584140732884 seconds
Request model_6#1028 arrives at 1605637.006349116, sleeping for 0.03379745944403112 seconds
Request model_5#1853 arrives at 1605637.040817398, sleeping for 0.0008461843244731426 seconds
Request model_1#506 arrives at 1605637.042723033, sleeping for 0.02004621783271432 seconds
Request model_2#950 arrives at 1605637.063303052, sleeping for 0.004668716108426452 seconds
Request model_5#1854 arrives at 1605637.068294883, sleeping for 0.09955641068518162 seconds
Request model_5#1855 arrives at 1605637.168261142, sleeping for 0.021523894276469946 seconds
Request model_5#1856 arrives at 1605637.19001318, sleeping for 0.013447245815768838 seconds
Request model_4#734 arrives at 1605637.204729071, sleeping for 0.14440108253620565 seconds
Request model_6#1029 arrives at 1605637.350016831, sleeping for 0 seconds
Request model_2#951 arrives at 1605637.350890478, sleeping for 0.07439608289860189 seconds
Request model_3#1478 arrives at 1605637.425831821, sleeping for 0.150792948435992 seconds
Request model_3#1479 arrives at 1605637.577733166, sleeping for 0.0232987473718822 seconds
Request model_2#952 arrives at 1605637.601653732, sleeping for 0.12924732686951756 seconds
Request model_5#1857 arrives at 1605637.731791618, sleeping for 0.01849750615656376 seconds
Request model_5#1858 arrives at 1605637.751656681, sleeping for 3.4218886867165565e-05 seconds
Request model_4#735 arrives at 1605637.752439837, sleeping for 0.0749827187974006 seconds
Request model_6#1030 arrives at 1605637.828386779, sleeping for 0.06852609431371093 seconds
Request model_5#1859 arrives at 1605637.898018819, sleeping for 0.1294669599737972 seconds
Request model_1#507 arrives at 1605638.029239754, sleeping for 0.014436947647482157 seconds
Request model_5#1860 arrives at 1605638.044264847, sleeping for 0.07609078357927501 seconds
Request model_5#1861 arrives at 1605638.121205748, sleeping for 0.30546519812196493 seconds
Request model_3#1480 arrives at 1605638.427003192, sleeping for 0.05813838657923043 seconds
Request model_5#1862 arrives at 1605638.485964925, sleeping for 0.04779917933046818 seconds
Request model_4#736 arrives at 1605638.533941378, sleeping for 0.00022160448133945465 seconds
Request model_4#737 arrives at 1605638.534444422, sleeping for 0.03050050837919116 seconds
Request model_5#1863 arrives at 1605638.565253944, sleeping for 0.1489091485273093 seconds
Request model_2#953 arrives at 1605638.716279201, sleeping for 0.030438030371442437 seconds
Request model_4#738 arrives at 1605638.747418386, sleeping for 0.034952888963744044 seconds
Request model_3#1481 arrives at 1605638.78448629, sleeping for 0.02629298041574657 seconds
Request model_6#1031 arrives at 1605638.812154287, sleeping for 0.07885408494621515 seconds
Request model_5#1864 arrives at 1605638.89183068, sleeping for 0.0836184669751674 seconds
Request model_6#1032 arrives at 1605638.976586654, sleeping for 0.02390466444194317 seconds
Request model_3#1482 arrives at 1605639.001613448, sleeping for 0.0039880245458334684 seconds
Request model_3#1483 arrives at 1605639.006586299, sleeping for 0.018949001096189022 seconds
Request model_3#1484 arrives at 1605639.026631684, sleeping for 0.1359133613295853 seconds
Request model_3#1485 arrives at 1605639.1629034, sleeping for 0.0531211975030601 seconds
Request model_3#1486 arrives at 1605639.216806971, sleeping for 0.017921089893206954 seconds
Request model_3#1487 arrives at 1605639.236676224, sleeping for 0.05889890529215336 seconds
Request model_5#1865 arrives at 1605639.297711404, sleeping for 0.03394347056746483 seconds
Request model_5#1866 arrives at 1605639.332099216, sleeping for 0.04298177338205278 seconds
Request model_6#1033 arrives at 1605639.37536311, sleeping for 0.10137814423069358 seconds
Request model_6#1034 arrives at 1605639.477821319, sleeping for 0.09049089066684246 seconds
Request model_6#1035 arrives at 1605639.568576442, sleeping for 0.026300963247194886 seconds
Request model_6#1036 arrives at 1605639.595866096, sleeping for 0.017899030353873968 seconds
Request model_2#954 arrives at 1605639.615624767, sleeping for 0.032697942573577166 seconds
Request model_5#1867 arrives at 1605639.648532227, sleeping for 0.00672190822660923 seconds
Request model_2#955 arrives at 1605639.65622874, sleeping for 0.0028884659986943007 seconds
Request model_2#956 arrives at 1605639.659985811, sleeping for 0.07194846379570663 seconds
Request model_3#1488 arrives at 1605639.732381414, sleeping for 0.007988181430846453 seconds
Request model_5#1868 arrives at 1605639.741271477, sleeping for 0.02198166213929653 seconds
Request model_3#1489 arrives at 1605639.763998403, sleeping for 0.13959425734356046 seconds
Request model_5#1869 arrives at 1605639.904782476, sleeping for 0.0045645576901733875 seconds
Request model_5#1870 arrives at 1605639.909734306, sleeping for 0.013456577435135841 seconds
Request model_4#739 arrives at 1605639.924334686, sleeping for 0.0013248303439468145 seconds
Request model_5#1871 arrives at 1605639.926279542, sleeping for 0.02182555291801691 seconds
Request model_2#957 arrives at 1605639.948811726, sleeping for 0.024150949204340577 seconds
Request model_5#1872 arrives at 1605639.974067513, sleeping for 0.022007581777870655 seconds
Request model_3#1490 arrives at 1605639.996627198, sleeping for 0.09568436397239566 seconds
Request model_5#1873 arrives at 1605640.092541063, sleeping for 0.14092741208150983 seconds
Request model_3#1491 arrives at 1605640.234419215, sleeping for 0.029492436442524195 seconds
Request model_5#1874 arrives at 1605640.264910885, sleeping for 0.045132328756153584 seconds
Request model_5#1875 arrives at 1605640.310893352, sleeping for 0.001776079647243023 seconds
Request model_6#1037 arrives at 1605640.312921608, sleeping for 0.030506817623972893 seconds
Request model_5#1876 arrives at 1605640.344475437, sleeping for 0.01282061543315649 seconds
Request model_3#1492 arrives at 1605640.359033996, sleeping for 0.02754215570166707 seconds
Request model_3#1493 arrives at 1605640.386792933, sleeping for 0.16676504304632545 seconds
Request model_3#1494 arrives at 1605640.554656988, sleeping for 0.09638250689022243 seconds
Request model_5#1877 arrives at 1605640.651625582, sleeping for 0.06864398065954447 seconds
Request model_6#1038 arrives at 1605640.720716798, sleeping for 0.0022006782237440348 seconds
Request model_2#958 arrives at 1605640.723488671, sleeping for 0.027082055807113647 seconds
Request model_2#959 arrives at 1605640.751078087, sleeping for 0.020444260211661458 seconds
Request model_2#960 arrives at 1605640.771908437, sleeping for 0.01026956015266478 seconds
Request model_3#1495 arrives at 1605640.782747716, sleeping for 0.04920950997620821 seconds
Request model_6#1039 arrives at 1605640.832636525, sleeping for 0.0584565510507673 seconds
Request model_2#961 arrives at 1605640.891554067, sleeping for 0.15225604083389044 seconds
Request model_2#962 arrives at 1605641.04459109, sleeping for 0.04807697678916156 seconds
Request model_3#1496 arrives at 1605641.093688883, sleeping for 0.07530666119419038 seconds
Request model_6#1040 arrives at 1605641.169657965, sleeping for 0.003840163815766573 seconds
Request model_2#963 arrives at 1605641.174581805, sleeping for 0.05462285061366856 seconds
Request model_1#508 arrives at 1605641.229943679, sleeping for 0.028580018784850836 seconds
Request model_3#1497 arrives at 1605641.258917206, sleeping for 0.06649543205276132 seconds
Request model_3#1498 arrives at 1605641.326395448, sleeping for 0.09038794785737991 seconds
Request model_3#1499 arrives at 1605641.417269982, sleeping for 0.005590871907770634 seconds
Request model_5#1878 arrives at 1605641.423313512, sleeping for 0.004764835815876722 seconds
Request model_5#1879 arrives at 1605641.428282293, sleeping for 0.09919724916107953 seconds
Request model_3#1500 arrives at 1605641.528214441, sleeping for 0.014460330130532384 seconds
Request model_3#1501 arrives at 1605641.543067263, sleeping for 0.020398079650476575 seconds
Request model_3#1502 arrives at 1605641.564018954, sleeping for 0.08024367736652493 seconds
Request model_6#1041 arrives at 1605641.646263308, sleeping for 0.03315157908946276 seconds
Request model_5#1880 arrives at 1605641.679926013, sleeping for 0.009865459520369768 seconds
Request model_5#1881 arrives at 1605641.690675321, sleeping for 0.004491250496357679 seconds
Request model_6#1042 arrives at 1605641.695718572, sleeping for 0.029938241466879845 seconds
Request model_6#1043 arrives at 1605641.726710366, sleeping for 0.0040979681070894 seconds
Request model_5#1882 arrives at 1605641.731769378, sleeping for 0.08943345374427736 seconds
Request model_4#740 arrives at 1605641.821892166, sleeping for 0.07513449154794216 seconds
Request model_6#1044 arrives at 1605641.897744417, sleeping for 0.021336243487894535 seconds
Request model_6#1045 arrives at 1605641.919779768, sleeping for 0.00035872217267751694 seconds
Request model_5#1883 arrives at 1605641.920341812, sleeping for 0.02293496555648744 seconds
Request model_3#1503 arrives at 1605641.944146767, sleeping for 0.09391277842223644 seconds
Request model_3#1504 arrives at 1605642.038889683, sleeping for 0.028100976487621665 seconds
Request model_5#1884 arrives at 1605642.067399527, sleeping for 0.1023315645288676 seconds
Request model_5#1885 arrives at 1605642.170899964, sleeping for 0.06338559440337121 seconds
Request model_3#1505 arrives at 1605642.235068789, sleeping for 0.020638675894588232 seconds
Request model_2#964 arrives at 1605642.256898248, sleeping for 0.02158001670613885 seconds
Request model_4#741 arrives at 1605642.279613754, sleeping for 0.04913329565897584 seconds
Request model_2#965 arrives at 1605642.329330351, sleeping for 0.016720934538170695 seconds
Request model_5#1886 arrives at 1605642.346933925, sleeping for 0.010569088160991669 seconds
Request model_4#742 arrives at 1605642.358531411, sleeping for 0.1133797075599432 seconds
Request model_6#1046 arrives at 1605642.472387103, sleeping for 0.04012111481279135 seconds
Request model_6#1047 arrives at 1605642.513092076, sleeping for 0.1321377200074494 seconds
Request model_3#1506 arrives at 1605642.645663612, sleeping for 0.09184501832351089 seconds
Request model_3#1507 arrives at 1605642.738117479, sleeping for 0.05028723366558552 seconds
Request model_3#1508 arrives at 1605642.788829764, sleeping for 0.002670703222975135 seconds
Request model_2#966 arrives at 1605642.792510974, sleeping for 0.010352864628657699 seconds
Request model_4#743 arrives at 1605642.803208462, sleeping for 0.01114281383343041 seconds
Request model_4#744 arrives at 1605642.814887538, sleeping for 0.019058479694649577 seconds
Request model_3#1509 arrives at 1605642.834969602, sleeping for 0.06178358010947704 seconds
Request model_6#1048 arrives at 1605642.897749576, sleeping for 0.03196959150955081 seconds
Request model_6#1049 arrives at 1605642.930905987, sleeping for 0.0982659428846091 seconds
Request model_2#967 arrives at 1605643.030173521, sleeping for 0.24845700152218342 seconds
Request model_4#745 arrives at 1605643.279043618, sleeping for 0.18922578589990735 seconds
Request model_2#968 arrives at 1605643.469278106, sleeping for 0.0055100880563259125 seconds
Request model_5#1887 arrives at 1605643.475083644, sleeping for 0.0807241415604949 seconds
Request model_2#969 arrives at 1605643.556793192, sleeping for 0.023303133435547352 seconds
Request model_4#746 arrives at 1605643.581128872, sleeping for 0.04265932459384203 seconds
Request model_3#1510 arrives at 1605643.624633728, sleeping for 0.06802415545098484 seconds
Request model_5#1888 arrives at 1605643.693384031, sleeping for 0.022510282695293427 seconds
Request model_5#1889 arrives at 1605643.71650274, sleeping for 0.18146486673504114 seconds
Request model_5#1890 arrives at 1605643.89843105, sleeping for 0.04931591032072902 seconds
Request model_3#1511 arrives at 1605643.948131677, sleeping for 0.03290147939696908 seconds
Request model_6#1050 arrives at 1605643.98144633, sleeping for 0.002033067401498556 seconds
Request model_6#1051 arrives at 1605643.984078931, sleeping for 0.011969615705311298 seconds
Request model_5#1891 arrives at 1605643.996918446, sleeping for 0.10729167331010103 seconds
Request model_3#1512 arrives at 1605644.106123301, sleeping for 0.03502960526384413 seconds
Request model_3#1513 arrives at 1605644.141977244, sleeping for 0.08078778116032481 seconds
Request model_5#1892 arrives at 1605644.223704953, sleeping for 0.0008726757951080799 seconds
Request model_6#1052 arrives at 1605644.225398307, sleeping for 0.02085518161766231 seconds
Request model_6#1053 arrives at 1605644.247070504, sleeping for 0.003920554416254163 seconds
Request model_5#1893 arrives at 1605644.251758523, sleeping for 0.14259629370644689 seconds
Request model_3#1514 arrives at 1605644.3955028, sleeping for 0.00015054387040436268 seconds
Request model_1#509 arrives at 1605644.395977174, sleeping for 0.006253367057070136 seconds
Request model_1#510 arrives at 1605644.40276874, sleeping for 0.00235741981305182 seconds
Request model_2#970 arrives at 1605644.405425671, sleeping for 0.02270447602495551 seconds
Request model_5#1894 arrives at 1605644.429101745, sleeping for 0.06348914466798306 seconds
Request model_3#1515 arrives at 1605644.493049679, sleeping for 0.047832320211455226 seconds
Request model_5#1895 arrives at 1605644.541759767, sleeping for 0.024460579035803676 seconds
Request model_5#1896 arrives at 1605644.567363057, sleeping for 0.0057723550125956535 seconds
Request model_3#1516 arrives at 1605644.574012651, sleeping for 0.05470621702261269 seconds
Request model_6#1054 arrives at 1605644.629639347, sleeping for 0.04339375323615968 seconds
Request model_5#1897 arrives at 1605644.673912139, sleeping for 0.14783804886974394 seconds
Request model_2#971 arrives at 1605644.822632677, sleeping for 0.015152180567383766 seconds
Request model_1#511 arrives at 1605644.838611968, sleeping for 0.0195614208932966 seconds
Request model_5#1898 arrives at 1605644.859292517, sleeping for 0.004812699044123292 seconds
Request model_2#972 arrives at 1605644.86455281, sleeping for 0.026291606947779655 seconds
Request model_5#1899 arrives at 1605644.892244287, sleeping for 0.020451067248359323 seconds
Request model_3#1517 arrives at 1605644.912907967, sleeping for 0.00904892710968852 seconds
Request model_1#512 arrives at 1605644.923520353, sleeping for 0.013052672147750854 seconds
Request model_6#1055 arrives at 1605644.938212313, sleeping for 0.09789556823670864 seconds
Request model_2#973 arrives at 1605645.037081843, sleeping for 0.07594787492416799 seconds
Request model_3#1518 arrives at 1605645.113351837, sleeping for 0.022705033188685775 seconds
Request model_2#974 arrives at 1605645.137067942, sleeping for 0.029908711556345224 seconds
Request model_3#1519 arrives at 1605645.167638102, sleeping for 0.037647390039637685 seconds
Request model_5#1900 arrives at 1605645.205536782, sleeping for 0.015274443663656712 seconds
Request model_1#513 arrives at 1605645.22117141, sleeping for 0.030634391121566296 seconds
Request model_5#1901 arrives at 1605645.252690738, sleeping for 0.08564396155998111 seconds
Request model_5#1902 arrives at 1605645.33955583, sleeping for 0.019467673264443874 seconds
Request model_1#514 arrives at 1605645.35919835, sleeping for 0.05183136439882219 seconds
Request model_5#1903 arrives at 1605645.412811739, sleeping for 0.02012285520322621 seconds
Request model_3#1520 arrives at 1605645.433414998, sleeping for 0.016980630345642567 seconds
Request model_5#1904 arrives at 1605645.451044612, sleeping for 0.05581981362774968 seconds
Request model_6#1056 arrives at 1605645.507654016, sleeping for 0.004025726113468409 seconds
Request model_3#1521 arrives at 1605645.512308754, sleeping for 0 seconds
Request model_5#1905 arrives at 1605645.512872708, sleeping for 0.17212754441425204 seconds
Request model_5#1906 arrives at 1605645.685605473, sleeping for 0.01888294261880219 seconds
Request model_5#1907 arrives at 1605645.705364154, sleeping for 0.14015759434551 seconds
Request model_4#747 arrives at 1605645.846024666, sleeping for 0.027580573922023177 seconds
Request model_4#748 arrives at 1605645.874723341, sleeping for 0.027776063652709126 seconds
Request model_4#749 arrives at 1605645.903573477, sleeping for 0.11240857210941613 seconds
Request model_5#1908 arrives at 1605646.016705323, sleeping for 0.05633836938068271 seconds
Request model_2#975 arrives at 1605646.073619049, sleeping for 0.04486113437451422 seconds
Request model_4#750 arrives at 1605646.119555006, sleeping for 0.009302417514845729 seconds
Request model_5#1909 arrives at 1605646.130360954, sleeping for 0.0015750979073345661 seconds
Request model_5#1910 arrives at 1605646.132279519, sleeping for 0.011257489211857319 seconds
Request model_5#1911 arrives at 1605646.144057326, sleeping for 0.02982795750722289 seconds
Request model_4#751 arrives at 1605646.174476935, sleeping for 0.1117214981932193 seconds
Request model_3#1522 arrives at 1605646.287158068, sleeping for 0.03190018446184695 seconds
Request model_6#1057 arrives at 1605646.31926039, sleeping for 0.02052350458689034 seconds
Request model_3#1523 arrives at 1605646.340903278, sleeping for 0.02360057318583131 seconds
Request model_5#1912 arrives at 1605646.364684402, sleeping for 0.022972867358475924 seconds
Request model_2#976 arrives at 1605646.388444697, sleeping for 0.03801251435652375 seconds
Request model_3#1524 arrives at 1605646.427112853, sleeping for 0.06602441123686731 seconds
Request model_5#1913 arrives at 1605646.49379825, sleeping for 0.019633974181488156 seconds
Request model_6#1058 arrives at 1605646.514475699, sleeping for 0.012869992293417454 seconds
Request model_5#1914 arrives at 1605646.527708707, sleeping for 0.07919122441671789 seconds
Request model_5#1915 arrives at 1605646.60743718, sleeping for 0.08452026662416756 seconds
Request model_6#1059 arrives at 1605646.692079203, sleeping for 0.012477545766159892 seconds
Request model_3#1525 arrives at 1605646.704767777, sleeping for 0.09572253189980984 seconds
Request model_2#977 arrives at 1605646.801437168, sleeping for 0.012402510968968272 seconds
Request model_6#1060 arrives at 1605646.814122132, sleeping for 0.025664014043286443 seconds
Request model_5#1916 arrives at 1605646.841800138, sleeping for 0.21867031534202397 seconds
Request model_3#1526 arrives at 1605647.061102634, sleeping for 0.012086543487384915 seconds
Request model_4#752 arrives at 1605647.073801388, sleeping for 0.01860693166963756 seconds
Request model_2#978 arrives at 1605647.093473789, sleeping for 0.0034012061078101397 seconds
Request model_3#1527 arrives at 1605647.097182529, sleeping for 0.20363205880858004 seconds
Request model_3#1528 arrives at 1605647.30134569, sleeping for 0.03360550105571747 seconds
Request model_5#1917 arrives at 1605647.336047174, sleeping for 0.01606249064207077 seconds
Request model_6#1061 arrives at 1605647.353738129, sleeping for 0.02230954449623823 seconds
Request model_1#515 arrives at 1605647.376696567, sleeping for 0.00770780467428267 seconds
Request model_5#1918 arrives at 1605647.385364028, sleeping for 0.011121072107926011 seconds
Request model_5#1919 arrives at 1605647.396998783, sleeping for 0.05491623468697071 seconds
Request model_6#1062 arrives at 1605647.452203615, sleeping for 0.11729289661161602 seconds
Request model_3#1529 arrives at 1605647.569886089, sleeping for 0.002295486629009247 seconds
Request model_3#1530 arrives at 1605647.57249555, sleeping for 0.01775733125396073 seconds
Request model_6#1063 arrives at 1605647.592232222, sleeping for 0.02026637038215995 seconds
Request model_5#1920 arrives at 1605647.61274794, sleeping for 0.018442576518282294 seconds
Request model_4#753 arrives at 1605647.63226553, sleeping for 0.07210092945024371 seconds
Request model_3#1531 arrives at 1605647.705232627, sleeping for 0.009400732349604368 seconds
Request model_5#1921 arrives at 1605647.715882544, sleeping for 0.024919916642829776 seconds
Request model_5#1922 arrives at 1605647.741607015, sleeping for 0.007224021013826132 seconds
Request model_3#1532 arrives at 1605647.74954503, sleeping for 0.013599690049886703 seconds
Request model_5#1923 arrives at 1605647.76422107, sleeping for 0.0010746486950665712 seconds
Request model_6#1064 arrives at 1605647.765875093, sleeping for 0.025385765125975013 seconds
Request model_6#1065 arrives at 1605647.791453813, sleeping for 0.022052858024835587 seconds
Request model_6#1066 arrives at 1605647.814133758, sleeping for 0.016960627865046263 seconds
Request model_3#1533 arrives at 1605647.831745392, sleeping for 0.08288588956929743 seconds
Request model_3#1534 arrives at 1605647.914923584, sleeping for 0.07988595543429255 seconds
Request model_3#1535 arrives at 1605647.995714425, sleeping for 0.03570349281653762 seconds
Request model_5#1924 arrives at 1605648.033510324, sleeping for 0.0012739049270749092 seconds
Request model_5#1925 arrives at 1605648.035141818, sleeping for 0.035361808724701405 seconds
Request model_5#1926 arrives at 1605648.070728589, sleeping for 0.007394358050078154 seconds
Request model_3#1536 arrives at 1605648.078414992, sleeping for 0.05015213927254081 seconds
Request model_5#1927 arrives at 1605648.128881425, sleeping for 0.008568352786824107 seconds
Request model_5#1928 arrives at 1605648.139550372, sleeping for 0.009706852491945028 seconds
Request model_3#1537 arrives at 1605648.150343291, sleeping for 0.028711168793961406 seconds
Request model_5#1929 arrives at 1605648.179682591, sleeping for 0.07468171720393002 seconds
Request model_1#516 arrives at 1605648.25539025, sleeping for 0.010468389606103301 seconds
Request model_5#1930 arrives at 1605648.266207489, sleeping for 0.01997352042235434 seconds
Request model_5#1931 arrives at 1605648.286909539, sleeping for 0.10602735541760921 seconds
Request model_3#1538 arrives at 1605648.393632232, sleeping for 0.0018887096084654331 seconds
Request model_4#754 arrives at 1605648.396352265, sleeping for 0.03719921433366835 seconds
Request model_6#1067 arrives at 1605648.434486357, sleeping for 0.0266763165127486 seconds
Request model_5#1932 arrives at 1605648.462154983, sleeping for 0.08131470624357462 seconds
Request model_6#1068 arrives at 1605648.544128244, sleeping for 0.16113599902018905 seconds
Request model_3#1539 arrives at 1605648.705916439, sleeping for 0.06649331329390407 seconds
Request model_4#755 arrives at 1605648.772862176, sleeping for 0.03521262248978019 seconds
Request model_2#979 arrives at 1605648.808545319, sleeping for 0.09473106311634183 seconds
Request model_5#1933 arrives at 1605648.90402239, sleeping for 0.13596176472492516 seconds
Request model_5#1934 arrives at 1605649.040152615, sleeping for 0.042016801657155156 seconds
Request model_5#1935 arrives at 1605649.083056896, sleeping for 0.1190586390439421 seconds
Request model_2#980 arrives at 1605649.202478543, sleeping for 0.05813535465858877 seconds
Request model_5#1936 arrives at 1605649.261453366, sleeping for 0.00813126377761364 seconds
Request model_3#1540 arrives at 1605649.270164267, sleeping for 0.035804994869977236 seconds
Request model_1#517 arrives at 1605649.307791736, sleeping for 0.08811393287032843 seconds
Request model_5#1937 arrives at 1605649.396599382, sleeping for 0.003302688477560878 seconds
Request model_2#981 arrives at 1605649.400294382, sleeping for 0.052925087278708816 seconds
Request model_6#1069 arrives at 1605649.453968982, sleeping for 0.0756326683331281 seconds
Request model_3#1541 arrives at 1605649.529840613, sleeping for 0.02328172721900046 seconds
Request model_5#1938 arrives at 1605649.553527287, sleeping for 0.023244485026225448 seconds
Request model_4#756 arrives at 1605649.577114, sleeping for 0.021846775664016604 seconds
Request model_4#757 arrives at 1605649.599765755, sleeping for 0.07725071487948298 seconds
Request model_2#982 arrives at 1605649.677440811, sleeping for 0.05498272809199989 seconds
Request model_6#1070 arrives at 1605649.733077386, sleeping for 0.012184209888800979 seconds
Request model_6#1071 arrives at 1605649.745645229, sleeping for 0.020852632354944944 seconds
Request model_3#1542 arrives at 1605649.767213396, sleeping for 0.05786735354922712 seconds
Request model_5#1939 arrives at 1605649.825388702, sleeping for 0.02955049485899508 seconds
Request model_5#1940 arrives at 1605649.855996252, sleeping for 0.14822072838433087 seconds
Request model_4#758 arrives at 1605650.005370665, sleeping for 0.007828572997823358 seconds
Request model_3#1543 arrives at 1605650.014019126, sleeping for 0.10922051686793566 seconds
Request model_5#1941 arrives at 1605650.123584493, sleeping for 0.0064294657204300165 seconds
Request model_2#983 arrives at 1605650.130258287, sleeping for 0.15431143972091377 seconds
Request model_5#1942 arrives at 1605650.28575982, sleeping for 0.04484895686618984 seconds
Request model_5#1943 arrives at 1605650.331543275, sleeping for 0.02678127563558519 seconds
Request model_4#759 arrives at 1605650.359246912, sleeping for 0.034769145073369145 seconds
Request model_2#984 arrives at 1605650.394931074, sleeping for 0.03002259717322886 seconds
Request model_5#1944 arrives at 1605650.426025408, sleeping for 0.08017730340361595 seconds
Request model_4#760 arrives at 1605650.506781259, sleeping for 0.11486421548761427 seconds
Request model_3#1544 arrives at 1605650.622500376, sleeping for 0.013016089797019958 seconds
Request model_4#761 arrives at 1605650.637237797, sleeping for 0.057058722944930196 seconds
Request model_4#762 arrives at 1605650.695166941, sleeping for 0.054859245428815484 seconds
Request model_5#1945 arrives at 1605650.750460894, sleeping for 0.028713728534057736 seconds
Request model_4#763 arrives at 1605650.780070706, sleeping for 0.058992903446778655 seconds
Request model_5#1946 arrives at 1605650.839970416, sleeping for 0.014751424081623554 seconds
Request model_4#764 arrives at 1605650.855640625, sleeping for 0.05735338130034506 seconds
Request model_3#1545 arrives at 1605650.913340557, sleeping for 0.04248378239572048 seconds
Request model_1#518 arrives at 1605650.956676432, sleeping for 0.058187173679471016 seconds
Request model_5#1947 arrives at 1605651.01507935, sleeping for 0.05709688877686858 seconds
Request model_3#1546 arrives at 1605651.072854862, sleeping for 0.02036409662105143 seconds
Request model_2#985 arrives at 1605651.09450057, sleeping for 0.0029488892760127783 seconds
Request model_6#1072 arrives at 1605651.098634624, sleeping for 0.08201657584868371 seconds
Request model_2#986 arrives at 1605651.181615553, sleeping for 0.02318065776489675 seconds
Request model_3#1547 arrives at 1605651.205933782, sleeping for 0.051513337064534426 seconds
Request model_3#1548 arrives at 1605651.25822342, sleeping for 0.07429797668009996 seconds
Request model_5#1948 arrives at 1605651.333550366, sleeping for 0.020393875893205404 seconds
Request model_2#987 arrives at 1605651.354892871, sleeping for 0.03575564455240965 seconds
Request model_4#765 arrives at 1605651.391232688, sleeping for 0.036314783385023475 seconds
Request model_5#1949 arrives at 1605651.428591424, sleeping for 0.04490478755906224 seconds
Request model_3#1549 arrives at 1605651.473796614, sleeping for 0 seconds
Request model_5#1950 arrives at 1605651.47454856, sleeping for 0.08493462833575904 seconds
Request model_3#1550 arrives at 1605651.560925557, sleeping for 0.019724754616618156 seconds
Request model_2#988 arrives at 1605651.580906751, sleeping for 0.08537746337242424 seconds
Request model_6#1073 arrives at 1605651.667315248, sleeping for 0.03458923031575978 seconds
Request model_2#989 arrives at 1605651.702056482, sleeping for 0.024383257143199444 seconds
Request model_5#1951 arrives at 1605651.726963316, sleeping for 0.04223249782808125 seconds
Request model_3#1551 arrives at 1605651.770004588, sleeping for 0.09734511049464345 seconds
Request model_5#1952 arrives at 1605651.868487804, sleeping for 0.10086226928979158 seconds
Request model_4#766 arrives at 1605651.970169697, sleeping for 0.03193198866210878 seconds
Request model_5#1953 arrives at 1605652.003662071, sleeping for 0.012859167996793985 seconds
Request model_4#767 arrives at 1605652.018357891, sleeping for 0.020028126193210483 seconds
Request model_5#1954 arrives at 1605652.03901143, sleeping for 0.04283577320165932 seconds
Request model_1#519 arrives at 1605652.082505126, sleeping for 0 seconds
Request model_5#1955 arrives at 1605652.082812648, sleeping for 0.06635526963509619 seconds
Request model_3#1552 arrives at 1605652.151207058, sleeping for 0.2101987290661782 seconds
Request model_4#768 arrives at 1605652.361670851, sleeping for 0.03354509663768113 seconds
Request model_2#990 arrives at 1605652.395392117, sleeping for 0.02502336329780519 seconds
Request model_5#1956 arrives at 1605652.421111737, sleeping for 0.06609885883517563 seconds
Request model_5#1957 arrives at 1605652.487572601, sleeping for 0.008780651027336717 seconds
Request model_2#991 arrives at 1605652.498325079, sleeping for 0.012609602883458138 seconds
Request model_3#1553 arrives at 1605652.512932228, sleeping for 0.025593633763492107 seconds
Request model_2#992 arrives at 1605652.539482186, sleeping for 0.19210319756530225 seconds
Request model_5#1958 arrives at 1605652.732373504, sleeping for 0.00342279183678329 seconds
Request model_4#769 arrives at 1605652.736022024, sleeping for 0.0294233369641006 seconds
Request model_3#1554 arrives at 1605652.765706337, sleeping for 0.024131357669830322 seconds
Request model_2#993 arrives at 1605652.790623351, sleeping for 0.053456117399036884 seconds
Request model_4#770 arrives at 1605652.845164027, sleeping for 0.06403134833090007 seconds
Request model_2#994 arrives at 1605652.909930998, sleeping for 0.053945395862683654 seconds
Request model_3#1555 arrives at 1605652.964375323, sleeping for 0.09083250630646944 seconds
Request model_5#1959 arrives at 1605653.057195603, sleeping for 0.04964250116609037 seconds
Request model_2#995 arrives at 1605653.107742116, sleeping for 0.019800148205831647 seconds
Request model_2#996 arrives at 1605653.128428426, sleeping for 0.05435109697282314 seconds
Request model_1#520 arrives at 1605653.183062663, sleeping for 0.0036832690238952637 seconds
Request model_4#771 arrives at 1605653.18766097, sleeping for 0.03612390928901732 seconds
Request model_6#1074 arrives at 1605653.224687774, sleeping for 0.011331924237310886 seconds
Request model_4#772 arrives at 1605653.236789702, sleeping for 0.028898890363052487 seconds
Request model_3#1556 arrives at 1605653.266428535, sleeping for 0.06045549805276096 seconds
Request model_5#1960 arrives at 1605653.327094822, sleeping for 0.0843580630607903 seconds
Request model_2#997 arrives at 1605653.412588241, sleeping for 0.10828272788785398 seconds
Request model_1#521 arrives at 1605653.521347071, sleeping for 0.005183564033359289 seconds
Request model_2#998 arrives at 1605653.527030628, sleeping for 0.010314791928976774 seconds
Request model_6#1075 arrives at 1605653.537715205, sleeping for 0.007568620843812823 seconds
Request model_5#1961 arrives at 1605653.546383676, sleeping for 0.07992178038693964 seconds
Request model_4#773 arrives at 1605653.627083086, sleeping for 0.06364930886775255 seconds
Request model_6#1076 arrives at 1605653.690988549, sleeping for 0.0014141567517071962 seconds
Request model_6#1077 arrives at 1605653.692691243, sleeping for 0.015942071098834276 seconds
Request model_5#1962 arrives at 1605653.709292219, sleeping for 0.04907466541044414 seconds
Request model_5#1963 arrives at 1605653.758926745, sleeping for 0.055762902135029435 seconds
Request model_5#1964 arrives at 1605653.815162896, sleeping for 0.005659979302436113 seconds
Request model_6#1078 arrives at 1605653.8218012, sleeping for 0.040899254847317934 seconds
Request model_5#1965 arrives at 1605653.862955677, sleeping for 0.08098880760371685 seconds
Request model_3#1557 arrives at 1605653.944919797, sleeping for 0.019471286796033382 seconds
Request model_1#522 arrives at 1605653.965176393, sleeping for 0.015980662778019905 seconds
Request model_5#1966 arrives at 1605653.982280963, sleeping for 0.015923671890050173 seconds
Request model_3#1558 arrives at 1605653.999165402, sleeping for 0.11790894460864365 seconds
Request model_1#523 arrives at 1605654.117646051, sleeping for 0.07173925498500466 seconds
Request model_5#1967 arrives at 1605654.190023513, sleeping for 0.08770461659878492 seconds
Request model_5#1968 arrives at 1605654.278092004, sleeping for 0.02940227184444666 seconds
Request model_2#999 arrives at 1605654.308322031, sleeping for 0.04588738502934575 seconds
Request model_5#1969 arrives at 1605654.354974703, sleeping for 0.03362783952616155 seconds
Request model_6#1079 arrives at 1605654.389670437, sleeping for 0.07561170775443316 seconds
Request model_5#1970 arrives at 1605654.466377745, sleeping for 0.024136862251907587 seconds
Request model_5#1971 arrives at 1605654.491065067, sleeping for 0.013862796127796173 seconds
Request model_5#1972 arrives at 1605654.506239521, sleeping for 0.13468535896390676 seconds
Request model_1#524 arrives at 1605654.642030902, sleeping for 0.04678585194051266 seconds
Request model_2#1000 arrives at 1605654.689802603, sleeping for 0.03789734560996294 seconds
Request model_6#1080 arrives at 1605654.728753052, sleeping for 0.17334629758261144 seconds
Request model_4#774 arrives at 1605654.902556334, sleeping for 0.10835914523340762 seconds
Request model_5#1973 arrives at 1605655.01197306, sleeping for 0.008043946698307991 seconds
Request model_2#1001 arrives at 1605655.020745971, sleeping for 0.06132391048595309 seconds
Request model_5#1974 arrives at 1605655.082466176, sleeping for 0.04211680591106415 seconds
Request model_5#1975 arrives at 1605655.125104075, sleeping for 0.0379101880826056 seconds
Request model_4#775 arrives at 1605655.163840922, sleeping for 0.027893034042790532 seconds
Request model_5#1976 arrives at 1605655.192537357, sleeping for 0.08514453144744039 seconds
Request model_2#1002 arrives at 1605655.279381427, sleeping for 0.04636167176067829 seconds
Request model_6#1081 arrives at 1605655.32614398, sleeping for 0.021687497152015567 seconds
Request model_6#1082 arrives at 1605655.348839846, sleeping for 0.02020208048634231 seconds
Request model_2#1003 arrives at 1605655.369512135, sleeping for 0.0034222977701574564 seconds
Request model_5#1977 arrives at 1605655.373232095, sleeping for 0.13415443897247314 seconds
Request model_5#1978 arrives at 1605655.507758896, sleeping for 0.07490103994496167 seconds
Request model_4#776 arrives at 1605655.583675377, sleeping for 0.02334926533512771 seconds
Request model_3#1559 arrives at 1605655.607366361, sleeping for 0.05216578091494739 seconds
Request model_1#525 arrives at 1605655.661043631, sleeping for 0.023816717555746436 seconds
Request model_5#1979 arrives at 1605655.685753113, sleeping for 0.03765058517456055 seconds
Request model_5#1980 arrives at 1605655.724446469, sleeping for 0.12162986909970641 seconds
Request model_5#1981 arrives at 1605655.846717249, sleeping for 0.10803741100244224 seconds
Request model_3#1560 arrives at 1605655.955104896, sleeping for 0.03793615195900202 seconds
Request model_3#1561 arrives at 1605655.994161956, sleeping for 0.07337432121858001 seconds
Request model_5#1982 arrives at 1605656.068499885, sleeping for 0.035174321150407195 seconds
Request model_5#1983 arrives at 1605656.104247807, sleeping for 0.028685817727819085 seconds
Request model_3#1562 arrives at 1605656.133556057, sleeping for 0.02293754043057561 seconds
Request model_1#526 arrives at 1605656.156685846, sleeping for 0.045558677753433585 seconds
Request model_5#1984 arrives at 1605656.202797423, sleeping for 0.20091807609423995 seconds
Request model_5#1985 arrives at 1605656.40399334, sleeping for 0.017088381107896566 seconds
Request model_4#777 arrives at 1605656.421664534, sleeping for 0.12038024608045816 seconds
Request model_4#778 arrives at 1605656.543183918, sleeping for 0.07689072820357978 seconds
Request model_3#1563 arrives at 1605656.621060696, sleeping for 0.004885765258222818 seconds
Request model_3#1564 arrives at 1605656.626788422, sleeping for 0.09121675067581236 seconds
Request model_5#1986 arrives at 1605656.718279091, sleeping for 0.12579258438199759 seconds
Request model_3#1565 arrives at 1605656.844963688, sleeping for 0.14336387440562248 seconds
Request model_5#1987 arrives at 1605656.988723784, sleeping for 0.024151442805305123 seconds
Request model_3#1566 arrives at 1605657.013517577, sleeping for 0.10644963453523815 seconds
Request model_3#1567 arrives at 1605657.121133877, sleeping for 0.13092986540868878 seconds
Request model_5#1988 arrives at 1605657.252528362, sleeping for 0.010290386155247688 seconds
Request model_6#1083 arrives at 1605657.26330001, sleeping for 0.06206719344481826 seconds
Request model_5#1989 arrives at 1605657.326010484, sleeping for 0.0025962856598198414 seconds
Request model_4#779 arrives at 1605657.328987118, sleeping for 0.027124856365844607 seconds
Request model_2#1004 arrives at 1605657.356606444, sleeping for 0.04679799918085337 seconds
Request model_5#1990 arrives at 1605657.404239373, sleeping for 0.03924278961494565 seconds
Request model_3#1568 arrives at 1605657.444071479, sleeping for 0.047122887102887034 seconds
Request model_3#1569 arrives at 1605657.49178791, sleeping for 0.08929441892541945 seconds
Request model_4#780 arrives at 1605657.581789406, sleeping for 0.07513746712356806 seconds
Request model_3#1570 arrives at 1605657.657970079, sleeping for 0.0034231545869261026 seconds
Request model_5#1991 arrives at 1605657.661929472, sleeping for 0.019409068394452333 seconds
Request model_3#1571 arrives at 1605657.681893285, sleeping for 0.07595542585477233 seconds
Request model_3#1572 arrives at 1605657.75831837, sleeping for 0.05090696504339576 seconds
Request model_6#1084 arrives at 1605657.810224245, sleeping for 0.08817567955702543 seconds
Request model_2#1005 arrives at 1605657.8988467, sleeping for 0.07372220698744059 seconds
Request model_5#1992 arrives at 1605657.972886066, sleeping for 0.04085494065657258 seconds
Request model_5#1993 arrives at 1605658.013992252, sleeping for 0.012114167679101229 seconds
Request model_3#1573 arrives at 1605658.026574595, sleeping for 0.007554229814559221 seconds
Request model_3#1574 arrives at 1605658.035242906, sleeping for 0.009919455740600824 seconds
Request model_5#1994 arrives at 1605658.046302097, sleeping for 0.07676146924495697 seconds
Request model_3#1575 arrives at 1605658.123905491, sleeping for 0 seconds
Request model_3#1576 arrives at 1605658.124225984, sleeping for 0.07731942273676395 seconds
Request model_6#1085 arrives at 1605658.202365583, sleeping for 0.034042513463646173 seconds
Request model_5#1995 arrives at 1605658.237022777, sleeping for 0.025904431007802486 seconds
Request model_2#1006 arrives at 1605658.264627533, sleeping for 0.07171098934486508 seconds
Request model_5#1996 arrives at 1605658.337347868, sleeping for 0.0045700473710894585 seconds
Request model_5#1997 arrives at 1605658.342967854, sleeping for 0.17274956218898296 seconds
Request model_3#1577 arrives at 1605658.516603264, sleeping for 0.017932801973074675 seconds
Request model_5#1998 arrives at 1605658.536297326, sleeping for 0.03649821667931974 seconds
Request model_3#1578 arrives at 1605658.573947633, sleeping for 0.03233457589522004 seconds
Request model_2#1007 arrives at 1605658.606660421, sleeping for 0.020710274344310164 seconds
Request model_6#1086 arrives at 1605658.628246318, sleeping for 0.023619183572009206 seconds
Request model_3#1579 arrives at 1605658.65291344, sleeping for 0.02359044598415494 seconds
Request model_6#1087 arrives at 1605658.677564781, sleeping for 0.07181143132038414 seconds
Request model_1#527 arrives at 1605658.749669541, sleeping for 0.010842344490811229 seconds
Request model_6#1088 arrives at 1605658.761431817, sleeping for 0.006423400714993477 seconds
Request model_6#1089 arrives at 1605658.768042641, sleeping for 0.016889792401343584 seconds
Request model_2#1008 arrives at 1605658.785674875, sleeping for 0.03602504637092352 seconds
Request model_4#781 arrives at 1605658.822172584, sleeping for 0.14672139193862677 seconds
Request model_2#1009 arrives at 1605658.970932621, sleeping for 0.06193967419676483 seconds
Request model_2#1010 arrives at 1605659.033392592, sleeping for 0.17315796692855656 seconds
Request model_5#1999 arrives at 1605659.207842609, sleeping for 0.18975242716260254 seconds
Request model_5#2000 arrives at 1605659.398826711, sleeping for 0.006365029839798808 seconds
Request model_1#528 arrives at 1605659.40599324, sleeping for 0.07978360960260034 seconds
Request model_3#1580 arrives at 1605659.486053105, sleeping for 0.019470226718112826 seconds
Request model_1#529 arrives at 1605659.505952458, sleeping for 0.018742929911240935 seconds
Request model_1#530 arrives at 1605659.526615077, sleeping for 0.06725977500900626 seconds
Request model_6#1090 arrives at 1605659.594260251, sleeping for 0.11957631655968726 seconds
Request model_6#1091 arrives at 1605659.714363503, sleeping for 0.05190210719592869 seconds
Request model_2#1011 arrives at 1605659.76657893, sleeping for 0.10849032597616315 seconds
Request model_6#1092 arrives at 1605659.875759353, sleeping for 0.02922733617015183 seconds
Request model_5#2001 arrives at 1605659.906039511, sleeping for 0.0317203791346401 seconds
Request model_5#2002 arrives at 1605659.938153064, sleeping for 0.08846690249629319 seconds
Request model_5#2003 arrives at 1605660.027341263, sleeping for 0.01601257245056331 seconds
Request model_6#1093 arrives at 1605660.044199841, sleeping for 0.10924722882919014 seconds
Request model_2#1012 arrives at 1605660.154290252, sleeping for 0.02269247150979936 seconds
Request model_5#2004 arrives at 1605660.177144919, sleeping for 0.05378977372311056 seconds
Request model_5#2005 arrives at 1605660.231840986, sleeping for 0 seconds
Request model_5#2006 arrives at 1605660.232205749, sleeping for 0.0747903841547668 seconds
Request model_5#2007 arrives at 1605660.307178093, sleeping for 0.03070968622341752 seconds
Request model_4#782 arrives at 1605660.338900762, sleeping for 0.05173913459293544 seconds
Request model_4#783 arrives at 1605660.392543961, sleeping for 0.016747639514505863 seconds
Request model_5#2008 arrives at 1605660.410070394, sleeping for 0.0007083371747285128 seconds
Request model_2#1013 arrives at 1605660.411696008, sleeping for 0.06323975045233965 seconds
Request model_5#2009 arrives at 1605660.475145667, sleeping for 0.022917466703802347 seconds
Request model_4#784 arrives at 1605660.498549608, sleeping for 0.05325251934118569 seconds
Request model_3#1581 arrives at 1605660.552774722, sleeping for 0.024514587596058846 seconds
Request model_2#1014 arrives at 1605660.577473614, sleeping for 0.042951737297698855 seconds
Request model_3#1582 arrives at 1605660.621148901, sleeping for 0.02658954355865717 seconds
Request model_2#1015 arrives at 1605660.648867568, sleeping for 0.007357276044785976 seconds
Request model_3#1583 arrives at 1605660.657010424, sleeping for 0.009783395566046238 seconds
Request model_2#1016 arrives at 1605660.668082145, sleeping for 0.03799089230597019 seconds
Request model_2#1017 arrives at 1605660.842554102, sleeping for 0 seconds
Request model_3#1584 arrives at 1605660.843190637, sleeping for 0 seconds
Request model_4#785 arrives at 1605660.843437389, sleeping for 0 seconds
Request model_2#1018 arrives at 1605660.843665321, sleeping for 0 seconds
Request model_5#2010 arrives at 1605660.844037304, sleeping for 0 seconds
Request model_6#1094 arrives at 1605660.844353356, sleeping for 0 seconds
Request model_5#2011 arrives at 1605660.844709379, sleeping for 0 seconds
Request model_6#1095 arrives at 1605660.845072502, sleeping for 0.02653100388124585 seconds
Request model_5#2012 arrives at 1605660.872583958, sleeping for 0.016808867920190096 seconds
Request model_5#2013 arrives at 1605660.890150381, sleeping for 0.04100029589608312 seconds
Request model_5#2014 arrives at 1605660.931727451, sleeping for 0.024266486521810293 seconds
Request model_6#1096 arrives at 1605660.956348473, sleeping for 0.024845757754519582 seconds
Request model_2#1019 arrives at 1605660.981942292, sleeping for 0.07362007396295667 seconds
Request model_5#2015 arrives at 1605661.056583193, sleeping for 0.013659733580425382 seconds
Request model_5#2016 arrives at 1605661.071139392, sleeping for 0.04155538720078766 seconds
Request model_2#1020 arrives at 1605661.11374021, sleeping for 0.01944152661599219 seconds
Request model_6#1097 arrives at 1605661.133403491, sleeping for 0.0406829125713557 seconds
Request model_6#1098 arrives at 1605661.174985981, sleeping for 0.13493475154973567 seconds
Request model_1#531 arrives at 1605661.310999834, sleeping for 0.12390165263786912 seconds
Request model_2#1021 arrives at 1605661.435868515, sleeping for 0.0005762167274951935 seconds
Request model_3#1585 arrives at 1605661.436555901, sleeping for 0.0012341614346951246 seconds
Request model_1#532 arrives at 1605661.438217464, sleeping for 0.02466837945394218 seconds
Request model_4#786 arrives at 1605661.463100458, sleeping for 0.023251119535416365 seconds
Request model_4#787 arrives at 1605661.486895842, sleeping for 0 seconds
Request model_3#1586 arrives at 1605661.487219255, sleeping for 0.05147948884405196 seconds
Request model_3#1587 arrives at 1605661.539062669, sleeping for 0.0470964671112597 seconds
Request model_5#2017 arrives at 1605661.587217493, sleeping for 0.0028003493789583445 seconds
Request model_2#1022 arrives at 1605661.591116165, sleeping for 0 seconds
Request model_3#1588 arrives at 1605661.591494788, sleeping for 0.01810154877603054 seconds
Request model_5#2018 arrives at 1605661.611605823, sleeping for 0 seconds
Request model_3#1589 arrives at 1605661.611918916, sleeping for 0.017806195886805654 seconds
Request model_3#1590 arrives at 1605661.631787488, sleeping for 0.006576850078999996 seconds
Request model_3#1591 arrives at 1605661.638491463, sleeping for 0.19184260978363454 seconds
Request model_5#2019 arrives at 1605661.831908345, sleeping for 0.03075822116807103 seconds
Request model_4#788 arrives at 1605661.86307597, sleeping for 0.1455464877653867 seconds
Request model_5#2020 arrives at 1605662.008806682, sleeping for 0.04990101815201342 seconds
Request model_5#2021 arrives at 1605662.059609977, sleeping for 0.11284977244213223 seconds
Request model_2#1023 arrives at 1605662.173029545, sleeping for 0.07123287417925894 seconds
Request model_3#1592 arrives at 1605662.245181005, sleeping for 0.06500649219378829 seconds
Request model_3#1593 arrives at 1605662.310810582, sleeping for 0.05824490590021014 seconds
Request model_6#1099 arrives at 1605662.369537062, sleeping for 0.026002736296504736 seconds
Request model_4#789 arrives at 1605662.39735753, sleeping for 0.05696576787158847 seconds
Request model_1#533 arrives at 1605662.454946251, sleeping for 0.012225215090438724 seconds
Request model_2#1024 arrives at 1605662.467841976, sleeping for 0.008854805026203394 seconds
Request model_3#1594 arrives at 1605662.478843876, sleeping for 0.028882282320410013 seconds
Request model_5#2022 arrives at 1605662.508061636, sleeping for 0.00804345472715795 seconds
Request model_2#1025 arrives at 1605662.516292413, sleeping for 0.21332353609614074 seconds
Request model_6#1100 arrives at 1605662.730794457, sleeping for 0.01686929468996823 seconds
Request model_5#2023 arrives at 1605662.748542613, sleeping for 0.06399750872515142 seconds
Request model_6#1101 arrives at 1605662.813563454, sleeping for 0.02087533101439476 seconds
Request model_2#1026 arrives at 1605662.83513656, sleeping for 0.026256098179146647 seconds
Request model_1#534 arrives at 1605662.862841797, sleeping for 0.0033255231101065874 seconds
Request model_3#1595 arrives at 1605662.866539488, sleeping for 0.0075039635412395 seconds
Request model_1#535 arrives at 1605662.8742246, sleeping for 0.37244176864624023 seconds
Request model_5#2024 arrives at 1605663.24706962, sleeping for 0.03764653718098998 seconds
Request model_5#2025 arrives at 1605663.285623645, sleeping for 0.08235437143594027 seconds
Request model_4#790 arrives at 1605663.36815935, sleeping for 0.019948509288951755 seconds
Request model_3#1596 arrives at 1605663.388994391, sleeping for 0.2184168854728341 seconds
Request model_4#791 arrives at 1605663.607883571, sleeping for 0.1075570248067379 seconds
Request model_3#1597 arrives at 1605663.71657769, sleeping for 0.021291864570230246 seconds
Request model_4#792 arrives at 1605663.738692111, sleeping for 0.0037257098592817783 seconds
Request model_3#1598 arrives at 1605663.743378399, sleeping for 0.04777180147357285 seconds
Request model_3#1599 arrives at 1605663.792191568, sleeping for 0.0479287882335484 seconds
Request model_5#2026 arrives at 1605663.840996468, sleeping for 0.039714571787044406 seconds
Request model_3#1600 arrives at 1605663.881534349, sleeping for 0.03080113953910768 seconds
Request model_5#2027 arrives at 1605663.913231218, sleeping for 0.007054046727716923 seconds
Request model_5#2028 arrives at 1605663.920981602, sleeping for 0.05403436557389796 seconds
Request model_3#1601 arrives at 1605663.975180645, sleeping for 0.017421744763851166 seconds
Request model_2#1027 arrives at 1605663.993164032, sleeping for 0.0002802328672260046 seconds
Request model_2#1028 arrives at 1605663.993637206, sleeping for 0.04215882113203406 seconds
Request model_6#1102 arrives at 1605664.036406806, sleeping for 0.03249526931904256 seconds
Request model_5#2029 arrives at 1605664.069043053, sleeping for 0.007111954968422651 seconds
Request model_5#2030 arrives at 1605664.076689595, sleeping for 0.01352523360401392 seconds
Request model_6#1103 arrives at 1605664.091328605, sleeping for 0.015545899514108896 seconds
Request model_5#2031 arrives at 1605664.107968001, sleeping for 0.016769295325502753 seconds
Request model_3#1602 arrives at 1605664.125436714, sleeping for 0.018993116915225983 seconds
Request model_1#536 arrives at 1605664.14458307, sleeping for 0.07369443331845105 seconds
Request model_2#1029 arrives at 1605664.219265601, sleeping for 0.023505218559876084 seconds
Request model_5#2032 arrives at 1605664.243078916, sleeping for 0.0821866022888571 seconds
Request model_5#2033 arrives at 1605664.3255535, sleeping for 0.01756321103312075 seconds
Request model_5#2034 arrives at 1605664.345219821, sleeping for 0.0026841580402106047 seconds
Request model_5#2035 arrives at 1605664.349038402, sleeping for 0.049781732726842165 seconds
Request model_3#1603 arrives at 1605664.399352394, sleeping for 0.028973105363547802 seconds
Request model_3#1604 arrives at 1605664.428927906, sleeping for 0.00016511930152773857 seconds
Request model_4#793 arrives at 1605664.42943122, sleeping for 0.01683043804951012 seconds
Request model_1#537 arrives at 1605664.447367547, sleeping for 0.06186695327050984 seconds
Request model_1#538 arrives at 1605664.51011889, sleeping for 0.011179520981386304 seconds
Request model_3#1605 arrives at 1605664.521707735, sleeping for 0.01408410631120205 seconds
Request model_3#1606 arrives at 1605664.536292574, sleeping for 0.014921069145202637 seconds
Request model_5#2036 arrives at 1605664.552068083, sleeping for 0.002689503598958254 seconds
Request model_5#2037 arrives at 1605664.555739063, sleeping for 0.03721844241954386 seconds
Request model_1#539 arrives at 1605664.593456062, sleeping for 0.036029291339218616 seconds
Request model_4#794 arrives at 1605664.630502664, sleeping for 0.09064552001655102 seconds
Request model_1#540 arrives at 1605664.722989511, sleeping for 0.008393915835767984 seconds
Request model_5#2038 arrives at 1605664.732181976, sleeping for 0.0087576808873564 seconds
Request model_5#2039 arrives at 1605664.743009055, sleeping for 0.13972337311133742 seconds
Request model_5#2040 arrives at 1605664.883582384, sleeping for 0.22206123801879585 seconds
Request model_3#1607 arrives at 1605665.10683493, sleeping for 0.03022227017208934 seconds
Request model_2#1030 arrives at 1605665.137747203, sleeping for 0.13469236576929688 seconds
Request model_2#1031 arrives at 1605665.272736817, sleeping for 0.07193854334764183 seconds
Request model_5#2041 arrives at 1605665.345420941, sleeping for 0.028965764213353395 seconds
Request model_3#1608 arrives at 1605665.375089824, sleeping for 0.009985164040699601 seconds
Request model_4#795 arrives at 1605665.385907692, sleeping for 0 seconds
Request model_1#541 arrives at 1605665.386241645, sleeping for 0.14180233422666788 seconds
Request model_4#796 arrives at 1605665.528910582, sleeping for 0 seconds
Request model_5#2042 arrives at 1605665.529291845, sleeping for 0.07593595376238227 seconds
Request model_6#1104 arrives at 1605665.605791271, sleeping for 0.008853772189468145 seconds
Request model_3#1609 arrives at 1605665.616438398, sleeping for 0 seconds
Request model_6#1105 arrives at 1605665.6167504, sleeping for 0.016928403871133924 seconds
Request model_5#2043 arrives at 1605665.634452655, sleeping for 0.022777395555749536 seconds
Request model_2#1032 arrives at 1605665.658053718, sleeping for 0.03301716083660722 seconds
Request model_3#1610 arrives at 1605665.691718623, sleeping for 0.016926312120631337 seconds
Request model_5#2044 arrives at 1605665.709427618, sleeping for 0.0845994302071631 seconds
Request model_6#1106 arrives at 1605665.794763776, sleeping for 0.015355577925220132 seconds
Request model_2#1033 arrives at 1605665.810475864, sleeping for 0.025989628862589598 seconds
Request model_1#542 arrives at 1605665.838408983, sleeping for 0.001149710500612855 seconds
Request model_3#1611 arrives at 1605665.840569211, sleeping for 0.08757127937860787 seconds
Request model_3#1612 arrives at 1605665.929280406, sleeping for 0.006240731803700328 seconds
Request model_6#1107 arrives at 1605665.93585627, sleeping for 0.0709718728903681 seconds
Request model_6#1108 arrives at 1605666.008533654, sleeping for 0.12196093471720815 seconds
Request model_4#797 arrives at 1605666.131330478, sleeping for 0.0426936149597168 seconds
Request model_3#1613 arrives at 1605666.174173009, sleeping for 0.043924791971221566 seconds
Request model_6#1109 arrives at 1605666.218825224, sleeping for 0.00639292155392468 seconds
Request model_4#798 arrives at 1605666.225451468, sleeping for 0.11595229501836002 seconds
Request model_6#1110 arrives at 1605666.342234543, sleeping for 0.02527749422006309 seconds
Request model_2#1034 arrives at 1605666.367970113, sleeping for 0.1102760958019644 seconds
Request model_5#2045 arrives at 1605666.478725359, sleeping for 0.023705906001850963 seconds
Request model_3#1614 arrives at 1605666.504074856, sleeping for 0.113697097171098 seconds
Request model_2#1035 arrives at 1605666.618418362, sleeping for 0.003066633827984333 seconds
Request model_1#543 arrives at 1605666.622218283, sleeping for 0.12228908739052713 seconds
Request model_5#2046 arrives at 1605666.745150758, sleeping for 0 seconds
Request model_3#1615 arrives at 1605666.745512361, sleeping for 0.05140366172417998 seconds
Request model_4#799 arrives at 1605666.797402875, sleeping for 0.033650539349764585 seconds
Request model_4#800 arrives at 1605666.832058279, sleeping for 0.03406624658964574 seconds
Request model_1#544 arrives at 1605666.866709492, sleeping for 0.08717342838644981 seconds
Request model_5#2047 arrives at 1605666.954423949, sleeping for 0 seconds
Request model_3#1616 arrives at 1605666.954733101, sleeping for 0.0765085385646671 seconds
Request model_2#1036 arrives at 1605667.032158055, sleeping for 0 seconds
Request model_6#1111 arrives at 1605667.032494357, sleeping for 0.09228605031967163 seconds
Request model_5#2048 arrives at 1605667.125313257, sleeping for 0.011425146833062172 seconds
Request model_6#1112 arrives at 1605667.137778918, sleeping for 0.1411462789401412 seconds
Request model_3#1617 arrives at 1605667.279424517, sleeping for 0.1578605438116938 seconds
Request model_3#1618 arrives at 1605667.43880187, sleeping for 0.0861672752071172 seconds
Request model_5#2049 arrives at 1605667.526043403, sleeping for 0.12299235095269978 seconds
Request model_2#1037 arrives at 1605667.649700994, sleeping for 0.10157987312413752 seconds
Request model_1#545 arrives at 1605667.751690368, sleeping for 0.02723164134658873 seconds
Request model_2#1038 arrives at 1605667.779838128, sleeping for 0.05027836305089295 seconds
Request model_3#1619 arrives at 1605667.830826645, sleeping for 0.045477368868887424 seconds
Request model_6#1113 arrives at 1605667.878342534, sleeping for 0.09874172322452068 seconds
Request model_3#1620 arrives at 1605667.977406734, sleeping for 0.015133439097553492 seconds
Request model_2#1039 arrives at 1605667.993281514, sleeping for 0.05149252153933048 seconds
Request model_1#546 arrives at 1605668.045790703, sleeping for 0.018293718108907342 seconds
Request model_4#801 arrives at 1605668.065988489, sleeping for 0.0063074552454054356 seconds
Request model_6#1114 arrives at 1605668.072801284, sleeping for 0.03901799116283655 seconds
Request model_2#1040 arrives at 1605668.1126305, sleeping for 0.03430950688198209 seconds
Request model_3#1621 arrives at 1605668.147722327, sleeping for 0.043988890247419477 seconds
Request model_5#2050 arrives at 1605668.192360092, sleeping for 0.034998539136722684 seconds
Request model_4#802 arrives at 1605668.227870302, sleeping for 0.06176031497307122 seconds
Request model_5#2051 arrives at 1605668.290202512, sleeping for 0.028058158699423075 seconds
Request model_4#803 arrives at 1605668.318896046, sleeping for 0.09748953394591808 seconds
Request model_5#2052 arrives at 1605668.416627666, sleeping for 0.08145699230954051 seconds
Request model_5#2053 arrives at 1605668.498303253, sleeping for 0.00791518110781908 seconds
Request model_5#2054 arrives at 1605668.506972534, sleeping for 0.019945537438616157 seconds
Request model_5#2055 arrives at 1605668.527759154, sleeping for 0.05206853151321411 seconds
Request model_6#1115 arrives at 1605668.580577206, sleeping for 0.07514004176482558 seconds
Request model_3#1622 arrives at 1605668.656428097, sleeping for 0.06839835504069924 seconds
Request model_5#2056 arrives at 1605668.725104478, sleeping for 0.05713818990625441 seconds
Request model_6#1116 arrives at 1605668.7828443, sleeping for 0.07553302776068449 seconds
Request model_6#1117 arrives at 1605668.859493457, sleeping for 0.05603957176208496 seconds
Request model_3#1623 arrives at 1605668.916384492, sleeping for 0.006362249609082937 seconds
Request model_5#2057 arrives at 1605668.923116677, sleeping for 0.06008905312046409 seconds
Request model_5#2058 arrives at 1605668.983866744, sleeping for 0.04556594626046717 seconds
Request model_2#1041 arrives at 1605669.02997162, sleeping for 0.03732418757863343 seconds
Request model_4#804 arrives at 1605669.068351975, sleeping for 0.18311306508257985 seconds
Request model_4#805 arrives at 1605669.252096107, sleeping for 0.0013206710573285818 seconds
Request model_2#1042 arrives at 1605669.253896441, sleeping for 0.023067002650350332 seconds
Request model_3#1624 arrives at 1605669.277904918, sleeping for 0.11667620809748769 seconds
Request model_2#1043 arrives at 1605669.395232557, sleeping for 0.005115868290886283 seconds
Request model_4#806 arrives at 1605669.400976934, sleeping for 0.0012913404498249292 seconds
Request model_1#547 arrives at 1605669.402682828, sleeping for 0.05924551002681255 seconds
Request model_1#548 arrives at 1605669.463165043, sleeping for 0 seconds
Request model_5#2059 arrives at 1605669.463541066, sleeping for 0.10664845700375736 seconds
Request model_6#1118 arrives at 1605669.5704292, sleeping for 0.009013359202072024 seconds
Request model_1#549 arrives at 1605669.581133967, sleeping for 0.043554296949878335 seconds
Request model_3#1625 arrives at 1605669.626065824, sleeping for 0.06518957624211907 seconds
Request model_2#1044 arrives at 1605669.692441227, sleeping for 0.042519113747403026 seconds
Request model_2#1045 arrives at 1605669.736041964, sleeping for 0.0019496602471917868 seconds
Request model_6#1119 arrives at 1605669.738664355, sleeping for 0.011773511301726103 seconds
Request model_5#2060 arrives at 1605669.751178457, sleeping for 0.05585847538895905 seconds
Request model_3#1626 arrives at 1605669.80776881, sleeping for 0.0011029781308025122 seconds
Request model_5#2061 arrives at 1605669.80905639, sleeping for 0.01765428949147463 seconds
Request model_6#1120 arrives at 1605669.828634491, sleeping for 0.03137665521353483 seconds
Request model_5#2062 arrives at 1605669.860273949, sleeping for 0.029815597226843238 seconds
Request model_6#1121 arrives at 1605669.891097891, sleeping for 0.030790237011387944 seconds
Request model_4#807 arrives at 1605669.923049962, sleeping for 0.16993919503875077 seconds
Request model_5#2063 arrives at 1605670.093830449, sleeping for 0.0581437423825264 seconds
Request model_5#2064 arrives at 1605670.153070373, sleeping for 0.01977577805519104 seconds
Request model_3#1627 arrives at 1605670.173827693, sleeping for 0.04982689395546913 seconds
Request model_3#1628 arrives at 1605670.224706019, sleeping for 0.01436115917749703 seconds
Request model_2#1046 arrives at 1605670.239749052, sleeping for 0.0040590278804302216 seconds
Request model_4#808 arrives at 1605670.244528051, sleeping for 0.026372617110610008 seconds
Request model_5#2065 arrives at 1605670.271698513, sleeping for 0.0039821460377424955 seconds
Request model_5#2066 arrives at 1605670.276380691, sleeping for 0.07232694746926427 seconds
Request model_4#809 arrives at 1605670.350059054, sleeping for 0.01177650154568255 seconds
Request model_6#1122 arrives at 1605670.362761388, sleeping for 0.09633150696754456 seconds
Request model_3#1629 arrives at 1605670.459276686, sleeping for 0.021857823245227337 seconds
Request model_5#2067 arrives at 1605670.482004052, sleeping for 0.05044261319562793 seconds
Request model_5#2068 arrives at 1605670.532674787, sleeping for 0.03032533312216401 seconds
Request model_2#1047 arrives at 1605670.56369082, sleeping for 0.08408271288499236 seconds
Request model_2#1048 arrives at 1605670.648361172, sleeping for 0.13420309405773878 seconds
Request model_5#2069 arrives at 1605670.783296336, sleeping for 0.06912970379926264 seconds
Request model_3#1630 arrives at 1605670.853452009, sleeping for 0.020795795368030667 seconds
Request model_5#2070 arrives at 1605670.875104646, sleeping for 0.0004635083023458719 seconds
Request model_6#1123 arrives at 1605670.875666981, sleeping for 0.04048324911855161 seconds
Request model_6#1124 arrives at 1605670.916319443, sleeping for 0.13484218972735107 seconds
Request model_5#2071 arrives at 1605671.05172114, sleeping for 0.004245102638378739 seconds
Request model_2#1049 arrives at 1605671.056532209, sleeping for 0.015554334269836545 seconds
Request model_3#1631 arrives at 1605671.072326229, sleeping for 0.06179716298356652 seconds
Request model_1#550 arrives at 1605671.134334186, sleeping for 0.040705012157559395 seconds
Request model_3#1632 arrives at 1605671.175983926, sleeping for 0.03824764094315469 seconds
Request model_5#2072 arrives at 1605671.214713613, sleeping for 0.07639361126348376 seconds
Request model_6#1125 arrives at 1605671.292869331, sleeping for 0.028357529547065496 seconds
Request model_6#1126 arrives at 1605671.321788198, sleeping for 0.09194370917975903 seconds
Request model_2#1050 arrives at 1605671.414833259, sleeping for 0.018905238015577197 seconds
Request model_4#810 arrives at 1605671.433999465, sleeping for 0.010669007198885083 seconds
Request model_6#1127 arrives at 1605671.445794972, sleeping for 0.04413992608897388 seconds
Request model_2#1051 arrives at 1605671.490473377, sleeping for 0.07233861577697098 seconds
Request model_3#1633 arrives at 1605671.563376133, sleeping for 0.13831802480854094 seconds
Request model_4#811 arrives at 1605671.702336039, sleeping for 0.0031070488039404154 seconds
Request model_5#2073 arrives at 1605671.705951079, sleeping for 0.014062780188396573 seconds
Request model_3#1634 arrives at 1605671.720606598, sleeping for 0.0037889389786869287 seconds
Request model_4#812 arrives at 1605671.725196776, sleeping for 0.022862992947921157 seconds
Request model_5#2074 arrives at 1605671.748725708, sleeping for 0.048875237349420786 seconds
Request model_2#1052 arrives at 1605671.798453075, sleeping for 0.02201903914101422 seconds
Request model_3#1635 arrives at 1605671.82109158, sleeping for 0.0016278992407023907 seconds
Request model_3#1636 arrives at 1605671.824066504, sleeping for 0.024711333448067307 seconds
Request model_3#1637 arrives at 1605671.849781045, sleeping for 0.012845609337091446 seconds
Request model_4#813 arrives at 1605671.864360544, sleeping for 0.10174416634254158 seconds
Request model_3#1638 arrives at 1605671.966559859, sleeping for 0.01898738113231957 seconds
Request model_3#1639 arrives at 1605671.9862594, sleeping for 0.023727712221443653 seconds
Request model_4#814 arrives at 1605672.010928662, sleeping for 0.005641013849526644 seconds
Request model_4#815 arrives at 1605672.017577586, sleeping for 0.0010964826215058565 seconds
Request model_4#816 arrives at 1605672.019467381, sleeping for 0.0008684014901518822 seconds
Request model_5#2075 arrives at 1605672.021428228, sleeping for 0.006842044880613685 seconds
Request model_4#817 arrives at 1605672.029369953, sleeping for 0.17798339831642807 seconds
Request model_5#2076 arrives at 1605672.207879752, sleeping for 0.08466330263763666 seconds
Request model_3#1640 arrives at 1605672.293574253, sleeping for 0.04398452374152839 seconds
Request model_5#2077 arrives at 1605672.338222367, sleeping for 0.05319762811996043 seconds
Request model_6#1128 arrives at 1605672.392134738, sleeping for 0.10701656737364829 seconds
Request model_5#2078 arrives at 1605672.500292402, sleeping for 0.024791428120806813 seconds
Request model_5#2079 arrives at 1605672.525430708, sleeping for 0.06911166710779071 seconds
Request model_1#551 arrives at 1605672.594823685, sleeping for 0.07037224574014544 seconds
Request model_6#1129 arrives at 1605672.666164608, sleeping for 0.016702077351510525 seconds
Request model_4#818 arrives at 1605672.6834368, sleeping for 0.0501846200786531 seconds
Request model_3#1641 arrives at 1605672.734584918, sleeping for 0.0023583511356264353 seconds
Request model_3#1642 arrives at 1605672.737730953, sleeping for 0.007260242709890008 seconds
Request model_5#2080 arrives at 1605672.745496817, sleeping for 0.00996511778794229 seconds
Request model_4#819 arrives at 1605672.756343755, sleeping for 0.20854144729673862 seconds
Request model_6#1130 arrives at 1605672.966280191, sleeping for 0.01825305470265448 seconds
Request model_2#1053 arrives at 1605672.986698228, sleeping for 0.12162909167818725 seconds
Request model_4#820 arrives at 1605673.110580641, sleeping for 0.05927000776864588 seconds
Request model_2#1054 arrives at 1605673.172048174, sleeping for 0.00990659580565989 seconds
Request model_3#1643 arrives at 1605673.183007744, sleeping for 0.03129548719152808 seconds
Request model_6#1131 arrives at 1605673.214761533, sleeping for 0 seconds
Request model_2#1055 arrives at 1605673.215103026, sleeping for 0.021392554976046085 seconds
Request model_4#821 arrives at 1605673.237103315, sleeping for 0.016532791312783957 seconds
Request model_4#822 arrives at 1605673.253877153, sleeping for 0.010839492548257113 seconds
Request model_1#552 arrives at 1605673.265696919, sleeping for 0.016696835635229945 seconds
Request model_5#2081 arrives at 1605673.28412619, sleeping for 0.19972725166007876 seconds
Request model_3#1644 arrives at 1605673.484234356, sleeping for 0.026046812534332275 seconds
Request model_5#2082 arrives at 1605673.51054324, sleeping for 0.02274523605592549 seconds
Request model_5#2083 arrives at 1605673.533511708, sleeping for 0.043288076063618064 seconds
Request model_3#1645 arrives at 1605673.577854971, sleeping for 0.0565951494500041 seconds
Request model_1#553 arrives at 1605673.634972058, sleeping for 0.006792860338464379 seconds
Request model_4#823 arrives at 1605673.642053166, sleeping for 0.0346545793581754 seconds
Request model_5#2084 arrives at 1605673.677266964, sleeping for 0.02888543577864766 seconds
Request model_5#2085 arrives at 1605673.707612782, sleeping for 0.03353477502241731 seconds
Request model_4#824 arrives at 1605673.742290105, sleeping for 0.03396595409139991 seconds
Request model_3#1646 arrives at 1605673.777270161, sleeping for 0.03302222746424377 seconds
Request model_5#2086 arrives at 1605673.81140451, sleeping for 0 seconds
Request model_4#825 arrives at 1605673.811966654, sleeping for 0.059285169932991266 seconds
Request model_3#1647 arrives at 1605673.871725163, sleeping for 0.09816522477194667 seconds
Request model_6#1132 arrives at 1605673.970990945, sleeping for 0.004698405973613262 seconds
Request model_2#1056 arrives at 1605673.976873853, sleeping for 0.06709280726499856 seconds
Request model_3#1648 arrives at 1605674.044513145, sleeping for 0.09546186798252165 seconds
Request model_4#826 arrives at 1605674.140290998, sleeping for 0.05322831077501178 seconds
Request model_5#2087 arrives at 1605674.195800992, sleeping for 0.025926871923729777 seconds
Request model_6#1133 arrives at 1605674.222101477, sleeping for 0.047210329910740256 seconds
Request model_6#1134 arrives at 1605674.27018434, sleeping for 0.0008777391631156206 seconds
Request model_3#1649 arrives at 1605674.272164526, sleeping for 0.07022181339561939 seconds
Request model_5#2088 arrives at 1605674.343062026, sleeping for 0.0451754427049309 seconds
Request model_5#2089 arrives at 1605674.389207643, sleeping for 0.10964094172231853 seconds
Request model_4#827 arrives at 1605674.50013485, sleeping for 0.01231630751863122 seconds
Request model_5#2090 arrives at 1605674.513474739, sleeping for 0.03647333849221468 seconds
Request model_2#1057 arrives at 1605674.55039747, sleeping for 0.061053337063640356 seconds
Request model_3#1650 arrives at 1605674.611910313, sleeping for 0.04186916700564325 seconds
Request model_3#1651 arrives at 1605674.654464351, sleeping for 0.007333259796723723 seconds
Request model_2#1058 arrives at 1605674.662782119, sleeping for 0.0036269212141633034 seconds
Request model_5#2091 arrives at 1605674.667072904, sleeping for 0.003904338227584958 seconds
Request model_3#1652 arrives at 1605674.671850883, sleeping for 0.01463003410026431 seconds
Request model_3#1653 arrives at 1605674.687605572, sleeping for 0.002644499996677041 seconds
Request model_5#2092 arrives at 1605674.69105895, sleeping for 0.0017027673311531544 seconds
Request model_3#1654 arrives at 1605674.693408399, sleeping for 0.13981219241395593 seconds
Request model_5#2093 arrives at 1605674.834465932, sleeping for 0.029513409361243248 seconds
Request model_5#2094 arrives at 1605674.864947891, sleeping for 0.030645719962194562 seconds
Request model_6#1135 arrives at 1605674.896362588, sleeping for 0.13190617552027106 seconds
Request model_5#2095 arrives at 1605675.028808511, sleeping for 0.025223076110705733 seconds
Request model_3#1655 arrives at 1605675.055087846, sleeping for 0.06433988502249122 seconds
Request model_6#1136 arrives at 1605675.119744104, sleeping for 0.033256927970796824 seconds
Request model_2#1059 arrives at 1605675.153982604, sleeping for 0.03818991524167359 seconds
Request model_3#1656 arrives at 1605675.19264339, sleeping for 0.02943486301228404 seconds
Request model_5#2096 arrives at 1605675.223123049, sleeping for 0.022512995405122638 seconds
Request model_6#1137 arrives at 1605675.246567851, sleeping for 0.1156655855011195 seconds
Request model_3#1657 arrives at 1605675.363479086, sleeping for 0.08346505672670901 seconds
Request model_4#828 arrives at 1605675.447437953, sleeping for 0.04689863999374211 seconds
Request model_6#1138 arrives at 1605675.49486524, sleeping for 0.02246957109309733 seconds
Request model_3#1658 arrives at 1605675.517460785, sleeping for 0.06209254823625088 seconds
Request model_5#2097 arrives at 1605675.5804824, sleeping for 0.04355145082809031 seconds
Request model_3#1659 arrives at 1605675.624713222, sleeping for 0.0006765746511518955 seconds
Request model_5#2098 arrives at 1605675.626533337, sleeping for 0.030762708745896816 seconds
Request model_3#1660 arrives at 1605675.658361877, sleeping for 0.023961830884218216 seconds
Request model_2#1060 arrives at 1605675.683042968, sleeping for 0.09678722522221506 seconds
Request model_2#1061 arrives at 1605675.780967068, sleeping for 0.0074875084683299065 seconds
Request model_5#2099 arrives at 1605675.788683452, sleeping for 0.030071489280089736 seconds
Request model_5#2100 arrives at 1605675.819508144, sleeping for 0.18331941636279225 seconds
Request model_6#1139 arrives at 1605676.00373208, sleeping for 0.008011183701455593 seconds
Request model_3#1661 arrives at 1605676.012929955, sleeping for 0.02492182212881744 seconds
Request model_6#1140 arrives at 1605676.038800046, sleeping for 0.022987690288573503 seconds
Request model_6#1141 arrives at 1605676.062956563, sleeping for 0.1324315145611763 seconds
Request model_2#1062 arrives at 1605676.196625866, sleeping for 0.04060961841605604 seconds
Request model_5#2101 arrives at 1605676.237693302, sleeping for 0.004845400806516409 seconds
Request model_5#2102 arrives at 1605676.242927684, sleeping for 0.0037091101985424757 seconds
Request model_5#2103 arrives at 1605676.246750496, sleeping for 0.11100511392578483 seconds
Request model_5#2104 arrives at 1605676.358083236, sleeping for 0.07260851981118321 seconds
Request model_3#1662 arrives at 1605676.431086752, sleeping for 0.007909344043582678 seconds
Request model_5#2105 arrives at 1605676.43940969, sleeping for 0.07930160942487419 seconds
Request model_2#1063 arrives at 1605676.519776047, sleeping for 0.026837293291464448 seconds
Request model_6#1142 arrives at 1605676.547281492, sleeping for 0.021360728424042463 seconds
Request model_4#829 arrives at 1605676.569507163, sleeping for 0.12666450953111053 seconds
Request model_5#2106 arrives at 1605676.696544942, sleeping for 0.11635636212304235 seconds
Request model_3#1663 arrives at 1605676.813254245, sleeping for 0.04974795947782695 seconds
Request model_2#1064 arrives at 1605676.863230504, sleeping for 0.02208739728666842 seconds
Request model_5#2107 arrives at 1605676.887498353, sleeping for 0.132110906066373 seconds
Request model_3#1664 arrives at 1605677.020761792, sleeping for 0.2769039005506784 seconds
Request model_1#554 arrives at 1605677.299028016, sleeping for 0.06515707960352302 seconds
Request model_4#830 arrives at 1605677.365443508, sleeping for 0.04989841510541737 seconds
Request model_5#2108 arrives at 1605677.416058002, sleeping for 0.05122517258860171 seconds
Request model_3#1665 arrives at 1605677.468243398, sleeping for 0.03004168439656496 seconds
Request model_2#1065 arrives at 1605677.498808208, sleeping for 0.03838140284642577 seconds
Request model_4#831 arrives at 1605677.53815836, sleeping for 0.014866171637549996 seconds
Request model_4#832 arrives at 1605677.553368404, sleeping for 0.04509943607263267 seconds
Request model_3#1666 arrives at 1605677.599577692, sleeping for 0.054983815643936396 seconds
Request model_3#1667 arrives at 1605677.655847022, sleeping for 0.008750274311751127 seconds
Request model_2#1066 arrives at 1605677.665695072, sleeping for 0.014935387298464775 seconds
Request model_5#2109 arrives at 1605677.68251627, sleeping for 0.028025975916534662 seconds
Request model_3#1668 arrives at 1605677.711320635, sleeping for 0.27032712125219405 seconds
Request model_6#1143 arrives at 1605677.982585712, sleeping for 0.009375763824209571 seconds
Request model_5#2110 arrives at 1605677.993921695, sleeping for 0.09137913049198687 seconds
Request model_5#2111 arrives at 1605678.086132948, sleeping for 0.10292369220405817 seconds
Request model_3#1669 arrives at 1605678.189540013, sleeping for 0.07535281148739159 seconds
Request model_3#1670 arrives at 1605678.265552524, sleeping for 0.04378170217387378 seconds
Request model_3#1671 arrives at 1605678.31026019, sleeping for 0.012803314020857215 seconds
Request model_2#1067 arrives at 1605678.323306497, sleeping for 0.02654468873515725 seconds
Request model_1#555 arrives at 1605678.351382246, sleeping for 0.07832482433877885 seconds
Request model_1#556 arrives at 1605678.430014438, sleeping for 0.00669707590714097 seconds
Request model_3#1672 arrives at 1605678.437130386, sleeping for 0.025907597737386823 seconds
Request model_5#2112 arrives at 1605678.465232626, sleeping for 0.003044678596779704 seconds
Request model_4#833 arrives at 1605678.469009977, sleeping for 0.005245299311354756 seconds
Request model_5#2113 arrives at 1605678.479496433, sleeping for 0.028453291160985827 seconds
Request model_4#834 arrives at 1605678.508201127, sleeping for 0.024163879454135895 seconds
Request model_6#1144 arrives at 1605678.532903779, sleeping for 0.023147478699684143 seconds
Request model_5#2114 arrives at 1605678.556879265, sleeping for 0.06696637230925262 seconds
Request model_5#2115 arrives at 1605678.624168605, sleeping for 0.18782281945459545 seconds
Request model_2#1068 arrives at 1605678.813686814, sleeping for 0.014149227645248175 seconds
Request model_6#1145 arrives at 1605678.828342094, sleeping for 0.2638596440665424 seconds
Request model_2#1069 arrives at 1605679.093693502, sleeping for 0.010993832722306252 seconds
Request model_5#2116 arrives at 1605679.105566709, sleeping for 0.03495359281077981 seconds
Request model_6#1146 arrives at 1605679.142043687, sleeping for 0.003106936113908887 seconds
Request model_3#1673 arrives at 1605679.145745377, sleeping for 0.014698561280965805 seconds
Request model_3#1674 arrives at 1605679.161398235, sleeping for 0.054031262174248695 seconds
Request model_5#2117 arrives at 1605679.217265802, sleeping for 0.07098586903885007 seconds
Request model_3#1675 arrives at 1605679.290036906, sleeping for 0.039924052311107516 seconds
Request model_5#2118 arrives at 1605679.330248655, sleeping for 0.04999680840410292 seconds
Request model_3#1676 arrives at 1605679.380727948, sleeping for 0.07939766859635711 seconds
Request model_1#557 arrives at 1605679.461010834, sleeping for 0.10406831768341362 seconds
Request model_5#2119 arrives at 1605679.566765448, sleeping for 0.007837782148271799 seconds
Request model_5#2120 arrives at 1605679.57565767, sleeping for 0.054297866532579064 seconds
Request model_5#2121 arrives at 1605679.630568289, sleeping for 0.01698446972295642 seconds
Request model_5#2122 arrives at 1605679.648463705, sleeping for 0.08026796136982739 seconds
Request model_1#558 arrives at 1605679.729267666, sleeping for 0.0225005189422518 seconds
Request model_5#2123 arrives at 1605679.752029172, sleeping for 0.011511469027027488 seconds
Request model_2#1070 arrives at 1605679.764523564, sleeping for 0.0052234153263270855 seconds
Request model_5#2124 arrives at 1605679.77014682, sleeping for 0.012858057394623756 seconds
Request model_5#2125 arrives at 1605679.784729849, sleeping for 0.09187161060981452 seconds
Request model_2#1071 arrives at 1605679.877562528, sleeping for 0.04620458418503404 seconds
Request model_1#559 arrives at 1605679.924562371, sleeping for 0.007595353061333299 seconds
Request model_2#1072 arrives at 1605679.932696548, sleeping for 0.0003688780125230551 seconds
Request model_2#1073 arrives at 1605679.933452934, sleeping for 0.08672634209506214 seconds
Request model_5#2126 arrives at 1605680.022368341, sleeping for 0.01341451471671462 seconds
Request model_4#835 arrives at 1605680.036455756, sleeping for 0.14321976504288614 seconds
Request model_2#1074 arrives at 1605680.180228601, sleeping for 0.006628131959587336 seconds
Request model_4#836 arrives at 1605680.187954674, sleeping for 0.0025252096820622683 seconds
Request model_5#2127 arrives at 1605680.191595834, sleeping for 0.04876263812184334 seconds
Request model_5#2128 arrives at 1605680.240860146, sleeping for 0.055206844583153725 seconds
Request model_5#2129 arrives at 1605680.297156786, sleeping for 0.012436610646545887 seconds
Request model_1#560 arrives at 1605680.30985716, sleeping for 0.06360320094972849 seconds
Request model_2#1075 arrives at 1605680.373686602, sleeping for 0.015094521222636104 seconds
Request model_3#1677 arrives at 1605680.38940127, sleeping for 0.08477002126164734 seconds
Request model_6#1147 arrives at 1605680.474437765, sleeping for 0.04530346766114235 seconds
Request model_4#837 arrives at 1605680.520691613, sleeping for 0.015708198072388768 seconds
Request model_2#1076 arrives at 1605680.536807774, sleeping for 0.00935032032430172 seconds
Request model_2#1077 arrives at 1605680.547619483, sleeping for 0.014254403533414006 seconds
Request model_1#561 arrives at 1605680.562477164, sleeping for 0.09827586752362549 seconds
Request model_3#1678 arrives at 1605680.66103225, sleeping for 0.03801847342401743 seconds
Request model_3#1679 arrives at 1605680.699358973, sleeping for 0.011301034595817327 seconds
Request model_4#838 arrives at 1605680.711008808, sleeping for 0.04446281399577856 seconds
Request model_3#1680 arrives at 1605680.755643523, sleeping for 0.0871679037809372 seconds
Request model_6#1148 arrives at 1605680.843319889, sleeping for 0.025153808062896132 seconds
Request model_1#562 arrives at 1605680.869000739, sleeping for 0.02075532404705882 seconds
Request model_5#2130 arrives at 1605680.890620265, sleeping for 0.014009228209033608 seconds
Request model_5#2131 arrives at 1605680.90589159, sleeping for 0.09062506374903023 seconds
Request model_2#1078 arrives at 1605680.996907434, sleeping for 0.15208292729221284 seconds
Request model_3#1681 arrives at 1605681.149935014, sleeping for 0.019244735594838858 seconds
Request model_6#1149 arrives at 1605681.169707026, sleeping for 4.333909600973129e-05 seconds
Request model_5#2132 arrives at 1605681.17024009, sleeping for 0.10052321013063192 seconds
Request model_2#1079 arrives at 1605681.271312196, sleeping for 0.018224953208118677 seconds
Request model_5#2133 arrives at 1605681.291220929, sleeping for 0.01866670697927475 seconds
Request model_3#1682 arrives at 1605681.31093247, sleeping for 0.07099780812859535 seconds
Request model_2#1080 arrives at 1605681.382883048, sleeping for 0.038734297500923276 seconds
Request model_3#1683 arrives at 1605681.422573832, sleeping for 0.004577459767460823 seconds
Request model_5#2134 arrives at 1605681.428284969, sleeping for 0.005662384908646345 seconds
Request model_5#2135 arrives at 1605681.434714531, sleeping for 0.054051663260906935 seconds
Request model_3#1684 arrives at 1605681.489365848, sleeping for 0.02463504020124674 seconds
Request model_3#1685 arrives at 1605681.515092598, sleeping for 0.09602281986735761 seconds
Request model_5#2136 arrives at 1605681.612171461, sleeping for 0.1630625780671835 seconds
Request model_5#2137 arrives at 1605681.77604057, sleeping for 0.10603613290004432 seconds
Request model_2#1081 arrives at 1605681.88259044, sleeping for 0.0038967810105532408 seconds
Request model_2#1082 arrives at 1605681.887268249, sleeping for 0.0005231453105807304 seconds
Request model_5#2138 arrives at 1605681.888895972, sleeping for 0.06615921342745423 seconds
Request model_4#839 arrives at 1605681.956231752, sleeping for 0.14586875075474381 seconds
Request model_5#2139 arrives at 1605682.102487417, sleeping for 0.12786527699790895 seconds
Request model_6#1150 arrives at 1605682.230911867, sleeping for 0.038897390477359295 seconds
Request model_1#563 arrives at 1605682.270137097, sleeping for 0.13622543727979064 seconds
Request model_3#1686 arrives at 1605682.407346588, sleeping for 0.13393164495937526 seconds
Request model_5#2140 arrives at 1605682.542058389, sleeping for 0.13121358351781964 seconds
Request model_6#1151 arrives at 1605682.675205157, sleeping for 0.022060277871787548 seconds
Request model_3#1687 arrives at 1605682.697966602, sleeping for 0.040433927439153194 seconds
Request model_3#1688 arrives at 1605682.739450681, sleeping for 0.05474854097701609 seconds
Request model_6#1152 arrives at 1605682.795189327, sleeping for 0.1138391625136137 seconds
Request model_6#1153 arrives at 1605682.909925344, sleeping for 0.06814321712590754 seconds
Request model_6#1154 arrives at 1605682.978797017, sleeping for 0.08322877250611782 seconds
Request model_1#564 arrives at 1605683.06232513, sleeping for 0.1945930093061179 seconds
Request model_3#1689 arrives at 1605683.257994138, sleeping for 0.031422185245901346 seconds
Request model_5#2141 arrives at 1605683.290451253, sleeping for 0.01413689530454576 seconds
Request model_5#2142 arrives at 1605683.305459586, sleeping for 0.0021603808272629976 seconds
Request model_5#2143 arrives at 1605683.308363159, sleeping for 0.06250694650225341 seconds
Request model_5#2144 arrives at 1605683.371628347, sleeping for 0.024599918397143483 seconds
Request model_4#840 arrives at 1605683.396708191, sleeping for 0.019961720099672675 seconds
Request model_5#2145 arrives at 1605683.41732755, sleeping for 0.03946519363671541 seconds
Request model_5#2146 arrives at 1605683.457851471, sleeping for 0.029148323694244027 seconds
Request model_6#1155 arrives at 1605683.487918327, sleeping for 0.06231535575352609 seconds
Request model_2#1083 arrives at 1605683.550500988, sleeping for 0.02068139729090035 seconds
Request model_2#1084 arrives at 1605683.571653541, sleeping for 0.04954705806449056 seconds
Request model_5#2147 arrives at 1605683.621361207, sleeping for 0.05963243218138814 seconds
Request model_3#1690 arrives at 1605683.681302307, sleeping for 0.033508096588775516 seconds
Request model_4#841 arrives at 1605683.715913919, sleeping for 0.0017989750485867262 seconds
Request model_5#2148 arrives at 1605683.718603921, sleeping for 0.01820583059452474 seconds
Request model_5#2149 arrives at 1605683.738308342, sleeping for 0.022939080139622092 seconds
Request model_5#2150 arrives at 1605683.762135067, sleeping for 0 seconds
Request model_3#1691 arrives at 1605683.76250743, sleeping for 0.044211791129782796 seconds
Request model_5#2151 arrives at 1605683.807547178, sleeping for 0.09708837326616049 seconds
Request model_3#1692 arrives at 1605683.905134535, sleeping for 0.00828097085468471 seconds
Request model_2#1085 arrives at 1605683.913870697, sleeping for 0.1395358839072287 seconds
Request model_1#565 arrives at 1605684.053963871, sleeping for 0.11600852687843144 seconds
Request model_1#566 arrives at 1605684.170567443, sleeping for 0.017727217869833112 seconds
Request model_3#1693 arrives at 1605684.188580121, sleeping for 0.013092678505927324 seconds
Request model_3#1694 arrives at 1605684.203561083, sleeping for 0.04724790505133569 seconds
Request model_4#842 arrives at 1605684.251822027, sleeping for 0.020966329844668508 seconds
Request model_6#1156 arrives at 1605684.273671776, sleeping for 0.028450115583837032 seconds
Request model_3#1695 arrives at 1605684.302478121, sleeping for 0.08875088905915618 seconds
Request model_2#1086 arrives at 1605684.392113844, sleeping for 0.03625144460238516 seconds
Request model_5#2152 arrives at 1605684.430080214, sleeping for 0.020743734436109662 seconds
Request model_2#1087 arrives at 1605684.451468748, sleeping for 0.02076027635484934 seconds
Request model_1#567 arrives at 1605684.473160516, sleeping for 0 seconds
Request model_2#1088 arrives at 1605684.473492508, sleeping for 0 seconds
Request model_5#2153 arrives at 1605684.473787051, sleeping for 0.02555375569500029 seconds
Request model_3#1696 arrives at 1605684.500125856, sleeping for 0.021612809039652348 seconds
Request model_5#2154 arrives at 1605684.522155286, sleeping for 0.0016273795627057552 seconds
Request model_4#843 arrives at 1605684.524826358, sleeping for 0.005534208612516522 seconds
Request model_2#1089 arrives at 1605684.530622455, sleeping for 0.0016959472559392452 seconds
Request model_3#1697 arrives at 1605684.533414668, sleeping for 0.08657146478071809 seconds
Request model_3#1698 arrives at 1605684.620263127, sleeping for 0.006428235210478306 seconds
Request model_3#1699 arrives at 1605684.626910012, sleeping for 0.06488609104417264 seconds
Request model_5#2155 arrives at 1605684.692722069, sleeping for 0.036899294005706906 seconds
Request model_4#844 arrives at 1605684.730403897, sleeping for 0.010782218305394053 seconds
Request model_3#1700 arrives at 1605684.741967411, sleeping for 0.178862564265728 seconds
Request model_1#568 arrives at 1605684.921857011, sleeping for 0.026258518686518073 seconds
Request model_2#1090 arrives at 1605684.949154524, sleeping for 0.031468953005969524 seconds
Request model_5#2156 arrives at 1605684.98176505, sleeping for 0.024132983526214957 seconds
Request model_5#2157 arrives at 1605685.006707754, sleeping for 0.015040149912238121 seconds
Request model_5#2158 arrives at 1605685.022649645, sleeping for 0.011190991383045912 seconds
Request model_3#1701 arrives at 1605685.034610062, sleeping for 0 seconds
Request model_4#845 arrives at 1605685.035086866, sleeping for 0.07497857441194355 seconds
Request model_5#2159 arrives at 1605685.11024249, sleeping for 0.026070422027260065 seconds
Request model_1#569 arrives at 1605685.136664556, sleeping for 0.022998257540166378 seconds
Request model_3#1702 arrives at 1605685.16045877, sleeping for 0.03960770182311535 seconds
Request model_3#1703 arrives at 1605685.202137601, sleeping for 0.0013279854319989681 seconds
Request model_6#1157 arrives at 1605685.203817814, sleeping for 0.10814700089395046 seconds
Request model_4#846 arrives at 1605685.312570533, sleeping for 0.1017662261147052 seconds
Request model_5#2160 arrives at 1605685.415916477, sleeping for 0.012885305332019925 seconds
Request model_3#1704 arrives at 1605685.429156975, sleeping for 0.0758295338600874 seconds
Request model_5#2161 arrives at 1605685.505262727, sleeping for 0.000560790067538619 seconds
Request model_5#2162 arrives at 1605685.506053203, sleeping for 0.12285819347016513 seconds
Request model_2#1091 arrives at 1605685.629368741, sleeping for 0.021546069299802184 seconds
Request model_5#2163 arrives at 1605685.651695873, sleeping for 0.024298436474055052 seconds
Request model_3#1705 arrives at 1605685.676824248, sleeping for 0.05723497783765197 seconds
Request model_1#570 arrives at 1605685.734353268, sleeping for 0.01099761901423335 seconds
Request model_3#1706 arrives at 1605685.74560689, sleeping for 0.013988237362354994 seconds
Request model_2#1092 arrives at 1605685.760511992, sleeping for 0.10458346782252192 seconds
Request model_1#571 arrives at 1605685.866545658, sleeping for 0.02380178961902857 seconds
Request model_1#572 arrives at 1605685.890756316, sleeping for 0.039239232894033194 seconds
Request model_1#573 arrives at 1605685.930684672, sleeping for 0.00663821748457849 seconds
Request model_1#574 arrives at 1605685.937625699, sleeping for 0.004392977571114898 seconds
Request model_2#1093 arrives at 1605685.942897842, sleeping for 0.04414378781802952 seconds
Request model_2#1094 arrives at 1605685.988902668, sleeping for 0.030477729393169284 seconds
Request model_2#1095 arrives at 1605686.019601179, sleeping for 0.02418783027678728 seconds
Request model_4#847 arrives at 1605686.044748774, sleeping for 0.021872590063139796 seconds
Request model_5#2164 arrives at 1605686.067102637, sleeping for 0.012617082335054874 seconds
Request model_3#1707 arrives at 1605686.080451655, sleeping for 0.019484019372612238 seconds
Request model_5#2165 arrives at 1605686.100247057, sleeping for 0.074323725188151 seconds
Request model_3#1708 arrives at 1605686.176339179, sleeping for 0.008854012470692396 seconds
Request model_6#1158 arrives at 1605686.185430253, sleeping for 0.012019680580124259 seconds
Request model_6#1159 arrives at 1605686.198281448, sleeping for 0.12281078845262527 seconds
Request model_1#575 arrives at 1605686.32219142, sleeping for 0.04761911672540009 seconds
Request model_3#1709 arrives at 1605686.370062651, sleeping for 0.007694317726418376 seconds
Request model_2#1096 arrives at 1605686.378224868, sleeping for 0.01687606517225504 seconds
Request model_6#1160 arrives at 1605686.395283107, sleeping for 0.0330751312430948 seconds
Request model_5#2166 arrives at 1605686.429086524, sleeping for 0.009452505502849817 seconds
Request model_2#1097 arrives at 1605686.440297065, sleeping for 0.038282797671854496 seconds
Request model_2#1098 arrives at 1605686.478955711, sleeping for 0.007433977443724871 seconds
Request model_5#2167 arrives at 1605686.486989866, sleeping for 0.011773565551266074 seconds
Request model_6#1161 arrives at 1605686.499747201, sleeping for 0.026464459020644426 seconds
Request model_6#1162 arrives at 1605686.52782182, sleeping for 0.10725030046887696 seconds
Request model_5#2168 arrives at 1605686.635814202, sleeping for 0.017331335926428437 seconds
Request model_4#848 arrives at 1605686.653621418, sleeping for 0.03305731131695211 seconds
Request model_6#1163 arrives at 1605686.687776947, sleeping for 0.005039416952058673 seconds
Request model_1#576 arrives at 1605686.693447623, sleeping for 0.05867783585563302 seconds
Request model_5#2169 arrives at 1605686.752998259, sleeping for 0.015769421588629484 seconds
Request model_2#1099 arrives at 1605686.769027011, sleeping for 0.005719602573662996 seconds
Request model_3#1710 arrives at 1605686.77509333, sleeping for 0.1056604259647429 seconds
Request model_2#1100 arrives at 1605686.881118596, sleeping for 0.06396333128213882 seconds
Request model_3#1711 arrives at 1605686.946037686, sleeping for 0.06588099524378777 seconds
Request model_3#1712 arrives at 1605687.012195876, sleeping for 0.027000535745173693 seconds
Request model_6#1164 arrives at 1605687.039918733, sleeping for 2.1209241822361946e-05 seconds
Request model_3#1713 arrives at 1605687.040469238, sleeping for 0.02407882222905755 seconds
Request model_4#849 arrives at 1605687.065471412, sleeping for 0.015101791359484196 seconds
Request model_2#1101 arrives at 1605687.08122697, sleeping for 0.0012690108269453049 seconds
Request model_5#2170 arrives at 1605687.082905744, sleeping for 0.026387974619865417 seconds
Request model_6#1165 arrives at 1605687.110157197, sleeping for 0.006168493535369635 seconds
Request model_2#1102 arrives at 1605687.116958742, sleeping for 0.042772189946845174 seconds
Request model_3#1714 arrives at 1605687.16073186, sleeping for 0.009808130096644163 seconds
Request model_5#2171 arrives at 1605687.171403187, sleeping for 0.02400625334121287 seconds
Request model_4#850 arrives at 1605687.196392191, sleeping for 0.056035298155620694 seconds
Request model_5#2172 arrives at 1605687.252944983, sleeping for 0.211525056976825 seconds
Request model_5#2173 arrives at 1605687.465080886, sleeping for 0.012551146326586604 seconds
Request model_6#1166 arrives at 1605687.478410305, sleeping for 0.014855441870167851 seconds
Request model_5#2174 arrives at 1605687.494053902, sleeping for 0.00011731008999049664 seconds
Request model_5#2175 arrives at 1605687.494405445, sleeping for 0.09311087080277503 seconds
Request model_5#2176 arrives at 1605687.588766806, sleeping for 0.006012961966916919 seconds
Request model_3#1715 arrives at 1605687.595461591, sleeping for 0.005811931332573295 seconds
Request model_3#1716 arrives at 1605687.602267366, sleeping for 0.0440752322319895 seconds
Request model_6#1167 arrives at 1605687.647218554, sleeping for 0.09606110700406134 seconds
Request model_2#1103 arrives at 1605687.744423907, sleeping for 0.02860611234791577 seconds
Request model_4#851 arrives at 1605687.77415265, sleeping for 0.010545657481998205 seconds
Request model_6#1168 arrives at 1605687.78514923, sleeping for 0.01682985690422356 seconds
Request model_4#852 arrives at 1605687.802154789, sleeping for 0.16451028850860894 seconds
Request model_5#2177 arrives at 1605687.967127036, sleeping for 0.11478844960220158 seconds
Request model_3#1717 arrives at 1605688.082139826, sleeping for 0.08633770467713475 seconds
Request model_5#2178 arrives at 1605688.168932425, sleeping for 0.10226669535040855 seconds
Request model_3#1718 arrives at 1605688.271795505, sleeping for 0.0020480251405388117 seconds
Request model_2#1104 arrives at 1605688.274653488, sleeping for 0.0909792457241565 seconds
Request model_2#1105 arrives at 1605688.366404368, sleeping for 0.05776025354862213 seconds
Request model_3#1719 arrives at 1605688.424610713, sleeping for 0.049371456960216165 seconds
Request model_2#1106 arrives at 1605688.474592371, sleeping for 0.005433666054159403 seconds
Request model_3#1720 arrives at 1605688.48057966, sleeping for 0.013791596284136176 seconds
Request model_3#1721 arrives at 1605688.495468842, sleeping for 0.038183581084012985 seconds
Request model_4#853 arrives at 1605688.53445906, sleeping for 0.1072788538876921 seconds
Request model_5#2179 arrives at 1605688.642568143, sleeping for 0.04615514539182186 seconds
Request model_5#2180 arrives at 1605688.689297555, sleeping for 0.051819426007568836 seconds
Request model_3#1722 arrives at 1605688.741722773, sleeping for 0.034006464993581176 seconds
Request model_1#577 arrives at 1605688.776598858, sleeping for 0.0037899066228419542 seconds
Request model_2#1107 arrives at 1605688.781325536, sleeping for 0.0063506977166980505 seconds
Request model_3#1723 arrives at 1605688.788142482, sleeping for 0.024448966374620795 seconds
Request model_3#1724 arrives at 1605688.813329548, sleeping for 0.06635269476100802 seconds
Request model_3#1725 arrives at 1605688.879939762, sleeping for 0.03225355688482523 seconds
Request model_3#1726 arrives at 1605688.91275131, sleeping for 0.06314978236332536 seconds
Request model_6#1169 arrives at 1605688.976684192, sleeping for 0.11525159608572721 seconds
Request model_2#1108 arrives at 1605689.092331887, sleeping for 0.03298808983527124 seconds
Request model_2#1109 arrives at 1605689.126377175, sleeping for 0.22929411893710494 seconds
Request model_3#1727 arrives at 1605689.356408114, sleeping for 0.07104363269172609 seconds
Request model_5#2181 arrives at 1605689.42830369, sleeping for 0.004829006968066096 seconds
Request model_6#1170 arrives at 1605689.433308082, sleeping for 0.09529161499813199 seconds
Request model_3#1728 arrives at 1605689.528960513, sleeping for 0.09246485657058656 seconds
Request model_6#1171 arrives at 1605689.622516467, sleeping for 0.02177139511331916 seconds
Request model_5#2182 arrives at 1605689.644819089, sleeping for 0.05153033905662596 seconds
Request model_6#1172 arrives at 1605689.696492101, sleeping for 0.0002454363275319338 seconds
Request model_5#2183 arrives at 1605689.696950895, sleeping for 0.006522526033222675 seconds
Request model_3#1729 arrives at 1605689.703645249, sleeping for 0.007675450062379241 seconds
Request model_5#2184 arrives at 1605689.7122593, sleeping for 0.018789288587868214 seconds
Request model_2#1110 arrives at 1605689.73186556, sleeping for 0.04434171295724809 seconds
Request model_5#2185 arrives at 1605689.776658076, sleeping for 0.009633724810555577 seconds
Request model_5#2186 arrives at 1605689.787339223, sleeping for 0.0034478800371289253 seconds
Request model_1#578 arrives at 1605689.790974613, sleeping for 0.003222088562324643 seconds
Request model_5#2187 arrives at 1605689.794638032, sleeping for 0.12262517446652055 seconds
Request model_6#1173 arrives at 1605689.918368023, sleeping for 0.06299593602307141 seconds
Request model_5#2188 arrives at 1605689.981829541, sleeping for 0.003055197186768055 seconds
Request model_4#854 arrives at 1605689.985565752, sleeping for 0.007232035277411342 seconds
Request model_5#2189 arrives at 1605689.993268675, sleeping for 0.02558112400583923 seconds
Request model_5#2190 arrives at 1605690.019051295, sleeping for 0.005461377324536443 seconds
Request model_3#1730 arrives at 1605690.024814562, sleeping for 0.017993310932070017 seconds
Request model_4#855 arrives at 1605690.044846186, sleeping for 0.009119166759774089 seconds
Request model_3#1731 arrives at 1605690.055530673, sleeping for 0.030946158338338137 seconds
Request model_1#579 arrives at 1605690.087216532, sleeping for 0.03180118650197983 seconds
Request model_3#1732 arrives at 1605690.119892239, sleeping for 0.05831388826481998 seconds
Request model_4#856 arrives at 1605690.178573958, sleeping for 0.012142541818320751 seconds
Request model_4#857 arrives at 1605690.191388303, sleeping for 0.05982600757852197 seconds
Request model_5#2191 arrives at 1605690.252058528, sleeping for 0.048295779852196574 seconds
Request model_6#1174 arrives at 1605690.301436022, sleeping for 0.060181188862770796 seconds
Request model_3#1733 arrives at 1605690.361845395, sleeping for 0.16057313419878483 seconds
Request model_6#1175 arrives at 1605690.524240181, sleeping for 0.06140482425689697 seconds
Request model_2#1111 arrives at 1605690.586944593, sleeping for 0.055667278124019504 seconds
Request model_2#1112 arrives at 1605690.643604436, sleeping for 0.09187642158940434 seconds
Request model_5#2192 arrives at 1605690.736083291, sleeping for 0.0480203393381089 seconds
Request model_2#1113 arrives at 1605690.784698158, sleeping for 0.09662904567085207 seconds
Request model_1#580 arrives at 1605690.88170713, sleeping for 0.054308239137753844 seconds
Request model_5#2193 arrives at 1605690.936550908, sleeping for 0.016756717581301928 seconds
Request model_5#2194 arrives at 1605690.953793099, sleeping for 0.02288130158558488 seconds
Request model_5#2195 arrives at 1605690.977475743, sleeping for 0.016024003503844142 seconds
Request model_2#1114 arrives at 1605690.995622521, sleeping for 0.016042612958699465 seconds
Request model_3#1734 arrives at 1605691.012745431, sleeping for 0.0034431396052241325 seconds
Request model_5#2196 arrives at 1605691.016532052, sleeping for 0.09438796993345022 seconds
Request model_1#581 arrives at 1605691.111123854, sleeping for 0.029693743214011192 seconds
Request model_2#1115 arrives at 1605691.141003838, sleeping for 0.09219429641962051 seconds
Request model_4#858 arrives at 1605691.233653445, sleeping for 0.03413602663204074 seconds
Request model_4#859 arrives at 1605691.268072716, sleeping for 0.04280060459859669 seconds
Request model_5#2197 arrives at 1605691.311653562, sleeping for 0.0066961541306227446 seconds
Request model_5#2198 arrives at 1605691.319141533, sleeping for 0.0022953806910663843 seconds
Request model_4#860 arrives at 1605691.321743664, sleeping for 0.0702772990334779 seconds
Request model_6#1176 arrives at 1605691.39231598, sleeping for 0.022228079149499536 seconds
Request model_6#1177 arrives at 1605691.41549237, sleeping for 0.09891431243158877 seconds
Request model_3#1735 arrives at 1605691.515218524, sleeping for 0.09637450077570975 seconds
Request model_5#2199 arrives at 1605691.612935662, sleeping for 0.05128362635150552 seconds
Request model_3#1736 arrives at 1605691.665252449, sleeping for 0.1574804198462516 seconds
Request model_5#2200 arrives at 1605691.823462101, sleeping for 0.0861098903696984 seconds
Request model_6#1178 arrives at 1605691.910379101, sleeping for 0.04005358717404306 seconds
Request model_3#1737 arrives at 1605691.950792851, sleeping for 0.06634784513153136 seconds
Request model_5#2201 arrives at 1605692.017689807, sleeping for 0.02731101564131677 seconds
Request model_5#2202 arrives at 1605692.045307053, sleeping for 0.003061393043026328 seconds
Request model_6#1179 arrives at 1605692.048910803, sleeping for 0.10577381169423461 seconds
Request model_5#2203 arrives at 1605692.155616424, sleeping for 0.15770859480835497 seconds
Request model_2#1116 arrives at 1605692.314158708, sleeping for 0.006025501759722829 seconds
Request model_1#582 arrives at 1605692.320974254, sleeping for 0.1291078666690737 seconds
Request model_5#2204 arrives at 1605692.450662973, sleeping for 0.005881366087123752 seconds
Request model_2#1117 arrives at 1605692.45762401, sleeping for 0.035998595179989934 seconds
Request model_5#2205 arrives at 1605692.495291617, sleeping for 0.041480391286313534 seconds
Request model_4#861 arrives at 1605692.536976038, sleeping for 0.08046304224990308 seconds
Request model_3#1738 arrives at 1605692.617830518, sleeping for 0.012595680309459567 seconds
Request model_6#1180 arrives at 1605692.632458218, sleeping for 0.0411629406735301 seconds
Request model_5#2206 arrives at 1605692.674592702, sleeping for 0.02653360483236611 seconds
Request model_3#1739 arrives at 1605692.702292778, sleeping for 0.06733147567138076 seconds
Request model_5#2207 arrives at 1605692.771353342, sleeping for 0.0008684387430548668 seconds
Request model_5#2208 arrives at 1605692.77232088, sleeping for 0.0362832595128566 seconds
Request model_2#1118 arrives at 1605692.810199059, sleeping for 0.134676453191787 seconds
Request model_3#1740 arrives at 1605692.945990058, sleeping for 0.03224451141431928 seconds
Request model_5#2209 arrives at 1605692.979208769, sleeping for 0.07987277745269239 seconds
Request model_4#862 arrives at 1605693.059832397, sleeping for 0.11611407599411905 seconds
Request model_2#1119 arrives at 1605693.176617541, sleeping for 0.15240377304144204 seconds
Request model_3#1741 arrives at 1605693.329753811, sleeping for 0.08371242578141391 seconds
Request model_4#863 arrives at 1605693.413715387, sleeping for 0.0194620992988348 seconds
Request model_3#1742 arrives at 1605693.433580629, sleeping for 0.008574591018259525 seconds
Request model_5#2210 arrives at 1605693.442495662, sleeping for 0.11556907487101853 seconds
Request model_5#2211 arrives at 1605693.559221275, sleeping for 0.10225583659484982 seconds
Request model_3#1743 arrives at 1605693.661737632, sleeping for 0.039787367917597294 seconds
Request model_5#2212 arrives at 1605693.702593396, sleeping for 0.1600384193006903 seconds
Request model_5#2213 arrives at 1605693.864163695, sleeping for 0.059343955712392926 seconds
Request model_5#2214 arrives at 1605693.925603887, sleeping for 0.00011736899614334106 seconds
Request model_3#1744 arrives at 1605693.926535254, sleeping for 0 seconds
Request model_3#1745 arrives at 1605693.927042488, sleeping for 0.05930155888199806 seconds
Request model_1#583 arrives at 1605693.987309281, sleeping for 0.12576084723696113 seconds
Request model_2#1120 arrives at 1605694.113508601, sleeping for 0.0697275314014405 seconds
Request model_5#2215 arrives at 1605694.183795785, sleeping for 0.0959672152530402 seconds
Request model_6#1181 arrives at 1605694.281292311, sleeping for 0.04803771572187543 seconds
Request model_3#1746 arrives at 1605694.330408412, sleeping for 0.13742433534935117 seconds
Request model_3#1747 arrives at 1605694.46984225, sleeping for 0.023474956629797816 seconds
Request model_2#1121 arrives at 1605694.494611283, sleeping for 0.08690425311215222 seconds
Request model_5#2216 arrives at 1605694.581949476, sleeping for 0.08398568606935441 seconds
Request model_5#2217 arrives at 1605694.666388895, sleeping for 0.046015380416065454 seconds
Request model_3#1748 arrives at 1605694.713729602, sleeping for 0.012873641215264797 seconds
Request model_3#1749 arrives at 1605694.727152612, sleeping for 0.02172613493166864 seconds
Request model_5#2218 arrives at 1605694.749348973, sleeping for 0.13235247414559126 seconds
Request model_3#1750 arrives at 1605694.882600101, sleeping for 0.032552223186939955 seconds
Request model_5#2219 arrives at 1605694.916212955, sleeping for 0.13129666284658015 seconds
Request model_5#2220 arrives at 1605695.047980701, sleeping for 0.03603395214304328 seconds
Request model_3#1751 arrives at 1605695.086173023, sleeping for 0.06813047174364328 seconds
Request model_1#584 arrives at 1605695.154766153, sleeping for 0.013511702651157975 seconds
Request model_3#1752 arrives at 1605695.170008207, sleeping for 0.08011727733537555 seconds
Request model_3#1753 arrives at 1605695.251051769, sleeping for 0.08420080412179232 seconds
Request model_6#1182 arrives at 1605695.335937582, sleeping for 0.06500919535756111 seconds
Request model_5#2221 arrives at 1605695.402188133, sleeping for 0 seconds
Request model_2#1122 arrives at 1605695.402787508, sleeping for 0.05565402144566178 seconds
Request model_5#2222 arrives at 1605695.45931774, sleeping for 0.034470730694010854 seconds
Request model_5#2223 arrives at 1605695.494656938, sleeping for 0.19170563551597297 seconds
Request model_3#1754 arrives at 1605695.687546203, sleeping for 0.0133037434425205 seconds
Request model_1#585 arrives at 1605695.702406634, sleeping for 0.007110470440238714 seconds
Request model_5#2224 arrives at 1605695.710227378, sleeping for 0.05614763195626438 seconds
Request model_3#1755 arrives at 1605695.766953901, sleeping for 0.01599342213012278 seconds
Request model_4#864 arrives at 1605695.783441636, sleeping for 0.027936477912589908 seconds
Request model_6#1183 arrives at 1605695.812189111, sleeping for 0.059474080335348845 seconds
Request model_6#1184 arrives at 1605695.872775425, sleeping for 0.008534474298357964 seconds
Request model_1#586 arrives at 1605695.881478156, sleeping for 0.007224812870845199 seconds
Request model_5#2225 arrives at 1605695.88926277, sleeping for 0.02397872577421367 seconds
Request model_6#1185 arrives at 1605695.914050732, sleeping for 0.02963446592912078 seconds
Request model_6#1186 arrives at 1605695.944615532, sleeping for 0.03079315205104649 seconds
Request model_6#1187 arrives at 1605695.975993988, sleeping for 0.08819192368537188 seconds
Request model_3#1756 arrives at 1605696.066329795, sleeping for 0.12713257828727365 seconds
Request model_2#1123 arrives at 1605696.193687845, sleeping for 0.0005212512332946062 seconds
Request model_5#2226 arrives at 1605696.19435416, sleeping for 0.050532950554043055 seconds
Request model_2#1124 arrives at 1605696.245894631, sleeping for 0.039467656752094626 seconds
Request model_3#1757 arrives at 1605696.285798657, sleeping for 0.015048011438921094 seconds
Request model_2#1125 arrives at 1605696.301662887, sleeping for 0.13647433533333242 seconds
Request model_2#1126 arrives at 1605696.438376303, sleeping for 0.005435663508251309 seconds
Request model_4#865 arrives at 1605696.44407979, sleeping for 0.00984448054805398 seconds
Request model_5#2227 arrives at 1605696.454998479, sleeping for 0.026395871303975582 seconds
Request model_3#1758 arrives at 1605696.482003979, sleeping for 0.04175636870786548 seconds
Request model_2#1127 arrives at 1605696.524867709, sleeping for 0.003491793991997838 seconds
Request model_1#587 arrives at 1605696.528547439, sleeping for 0.05075449054129422 seconds
Request model_6#1188 arrives at 1605696.580237711, sleeping for 0.10491156508214772 seconds
Request model_4#866 arrives at 1605696.687029703, sleeping for 0.07234501512721181 seconds
Request model_4#867 arrives at 1605696.760933066, sleeping for 0.045931610045954585 seconds
Request model_2#1128 arrives at 1605696.807526997, sleeping for 0.0842910585924983 seconds
Request model_6#1189 arrives at 1605696.892059187, sleeping for 0.04316997015848756 seconds
Request model_2#1129 arrives at 1605696.935737444, sleeping for 0.07665933878161013 seconds
Request model_6#1190 arrives at 1605697.013037074, sleeping for 0.12005559052340686 seconds
Request model_3#1759 arrives at 1605697.133454878, sleeping for 0.01252855802886188 seconds
Request model_6#1191 arrives at 1605697.146161831, sleeping for 0.1217931134160608 seconds
Request model_1#588 arrives at 1605697.268419859, sleeping for 0.017872228752821684 seconds
Request model_6#1192 arrives at 1605697.286814349, sleeping for 0.055863655637949705 seconds
Request model_3#1760 arrives at 1605697.343125649, sleeping for 0.02704026224091649 seconds
Request model_3#1761 arrives at 1605697.370839936, sleeping for 0.0036702461075037718 seconds
Request model_4#868 arrives at 1605697.374990489, sleeping for 0.426428402075544 seconds
Request model_4#869 arrives at 1605697.802210267, sleeping for 0.06730764266103506 seconds
Request model_6#1193 arrives at 1605697.870506925, sleeping for 0.025339515879750252 seconds
Request model_6#1194 arrives at 1605697.896599838, sleeping for 0.01072372100315988 seconds
Request model_3#1762 arrives at 1605697.907731018, sleeping for 0.040595449740067124 seconds
Request model_4#870 arrives at 1605697.949422529, sleeping for 0.005800612270832062 seconds
Request model_6#1195 arrives at 1605697.955546969, sleeping for 0.08577044168487191 seconds
Request model_5#2228 arrives at 1605698.041959614, sleeping for 0.09589034062810242 seconds
Request model_1#589 arrives at 1605698.138699904, sleeping for 0.010377672966569662 seconds
Request model_3#1763 arrives at 1605698.149434382, sleeping for 0.008474363945424557 seconds
Request model_5#2229 arrives at 1605698.158118612, sleeping for 0.019805825781077147 seconds
Request model_4#871 arrives at 1605698.178909642, sleeping for 0.06612168019637465 seconds
Request model_4#872 arrives at 1605698.245367265, sleeping for 0.008837256347760558 seconds
Request model_4#873 arrives at 1605698.256104773, sleeping for 0.03968442836776376 seconds
Request model_5#2230 arrives at 1605698.296749824, sleeping for 0.03480149479582906 seconds
Request model_2#1130 arrives at 1605698.332423506, sleeping for 0.0426556000020355 seconds
Request model_5#2231 arrives at 1605698.37590208, sleeping for 0.08691791910678148 seconds
Request model_5#2232 arrives at 1605698.464233592, sleeping for 0.08976312493905425 seconds
Request model_6#1196 arrives at 1605698.554631769, sleeping for 0.017131389351561666 seconds
Request model_6#1197 arrives at 1605698.572265273, sleeping for 0.05143453204073012 seconds
Request model_2#1131 arrives at 1605698.624089406, sleeping for 0.029118405422195792 seconds
Request model_3#1764 arrives at 1605698.653592657, sleeping for 0.0025170750450342894 seconds
Request model_3#1765 arrives at 1605698.656273459, sleeping for 0.057839881628751755 seconds
Request model_3#1766 arrives at 1605698.714955768, sleeping for 0.0015607064124196768 seconds
Request model_1#590 arrives at 1605698.716718513, sleeping for 0.02826249459758401 seconds
Request model_1#591 arrives at 1605698.745431067, sleeping for 0.16601138724945486 seconds
Request model_6#1198 arrives at 1605698.912303989, sleeping for 0.04632464749738574 seconds
Request model_2#1132 arrives at 1605698.959078531, sleeping for 0.005911309504881501 seconds
Request model_3#1767 arrives at 1605698.965390862, sleeping for 0.0036335294134914875 seconds
Request model_5#2233 arrives at 1605698.969274724, sleeping for 0.014879229944199324 seconds
Request model_6#1199 arrives at 1605698.985065533, sleeping for 0.01493665250018239 seconds
Request model_6#1200 arrives at 1605699.000994443, sleeping for 0.12857325305230916 seconds
Request model_5#2234 arrives at 1605699.131809671, sleeping for 0.017840914661064744 seconds
Request model_1#592 arrives at 1605699.150195731, sleeping for 0.02058820682577789 seconds
Request model_3#1768 arrives at 1605699.171917878, sleeping for 0.009090041508898139 seconds
Request model_3#1769 arrives at 1605699.181338476, sleeping for 0.022635335568338633 seconds
Request model_3#1770 arrives at 1605699.204682956, sleeping for 0.11084423074498773 seconds
Request model_5#2235 arrives at 1605699.316026575, sleeping for 0.03897643811069429 seconds
Request model_3#1771 arrives at 1605699.355740079, sleeping for 0.020141181303188205 seconds
Request model_3#1772 arrives at 1605699.376215176, sleeping for 0.046148656168952584 seconds
Request model_2#1133 arrives at 1605699.423471762, sleeping for 0.01131582516245544 seconds
Request model_5#2236 arrives at 1605699.435387419, sleeping for 0.04331481363624334 seconds
Request model_3#1773 arrives at 1605699.479245377, sleeping for 0.04806082556024194 seconds
Request model_5#2237 arrives at 1605699.527921185, sleeping for 0.02275167591869831 seconds
Request model_5#2238 arrives at 1605699.551288125, sleeping for 0.13059339579194784 seconds
Request model_5#2239 arrives at 1605699.682538927, sleeping for 0.05976092838682234 seconds
Request model_6#1201 arrives at 1605699.743444564, sleeping for 0.1060886955820024 seconds
Request model_6#1202 arrives at 1605699.851666197, sleeping for 0.03426820319145918 seconds
Request model_6#1203 arrives at 1605699.886655113, sleeping for 0.007113968022167683 seconds
Request model_5#2240 arrives at 1605699.894230715, sleeping for 0.06431110901758075 seconds
Request model_5#2241 arrives at 1605699.959193665, sleeping for 0.009273591917008162 seconds
Request model_3#1774 arrives at 1605699.969922992, sleeping for 0.009460779139772058 seconds
Request model_1#593 arrives at 1605699.980299467, sleeping for 0.0035012452863156796 seconds
Request model_3#1775 arrives at 1605699.984019147, sleeping for 0.12993799755349755 seconds
Request model_5#2242 arrives at 1605700.114965296, sleeping for 0.10154864611104131 seconds
Request model_6#1204 arrives at 1605700.217051329, sleeping for 0 seconds
Request model_1#594 arrives at 1605700.217446313, sleeping for 0.07118569081649184 seconds
Request model_1#595 arrives at 1605700.290336778, sleeping for 0.03358593420125544 seconds
Request model_5#2243 arrives at 1605700.324361455, sleeping for 0.011103789089247584 seconds
Request model_1#596 arrives at 1605700.33599966, sleeping for 0.14793365355581045 seconds
Request model_5#2244 arrives at 1605700.484770105, sleeping for 0.025559959700331092 seconds
Request model_5#2245 arrives at 1605700.512460251, sleeping for 0.12715756753459573 seconds
Request model_1#597 arrives at 1605700.640183043, sleeping for 0.01224423199892044 seconds
Request model_6#1205 arrives at 1605700.652907857, sleeping for 0.1131618448998779 seconds
Request model_3#1776 arrives at 1605700.76721574, sleeping for 0.06355060287751257 seconds
Request model_3#1777 arrives at 1605700.831275423, sleeping for 0.09810087434016168 seconds
Request model_2#1134 arrives at 1605700.929660046, sleeping for 0.009161156602203846 seconds
Request model_3#1778 arrives at 1605700.940511624, sleeping for 0.004394926829263568 seconds
Request model_5#2246 arrives at 1605700.945242953, sleeping for 0.030143010895699263 seconds
Request model_5#2247 arrives at 1605700.976159046, sleeping for 0.022320172283798456 seconds
Request model_6#1206 arrives at 1605700.99873342, sleeping for 0.09809175413101912 seconds
Request model_2#1135 arrives at 1605701.097026163, sleeping for 0.07440456631593406 seconds
Request model_4#874 arrives at 1605701.172394508, sleeping for 0.09257828444242477 seconds
Request model_4#875 arrives at 1605701.265515868, sleeping for 0.07037491723895073 seconds
Request model_3#1779 arrives at 1605701.336189794, sleeping for 0.05272043775767088 seconds
Request model_5#2248 arrives at 1605701.389219917, sleeping for 0.15904029388912022 seconds
Request model_2#1136 arrives at 1605701.549166893, sleeping for 0.04071412258781493 seconds
Request model_3#1780 arrives at 1605701.592022162, sleeping for 0.051236949395388365 seconds
Request model_5#2249 arrives at 1605701.643431982, sleeping for 0.0014822946395725012 seconds
Request model_4#876 arrives at 1605701.645181046, sleeping for 0.011175291379913688 seconds
Request model_3#1781 arrives at 1605701.656738101, sleeping for 0.018519764067605138 seconds
Request model_5#2250 arrives at 1605701.676362261, sleeping for 0.03836820041760802 seconds
Request model_1#598 arrives at 1605701.715170438, sleeping for 0.03247465123422444 seconds
Request model_3#1782 arrives at 1605701.748069366, sleeping for 0.09381116577424109 seconds
Request model_5#2251 arrives at 1605701.842467236, sleeping for 0.057038052938878536 seconds
Request model_5#2252 arrives at 1605701.900650641, sleeping for 0.04740383895114064 seconds
Request model_3#1783 arrives at 1605701.948723114, sleeping for 0.03000496979802847 seconds
Request model_5#2253 arrives at 1605701.979203982, sleeping for 0.01101145101711154 seconds
Request model_4#877 arrives at 1605701.991370572, sleeping for 0.006739472504705191 seconds
Request model_6#1207 arrives at 1605701.99854103, sleeping for 0 seconds
Request model_5#2254 arrives at 1605701.998951213, sleeping for 0.0264188835863024 seconds
Request model_4#878 arrives at 1605702.026822471, sleeping for 0.1146642891690135 seconds
Request model_4#879 arrives at 1605702.142717097, sleeping for 0.0074437393341213465 seconds
Request model_2#1137 arrives at 1605702.150676912, sleeping for 0.0018259822390973568 seconds
Request model_5#2255 arrives at 1605702.153434044, sleeping for 0.19835897651501 seconds
Request model_6#1208 arrives at 1605702.352432539, sleeping for 0.08289996278472245 seconds
Request model_3#1784 arrives at 1605702.436315833, sleeping for 0.02317194128409028 seconds
Request model_5#2256 arrives at 1605702.460298639, sleeping for 0.01729364483617246 seconds
Request model_5#2257 arrives at 1605702.478522488, sleeping for 0.0309775082860142 seconds
Request model_2#1138 arrives at 1605702.51062508, sleeping for 0.0023518288508057594 seconds
Request model_6#1209 arrives at 1605702.513762566, sleeping for 0.09105384745635092 seconds
Request model_5#2258 arrives at 1605702.605888337, sleeping for 0 seconds
Request model_1#599 arrives at 1605702.606604533, sleeping for 0.027020673966035247 seconds
Request model_6#1210 arrives at 1605702.634720792, sleeping for 0.03530412819236517 seconds
Request model_1#600 arrives at 1605702.671332892, sleeping for 0.04310446325689554 seconds
Request model_3#1785 arrives at 1605702.715505672, sleeping for 0.057242435635998845 seconds
Request model_2#1139 arrives at 1605702.773691117, sleeping for 0.04746334021911025 seconds
Request model_6#1211 arrives at 1605702.821677329, sleeping for 0.001627297606319189 seconds
Request model_5#2259 arrives at 1605702.824437741, sleeping for 0.009703638264909387 seconds
Request model_5#2260 arrives at 1605702.835097518, sleeping for 0.08845371170900762 seconds
Request model_5#2261 arrives at 1605702.923749012, sleeping for 0.065374662168324 seconds
Request model_1#601 arrives at 1605702.989451668, sleeping for 0.026857095770537853 seconds
Request model_2#1140 arrives at 1605703.017196904, sleeping for 0.030379585223272443 seconds
Request model_5#2262 arrives at 1605703.047772343, sleeping for 0.007316909497603774 seconds
Request model_5#2263 arrives at 1605703.055350896, sleeping for 0.08348595234565437 seconds
Request model_5#2264 arrives at 1605703.139646884, sleeping for 0.03361758589744568 seconds
Request model_5#2265 arrives at 1605703.174370007, sleeping for 0.056958617409691215 seconds
Request model_4#880 arrives at 1605703.232088828, sleeping for 0.00256914459168911 seconds
Request model_2#1141 arrives at 1605703.235750168, sleeping for 0.12506347405724227 seconds
Request model_2#1142 arrives at 1605703.361588795, sleeping for 0.04268815694376826 seconds
Request model_3#1786 arrives at 1605703.405458793, sleeping for 0.12660732911899686 seconds
Request model_3#1787 arrives at 1605703.533142495, sleeping for 0.07028056215494871 seconds
Request model_5#2266 arrives at 1605703.604052914, sleeping for 0.0039026120211929083 seconds
Request model_4#881 arrives at 1605703.608908523, sleeping for 0.09824848338030279 seconds
Request model_5#2267 arrives at 1605703.708129353, sleeping for 0 seconds
Request model_3#1788 arrives at 1605703.708528516, sleeping for 0.17372216959483922 seconds
Request model_4#882 arrives at 1605703.883390613, sleeping for 0.1393359776120633 seconds
Request model_1#602 arrives at 1605704.023210934, sleeping for 0.061637312173843384 seconds
Request model_1#603 arrives at 1605704.085260221, sleeping for 0.04520130390301347 seconds
Request model_5#2268 arrives at 1605704.130847713, sleeping for 0.1463419022038579 seconds
Request model_4#883 arrives at 1605704.277428169, sleeping for 0.005108474055305123 seconds
Request model_6#1212 arrives at 1605704.283112076, sleeping for 0.023366489447653294 seconds
Request model_5#2269 arrives at 1605704.306669988, sleeping for 0.0431068844627589 seconds
Request model_5#2270 arrives at 1605704.350413895, sleeping for 0.07362745236605406 seconds
Request model_4#884 arrives at 1605704.425132564, sleeping for 0.046464076731354 seconds
Request model_5#2271 arrives at 1605704.472046997, sleeping for 0.1638683550991118 seconds
Request model_1#604 arrives at 1605704.637164535, sleeping for 0.06654225988313556 seconds
Request model_5#2272 arrives at 1605704.704157681, sleeping for 0.016134982462972403 seconds
Request model_3#1789 arrives at 1605704.720845448, sleeping for 0.08184191421605647 seconds
Request model_1#605 arrives at 1605704.802872937, sleeping for 0.024591308552771807 seconds
Request model_3#1790 arrives at 1605704.828536557, sleeping for 0.07903538318350911 seconds
Request model_5#2273 arrives at 1605704.908296848, sleeping for 0.09110679058358073 seconds
Request model_2#1143 arrives at 1605704.999882435, sleeping for 0.012807465391233563 seconds
Request model_2#1144 arrives at 1605705.014607515, sleeping for 0.042661724146455526 seconds
Request model_2#1145 arrives at 1605705.05818304, sleeping for 0.03546500136144459 seconds
Request model_5#2274 arrives at 1605705.094800029, sleeping for 0.014066475676372647 seconds
Request model_5#2275 arrives at 1605705.109428659, sleeping for 0.027995739597827196 seconds
Request model_4#885 arrives at 1605705.138703277, sleeping for 0.0036543041933327913 seconds
Request model_6#1213 arrives at 1605705.143360195, sleeping for 0.006564257200807333 seconds
Request model_6#1214 arrives at 1605705.15006844, sleeping for 0.005277290241792798 seconds
Request model_2#1146 arrives at 1605705.155819887, sleeping for 0.0372897342313081 seconds
Request model_3#1791 arrives at 1605705.193439304, sleeping for 0.09627742972224951 seconds
Request model_6#1215 arrives at 1605705.290196384, sleeping for 0.041682527400553226 seconds
Request model_5#2276 arrives at 1605705.332901692, sleeping for 0.028700336813926697 seconds
Request model_3#1792 arrives at 1605705.362589595, sleeping for 0.01399525674059987 seconds
Request model_6#1216 arrives at 1605705.377353225, sleeping for 0.11488626338541508 seconds
Request model_4#886 arrives at 1605705.492796647, sleeping for 0.0016297884285449982 seconds
Request model_5#2277 arrives at 1605705.49554076, sleeping for 0.019187162397429347 seconds
Request model_5#2278 arrives at 1605705.515339471, sleeping for 0.06337357871234417 seconds
Request model_2#1147 arrives at 1605705.579239033, sleeping for 0.07365028187632561 seconds
Request model_5#2279 arrives at 1605705.653806311, sleeping for 0.01533486763946712 seconds
Request model_6#1217 arrives at 1605705.669319278, sleeping for 0.01887858286499977 seconds
Request model_3#1793 arrives at 1605705.688994568, sleeping for 0.03910616831853986 seconds
Request model_6#1218 arrives at 1605705.728657712, sleeping for 0.015455183340236545 seconds
Request model_3#1794 arrives at 1605705.745256407, sleeping for 0.004914582474157214 seconds
Request model_5#2280 arrives at 1605705.750950444, sleeping for 0.013000183505937457 seconds
Request model_3#1795 arrives at 1605705.765639404, sleeping for 0.11517139058560133 seconds
Request model_5#2281 arrives at 1605705.881673431, sleeping for 0.12280840519815683 seconds
Request model_6#1219 arrives at 1605706.005035297, sleeping for 0.09756531892344356 seconds
Request model_6#1220 arrives at 1605706.103197098, sleeping for 0.06667998665943742 seconds
Request model_5#2282 arrives at 1605706.170614558, sleeping for 0.049158172216266394 seconds
Request model_5#2283 arrives at 1605706.220812228, sleeping for 0.024118141271173954 seconds
Request model_4#887 arrives at 1605706.245915513, sleeping for 0.08970308233983815 seconds
Request model_3#1796 arrives at 1605706.337447369, sleeping for 0.12409929162822664 seconds
Request model_5#2284 arrives at 1605706.46243978, sleeping for 0.014516693539917469 seconds
Request model_3#1797 arrives at 1605706.47714605, sleeping for 0.06916353525593877 seconds
Request model_3#1798 arrives at 1605706.546891588, sleeping for 0.017400889890268445 seconds
Request model_3#1799 arrives at 1605706.565883714, sleeping for 0.09903249447233975 seconds
Request model_6#1221 arrives at 1605706.6659441, sleeping for 0.021161962067708373 seconds
Request model_6#1222 arrives at 1605706.688233482, sleeping for 0.00241749151609838 seconds
Request model_4#888 arrives at 1605706.691399008, sleeping for 0.07843251852318645 seconds
Request model_4#889 arrives at 1605706.770868476, sleeping for 0 seconds
Request model_3#1800 arrives at 1605706.77136078, sleeping for 0.08710044133476913 seconds
Request model_1#606 arrives at 1605706.858904864, sleeping for 0.040688275592401624 seconds
Request model_3#1801 arrives at 1605706.900426093, sleeping for 0.10533567005768418 seconds
Request model_5#2285 arrives at 1605707.006545889, sleeping for 0.028201450360938907 seconds
Request model_3#1802 arrives at 1605707.035758338, sleeping for 0.02428216114640236 seconds
Request model_4#890 arrives at 1605707.061910401, sleeping for 0.0006098521407693624 seconds
Request model_6#1223 arrives at 1605707.062756118, sleeping for 0.01688803033903241 seconds
Request model_5#2286 arrives at 1605707.080761785, sleeping for 0.10964687378145754 seconds
Request model_3#1803 arrives at 1605707.192741759, sleeping for 0.04249873338267207 seconds
Request model_5#2287 arrives at 1605707.235980231, sleeping for 0.010508395032957196 seconds
Request model_3#1804 arrives at 1605707.246929561, sleeping for 0.19123933394439518 seconds
Request model_5#2288 arrives at 1605707.440072377, sleeping for 0.02062409557402134 seconds
Request model_3#1805 arrives at 1605707.460972077, sleeping for 0.017276396974921227 seconds
Request model_1#607 arrives at 1605707.478677552, sleeping for 0.009854265954345465 seconds
Request model_5#2289 arrives at 1605707.489348569, sleeping for 0.001102415844798088 seconds
Request model_5#2290 arrives at 1605707.491038112, sleeping for 0.05657076369971037 seconds
Request model_3#1806 arrives at 1605707.548728043, sleeping for 0.03556679538451135 seconds
Request model_3#1807 arrives at 1605707.586437961, sleeping for 0.14958035037852824 seconds
Request model_1#608 arrives at 1605707.737621675, sleeping for 0.2431778903119266 seconds
Request model_5#2291 arrives at 1605707.981131692, sleeping for 0.0008306063245981932 seconds
Request model_6#1224 arrives at 1605707.982891036, sleeping for 0.07120581832714379 seconds
Request model_4#891 arrives at 1605708.055574869, sleeping for 0.03889698931016028 seconds
Request model_5#2292 arrives at 1605708.09490536, sleeping for 0.048135300632566214 seconds
Request model_5#2293 arrives at 1605708.143701698, sleeping for 0.0718974492046982 seconds
Request model_2#1148 arrives at 1605708.21626797, sleeping for 0.036043579457327724 seconds
Request model_4#892 arrives at 1605708.252766648, sleeping for 0.005691065918654203 seconds
Request model_2#1149 arrives at 1605708.259425902, sleeping for 0.11133879399858415 seconds
Request model_5#2294 arrives at 1605708.372672426, sleeping for 0.0019432492554187775 seconds
Request model_2#1150 arrives at 1605708.375500059, sleeping for 0.04476614645682275 seconds
Request model_3#1808 arrives at 1605708.421323413, sleeping for 0.023408646695315838 seconds
Request model_6#1225 arrives at 1605708.445098617, sleeping for 0.0104912337847054 seconds
Request model_4#893 arrives at 1605708.455836085, sleeping for 0.0006864198949187994 seconds
Request model_5#2295 arrives at 1605708.457567399, sleeping for 0.013299097074195743 seconds
Request model_1#609 arrives at 1605708.472656022, sleeping for 0.05360401957295835 seconds
Request model_5#2296 arrives at 1605708.527382718, sleeping for 0.03301229211501777 seconds
Request model_3#1809 arrives at 1605708.561234635, sleeping for 0.056967831682413816 seconds
Request model_3#1810 arrives at 1605708.619140407, sleeping for 0.01038263482041657 seconds
Request model_1#610 arrives at 1605708.630175917, sleeping for 0.004450151696801186 seconds
Request model_2#1151 arrives at 1605708.635072957, sleeping for 0.025870231678709388 seconds
Request model_3#1811 arrives at 1605708.663024415, sleeping for 0.11113317683339119 seconds
Request model_5#2297 arrives at 1605708.775320681, sleeping for 0.013060769066214561 seconds
Request model_6#1226 arrives at 1605708.790259093, sleeping for 0.021179575938731432 seconds
Request model_6#1227 arrives at 1605708.812050471, sleeping for 0.005092771723866463 seconds
Request model_4#894 arrives at 1605708.817788148, sleeping for 0.07919431268237531 seconds
Request model_2#1152 arrives at 1605708.897361837, sleeping for 0.014379388187080622 seconds
Request model_2#1153 arrives at 1605708.912045436, sleeping for 0.0011150094214826822 seconds
Request model_3#1812 arrives at 1605708.913496579, sleeping for 0.0636197910644114 seconds
Request model_2#1154 arrives at 1605708.977790943, sleeping for 0.013741115340963006 seconds
Request model_3#1813 arrives at 1605708.992409942, sleeping for 0.057372601237148046 seconds
Request model_5#2298 arrives at 1605709.050001523, sleeping for 0.013340388424694538 seconds
Request model_2#1155 arrives at 1605709.064596282, sleeping for 0.004532231716439128 seconds
Request model_2#1156 arrives at 1605709.070181597, sleeping for 0.0023235869593918324 seconds
Request model_6#1228 arrives at 1605709.072764348, sleeping for 0.025625703623518348 seconds
Request model_5#2299 arrives at 1605709.100340433, sleeping for 0.16486768517643213 seconds
Request model_3#1814 arrives at 1605709.265560271, sleeping for 0.08535150345414877 seconds
Request model_3#1815 arrives at 1605709.351856765, sleeping for 0.01865098997950554 seconds
Request model_2#1157 arrives at 1605709.371579766, sleeping for 0.11216029664501548 seconds
Request model_1#611 arrives at 1605709.48478094, sleeping for 0.07017559208907187 seconds
Request model_1#612 arrives at 1605709.555652798, sleeping for 0.009355993010103703 seconds
Request model_3#1816 arrives at 1605709.565616739, sleeping for 0.0914055563043803 seconds
Request model_5#2300 arrives at 1605709.657410138, sleeping for 0.09757685335353017 seconds
Request model_6#1229 arrives at 1605709.755937252, sleeping for 0.026999178109690547 seconds
Request model_6#1230 arrives at 1605709.7839066, sleeping for 0.0857218902092427 seconds
Request model_2#1158 arrives at 1605709.870056443, sleeping for 0.0020739331375807524 seconds
Request model_5#2301 arrives at 1605709.872753885, sleeping for 0.03970491443760693 seconds
Request model_4#895 arrives at 1605709.913406016, sleeping for 0.01809757389128208 seconds
Request model_5#2302 arrives at 1605709.933088307, sleeping for 0.00427596690133214 seconds
Request model_5#2303 arrives at 1605709.937826785, sleeping for 0.002167729428038001 seconds
Request model_5#2304 arrives at 1605709.941019301, sleeping for 0.01503338385373354 seconds
Request model_5#2305 arrives at 1605709.957104933, sleeping for 0.07490857737138867 seconds
Request model_5#2306 arrives at 1605710.032877921, sleeping for 0.06529073277488351 seconds
Request model_4#896 arrives at 1605710.099349384, sleeping for 0.12324310699477792 seconds
Request model_1#613 arrives at 1605710.223401296, sleeping for 0.10399546381086111 seconds
Request model_3#1817 arrives at 1605710.327742417, sleeping for 0.005558413220569491 seconds
Request model_4#897 arrives at 1605710.333489293, sleeping for 0.018857029965147376 seconds
Request model_6#1231 arrives at 1605710.353060253, sleeping for 0.023416813230141997 seconds
Request model_2#1159 arrives at 1605710.377019549, sleeping for 0.07368133147247136 seconds
Request model_3#1818 arrives at 1605710.451710138, sleeping for 0.0011049858294427395 seconds
Request model_5#2307 arrives at 1605710.453412662, sleeping for 0.002701293909922242 seconds
Request model_4#898 arrives at 1605710.457091402, sleeping for 0.00850635813549161 seconds
Request model_2#1160 arrives at 1605710.465764513, sleeping for 0.04179363418370485 seconds
Request model_4#899 arrives at 1605710.508484921, sleeping for 0.0605370148550719 seconds
Request model_3#1819 arrives at 1605710.569342758, sleeping for 0.0034794332459568977 seconds
Request model_3#1820 arrives at 1605710.573079548, sleeping for 0.012001542840152979 seconds
Request model_4#900 arrives at 1605710.585740762, sleeping for 0.07434158935211599 seconds
Request model_1#614 arrives at 1605710.660517542, sleeping for 0.010756178060546517 seconds
Request model_5#2308 arrives at 1605710.672229057, sleeping for 0.002756161382421851 seconds
Request model_2#1161 arrives at 1605710.675368953, sleeping for 0.017041020095348358 seconds
Request model_3#1821 arrives at 1605710.69335, sleeping for 0.017923141829669476 seconds
Request model_3#1822 arrives at 1605710.71302946, sleeping for 0.017626795219257474 seconds
Request model_5#2309 arrives at 1605710.732718911, sleeping for 0.011182496789842844 seconds
Request model_6#1232 arrives at 1605710.743970592, sleeping for 0.08207377861253917 seconds
Request model_2#1162 arrives at 1605710.82818978, sleeping for 0.018105800496414304 seconds
Request model_5#2310 arrives at 1605710.848338604, sleeping for 0.050448476104065776 seconds
Request model_5#2311 arrives at 1605710.900302498, sleeping for 0.018148876260966063 seconds
Request model_3#1823 arrives at 1605710.920455412, sleeping for 0.11224261508323252 seconds
Request model_3#1824 arrives at 1605711.033568785, sleeping for 0.002558659063652158 seconds
Request model_4#901 arrives at 1605711.036718871, sleeping for 0.06490613939240575 seconds
Request model_3#1825 arrives at 1605711.102595888, sleeping for 0.07604753854684532 seconds
Request model_5#2312 arrives at 1605711.178998971, sleeping for 0.011198672465980053 seconds
Request model_2#1163 arrives at 1605711.190684747, sleeping for 0.054577079601585865 seconds
Request model_3#1826 arrives at 1605711.246444111, sleeping for 0.018856697948649526 seconds
Request model_5#2313 arrives at 1605711.266620266, sleeping for 0.018034597393125296 seconds
Request model_2#1164 arrives at 1605711.28666906, sleeping for 0.0038737100549042225 seconds
Request model_2#1165 arrives at 1605711.291344138, sleeping for 0.008385218447074294 seconds
Request model_5#2314 arrives at 1605711.300025439, sleeping for 0.027637433260679245 seconds
Request model_4#902 arrives at 1605711.328108188, sleeping for 0.062627287581563 seconds
Request model_5#2315 arrives at 1605711.391845288, sleeping for 0.08542899717576802 seconds
Request model_6#1233 arrives at 1605711.477594047, sleeping for 0.010322262533009052 seconds
Request model_4#903 arrives at 1605711.488333815, sleeping for 0.03176302812062204 seconds
Request model_2#1166 arrives at 1605711.522181011, sleeping for 0.030482576228678226 seconds
Request model_5#2316 arrives at 1605711.552926842, sleeping for 0.07010370213538408 seconds
Request model_2#1167 arrives at 1605711.6237315, sleeping for 0.142248926917091 seconds
Request model_3#1827 arrives at 1605711.766608855, sleeping for 0.1834037855733186 seconds
Request model_5#2317 arrives at 1605711.950571396, sleeping for 0.05930364807136357 seconds
Request model_1#615 arrives at 1605712.010885268, sleeping for 0.002202217932790518 seconds
Request model_3#1828 arrives at 1605712.01359022, sleeping for 0.005959102651104331 seconds
Request model_5#2318 arrives at 1605712.020264314, sleeping for 0.02306377491913736 seconds
Request model_1#616 arrives at 1605712.043933257, sleeping for 0.013460438000038266 seconds
Request model_2#1168 arrives at 1605712.058622687, sleeping for 0.016134860925376415 seconds
Request model_4#904 arrives at 1605712.075300153, sleeping for 0.02223484287969768 seconds
Request model_6#1234 arrives at 1605712.09821205, sleeping for 0.048871124628931284 seconds
Request model_2#1169 arrives at 1605712.148168708, sleeping for 0.025216161739081144 seconds
Request model_6#1235 arrives at 1605712.173857137, sleeping for 0.05648178467527032 seconds
Request model_6#1236 arrives at 1605712.230899973, sleeping for 0.13513683388009667 seconds
Request model_5#2319 arrives at 1605712.366813381, sleeping for 0.009869014378637075 seconds
Request model_4#905 arrives at 1605712.377502028, sleeping for 0.021142801735550165 seconds
Request model_4#906 arrives at 1605712.399521878, sleeping for 0.03230530954897404 seconds
Request model_5#2320 arrives at 1605712.432774649, sleeping for 0.0027980925515294075 seconds
Request model_3#1829 arrives at 1605712.435938045, sleeping for 0.1759656430222094 seconds
Request model_2#1170 arrives at 1605712.612232063, sleeping for 0.08909024531021714 seconds
Request model_3#1830 arrives at 1605712.70253056, sleeping for 0.10008256556466222 seconds
Request model_5#2321 arrives at 1605712.803511084, sleeping for 0.06619599368423223 seconds
Request model_1#617 arrives at 1605712.870737252, sleeping for 0.006741019198670983 seconds
Request model_3#1831 arrives at 1605712.878430414, sleeping for 0.055929809575900435 seconds
Request model_3#1832 arrives at 1605712.935445539, sleeping for 0.10895708086900413 seconds
Request model_1#618 arrives at 1605713.044784482, sleeping for 0.044127419823780656 seconds
Request model_4#907 arrives at 1605713.089734688, sleeping for 0.05626447987742722 seconds
Request model_6#1237 arrives at 1605713.146635053, sleeping for 0.11755103035829961 seconds
Request model_2#1171 arrives at 1605713.264492214, sleeping for 0.015770090278238058 seconds
Request model_3#1833 arrives at 1605713.280896367, sleeping for 0 seconds
Request model_5#2322 arrives at 1605713.28119811, sleeping for 0.02153651788830757 seconds
Request model_3#1834 arrives at 1605713.303022288, sleeping for 0.02770672203041613 seconds
Request model_5#2323 arrives at 1605713.331693332, sleeping for 0.05913765309378505 seconds
Request model_6#1238 arrives at 1605713.392089675, sleeping for 0.07897628098726273 seconds
Request model_3#1835 arrives at 1605713.471501492, sleeping for 0.04113670205697417 seconds
Request model_1#619 arrives at 1605713.513676396, sleeping for 0.04135646717622876 seconds
Request model_5#2324 arrives at 1605713.55575972, sleeping for 0.045065916143357754 seconds
Request model_6#1239 arrives at 1605713.601447112, sleeping for 6.094062700867653e-05 seconds
Request model_4#908 arrives at 1605713.601792305, sleeping for 0.013204605085775256 seconds
Request model_2#1172 arrives at 1605713.616922649, sleeping for 0.023489675717428327 seconds
Request model_3#1836 arrives at 1605713.640771743, sleeping for 0.06800360511988401 seconds
Request model_6#1240 arrives at 1605713.709799446, sleeping for 0.009744125418365002 seconds
Request model_1#620 arrives at 1605713.720969267, sleeping for 0.06677663582377136 seconds
Request model_6#1241 arrives at 1605713.7898925, sleeping for 0.030835062032565475 seconds
Request model_1#621 arrives at 1605713.821260615, sleeping for 0.07367089833132923 seconds
Request model_2#1173 arrives at 1605713.896180736, sleeping for 0.0038315802812576294 seconds
Request model_5#2325 arrives at 1605713.900598762, sleeping for 0.02655423223040998 seconds
Request model_2#1174 arrives at 1605713.927650263, sleeping for 0.05859388574026525 seconds
Request model_3#1837 arrives at 1605713.986977277, sleeping for 0.0012550738174468279 seconds
Request model_1#622 arrives at 1605713.989027034, sleeping for 0.049332112073898315 seconds
Request model_5#2326 arrives at 1605714.03884326, sleeping for 0.0030725852120667696 seconds
Request model_2#1175 arrives at 1605714.043004824, sleeping for 0.005302666686475277 seconds
Request model_5#2327 arrives at 1605714.049306865, sleeping for 0.05113358376547694 seconds
Request model_3#1838 arrives at 1605714.101293139, sleeping for 0.12891663261689246 seconds
Request model_4#909 arrives at 1605714.231543172, sleeping for 0.19529306702315807 seconds
Request model_2#1176 arrives at 1605714.428096815, sleeping for 0.00807631528005004 seconds
Request model_1#623 arrives at 1605714.437137529, sleeping for 0.039770819479599595 seconds
Request model_3#1839 arrives at 1605714.478279964, sleeping for 0.0030306109692901373 seconds
Request model_5#2328 arrives at 1605714.481566831, sleeping for 0.003635655390098691 seconds
Request model_1#624 arrives at 1605714.485428133, sleeping for 0.06887675169855356 seconds
Request model_1#625 arrives at 1605714.555281362, sleeping for 0.007587141124531627 seconds
Request model_5#2329 arrives at 1605714.563103136, sleeping for 0.07325075310654938 seconds
Request model_3#1840 arrives at 1605714.63714792, sleeping for 0.02734885667450726 seconds
Request model_5#2330 arrives at 1605714.664840836, sleeping for 0.02599560492672026 seconds
Request model_4#910 arrives at 1605714.691366642, sleeping for 0.11533514061011374 seconds
Request model_5#2331 arrives at 1605714.807749221, sleeping for 0.004491422791033983 seconds
Request model_5#2332 arrives at 1605714.813145955, sleeping for 0.01619156403467059 seconds
Request model_1#626 arrives at 1605714.830134184, sleeping for 0.002063032938167453 seconds
Request model_5#2333 arrives at 1605714.832975517, sleeping for 0.024532615672796965 seconds
Request model_5#2334 arrives at 1605714.857740239, sleeping for 0.0605782363563776 seconds
Request model_2#1177 arrives at 1605714.918728907, sleeping for 0.0016254412475973368 seconds
Request model_4#911 arrives at 1605714.920650043, sleeping for 0.05182109237648547 seconds
Request model_2#1178 arrives at 1605714.974418631, sleeping for 0.03204954997636378 seconds
Request model_6#1242 arrives at 1605715.007322019, sleeping for 0.07326319022104144 seconds
Request model_6#1243 arrives at 1605715.0810459, sleeping for 0.0018491009250283241 seconds
Request model_5#2335 arrives at 1605715.083672282, sleeping for 0.013666898244991899 seconds
Request model_4#912 arrives at 1605715.098286001, sleeping for 0.06022967817261815 seconds
Request model_6#1244 arrives at 1605715.158887086, sleeping for 0.057555231964215636 seconds
Request model_5#2336 arrives at 1605715.216776168, sleeping for 0.05286627355962992 seconds
Request model_3#1841 arrives at 1605715.271189381, sleeping for 0.0032264231704175472 seconds
Request model_4#913 arrives at 1605715.274878652, sleeping for 0.09471238753758371 seconds
Request model_6#1245 arrives at 1605715.369815816, sleeping for 0.035608670208603144 seconds
Request model_3#1842 arrives at 1605715.406272484, sleeping for 0.004123797174543142 seconds
Request model_5#2337 arrives at 1605715.410971162, sleeping for 0.050829420797526836 seconds
Request model_4#914 arrives at 1605715.462406381, sleeping for 0.0027355458587408066 seconds
Request model_1#627 arrives at 1605715.465398476, sleeping for 0.045299311401322484 seconds
Request model_3#1843 arrives at 1605715.511096418, sleeping for 0.053709579864516854 seconds
Request model_5#2338 arrives at 1605715.566867073, sleeping for 0.028415438951924443 seconds
Request model_5#2339 arrives at 1605715.595558117, sleeping for 0.004623287357389927 seconds
Request model_1#628 arrives at 1605715.601204903, sleeping for 0.09238392114639282 seconds
Request model_5#2340 arrives at 1605715.694569535, sleeping for 0.04629438673146069 seconds
Request model_1#629 arrives at 1605715.741234945, sleeping for 0.03273958130739629 seconds
Request model_2#1179 arrives at 1605715.774824579, sleeping for 0.08127077063545585 seconds
Request model_2#1180 arrives at 1605715.85708369, sleeping for 0.03687286516651511 seconds
Request model_2#1181 arrives at 1605715.894683307, sleeping for 0.0031787578482180834 seconds
Request model_5#2341 arrives at 1605715.898380297, sleeping for 0.007132510421797633 seconds
Request model_5#2342 arrives at 1605715.906048949, sleeping for 0.0005498963873833418 seconds
Request model_6#1246 arrives at 1605715.907724673, sleeping for 0.08023253595456481 seconds
Request model_5#2343 arrives at 1605715.988333981, sleeping for 0.009293487994000316 seconds
Request model_6#1247 arrives at 1605715.999468142, sleeping for 0.13879411574453115 seconds
Request model_2#1182 arrives at 1605716.138663927, sleeping for 0.16737967310473323 seconds
Request model_3#1844 arrives at 1605716.306398015, sleeping for 0.05901366542093456 seconds
Request model_5#2344 arrives at 1605716.365767639, sleeping for 0.017849926138296723 seconds
Request model_2#1183 arrives at 1605716.384168859, sleeping for 0.05368627794086933 seconds
Request model_2#1184 arrives at 1605716.438472802, sleeping for 0.09482310223393142 seconds
Request model_3#1845 arrives at 1605716.533836489, sleeping for 0.056141009321436286 seconds
Request model_5#2345 arrives at 1605716.591271208, sleeping for 0.04046137444674969 seconds
Request model_6#1248 arrives at 1605716.632987748, sleeping for 0.007074151886627078 seconds
Request model_4#915 arrives at 1605716.64049367, sleeping for 0.04426227952353656 seconds
Request model_5#2346 arrives at 1605716.685268925, sleeping for 0.03858738928101957 seconds
Request model_2#1185 arrives at 1605716.724185212, sleeping for 0.12099740072153509 seconds
Request model_4#916 arrives at 1605716.845420831, sleeping for 0.03495759912766516 seconds
Request model_5#2347 arrives at 1605716.881486865, sleeping for 0.03690950712189078 seconds
Request model_5#2348 arrives at 1605716.918858979, sleeping for 0.08289828919805586 seconds
Request model_3#1846 arrives at 1605717.002679004, sleeping for 0.02537193731404841 seconds
Request model_6#1249 arrives at 1605717.028595625, sleeping for 0.030907499603927135 seconds
Request model_6#1250 arrives at 1605717.060436904, sleeping for 0.0066332153510302305 seconds
Request model_5#2349 arrives at 1605717.067529192, sleeping for 0.08582243043929338 seconds
Request model_1#630 arrives at 1605717.15435959, sleeping for 0.027407979359850287 seconds
Request model_2#1186 arrives at 1605717.182614221, sleeping for 0.06225399184040725 seconds
Request model_5#2350 arrives at 1605717.246015478, sleeping for 0.04449160350486636 seconds
Request model_2#1187 arrives at 1605717.290856253, sleeping for 0.0708778512198478 seconds
Request model_6#1251 arrives at 1605717.362468247, sleeping for 0.06680520810186863 seconds
Request model_1#631 arrives at 1605717.431352569, sleeping for 0.02433757856488228 seconds
Request model_5#2351 arrives at 1605717.456272123, sleeping for 0.0013976304326206446 seconds
Request model_2#1188 arrives at 1605717.458026827, sleeping for 0.057532410603016615 seconds
Request model_3#1847 arrives at 1605717.51604851, sleeping for 0.12309086439199746 seconds
Request model_3#1848 arrives at 1605717.641060909, sleeping for 0.03854760201647878 seconds
Request model_2#1189 arrives at 1605717.680016057, sleeping for 0.07213785918429494 seconds
Request model_4#917 arrives at 1605717.752894851, sleeping for 0.11356649408116937 seconds
Request model_6#1252 arrives at 1605717.868458084, sleeping for 0.16848911787383258 seconds
Request model_2#1190 arrives at 1605718.037282881, sleeping for 0.03358761314302683 seconds
Request model_2#1191 arrives at 1605718.071382899, sleeping for 0.012094953330233693 seconds
Request model_6#1253 arrives at 1605718.084047272, sleeping for 0.06959877256304026 seconds
Request model_5#2352 arrives at 1605718.154745399, sleeping for 0.057396308053284883 seconds
Request model_3#1849 arrives at 1605718.212872382, sleeping for 0.1278131625149399 seconds
Request model_3#1850 arrives at 1605718.341123288, sleeping for 0.09888772270642221 seconds
Request model_2#1192 arrives at 1605718.440791122, sleeping for 0.06676911609247327 seconds
Request model_6#1254 arrives at 1605718.509559262, sleeping for 0.002840879373252392 seconds
Request model_5#2353 arrives at 1605718.513342653, sleeping for 0.04007158218882978 seconds
Request model_3#1851 arrives at 1605718.553730842, sleeping for 0.20792317599989474 seconds
Request model_3#1852 arrives at 1605718.762701646, sleeping for 0.06292690080590546 seconds
Request model_5#2354 arrives at 1605718.826577347, sleeping for 0 seconds
Request model_2#1193 arrives at 1605718.82698494, sleeping for 0.0901152219157666 seconds
Request model_3#1853 arrives at 1605718.917399048, sleeping for 0.04173874598927796 seconds
Request model_6#1255 arrives at 1605718.960277287, sleeping for 0.002052969764918089 seconds
Request model_6#1256 arrives at 1605718.96310663, sleeping for 0.04247230431064963 seconds
Request model_4#918 arrives at 1605719.006507455, sleeping for 0.07841952773742378 seconds
Request model_2#1194 arrives at 1605719.08562071, sleeping for 0.002638216596096754 seconds
Request model_6#1257 arrives at 1605719.088841176, sleeping for 0.02906508999876678 seconds
Request model_6#1258 arrives at 1605719.118888981, sleeping for 0.006009029923006892 seconds
Request model_6#1259 arrives at 1605719.125221163, sleeping for 0.000232672318816185 seconds
Request model_5#2355 arrives at 1605719.127231509, sleeping for 0.019907111302018166 seconds
Request model_5#2356 arrives at 1605719.147867638, sleeping for 0.11121276998892426 seconds
Request model_5#2357 arrives at 1605719.260239874, sleeping for 0.04341996996663511 seconds
Request model_6#1260 arrives at 1605719.304433424, sleeping for 0.06132776685990393 seconds
Request model_6#1261 arrives at 1605719.366563531, sleeping for 0.006604400929063559 seconds
Request model_3#1854 arrives at 1605719.373534518, sleeping for 0.007812651339918375 seconds
Request model_6#1262 arrives at 1605719.38239907, sleeping for 0.005124259972944856 seconds
Request model_6#1263 arrives at 1605719.388184537, sleeping for 0.000904781511053443 seconds
Request model_2#1195 arrives at 1605719.389979612, sleeping for 0.03508083848282695 seconds
Request model_4#919 arrives at 1605719.425761033, sleeping for 0.055609750328585505 seconds
Request model_3#1855 arrives at 1605719.481612409, sleeping for 0.26981034502387047 seconds
Request model_3#1856 arrives at 1605719.752471057, sleeping for 0.1319251018576324 seconds
Request model_3#1857 arrives at 1605719.884860587, sleeping for 0.11915486794896424 seconds
Request model_2#1196 arrives at 1605720.004376811, sleeping for 0.1493336851708591 seconds
Request model_1#632 arrives at 1605720.154757118, sleeping for 0.059796590358018875 seconds
Request model_5#2358 arrives at 1605720.215637055, sleeping for 0.006387251429259777 seconds
Request model_6#1264 arrives at 1605720.222895504, sleeping for 0.057515882421284914 seconds
Request model_5#2359 arrives at 1605720.280655765, sleeping for 0.02837783470749855 seconds
Request model_4#920 arrives at 1605720.309817883, sleeping for 0.004000607179477811 seconds
Request model_5#2360 arrives at 1605720.314485711, sleeping for 0.02512465207837522 seconds
Request model_2#1197 arrives at 1605720.34011433, sleeping for 0 seconds
Request model_6#1265 arrives at 1605720.340428022, sleeping for 0.0033400747925043106 seconds
Request model_1#633 arrives at 1605720.344195743, sleeping for 0.08800635999068618 seconds
Request model_6#1266 arrives at 1605720.432797555, sleeping for 0.0029638956766575575 seconds
Request model_5#2361 arrives at 1605720.436376044, sleeping for 0 seconds
Request model_6#1267 arrives at 1605720.436660007, sleeping for 0.034631586633622646 seconds
Request model_3#1858 arrives at 1605720.473004823, sleeping for 0.0031159287318587303 seconds
Request model_6#1268 arrives at 1605720.476567922, sleeping for 0.041133856400847435 seconds
Request model_6#1269 arrives at 1605720.518190362, sleeping for 0.03493406670168042 seconds
Request model_5#2362 arrives at 1605720.553723931, sleeping for 0.055198230082169175 seconds
Request model_6#1270 arrives at 1605720.609584377, sleeping for 0.004033318720757961 seconds
Request model_5#2363 arrives at 1605720.614336666, sleeping for 0.0034635276533663273 seconds
Request model_3#1859 arrives at 1605720.618015966, sleeping for 0.054301545955240726 seconds
Request model_3#1860 arrives at 1605720.67247335, sleeping for 0.01700362772680819 seconds
Request model_5#2364 arrives at 1605720.690619168, sleeping for 0.1748139343690127 seconds
Request model_2#1198 arrives at 1605720.867595631, sleeping for 0.08176309918053448 seconds
Request model_3#1861 arrives at 1605720.949781621, sleeping for 0.11110602226108313 seconds
Request model_2#1199 arrives at 1605721.062121807, sleeping for 0.05041272868402302 seconds
Request model_3#1862 arrives at 1605721.113351584, sleeping for 0.018241792917251587 seconds
Request model_6#1271 arrives at 1605721.133031574, sleeping for 0.01916221040301025 seconds
Request model_3#1863 arrives at 1605721.152616954, sleeping for 0.03318266733549535 seconds
Request model_5#2365 arrives at 1605721.186337349, sleeping for 0.10067772073671222 seconds
Request model_4#921 arrives at 1605721.288085429, sleeping for 0.05599510460160673 seconds
Request model_3#1864 arrives at 1605721.344339777, sleeping for 0.09660646505653858 seconds
Request model_5#2366 arrives at 1605721.441455029, sleeping for 0.002064271131530404 seconds
Request model_4#922 arrives at 1605721.443870339, sleeping for 0.02066915831528604 seconds
Request model_4#923 arrives at 1605721.464951101, sleeping for 0.010981249390169978 seconds
Request model_5#2367 arrives at 1605721.476463835, sleeping for 0.035695132333785295 seconds
Request model_6#1272 arrives at 1605721.512550639, sleeping for 0.020487655652686954 seconds
Request model_2#1200 arrives at 1605721.533691751, sleeping for 0.16638906276784837 seconds
Request model_3#1865 arrives at 1605721.700667472, sleeping for 3.933394327759743e-05 seconds
Request model_5#2368 arrives at 1605721.701295577, sleeping for 0.031363665126264095 seconds
Request model_5#2369 arrives at 1605721.733061376, sleeping for 0.004341447493061423 seconds
Request model_2#1201 arrives at 1605721.737933916, sleeping for 0.04806975834071636 seconds
Request model_2#1202 arrives at 1605721.786750284, sleeping for 0.03128727013245225 seconds
Request model_6#1273 arrives at 1605721.818712955, sleeping for 0.054998829029500484 seconds
Request model_5#2370 arrives at 1605721.87455659, sleeping for 0.0008147421758621931 seconds
Request model_2#1203 arrives at 1605721.875699989, sleeping for 0.038543086498975754 seconds
Request model_6#1274 arrives at 1605721.914475195, sleeping for 0.2063297217246145 seconds
Request model_4#924 arrives at 1605722.122511632, sleeping for 0.05965106841176748 seconds
Request model_5#2371 arrives at 1605722.183727021, sleeping for 0.07455838238820434 seconds
Request model_6#1275 arrives at 1605722.258620902, sleeping for 0.00163574842736125 seconds
Request model_3#1866 arrives at 1605722.260597538, sleeping for 0.026788488728925586 seconds
Request model_4#925 arrives at 1605722.288404014, sleeping for 0.03292232612147927 seconds
Request model_3#1867 arrives at 1605722.321860577, sleeping for 0.03308643097989261 seconds
Request model_6#1276 arrives at 1605722.355478341, sleeping for 0.0019448436796665192 seconds
Request model_4#926 arrives at 1605722.358176993, sleeping for 0.02804523822851479 seconds
Request model_4#927 arrives at 1605722.386828727, sleeping for 0.04676288599148393 seconds
Request model_4#928 arrives at 1605722.434627857, sleeping for 0.01353950030170381 seconds
Request model_2#1204 arrives at 1605722.448388969, sleeping for 0.03725838544778526 seconds
Request model_5#2372 arrives at 1605722.486178167, sleeping for 0.014969082549214363 seconds
Request model_6#1277 arrives at 1605722.501853415, sleeping for 0.05612209509126842 seconds
Request model_2#1205 arrives at 1605722.558415206, sleeping for 0.008895161096006632 seconds
Request model_2#1206 arrives at 1605722.569345535, sleeping for 0.0497601879760623 seconds
Request model_6#1278 arrives at 1605722.620091469, sleeping for 0.002728548366576433 seconds
Request model_5#2373 arrives at 1605722.623060213, sleeping for 0.029733738163486123 seconds
Request model_6#1279 arrives at 1605722.653427371, sleeping for 0.04046993446536362 seconds
Request model_3#1868 arrives at 1605722.69501547, sleeping for 0.028072146233171225 seconds
Request model_5#2374 arrives at 1605722.723997466, sleeping for 0.08779481728561223 seconds
Request model_3#1869 arrives at 1605722.812645308, sleeping for 0.07381876604631543 seconds
Request model_1#634 arrives at 1605722.887459458, sleeping for 0.0027675058227032423 seconds
Request model_6#1280 arrives at 1605722.89136547, sleeping for 0.012909573502838612 seconds
Request model_4#929 arrives at 1605722.906450933, sleeping for 0.040931461378932 seconds
Request model_5#2375 arrives at 1605722.948338355, sleeping for 0.09283126308582723 seconds
Request model_6#1281 arrives at 1605723.041377693, sleeping for 0.006352387834340334 seconds
Request model_3#1870 arrives at 1605723.048017208, sleeping for 0.07667357195168734 seconds
Request model_6#1282 arrives at 1605723.125837782, sleeping for 0.047552680131047964 seconds
Request model_6#1283 arrives at 1605723.174456028, sleeping for 0.10373719711787999 seconds
Request model_2#1207 arrives at 1605723.28011006, sleeping for 0 seconds
Request model_2#1208 arrives at 1605723.280592554, sleeping for 0.02260593418031931 seconds
Request model_2#1209 arrives at 1605723.303681552, sleeping for 0.003176929196342826 seconds
Request model_2#1210 arrives at 1605723.30959446, sleeping for 0.045797825790941715 seconds
Request model_5#2376 arrives at 1605723.356083509, sleeping for 0.01786606921814382 seconds
Request model_5#2377 arrives at 1605723.374219887, sleeping for 0.01225952128879726 seconds
Request model_5#2378 arrives at 1605723.387096062, sleeping for 0.027263673953711987 seconds
Request model_6#1284 arrives at 1605723.414861539, sleeping for 0.012852557236328721 seconds
Request model_3#1871 arrives at 1605723.42970574, sleeping for 0.0036321841180324554 seconds
Request model_2#1211 arrives at 1605723.434378628, sleeping for 0.011072458000853658 seconds
Request model_5#2379 arrives at 1605723.446081093, sleeping for 0.049217053689062595 seconds
Request model_3#1872 arrives at 1605723.497337171, sleeping for 0.049438222078606486 seconds
Request model_3#1873 arrives at 1605723.546988775, sleeping for 0.1420369402039796 seconds
Request model_6#1285 arrives at 1605723.68986837, sleeping for 0.011307404143735766 seconds
Request model_5#2380 arrives at 1605723.701567216, sleeping for 0.03959351358935237 seconds
Request model_1#635 arrives at 1605723.741868534, sleeping for 0.005872491281479597 seconds
Request model_6#1286 arrives at 1605723.748530099, sleeping for 0.10075058322399855 seconds
Request model_2#1212 arrives at 1605723.849855125, sleeping for 0.05639883386902511 seconds
Request model_3#1874 arrives at 1605723.906466597, sleeping for 0.010354516794905066 seconds
Request model_5#2381 arrives at 1605723.917458646, sleeping for 0.10197035456076264 seconds
Request model_3#1875 arrives at 1605724.020286874, sleeping for 0.02593108592554927 seconds
Request model_3#1876 arrives at 1605724.048076161, sleeping for 0.03942435514181852 seconds
Request model_4#930 arrives at 1605724.087762774, sleeping for 0.041463335044682026 seconds
Request model_2#1213 arrives at 1605724.129587845, sleeping for 0.10663948743604124 seconds
Request model_5#2382 arrives at 1605724.23686948, sleeping for 0.009475815342739224 seconds
Request model_3#1877 arrives at 1605724.248040581, sleeping for 0.0012782844714820385 seconds
Request model_5#2383 arrives at 1605724.250163588, sleeping for 0.02976514818146825 seconds
Request model_5#2384 arrives at 1605724.28097449, sleeping for 0.013415031135082245 seconds
Request model_5#2385 arrives at 1605724.296492436, sleeping for 0.07864105887711048 seconds
Request model_6#1287 arrives at 1605724.376081665, sleeping for 0.12515252362936735 seconds
Request model_2#1214 arrives at 1605724.501756359, sleeping for 0.036074329633265734 seconds
Request model_2#1215 arrives at 1605724.538199966, sleeping for 0.002207308541983366 seconds
Request model_4#931 arrives at 1605724.541409303, sleeping for 0.0610794669482857 seconds
Request model_4#932 arrives at 1605724.603420578, sleeping for 0.11698045581579208 seconds
Request model_5#2386 arrives at 1605724.721567382, sleeping for 0.008158907992765307 seconds
Request model_6#1288 arrives at 1605724.730833977, sleeping for 0.1408197395503521 seconds
Request model_3#1878 arrives at 1605724.871958547, sleeping for 0.04063927382230759 seconds
Request model_3#1879 arrives at 1605724.913271924, sleeping for 0.0639708701055497 seconds
Request model_5#2387 arrives at 1605724.97772827, sleeping for 0.058482833905145526 seconds
Request model_3#1880 arrives at 1605725.036529499, sleeping for 0.03265366097912192 seconds
Request model_3#1881 arrives at 1605725.070369555, sleeping for 0.02454355265945196 seconds
Request model_5#2388 arrives at 1605725.095728452, sleeping for 0.09862386109307408 seconds
Request model_2#1216 arrives at 1605725.194914061, sleeping for 0.028915619710460305 seconds
Request model_2#1217 arrives at 1605725.224192939, sleeping for 0.018129286589100957 seconds
Request model_4#933 arrives at 1605725.244290363, sleeping for 0.03111770423129201 seconds
Request model_5#2389 arrives at 1605725.276507115, sleeping for 0.04840364586561918 seconds
Request model_2#1218 arrives at 1605725.325250123, sleeping for 0.09218380693346262 seconds
Request model_2#1219 arrives at 1605725.418362212, sleeping for 0.006365012377500534 seconds
Request model_5#2390 arrives at 1605725.425535, sleeping for 0.003494034754112363 seconds
Request model_5#2391 arrives at 1605725.430071177, sleeping for 0.04445352521724999 seconds
Request model_3#1882 arrives at 1605725.474926953, sleeping for 0.08309213956817985 seconds
Request model_4#934 arrives at 1605725.558722536, sleeping for 0.05246910313144326 seconds
Request model_2#1220 arrives at 1605725.612991938, sleeping for 0.007906539365649223 seconds
Request model_4#935 arrives at 1605725.62176267, sleeping for 0.030171854654327035 seconds
Request model_1#636 arrives at 1605725.652540301, sleeping for 0.05716496892273426 seconds
Request model_4#936 arrives at 1605725.710425243, sleeping for 0.03708614641800523 seconds
Request model_6#1289 arrives at 1605725.749064158, sleeping for 0.03234758670441806 seconds
Request model_5#2392 arrives at 1605725.781809865, sleeping for 0.05157221760600805 seconds
Request model_3#1883 arrives at 1605725.834547255, sleeping for 0.00843706727027893 seconds
Request model_2#1221 arrives at 1605725.843908441, sleeping for 0.07743701315484941 seconds
Request model_5#2393 arrives at 1605725.92352066, sleeping for 0.021573296515271068 seconds
Request model_4#937 arrives at 1605725.94562139, sleeping for 0.01306067407131195 seconds
Request model_2#1222 arrives at 1605725.9603039, sleeping for 0.009771370561793447 seconds
Request model_5#2394 arrives at 1605725.971003327, sleeping for 0.01104182144626975 seconds
Request model_3#1884 arrives at 1605725.982539461, sleeping for 0.12685947073623538 seconds
Request model_5#2395 arrives at 1605726.109857089, sleeping for 0.038624376291409135 seconds
Request model_5#2396 arrives at 1605726.148926798, sleeping for 0.028029188979417086 seconds
Request model_3#1885 arrives at 1605726.177741802, sleeping for 0.0012560286559164524 seconds
Request model_4#938 arrives at 1605726.179579347, sleeping for 0.13207981805317104 seconds
Request model_5#2397 arrives at 1605726.312984755, sleeping for 0.04607856459915638 seconds
Request model_3#1886 arrives at 1605726.359929457, sleeping for 0.006300180219113827 seconds
Request model_2#1223 arrives at 1605726.366802193, sleeping for 0.1562254971358925 seconds
Request model_5#2398 arrives at 1605726.525002893, sleeping for 0.028975335182622075 seconds
Request model_5#2399 arrives at 1605726.554820786, sleeping for 0.040170305175706744 seconds
Request model_3#1887 arrives at 1605726.595648319, sleeping for 0.03183157369494438 seconds
Request model_5#2400 arrives at 1605726.627900182, sleeping for 0.01932549150660634 seconds
Request model_5#2401 arrives at 1605726.649277926, sleeping for 0.11192453117109835 seconds
Request model_6#1290 arrives at 1605726.763359476, sleeping for 0.006080435123294592 seconds
Request model_4#939 arrives at 1605726.770473164, sleeping for 0.020171767799183726 seconds
Request model_4#940 arrives at 1605726.791324224, sleeping for 0.130040513118729 seconds
Request model_6#1291 arrives at 1605726.922302502, sleeping for 0.02148244227282703 seconds
Request model_5#2402 arrives at 1605726.944649584, sleeping for 0 seconds
Request model_3#1888 arrives at 1605726.944978097, sleeping for 0.05476133245974779 seconds
Request model_1#637 arrives at 1605726.999878034, sleeping for 0.021221255883574486 seconds
Request model_5#2403 arrives at 1605727.021720922, sleeping for 0.029731766553595662 seconds
Request model_3#1889 arrives at 1605727.052550613, sleeping for 0 seconds
Request model_3#1890 arrives at 1605727.052972897, sleeping for 0.0009715845808386803 seconds
Request model_2#1224 arrives at 1605727.054733761, sleeping for 0.02750694751739502 seconds
Request model_4#941 arrives at 1605727.083368104, sleeping for 0.032123814802616835 seconds
Request model_5#2404 arrives at 1605727.116595765, sleeping for 0.028769114520400763 seconds
Request model_3#1891 arrives at 1605727.146236627, sleeping for 0.10106998169794679 seconds
Request model_3#1892 arrives at 1605727.248108867, sleeping for 0.11476788599975407 seconds
Request model_5#2405 arrives at 1605727.364128073, sleeping for 0.015778684057295322 seconds
Request model_3#1893 arrives at 1605727.380194654, sleeping for 0.04718580516055226 seconds
Request model_3#1894 arrives at 1605727.428017484, sleeping for 0.0008963297586888075 seconds
Request model_6#1292 arrives at 1605727.429760358, sleeping for 0.0644550216384232 seconds
Request model_6#1293 arrives at 1605727.494583306, sleeping for 0.0027005274314433336 seconds
Request model_3#1895 arrives at 1605727.498264156, sleeping for 0.0031703903805464506 seconds
Request model_5#2406 arrives at 1605727.501925496, sleeping for 0.09615084808319807 seconds
Request model_3#1896 arrives at 1605727.599059008, sleeping for 0.015275022480636835 seconds
Request model_4#942 arrives at 1605727.6152555, sleeping for 0.07884749211370945 seconds
Request model_5#2407 arrives at 1605727.69505942, sleeping for 0.04264584113843739 seconds
Request model_3#1897 arrives at 1605727.738518544, sleeping for 0.03887713374570012 seconds
Request model_3#1898 arrives at 1605727.77839388, sleeping for 0.02359989075921476 seconds
Request model_6#1294 arrives at 1605727.802559877, sleeping for 0.036314016906544566 seconds
Request model_5#2408 arrives at 1605727.840773338, sleeping for 0.01045532850548625 seconds
Request model_4#943 arrives at 1605727.852101931, sleeping for 0.011686580954119563 seconds
Request model_4#944 arrives at 1605727.864117549, sleeping for 0.0006425557658076286 seconds
Request model_4#945 arrives at 1605727.864944915, sleeping for 0.0060903229750692844 seconds
Request model_3#1899 arrives at 1605727.871756851, sleeping for 0.0027373195625841618 seconds
Request model_3#1900 arrives at 1605727.874787606, sleeping for 0.004198713693767786 seconds
Request model_1#638 arrives at 1605727.879896817, sleeping for 0.022513170260936022 seconds
Request model_1#639 arrives at 1605727.902962545, sleeping for 0.03210634388960898 seconds
Request model_3#1901 arrives at 1605727.935815983, sleeping for 0.002733441535383463 seconds
Request model_2#1225 arrives at 1605727.939602913, sleeping for 0.058126081712543964 seconds
Request model_3#1902 arrives at 1605727.998236862, sleeping for 0.022842255886644125 seconds
Request model_5#2409 arrives at 1605728.022206717, sleeping for 0.008022694382816553 seconds
Request model_4#946 arrives at 1605728.03115338, sleeping for 0.0025735008530318737 seconds
Request model_2#1226 arrives at 1605728.033882062, sleeping for 0.030799505300819874 seconds
Request model_3#1903 arrives at 1605728.06554537, sleeping for 0.05328095564618707 seconds
============================================================
BENCHMARK RESULTS
============================================================
Completed requests: 8423
Aborted requests: 0
Request throughput: 18.85 req/s
Input throughput: 5815.55 tokens/s
Output throughput: 3066.19 tokens/s
Mean TTFT: 172.3 ms
P99 TTFT: 1071.5 ms
Mean TPOT: 104.9 ms
P99 TPOT: 319.5 ms
Mean Latency: 16913.2 ms
P99 Latency: 84258.6 ms
============================================================
Results saved to /workspace/prism-merge/exp/results/final-prototype-vs-paper-faithful/raw/armA/raw/released-prototype/steady/rate_20/seed_1
Requests saved to /workspace/prism-merge/exp/results/final-prototype-vs-paper-faithful/raw/armA/raw/released-prototype/steady/rate_20/seed_1/requests
