Real trace file: /workspace/prism-merge/exp/workloads/final-compare/bursty_r8_s3.pkl
[PRISM_DIRECT] 3372 requests, span 419.5s
Starting TP benchmark: released-prototype_bursty_rate8_seed3
Generated 3372 requests
Request model_2#0 arrives at 1586329.208097371, sleeping for 0.08008230105042458 seconds
Request model_5#0 arrives at 1586329.289319282, sleeping for 0.02384412894025445 seconds
Request model_1#0 arrives at 1586329.313821862, sleeping for 0.10068883909843862 seconds
Request model_3#0 arrives at 1586329.415643003, sleeping for 0.09724960452876985 seconds
Request model_2#1 arrives at 1586329.513597623, sleeping for 0.026791878510266542 seconds
Request model_6#0 arrives at 1586329.541236658, sleeping for 0.18303787149488926 seconds
Request model_6#1 arrives at 1586329.725078355, sleeping for 0.4993568551726639 seconds
Request model_6#2 arrives at 1586330.224790996, sleeping for 0.045732813188806176 seconds
Request model_5#1 arrives at 1586330.270997904, sleeping for 0.578136938624084 seconds
Request model_3#1 arrives at 1586330.849617777, sleeping for 0.22305793361738324 seconds
Request model_1#1 arrives at 1586331.073121313, sleeping for 0.13088096887804568 seconds
Request model_6#3 arrives at 1586331.205198368, sleeping for 0.1645446924958378 seconds
Request model_2#2 arrives at 1586331.370998016, sleeping for 0.04797522607259452 seconds
Request model_2#3 arrives at 1586331.419772185, sleeping for 0.21623951336368918 seconds
Request model_1#2 arrives at 1586331.63689817, sleeping for 0.585089971544221 seconds
Request model_3#2 arrives at 1586332.223144122, sleeping for 0.022251075133681297 seconds
Request model_6#4 arrives at 1586332.245673048, sleeping for 0.12949017784558237 seconds
Request model_6#5 arrives at 1586332.375662077, sleeping for 0.022957386216148734 seconds
Request model_6#6 arrives at 1586332.399420961, sleeping for 0.2286327788606286 seconds
Request model_6#7 arrives at 1586332.629136245, sleeping for 0.0825847436208278 seconds
Request model_6#8 arrives at 1586332.712510922, sleeping for 0.07718360819853842 seconds
Request model_6#9 arrives at 1586332.790856401, sleeping for 0.21505873184651136 seconds
Request model_3#3 arrives at 1586333.007456873, sleeping for 0.0052362652495503426 seconds
Request model_6#10 arrives at 1586333.013074966, sleeping for 0.08171082893386483 seconds
Request model_3#4 arrives at 1586333.095570567, sleeping for 0.2145335755776614 seconds
Request model_3#5 arrives at 1586333.312579862, sleeping for 0.186295157764107 seconds
Request model_6#11 arrives at 1586333.499494763, sleeping for 0.007427818374708295 seconds
Request model_3#6 arrives at 1586333.507532325, sleeping for 0.11279747798107564 seconds
Request model_1#3 arrives at 1586333.621654312, sleeping for 0.09577672253362834 seconds
Request model_6#12 arrives at 1586333.718149131, sleeping for 0.13897303491830826 seconds
Request model_6#13 arrives at 1586333.857938096, sleeping for 0.226565342862159 seconds
Request model_6#14 arrives at 1586334.085375762, sleeping for 0.035105671267956495 seconds
Request model_3#7 arrives at 1586334.12112463, sleeping for 0.05188950942829251 seconds
Request model_3#8 arrives at 1586334.174801087, sleeping for 0.015841214219108224 seconds
Request model_6#15 arrives at 1586334.191480276, sleeping for 0 seconds
Request model_3#9 arrives at 1586334.19196437, sleeping for 0.005575136514380574 seconds
Request model_3#10 arrives at 1586334.197766035, sleeping for 0.026839134050533175 seconds
Request model_6#16 arrives at 1586334.225371739, sleeping for 0.06023145839571953 seconds
Request model_3#11 arrives at 1586334.28600978, sleeping for 0.1989780724979937 seconds
Request model_1#4 arrives at 1586334.485929922, sleeping for 0.07621786114759743 seconds
Request model_3#12 arrives at 1586334.563003611, sleeping for 0.09706503618508577 seconds
Request model_2#4 arrives at 1586334.660986542, sleeping for 0.06529540126211941 seconds
Request model_2#5 arrives at 1586334.727339537, sleeping for 0.09799416735768318 seconds
Request model_1#5 arrives at 1586334.826045183, sleeping for 0.1244110707193613 seconds
Request model_5#2 arrives at 1586334.950904062, sleeping for 0.26073201722465456 seconds
Request model_3#13 arrives at 1586335.212460443, sleeping for 0.25583083438687027 seconds
Request model_3#14 arrives at 1586335.468548472, sleeping for 0.09830054827034473 seconds
Request model_3#15 arrives at 1586335.568041794, sleeping for 0.12548737577162683 seconds
Request model_6#17 arrives at 1586335.694222914, sleeping for 0.2739136638119817 seconds
Request model_6#18 arrives at 1586335.969264419, sleeping for 0.05272987112402916 seconds
Request model_1#6 arrives at 1586336.023604322, sleeping for 0.09174725692719221 seconds
Request model_1#7 arrives at 1586336.116223911, sleeping for 0.587420352967456 seconds
Request model_6#19 arrives at 1586336.704628929, sleeping for 0.019334553740918636 seconds
Request model_2#6 arrives at 1586336.724881206, sleeping for 0.06811655359342694 seconds
Request model_6#20 arrives at 1586336.794260015, sleeping for 0.1461276209447533 seconds
Request model_3#16 arrives at 1586336.941152795, sleeping for 0.0767314019612968 seconds
Request model_6#21 arrives at 1586337.018728878, sleeping for 0.053553435020148754 seconds
Request model_3#17 arrives at 1586337.073302971, sleeping for 0.0651583552826196 seconds
Request model_3#18 arrives at 1586337.139820648, sleeping for 0.12595575279556215 seconds
Request model_1#8 arrives at 1586337.266504422, sleeping for 0.07040543318726122 seconds
Request model_3#19 arrives at 1586337.338102707, sleeping for 0.05458024353720248 seconds
Request model_3#20 arrives at 1586337.393180985, sleeping for 0.10310409683734179 seconds
Request model_6#22 arrives at 1586337.49686162, sleeping for 0.042557829059660435 seconds
Request model_3#21 arrives at 1586337.541158944, sleeping for 0.042962511302903295 seconds
Request model_3#22 arrives at 1586337.584962004, sleeping for 0.01924615167081356 seconds
Request model_1#9 arrives at 1586337.60511216, sleeping for 0.05137238698080182 seconds
Request model_5#3 arrives at 1586337.657411777, sleeping for 0.11563983955420554 seconds
Request model_3#23 arrives at 1586337.774120053, sleeping for 0.007876302348449826 seconds
Request model_6#23 arrives at 1586337.782317516, sleeping for 0.24844802753068507 seconds
Request model_6#24 arrives at 1586338.031258879, sleeping for 0.29752904642373323 seconds
Request model_3#24 arrives at 1586338.329199772, sleeping for 0.18151434767059982 seconds
Request model_6#25 arrives at 1586338.511274926, sleeping for 0.17968393419869244 seconds
Request model_6#26 arrives at 1586338.69219002, sleeping for 0.2606545761227608 seconds
Request model_1#10 arrives at 1586338.953658781, sleeping for 0.08814554242417216 seconds
Request model_6#27 arrives at 1586339.042719742, sleeping for 0.028391484869644046 seconds
Request model_1#11 arrives at 1586339.072307642, sleeping for 0.09954499127343297 seconds
Request model_1#12 arrives at 1586339.172939033, sleeping for 0.10688530281186104 seconds
Request model_6#28 arrives at 1586339.280631559, sleeping for 0.08502441365271807 seconds
Request model_3#25 arrives at 1586339.366205843, sleeping for 0.008158898679539561 seconds
Request model_6#29 arrives at 1586339.374594279, sleeping for 0.014078408246859908 seconds
Request model_3#26 arrives at 1586339.389723096, sleeping for 0.21387735637836158 seconds
Request model_6#30 arrives at 1586339.604186611, sleeping for 0.1053365501575172 seconds
Request model_6#31 arrives at 1586339.710733629, sleeping for 0.15447255270555615 seconds
Request model_3#27 arrives at 1586339.866489928, sleeping for 0.060918821254745126 seconds
Request model_3#28 arrives at 1586339.928358108, sleeping for 0.22506669396534562 seconds
Request model_3#29 arrives at 1586340.154317522, sleeping for 0.34498979756608605 seconds
Request model_3#30 arrives at 1586340.50046444, sleeping for 0.15891180653125048 seconds
Request model_3#31 arrives at 1586340.659827317, sleeping for 0.308108628494665 seconds
Request model_3#32 arrives at 1586340.969003317, sleeping for 0.010193688794970512 seconds
Request model_2#7 arrives at 1586340.980630848, sleeping for 0.11988909682258964 seconds
Request model_6#32 arrives at 1586341.102076941, sleeping for 0.037024895660579205 seconds
Request model_3#33 arrives at 1586341.140432518, sleeping for 0.04427807009778917 seconds
Request model_1#13 arrives at 1586341.185812171, sleeping for 0.029316026717424393 seconds
Request model_2#8 arrives at 1586341.216254577, sleeping for 0.008727289969101548 seconds
Request model_3#34 arrives at 1586341.226076073, sleeping for 0.1478665303438902 seconds
Request model_1#14 arrives at 1586341.375853186, sleeping for 0.16771338670514524 seconds
Request model_1#15 arrives at 1586341.544604206, sleeping for 0.3717387781944126 seconds
Request model_1#16 arrives at 1586341.917196909, sleeping for 0.08905918127857149 seconds
Request model_3#35 arrives at 1586342.006807644, sleeping for 0.11995331174694002 seconds
Request model_1#17 arrives at 1586342.127982445, sleeping for 0.006726231658831239 seconds
Request model_6#33 arrives at 1586342.13501373, sleeping for 0.06569697824306786 seconds
Request model_3#36 arrives at 1586342.201697137, sleeping for 0.09201910975389183 seconds
Request model_3#37 arrives at 1586342.294413887, sleeping for 0.7479835005942732 seconds
Request model_3#38 arrives at 1586343.04313579, sleeping for 0.04239049996249378 seconds
Request model_1#18 arrives at 1586343.086355465, sleeping for 0.37771200272254646 seconds
Request model_3#39 arrives at 1586343.465022465, sleeping for 0.002417584415525198 seconds
Request model_3#40 arrives at 1586343.468080809, sleeping for 0.4194567152298987 seconds
Request model_3#41 arrives at 1586343.888511423, sleeping for 0.05803660838864744 seconds
Request model_6#34 arrives at 1586343.947527991, sleeping for 0.03660991555079818 seconds
Request model_1#19 arrives at 1586343.985406685, sleeping for 0.0005931076593697071 seconds
Request model_6#35 arrives at 1586343.986139881, sleeping for 0.018827980384230614 seconds
Request model_3#42 arrives at 1586344.005786793, sleeping for 0.02662913897074759 seconds
Request model_1#20 arrives at 1586344.032578482, sleeping for 0.0843325115274638 seconds
Request model_1#21 arrives at 1586344.117845843, sleeping for 0.19204948982223868 seconds
Request model_1#22 arrives at 1586344.310838612, sleeping for 0.1856484799645841 seconds
Request model_6#36 arrives at 1586344.496926826, sleeping for 0.03346754447557032 seconds
Request model_6#37 arrives at 1586344.53098783, sleeping for 0.0038642138242721558 seconds
Request model_1#23 arrives at 1586344.535776638, sleeping for 0.008152527501806617 seconds
Request model_6#38 arrives at 1586344.544481465, sleeping for 0.18505260697565973 seconds
Request model_3#43 arrives at 1586344.730198827, sleeping for 0.0706965287681669 seconds
Request model_3#44 arrives at 1586344.801125938, sleeping for 0.031950067495927215 seconds
Request model_3#45 arrives at 1586344.833870782, sleeping for 0.05343709420412779 seconds
Request model_3#46 arrives at 1586344.887557769, sleeping for 0.11273476341739297 seconds
Request model_3#47 arrives at 1586345.001368622, sleeping for 0.11233097640797496 seconds
Request model_6#39 arrives at 1586345.114528191, sleeping for 0.1587094843853265 seconds
Request model_6#40 arrives at 1586345.274261451, sleeping for 0.3207713826559484 seconds
Request model_3#48 arrives at 1586345.596396562, sleeping for 0.18151918333023787 seconds
Request model_3#49 arrives at 1586345.778504505, sleeping for 0.40483212703838944 seconds
Request model_6#41 arrives at 1586346.184136204, sleeping for 0.15062515949830413 seconds
Request model_6#42 arrives at 1586346.335725201, sleeping for 0.13469611946493387 seconds
Request model_3#50 arrives at 1586346.472933256, sleeping for 0.04427249194122851 seconds
Request model_3#51 arrives at 1586346.517771714, sleeping for 0.33149204938672483 seconds
Request model_6#43 arrives at 1586346.849882223, sleeping for 0.03983391122892499 seconds
Request model_3#52 arrives at 1586346.890020544, sleeping for 0.04084220458753407 seconds
Request model_3#53 arrives at 1586346.931536307, sleeping for 0.1355496644973755 seconds
Request model_1#24 arrives at 1586347.068285178, sleeping for 0.27258241013623774 seconds
Request model_6#44 arrives at 1586347.341811571, sleeping for 0.22933105286210775 seconds
Request model_3#54 arrives at 1586347.572330391, sleeping for 0.08438191656023264 seconds
Request model_1#25 arrives at 1586347.658065126, sleeping for 0.009731728350743651 seconds
Request model_6#45 arrives at 1586347.669665946, sleeping for 0.11838345136493444 seconds
Request model_1#26 arrives at 1586347.790406684, sleeping for 0.00426791375502944 seconds
Request model_6#46 arrives at 1586347.794926099, sleeping for 0.13614415773190558 seconds
Request model_2#9 arrives at 1586347.932061453, sleeping for 0.0048698922619223595 seconds
Request model_3#55 arrives at 1586347.937529536, sleeping for 0.013184523209929466 seconds
Request model_1#27 arrives at 1586347.952533352, sleeping for 0.487762276083231 seconds
Request model_3#56 arrives at 1586348.441653619, sleeping for 0.0813992046751082 seconds
Request model_1#28 arrives at 1586348.52429944, sleeping for 0.09658025461249053 seconds
Request model_5#4 arrives at 1586348.621624826, sleeping for 0.25569083564914763 seconds
Request model_6#47 arrives at 1586348.877898976, sleeping for 0.06026801303960383 seconds
Request model_6#48 arrives at 1586348.939306672, sleeping for 0.18959921295754611 seconds
Request model_1#29 arrives at 1586349.130420986, sleeping for 0.05152379744686186 seconds
Request model_3#57 arrives at 1586349.183037224, sleeping for 0.2912156267557293 seconds
Request model_5#5 arrives at 1586349.47492693, sleeping for 0.12461373046971858 seconds
Request model_6#49 arrives at 1586349.600212482, sleeping for 0.16052955179475248 seconds
Request model_6#50 arrives at 1586349.761901718, sleeping for 0.045800669584423304 seconds
Request model_6#51 arrives at 1586349.808495479, sleeping for 0.07418393739499152 seconds
Request model_3#58 arrives at 1586349.8832816, sleeping for 0.020083238603547215 seconds
Request model_3#59 arrives at 1586349.903719658, sleeping for 0.028769240947440267 seconds
Request model_2#10 arrives at 1586349.933037466, sleeping for 0.21406868193298578 seconds
Request model_3#60 arrives at 1586350.147859964, sleeping for 0.29545829514972866 seconds
Request model_6#52 arrives at 1586350.443959833, sleeping for 0.04474919498898089 seconds
Request model_3#61 arrives at 1586350.489149963, sleeping for 0.029858965892344713 seconds
Request model_6#53 arrives at 1586350.520028573, sleeping for 0.1425280380062759 seconds
Request model_3#62 arrives at 1586350.663606737, sleeping for 0.059134529205039144 seconds
Request model_6#54 arrives at 1586350.723364291, sleeping for 0.05310298898257315 seconds
Request model_5#6 arrives at 1586350.777212229, sleeping for 0.2099568136036396 seconds
Request model_3#63 arrives at 1586350.987796064, sleeping for 0.08829073002561927 seconds
Request model_5#7 arrives at 1586351.076689824, sleeping for 0.2901395990047604 seconds
Request model_3#64 arrives at 1586351.366989677, sleeping for 0.1886742003262043 seconds
Request model_1#30 arrives at 1586351.556568569, sleeping for 0.6324103537481278 seconds
Request model_5#8 arrives at 1586352.190128537, sleeping for 0.20362255489453673 seconds
Request model_2#11 arrives at 1586352.394529923, sleeping for 0.15979397227056324 seconds
Request model_3#65 arrives at 1586352.555388432, sleeping for 0.013770206831395626 seconds
Request model_5#9 arrives at 1586352.570244717, sleeping for 0.08510986506007612 seconds
Request model_1#31 arrives at 1586352.655967693, sleeping for 0.002916201250627637 seconds
Request model_2#12 arrives at 1586352.659726242, sleeping for 0.22096381476148963 seconds
Request model_6#55 arrives at 1586352.881326832, sleeping for 0.025172225898131728 seconds
Request model_3#66 arrives at 1586352.90683254, sleeping for 0.0416151755489409 seconds
Request model_6#56 arrives at 1586352.949258259, sleeping for 0.13267597137019038 seconds
Request model_3#67 arrives at 1586353.082814686, sleeping for 0.10167062748223543 seconds
Request model_3#68 arrives at 1586353.185601424, sleeping for 0.07136658928357065 seconds
Request model_3#69 arrives at 1586353.25733391, sleeping for 0.053715462097898126 seconds
Request model_6#57 arrives at 1586353.311889134, sleeping for 0.3686996849719435 seconds
Request model_6#58 arrives at 1586353.681526403, sleeping for 0.02713886834681034 seconds
Request model_3#70 arrives at 1586353.710245886, sleeping for 0.0687007075175643 seconds
Request model_3#71 arrives at 1586353.779778346, sleeping for 0.09646516386419535 seconds
Request model_6#59 arrives at 1586353.87694901, sleeping for 0.23525961814448237 seconds
Request model_5#10 arrives at 1586354.113557637, sleeping for 0.15601968416012824 seconds
Request model_3#72 arrives at 1586354.270860477, sleeping for 0.01584713999181986 seconds
Request model_3#73 arrives at 1586354.287432446, sleeping for 0.08680257434025407 seconds
Request model_6#60 arrives at 1586354.374985956, sleeping for 0.022553034126758575 seconds
Request model_3#74 arrives at 1586354.39869276, sleeping for 0.5038592445198447 seconds
Request model_3#75 arrives at 1586354.90369618, sleeping for 0.21162591385655105 seconds
Request model_6#61 arrives at 1586355.116953715, sleeping for 0.01837863470427692 seconds
Request model_1#32 arrives at 1586355.137375464, sleeping for 0.13612169167026877 seconds
Request model_3#76 arrives at 1586355.274262796, sleeping for 0.14263211749494076 seconds
Request model_6#62 arrives at 1586355.417628559, sleeping for 0.10906986985355616 seconds
Request model_3#77 arrives at 1586355.527408911, sleeping for 0.13374447054229677 seconds
Request model_3#78 arrives at 1586355.661831994, sleeping for 0.06874251994304359 seconds
Request model_6#63 arrives at 1586355.730974251, sleeping for 0.1814041619654745 seconds
Request model_6#64 arrives at 1586355.913533108, sleeping for 0.054040504386648536 seconds
Request model_6#65 arrives at 1586355.968106171, sleeping for 0.059307634364813566 seconds
Request model_6#66 arrives at 1586356.02973264, sleeping for 0.004972954047843814 seconds
Request model_6#67 arrives at 1586356.035073331, sleeping for 0.04670679452829063 seconds
Request model_6#68 arrives at 1586356.082201187, sleeping for 0.3754502139054239 seconds
Request model_2#13 arrives at 1586356.458928431, sleeping for 0.5825625620782375 seconds
Request model_3#79 arrives at 1586357.042712393, sleeping for 0.0996087221428752 seconds
Request model_6#69 arrives at 1586357.143164212, sleeping for 0.4827163789886981 seconds
Request model_1#33 arrives at 1586357.627140109, sleeping for 0.004576458362862468 seconds
Request model_6#70 arrives at 1586357.63243298, sleeping for 0.018879284150898457 seconds
Request model_6#71 arrives at 1586357.652582896, sleeping for 0.09512007888406515 seconds
Request model_3#80 arrives at 1586357.74844317, sleeping for 0.0484539745375514 seconds
Request model_5#11 arrives at 1586357.797806623, sleeping for 0.011956223519518971 seconds
Request model_3#81 arrives at 1586357.81025122, sleeping for 0.06718743918463588 seconds
Request model_6#72 arrives at 1586357.879422177, sleeping for 0.038900361163541675 seconds
Request model_6#73 arrives at 1586357.918678531, sleeping for 0.03191330120898783 seconds
Request model_1#34 arrives at 1586357.950893421, sleeping for 0.048113485565409064 seconds
Request model_3#82 arrives at 1586357.999428428, sleeping for 0.1698716797400266 seconds
Request model_3#83 arrives at 1586358.170667697, sleeping for 0.055880713276565075 seconds
Request model_5#12 arrives at 1586358.227458888, sleeping for 0.2898289617151022 seconds
Request model_1#35 arrives at 1586358.518605568, sleeping for 0.04515827517025173 seconds
Request model_3#84 arrives at 1586358.564417843, sleeping for 0.10764406132511795 seconds
Request model_3#85 arrives at 1586358.672687653, sleeping for 0.32667520991526544 seconds
Request model_3#86 arrives at 1586359.000544948, sleeping for 0.11065390915609896 seconds
Request model_3#87 arrives at 1586359.112311976, sleeping for 0.005818472243845463 seconds
Request model_3#88 arrives at 1586359.119089658, sleeping for 0.015858092810958624 seconds
Request model_6#74 arrives at 1586359.135264744, sleeping for 0.06361077050678432 seconds
Request model_3#89 arrives at 1586359.199645074, sleeping for 0.05293400585651398 seconds
Request model_6#75 arrives at 1586359.254790842, sleeping for 0.06437862059101462 seconds
Request model_3#90 arrives at 1586359.320519952, sleeping for 1.0917178909294307 seconds
Request model_6#76 arrives at 1586360.41415209, sleeping for 0.25899825477972627 seconds
Request model_6#77 arrives at 1586360.674246159, sleeping for 0.0020176211837679148 seconds
Request model_3#91 arrives at 1586360.676871339, sleeping for 0.2268997891806066 seconds
Request model_3#92 arrives at 1586360.904370154, sleeping for 0.08144473074935377 seconds
Request model_3#93 arrives at 1586360.986816975, sleeping for 0.016928733326494694 seconds
Request model_3#94 arrives at 1586361.004461981, sleeping for 0.10484419204294682 seconds
Request model_6#78 arrives at 1586361.110136941, sleeping for 0.0058863963931798935 seconds
Request model_3#95 arrives at 1586361.116771093, sleeping for 0.002791732782498002 seconds
Request model_3#96 arrives at 1586361.119831007, sleeping for 0.2910937275737524 seconds
Request model_6#79 arrives at 1586361.411811473, sleeping for 0.030967234866693616 seconds
Request model_3#97 arrives at 1586361.443585699, sleeping for 0.04168761079199612 seconds
Request model_6#80 arrives at 1586361.48611938, sleeping for 0.17136532510630786 seconds
Request model_3#98 arrives at 1586361.659269463, sleeping for 0.030567050678655505 seconds
Request model_6#81 arrives at 1586361.690758048, sleeping for 0.015136844478547573 seconds
Request model_6#82 arrives at 1586361.706630491, sleeping for 0.059780857525765896 seconds
Request model_3#99 arrives at 1586361.767891697, sleeping for 0.18983835680410266 seconds
Request model_6#83 arrives at 1586361.958492936, sleeping for 0.0061334974598139524 seconds
Request model_3#100 arrives at 1586361.965716282, sleeping for 0.15489967982284725 seconds
Request model_1#36 arrives at 1586362.121512221, sleeping for 0.09676131512969732 seconds
Request model_3#101 arrives at 1586362.219425781, sleeping for 0.13953671022318304 seconds
Request model_3#102 arrives at 1586362.359321797, sleeping for 0.24269409384578466 seconds
Request model_3#103 arrives at 1586362.603524332, sleeping for 0.011365057434886694 seconds
Request model_3#104 arrives at 1586362.615246523, sleeping for 0.12551992968656123 seconds
Request model_6#84 arrives at 1586362.741424592, sleeping for 0.04929244774393737 seconds
Request model_6#85 arrives at 1586362.791180768, sleeping for 0.13016047328710556 seconds
Request model_3#105 arrives at 1586362.922195005, sleeping for 0.33122313348576427 seconds
Request model_5#13 arrives at 1586363.254202332, sleeping for 0.0680724170524627 seconds
Request model_3#106 arrives at 1586363.322941315, sleeping for 0.05485310708172619 seconds
Request model_3#107 arrives at 1586363.378657878, sleeping for 0.03052368829958141 seconds
Request model_3#108 arrives at 1586363.409370886, sleeping for 0.07886012829840183 seconds
Request model_2#14 arrives at 1586363.489207056, sleeping for 0.1005587528925389 seconds
Request model_3#109 arrives at 1586363.591024946, sleeping for 0.1087890153285116 seconds
Request model_6#86 arrives at 1586363.700264804, sleeping for 0.020895512774586678 seconds
Request model_6#87 arrives at 1586363.722144043, sleeping for 0.07353613502345979 seconds
Request model_6#88 arrives at 1586363.796863013, sleeping for 0.3305918099358678 seconds
Request model_2#15 arrives at 1586364.128554097, sleeping for 0.13309500785544515 seconds
Request model_5#14 arrives at 1586364.262369766, sleeping for 0.030439434573054314 seconds
Request model_1#37 arrives at 1586364.293099645, sleeping for 0.06551816989667714 seconds
Request model_2#16 arrives at 1586364.358822585, sleeping for 0.5395033280365169 seconds
Request model_3#110 arrives at 1586364.899157688, sleeping for 0 seconds
Request model_1#38 arrives at 1586364.899789303, sleeping for 0.007693932391703129 seconds
Request model_1#39 arrives at 1586364.907757695, sleeping for 0.02272272459231317 seconds
Request model_1#40 arrives at 1586364.931490119, sleeping for 0.01887901173904538 seconds
Request model_1#41 arrives at 1586364.951192792, sleeping for 0.1304811709560454 seconds
Request model_6#89 arrives at 1586365.082249909, sleeping for 0.20353217865340412 seconds
Request model_3#111 arrives at 1586365.286160582, sleeping for 0.041533948853611946 seconds
Request model_2#17 arrives at 1586365.327868385, sleeping for 0.04687902214936912 seconds
Request model_3#112 arrives at 1586365.375278323, sleeping for 0.21219195192679763 seconds
Request model_2#18 arrives at 1586365.588588268, sleeping for 0.08228597627021372 seconds
Request model_6#90 arrives at 1586365.671581043, sleeping for 0.08849747362546623 seconds
Request model_6#91 arrives at 1586365.760912656, sleeping for 0.17443818878382444 seconds
Request model_1#42 arrives at 1586365.936107996, sleeping for 0.1793219014070928 seconds
Request model_3#113 arrives at 1586366.11577284, sleeping for 0.016936511965468526 seconds
Request model_3#114 arrives at 1586366.133553658, sleeping for 0.029379382729530334 seconds
Request model_6#92 arrives at 1586366.163240558, sleeping for 0.03365939809009433 seconds
Request model_6#93 arrives at 1586366.197915197, sleeping for 0.011312036542221904 seconds
Request model_1#43 arrives at 1586366.209532658, sleeping for 0.04580565355718136 seconds
Request model_1#44 arrives at 1586366.255774777, sleeping for 0.07827633642591536 seconds
Request model_6#94 arrives at 1586366.334988741, sleeping for 0.2283584689721465 seconds
Request model_3#115 arrives at 1586366.563868537, sleeping for 0.1424406033474952 seconds
Request model_6#95 arrives at 1586366.708332509, sleeping for 0.13178173475898802 seconds
Request model_3#116 arrives at 1586366.840542844, sleeping for 0.17561532370746136 seconds
Request model_1#45 arrives at 1586367.017035224, sleeping for 0.07234415062703192 seconds
Request model_3#117 arrives at 1586367.090775636, sleeping for 0.04791809222660959 seconds
Request model_3#118 arrives at 1586367.139455304, sleeping for 0.0854306141845882 seconds
Request model_2#19 arrives at 1586367.22518775, sleeping for 0.17499444051645696 seconds
Request model_3#119 arrives at 1586367.402079182, sleeping for 0.11076220008544624 seconds
Request model_6#96 arrives at 1586367.513952701, sleeping for 0.29118218924850225 seconds
Request model_6#97 arrives at 1586367.806080188, sleeping for 0.023750703781843185 seconds
Request model_3#120 arrives at 1586367.830523967, sleeping for 0.011800981592386961 seconds
Request model_6#98 arrives at 1586367.842797473, sleeping for 0.26491106627509 seconds
Request model_1#46 arrives at 1586368.108806727, sleeping for 0.06285986257717013 seconds
Request model_1#47 arrives at 1586368.172251359, sleeping for 0.21726348716765642 seconds
Request model_3#121 arrives at 1586368.390897216, sleeping for 0.10004679905250669 seconds
Request model_3#122 arrives at 1586368.49185299, sleeping for 0.1199799960013479 seconds
Request model_5#15 arrives at 1586368.612421385, sleeping for 0.09377299039624631 seconds
Request model_6#99 arrives at 1586368.706595816, sleeping for 0.05421280884183943 seconds
Request model_6#100 arrives at 1586368.761884435, sleeping for 0.15879082400351763 seconds
Request model_3#123 arrives at 1586368.92107455, sleeping for 0.1264860494993627 seconds
Request model_3#124 arrives at 1586369.048915492, sleeping for 0.39723492064513266 seconds
Request model_1#48 arrives at 1586369.446897701, sleeping for 0.5239622646477073 seconds
Request model_2#20 arrives at 1586369.971926855, sleeping for 0.050034971442073584 seconds
Request model_6#101 arrives at 1586370.022186585, sleeping for 0.07666706410236657 seconds
Request model_1#49 arrives at 1586370.099401995, sleeping for 0.17098935833200812 seconds
Request model_6#102 arrives at 1586370.271216698, sleeping for 0.04974836250767112 seconds
Request model_3#125 arrives at 1586370.322051742, sleeping for 0.14612307562492788 seconds
Request model_3#126 arrives at 1586370.468591819, sleeping for 0.41771957534365356 seconds
Request model_1#50 arrives at 1586370.888602879, sleeping for 0.08539229910820723 seconds
Request model_6#103 arrives at 1586370.975038559, sleeping for 0.1438170513138175 seconds
Request model_1#51 arrives at 1586371.119543371, sleeping for 0.1596736495848745 seconds
Request model_3#127 arrives at 1586371.280028486, sleeping for 0.22837674687616527 seconds
Request model_6#104 arrives at 1586371.508740891, sleeping for 0.015326749766245484 seconds
Request model_3#128 arrives at 1586371.524489193, sleeping for 0.1334594190120697 seconds
Request model_5#16 arrives at 1586371.658859506, sleeping for 0.012691158801317215 seconds
Request model_3#129 arrives at 1586371.671895697, sleeping for 0.05442570219747722 seconds
Request model_3#130 arrives at 1586371.727726071, sleeping for 0.04586158902384341 seconds
Request model_6#105 arrives at 1586371.774406543, sleeping for 0.2245055038947612 seconds
Request model_6#106 arrives at 1586371.999253878, sleeping for 0.03656475804746151 seconds
Request model_1#52 arrives at 1586372.036577417, sleeping for 0.8699611581396312 seconds
Request model_3#131 arrives at 1586372.907769498, sleeping for 0.1893542972393334 seconds
Request model_6#107 arrives at 1586373.098308856, sleeping for 0.4180571308825165 seconds
Request model_6#108 arrives at 1586373.516978165, sleeping for 0.054133257595822215 seconds
Request model_5#17 arrives at 1586373.571526628, sleeping for 0.19027314567938447 seconds
Request model_5#18 arrives at 1586373.762364119, sleeping for 0.08640418574213982 seconds
Request model_3#132 arrives at 1586373.849098912, sleeping for 0.07531926524825394 seconds
Request model_3#133 arrives at 1586373.925298893, sleeping for 0.11674052756279707 seconds
Request model_5#19 arrives at 1586374.042462962, sleeping for 0.07648470858111978 seconds
Request model_5#20 arrives at 1586374.119731152, sleeping for 0.04507362679578364 seconds
Request model_2#21 arrives at 1586374.165428677, sleeping for 0.09311308478936553 seconds
Request model_2#22 arrives at 1586374.259036653, sleeping for 0.2255540865007788 seconds
Request model_5#21 arrives at 1586374.485651921, sleeping for 0.07170365983620286 seconds
Request model_5#22 arrives at 1586374.55893743, sleeping for 0.372377886204049 seconds
Request model_3#134 arrives at 1586374.932312747, sleeping for 0.10947976959869266 seconds
Request model_3#135 arrives at 1586375.042928276, sleeping for 0.08623461029492319 seconds
Request model_5#23 arrives at 1586375.129521708, sleeping for 0.04849701467901468 seconds
Request model_3#136 arrives at 1586375.179006922, sleeping for 0.03455557604320347 seconds
Request model_2#23 arrives at 1586375.214482587, sleeping for 0.32907731062732637 seconds
Request model_5#24 arrives at 1586375.544043184, sleeping for 0.2848172152880579 seconds
Request model_5#25 arrives at 1586375.829414238, sleeping for 0.22386004799045622 seconds
Request model_2#24 arrives at 1586376.053615858, sleeping for 0.010371393989771605 seconds
Request model_5#26 arrives at 1586376.064743615, sleeping for 0.22918275464326143 seconds
Request model_2#25 arrives at 1586376.294421327, sleeping for 0.13583159865811467 seconds
Request model_2#26 arrives at 1586376.4314907, sleeping for 0.05751249101012945 seconds
Request model_5#27 arrives at 1586376.490480768, sleeping for 0.2892384168226272 seconds
Request model_5#28 arrives at 1586376.781766428, sleeping for 0.1308423161972314 seconds
Request model_3#137 arrives at 1586376.913197648, sleeping for 0.049732631072402 seconds
Request model_3#138 arrives at 1586376.96368666, sleeping for 0.02990125841461122 seconds
Request model_3#139 arrives at 1586376.994163966, sleeping for 0.35859281406737864 seconds
Request model_5#29 arrives at 1586377.353762646, sleeping for 0.1334281130693853 seconds
Request model_3#140 arrives at 1586377.48826617, sleeping for 0.05613820650614798 seconds
Request model_5#30 arrives at 1586377.545653855, sleeping for 0.08406329364515841 seconds
Request model_6#109 arrives at 1586377.631833444, sleeping for 0.11866647005081177 seconds
Request model_6#110 arrives at 1586377.752616111, sleeping for 0.048323223600164056 seconds
Request model_5#31 arrives at 1586377.80141899, sleeping for 0.26749570411629975 seconds
Request model_3#141 arrives at 1586378.069721852, sleeping for 0.19352357392199337 seconds
Request model_5#32 arrives at 1586378.263558905, sleeping for 0.06594608724117279 seconds
Request model_5#33 arrives at 1586378.330317994, sleeping for 0.04539884836412966 seconds
Request model_3#142 arrives at 1586378.376077219, sleeping for 0.003947610966861248 seconds
Request model_3#143 arrives at 1586378.380757595, sleeping for 0.07511116983368993 seconds
Request model_3#144 arrives at 1586378.456452412, sleeping for 0.02550882799550891 seconds
Request model_5#34 arrives at 1586378.483013778, sleeping for 0.02567519317381084 seconds
Request model_3#145 arrives at 1586378.510685893, sleeping for 0.15726396534591913 seconds
Request model_5#35 arrives at 1586378.668084664, sleeping for 0.006293122423812747 seconds
Request model_2#27 arrives at 1586378.674780356, sleeping for 0.30714257853105664 seconds
Request model_3#146 arrives at 1586378.982309883, sleeping for 0.18829097296111286 seconds
Request model_5#36 arrives at 1586379.171233158, sleeping for 0.05883359769359231 seconds
Request model_6#111 arrives at 1586379.230281817, sleeping for 0.1342232262250036 seconds
Request model_5#37 arrives at 1586379.365508576, sleeping for 0.19926015031524003 seconds
Request model_5#38 arrives at 1586379.566580796, sleeping for 0.1702327465172857 seconds
Request model_4#0 arrives at 1586379.737016248, sleeping for 0.2605454637669027 seconds
Request model_5#39 arrives at 1586379.998735059, sleeping for 0.1543001332320273 seconds
Request model_5#40 arrives at 1586380.153264258, sleeping for 0.049856303725391626 seconds
Request model_5#41 arrives at 1586380.204028672, sleeping for 0.10694306809455156 seconds
Request model_5#42 arrives at 1586380.311150873, sleeping for 0.2243340304121375 seconds
Request model_3#147 arrives at 1586380.536463422, sleeping for 0.0218846641946584 seconds
Request model_5#43 arrives at 1586380.559313438, sleeping for 0.0756924576126039 seconds
Request model_3#148 arrives at 1586380.636043014, sleeping for 0.06591438828036189 seconds
Request model_5#44 arrives at 1586380.702870533, sleeping for 0.05771722411736846 seconds
Request model_2#28 arrives at 1586380.761148025, sleeping for 0.42705937987193465 seconds
Request model_5#45 arrives at 1586381.188592231, sleeping for 0.07339357840828598 seconds
Request model_3#149 arrives at 1586381.262613055, sleeping for 0.008534286869689822 seconds
Request model_6#112 arrives at 1586381.271314013, sleeping for 0.0030651825945824385 seconds
Request model_2#29 arrives at 1586381.274993341, sleeping for 0.15842358185909688 seconds
Request model_5#46 arrives at 1586381.434914842, sleeping for 0.1282947773579508 seconds
Request model_3#150 arrives at 1586381.563548071, sleeping for 0.09556845249608159 seconds
Request model_5#47 arrives at 1586381.659489485, sleeping for 0.33209908404387534 seconds
Request model_3#151 arrives at 1586381.992416508, sleeping for 0.05801030434668064 seconds
Request model_5#48 arrives at 1586382.050965182, sleeping for 0.5049505217466503 seconds
Request model_2#30 arrives at 1586382.556789167, sleeping for 0.027131977723911405 seconds
Request model_2#31 arrives at 1586382.585305758, sleeping for 0.6092953195329756 seconds
Request model_2#32 arrives at 1586383.196389919, sleeping for 0.17445511487312615 seconds
Request model_5#49 arrives at 1586383.37311671, sleeping for 0.047631064895540476 seconds
Request model_5#50 arrives at 1586383.421729248, sleeping for 0.03690022858791053 seconds
Request model_2#33 arrives at 1586383.460365987, sleeping for 0.03074358031153679 seconds
Request model_5#51 arrives at 1586383.492026863, sleeping for 0.24901753454469144 seconds
Request model_4#1 arrives at 1586383.741962212, sleeping for 0.04027883312664926 seconds
Request model_4#2 arrives at 1586383.783419673, sleeping for 0.10846894164569676 seconds
Request model_6#113 arrives at 1586383.893363287, sleeping for 0.012805377831682563 seconds
Request model_5#52 arrives at 1586383.908312412, sleeping for 0.042736482340842485 seconds
Request model_5#53 arrives at 1586383.951432357, sleeping for 0.1725081098265946 seconds
Request model_2#34 arrives at 1586384.124403639, sleeping for 0.0789640776347369 seconds
Request model_3#152 arrives at 1586384.204076378, sleeping for 0.040901278611272573 seconds
Request model_2#35 arrives at 1586384.245780861, sleeping for 0.08001699950546026 seconds
Request model_5#54 arrives at 1586384.326171915, sleeping for 0.06409996352158487 seconds
Request model_3#153 arrives at 1586384.390884957, sleeping for 0.22030696016736329 seconds
Request model_5#55 arrives at 1586384.611986842, sleeping for 0.09548777365125716 seconds
Request model_6#114 arrives at 1586384.707768185, sleeping for 0.018481751205399632 seconds
Request model_5#56 arrives at 1586384.727636829, sleeping for 0.14558986946940422 seconds
Request model_5#57 arrives at 1586384.873904444, sleeping for 0.1340318655129522 seconds
Request model_6#115 arrives at 1586385.008475418, sleeping for 0.17221373389475048 seconds
Request model_5#58 arrives at 1586385.181856624, sleeping for 0.025495881447568536 seconds
Request model_5#59 arrives at 1586385.208099867, sleeping for 0.0238235869910568 seconds
Request model_3#154 arrives at 1586385.232383415, sleeping for 0.08313713385723531 seconds
Request model_3#155 arrives at 1586385.315902993, sleeping for 0.02518018474802375 seconds
Request model_6#116 arrives at 1586385.341964495, sleeping for 0.0011958666145801544 seconds
Request model_5#60 arrives at 1586385.344220093, sleeping for 0.019764465279877186 seconds
Request model_3#156 arrives at 1586385.364760873, sleeping for 0.04719045548699796 seconds
Request model_5#61 arrives at 1586385.412497373, sleeping for 0.006701010977849364 seconds
Request model_2#36 arrives at 1586385.420164952, sleeping for 0.012815984198823571 seconds
Request model_3#157 arrives at 1586385.433275464, sleeping for 0.6271692861337215 seconds
Request model_4#3 arrives at 1586386.061014924, sleeping for 0.044409822672605515 seconds
Request model_5#62 arrives at 1586386.105731471, sleeping for 0.007241932675242424 seconds
Request model_5#63 arrives at 1586386.113465131, sleeping for 0.015938741620630026 seconds
Request model_6#117 arrives at 1586386.130143211, sleeping for 0.041275227908045053 seconds
Request model_5#64 arrives at 1586386.171821404, sleeping for 0.17272146698087454 seconds
Request model_3#158 arrives at 1586386.345674353, sleeping for 0.02303809253498912 seconds
Request model_4#4 arrives at 1586386.369496828, sleeping for 0.0287096977699548 seconds
Request model_5#65 arrives at 1586386.398540413, sleeping for 0.06802798504941165 seconds
Request model_5#66 arrives at 1586386.467276476, sleeping for 0.3889883083757013 seconds
Request model_5#67 arrives at 1586386.857398373, sleeping for 0.0640683660749346 seconds
Request model_3#159 arrives at 1586386.921870263, sleeping for 0.16871502995491028 seconds
Request model_5#68 arrives at 1586387.091746281, sleeping for 0.4278499116189778 seconds
Request model_5#69 arrives at 1586387.520367546, sleeping for 0.11169910500757396 seconds
Request model_5#70 arrives at 1586387.632918539, sleeping for 0.13922972488217056 seconds
Request model_4#5 arrives at 1586387.772986706, sleeping for 0.09416998364031315 seconds
Request model_2#37 arrives at 1586387.86750786, sleeping for 0.10165598872117698 seconds
Request model_2#38 arrives at 1586387.970325297, sleeping for 0.007081901887431741 seconds
Request model_5#71 arrives at 1586387.978156058, sleeping for 0.014838232891634107 seconds
Request model_5#72 arrives at 1586387.99392883, sleeping for 0.15773091558367014 seconds
Request model_4#6 arrives at 1586388.152846103, sleeping for 0.019738196162506938 seconds
Request model_5#73 arrives at 1586388.172904919, sleeping for 0.015531214186921716 seconds
Request model_5#74 arrives at 1586388.188992893, sleeping for 0.17548277019523084 seconds
Request model_5#75 arrives at 1586388.365029809, sleeping for 0.06944170105271041 seconds
Request model_5#76 arrives at 1586388.434966932, sleeping for 0.09017203422263265 seconds
Request model_5#77 arrives at 1586388.525565065, sleeping for 0.08155629807151854 seconds
Request model_2#39 arrives at 1586388.608262346, sleeping for 0.129617968108505 seconds
Request model_5#78 arrives at 1586388.738700278, sleeping for 0.00882719294168055 seconds
Request model_6#118 arrives at 1586388.748061711, sleeping for 0.11221524071879685 seconds
Request model_4#7 arrives at 1586388.861022767, sleeping for 0.052402114728465676 seconds
Request model_5#79 arrives at 1586388.914962266, sleeping for 0.12470392300747335 seconds
Request model_3#160 arrives at 1586389.040901853, sleeping for 0.24759638565592468 seconds
Request model_5#80 arrives at 1586389.288938627, sleeping for 0.159213230246678 seconds
Request model_3#161 arrives at 1586389.448704236, sleeping for 0.09859064687043428 seconds
Request model_2#40 arrives at 1586389.54843636, sleeping for 0.31645128689706326 seconds
Request model_5#81 arrives at 1586389.865833972, sleeping for 0.13421508856117725 seconds
Request model_3#162 arrives at 1586390.000599278, sleeping for 0.028260070830583572 seconds
Request model_3#163 arrives at 1586390.030122957, sleeping for 0.03312946646474302 seconds
Request model_3#164 arrives at 1586390.063723217, sleeping for 0.09557241480797529 seconds
Request model_3#165 arrives at 1586390.160806281, sleeping for 0.12372504454106092 seconds
Request model_3#166 arrives at 1586390.285991372, sleeping for 0.0007080803625285625 seconds
Request model_5#82 arrives at 1586390.28702255, sleeping for 0.07864274829626083 seconds
Request model_6#119 arrives at 1586390.366141464, sleeping for 0.08751862705685198 seconds
Request model_5#83 arrives at 1586390.454819612, sleeping for 0.0660011894069612 seconds
Request model_5#84 arrives at 1586390.521465209, sleeping for 0.12988667865283787 seconds
Request model_6#120 arrives at 1586390.652303264, sleeping for 0.171274128369987 seconds
Request model_5#85 arrives at 1586390.824905213, sleeping for 0.12408689176663756 seconds
Request model_6#121 arrives at 1586390.950014103, sleeping for 0.011350462213158607 seconds
Request model_3#167 arrives at 1586390.96245851, sleeping for 0.013426130637526512 seconds
Request model_5#86 arrives at 1586390.977388196, sleeping for 0.10905194329097867 seconds
Request model_3#168 arrives at 1586391.087680971, sleeping for 0.008056998252868652 seconds
Request model_5#87 arrives at 1586391.096933393, sleeping for 0.1534274574369192 seconds
Request model_5#88 arrives at 1586391.250964088, sleeping for 0.0862360114697367 seconds
Request model_5#89 arrives at 1586391.338674539, sleeping for 0.01529514486901462 seconds
Request model_5#90 arrives at 1586391.355234007, sleeping for 0.03424653806723654 seconds
Request model_5#91 arrives at 1586391.390754812, sleeping for 0.32259167870506644 seconds
Request model_2#41 arrives at 1586391.714481564, sleeping for 0.02628350700251758 seconds
Request model_3#169 arrives at 1586391.742753823, sleeping for 0.025831047212705016 seconds
Request model_2#42 arrives at 1586391.768811645, sleeping for 0.1647745391819626 seconds
Request model_5#92 arrives at 1586391.934167128, sleeping for 0.04429865535348654 seconds
Request model_5#93 arrives at 1586391.979357389, sleeping for 0.055954003939405084 seconds
Request model_5#94 arrives at 1586392.035952278, sleeping for 0.015327362576499581 seconds
Request model_6#122 arrives at 1586392.052424135, sleeping for 0.06734778801910579 seconds
Request model_3#170 arrives at 1586392.121529022, sleeping for 0.14818048011511564 seconds
Request model_5#95 arrives at 1586392.270448897, sleeping for 0.4237396130338311 seconds
Request model_3#171 arrives at 1586392.696156379, sleeping for 0.2138454767409712 seconds
Request model_5#96 arrives at 1586392.911284028, sleeping for 0.08880223915912211 seconds
Request model_5#97 arrives at 1586393.001161805, sleeping for 0.06355382269248366 seconds
Request model_6#123 arrives at 1586393.104552537, sleeping for 0.08266541361808777 seconds
Request model_5#98 arrives at 1586393.187729463, sleeping for 0.03566968720406294 seconds
Request model_2#43 arrives at 1586393.224615099, sleeping for 0.07756002992391586 seconds
Request model_5#99 arrives at 1586393.303030857, sleeping for 0.11037881509400904 seconds
Request model_4#8 arrives at 1586393.414522862, sleeping for 0.0011917308438569307 seconds
Request model_3#172 arrives at 1586393.41683807, sleeping for 0.04610318737104535 seconds
Request model_5#100 arrives at 1586393.463879785, sleeping for 0.1595271748956293 seconds
Request model_5#101 arrives at 1586393.624479141, sleeping for 0.07486459892243147 seconds
Request model_6#124 arrives at 1586393.700327039, sleeping for 0.3503431058488786 seconds
Request model_3#173 arrives at 1586394.051220971, sleeping for 0.012627235613763332 seconds
Request model_2#44 arrives at 1586394.064595085, sleeping for 0.03617446543648839 seconds
Request model_3#174 arrives at 1586394.102329138, sleeping for 0.17172833741642535 seconds
Request model_5#102 arrives at 1586394.274529024, sleeping for 0.16081485990434885 seconds
Request model_3#175 arrives at 1586394.435527823, sleeping for 0.2287124607246369 seconds
Request model_5#103 arrives at 1586394.665447726, sleeping for 0.0029442384839057922 seconds
Request model_5#104 arrives at 1586394.669293396, sleeping for 0.11879316461272538 seconds
Request model_6#125 arrives at 1586394.788282069, sleeping for 0.052499308716505766 seconds
Request model_5#105 arrives at 1586394.841856024, sleeping for 0.08302124193869531 seconds
Request model_3#176 arrives at 1586394.925302702, sleeping for 0.037453464698046446 seconds
Request model_3#177 arrives at 1586394.962994204, sleeping for 0.2519982000812888 seconds
Request model_3#178 arrives at 1586395.215943937, sleeping for 0.09400504129007459 seconds
Request model_5#106 arrives at 1586395.310717421, sleeping for 0.16246328735724092 seconds
Request model_3#179 arrives at 1586395.475195017, sleeping for 0.168422898510471 seconds
Request model_5#107 arrives at 1586395.644096258, sleeping for 0.013647972838953137 seconds
Request model_5#108 arrives at 1586395.658859562, sleeping for 0.23043630621396005 seconds
Request model_3#180 arrives at 1586395.889737873, sleeping for 0.09285323484800756 seconds
Request model_5#109 arrives at 1586395.98344465, sleeping for 0.08464811043813825 seconds
Request model_3#181 arrives at 1586396.069052094, sleeping for 0.1917927807662636 seconds
Request model_5#110 arrives at 1586396.261393276, sleeping for 0.12398110935464501 seconds
Request model_3#182 arrives at 1586396.385738901, sleeping for 0.05652951495721936 seconds
Request model_4#9 arrives at 1586396.443291207, sleeping for 0.13738565403036773 seconds
Request model_5#111 arrives at 1586396.581282798, sleeping for 0.04529432626441121 seconds
Request model_5#112 arrives at 1586396.627179934, sleeping for 0.19415387301705778 seconds
Request model_5#113 arrives at 1586396.821816293, sleeping for 0.016289107268676162 seconds
Request model_3#183 arrives at 1586396.838542783, sleeping for 0.02206317358650267 seconds
Request model_6#126 arrives at 1586396.861224309, sleeping for 0.32963480334728956 seconds
Request model_5#114 arrives at 1586397.191725963, sleeping for 0.13152436492964625 seconds
Request model_2#45 arrives at 1586397.323951499, sleeping for 0.07168109435588121 seconds
Request model_5#115 arrives at 1586397.396100958, sleeping for 0.35359636321663857 seconds
Request model_2#46 arrives at 1586397.750528168, sleeping for 0.013108533574268222 seconds
Request model_2#47 arrives at 1586397.763977392, sleeping for 0.22174341161735356 seconds
Request model_3#184 arrives at 1586397.987691667, sleeping for 0.029857849003747106 seconds
Request model_5#116 arrives at 1586398.018185474, sleeping for 0.1721506263129413 seconds
Request model_3#185 arrives at 1586398.191056595, sleeping for 0.02220495231449604 seconds
Request model_5#117 arrives at 1586398.214424056, sleeping for 0.002287196693941951 seconds
Request model_3#186 arrives at 1586398.217233128, sleeping for 0.1938379390630871 seconds
Request model_5#118 arrives at 1586398.41223197, sleeping for 0.08997482783161104 seconds
Request model_2#48 arrives at 1586398.502654992, sleeping for 0.14763788552954793 seconds
Request model_6#127 arrives at 1586398.652344663, sleeping for 0.06037939293310046 seconds
Request model_5#119 arrives at 1586398.713930911, sleeping for 0.024982383707538247 seconds
Request model_3#187 arrives at 1586398.739840661, sleeping for 0.00014789286069571972 seconds
Request model_3#188 arrives at 1586398.740727108, sleeping for 0.0727597139775753 seconds
Request model_2#49 arrives at 1586398.814168298, sleeping for 0 seconds
Request model_5#120 arrives at 1586398.814782813, sleeping for 0.023154060589149594 seconds
Request model_3#189 arrives at 1586398.838694448, sleeping for 0.002876710845157504 seconds
Request model_5#121 arrives at 1586398.84269973, sleeping for 0.1319958809763193 seconds
Request model_3#190 arrives at 1586398.975387049, sleeping for 0.06424795859493315 seconds
Request model_5#122 arrives at 1586399.040635725, sleeping for 0.08777761552482843 seconds
Request model_3#191 arrives at 1586399.129464794, sleeping for 0.21412756224162877 seconds
Request model_3#192 arrives at 1586399.344878715, sleeping for 0.007935732835903764 seconds
Request model_3#193 arrives at 1586399.353090618, sleeping for 0.007269266527146101 seconds
Request model_4#10 arrives at 1586399.361094931, sleeping for 0.028079315787181258 seconds
Request model_5#123 arrives at 1586399.389513151, sleeping for 0.042709988774731755 seconds
Request model_6#128 arrives at 1586399.43317758, sleeping for 3.0517345294356346e-05 seconds
Request model_5#124 arrives at 1586399.434023156, sleeping for 0.5068141743540764 seconds
Request model_2#50 arrives at 1586399.941823425, sleeping for 0.05308302887715399 seconds
Request model_3#194 arrives at 1586399.996357228, sleeping for 0.02121661137789488 seconds
Request model_2#51 arrives at 1586400.018860113, sleeping for 0.11521377856843174 seconds
Request model_6#129 arrives at 1586400.134865083, sleeping for 0.0064100162126123905 seconds
Request model_6#130 arrives at 1586400.142133779, sleeping for 0.1850006941240281 seconds
Request model_5#125 arrives at 1586400.328158012, sleeping for 0.4224534397944808 seconds
Request model_2#52 arrives at 1586400.751408695, sleeping for 0.018623059382662177 seconds
Request model_2#53 arrives at 1586400.77142929, sleeping for 0.10048729996196926 seconds
Request model_3#195 arrives at 1586400.872559255, sleeping for 0.07500787894241512 seconds
Request model_5#126 arrives at 1586400.948287562, sleeping for 0.21536029851995409 seconds
Request model_5#127 arrives at 1586401.164762161, sleeping for 0.008958745282143354 seconds
Request model_5#128 arrives at 1586401.175594625, sleeping for 0.028013775125145912 seconds
Request model_5#129 arrives at 1586401.205384286, sleeping for 0.021726726787164807 seconds
Request model_3#196 arrives at 1586401.227386697, sleeping for 0.10530413221567869 seconds
Request model_5#130 arrives at 1586401.333694131, sleeping for 0.08429074101150036 seconds
Request model_3#197 arrives at 1586401.418806831, sleeping for 0.060806420631706715 seconds
Request model_5#131 arrives at 1586401.480088167, sleeping for 0.023714422713965178 seconds
Request model_5#132 arrives at 1586401.504553927, sleeping for 0.05128996027633548 seconds
Request model_5#133 arrives at 1586401.556954943, sleeping for 0.006453984417021275 seconds
Request model_3#198 arrives at 1586401.564402471, sleeping for 0.03701765462756157 seconds
Request model_5#134 arrives at 1586401.602254574, sleeping for 0.15905399643816054 seconds
Request model_6#131 arrives at 1586401.762038134, sleeping for 0.13547497428953648 seconds
Request model_5#135 arrives at 1586401.89814593, sleeping for 0.08784302230924368 seconds
Request model_6#132 arrives at 1586401.987651334, sleeping for 0.27611386333592236 seconds
Request model_6#133 arrives at 1586402.265054845, sleeping for 0.23127726488746703 seconds
Request model_5#136 arrives at 1586402.496661722, sleeping for 0.033128823852166533 seconds
Request model_3#199 arrives at 1586402.530692596, sleeping for 0.29314368637278676 seconds
Request model_5#137 arrives at 1586402.824714156, sleeping for 0.03449238184839487 seconds
Request model_5#138 arrives at 1586402.859466886, sleeping for 0.0972555314656347 seconds
Request model_3#200 arrives at 1586402.957390806, sleeping for 0.13154288427904248 seconds
Request model_5#139 arrives at 1586403.08943647, sleeping for 0.12228811415843666 seconds
Request model_5#140 arrives at 1586403.212485194, sleeping for 0.059541161404922605 seconds
Request model_2#54 arrives at 1586403.274034902, sleeping for 0.019820009591057897 seconds
Request model_3#201 arrives at 1586403.29449664, sleeping for 0.1683297581039369 seconds
Request model_5#141 arrives at 1586403.463897084, sleeping for 0.04198497696779668 seconds
Request model_5#142 arrives at 1586403.507015209, sleeping for 0.18626267882063985 seconds
Request model_2#55 arrives at 1586403.694210711, sleeping for 0.16081369994208217 seconds
Request model_6#134 arrives at 1586403.855397601, sleeping for 0.11979102133773267 seconds
Request model_6#135 arrives at 1586403.976151288, sleeping for 0.14934812602587044 seconds
Request model_3#202 arrives at 1586404.126334542, sleeping for 0.040131119545549154 seconds
Request model_3#203 arrives at 1586404.167681463, sleeping for 0.2714653357397765 seconds
Request model_3#204 arrives at 1586404.439496991, sleeping for 0.005430576857179403 seconds
Request model_2#56 arrives at 1586404.445634779, sleeping for 0.13893954339437187 seconds
Request model_5#143 arrives at 1586404.585424063, sleeping for 0.00041019637137651443 seconds
Request model_3#205 arrives at 1586404.586026148, sleeping for 0.03179212240502238 seconds
Request model_3#206 arrives at 1586404.618713862, sleeping for 0.007947561796754599 seconds
Request model_3#207 arrives at 1586404.627445359, sleeping for 0.16204617265611887 seconds
Request model_2#57 arrives at 1586404.790297982, sleeping for 0.08560118521563709 seconds
Request model_3#208 arrives at 1586404.876195029, sleeping for 0.1730170890223235 seconds
Request model_3#209 arrives at 1586405.049700854, sleeping for 0.014540354488417506 seconds
Request model_5#144 arrives at 1586405.065127204, sleeping for 0.09443649929016829 seconds
Request model_5#145 arrives at 1586405.160385433, sleeping for 0.094459020299837 seconds
Request model_5#146 arrives at 1586405.255124268, sleeping for 0.053175127133727074 seconds
Request model_5#147 arrives at 1586405.309052746, sleeping for 0.09411715250462294 seconds
Request model_2#58 arrives at 1586405.403600859, sleeping for 0.06862369575537741 seconds
Request model_2#59 arrives at 1586405.472942407, sleeping for 0.0608419687487185 seconds
Request model_3#210 arrives at 1586405.534127722, sleeping for 0.09561486868187785 seconds
Request model_2#60 arrives at 1586405.63057594, sleeping for 0.18388203880749643 seconds
Request model_5#148 arrives at 1586405.815515914, sleeping for 0.34893074491992593 seconds
Request model_5#149 arrives at 1586406.165253067, sleeping for 0.1338548760395497 seconds
Request model_5#150 arrives at 1586406.300142183, sleeping for 0.02264859713613987 seconds
Request model_6#136 arrives at 1586406.323456633, sleeping for 0.05295110587030649 seconds
Request model_4#11 arrives at 1586406.377844556, sleeping for 0.19701395486481488 seconds
Request model_5#151 arrives at 1586406.576533677, sleeping for 0 seconds
Request model_6#137 arrives at 1586406.577413273, sleeping for 0.03872563154436648 seconds
Request model_3#211 arrives at 1586406.617022781, sleeping for 0.48889085999689996 seconds
Request model_5#152 arrives at 1586407.106812039, sleeping for 0.09104497218504548 seconds
Request model_6#138 arrives at 1586407.19839516, sleeping for 0.06237322185188532 seconds
Request model_3#212 arrives at 1586407.261970723, sleeping for 0.3684352822601795 seconds
Request model_3#213 arrives at 1586407.631309097, sleeping for 0.09043914033100009 seconds
Request model_5#153 arrives at 1586407.722379804, sleeping for 0.00684955925680697 seconds
Request model_5#154 arrives at 1586407.729570019, sleeping for 0.518025916069746 seconds
Request model_6#139 arrives at 1586408.249899055, sleeping for 0.0462587783113122 seconds
Request model_5#155 arrives at 1586408.297387494, sleeping for 0.025024470407515764 seconds
Request model_3#214 arrives at 1586408.32278299, sleeping for 0.2444888900499791 seconds
Request model_6#140 arrives at 1586408.56768411, sleeping for 0.11177511583082378 seconds
Request model_5#156 arrives at 1586408.680339853, sleeping for 0.05007194704376161 seconds
Request model_6#141 arrives at 1586408.731245508, sleeping for 0.006054501980543137 seconds
Request model_2#61 arrives at 1586408.73795608, sleeping for 0.051842805463820696 seconds
Request model_5#157 arrives at 1586408.790354577, sleeping for 0.18771102302707732 seconds
Request model_4#12 arrives at 1586408.978325284, sleeping for 0.20458125323057175 seconds
Request model_5#158 arrives at 1586409.183266174, sleeping for 0.10142224212177098 seconds
Request model_3#215 arrives at 1586409.286034171, sleeping for 0.20868152589537203 seconds
Request model_6#142 arrives at 1586409.495454345, sleeping for 0.1699791424907744 seconds
Request model_3#216 arrives at 1586409.666091269, sleeping for 0.011366107035428286 seconds
Request model_3#217 arrives at 1586409.678087952, sleeping for 0.1261193158570677 seconds
Request model_5#159 arrives at 1586409.805170417, sleeping for 0.3366449496243149 seconds
Request model_2#62 arrives at 1586410.143185209, sleeping for 0.10156126436777413 seconds
Request model_3#218 arrives at 1586410.245049529, sleeping for 0.068539954489097 seconds
Request model_5#160 arrives at 1586410.314045714, sleeping for 0.10977589199319482 seconds
Request model_3#219 arrives at 1586410.424976124, sleeping for 0.6279089325107634 seconds
Request model_5#161 arrives at 1586411.053943563, sleeping for 0.047614555805921555 seconds
Request model_2#63 arrives at 1586411.102531239, sleeping for 0.056614308850839734 seconds
Request model_3#220 arrives at 1586411.160290527, sleeping for 0.12681189039722085 seconds
Request model_5#162 arrives at 1586411.288099769, sleeping for 0.045494711957871914 seconds
Request model_6#143 arrives at 1586411.33473201, sleeping for 0.21819742862135172 seconds
Request model_5#163 arrives at 1586411.553470497, sleeping for 0.04212881624698639 seconds
Request model_3#221 arrives at 1586411.597541119, sleeping for 0.0669536697678268 seconds
Request model_5#164 arrives at 1586411.664944771, sleeping for 0.15484311524778605 seconds
Request model_6#144 arrives at 1586411.820281666, sleeping for 0.3113605775870383 seconds
Request model_3#222 arrives at 1586412.132311595, sleeping for 0.008030549855902791 seconds
Request model_6#145 arrives at 1586412.141063523, sleeping for 0.02595730102621019 seconds
Request model_3#223 arrives at 1586412.168746898, sleeping for 0.06571287102997303 seconds
Request model_5#165 arrives at 1586412.235445155, sleeping for 0.1968293336685747 seconds
Request model_2#64 arrives at 1586412.433426501, sleeping for 0.037548329681158066 seconds
Request model_4#13 arrives at 1586412.471752048, sleeping for 0.3109120025765151 seconds
Request model_6#146 arrives at 1586412.784539453, sleeping for 0.02138848463073373 seconds
Request model_5#166 arrives at 1586412.806611954, sleeping for 0.15437287162058055 seconds
Request model_5#167 arrives at 1586412.961491125, sleeping for 0.07997331651858985 seconds
Request model_2#65 arrives at 1586413.04202743, sleeping for 0 seconds
Request model_5#168 arrives at 1586413.042442003, sleeping for 0.05926152830943465 seconds
Request model_3#224 arrives at 1586413.103445046, sleeping for 0.3603779405821115 seconds
Request model_2#66 arrives at 1586413.464848999, sleeping for 0.07825673394836485 seconds
Request model_3#225 arrives at 1586413.544028953, sleeping for 0.43412158149294555 seconds
Request model_4#14 arrives at 1586413.978412872, sleeping for 0.17022439348511398 seconds
Request model_6#147 arrives at 1586414.148960985, sleeping for 0.25731271458789706 seconds
Request model_4#15 arrives at 1586414.406565392, sleeping for 0.06399393919855356 seconds
Request model_5#169 arrives at 1586414.471481996, sleeping for 0.5191119674127549 seconds
Request model_5#170 arrives at 1586414.99172976, sleeping for 0.14181272685527802 seconds
Request model_3#226 arrives at 1586415.134208195, sleeping for 0.024319194024428725 seconds
Request model_6#148 arrives at 1586415.158882127, sleeping for 0.011177487671375275 seconds
Request model_5#171 arrives at 1586415.170782379, sleeping for 0.08173078391700983 seconds
Request model_5#172 arrives at 1586415.253587001, sleeping for 0.13100419961847365 seconds
Request model_5#173 arrives at 1586415.385462604, sleeping for 0.01334503130055964 seconds
Request model_5#174 arrives at 1586415.400260019, sleeping for 0.5857822091784328 seconds
Request model_5#175 arrives at 1586415.98711325, sleeping for 0.13060022238641977 seconds
Request model_6#149 arrives at 1586416.118621589, sleeping for 0.11428789352066815 seconds
Request model_3#227 arrives at 1586416.234281776, sleeping for 0.14574129646643996 seconds
Request model_5#176 arrives at 1586416.380940914, sleeping for 0.03846777603030205 seconds
Request model_3#228 arrives at 1586416.420610921, sleeping for 0.26391987851820886 seconds
Request model_3#229 arrives at 1586416.68597244, sleeping for 0.03272650437429547 seconds
Request model_5#177 arrives at 1586416.719207157, sleeping for 0.003404672723263502 seconds
Request model_5#178 arrives at 1586416.723551851, sleeping for 0.32912873523309827 seconds
Request model_5#179 arrives at 1586417.053868252, sleeping for 0.06374218827113509 seconds
Request model_4#16 arrives at 1586417.118520254, sleeping for 0.36516040307469666 seconds
Request model_5#180 arrives at 1586417.484553292, sleeping for 0.0010426491498947144 seconds
Request model_5#181 arrives at 1586417.486330486, sleeping for 0.1157132419757545 seconds
Request model_3#230 arrives at 1586417.603306353, sleeping for 0.027835211483761668 seconds
Request model_2#67 arrives at 1586417.631643603, sleeping for 0.27704938640818 seconds
Request model_6#150 arrives at 1586417.909393637, sleeping for 0.46248209034092724 seconds
Request model_5#182 arrives at 1586418.37268874, sleeping for 0.0020728937815874815 seconds
Request model_5#183 arrives at 1586418.375582002, sleeping for 0.09528865618631244 seconds
Request model_3#231 arrives at 1586418.472084641, sleeping for 0.045583144994452596 seconds
Request model_5#184 arrives at 1586418.518161568, sleeping for 0.012519063195213675 seconds
Request model_2#68 arrives at 1586418.531643362, sleeping for 0.06169285764917731 seconds
Request model_5#185 arrives at 1586418.594086076, sleeping for 0.38580745342187583 seconds
Request model_6#151 arrives at 1586418.981219709, sleeping for 0.003930115606635809 seconds
Request model_3#232 arrives at 1586418.98530665, sleeping for 0.04223012155853212 seconds
Request model_5#186 arrives at 1586419.028064262, sleeping for 0.07471335283480585 seconds
Request model_6#152 arrives at 1586419.1038419, sleeping for 0.39555474929511547 seconds
Request model_2#69 arrives at 1586419.499608369, sleeping for 0.003987005678936839 seconds
Request model_2#70 arrives at 1586419.504505576, sleeping for 0.23173790075816214 seconds
Request model_5#187 arrives at 1586419.737430763, sleeping for 0.3325355648994446 seconds
Request model_5#188 arrives at 1586420.070405385, sleeping for 0.30093090049922466 seconds
Request model_2#71 arrives at 1586420.372727549, sleeping for 0.1028041741810739 seconds
Request model_2#72 arrives at 1586420.476225172, sleeping for 0.04729587701149285 seconds
Request model_2#73 arrives at 1586420.524551127, sleeping for 0.32813906064257026 seconds
Request model_6#153 arrives at 1586420.854190683, sleeping for 0.2569196941331029 seconds
Request model_2#74 arrives at 1586421.113266302, sleeping for 0.058352585416287184 seconds
Request model_5#189 arrives at 1586421.17240449, sleeping for 0.33688430627807975 seconds
Request model_3#233 arrives at 1586421.510078519, sleeping for 0.22276758821681142 seconds
Request model_3#234 arrives at 1586421.733417111, sleeping for 0.16913768649101257 seconds
Request model_3#235 arrives at 1586421.90357008, sleeping for 0.11174400872550905 seconds
Request model_5#190 arrives at 1586422.016042352, sleeping for 0.08226017793640494 seconds
Request model_2#75 arrives at 1586422.099460139, sleeping for 0.06729795853607357 seconds
Request model_6#154 arrives at 1586422.168970228, sleeping for 0.018612551735714078 seconds
Request model_3#236 arrives at 1586422.189348896, sleeping for 0.06138930283486843 seconds
Request model_3#237 arrives at 1586422.25167617, sleeping for 0.16283622896298766 seconds
Request model_5#191 arrives at 1586422.41554022, sleeping for 0.14159959694370627 seconds
Request model_3#238 arrives at 1586422.558243627, sleeping for 0.0010128181893378496 seconds
Request model_5#192 arrives at 1586422.559548557, sleeping for 0.07482175529003143 seconds
Request model_5#193 arrives at 1586422.634923301, sleeping for 0.423808288294822 seconds
Request model_3#239 arrives at 1586423.059613264, sleeping for 0.07270611706189811 seconds
Request model_5#194 arrives at 1586423.134169943, sleeping for 0.007677937624976039 seconds
Request model_6#155 arrives at 1586423.142481627, sleeping for 0.0657137322705239 seconds
Request model_3#240 arrives at 1586423.208983803, sleeping for 0.33356751152314246 seconds
Request model_5#195 arrives at 1586423.543550007, sleeping for 0.0451053511351347 seconds
Request model_3#241 arrives at 1586423.590016127, sleeping for 0.1214403489138931 seconds
Request model_3#242 arrives at 1586423.711954583, sleeping for 0.009757509687915444 seconds
Request model_3#243 arrives at 1586423.723289801, sleeping for 0.2705752020701766 seconds
Request model_5#196 arrives at 1586423.994124481, sleeping for 0.242887842701748 seconds
Request model_3#244 arrives at 1586424.238280355, sleeping for 0.06527955667115748 seconds
Request model_5#197 arrives at 1586424.304242016, sleeping for 0.09090466285124421 seconds
Request model_5#198 arrives at 1586424.395712826, sleeping for 0.14137538382783532 seconds
Request model_3#245 arrives at 1586424.53811666, sleeping for 0.20059435139410198 seconds
Request model_3#246 arrives at 1586424.739564212, sleeping for 0.012494816910475492 seconds
Request model_3#247 arrives at 1586424.752922845, sleeping for 0.2832499344367534 seconds
Request model_5#199 arrives at 1586425.037034948, sleeping for 0.2173348714131862 seconds
Request model_3#248 arrives at 1586425.255346471, sleeping for 0.007506681140512228 seconds
Request model_3#249 arrives at 1586425.263042031, sleeping for 0.018354715779423714 seconds
Request model_5#200 arrives at 1586425.28236365, sleeping for 0.20716712530702353 seconds
Request model_3#250 arrives at 1586425.49121786, sleeping for 0.14951482461765409 seconds
Request model_5#201 arrives at 1586425.641622396, sleeping for 0.04010919271968305 seconds
Request model_3#251 arrives at 1586425.682335122, sleeping for 0.1991439915727824 seconds
Request model_2#76 arrives at 1586425.882341743, sleeping for 0.1494597070850432 seconds
Request model_5#202 arrives at 1586426.032783979, sleeping for 0.08082329365424812 seconds
Request model_5#203 arrives at 1586426.114243771, sleeping for 0.0598672095220536 seconds
Request model_3#252 arrives at 1586426.174484228, sleeping for 0.02585760224610567 seconds
Request model_5#204 arrives at 1586426.200710171, sleeping for 0.07448001694865525 seconds
Request model_5#205 arrives at 1586426.275964485, sleeping for 0.20505730132572353 seconds
Request model_5#206 arrives at 1586426.481998062, sleeping for 0.03541066125035286 seconds
Request model_5#207 arrives at 1586426.518604056, sleeping for 0.022929028142243624 seconds
Request model_2#77 arrives at 1586426.543281388, sleeping for 0.026702120201662183 seconds
Request model_5#208 arrives at 1586426.571588117, sleeping for 0.0075548195745795965 seconds
Request model_3#253 arrives at 1586426.579849291, sleeping for 0.21248036855831742 seconds
Request model_2#78 arrives at 1586426.793145105, sleeping for 0.15122986235655844 seconds
Request model_3#254 arrives at 1586426.945350065, sleeping for 0.028003526153042912 seconds
Request model_5#209 arrives at 1586426.97431391, sleeping for 0.06419357238337398 seconds
Request model_5#210 arrives at 1586427.039284414, sleeping for 0.04945377237163484 seconds
Request model_3#255 arrives at 1586427.089618044, sleeping for 0.36811729590408504 seconds
Request model_5#211 arrives at 1586427.458357253, sleeping for 0.0741503385361284 seconds
Request model_5#212 arrives at 1586427.533554926, sleeping for 0.11757362075150013 seconds
Request model_5#213 arrives at 1586427.653350145, sleeping for 0.08831709087826312 seconds
Request model_6#156 arrives at 1586427.742196414, sleeping for 0.11117310589179397 seconds
Request model_5#214 arrives at 1586427.8539618, sleeping for 0.006371255265548825 seconds
Request model_2#79 arrives at 1586427.860672013, sleeping for 0.024930115789175034 seconds
Request model_5#215 arrives at 1586427.886541833, sleeping for 0.30663862032815814 seconds
Request model_3#256 arrives at 1586428.193615074, sleeping for 0.06844442570582032 seconds
Request model_3#257 arrives at 1586428.263040032, sleeping for 0.06378372805193067 seconds
Request model_5#216 arrives at 1586428.327505322, sleeping for 0.08765121619217098 seconds
Request model_5#217 arrives at 1586428.4161425, sleeping for 0.47409856086596847 seconds
Request model_5#218 arrives at 1586428.891547796, sleeping for 0.07113914494402707 seconds
Request model_6#157 arrives at 1586428.963943577, sleeping for 0.004513306077569723 seconds
Request model_5#219 arrives at 1586428.969109808, sleeping for 0.12219998962245882 seconds
Request model_5#220 arrives at 1586429.09195443, sleeping for 0.4459677969571203 seconds
Request model_6#158 arrives at 1586429.538883325, sleeping for 0.021979377605021 seconds
Request model_6#159 arrives at 1586429.561722112, sleeping for 0.09310788474977016 seconds
Request model_2#80 arrives at 1586429.655472569, sleeping for 0.025237612891942263 seconds
Request model_5#221 arrives at 1586429.680922666, sleeping for 0.17335531883873045 seconds
Request model_5#222 arrives at 1586429.854986936, sleeping for 0.10763733484782279 seconds
Request model_5#223 arrives at 1586429.963100094, sleeping for 0.006302933907136321 seconds
Request model_3#258 arrives at 1586429.970128469, sleeping for 0.15989477164112031 seconds
Request model_5#224 arrives at 1586430.131237688, sleeping for 0.08696566801518202 seconds
Request model_5#225 arrives at 1586430.219450942, sleeping for 0.4341480617877096 seconds
Request model_3#259 arrives at 1586430.654770637, sleeping for 0.04852653527632356 seconds
Request model_3#260 arrives at 1586430.704274751, sleeping for 0.13924396340735257 seconds
Request model_2#81 arrives at 1586430.844866701, sleeping for 0.005903816781938076 seconds
Request model_2#82 arrives at 1586430.85126443, sleeping for 0.002665996551513672 seconds
Request model_5#226 arrives at 1586430.854428985, sleeping for 0.011940101394429803 seconds
Request model_3#261 arrives at 1586430.867551277, sleeping for 0.057271219324320555 seconds
Request model_3#262 arrives at 1586430.925181763, sleeping for 0.04489879752509296 seconds
Request model_5#227 arrives at 1586430.970898378, sleeping for 0.0058228077832609415 seconds
Request model_3#263 arrives at 1586430.976889994, sleeping for 0.04021716257557273 seconds
Request model_3#264 arrives at 1586431.018015774, sleeping for 0.2601205096580088 seconds
Request model_3#265 arrives at 1586431.27945823, sleeping for 0.3060458276886493 seconds
Request model_2#83 arrives at 1586431.586139358, sleeping for 0.01900697755627334 seconds
Request model_3#266 arrives at 1586431.606336745, sleeping for 0.46669711475260556 seconds
Request model_5#228 arrives at 1586432.07526346, sleeping for 0.03898870572447777 seconds
Request model_6#160 arrives at 1586432.114610395, sleeping for 0.1175493688788265 seconds
Request model_4#17 arrives at 1586432.232996433, sleeping for 0.2122549635823816 seconds
Request model_6#161 arrives at 1586432.44665376, sleeping for 0.1583710298873484 seconds
Request model_6#162 arrives at 1586432.605911965, sleeping for 0.01667160983197391 seconds
Request model_6#163 arrives at 1586432.623541441, sleeping for 0.011068955529481173 seconds
Request model_4#18 arrives at 1586432.635067331, sleeping for 0.03905299725010991 seconds
Request model_4#19 arrives at 1586432.674637617, sleeping for 0.24323948612436652 seconds
Request model_6#164 arrives at 1586432.919424836, sleeping for 0.018521254416555166 seconds
Request model_6#165 arrives at 1586432.938863456, sleeping for 0.007550731068477035 seconds
Request model_5#229 arrives at 1586432.947556354, sleeping for 0.1742817466147244 seconds
Request model_6#166 arrives at 1586433.12372453, sleeping for 0.20105889369733632 seconds
Request model_4#20 arrives at 1586433.325412263, sleeping for 0.09174986858852208 seconds
Request model_4#21 arrives at 1586433.417690329, sleeping for 0.027724797138944268 seconds
Request model_6#167 arrives at 1586433.445853717, sleeping for 0.12782814027741551 seconds
Request model_6#168 arrives at 1586433.574091421, sleeping for 0.4170905842911452 seconds
Request model_6#169 arrives at 1586433.991557869, sleeping for 0.029693067772313952 seconds
Request model_6#170 arrives at 1586434.022347637, sleeping for 0.2746423876378685 seconds
Request model_6#171 arrives at 1586434.298440697, sleeping for 0.0022078773472458124 seconds
Request model_5#230 arrives at 1586434.301647762, sleeping for 0.2509764521382749 seconds
Request model_5#231 arrives at 1586434.552772309, sleeping for 0.16495353379286826 seconds
Request model_4#22 arrives at 1586434.71802283, sleeping for 0.1999690772499889 seconds
Request model_6#172 arrives at 1586434.918319583, sleeping for 0.1996367631945759 seconds
Request model_3#267 arrives at 1586435.118414085, sleeping for 0.32640627096407115 seconds
Request model_4#23 arrives at 1586435.445591071, sleeping for 0.004828045144677162 seconds
Request model_5#232 arrives at 1586435.451124084, sleeping for 0.1876196840312332 seconds
Request model_4#24 arrives at 1586435.639682016, sleeping for 0.206478530773893 seconds
Request model_6#173 arrives at 1586435.847420247, sleeping for 0.15483375219628215 seconds
Request model_6#174 arrives at 1586436.003236905, sleeping for 0.23869461240246892 seconds
Request model_6#175 arrives at 1586436.242329988, sleeping for 0.0365988640114665 seconds
Request model_4#25 arrives at 1586436.280120731, sleeping for 0.3068749299272895 seconds
Request model_6#176 arrives at 1586436.58826946, sleeping for 0.091905458830297 seconds
Request model_6#177 arrives at 1586436.680881478, sleeping for 0.10914342710748315 seconds
Request model_6#178 arrives at 1586436.790460268, sleeping for 0.2644043881446123 seconds
Request model_6#179 arrives at 1586437.055803115, sleeping for 0.34623668203130364 seconds
Request model_4#26 arrives at 1586437.403550591, sleeping for 0.18678993708454072 seconds
Request model_6#180 arrives at 1586437.591244766, sleeping for 0.2134769733529538 seconds
Request model_4#27 arrives at 1586437.806007341, sleeping for 0.1124651504214853 seconds
Request model_4#28 arrives at 1586437.919727303, sleeping for 0.0026628554333001375 seconds
Request model_6#181 arrives at 1586437.923153749, sleeping for 0.024056354071944952 seconds
Request model_6#182 arrives at 1586437.948092323, sleeping for 0.06275022332556546 seconds
Request model_4#29 arrives at 1586438.011217722, sleeping for 0.072180958930403 seconds
Request model_4#30 arrives at 1586438.084069587, sleeping for 0.14040926774032414 seconds
Request model_4#31 arrives at 1586438.225402963, sleeping for 0.07140874140895903 seconds
Request model_6#183 arrives at 1586438.298705241, sleeping for 0.06202371581457555 seconds
Request model_4#32 arrives at 1586438.362044272, sleeping for 0.04354948294349015 seconds
Request model_4#33 arrives at 1586438.406551937, sleeping for 0.08423039084300399 seconds
Request model_6#184 arrives at 1586438.491349884, sleeping for 0.015326329739764333 seconds
Request model_4#34 arrives at 1586438.507260518, sleeping for 0.10832272516563535 seconds
Request model_5#233 arrives at 1586438.616565755, sleeping for 0.2789349611848593 seconds
Request model_4#35 arrives at 1586438.896052232, sleeping for 0.17317980178631842 seconds
Request model_6#185 arrives at 1586439.07000077, sleeping for 0.06240802747197449 seconds
Request model_6#186 arrives at 1586439.1331802, sleeping for 0.009218361461535096 seconds
Request model_5#234 arrives at 1586439.143029707, sleeping for 0.11467139841988683 seconds
Request model_5#235 arrives at 1586439.258072639, sleeping for 0.3301346143707633 seconds
Request model_4#36 arrives at 1586439.589072835, sleeping for 0.0509747585747391 seconds
Request model_4#37 arrives at 1586439.640994517, sleeping for 0.11741286795586348 seconds
Request model_5#236 arrives at 1586439.759030552, sleeping for 0.07775131473317742 seconds
Request model_6#187 arrives at 1586439.837774243, sleeping for 0.21089097671210766 seconds
Request model_4#38 arrives at 1586440.050051068, sleeping for 0.06705134501680732 seconds
Request model_4#39 arrives at 1586440.117508861, sleeping for 0.28384985006414354 seconds
Request model_4#40 arrives at 1586440.402293569, sleeping for 0.067735536955297 seconds
Request model_6#188 arrives at 1586440.471386685, sleeping for 0.12289657583460212 seconds
Request model_4#41 arrives at 1586440.595121444, sleeping for 0.0628402391448617 seconds
Request model_4#42 arrives at 1586440.65909912, sleeping for 0.014604822499677539 seconds
Request model_6#189 arrives at 1586440.673890635, sleeping for 0.02830060082487762 seconds
Request model_4#43 arrives at 1586440.702601927, sleeping for 0.07588677085004747 seconds
Request model_6#190 arrives at 1586440.779304262, sleeping for 0.24048318876884878 seconds
Request model_6#191 arrives at 1586441.020671963, sleeping for 0.10725720576010644 seconds
Request model_6#192 arrives at 1586441.128119216, sleeping for 0.0024878792464733124 seconds
Request model_4#44 arrives at 1586441.130925448, sleeping for 0.1565937118139118 seconds
Request model_6#193 arrives at 1586441.288465679, sleeping for 0.2692421462852508 seconds
Request model_6#194 arrives at 1586441.558708124, sleeping for 0.0175144721288234 seconds
Request model_5#237 arrives at 1586441.576820384, sleeping for 0.03154669562354684 seconds
Request model_5#238 arrives at 1586441.609465458, sleeping for 0.36186796776019037 seconds
Request model_4#45 arrives at 1586441.972511732, sleeping for 0.14622338605113328 seconds
Request model_5#239 arrives at 1586442.119863774, sleeping for 0.05192429502494633 seconds
Request model_4#46 arrives at 1586442.173792582, sleeping for 0.12598440004512668 seconds
Request model_5#240 arrives at 1586442.300124181, sleeping for 0.07292594783939421 seconds
Request model_6#195 arrives at 1586442.373933774, sleeping for 0.01996800024062395 seconds
Request model_4#47 arrives at 1586442.394654365, sleeping for 0.04713026178069413 seconds
Request model_6#196 arrives at 1586442.442303474, sleeping for 0.1521483522374183 seconds
Request model_5#241 arrives at 1586442.595105939, sleeping for 0.0826465142890811 seconds
Request model_6#197 arrives at 1586442.677980431, sleeping for 0.05598050868138671 seconds
Request model_4#48 arrives at 1586442.734714961, sleeping for 0.1778050814755261 seconds
Request model_6#198 arrives at 1586442.913596057, sleeping for 0.012823530472815037 seconds
Request model_4#49 arrives at 1586442.928301402, sleeping for 0.015324503881856799 seconds
Request model_6#199 arrives at 1586442.943949663, sleeping for 0.34157382883131504 seconds
Request model_6#200 arrives at 1586443.285975104, sleeping for 0.25768417678773403 seconds
Request model_4#50 arrives at 1586443.544603219, sleeping for 0.01754882000386715 seconds
Request model_6#201 arrives at 1586443.562963651, sleeping for 0.039733138401061296 seconds
Request model_4#51 arrives at 1586443.603076432, sleeping for 0.25725697237066925 seconds
Request model_4#52 arrives at 1586443.861251434, sleeping for 0.03160485508851707 seconds
Request model_6#202 arrives at 1586443.893744126, sleeping for 0.023877070751041174 seconds
Request model_6#203 arrives at 1586443.918179395, sleeping for 0.13656220422126353 seconds
Request model_6#204 arrives at 1586444.055773462, sleeping for 0.0418976244982332 seconds
Request model_4#53 arrives at 1586444.098476183, sleeping for 0.07927582925185561 seconds
Request model_4#54 arrives at 1586444.179007437, sleeping for 0.11468540877103806 seconds
Request model_4#55 arrives at 1586444.294652434, sleeping for 0.17543204664252698 seconds
Request model_4#56 arrives at 1586444.47082745, sleeping for 0.49041070486418903 seconds
Request model_3#268 arrives at 1586444.963599899, sleeping for 0.22071976633742452 seconds
Request model_6#205 arrives at 1586445.185842592, sleeping for 0.16602847492322326 seconds
Request model_6#206 arrives at 1586445.352737616, sleeping for 0.02403737767599523 seconds
Request model_4#57 arrives at 1586445.377109025, sleeping for 0.2648844213690609 seconds
Request model_6#207 arrives at 1586445.642606213, sleeping for 0.05281131761148572 seconds
Request model_6#208 arrives at 1586445.697131706, sleeping for 0.060082326643168926 seconds
Request model_6#209 arrives at 1586445.757737916, sleeping for 0.016940974397584796 seconds
Request model_6#210 arrives at 1586445.775228211, sleeping for 0.0762779947835952 seconds
Request model_4#58 arrives at 1586445.851855845, sleeping for 0.03160668513737619 seconds
Request model_6#211 arrives at 1586445.885039433, sleeping for 0.12485152413137257 seconds
Request model_6#212 arrives at 1586446.010409584, sleeping for 0.019193333573639393 seconds
Request model_4#59 arrives at 1586446.029864275, sleeping for 0.05859700054861605 seconds
Request model_4#60 arrives at 1586446.089560068, sleeping for 0.00285357772372663 seconds
Request model_6#213 arrives at 1586446.092576731, sleeping for 0.03488042112439871 seconds
Request model_4#61 arrives at 1586446.128322188, sleeping for 0.05151528352871537 seconds
Request model_6#214 arrives at 1586446.180626984, sleeping for 0.002652161056175828 seconds
Request model_4#62 arrives at 1586446.18407964, sleeping for 0.09779057744890451 seconds
Request model_6#215 arrives at 1586446.282249951, sleeping for 0.012853377731516957 seconds
Request model_6#216 arrives at 1586446.295760006, sleeping for 0.07747032213956118 seconds
Request model_6#217 arrives at 1586446.374090943, sleeping for 0.5609517849516124 seconds
Request model_4#63 arrives at 1586446.935692627, sleeping for 0.045239773811772466 seconds
Request model_6#218 arrives at 1586446.982050696, sleeping for 0.13386690756306052 seconds
Request model_5#242 arrives at 1586447.117049953, sleeping for 0.0771286878734827 seconds
Request model_5#243 arrives at 1586447.195261809, sleeping for 0 seconds
Request model_4#64 arrives at 1586447.196130806, sleeping for 0.08882694877684116 seconds
Request model_6#219 arrives at 1586447.285575729, sleeping for 0.1526608057320118 seconds
Request model_4#65 arrives at 1586447.43919574, sleeping for 0.09970817319117486 seconds
Request model_3#269 arrives at 1586447.540127993, sleeping for 0.013275543926283717 seconds
Request model_6#220 arrives at 1586447.555082178, sleeping for 0.013095035450533032 seconds
Request model_5#244 arrives at 1586447.570259916, sleeping for 0 seconds
Request model_4#66 arrives at 1586447.570634709, sleeping for 0.2062286315485835 seconds
Request model_5#245 arrives at 1586447.777949796, sleeping for 0.26520608039572835 seconds
Request model_4#67 arrives at 1586448.043499915, sleeping for 0.044574358966201544 seconds
Request model_4#68 arrives at 1586448.088341952, sleeping for 0.216395013500005 seconds
Request model_3#270 arrives at 1586448.306387232, sleeping for 0.1505374158732593 seconds
Request model_6#221 arrives at 1586448.457950097, sleeping for 0.23550400277599692 seconds
Request model_3#271 arrives at 1586448.694057477, sleeping for 0.10666067316196859 seconds
Request model_6#222 arrives at 1586448.802062324, sleeping for 0.0476625005248934 seconds
Request model_4#69 arrives at 1586448.850849032, sleeping for 0.33413423178717494 seconds
Request model_4#70 arrives at 1586449.185846839, sleeping for 0.068270513555035 seconds
Request model_6#223 arrives at 1586449.254793054, sleeping for 0.14093839609995484 seconds
Request model_6#224 arrives at 1586449.396696984, sleeping for 0.05841081659309566 seconds
Request model_4#71 arrives at 1586449.455666571, sleeping for 0.2073022925760597 seconds
Request model_6#225 arrives at 1586449.66330991, sleeping for 0.026101956143975258 seconds
Request model_6#226 arrives at 1586449.691246477, sleeping for 0.017936475109308958 seconds
Request model_6#227 arrives at 1586449.71097256, sleeping for 0.2446035468019545 seconds
Request model_4#72 arrives at 1586449.957704222, sleeping for 0.05029957974329591 seconds
Request model_6#228 arrives at 1586450.008304295, sleeping for 0.15095920208841562 seconds
Request model_3#272 arrives at 1586450.160189302, sleeping for 0.04357749433256686 seconds
Request model_6#229 arrives at 1586450.204766168, sleeping for 0.06504696817137301 seconds
Request model_4#73 arrives at 1586450.270732079, sleeping for 0.15091333026066422 seconds
Request model_6#230 arrives at 1586450.423424342, sleeping for 0.18843819736503065 seconds
Request model_6#231 arrives at 1586450.612155335, sleeping for 0.08076866320334375 seconds
Request model_6#232 arrives at 1586450.693531916, sleeping for 0.15234001027420163 seconds
Request model_5#246 arrives at 1586450.84754992, sleeping for 0.05329008214175701 seconds
Request model_4#74 arrives at 1586450.901965542, sleeping for 0.21422745380550623 seconds
Request model_6#233 arrives at 1586451.117051539, sleeping for 0.08284444501623511 seconds
Request model_6#234 arrives at 1586451.200945409, sleeping for 0.0041382997296750546 seconds
Request model_6#235 arrives at 1586451.205720716, sleeping for 0.19698498165234923 seconds
Request model_4#75 arrives at 1586451.403132247, sleeping for 0.008794483495876193 seconds
Request model_6#236 arrives at 1586451.412476269, sleeping for 0.06567471078597009 seconds
Request model_4#76 arrives at 1586451.47844466, sleeping for 0.2098878938704729 seconds
Request model_6#237 arrives at 1586451.689004482, sleeping for 0.06462586321868002 seconds
Request model_5#247 arrives at 1586451.75455129, sleeping for 0.014652119018137455 seconds
Request model_6#238 arrives at 1586451.769849819, sleeping for 0.12812984664924443 seconds
Request model_4#77 arrives at 1586451.899037681, sleeping for 0.1541559142060578 seconds
Request model_4#78 arrives at 1586452.053993941, sleeping for 0.032748221186921 seconds
Request model_6#239 arrives at 1586452.087430221, sleeping for 0.0923577572684735 seconds
Request model_6#240 arrives at 1586452.181055336, sleeping for 0.1294328006915748 seconds
Request model_4#79 arrives at 1586452.312017642, sleeping for 0.041433146921917796 seconds
Request model_4#80 arrives at 1586452.354489591, sleeping for 0.019216838059946895 seconds
Request model_5#248 arrives at 1586452.374721768, sleeping for 0.015397768933326006 seconds
Request model_6#241 arrives at 1586452.391132495, sleeping for 0.08833280601538718 seconds
Request model_6#242 arrives at 1586452.480191215, sleeping for 0.06562762288376689 seconds
Request model_6#243 arrives at 1586452.546726241, sleeping for 0.039558582939207554 seconds
Request model_6#244 arrives at 1586452.587162334, sleeping for 0.06348182703368366 seconds
Request model_5#249 arrives at 1586452.651484503, sleeping for 0.02064155600965023 seconds
Request model_4#81 arrives at 1586452.673604174, sleeping for 0.02503048349171877 seconds
Request model_6#245 arrives at 1586452.699024151, sleeping for 0.05522750876843929 seconds
Request model_5#250 arrives at 1586452.754755003, sleeping for 0.2319304826669395 seconds
Request model_6#246 arrives at 1586452.987338096, sleeping for 0.1542830418329686 seconds
Request model_3#273 arrives at 1586453.142975273, sleeping for 0.0032948190346360207 seconds
Request model_6#247 arrives at 1586453.147437517, sleeping for 0.2586196877527982 seconds
Request model_5#251 arrives at 1586453.406805057, sleeping for 0.31473361188545823 seconds
Request model_4#82 arrives at 1586453.722614916, sleeping for 0.049671551678329706 seconds
Request model_4#83 arrives at 1586453.773248908, sleeping for 0.021872300654649734 seconds
Request model_4#84 arrives at 1586453.795705802, sleeping for 0.022760130930691957 seconds
Request model_5#252 arrives at 1586453.818867222, sleeping for 0.10395442857407033 seconds
Request model_5#253 arrives at 1586453.923100969, sleeping for 0.16508791502565145 seconds
Request model_6#248 arrives at 1586454.089000005, sleeping for 0.29848237545229495 seconds
Request model_4#85 arrives at 1586454.388518147, sleeping for 0.10064169857650995 seconds
Request model_6#249 arrives at 1586454.490183515, sleeping for 0.0641601444222033 seconds
Request model_6#250 arrives at 1586454.555459171, sleeping for 0.020809692796319723 seconds
Request model_4#86 arrives at 1586454.576911057, sleeping for 0.16715120803564787 seconds
Request model_6#251 arrives at 1586454.744764678, sleeping for 0.15231828554533422 seconds
Request model_6#252 arrives at 1586454.898383489, sleeping for 0.0840629618614912 seconds
Request model_4#87 arrives at 1586454.983143136, sleeping for 0.00755966198630631 seconds
Request model_5#254 arrives at 1586454.991544291, sleeping for 0.1549358954653144 seconds
Request model_6#253 arrives at 1586455.148248376, sleeping for 0.08068818971514702 seconds
Request model_5#255 arrives at 1586455.229718907, sleeping for 0.08546313433907926 seconds
Request model_6#254 arrives at 1586455.315928345, sleeping for 0.02182965399697423 seconds
Request model_5#256 arrives at 1586455.338566141, sleeping for 0.33999118325300515 seconds
Request model_4#88 arrives at 1586455.679883606, sleeping for 0.07787872105836868 seconds
Request model_4#89 arrives at 1586455.758380045, sleeping for 0.32096792105585337 seconds
Request model_4#90 arrives at 1586456.079865857, sleeping for 0.045400435803458095 seconds
Request model_3#274 arrives at 1586456.125602811, sleeping for 0.0037242926191538572 seconds
Request model_4#91 arrives at 1586456.129481711, sleeping for 0.03675001091323793 seconds
Request model_5#257 arrives at 1586456.167275814, sleeping for 0.015005813678726554 seconds
Request model_6#255 arrives at 1586456.182764594, sleeping for 0.027854371815919876 seconds
Request model_4#92 arrives at 1586456.211422956, sleeping for 0.03018025611527264 seconds
Request model_4#93 arrives at 1586456.242194725, sleeping for 0.06743108457885683 seconds
Request model_6#256 arrives at 1586456.310938528, sleeping for 0.03732882160693407 seconds
Request model_4#94 arrives at 1586456.348741251, sleeping for 0.30297352583147585 seconds
Request model_5#258 arrives at 1586456.652327474, sleeping for 0.02440448314882815 seconds
Request model_4#95 arrives at 1586456.677240157, sleeping for 0.044956488301977515 seconds
Request model_5#259 arrives at 1586456.723079162, sleeping for 0.15818756935186684 seconds
Request model_6#257 arrives at 1586456.881613701, sleeping for 0.2647901028394699 seconds
Request model_4#96 arrives at 1586457.146562204, sleeping for 0.011372110806405544 seconds
Request model_6#258 arrives at 1586457.158267635, sleeping for 0.03326261299662292 seconds
Request model_5#260 arrives at 1586457.191996407, sleeping for 0.18216134281829 seconds
Request model_6#259 arrives at 1586457.374524051, sleeping for 0.10800917563028634 seconds
Request model_5#261 arrives at 1586457.482912381, sleeping for 0.05563959642313421 seconds
Request model_6#260 arrives at 1586457.539045256, sleeping for 0.018274025293067098 seconds
Request model_4#97 arrives at 1586457.557813332, sleeping for 0.06825984106399119 seconds
Request model_4#98 arrives at 1586457.626579225, sleeping for 0.09281676355749369 seconds
Request model_6#261 arrives at 1586457.719915938, sleeping for 0.5156672028824687 seconds
Request model_4#99 arrives at 1586458.235902158, sleeping for 0.23148097773082554 seconds
Request model_4#100 arrives at 1586458.46850938, sleeping for 0.0014711292460560799 seconds
Request model_4#101 arrives at 1586458.470810028, sleeping for 0.03188000665977597 seconds
Request model_6#262 arrives at 1586458.503489672, sleeping for 0.05566478334367275 seconds
Request model_6#263 arrives at 1586458.559814128, sleeping for 0.015662619145587087 seconds
Request model_4#102 arrives at 1586458.576496347, sleeping for 0.42733716894872487 seconds
Request model_4#103 arrives at 1586459.005005528, sleeping for 0.11245306162163615 seconds
Request model_6#264 arrives at 1586459.118317897, sleeping for 0.03745238087140024 seconds
Request model_4#104 arrives at 1586459.156768835, sleeping for 0.08395742648281157 seconds
Request model_4#105 arrives at 1586459.241980775, sleeping for 0.11527086328715086 seconds
Request model_6#265 arrives at 1586459.358334166, sleeping for 0.6115438293199986 seconds
Request model_4#106 arrives at 1586459.970677233, sleeping for 0.028930091997608542 seconds
Request model_4#107 arrives at 1586460.000746325, sleeping for 0.043803364504128695 seconds
Request model_5#262 arrives at 1586460.044850907, sleeping for 0.07115031476132572 seconds
Request model_3#275 arrives at 1586460.118233026, sleeping for 0.16965140588581562 seconds
Request model_6#266 arrives at 1586460.288784918, sleeping for 0.03604604443535209 seconds
Request model_6#267 arrives at 1586460.32515955, sleeping for 0.03298186883330345 seconds
Request model_6#268 arrives at 1586460.358463418, sleeping for 0.010352786164730787 seconds
Request model_3#276 arrives at 1586460.369974177, sleeping for 0.006945370463654399 seconds
Request model_3#277 arrives at 1586460.377099213, sleeping for 0.0009267420973628759 seconds
Request model_6#269 arrives at 1586460.378340502, sleeping for 0.2576876813545823 seconds
Request model_6#270 arrives at 1586460.636533973, sleeping for 0.15314323734492064 seconds
Request model_4#108 arrives at 1586460.790806669, sleeping for 0.26542459172196686 seconds
Request model_6#271 arrives at 1586461.057894449, sleeping for 0.04278114764019847 seconds
Request model_4#109 arrives at 1586461.100984943, sleeping for 0.1012258876580745 seconds
Request model_3#278 arrives at 1586461.203119164, sleeping for 0.1354943246114999 seconds
Request model_6#272 arrives at 1586461.338935757, sleeping for 0.001549973851069808 seconds
Request model_6#273 arrives at 1586461.341610028, sleeping for 0.019214254105463624 seconds
Request model_3#279 arrives at 1586461.36126487, sleeping for 0.08129727165214717 seconds
Request model_6#274 arrives at 1586461.443069744, sleeping for 0.20149386767297983 seconds
Request model_4#110 arrives at 1586461.645631274, sleeping for 0.036701503209769726 seconds
Request model_4#111 arrives at 1586461.683626978, sleeping for 0.011040925281122327 seconds
Request model_6#275 arrives at 1586461.695836623, sleeping for 0.04192735208198428 seconds
Request model_5#263 arrives at 1586461.739006968, sleeping for 0.011691657593473792 seconds
Request model_6#276 arrives at 1586461.751772237, sleeping for 0.029184350976720452 seconds
Request model_4#112 arrives at 1586461.782059861, sleeping for 0.08450339455157518 seconds
Request model_5#264 arrives at 1586461.868477351, sleeping for 0.08088928903453052 seconds
Request model_4#113 arrives at 1586461.950405056, sleeping for 0.029244589852169156 seconds
Request model_6#277 arrives at 1586461.980323968, sleeping for 0.060394651954993606 seconds
Request model_4#114 arrives at 1586462.041832985, sleeping for 0.15206933370791376 seconds
Request model_6#278 arrives at 1586462.194331847, sleeping for 0.1928948916029185 seconds
Request model_5#265 arrives at 1586462.38835087, sleeping for 0.3265752929728478 seconds
Request model_6#279 arrives at 1586462.715802888, sleeping for 0.38879433111287653 seconds
Request model_3#280 arrives at 1586463.105605679, sleeping for 0.09574687038548291 seconds
Request model_6#280 arrives at 1586463.202179258, sleeping for 0.02597449766471982 seconds
Request model_6#281 arrives at 1586463.229105406, sleeping for 0.18889699107967317 seconds
Request model_3#281 arrives at 1586463.418906737, sleeping for 0.11747703421860933 seconds
Request model_4#115 arrives at 1586463.536947212, sleeping for 0.0964265395887196 seconds
Request model_4#116 arrives at 1586463.633665672, sleeping for 0.20560622354969382 seconds
Request model_6#282 arrives at 1586463.840097362, sleeping for 0.12890496710315347 seconds
Request model_4#117 arrives at 1586463.969755937, sleeping for 0.09925751620903611 seconds
Request model_6#283 arrives at 1586464.069644881, sleeping for 0.17466325592249632 seconds
Request model_4#118 arrives at 1586464.245298082, sleeping for 0.4674304334912449 seconds
Request model_6#284 arrives at 1586464.713882334, sleeping for 0.07347907801158726 seconds
Request model_6#285 arrives at 1586464.787702586, sleeping for 0.08057697373442352 seconds
Request model_4#119 arrives at 1586464.869094066, sleeping for 0.011129238409921527 seconds
Request model_6#286 arrives at 1586464.880757577, sleeping for 0.19364451407454908 seconds
Request model_4#120 arrives at 1586465.075497116, sleeping for 0.04860885953530669 seconds
Request model_4#121 arrives at 1586465.125254802, sleeping for 0.025572378654032946 seconds
Request model_6#287 arrives at 1586465.152939136, sleeping for 0.3077056489419192 seconds
Request model_6#288 arrives at 1586465.460910443, sleeping for 0.08118987106718123 seconds
Request model_6#289 arrives at 1586465.542684917, sleeping for 0.25229498092085123 seconds
Request model_6#290 arrives at 1586465.79725979, sleeping for 0.09442035760730505 seconds
Request model_6#291 arrives at 1586465.892524608, sleeping for 0.11165084689855576 seconds
Request model_5#266 arrives at 1586466.004904019, sleeping for 0.13047853880561888 seconds
Request model_5#267 arrives at 1586466.135765283, sleeping for 0.017578778322786093 seconds
Request model_3#282 arrives at 1586466.155411395, sleeping for 0.006643090629950166 seconds
Request model_6#292 arrives at 1586466.16245793, sleeping for 0.03747833357192576 seconds
Request model_6#293 arrives at 1586466.200522405, sleeping for 0.3363894233480096 seconds
Request model_6#294 arrives at 1586466.537494917, sleeping for 0.2396903547924012 seconds
Request model_6#295 arrives at 1586466.777466116, sleeping for 0.1546007627621293 seconds
Request model_6#296 arrives at 1586466.932607048, sleeping for 0.006729690125212073 seconds
Request model_4#122 arrives at 1586466.940305058, sleeping for 0.0019056147430092096 seconds
Request model_5#268 arrives at 1586466.942973659, sleeping for 0.050597513327375054 seconds
Request model_6#297 arrives at 1586466.994329177, sleeping for 0.012788223335519433 seconds
Request model_4#123 arrives at 1586467.008999671, sleeping for 0.09676864114589989 seconds
Request model_6#298 arrives at 1586467.106768668, sleeping for 0.045208638068288565 seconds
Request model_6#299 arrives at 1586467.152454223, sleeping for 0.03046717937104404 seconds
Request model_4#124 arrives at 1586467.18312211, sleeping for 0.02652114862576127 seconds
Request model_4#125 arrives at 1586467.210796405, sleeping for 0.039106231182813644 seconds
Request model_4#126 arrives at 1586467.250471212, sleeping for 0.050448110327124596 seconds
Request model_6#300 arrives at 1586467.30185382, sleeping for 0.09423281159251928 seconds
Request model_5#269 arrives at 1586467.396573314, sleeping for 0.004076879704371095 seconds
Request model_4#127 arrives at 1586467.40124091, sleeping for 0.09973394754342735 seconds
Request model_6#301 arrives at 1586467.502025511, sleeping for 0.03391131944954395 seconds
Request model_6#302 arrives at 1586467.537005572, sleeping for 0.11617470812052488 seconds
Request model_6#303 arrives at 1586467.6540807, sleeping for 0.06973072024993598 seconds
Request model_6#304 arrives at 1586467.724972709, sleeping for 0.2544136850629002 seconds
Request model_4#128 arrives at 1586467.980326918, sleeping for 0.06471457215957344 seconds
Request model_4#129 arrives at 1586468.046272649, sleeping for 0.08793105091899633 seconds
Request model_6#305 arrives at 1586468.135810153, sleeping for 0.06327101704664528 seconds
Request model_6#306 arrives at 1586468.200115432, sleeping for 0.4635817816015333 seconds
Request model_5#270 arrives at 1586468.666161213, sleeping for 0.2411312647163868 seconds
Request model_4#130 arrives at 1586468.90832729, sleeping for 0.03530877851881087 seconds
Request model_5#271 arrives at 1586468.94447816, sleeping for 0.11970419343560934 seconds
Request model_6#307 arrives at 1586469.06575653, sleeping for 0.33631695131771266 seconds
Request model_6#308 arrives at 1586469.403215465, sleeping for 0.04859610181301832 seconds
Request model_6#309 arrives at 1586469.452589978, sleeping for 0.06098780035972595 seconds
Request model_5#272 arrives at 1586469.513877553, sleeping for 0.07288712356239557 seconds
Request model_3#283 arrives at 1586469.588219259, sleeping for 0.13343001808971167 seconds
Request model_4#131 arrives at 1586469.722723141, sleeping for 0.14086313545703888 seconds
Request model_6#310 arrives at 1586469.864177707, sleeping for 0.02870092145167291 seconds
Request model_4#132 arrives at 1586469.893586425, sleeping for 0.16114203352481127 seconds
Request model_4#133 arrives at 1586470.056081334, sleeping for 0.35187941254116595 seconds
Request model_3#284 arrives at 1586470.408952889, sleeping for 0.22393870656378567 seconds
Request model_6#311 arrives at 1586470.634080814, sleeping for 0.2643103338778019 seconds
Request model_4#134 arrives at 1586470.900115996, sleeping for 0.13730783644132316 seconds
Request model_6#312 arrives at 1586471.037900143, sleeping for 0.057713887421414256 seconds
Request model_6#313 arrives at 1586471.095885173, sleeping for 0.16178092290647328 seconds
Request model_4#135 arrives at 1586471.259073637, sleeping for 0.1781444833613932 seconds
Request model_6#314 arrives at 1586471.438161815, sleeping for 0.005577118834480643 seconds
Request model_6#315 arrives at 1586471.444705536, sleeping for 0.00796635844744742 seconds
Request model_6#316 arrives at 1586471.453609594, sleeping for 0.05778059526346624 seconds
Request model_6#317 arrives at 1586471.511986387, sleeping for 0.18612709362059832 seconds
Request model_4#136 arrives at 1586471.698905086, sleeping for 0.26313242549076676 seconds
Request model_6#318 arrives at 1586471.96279679, sleeping for 0.11260359990410507 seconds
Request model_4#137 arrives at 1586472.076547842, sleeping for 0.15926582436077297 seconds
Request model_3#285 arrives at 1586472.236524532, sleeping for 0.15985285863280296 seconds
Request model_5#273 arrives at 1586472.397144476, sleeping for 0.04539623553864658 seconds
Request model_6#319 arrives at 1586472.44284408, sleeping for 0.04620675905607641 seconds
Request model_4#138 arrives at 1586472.489513042, sleeping for 0.1416739805135876 seconds
Request model_6#320 arrives at 1586472.631652543, sleeping for 0.042680633487179875 seconds
Request model_6#321 arrives at 1586472.675361602, sleeping for 0.34797563147731125 seconds
Request model_4#139 arrives at 1586473.024509428, sleeping for 0.32527050701901317 seconds
Request model_4#140 arrives at 1586473.350931757, sleeping for 0.04296638444066048 seconds
Request model_4#141 arrives at 1586473.394573746, sleeping for 0.1685911964159459 seconds
Request model_4#142 arrives at 1586473.565044487, sleeping for 0.3807652636896819 seconds
Request model_5#274 arrives at 1586473.947678742, sleeping for 0.20025480282492936 seconds
Request model_6#322 arrives at 1586474.149158853, sleeping for 0.19068730156868696 seconds
Request model_4#143 arrives at 1586474.340396925, sleeping for 0.08463460789062083 seconds
Request model_5#275 arrives at 1586474.425346393, sleeping for 0.15264598559588194 seconds
Request model_6#323 arrives at 1586474.578335049, sleeping for 0.13166205352172256 seconds
Request model_4#144 arrives at 1586474.711135478, sleeping for 0.042124182684347034 seconds
Request model_6#324 arrives at 1586474.75395444, sleeping for 0.004066922701895237 seconds
Request model_6#325 arrives at 1586474.758680166, sleeping for 0.31619328749366105 seconds
Request model_6#326 arrives at 1586475.075591542, sleeping for 0.10524623235687613 seconds
Request model_6#327 arrives at 1586475.181664794, sleeping for 0.0009022108279168606 seconds
Request model_4#145 arrives at 1586475.183427848, sleeping for 0.7060484203975648 seconds
Request model_4#146 arrives at 1586475.890458167, sleeping for 0.2185341480653733 seconds
Request model_6#328 arrives at 1586476.109192291, sleeping for 0.07102861232124269 seconds
Request model_6#329 arrives at 1586476.181977225, sleeping for 0.22430393565446138 seconds
Request model_6#330 arrives at 1586476.40706134, sleeping for 0.14671303890645504 seconds
Request model_6#331 arrives at 1586476.554511422, sleeping for 0.017636338248848915 seconds
Request model_4#147 arrives at 1586476.573023516, sleeping for 0.13711611065082252 seconds
Request model_4#148 arrives at 1586476.711313637, sleeping for 0.1407618005760014 seconds
Request model_4#149 arrives at 1586476.853102256, sleeping for 0.20014066458679736 seconds
Request model_6#332 arrives at 1586477.053874302, sleeping for 0.06367350136861205 seconds
Request model_6#333 arrives at 1586477.118514903, sleeping for 0.020690872566774487 seconds
Request model_3#286 arrives at 1586477.14015766, sleeping for 0.20809905230998993 seconds
Request model_4#150 arrives at 1586477.349379252, sleeping for 0.15287231095135212 seconds
Request model_4#151 arrives at 1586477.502631779, sleeping for 0.01129210484214127 seconds
Request model_6#334 arrives at 1586477.514832414, sleeping for 0.008302813861519098 seconds
Request model_3#287 arrives at 1586477.523911604, sleeping for 0.15426769480109215 seconds
Request model_4#152 arrives at 1586477.679126037, sleeping for 0.33562298119068146 seconds
Request model_6#335 arrives at 1586478.015750545, sleeping for 0.08208500035107136 seconds
Request model_4#153 arrives at 1586478.098741028, sleeping for 0.10531779960729182 seconds
Request model_6#336 arrives at 1586478.204477197, sleeping for 0.012891259510070086 seconds
Request model_4#154 arrives at 1586478.219206602, sleeping for 0.24328027525916696 seconds
Request model_3#288 arrives at 1586478.463471284, sleeping for 0.18618676671758294 seconds
Request model_6#337 arrives at 1586478.650890887, sleeping for 0.00014366558752954006 seconds
Request model_4#155 arrives at 1586478.651727403, sleeping for 0.03364708786830306 seconds
Request model_5#276 arrives at 1586478.685781797, sleeping for 0.03592548263259232 seconds
Request model_6#338 arrives at 1586478.722097218, sleeping for 0.030263886554166675 seconds
Request model_5#277 arrives at 1586478.753566622, sleeping for 0.14469416067004204 seconds
Request model_5#278 arrives at 1586478.898961399, sleeping for 0.01494540460407734 seconds
Request model_6#339 arrives at 1586478.914404999, sleeping for 0.18031700467690825 seconds
Request model_4#156 arrives at 1586479.09536694, sleeping for 0.0013041766360402107 seconds
Request model_6#340 arrives at 1586479.097729359, sleeping for 0.12709438963793218 seconds
Request model_6#341 arrives at 1586479.225754401, sleeping for 0.19254481652751565 seconds
Request model_6#342 arrives at 1586479.41920867, sleeping for 0.13808105536736548 seconds
Request model_6#343 arrives at 1586479.558284378, sleeping for 0.13488700753077865 seconds
Request model_5#279 arrives at 1586479.694503133, sleeping for 0.0021385333966463804 seconds
Request model_4#157 arrives at 1586479.697527067, sleeping for 0.15538046904839575 seconds
Request model_5#280 arrives at 1586479.854019589, sleeping for 0.04769833059981465 seconds
Request model_4#158 arrives at 1586479.902395574, sleeping for 0.1819228718522936 seconds
Request model_5#281 arrives at 1586480.084896528, sleeping for 0.13195645296946168 seconds
Request model_6#344 arrives at 1586480.217184583, sleeping for 0.01710975542664528 seconds
Request model_6#345 arrives at 1586480.235003251, sleeping for 0.27468377351760864 seconds
Request model_6#346 arrives at 1586480.51105795, sleeping for 0.0033805938437581062 seconds
Request model_4#159 arrives at 1586480.515288063, sleeping for 0.009186643408611417 seconds
Request model_4#160 arrives at 1586480.526077107, sleeping for 0.18516472447663546 seconds
Request model_6#347 arrives at 1586480.71237275, sleeping for 0.04158934112638235 seconds
Request model_3#289 arrives at 1586480.755043041, sleeping for 0.11233653360977769 seconds
Request model_4#161 arrives at 1586480.868861043, sleeping for 0.7000821849796921 seconds
Request model_4#162 arrives at 1586481.569173279, sleeping for 0.10871058306656778 seconds
Request model_5#282 arrives at 1586481.678345595, sleeping for 0.04754786868579686 seconds
Request model_5#283 arrives at 1586481.726837861, sleeping for 0.01748064672574401 seconds
Request model_4#163 arrives at 1586481.745406485, sleeping for 0.005310286767780781 seconds
Request model_4#164 arrives at 1586481.751002398, sleeping for 0.018732431577518582 seconds
Request model_4#165 arrives at 1586481.771315946, sleeping for 0.18523651803843677 seconds
Request model_4#166 arrives at 1586481.957853551, sleeping for 0.11244049342349172 seconds
Request model_6#348 arrives at 1586482.071189379, sleeping for 0.4359728400595486 seconds
Request model_6#349 arrives at 1586482.508495957, sleeping for 0.08917846367694438 seconds
Request model_6#350 arrives at 1586482.5991635, sleeping for 0.04135521384887397 seconds
Request model_4#167 arrives at 1586482.641243346, sleeping for 0.28368132351897657 seconds
Request model_6#351 arrives at 1586482.926003752, sleeping for 0.03798130224458873 seconds
Request model_3#290 arrives at 1586482.96444892, sleeping for 0.6188932948280126 seconds
Request model_4#168 arrives at 1586483.584615645, sleeping for 0.031242877012118697 seconds
Request model_6#352 arrives at 1586483.617728122, sleeping for 0 seconds
Request model_5#284 arrives at 1586483.618027654, sleeping for 0.26450045383535326 seconds
Request model_3#291 arrives at 1586483.883062728, sleeping for 0.02917766012251377 seconds
Request model_4#169 arrives at 1586483.912786278, sleeping for 0.05368090933188796 seconds
Request model_6#353 arrives at 1586483.96728437, sleeping for 0.10853232513181865 seconds
Request model_6#354 arrives at 1586484.075972242, sleeping for 0.11541741923429072 seconds
Request model_6#355 arrives at 1586484.191732579, sleeping for 0.10110072349198163 seconds
Request model_4#170 arrives at 1586484.293330097, sleeping for 0.04519112757407129 seconds
Request model_6#356 arrives at 1586484.339005911, sleeping for 0.13485180004499853 seconds
Request model_6#357 arrives at 1586484.474866093, sleeping for 0.07284965319558978 seconds
Request model_3#292 arrives at 1586484.548181231, sleeping for 0.13134284946136177 seconds
Request model_4#171 arrives at 1586484.680194224, sleeping for 0.07680781232193112 seconds
Request model_6#358 arrives at 1586484.759012745, sleeping for 0.10037140361964703 seconds
Request model_6#359 arrives at 1586484.86038086, sleeping for 0.05448941607028246 seconds
Request model_6#360 arrives at 1586484.915918741, sleeping for 0.08244621194899082 seconds
Request model_6#361 arrives at 1586484.999473538, sleeping for 0.14037809474393725 seconds
Request model_6#362 arrives at 1586485.141160116, sleeping for 0.03108022641390562 seconds
Request model_3#293 arrives at 1586485.172946782, sleeping for 0.12798321153968573 seconds
Request model_6#363 arrives at 1586485.301924001, sleeping for 0.3180232373997569 seconds
Request model_4#172 arrives at 1586485.620416749, sleeping for 0.1178478195797652 seconds
Request model_4#173 arrives at 1586485.739523742, sleeping for 0.07923571742139757 seconds
Request model_6#364 arrives at 1586485.819920615, sleeping for 0.06356604839675128 seconds
Request model_6#365 arrives at 1586485.884494945, sleeping for 0.2227295939810574 seconds
Request model_6#366 arrives at 1586486.108196288, sleeping for 0.05787693802267313 seconds
Request model_5#285 arrives at 1586486.166710552, sleeping for 0.44306368194520473 seconds
Request model_3#294 arrives at 1586486.610769722, sleeping for 0.0003279817756265402 seconds
Request model_4#174 arrives at 1586486.61173598, sleeping for 0.014158617006614804 seconds
Request model_6#367 arrives at 1586486.627067249, sleeping for 0.3325302901212126 seconds
Request model_6#368 arrives at 1586486.960539232, sleeping for 0.31325125438161194 seconds
Request model_5#286 arrives at 1586487.275416902, sleeping for 0.009922074619680643 seconds
Request model_6#369 arrives at 1586487.2867613, sleeping for 0.033648832235485315 seconds
Request model_3#295 arrives at 1586487.321090796, sleeping for 0.016081581823527813 seconds
Request model_5#287 arrives at 1586487.33840651, sleeping for 0.05277054803445935 seconds
Request model_4#175 arrives at 1586487.392906932, sleeping for 0.2771259001456201 seconds
Request model_4#176 arrives at 1586487.671105828, sleeping for 0 seconds
Request model_6#370 arrives at 1586487.671652672, sleeping for 0.0007218609098345041 seconds
Request model_5#288 arrives at 1586487.67263453, sleeping for 0.01842544856481254 seconds
Request model_4#177 arrives at 1586487.692290122, sleeping for 0.5192565352190286 seconds
Request model_6#371 arrives at 1586488.21348762, sleeping for 0.13358168513514102 seconds
Request model_6#372 arrives at 1586488.347429828, sleeping for 0.04112367448396981 seconds
Request model_6#373 arrives at 1586488.388933769, sleeping for 0.06838258262723684 seconds
Request model_4#178 arrives at 1586488.457538121, sleeping for 0.05908383661881089 seconds
Request model_6#374 arrives at 1586488.518183461, sleeping for 0.004637184087187052 seconds
Request model_5#289 arrives at 1586488.523952896, sleeping for 0.000343886436894536 seconds
Request model_4#179 arrives at 1586488.525609938, sleeping for 0.016013770131394267 seconds
Request model_6#375 arrives at 1586488.542260548, sleeping for 0.04526899242773652 seconds
Request model_4#180 arrives at 1586488.588432845, sleeping for 0.00045477738603949547 seconds
Request model_4#181 arrives at 1586488.589245941, sleeping for 0.13509857677854598 seconds
Request model_6#376 arrives at 1586488.725319656, sleeping for 0.16634950693696737 seconds
Request model_6#377 arrives at 1586488.892540821, sleeping for 0.0865548758301884 seconds
Request model_5#290 arrives at 1586488.979984719, sleeping for 0.096439742250368 seconds
Request model_6#378 arrives at 1586489.077685916, sleeping for 0.011536187026649714 seconds
Request model_6#379 arrives at 1586489.090280593, sleeping for 0.25111695076338947 seconds
Request model_6#380 arrives at 1586489.342597698, sleeping for 0.05665138177573681 seconds
Request model_6#381 arrives at 1586489.399699061, sleeping for 0.012464049505069852 seconds
Request model_6#382 arrives at 1586489.412632401, sleeping for 0.2566141039133072 seconds
Request model_6#383 arrives at 1586489.669864114, sleeping for 0.13182162214070559 seconds
Request model_6#384 arrives at 1586489.80230143, sleeping for 0.357066668337211 seconds
Request model_6#385 arrives at 1586490.160641846, sleeping for 0.04339286335743964 seconds
Request model_4#182 arrives at 1586490.204909399, sleeping for 0.41266945423558354 seconds
Request model_5#291 arrives at 1586490.61807863, sleeping for 0.09910615347325802 seconds
Request model_3#296 arrives at 1586490.717893434, sleeping for 0.11934073618613183 seconds
Request model_4#183 arrives at 1586490.837945083, sleeping for 0.2687033931724727 seconds
Request model_5#292 arrives at 1586491.107530322, sleeping for 0.03011761954985559 seconds
Request model_3#297 arrives at 1586491.138467872, sleeping for 0.02306886948645115 seconds
Request model_6#386 arrives at 1586491.162429098, sleeping for 0.11230773013085127 seconds
Request model_6#387 arrives at 1586491.275173831, sleeping for 0.014877338893711567 seconds
Request model_6#388 arrives at 1586491.290875193, sleeping for 0.21845931699499488 seconds
Request model_3#298 arrives at 1586491.509682888, sleeping for 0.0016020764596760273 seconds
Request model_5#293 arrives at 1586491.511562622, sleeping for 0.0636353965383023 seconds
Request model_5#294 arrives at 1586491.576088902, sleeping for 0.028387934202328324 seconds
Request model_6#389 arrives at 1586491.604670604, sleeping for 0.011578486766666174 seconds
Request model_6#390 arrives at 1586491.617320392, sleeping for 0.0705362802837044 seconds
Request model_4#184 arrives at 1586491.689963595, sleeping for 0.057956694858148694 seconds
Request model_6#391 arrives at 1586491.748597609, sleeping for 0.0077462452463805676 seconds
Request model_4#185 arrives at 1586491.757213846, sleeping for 0.32718679145909846 seconds
Request model_5#295 arrives at 1586492.085344998, sleeping for 0.047516021179035306 seconds
Request model_6#392 arrives at 1586492.133911494, sleeping for 0.02183238137513399 seconds
Request model_3#299 arrives at 1586492.15665623, sleeping for 0.050008107675239444 seconds
Request model_6#393 arrives at 1586492.207370743, sleeping for 0.03388620726764202 seconds
Request model_4#186 arrives at 1586492.242086522, sleeping for 0.005835604388266802 seconds
Request model_3#300 arrives at 1586492.248795734, sleeping for 0.1440046865027398 seconds
Request model_3#301 arrives at 1586492.394636524, sleeping for 0 seconds
Request model_5#296 arrives at 1586492.395237098, sleeping for 0.2851864725816995 seconds
Request model_6#394 arrives at 1586492.681476436, sleeping for 0.07885971525683999 seconds
Request model_6#395 arrives at 1586492.760841231, sleeping for 0.2835072649177164 seconds
Request model_6#396 arrives at 1586493.046440324, sleeping for 0.1080653031822294 seconds
Request model_5#297 arrives at 1586493.155060085, sleeping for 0.06494392384774983 seconds
Request model_6#397 arrives at 1586493.220561633, sleeping for 0.3168337456882 seconds
Request model_5#298 arrives at 1586493.538371255, sleeping for 0.11794919893145561 seconds
Request model_6#398 arrives at 1586493.656826143, sleeping for 0.04447757313027978 seconds
Request model_5#299 arrives at 1586493.701905022, sleeping for 0.06539259175769985 seconds
Request model_4#187 arrives at 1586493.768128165, sleeping for 0.1576616633683443 seconds
Request model_5#300 arrives at 1586493.926457952, sleeping for 0.13564159302040935 seconds
Request model_6#399 arrives at 1586494.062706447, sleeping for 0.032561531756073236 seconds
Request model_6#400 arrives at 1586494.096052336, sleeping for 0.05017687357030809 seconds
Request model_6#401 arrives at 1586494.147632545, sleeping for 0.15609141835011542 seconds
Request model_4#188 arrives at 1586494.305338877, sleeping for 0.034385171718895435 seconds
Request model_5#301 arrives at 1586494.340978893, sleeping for 0.24423586507327855 seconds
Request model_4#189 arrives at 1586494.587481873, sleeping for 0.03846147144213319 seconds
Request model_4#190 arrives at 1586494.627358222, sleeping for 0.10586636932566762 seconds
Request model_4#191 arrives at 1586494.734400031, sleeping for 0.0877101575024426 seconds
Request model_6#402 arrives at 1586494.822822956, sleeping for 0.1343309737276286 seconds
Request model_4#192 arrives at 1586494.957677461, sleeping for 0.01815205719321966 seconds
Request model_6#403 arrives at 1586494.977904427, sleeping for 0.028020468540489674 seconds
Request model_4#193 arrives at 1586495.006264567, sleeping for 0.03154005203396082 seconds
Request model_6#404 arrives at 1586495.03886955, sleeping for 0.12087257904931903 seconds
Request model_6#405 arrives at 1586495.16019736, sleeping for 0.033104045083746314 seconds
Request model_6#406 arrives at 1586495.193874661, sleeping for 0.020495650125667453 seconds
Request model_6#407 arrives at 1586495.215497308, sleeping for 0.15007152827456594 seconds
Request model_4#194 arrives at 1586495.366644579, sleeping for 0.083967404672876 seconds
Request model_6#408 arrives at 1586495.451401706, sleeping for 0.22878167685121298 seconds
Request model_6#409 arrives at 1586495.681304087, sleeping for 0.2836992833763361 seconds
Request model_6#410 arrives at 1586495.966014652, sleeping for 0.18037486029788852 seconds
Request model_5#302 arrives at 1586496.147169376, sleeping for 0.060697386506944895 seconds
Request model_6#411 arrives at 1586496.209040075, sleeping for 0.017520506866276264 seconds
Request model_6#412 arrives at 1586496.228710688, sleeping for 0.2151622441597283 seconds
Request model_3#302 arrives at 1586496.44460828, sleeping for 0.33739944244734943 seconds
Request model_6#413 arrives at 1586496.782269576, sleeping for 0.19518080027773976 seconds
Request model_4#195 arrives at 1586496.978033232, sleeping for 0.033638348104432225 seconds
Request model_6#414 arrives at 1586497.012078016, sleeping for 0.09548871917650104 seconds
Request model_5#303 arrives at 1586497.108535343, sleeping for 0.06980930780991912 seconds
Request model_4#196 arrives at 1586497.179401123, sleeping for 0.08768217521719635 seconds
Request model_6#415 arrives at 1586497.267274723, sleeping for 0.03417033585719764 seconds
Request model_4#197 arrives at 1586497.301943762, sleeping for 0.05248734075576067 seconds
Request model_6#416 arrives at 1586497.355630318, sleeping for 0.20268512074835598 seconds
Request model_3#303 arrives at 1586497.558772642, sleeping for 0.08661284600384533 seconds
Request model_5#304 arrives at 1586497.645868886, sleeping for 0.0010081720538437366 seconds
Request model_3#304 arrives at 1586497.647777571, sleeping for 0.12538342946209013 seconds
Request model_4#198 arrives at 1586497.77416726, sleeping for 0.32161819306202233 seconds
Request model_6#417 arrives at 1586498.095960503, sleeping for 0.05870237504132092 seconds
Request model_5#305 arrives at 1586498.155579475, sleeping for 0.022504636319354177 seconds
Request model_3#305 arrives at 1586498.179210008, sleeping for 0.06766634667292237 seconds
Request model_4#199 arrives at 1586498.247329886, sleeping for 0.009067435748875141 seconds
Request model_6#418 arrives at 1586498.257940488, sleeping for 0.10141390329226851 seconds
Request model_4#200 arrives at 1586498.359613365, sleeping for 0.11959379352629185 seconds
Request model_4#201 arrives at 1586498.479574725, sleeping for 0.11920560174621642 seconds
Request model_6#419 arrives at 1586498.599269002, sleeping for 0.21591400844044983 seconds
Request model_3#306 arrives at 1586498.816258053, sleeping for 0.3565836441703141 seconds
Request model_6#420 arrives at 1586499.173233448, sleeping for 0.07590135536156595 seconds
Request model_6#421 arrives at 1586499.251128122, sleeping for 0.1035795642528683 seconds
Request model_5#306 arrives at 1586499.356896121, sleeping for 0.009728788398206234 seconds
Request model_5#307 arrives at 1586499.367547994, sleeping for 0.054664726834744215 seconds
Request model_6#422 arrives at 1586499.423214205, sleeping for 0.03664134070277214 seconds
Request model_5#308 arrives at 1586499.461118969, sleeping for 0.0051438105292618275 seconds
Request model_4#202 arrives at 1586499.466543031, sleeping for 0.04819877864792943 seconds
Request model_6#423 arrives at 1586499.515679121, sleeping for 0.013877179706469178 seconds
Request model_4#203 arrives at 1586499.531190582, sleeping for 0.14196446677669883 seconds
Request model_5#309 arrives at 1586499.674444631, sleeping for 0.020213285693898797 seconds
Request model_4#204 arrives at 1586499.695806227, sleeping for 0.01467538345605135 seconds
Request model_4#205 arrives at 1586499.710955934, sleeping for 0.20973635069094598 seconds
Request model_4#206 arrives at 1586499.921782147, sleeping for 0.1234074397943914 seconds
Request model_6#424 arrives at 1586500.046461103, sleeping for 0.15088928886689246 seconds
Request model_4#207 arrives at 1586500.198009987, sleeping for 0.051332456758245826 seconds
Request model_4#208 arrives at 1586500.250355233, sleeping for 0.012064560782164335 seconds
Request model_4#209 arrives at 1586500.263072241, sleeping for 0.0012171692214906216 seconds
Request model_5#310 arrives at 1586500.264712674, sleeping for 0.152893110178411 seconds
Request model_6#425 arrives at 1586500.418279194, sleeping for 0.021028228336945176 seconds
Request model_4#210 arrives at 1586500.439920271, sleeping for 0.0936978729441762 seconds
Request model_6#426 arrives at 1586500.535221959, sleeping for 0.2875662175938487 seconds
Request model_4#211 arrives at 1586500.823794505, sleeping for 0.04031352582387626 seconds
Request model_6#427 arrives at 1586500.864551991, sleeping for 0.04813606198877096 seconds
Request model_6#428 arrives at 1586500.913761102, sleeping for 0.09570629592053592 seconds
Request model_6#429 arrives at 1586501.010565172, sleeping for 0.0823004322592169 seconds
Request model_3#307 arrives at 1586501.094109369, sleeping for 0.1740560948383063 seconds
Request model_4#212 arrives at 1586501.268920233, sleeping for 0.16442666063085198 seconds
Request model_4#213 arrives at 1586501.435443003, sleeping for 0.03010241803713143 seconds
Request model_5#311 arrives at 1586501.465920759, sleeping for 0.11228635930456221 seconds
Request model_3#308 arrives at 1586501.579296388, sleeping for 0.18303278111852705 seconds
Request model_6#430 arrives at 1586501.762649958, sleeping for 0.09330294234678149 seconds
Request model_3#309 arrives at 1586501.856383744, sleeping for 0.031214773887768388 seconds
Request model_4#214 arrives at 1586501.887884578, sleeping for 0.02536974847316742 seconds
Request model_4#215 arrives at 1586501.914234912, sleeping for 0.25055928342044353 seconds
Request model_3#310 arrives at 1586502.165446698, sleeping for 0.022009924286976457 seconds
Request model_6#431 arrives at 1586502.187923392, sleeping for 0.030769065488129854 seconds
Request model_3#311 arrives at 1586502.219396566, sleeping for 0.023289979668334126 seconds
Request model_6#432 arrives at 1586502.243905476, sleeping for 0.032290703849866986 seconds
Request model_3#312 arrives at 1586502.277346715, sleeping for 0.04180102678947151 seconds
Request model_6#433 arrives at 1586502.319889844, sleeping for 0.050043278373777866 seconds
Request model_6#434 arrives at 1586502.370406886, sleeping for 0.28671318804845214 seconds
Request model_4#216 arrives at 1586502.657802552, sleeping for 0.24143170681782067 seconds
Request model_6#435 arrives at 1586502.900953056, sleeping for 0.3165777400135994 seconds
Request model_5#312 arrives at 1586503.218287614, sleeping for 0.003498449455946684 seconds
Request model_4#217 arrives at 1586503.222745868, sleeping for 0.06594403297640383 seconds
Request model_6#436 arrives at 1586503.289829788, sleeping for 0.007527021924033761 seconds
Request model_4#218 arrives at 1586503.298202153, sleeping for 0.001531464047729969 seconds
Request model_4#219 arrives at 1586503.300116838, sleeping for 0.05189848877489567 seconds
Request model_4#220 arrives at 1586503.354024525, sleeping for 0.051044088788330555 seconds
Request model_6#437 arrives at 1586503.405872417, sleeping for 0.008523930329829454 seconds
Request model_6#438 arrives at 1586503.415183589, sleeping for 0.2343133189715445 seconds
Request model_4#221 arrives at 1586503.650083719, sleeping for 0.008714786730706692 seconds
Request model_5#313 arrives at 1586503.659504502, sleeping for 0.15789514896459877 seconds
Request model_3#313 arrives at 1586503.817675987, sleeping for 0.07371046161279082 seconds
Request model_4#222 arrives at 1586503.89170312, sleeping for 0.028636261820793152 seconds
Request model_6#439 arrives at 1586503.920501344, sleeping for 0.4421187387779355 seconds
Request model_4#223 arrives at 1586504.363221743, sleeping for 0.14468722068704665 seconds
Request model_4#224 arrives at 1586504.509061763, sleeping for 0.002464842516928911 seconds
Request model_4#225 arrives at 1586504.511930665, sleeping for 0.002057339297607541 seconds
Request model_5#314 arrives at 1586504.514612376, sleeping for 0.21597982686944306 seconds
Request model_6#440 arrives at 1586504.731507346, sleeping for 0.31684202468022704 seconds
Request model_6#441 arrives at 1586505.049441579, sleeping for 0.14617080544121563 seconds
Request model_6#442 arrives at 1586505.196487948, sleeping for 0.10060579190030694 seconds
Request model_4#226 arrives at 1586505.298503818, sleeping for 0.14367622742429376 seconds
Request model_6#443 arrives at 1586505.444253197, sleeping for 0.25547591503709555 seconds
Request model_3#314 arrives at 1586505.700040318, sleeping for 0.11894497508183122 seconds
Request model_4#227 arrives at 1586505.820352561, sleeping for 0.06268844520673156 seconds
Request model_5#315 arrives at 1586505.88359457, sleeping for 0.042517284164205194 seconds
Request model_4#228 arrives at 1586505.926299031, sleeping for 0.01961567089892924 seconds
Request model_5#316 arrives at 1586505.94689362, sleeping for 0.06065620179288089 seconds
Request model_6#444 arrives at 1586506.008650169, sleeping for 0.11253090831451118 seconds
Request model_6#445 arrives at 1586506.12236315, sleeping for 0.18557042139582336 seconds
Request model_6#446 arrives at 1586506.308368801, sleeping for 0.0524744710419327 seconds
Request model_5#317 arrives at 1586506.362041356, sleeping for 0.5475702020339668 seconds
Request model_6#447 arrives at 1586506.91119267, sleeping for 0.1271472224034369 seconds
Request model_4#229 arrives at 1586507.039919737, sleeping for 0.242024639621377 seconds
Request model_4#230 arrives at 1586507.28297199, sleeping for 0.09757664194330573 seconds
Request model_6#448 arrives at 1586507.380896248, sleeping for 0.060772327007725835 seconds
Request model_5#318 arrives at 1586507.442670467, sleeping for 0.06415635300800204 seconds
Request model_6#449 arrives at 1586507.507485869, sleeping for 0.2753778933547437 seconds
Request model_6#450 arrives at 1586507.783779449, sleeping for 0.05654754280112684 seconds
Request model_4#231 arrives at 1586507.840762801, sleeping for 0.5105781515594572 seconds
Request model_3#315 arrives at 1586508.351791729, sleeping for 0.12096702447161078 seconds
Request model_5#319 arrives at 1586508.473337371, sleeping for 0.06431278260424733 seconds
Request model_6#451 arrives at 1586508.538098102, sleeping for 0.07595684845000505 seconds
Request model_6#452 arrives at 1586508.614823666, sleeping for 0.09799143276177347 seconds
Request model_6#453 arrives at 1586508.713685462, sleeping for 0.08511711889877915 seconds
Request model_6#454 arrives at 1586508.799460307, sleeping for 0.022772415773943067 seconds
Request model_4#232 arrives at 1586508.82320523, sleeping for 0.0425466550514102 seconds
Request model_6#455 arrives at 1586508.866025542, sleeping for 0.26447442127391696 seconds
Request model_6#456 arrives at 1586509.131758771, sleeping for 0.0055912265088409185 seconds
Request model_4#233 arrives at 1586509.138227801, sleeping for 0.47117247385904193 seconds
Request model_6#457 arrives at 1586509.611081664, sleeping for 0.1273903709370643 seconds
Request model_4#234 arrives at 1586509.73974335, sleeping for 0.03347787307575345 seconds
Request model_4#235 arrives at 1586509.774207887, sleeping for 0.035827275132760406 seconds
Request model_6#458 arrives at 1586509.81068942, sleeping for 0.16000310191884637 seconds
Request model_6#459 arrives at 1586509.971418255, sleeping for 0.12807679921388626 seconds
Request model_4#236 arrives at 1586510.100073041, sleeping for 0.20641753147356212 seconds
Request model_6#460 arrives at 1586510.307424987, sleeping for 0.007990321144461632 seconds
Request model_4#237 arrives at 1586510.315990373, sleeping for 0.03432030254043639 seconds
Request model_6#461 arrives at 1586510.3516328, sleeping for 0.14892775076441467 seconds
Request model_6#462 arrives at 1586510.501591801, sleeping for 0.022038193652406335 seconds
Request model_4#238 arrives at 1586510.523977074, sleeping for 0.026807807618752122 seconds
Request model_3#316 arrives at 1586510.552566106, sleeping for 0.20140895107761025 seconds
Request model_5#320 arrives at 1586510.754711342, sleeping for 0.044353499077260494 seconds
Request model_5#321 arrives at 1586510.800023773, sleeping for 0.41361890360713005 seconds
Request model_4#239 arrives at 1586511.214261712, sleeping for 0.046662705251947045 seconds
Request model_4#240 arrives at 1586511.261340796, sleeping for 0.06764898914843798 seconds
Request model_6#463 arrives at 1586511.329996888, sleeping for 0.01188953802920878 seconds
Request model_2#84 arrives at 1586511.342286473, sleeping for 0.1510802956763655 seconds
Request model_2#85 arrives at 1586511.493760906, sleeping for 0.02904528216458857 seconds
Request model_4#241 arrives at 1586511.52398739, sleeping for 0.08327733585610986 seconds
Request model_2#86 arrives at 1586511.608550566, sleeping for 0.08103635837323964 seconds
Request model_2#87 arrives at 1586511.690117887, sleeping for 0.14124071109108627 seconds
Request model_4#242 arrives at 1586511.832292488, sleeping for 0.02211045427247882 seconds
Request model_4#243 arrives at 1586511.855623739, sleeping for 0.003781694918870926 seconds
Request model_2#88 arrives at 1586511.860039843, sleeping for 0.000537290470674634 seconds
Request model_2#89 arrives at 1586511.860815609, sleeping for 0.019589630654081702 seconds
Request model_4#244 arrives at 1586511.95899503, sleeping for 0.008317004889249802 seconds
Request model_2#90 arrives at 1586511.967820728, sleeping for 0.2834834347013384 seconds
Request model_2#91 arrives at 1586512.253697613, sleeping for 0.6801293874159455 seconds
Request model_2#92 arrives at 1586512.934762908, sleeping for 0.2279850784689188 seconds
Request model_2#93 arrives at 1586513.163332518, sleeping for 0.4212078789714724 seconds
Request model_4#245 arrives at 1586513.584807783, sleeping for 0.06887430185452104 seconds
Request model_2#94 arrives at 1586513.654639824, sleeping for 0.007476623170077801 seconds
Request model_2#95 arrives at 1586513.662307453, sleeping for 0.14741046214476228 seconds
Request model_2#96 arrives at 1586513.810609462, sleeping for 0.08946046466007829 seconds
Request model_2#97 arrives at 1586513.900464288, sleeping for 0.10078139486722648 seconds
Request model_2#98 arrives at 1586514.002450248, sleeping for 0.10810082871466875 seconds
Request model_2#99 arrives at 1586514.111125579, sleeping for 0.014574306784197688 seconds
Request model_2#100 arrives at 1586514.12671631, sleeping for 0.03310273075476289 seconds
Request model_2#101 arrives at 1586514.160934285, sleeping for 0.05097180954180658 seconds
Request model_4#246 arrives at 1586514.2131448, sleeping for 0.08261612593196332 seconds
Request model_4#247 arrives at 1586514.296786587, sleeping for 0.03622519690543413 seconds
Request model_2#102 arrives at 1586514.334944973, sleeping for 0 seconds
Request model_4#248 arrives at 1586514.335374266, sleeping for 0.030833103461191058 seconds
Request model_4#249 arrives at 1586514.367261153, sleeping for 0.24196714838035405 seconds
Request model_2#103 arrives at 1586514.609695311, sleeping for 0.11103083356283605 seconds
Request model_4#250 arrives at 1586514.721455426, sleeping for 0.05227494309656322 seconds
Request model_2#104 arrives at 1586514.775231653, sleeping for 0.08521924656815827 seconds
Request model_2#105 arrives at 1586514.86134987, sleeping for 0.03965920233167708 seconds
Request model_4#251 arrives at 1586514.902016265, sleeping for 0.37478296109475195 seconds
Request model_2#106 arrives at 1586515.277706025, sleeping for 0.18509472231380641 seconds
Request model_4#252 arrives at 1586515.46421937, sleeping for 0.09307268168777227 seconds
Request model_2#107 arrives at 1586515.557823504, sleeping for 0.18053870555013418 seconds
Request model_2#108 arrives at 1586515.739539182, sleeping for 0.10037357010878623 seconds
Request model_2#109 arrives at 1586515.840722666, sleeping for 0.013163345633074641 seconds
Request model_2#110 arrives at 1586515.855636421, sleeping for 0.39365410315804183 seconds
Request model_4#253 arrives at 1586516.250811082, sleeping for 0.0028055531438440084 seconds
Request model_2#111 arrives at 1586516.253943596, sleeping for 0.08655273937620223 seconds
Request model_2#112 arrives at 1586516.341708186, sleeping for 0.06145628122612834 seconds
Request model_4#254 arrives at 1586516.403849697, sleeping for 0.06379637378267944 seconds
Request model_2#113 arrives at 1586516.468675809, sleeping for 0.14137726393528283 seconds
Request model_4#255 arrives at 1586516.610973062, sleeping for 0.07422842015512288 seconds
Request model_2#114 arrives at 1586516.686090053, sleeping for 0.07627814123407006 seconds
Request model_2#115 arrives at 1586516.76310265, sleeping for 0.04129733704030514 seconds
Request model_2#116 arrives at 1586516.805036524, sleeping for 0.38843649555929005 seconds
Request model_4#256 arrives at 1586517.194590872, sleeping for 0.11536168097518384 seconds
Request model_2#117 arrives at 1586517.310999263, sleeping for 0.1723398284520954 seconds
Request model_4#257 arrives at 1586517.484720269, sleeping for 0.06563821830786765 seconds
Request model_2#118 arrives at 1586517.551192473, sleeping for 0.23720727837644517 seconds
Request model_2#119 arrives at 1586517.789456599, sleeping for 0.08621181780472398 seconds
Request model_2#120 arrives at 1586517.876284112, sleeping for 0.07416583364829421 seconds
Request model_2#121 arrives at 1586517.951486534, sleeping for 0.12965876050293446 seconds
Request model_2#122 arrives at 1586518.081924534, sleeping for 0.12723908596672118 seconds
Request model_4#258 arrives at 1586518.209430412, sleeping for 0.16006423882208765 seconds
Request model_2#123 arrives at 1586518.370754301, sleeping for 0.04262467264197767 seconds
Request model_4#259 arrives at 1586518.414692652, sleeping for 0.270130182383582 seconds
Request model_2#124 arrives at 1586518.686011243, sleeping for 0.46792147029191256 seconds
Request model_2#125 arrives at 1586519.155841442, sleeping for 0.10888048727065325 seconds
Request model_4#260 arrives at 1586519.265306169, sleeping for 0.09002412669360638 seconds
Request model_4#261 arrives at 1586519.356241924, sleeping for 0.017129283864051104 seconds
Request model_2#126 arrives at 1586519.374634667, sleeping for 0.16942456574179232 seconds
Request model_4#262 arrives at 1586519.544870945, sleeping for 0.020141758024692535 seconds
Request model_2#127 arrives at 1586519.565246882, sleeping for 0.1623983490280807 seconds
Request model_4#263 arrives at 1586519.729820277, sleeping for 0.014653958613052964 seconds
Request model_2#128 arrives at 1586519.744811873, sleeping for 0.04240547399967909 seconds
Request model_2#129 arrives at 1586519.78825487, sleeping for 0.015222101472318172 seconds
Request model_4#264 arrives at 1586519.803920611, sleeping for 0.21593172289431095 seconds
Request model_2#130 arrives at 1586520.020845551, sleeping for 0.056027051992714405 seconds
Request model_2#131 arrives at 1586520.077730752, sleeping for 0.32014678977429867 seconds
Request model_2#132 arrives at 1586520.400148089, sleeping for 0.12216738378629088 seconds
Request model_2#133 arrives at 1586520.522790189, sleeping for 0.09384237905032933 seconds
Request model_2#134 arrives at 1586520.617592963, sleeping for 0.23687837878242135 seconds
Request model_4#265 arrives at 1586520.856612504, sleeping for 0.013204442569985986 seconds
Request model_2#135 arrives at 1586520.871992364, sleeping for 0.41651120875030756 seconds
Request model_2#136 arrives at 1586521.289224775, sleeping for 0.0158520785626024 seconds
Request model_2#137 arrives at 1586521.305269149, sleeping for 0.06305313482880592 seconds
Request model_2#138 arrives at 1586521.368987442, sleeping for 0.17720309179276228 seconds
Request model_2#139 arrives at 1586521.547724027, sleeping for 0.18088250746950507 seconds
Request model_2#140 arrives at 1586521.730511362, sleeping for 0.06066186982207 seconds
Request model_2#141 arrives at 1586521.792228251, sleeping for 0.10195212531834841 seconds
Request model_2#142 arrives at 1586521.895079907, sleeping for 0.036373984068632126 seconds
Request model_2#143 arrives at 1586521.932815269, sleeping for 0.07468342036008835 seconds
Request model_2#144 arrives at 1586522.008434425, sleeping for 0.14182654861360788 seconds
Request model_4#266 arrives at 1586522.152264559, sleeping for 0.12548145954497159 seconds
Request model_2#145 arrives at 1586522.278630768, sleeping for 0.14639252494089305 seconds
Request model_2#146 arrives at 1586522.426052919, sleeping for 0.07486186362802982 seconds
Request model_4#267 arrives at 1586522.502064738, sleeping for 0.00287161604501307 seconds
Request model_2#147 arrives at 1586522.505708886, sleeping for 0.18854753323830664 seconds
Request model_2#148 arrives at 1586522.694526479, sleeping for 0.006330051459372044 seconds
Request model_2#149 arrives at 1586522.70117416, sleeping for 0.20128330122679472 seconds
Request model_2#150 arrives at 1586522.90264291, sleeping for 0.06645823689177632 seconds
Request model_4#268 arrives at 1586522.969539058, sleeping for 0.12682945025153458 seconds
Request model_2#151 arrives at 1586523.096684903, sleeping for 0.013199038105085492 seconds
Request model_2#152 arrives at 1586523.111957761, sleeping for 0.26177037158049643 seconds
Request model_2#153 arrives at 1586523.374512105, sleeping for 0.033275340450927615 seconds
Request model_2#154 arrives at 1586523.40871193, sleeping for 0.017609773902222514 seconds
Request model_2#155 arrives at 1586523.428325082, sleeping for 0.11675249529071152 seconds
Request model_2#156 arrives at 1586523.545279987, sleeping for 0.05269827204756439 seconds
Request model_2#157 arrives at 1586523.599095224, sleeping for 0.11585679766722023 seconds
Request model_2#158 arrives at 1586523.715801428, sleeping for 0.020820933859795332 seconds
Request model_4#269 arrives at 1586523.736881741, sleeping for 0.009471654193475842 seconds
Request model_2#159 arrives at 1586523.747458963, sleeping for 0.224250344093889 seconds
Request model_2#160 arrives at 1586523.972636617, sleeping for 0.07742456393316388 seconds
Request model_2#161 arrives at 1586524.050393129, sleeping for 0.027936301426962018 seconds
Request model_2#162 arrives at 1586524.079073191, sleeping for 0.057954719522967935 seconds
Request model_4#270 arrives at 1586524.137788926, sleeping for 0.09122852748259902 seconds
Request model_2#163 arrives at 1586524.229230994, sleeping for 0.01550993975251913 seconds
Request model_2#164 arrives at 1586524.244933546, sleeping for 0.2989971484057605 seconds
Request model_2#165 arrives at 1586524.544733438, sleeping for 0.03582259430550039 seconds
Request model_2#166 arrives at 1586524.582556891, sleeping for 0.2023857154417783 seconds
Request model_2#167 arrives at 1586524.785170819, sleeping for 0.10034091770648956 seconds
Request model_2#168 arrives at 1586524.88590107, sleeping for 0.17027294915169477 seconds
Request model_2#169 arrives at 1586525.057175206, sleeping for 0.02926350152119994 seconds
Request model_2#170 arrives at 1586525.087424621, sleeping for 0.16217705490998924 seconds
Request model_4#271 arrives at 1586525.250602384, sleeping for 0.03747583529911935 seconds
Request model_2#171 arrives at 1586525.288899121, sleeping for 0.16114524565637112 seconds
Request model_2#172 arrives at 1586525.451294468, sleeping for 0.028385590994730592 seconds
Request model_4#272 arrives at 1586525.480851517, sleeping for 0.12676833919249475 seconds
Request model_2#173 arrives at 1586525.609365653, sleeping for 0.19881461607292295 seconds
Request model_2#174 arrives at 1586525.808975258, sleeping for 0.008631370263174176 seconds
Request model_2#175 arrives at 1586525.81827992, sleeping for 0.07271651062183082 seconds
Request model_4#273 arrives at 1586525.892220143, sleeping for 0.17555180797353387 seconds
Request model_2#176 arrives at 1586526.068902292, sleeping for 0.10441418178379536 seconds
Request model_4#274 arrives at 1586526.173858074, sleeping for 0.07128492556512356 seconds
Request model_2#177 arrives at 1586526.24563653, sleeping for 0.08540519862435758 seconds
Request model_4#275 arrives at 1586526.331850518, sleeping for 0.09297875594347715 seconds
Request model_2#178 arrives at 1586526.425673604, sleeping for 0.048705287743359804 seconds
Request model_4#276 arrives at 1586526.474688434, sleeping for 0.14699791534803808 seconds
Request model_2#179 arrives at 1586526.62272927, sleeping for 0.10831376211717725 seconds
Request model_4#277 arrives at 1586526.73237859, sleeping for 0.07712953188456595 seconds
Request model_2#180 arrives at 1586526.810008511, sleeping for 0.04930557310581207 seconds
Request model_2#181 arrives at 1586526.860098989, sleeping for 0.015489714685827494 seconds
Request model_2#182 arrives at 1586526.876366045, sleeping for 0.17371076182462275 seconds
Request model_2#183 arrives at 1586527.051078568, sleeping for 0.02629180857911706 seconds
Request model_4#278 arrives at 1586527.078240318, sleeping for 0.04869917780160904 seconds
Request model_2#184 arrives at 1586527.127645491, sleeping for 0.16580856940709054 seconds
Request model_4#279 arrives at 1586527.294592864, sleeping for 0.07322968728840351 seconds
Request model_4#280 arrives at 1586527.368224634, sleeping for 0.4190671592950821 seconds
Request model_4#281 arrives at 1586527.788186956, sleeping for 0.33690736652351916 seconds
Request model_2#185 arrives at 1586528.126542317, sleeping for 0.06144093256443739 seconds
Request model_2#186 arrives at 1586528.18903539, sleeping for 0.08551111095584929 seconds
Request model_4#282 arrives at 1586528.274878605, sleeping for 0.1404595032799989 seconds
Request model_2#187 arrives at 1586528.415959208, sleeping for 0.04760859441012144 seconds
Request model_2#188 arrives at 1586528.463906829, sleeping for 0.03861997602507472 seconds
Request model_2#189 arrives at 1586528.502891421, sleeping for 0.03179380064830184 seconds
Request model_4#283 arrives at 1586528.535611624, sleeping for 0.0621393749024719 seconds
Request model_2#190 arrives at 1586528.59832144, sleeping for 0.12464464898221195 seconds
Request model_4#284 arrives at 1586528.723871222, sleeping for 0.0822884882800281 seconds
Request model_4#285 arrives at 1586528.807336769, sleeping for 0.15217792335897684 seconds
Request model_2#191 arrives at 1586528.95980274, sleeping for 0.021089414367452264 seconds
Request model_2#192 arrives at 1586528.981500578, sleeping for 0.24709725240245461 seconds
Request model_4#286 arrives at 1586529.228874633, sleeping for 0.35441730613820255 seconds
Request model_2#193 arrives at 1586529.584155554, sleeping for 0.09928545681759715 seconds
Request model_2#194 arrives at 1586529.68430535, sleeping for 0.10804557497613132 seconds
Request model_4#287 arrives at 1586529.792685009, sleeping for 0.08534514461643994 seconds
Request model_4#288 arrives at 1586529.879345621, sleeping for 0.06170530081726611 seconds
Request model_2#195 arrives at 1586529.941504522, sleeping for 0.020030921092256904 seconds
Request model_2#196 arrives at 1586529.962228622, sleeping for 0.025284751085564494 seconds
Request model_2#197 arrives at 1586529.987926861, sleeping for 0.09596261545084417 seconds
Request model_2#198 arrives at 1586530.084709101, sleeping for 0 seconds
Request model_2#199 arrives at 1586530.085026903, sleeping for 0.4738232318777591 seconds
Request model_2#200 arrives at 1586530.559231146, sleeping for 0.17059707455337048 seconds
Request model_2#201 arrives at 1586530.730918115, sleeping for 0.13734100991860032 seconds
Request model_2#202 arrives at 1586530.868801293, sleeping for 0.0347941720392555 seconds
Request model_2#203 arrives at 1586530.90453, sleeping for 0.12937970436178148 seconds
Request model_2#204 arrives at 1586531.034323485, sleeping for 0.05468157958239317 seconds
Request model_4#289 arrives at 1586531.090085156, sleeping for 0.448359951376915 seconds
Request model_2#205 arrives at 1586531.539671648, sleeping for 0.3196051041595638 seconds
Request model_2#206 arrives at 1586531.860364042, sleeping for 0.012413595570251346 seconds
Request model_2#207 arrives at 1586531.873538544, sleeping for 0.014720741659402847 seconds
Request model_2#208 arrives at 1586531.889157554, sleeping for 0.0032832298893481493 seconds
Request model_2#209 arrives at 1586531.892764792, sleeping for 0.18868725700303912 seconds
Request model_4#290 arrives at 1586532.082179019, sleeping for 0.426361144753173 seconds
Request model_2#210 arrives at 1586532.509155436, sleeping for 0.026877867057919502 seconds
Request model_2#211 arrives at 1586532.536604878, sleeping for 0.10687226569280028 seconds
Request model_2#212 arrives at 1586532.64398819, sleeping for 0.04699902795255184 seconds
Request model_2#213 arrives at 1586532.692094962, sleeping for 0.01904774969443679 seconds
Request model_2#214 arrives at 1586532.712120167, sleeping for 0.6296448479406536 seconds
Request model_2#215 arrives at 1586533.342190577, sleeping for 0.08679310441948473 seconds
Request model_2#216 arrives at 1586533.429525453, sleeping for 0.038282336900010705 seconds
Request model_2#217 arrives at 1586533.468405754, sleeping for 0.4274277570657432 seconds
Request model_4#291 arrives at 1586533.896723231, sleeping for 0.14293289626948535 seconds
Request model_2#218 arrives at 1586534.040579595, sleeping for 0.2500450839288533 seconds
Request model_2#219 arrives at 1586534.29179515, sleeping for 0.2063883643131703 seconds
Request model_2#220 arrives at 1586534.499132516, sleeping for 0.14783219061791897 seconds
Request model_2#221 arrives at 1586534.647679256, sleeping for 0.02477107895538211 seconds
Request model_4#292 arrives at 1586534.673545736, sleeping for 0.06659081624820828 seconds
Request model_4#293 arrives at 1586534.741036499, sleeping for 0.04007423762232065 seconds
Request model_2#222 arrives at 1586534.781655783, sleeping for 0.06755505199544132 seconds
Request model_4#294 arrives at 1586534.850853689, sleeping for 0.19042626372538507 seconds
Request model_2#223 arrives at 1586535.042622924, sleeping for 0.1213501903694123 seconds
Request model_2#224 arrives at 1586535.165282804, sleeping for 0.0074401115998625755 seconds
Request model_2#225 arrives at 1586535.17377573, sleeping for 0.01920218695886433 seconds
Request model_4#295 arrives at 1586535.195021694, sleeping for 0.6105098363477737 seconds
Request model_2#226 arrives at 1586535.806054956, sleeping for 0.23455127654597163 seconds
Request model_2#227 arrives at 1586536.041468809, sleeping for 0.12764337565749884 seconds
Request model_4#296 arrives at 1586536.169871463, sleeping for 0.04350186116062105 seconds
Request model_4#297 arrives at 1586536.214223397, sleeping for 0.03296335437335074 seconds
Request model_4#298 arrives at 1586536.247662375, sleeping for 0.15085261035710573 seconds
Request model_2#228 arrives at 1586536.398811166, sleeping for 0.038031857926398516 seconds
Request model_2#229 arrives at 1586536.437200703, sleeping for 0.0006353717762976885 seconds
Request model_2#230 arrives at 1586536.438011009, sleeping for 0.32791772042401135 seconds
Request model_2#231 arrives at 1586536.767047297, sleeping for 0.17340802517719567 seconds
Request model_2#232 arrives at 1586536.941474678, sleeping for 0.20575428614392877 seconds
Request model_2#233 arrives at 1586537.148111798, sleeping for 0.146567665040493 seconds
Request model_2#234 arrives at 1586537.295316558, sleeping for 0.26437766780145466 seconds
Request model_2#235 arrives at 1586537.560916685, sleeping for 0.3255437836050987 seconds
Request model_2#236 arrives at 1586537.888111689, sleeping for 0.05133038037456572 seconds
Request model_4#299 arrives at 1586537.93992905, sleeping for 0.28175567276775837 seconds
Request model_4#300 arrives at 1586538.222523478, sleeping for 0.04108668747358024 seconds
Request model_2#237 arrives at 1586538.264491893, sleeping for 0.0026921869721263647 seconds
Request model_2#238 arrives at 1586538.268281712, sleeping for 0.17122033308260143 seconds
Request model_4#301 arrives at 1586538.440134443, sleeping for 0.023848098469898105 seconds
Request model_4#302 arrives at 1586538.465105426, sleeping for 0.05169994360767305 seconds
Request model_2#239 arrives at 1586538.518855012, sleeping for 0.06279648444615304 seconds
Request model_2#240 arrives at 1586538.582935949, sleeping for 0.0431931943167001 seconds
Request model_2#241 arrives at 1586538.626731538, sleeping for 0.49481448414735496 seconds
Request model_2#242 arrives at 1586539.122788359, sleeping for 0.03386609093286097 seconds
Request model_2#243 arrives at 1586539.15777411, sleeping for 0.04603864112868905 seconds
Request model_2#244 arrives at 1586539.204579082, sleeping for 0.2323378692381084 seconds
Request model_4#303 arrives at 1586539.437367305, sleeping for 0.03291487833485007 seconds
Request model_2#245 arrives at 1586539.471365758, sleeping for 0.32837310433387756 seconds
Request model_2#246 arrives at 1586539.801020361, sleeping for 0.0938308413606137 seconds
Request model_4#304 arrives at 1586539.895576193, sleeping for 0.023938566679134965 seconds
Request model_2#247 arrives at 1586539.920524736, sleeping for 0.05150172533467412 seconds
Request model_2#248 arrives at 1586539.972215247, sleeping for 0.02129352348856628 seconds
Request model_2#249 arrives at 1586539.994894922, sleeping for 0.1806409815326333 seconds
Request model_2#250 arrives at 1586540.176658439, sleeping for 0.22353081009350717 seconds
Request model_2#251 arrives at 1586540.401296799, sleeping for 0.07758039468899369 seconds
Request model_2#252 arrives at 1586540.479565485, sleeping for 0.1953041923698038 seconds
Request model_4#305 arrives at 1586540.675491112, sleeping for 0.3064580694772303 seconds
Request model_2#253 arrives at 1586540.983100194, sleeping for 0.023801914416253567 seconds
Request model_2#254 arrives at 1586541.007327861, sleeping for 0.0067884610034525394 seconds
Request model_2#255 arrives at 1586541.014468697, sleeping for 0.12077652476727962 seconds
Request model_2#256 arrives at 1586541.136516341, sleeping for 0.23719256673939526 seconds
Request model_2#257 arrives at 1586541.374159972, sleeping for 0.03384014777839184 seconds
Request model_2#258 arrives at 1586541.408541558, sleeping for 0.008940787753090262 seconds
Request model_2#259 arrives at 1586541.418365464, sleeping for 0.03854339267127216 seconds
Request model_2#260 arrives at 1586541.457413886, sleeping for 0.061884431866928935 seconds
Request model_2#261 arrives at 1586541.51989926, sleeping for 0.14985493896529078 seconds
Request model_2#262 arrives at 1586541.671362833, sleeping for 0.04898784984834492 seconds
Request model_4#306 arrives at 1586541.721178299, sleeping for 0.06105600553564727 seconds
Request model_4#307 arrives at 1586541.782705295, sleeping for 0.06062728259712458 seconds
Request model_2#263 arrives at 1586541.845065968, sleeping for 0.02248550346121192 seconds
Request model_2#264 arrives at 1586541.868074716, sleeping for 0.030851147137582302 seconds
Request model_2#265 arrives at 1586541.8995451, sleeping for 0.19086015224456787 seconds
Request model_2#266 arrives at 1586542.091459486, sleeping for 0.05682680197060108 seconds
Request model_4#308 arrives at 1586542.149420505, sleeping for 0.010782987112179399 seconds
Request model_2#267 arrives at 1586542.161029925, sleeping for 0.1577505934983492 seconds
Request model_2#268 arrives at 1586542.319806654, sleeping for 0.011146949836984277 seconds
Request model_2#269 arrives at 1586542.331614395, sleeping for 0.14202939672395587 seconds
Request model_4#309 arrives at 1586542.474177909, sleeping for 0.21363647328689694 seconds
Request model_2#270 arrives at 1586542.689609677, sleeping for 0.39765873830765486 seconds
Request model_2#271 arrives at 1586543.088384355, sleeping for 0.014828472398221493 seconds
Request model_4#310 arrives at 1586543.104297618, sleeping for 0.025164076127111912 seconds
Request model_4#311 arrives at 1586543.130090368, sleeping for 0.030800437089055777 seconds
Request model_2#272 arrives at 1586543.162103066, sleeping for 0.2654716223478317 seconds
Request model_2#273 arrives at 1586543.428895132, sleeping for 0.11830258136615157 seconds
Request model_2#274 arrives at 1586543.547705402, sleeping for 0.18438052944839 seconds
Request model_4#312 arrives at 1586543.73347703, sleeping for 0.18522589281201363 seconds
Request model_4#313 arrives at 1586543.91952511, sleeping for 0.043943535070866346 seconds
Request model_2#275 arrives at 1586543.963957395, sleeping for 0.16567890834994614 seconds
Request model_2#276 arrives at 1586544.130241332, sleeping for 0.3430680390447378 seconds
Request model_4#314 arrives at 1586544.475296954, sleeping for 0.27852671779692173 seconds
Request model_2#277 arrives at 1586544.754709777, sleeping for 0.022780034225434065 seconds
Request model_2#278 arrives at 1586544.777785986, sleeping for 0.20782354404218495 seconds
Request model_2#279 arrives at 1586544.986418341, sleeping for 0.07347595156170428 seconds
Request model_4#315 arrives at 1586545.060146892, sleeping for 0.020939883310347795 seconds
Request model_2#280 arrives at 1586545.08183187, sleeping for 0.2204487626440823 seconds
Request model_4#316 arrives at 1586545.302826891, sleeping for 0.055869201896712184 seconds
Request model_4#317 arrives at 1586545.35950635, sleeping for 0.2887886078096926 seconds
Request model_2#281 arrives at 1586545.6487877, sleeping for 0.08074725302867591 seconds
Request model_2#282 arrives at 1586545.730838995, sleeping for 0.09173375507816672 seconds
Request model_4#318 arrives at 1586545.824744392, sleeping for 0.4282578940037638 seconds
Request model_4#319 arrives at 1586546.253818865, sleeping for 0.12521492829546332 seconds
Request model_2#283 arrives at 1586546.379453697, sleeping for 0.4202626314945519 seconds
Request model_2#284 arrives at 1586546.800626268, sleeping for 0.0544645800255239 seconds
Request model_2#285 arrives at 1586546.855945877, sleeping for 0.13147539203055203 seconds
Request model_5#322 arrives at 1586546.988220541, sleeping for 0.7411241305526346 seconds
Request model_5#323 arrives at 1586547.730173796, sleeping for 0.00606179516762495 seconds
Request model_3#317 arrives at 1586547.737117359, sleeping for 0.13348247786052525 seconds
Request model_5#324 arrives at 1586547.870855625, sleeping for 0.09324348228983581 seconds
Request model_5#325 arrives at 1586547.965118405, sleeping for 0.0714340207632631 seconds
Request model_1#53 arrives at 1586548.037824547, sleeping for 0.028886024141684175 seconds
Request model_5#326 arrives at 1586548.067521147, sleeping for 0.002964839804917574 seconds
Request model_5#327 arrives at 1586548.071229746, sleeping for 0.6328902600798756 seconds
Request model_1#54 arrives at 1586548.7046627, sleeping for 0.014551676576957107 seconds
Request model_5#328 arrives at 1586548.719665817, sleeping for 0.02413714793510735 seconds
Request model_5#329 arrives at 1586548.744390428, sleeping for 0.05160848144441843 seconds
Request model_1#55 arrives at 1586548.796544342, sleeping for 0.2854717851150781 seconds
Request model_5#330 arrives at 1586549.082884149, sleeping for 0.010660688858479261 seconds
Request model_5#331 arrives at 1586549.093889394, sleeping for 0.034531411016359925 seconds
Request model_5#332 arrives at 1586549.128581703, sleeping for 0.014738946221768856 seconds
Request model_3#318 arrives at 1586549.144238234, sleeping for 0.09468452632427216 seconds
Request model_5#333 arrives at 1586549.239797594, sleeping for 0 seconds
Request model_5#334 arrives at 1586549.240131086, sleeping for 0.01845863601192832 seconds
Request model_5#335 arrives at 1586549.2599619, sleeping for 0.13323197327554226 seconds
Request model_5#336 arrives at 1586549.393786796, sleeping for 0.11937056202441454 seconds
Request model_5#337 arrives at 1586549.514287129, sleeping for 0.09033343847841024 seconds
Request model_5#338 arrives at 1586549.605564896, sleeping for 0.28833690588362515 seconds
Request model_5#339 arrives at 1586549.895068507, sleeping for 0.017633453710004687 seconds
Request model_5#340 arrives at 1586549.913251858, sleeping for 0.08653469360433519 seconds
Request model_5#341 arrives at 1586550.000906217, sleeping for 0.029619056032970548 seconds
Request model_5#342 arrives at 1586550.03102838, sleeping for 0 seconds
Request model_5#343 arrives at 1586550.032027468, sleeping for 0.18977348715998232 seconds
Request model_5#344 arrives at 1586550.22228369, sleeping for 0.2556009858381003 seconds
Request model_5#345 arrives at 1586550.478273412, sleeping for 0.11104304809123278 seconds
Request model_5#346 arrives at 1586550.590535252, sleeping for 0.016181521117687225 seconds
Request model_5#347 arrives at 1586550.607916406, sleeping for 0.023933637654408813 seconds
Request model_1#56 arrives at 1586550.633100041, sleeping for 0.06394133856520057 seconds
Request model_5#348 arrives at 1586550.697439119, sleeping for 0.4556059557944536 seconds
Request model_5#349 arrives at 1586551.154061185, sleeping for 0.2868930471595377 seconds
Request model_5#350 arrives at 1586551.442113315, sleeping for 0.1223697776440531 seconds
Request model_5#351 arrives at 1586551.565001456, sleeping for 0.015846305061131716 seconds
Request model_5#352 arrives at 1586551.581421493, sleeping for 0.2549984729848802 seconds
Request model_5#353 arrives at 1586551.837634257, sleeping for 0.5280993529595435 seconds
Request model_5#354 arrives at 1586552.366914235, sleeping for 0.03386198962107301 seconds
Request model_5#355 arrives at 1586552.401216551, sleeping for 0.25593621702864766 seconds
Request model_5#356 arrives at 1586552.658263661, sleeping for 0.21514406241476536 seconds
Request model_5#357 arrives at 1586552.875504762, sleeping for 0.0026889147702604532 seconds
Request model_5#358 arrives at 1586552.878541916, sleeping for 0.20592819317243993 seconds
Request model_5#359 arrives at 1586553.085324917, sleeping for 0.004122871905565262 seconds
Request model_3#319 arrives at 1586553.090123354, sleeping for 0.0564419140573591 seconds
Request model_5#360 arrives at 1586553.147249466, sleeping for 0.05084716295823455 seconds
Request model_5#361 arrives at 1586553.198958837, sleeping for 0.05538036650978029 seconds
Request model_5#362 arrives at 1586553.254640608, sleeping for 0.006653605028986931 seconds
Request model_5#363 arrives at 1586553.262318597, sleeping for 0.07001590961590409 seconds
Request model_5#364 arrives at 1586553.333006855, sleeping for 0.4987910089548677 seconds
Request model_5#365 arrives at 1586553.833047786, sleeping for 0.11108623002655804 seconds
Request model_5#366 arrives at 1586553.945334005, sleeping for 0.12071990291588008 seconds
Request model_5#367 arrives at 1586554.067460421, sleeping for 0.09752002987079322 seconds
Request model_3#320 arrives at 1586554.16550173, sleeping for 0.15464569232426584 seconds
Request model_5#368 arrives at 1586554.320823592, sleeping for 0.01301115588285029 seconds
Request model_5#369 arrives at 1586554.334204536, sleeping for 0.1465333190280944 seconds
Request model_3#321 arrives at 1586554.48198463, sleeping for 0.24610227718949318 seconds
Request model_5#370 arrives at 1586554.729288735, sleeping for 0.08491544448770583 seconds
Request model_5#371 arrives at 1586554.815282231, sleeping for 0.3320683555211872 seconds
Request model_5#372 arrives at 1586555.148186998, sleeping for 0.100273332092911 seconds
Request model_5#373 arrives at 1586555.24920252, sleeping for 0.07018819777294993 seconds
Request model_5#374 arrives at 1586555.320391111, sleeping for 0.1410130807198584 seconds
Request model_5#375 arrives at 1586555.462153358, sleeping for 0.007133281324058771 seconds
Request model_5#376 arrives at 1586555.469849908, sleeping for 0.3954314896836877 seconds
Request model_5#377 arrives at 1586555.866474779, sleeping for 0.04721401468850672 seconds
Request model_5#378 arrives at 1586555.914648302, sleeping for 0.24885107204318047 seconds
Request model_5#379 arrives at 1586556.164679547, sleeping for 0.018228063359856606 seconds
Request model_5#380 arrives at 1586556.184539361, sleeping for 0.037064994452521205 seconds
Request model_5#381 arrives at 1586556.222450325, sleeping for 0.039969671750441194 seconds
Request model_5#382 arrives at 1586556.263515503, sleeping for 0.07968895323574543 seconds
Request model_5#383 arrives at 1586556.344206547, sleeping for 0.0157299037091434 seconds
Request model_5#384 arrives at 1586556.360923627, sleeping for 0.0075608480256050825 seconds
Request model_5#385 arrives at 1586556.369604414, sleeping for 0.05646936711855233 seconds
Request model_5#386 arrives at 1586556.426282113, sleeping for 0.020965654170140624 seconds
Request model_5#387 arrives at 1586556.44796129, sleeping for 0.08011777978390455 seconds
Request model_5#388 arrives at 1586556.528785536, sleeping for 0.2121913251467049 seconds
Request model_5#389 arrives at 1586556.741684195, sleeping for 0.42419407423585653 seconds
Request model_1#57 arrives at 1586557.166146511, sleeping for 0.29818642139434814 seconds
Request model_5#390 arrives at 1586557.464654372, sleeping for 0.13816409814171493 seconds
Request model_5#391 arrives at 1586557.603806439, sleeping for 0.15550946653820574 seconds
Request model_5#392 arrives at 1586557.760896545, sleeping for 0.10606382507830858 seconds
Request model_5#393 arrives at 1586557.868236806, sleeping for 0.037256025709211826 seconds
Request model_5#394 arrives at 1586557.906483732, sleeping for 0.22702641738578677 seconds
Request model_5#395 arrives at 1586558.134911761, sleeping for 0.10695429611951113 seconds
Request model_5#396 arrives at 1586558.242487703, sleeping for 0.028608739841729403 seconds
Request model_5#397 arrives at 1586558.271831371, sleeping for 0.029725213535130024 seconds
Request model_5#398 arrives at 1586558.302052135, sleeping for 0.20325376582331955 seconds
Request model_5#399 arrives at 1586558.506568988, sleeping for 0.01893303170800209 seconds
Request model_5#400 arrives at 1586558.527414129, sleeping for 0.17410493060015142 seconds
Request model_5#401 arrives at 1586558.703904906, sleeping for 0.06337326834909618 seconds
Request model_3#322 arrives at 1586558.767878661, sleeping for 0.05550676304847002 seconds
Request model_5#402 arrives at 1586558.824102516, sleeping for 0.12171233259141445 seconds
Request model_5#403 arrives at 1586558.946402293, sleeping for 0.04445004812441766 seconds
Request model_5#404 arrives at 1586558.991684443, sleeping for 0.026476670522242785 seconds
Request model_5#405 arrives at 1586559.018533781, sleeping for 0.2359481614548713 seconds
Request model_5#406 arrives at 1586559.255491896, sleeping for 0.013371590990573168 seconds
Request model_5#407 arrives at 1586559.269434984, sleeping for 0.10306489397771657 seconds
Request model_5#408 arrives at 1586559.373966193, sleeping for 0.38734269654378295 seconds
Request model_5#409 arrives at 1586559.762694822, sleeping for 0.26687300158664584 seconds
Request model_5#410 arrives at 1586560.031864216, sleeping for 0.06036531412974 seconds
Request model_5#411 arrives at 1586560.093143791, sleeping for 0.07516494300216436 seconds
Request model_5#412 arrives at 1586560.169562012, sleeping for 0.18115306389518082 seconds
Request model_5#413 arrives at 1586560.351326509, sleeping for 0.05554499290883541 seconds
Request model_5#414 arrives at 1586560.407842007, sleeping for 0.09252870921045542 seconds
Request model_1#58 arrives at 1586560.500784446, sleeping for 0.05895242770202458 seconds
Request model_5#415 arrives at 1586560.561540497, sleeping for 0.005362919066101313 seconds
Request model_5#416 arrives at 1586560.567606414, sleeping for 0.050686337519437075 seconds
Request model_5#417 arrives at 1586560.619289354, sleeping for 0.027377764927223325 seconds
Request model_5#418 arrives at 1586560.646929158, sleeping for 0.09074607235379517 seconds
Request model_5#419 arrives at 1586560.738405606, sleeping for 0.12564694718457758 seconds
Request model_5#420 arrives at 1586560.865222998, sleeping for 0.18506240705028176 seconds
Request model_5#421 arrives at 1586561.050594473, sleeping for 0.21297018881887197 seconds
Request model_5#422 arrives at 1586561.264055045, sleeping for 0.007433656603097916 seconds
Request model_5#423 arrives at 1586561.271759665, sleeping for 0.05962595925666392 seconds
Request model_5#424 arrives at 1586561.332483895, sleeping for 0.22305862489156425 seconds
Request model_5#425 arrives at 1586561.556339128, sleeping for 0.06656791409477592 seconds
Request model_5#426 arrives at 1586561.623149895, sleeping for 0.0012390310876071453 seconds
Request model_5#427 arrives at 1586561.624813448, sleeping for 0 seconds
Request model_5#428 arrives at 1586561.62510161, sleeping for 0.07235998078249395 seconds
Request model_5#429 arrives at 1586561.698900362, sleeping for 0.3196038748137653 seconds
Request model_3#323 arrives at 1586562.018856948, sleeping for 0.03284849412739277 seconds
Request model_5#430 arrives at 1586562.052155696, sleeping for 0.006029805401340127 seconds
Request model_5#431 arrives at 1586562.058788097, sleeping for 0.5221955352462828 seconds
Request model_3#324 arrives at 1586562.582168019, sleeping for 0.026149713899940252 seconds
Request model_5#432 arrives at 1586562.610500839, sleeping for 0.15837659360840917 seconds
Request model_3#325 arrives at 1586562.769951183, sleeping for 0.0749497648794204 seconds
Request model_5#433 arrives at 1586562.845576598, sleeping for 0.21884224680252373 seconds
Request model_5#434 arrives at 1586563.065459561, sleeping for 0.1017730908934027 seconds
Request model_3#326 arrives at 1586563.16746791, sleeping for 0.0966249480843544 seconds
Request model_5#435 arrives at 1586563.265248397, sleeping for 0.3156550615094602 seconds
Request model_5#436 arrives at 1586563.582227521, sleeping for 0.24106943933293223 seconds
Request model_5#437 arrives at 1586563.824029223, sleeping for 0.01576932379975915 seconds
Request model_5#438 arrives at 1586563.840739752, sleeping for 0.060122063383460045 seconds
Request model_3#327 arrives at 1586563.901539253, sleeping for 0.014104778412729502 seconds
Request model_5#439 arrives at 1586563.916207006, sleeping for 0.023147944593802094 seconds
Request model_5#440 arrives at 1586563.940139022, sleeping for 0.18637394765391946 seconds
Request model_5#441 arrives at 1586564.126955148, sleeping for 0.04325646115466952 seconds
Request model_5#442 arrives at 1586564.170666666, sleeping for 0.01796901971101761 seconds
Request model_5#443 arrives at 1586564.190360489, sleeping for 0.28427605307660997 seconds
Request model_5#444 arrives at 1586564.476645525, sleeping for 0.024719988694414496 seconds
Request model_5#445 arrives at 1586564.5018603, sleeping for 0.006577967666089535 seconds
Request model_5#446 arrives at 1586564.508904385, sleeping for 0.017611206509172916 seconds
Request model_5#447 arrives at 1586564.528596487, sleeping for 0.055664612678810954 seconds
Request model_5#448 arrives at 1586564.585266426, sleeping for 0.11922556348145008 seconds
Request model_5#449 arrives at 1586564.706021951, sleeping for 0 seconds
Request model_5#450 arrives at 1586564.706347393, sleeping for 0.010189852910116315 seconds
Request model_5#451 arrives at 1586564.717135817, sleeping for 0.09483086504042149 seconds
Request model_1#59 arrives at 1586564.812941138, sleeping for 0.026312245288863778 seconds
Request model_5#452 arrives at 1586564.840615952, sleeping for 0.17515710345469415 seconds
Request model_1#60 arrives at 1586565.017437761, sleeping for 0.26660028705373406 seconds
Request model_5#453 arrives at 1586565.286403924, sleeping for 0.07697701524011791 seconds
Request model_5#454 arrives at 1586565.364365427, sleeping for 0.11562535539269447 seconds
Request model_3#328 arrives at 1586565.481156081, sleeping for 0.4444587994366884 seconds
Request model_5#455 arrives at 1586565.926423578, sleeping for 0.17411408945918083 seconds
Request model_5#456 arrives at 1586566.10114103, sleeping for 0.1104628115426749 seconds
Request model_5#457 arrives at 1586566.212489703, sleeping for 0.05639349855482578 seconds
Request model_5#458 arrives at 1586566.269449814, sleeping for 0.13436736213043332 seconds
Request model_5#459 arrives at 1586566.40596703, sleeping for 0.1427091541700065 seconds
Request model_1#61 arrives at 1586566.549951415, sleeping for 0.15024799015372992 seconds
Request model_5#460 arrives at 1586566.701403597, sleeping for 0.12339843367226422 seconds
Request model_3#329 arrives at 1586566.82578856, sleeping for 0.05753382574766874 seconds
Request model_5#461 arrives at 1586566.884431934, sleeping for 0.017813989194110036 seconds
Request model_5#462 arrives at 1586566.902846307, sleeping for 0.020251552341505885 seconds
Request model_5#463 arrives at 1586566.924202912, sleeping for 0.10310777579434216 seconds
Request model_5#464 arrives at 1586567.028138056, sleeping for 0.27753959805704653 seconds
Request model_5#465 arrives at 1586567.30631298, sleeping for 0.16360139520838857 seconds
Request model_5#466 arrives at 1586567.470905814, sleeping for 0.011495425598695874 seconds
Request model_5#467 arrives at 1586567.483193639, sleeping for 0.11238231929019094 seconds
Request model_5#468 arrives at 1586567.596466246, sleeping for 0.19709717435762286 seconds
Request model_5#469 arrives at 1586567.793974015, sleeping for 0.050822690362110734 seconds
Request model_5#470 arrives at 1586567.845349522, sleeping for 0.03203864092938602 seconds
Request model_5#471 arrives at 1586567.87864393, sleeping for 0.2711875853128731 seconds
Request model_5#472 arrives at 1586568.150914598, sleeping for 0.05157941742800176 seconds
Request model_5#473 arrives at 1586568.203134972, sleeping for 0.1967042312026024 seconds
Request model_5#474 arrives at 1586568.40045134, sleeping for 0.101722706342116 seconds
Request model_5#475 arrives at 1586568.503366936, sleeping for 0.023783962009474635 seconds
Request model_5#476 arrives at 1586568.527925586, sleeping for 0.07121307402849197 seconds
Request model_5#477 arrives at 1586568.600625749, sleeping for 0.26527548977173865 seconds
Request model_1#62 arrives at 1586568.866543127, sleeping for 0.02205281099304557 seconds
Request model_5#478 arrives at 1586568.889288793, sleeping for 0.07830150076188147 seconds
Request model_5#479 arrives at 1586568.969146251, sleeping for 0.31044252263382077 seconds
Request model_5#480 arrives at 1586569.280546242, sleeping for 0.034784659277647734 seconds
Request model_3#330 arrives at 1586569.316285549, sleeping for 0.20775845926254988 seconds
Request model_5#481 arrives at 1586569.526266884, sleeping for 0.0856031368020922 seconds
Request model_5#482 arrives at 1586569.612741024, sleeping for 0.10664586117491126 seconds
Request model_5#483 arrives at 1586569.720214145, sleeping for 0.18434214778244495 seconds
Request model_5#484 arrives at 1586569.905015056, sleeping for 0.19189569633454084 seconds
Request model_5#485 arrives at 1586570.098303152, sleeping for 0.1453789360821247 seconds
Request model_5#486 arrives at 1586570.244697635, sleeping for 0.07523076958023012 seconds
Request model_5#487 arrives at 1586570.320987746, sleeping for 0.04407297377474606 seconds
Request model_3#331 arrives at 1586570.366191996, sleeping for 0.007834546733647585 seconds
Request model_5#488 arrives at 1586570.374322879, sleeping for 0.0055212031584233046 seconds
Request model_3#332 arrives at 1586570.380173994, sleeping for 0.06102135684341192 seconds
Request model_5#489 arrives at 1586570.441659, sleeping for 0.15378750045783818 seconds
Request model_5#490 arrives at 1586570.596582629, sleeping for 0.05272185360081494 seconds
Request model_5#491 arrives at 1586570.651005651, sleeping for 0.056043438613414764 seconds
Request model_5#492 arrives at 1586570.708168103, sleeping for 0.13512569665908813 seconds
Request model_5#493 arrives at 1586570.844789921, sleeping for 0.0161934660281986 seconds
Request model_1#63 arrives at 1586570.862245876, sleeping for 0.39415249205194414 seconds
Request model_5#494 arrives at 1586571.256969611, sleeping for 0.02476645214483142 seconds
Request model_5#495 arrives at 1586571.281986815, sleeping for 0.050186259439215064 seconds
Request model_5#496 arrives at 1586571.332662267, sleeping for 0.019671323243528605 seconds
Request model_5#497 arrives at 1586571.352795903, sleeping for 0.18790304870344698 seconds
Request model_5#498 arrives at 1586571.54100374, sleeping for 0.011524865636602044 seconds
Request model_5#499 arrives at 1586571.55270901, sleeping for 0.26415517390705645 seconds
Request model_5#500 arrives at 1586571.817295978, sleeping for 0.23737595579586923 seconds
Request model_5#501 arrives at 1586572.055567343, sleeping for 0.09371796017512679 seconds
Request model_3#333 arrives at 1586572.150379257, sleeping for 0.1070372648537159 seconds
Request model_5#502 arrives at 1586572.258126271, sleeping for 0.015974535373970866 seconds
Request model_5#503 arrives at 1586572.274724149, sleeping for 0.2844139675144106 seconds
Request model_5#504 arrives at 1586572.560027988, sleeping for 0.03405996086075902 seconds
Request model_5#505 arrives at 1586572.59518164, sleeping for 0.033055996522307396 seconds
Request model_5#506 arrives at 1586572.62884681, sleeping for 0.11767254653386772 seconds
Request model_5#507 arrives at 1586572.746986185, sleeping for 0.23902999726124108 seconds
Request model_5#508 arrives at 1586572.986946232, sleeping for 0.09186157956719398 seconds
Request model_5#509 arrives at 1586573.079156806, sleeping for 0.03879832476377487 seconds
Request model_5#510 arrives at 1586573.1183955, sleeping for 0.025625857058912516 seconds
Request model_5#511 arrives at 1586573.146065784, sleeping for 0.09872912568971515 seconds
Request model_5#512 arrives at 1586573.245798326, sleeping for 0.006618441781029105 seconds
Request model_5#513 arrives at 1586573.253478215, sleeping for 0.510633070487529 seconds
Request model_5#514 arrives at 1586573.765102105, sleeping for 0.06672652531415224 seconds
Request model_5#515 arrives at 1586573.832053744, sleeping for 0.33855158858932555 seconds
Request model_5#516 arrives at 1586574.171112178, sleeping for 0.020979214925318956 seconds
Request model_5#517 arrives at 1586574.192948577, sleeping for 0.17072623479180038 seconds
Request model_5#518 arrives at 1586574.364123702, sleeping for 0.03364674001932144 seconds
Request model_5#519 arrives at 1586574.398381407, sleeping for 0.030610353918746114 seconds
Request model_5#520 arrives at 1586574.430473966, sleeping for 0.23428838304243982 seconds
Request model_5#521 arrives at 1586574.665179822, sleeping for 0.20190721191465855 seconds
Request model_3#334 arrives at 1586574.868520946, sleeping for 0.3463750262744725 seconds
Request model_5#522 arrives at 1586575.215936386, sleeping for 0.34826878807507455 seconds
Request model_5#523 arrives at 1586575.56527136, sleeping for 0.268051213119179 seconds
Request model_1#64 arrives at 1586575.83534069, sleeping for 0.11664147092960775 seconds
Request model_5#524 arrives at 1586575.952844489, sleeping for 0.04359437362290919 seconds
Request model_5#525 arrives at 1586575.997276634, sleeping for 0.06716270768083632 seconds
Request model_3#335 arrives at 1586576.066756521, sleeping for 0.02126830560155213 seconds
Request model_5#526 arrives at 1586576.089185915, sleeping for 0.18986707483418286 seconds
Request model_5#527 arrives at 1586576.27977888, sleeping for 0.007035754853859544 seconds
Request model_5#528 arrives at 1586576.287041466, sleeping for 0.03038853034377098 seconds
Request model_5#529 arrives at 1586576.318004206, sleeping for 0.2537743665743619 seconds
Request model_5#530 arrives at 1586576.572511376, sleeping for 0.05228011845611036 seconds
Request model_5#531 arrives at 1586576.625608727, sleeping for 0.03738278360106051 seconds
Request model_5#532 arrives at 1586576.663619771, sleeping for 1.3412654206622392 seconds
Request model_5#533 arrives at 1586578.005553668, sleeping for 0.03933436004444957 seconds
Request model_5#534 arrives at 1586578.045225565, sleeping for 0.1727917711250484 seconds
Request model_5#535 arrives at 1586578.218411206, sleeping for 0.03687391220591962 seconds
Request model_1#65 arrives at 1586578.256595771, sleeping for 0.8202615992631763 seconds
Request model_5#536 arrives at 1586579.078030939, sleeping for 0.0067343495320528746 seconds
Request model_5#537 arrives at 1586579.085398756, sleeping for 0.09841335332021117 seconds
Request model_5#538 arrives at 1586579.184764545, sleeping for 0.6898982156999409 seconds
Request model_5#539 arrives at 1586579.875785194, sleeping for 0.08916000416502357 seconds
Request model_5#540 arrives at 1586579.965430857, sleeping for 0.17057119612582028 seconds
Request model_5#541 arrives at 1586580.136597783, sleeping for 0.07963008782826364 seconds
Request model_5#542 arrives at 1586580.21763089, sleeping for 0.028019164921715856 seconds
Request model_5#543 arrives at 1586580.246803746, sleeping for 0.4308214320335537 seconds
Request model_3#336 arrives at 1586580.677961222, sleeping for 0.07745488663204014 seconds
Request model_5#544 arrives at 1586580.755963676, sleeping for 0.19100446626544 seconds
Request model_5#545 arrives at 1586580.947894582, sleeping for 0.5004743090830743 seconds
Request model_3#337 arrives at 1586581.448666438, sleeping for 0.13614924997091293 seconds
Request model_5#546 arrives at 1586581.585574087, sleeping for 0.31153326528146863 seconds
Request model_3#338 arrives at 1586581.897927315, sleeping for 0.09390521794557571 seconds
Request model_5#547 arrives at 1586581.992278025, sleeping for 0.41690289112739265 seconds
Request model_1#66 arrives at 1586582.409660266, sleeping for 0.09136415156535804 seconds
Request model_1#67 arrives at 1586582.501796399, sleeping for 0.0571245604660362 seconds
Request model_1#68 arrives at 1586582.56004906, sleeping for 0.07411947892978787 seconds
Request model_1#69 arrives at 1586582.634749798, sleeping for 0.022058083210140467 seconds
Request model_1#70 arrives at 1586582.657936697, sleeping for 0.00855827471241355 seconds
Request model_5#548 arrives at 1586582.667010888, sleeping for 0.09989939676597714 seconds
Request model_5#549 arrives at 1586582.767995029, sleeping for 0.38997525395825505 seconds
Request model_5#550 arrives at 1586583.158679183, sleeping for 0.042124337051063776 seconds
Request model_5#551 arrives at 1586583.201590565, sleeping for 0.06039695907384157 seconds
Request model_5#552 arrives at 1586583.263172902, sleeping for 0.1485311237629503 seconds
Request model_5#553 arrives at 1586583.413163773, sleeping for 0.007143317023292184 seconds
Request model_5#554 arrives at 1586583.421499887, sleeping for 0.1465822032187134 seconds
Request model_5#555 arrives at 1586583.568704087, sleeping for 0.07417201017960906 seconds
Request model_5#556 arrives at 1586583.643627506, sleeping for 0.13749188836663961 seconds
Request model_5#557 arrives at 1586583.781428473, sleeping for 0.0246002278290689 seconds
Request model_5#558 arrives at 1586583.807114342, sleeping for 0.1644493560306728 seconds
Request model_5#559 arrives at 1586583.971973388, sleeping for 0.06365637108683586 seconds
Request model_5#560 arrives at 1586584.036094444, sleeping for 0.14254295639693737 seconds
Request model_5#561 arrives at 1586584.180495502, sleeping for 0.1087048992048949 seconds
Request model_5#562 arrives at 1586584.290618494, sleeping for 0.0086292396299541 seconds
Request model_5#563 arrives at 1586584.299921296, sleeping for 0.10301992064341903 seconds
Request model_5#564 arrives at 1586584.404720327, sleeping for 0.02765898243524134 seconds
Request model_5#565 arrives at 1586584.433077086, sleeping for 0.43908635643310845 seconds
Request model_3#339 arrives at 1586584.874330342, sleeping for 0.39931180817075074 seconds
Request model_5#566 arrives at 1586585.274959142, sleeping for 0.012246871599927545 seconds
Request model_5#567 arrives at 1586585.288316715, sleeping for 0.15096900193020701 seconds
Request model_5#568 arrives at 1586585.439860349, sleeping for 0.03765118937008083 seconds
Request model_5#569 arrives at 1586585.477929253, sleeping for 0.20906522311270237 seconds
Request model_5#570 arrives at 1586585.688260641, sleeping for 0.11903615854680538 seconds
Request model_5#571 arrives at 1586585.80825223, sleeping for 0.008687802590429783 seconds
Request model_5#572 arrives at 1586585.818028385, sleeping for 0.5809856129344553 seconds
Request model_5#573 arrives at 1586586.399609077, sleeping for 0.2651595782954246 seconds
Request model_5#574 arrives at 1586586.665016601, sleeping for 0.044013437582179904 seconds
Request model_5#575 arrives at 1586586.710076449, sleeping for 0.043109821854159236 seconds
Request model_5#576 arrives at 1586586.753818598, sleeping for 0.02171653532423079 seconds
Request model_3#340 arrives at 1586586.776500524, sleeping for 0.019284463953226805 seconds
Request model_5#577 arrives at 1586586.796159915, sleeping for 0.053196408320218325 seconds
Request model_5#578 arrives at 1586586.849840631, sleeping for 0.021819888846948743 seconds
Request model_5#579 arrives at 1586586.872560637, sleeping for 0.20704338047653437 seconds
Request model_5#580 arrives at 1586587.081794596, sleeping for 0.04276272398419678 seconds
Request model_5#581 arrives at 1586587.12487766, sleeping for 0.033804144244641066 seconds
Request model_1#71 arrives at 1586587.159031584, sleeping for 0.2568983018863946 seconds
Request model_5#582 arrives at 1586587.416529567, sleeping for 0.2342183783184737 seconds
Request model_5#583 arrives at 1586587.652173241, sleeping for 0.002498121000826359 seconds
Request model_5#584 arrives at 1586587.655480286, sleeping for 0.03326115617528558 seconds
Request model_5#585 arrives at 1586587.689455609, sleeping for 0.3821611381135881 seconds
Request model_1#72 arrives at 1586588.072448823, sleeping for 0.3731836748775095 seconds
Request model_3#341 arrives at 1586588.44671039, sleeping for 0.18154499889351428 seconds
Request model_3#342 arrives at 1586588.629433794, sleeping for 0.0032129879109561443 seconds
Request model_5#586 arrives at 1586588.633158893, sleeping for 0.09596104943193495 seconds
Request model_5#587 arrives at 1586588.730190114, sleeping for 0.2494244403205812 seconds
Request model_5#588 arrives at 1586588.980084078, sleeping for 0.11997297103516757 seconds
Request model_5#589 arrives at 1586589.100882893, sleeping for 0.036954803857952356 seconds
Request model_5#590 arrives at 1586589.138600485, sleeping for 0.037557281320914626 seconds
Request model_5#591 arrives at 1586589.177268044, sleeping for 0.028172739781439304 seconds
Request model_3#343 arrives at 1586589.205946046, sleeping for 0.08565965364687145 seconds
Request model_5#592 arrives at 1586589.292655047, sleeping for 0.028060606447979808 seconds
Request model_5#593 arrives at 1586589.321357039, sleeping for 0.0020846619736403227 seconds
Request model_3#344 arrives at 1586589.32404372, sleeping for 0.05302592250518501 seconds
Request model_5#594 arrives at 1586589.378052248, sleeping for 0.4349536991212517 seconds
Request model_5#595 arrives at 1586589.813477358, sleeping for 0.31847017141990364 seconds
Request model_1#73 arrives at 1586590.13285392, sleeping for 0.09355546091683209 seconds
Request model_5#596 arrives at 1586590.226616485, sleeping for 0.2623590505681932 seconds
Request model_5#597 arrives at 1586590.489800162, sleeping for 0.014790502609685063 seconds
Request model_5#598 arrives at 1586590.505674375, sleeping for 0.21488509443588555 seconds
Request model_5#599 arrives at 1586590.721821018, sleeping for 0.020146595081314445 seconds
Request model_5#600 arrives at 1586590.743322554, sleeping for 0.14308703178539872 seconds
Request model_5#601 arrives at 1586590.887232598, sleeping for 0.09650567080825567 seconds
Request model_5#602 arrives at 1586590.984623202, sleeping for 0.04623069707304239 seconds
Request model_1#74 arrives at 1586591.031429934, sleeping for 0.060677572852000594 seconds
Request model_5#603 arrives at 1586591.092676348, sleeping for 0.004419061820954084 seconds
Request model_5#604 arrives at 1586591.097911258, sleeping for 0.15830008289776742 seconds
Request model_5#605 arrives at 1586591.257303662, sleeping for 0.0016963134985417128 seconds
Request model_5#606 arrives at 1586591.260073853, sleeping for 0.07751565775834024 seconds
Request model_5#607 arrives at 1586591.338068497, sleeping for 0.018325537210330367 seconds
Request model_5#608 arrives at 1586591.358304373, sleeping for 0.10354384174570441 seconds
Request model_5#609 arrives at 1586591.463468167, sleeping for 0.01067727291956544 seconds
Request model_5#610 arrives at 1586591.474765334, sleeping for 0.1852075590286404 seconds
Request model_5#611 arrives at 1586591.660448772, sleeping for 0.024743971414864063 seconds
Request model_5#612 arrives at 1586591.685603146, sleeping for 0.07563685090281069 seconds
Request model_5#613 arrives at 1586591.762082898, sleeping for 0.10894208122044802 seconds
Request model_5#614 arrives at 1586591.871877988, sleeping for 0.05127248074859381 seconds
Request model_5#615 arrives at 1586591.924557016, sleeping for 0.21861891169101 seconds
Request model_1#75 arrives at 1586592.143818713, sleeping for 0.5771081785205752 seconds
Request model_5#616 arrives at 1586592.722015567, sleeping for 0.027615176746621728 seconds
Request model_5#617 arrives at 1586592.749979604, sleeping for 0.16291063651442528 seconds
Request model_1#76 arrives at 1586592.914309496, sleeping for 0.0954926940612495 seconds
Request model_5#618 arrives at 1586593.010066727, sleeping for 0.09322449821047485 seconds
Request model_5#619 arrives at 1586593.10485679, sleeping for 0.09117512800730765 seconds
Request model_5#620 arrives at 1586593.196688731, sleeping for 0.11158334906212986 seconds
Request model_5#621 arrives at 1586593.30894352, sleeping for 0.15459975739941 seconds
Request model_5#622 arrives at 1586593.464391142, sleeping for 0.017842930275946856 seconds
Request model_5#623 arrives at 1586593.482537783, sleeping for 0.03514575259760022 seconds
Request model_5#624 arrives at 1586593.518206579, sleeping for 0.14847862161695957 seconds
Request model_1#77 arrives at 1586593.66697787, sleeping for 0.22446638671681285 seconds
Request model_5#625 arrives at 1586593.892470606, sleeping for 0.21478113951161504 seconds
Request model_1#78 arrives at 1586594.108299116, sleeping for 0.053156761452555656 seconds
Request model_5#626 arrives at 1586594.162020011, sleeping for 0 seconds
Request model_5#627 arrives at 1586594.162341274, sleeping for 0.0614312868565321 seconds
Request model_5#628 arrives at 1586594.224163462, sleeping for 0.14576044818386436 seconds
Request model_3#345 arrives at 1586594.370875518, sleeping for 0.020724074682220817 seconds
Request model_5#629 arrives at 1586594.392571596, sleeping for 0.07809196459129453 seconds
Request model_5#630 arrives at 1586594.471258254, sleeping for 0.004243050701916218 seconds
Request model_5#631 arrives at 1586594.475924641, sleeping for 0.10119009646587074 seconds
Request model_1#79 arrives at 1586594.577987581, sleeping for 0.027619888773187995 seconds
Request model_5#632 arrives at 1586594.606634072, sleeping for 0.043023016303777695 seconds
Request model_5#633 arrives at 1586594.650491892, sleeping for 0.1070480162743479 seconds
Request model_5#634 arrives at 1586594.757718732, sleeping for 0.10222556651569903 seconds
Request model_1#80 arrives at 1586594.861818047, sleeping for 0.05667380592785776 seconds
Request model_5#635 arrives at 1586594.919374003, sleeping for 0.08742776792496443 seconds
Request model_5#636 arrives at 1586595.007847177, sleeping for 0.25890349806286395 seconds
Request model_5#637 arrives at 1586595.267520867, sleeping for 0.029311079531908035 seconds
Request model_3#346 arrives at 1586595.297415048, sleeping for 0.40217172470875084 seconds
Request model_5#638 arrives at 1586595.700043294, sleeping for 0.12010066653601825 seconds
Request model_5#639 arrives at 1586595.820794448, sleeping for 0.0334704655688256 seconds
Request model_5#640 arrives at 1586595.854849542, sleeping for 0.047014269046485424 seconds
Request model_5#641 arrives at 1586595.902698592, sleeping for 0.0851476457901299 seconds
Request model_5#642 arrives at 1586595.989237842, sleeping for 0.1663295766338706 seconds
Request model_5#643 arrives at 1586596.156704558, sleeping for 0.08532336400821805 seconds
Request model_5#644 arrives at 1586596.243374439, sleeping for 0.001115267863497138 seconds
Request model_5#645 arrives at 1586596.245596636, sleeping for 0.0176954441703856 seconds
Request model_5#646 arrives at 1586596.265221478, sleeping for 0.14307026751339436 seconds
Request model_5#647 arrives at 1586596.409937968, sleeping for 0.5346307689324021 seconds
Request model_5#648 arrives at 1586596.945436582, sleeping for 0.1324491158593446 seconds
Request model_5#649 arrives at 1586597.078698033, sleeping for 0.03063204255886376 seconds
Request model_5#650 arrives at 1586597.110327508, sleeping for 0.11917505413293839 seconds
Request model_5#651 arrives at 1586597.231007662, sleeping for 0.08352292841300368 seconds
Request model_5#652 arrives at 1586597.314974982, sleeping for 0.009049256099388003 seconds
Request model_5#653 arrives at 1586597.325621634, sleeping for 0.1875588083639741 seconds
Request model_5#654 arrives at 1586597.514431085, sleeping for 0.034728380385786295 seconds
Request model_5#655 arrives at 1586597.54991733, sleeping for 0.019348198547959328 seconds
Request model_5#656 arrives at 1586597.569552202, sleeping for 0.12969113723374903 seconds
Request model_5#657 arrives at 1586597.700279283, sleeping for 0.17839569132775068 seconds
Request model_5#658 arrives at 1586597.879417059, sleeping for 0.0024649265687912703 seconds
Request model_5#659 arrives at 1586597.88212021, sleeping for 0.09386347816325724 seconds
Request model_5#660 arrives at 1586597.976877684, sleeping for 0.0626230479683727 seconds
Request model_1#81 arrives at 1586598.040536806, sleeping for 0.23186548310332 seconds
Request model_5#661 arrives at 1586598.272903425, sleeping for 0.00666730385273695 seconds
Request model_5#662 arrives at 1586598.280688915, sleeping for 0.16805018368177116 seconds
Request model_5#663 arrives at 1586598.449789063, sleeping for 0.08914779988117516 seconds
Request model_5#664 arrives at 1586598.539549318, sleeping for 0.04120646370574832 seconds
Request model_5#665 arrives at 1586598.581009169, sleeping for 0.024871443398296833 seconds
Request model_5#666 arrives at 1586598.606652107, sleeping for 0.04157507000491023 seconds
Request model_5#667 arrives at 1586598.649269687, sleeping for 0.3029363011009991 seconds
Request model_5#668 arrives at 1586598.953198489, sleeping for 0.009376345202326775 seconds
Request model_5#669 arrives at 1586598.964079413, sleeping for 0.18996310629881918 seconds
Request model_5#670 arrives at 1586599.15490796, sleeping for 0.08585241646505892 seconds
Request model_5#671 arrives at 1586599.241676512, sleeping for 0.19779594987630844 seconds
Request model_5#672 arrives at 1586599.440211328, sleeping for 0.14141035825014114 seconds
Request model_5#673 arrives at 1586599.582496109, sleeping for 0.0638086914550513 seconds
Request model_5#674 arrives at 1586599.646923808, sleeping for 0.6704120826907456 seconds
Request model_5#675 arrives at 1586600.318125242, sleeping for 0.08474434423260391 seconds
Request model_5#676 arrives at 1586600.403504032, sleeping for 0.18368446873500943 seconds
Request model_5#677 arrives at 1586600.58803527, sleeping for 0.09923683502711356 seconds
Request model_1#82 arrives at 1586600.688664399, sleeping for 0.2158267293125391 seconds
Request model_5#678 arrives at 1586600.905067904, sleeping for 0.019199815345928073 seconds
Request model_5#679 arrives at 1586600.925469802, sleeping for 0.11865935986861587 seconds
Request model_1#83 arrives at 1586601.045955064, sleeping for 0.07426826958544552 seconds
Request model_5#680 arrives at 1586601.121357577, sleeping for 0.0540427325759083 seconds
Request model_5#681 arrives at 1586601.175861979, sleeping for 0.0019140318036079407 seconds
Request model_5#682 arrives at 1586601.178268478, sleeping for 0.11969551490619779 seconds
Request model_5#683 arrives at 1586601.299854459, sleeping for 0.07869819994084537 seconds
Request model_5#684 arrives at 1586601.379334384, sleeping for 0.13999501895159483 seconds
Request model_5#685 arrives at 1586601.520651697, sleeping for 0.0006956281140446663 seconds
Request model_5#686 arrives at 1586601.521560074, sleeping for 0.09597321972250938 seconds
Request model_5#687 arrives at 1586601.618247542, sleeping for 0.03376274439506233 seconds
Request model_5#688 arrives at 1586601.653009502, sleeping for 0.0418995579238981 seconds
Request model_5#689 arrives at 1586601.695791122, sleeping for 0.0003276620991528034 seconds
Request model_4#320 arrives at 1586601.696319966, sleeping for 0.08970787795260549 seconds
Request model_1#84 arrives at 1586601.787020629, sleeping for 0.13749925117008388 seconds
Request model_1#85 arrives at 1586601.92547672, sleeping for 0.16427949373610318 seconds
Request model_3#347 arrives at 1586602.090560718, sleeping for 0.11299858591519296 seconds
Request model_1#86 arrives at 1586602.204098276, sleeping for 0.2398863926064223 seconds
Request model_4#321 arrives at 1586602.44498883, sleeping for 0.009916420327499509 seconds
Request model_4#322 arrives at 1586602.455884654, sleeping for 0.013133248314261436 seconds
Request model_6#464 arrives at 1586602.470539748, sleeping for 0.1050956416875124 seconds
Request model_5#690 arrives at 1586602.576355026, sleeping for 0.12718651467002928 seconds
Request model_3#348 arrives at 1586602.703995275, sleeping for 0.18822506512515247 seconds
Request model_4#323 arrives at 1586602.89333978, sleeping for 0.07430601888336241 seconds
Request model_3#349 arrives at 1586602.968085178, sleeping for 0.007473402423784137 seconds
Request model_6#465 arrives at 1586602.975829428, sleeping for 0.48969515413045883 seconds
Request model_4#324 arrives at 1586603.466195562, sleeping for 0.03125435812398791 seconds
Request model_3#350 arrives at 1586603.498956096, sleeping for 0.09873713366687298 seconds
Request model_1#87 arrives at 1586603.598698798, sleeping for 0.10836366191506386 seconds
Request model_4#325 arrives at 1586603.707730831, sleeping for 0.1931203429121524 seconds
Request model_1#88 arrives at 1586603.901532531, sleeping for 0.06660948530770838 seconds
Request model_3#351 arrives at 1586603.969225575, sleeping for 0.03685856098309159 seconds
Request model_5#691 arrives at 1586604.007792573, sleeping for 0.04880388965830207 seconds
Request model_3#352 arrives at 1586604.058136243, sleeping for 0.13313558418303728 seconds
Request model_1#89 arrives at 1586604.192473323, sleeping for 0.08403534209355712 seconds
Request model_3#353 arrives at 1586604.277124018, sleeping for 0.07289870176464319 seconds
Request model_5#692 arrives at 1586604.351256821, sleeping for 0.1001441148109734 seconds
Request model_1#90 arrives at 1586604.452040581, sleeping for 0.0953491828404367 seconds
Request model_3#354 arrives at 1586604.548082204, sleeping for 0.15544313983991742 seconds
Request model_6#466 arrives at 1586604.704452705, sleeping for 0.10405413620173931 seconds
Request model_3#355 arrives at 1586604.810241283, sleeping for 0.001346271950751543 seconds
Request model_3#356 arrives at 1586604.812623351, sleeping for 0.07246118760667741 seconds
Request model_4#326 arrives at 1586604.88606269, sleeping for 0.22865087492391467 seconds
Request model_1#91 arrives at 1586605.116923686, sleeping for 0.26400821935385466 seconds
Request model_3#357 arrives at 1586605.381638084, sleeping for 0.39448657212778926 seconds
Request model_1#92 arrives at 1586605.776329059, sleeping for 0.12359836953692138 seconds
Request model_4#327 arrives at 1586605.900694501, sleeping for 0.4278471216093749 seconds
Request model_3#358 arrives at 1586606.329406108, sleeping for 0.08086381247267127 seconds
Request model_1#93 arrives at 1586606.41104917, sleeping for 0.05503863957710564 seconds
Request model_3#359 arrives at 1586606.467044143, sleeping for 0.08321029506623745 seconds
Request model_4#328 arrives at 1586606.550540859, sleeping for 0.06900184438563883 seconds
Request model_4#329 arrives at 1586606.621343737, sleeping for 0.25566919008269906 seconds
Request model_3#360 arrives at 1586606.87760067, sleeping for 0.026267358101904392 seconds
Request model_3#361 arrives at 1586606.905831429, sleeping for 0.13214755849912763 seconds
Request model_4#330 arrives at 1586607.038857338, sleeping for 0.052582938922569156 seconds
Request model_4#331 arrives at 1586607.093218259, sleeping for 0.5188117963261902 seconds
Request model_1#94 arrives at 1586607.612672918, sleeping for 0.153425978962332 seconds
Request model_4#332 arrives at 1586607.766545389, sleeping for 0.20262352749705315 seconds
Request model_4#333 arrives at 1586607.969857372, sleeping for 0.012382089858874679 seconds
Request model_3#362 arrives at 1586607.983017954, sleeping for 0.14778338884934783 seconds
Request model_3#363 arrives at 1586608.131899536, sleeping for 0.006177946692332625 seconds
Request model_4#334 arrives at 1586608.138292605, sleeping for 0.2834750581532717 seconds
Request model_3#364 arrives at 1586608.42318523, sleeping for 0.08440195140428841 seconds
Request model_1#95 arrives at 1586608.50853966, sleeping for 0.0364315053448081 seconds
Request model_3#365 arrives at 1586608.546781316, sleeping for 0.5597396933007985 seconds
Request model_3#366 arrives at 1586609.108624554, sleeping for 0.08018139260821044 seconds
Request model_1#96 arrives at 1586609.189470099, sleeping for 0.1991278389468789 seconds
Request model_6#467 arrives at 1586609.389716879, sleeping for 0.055255492217838764 seconds
Request model_1#97 arrives at 1586609.446249456, sleeping for 0.05641123768873513 seconds
Request model_3#367 arrives at 1586609.502868234, sleeping for 0.0379956450778991 seconds
Request model_4#335 arrives at 1586609.541930076, sleeping for 0.026611320674419403 seconds
Request model_4#336 arrives at 1586609.569955763, sleeping for 0.04792717844247818 seconds
Request model_1#98 arrives at 1586609.61868521, sleeping for 0.05816934769973159 seconds
Request model_5#693 arrives at 1586609.677998619, sleeping for 0.13493307819589972 seconds
Request model_4#337 arrives at 1586609.814421655, sleeping for 0.04860711470246315 seconds
Request model_3#368 arrives at 1586609.863995338, sleeping for 0.1473490735515952 seconds
Request model_1#99 arrives at 1586610.011760762, sleeping for 0.06606443412601948 seconds
Request model_3#369 arrives at 1586610.078058175, sleeping for 0.048790773609653115 seconds
Request model_6#468 arrives at 1586610.127713109, sleeping for 0.09108601999469101 seconds
Request model_1#100 arrives at 1586610.220530997, sleeping for 0.3828321909531951 seconds
Request model_3#370 arrives at 1586610.604326057, sleeping for 0.03762198192998767 seconds
Request model_3#371 arrives at 1586610.642092989, sleeping for 0.05373938661068678 seconds
Request model_5#694 arrives at 1586610.696715842, sleeping for 0.034818795742467046 seconds
Request model_1#101 arrives at 1586610.732402568, sleeping for 0.2752719228155911 seconds
Request model_4#338 arrives at 1586611.008159711, sleeping for 0.20486387214623392 seconds
Request model_3#372 arrives at 1586611.214084855, sleeping for 0.2031541068572551 seconds
Request model_4#339 arrives at 1586611.41763528, sleeping for 0.16717362101189792 seconds
Request model_5#695 arrives at 1586611.585454039, sleeping for 0.045689379796385765 seconds
Request model_1#102 arrives at 1586611.6321528, sleeping for 0.006855143466964364 seconds
Request model_1#103 arrives at 1586611.639829879, sleeping for 0.08789986628107727 seconds
Request model_4#340 arrives at 1586611.728608476, sleeping for 0.14378749462775886 seconds
Request model_4#341 arrives at 1586611.873066164, sleeping for 0.09978842968121171 seconds
Request model_1#104 arrives at 1586611.973915044, sleeping for 0.43623114190995693 seconds
Request model_3#373 arrives at 1586612.411058727, sleeping for 0.07888383814133704 seconds
Request model_4#342 arrives at 1586612.490612122, sleeping for 0.042009327095001936 seconds
Request model_1#105 arrives at 1586612.534087349, sleeping for 0.014184573898091912 seconds
Request model_1#106 arrives at 1586612.549672069, sleeping for 0.17257912969216704 seconds
Request model_1#107 arrives at 1586612.723100351, sleeping for 0.06172182643786073 seconds
Request model_1#108 arrives at 1586612.785956068, sleeping for 0.14515043562278152 seconds
Request model_4#343 arrives at 1586612.931390283, sleeping for 0.18701059836894274 seconds
Request model_4#344 arrives at 1586613.119043565, sleeping for 0.01753238565288484 seconds
Request model_1#109 arrives at 1586613.137657239, sleeping for 0.029657800449058414 seconds
Request model_4#345 arrives at 1586613.168499138, sleeping for 0.05174978403374553 seconds
Request model_4#346 arrives at 1586613.221073124, sleeping for 0.13075466197915375 seconds
Request model_3#374 arrives at 1586613.352247929, sleeping for 0.05006243917159736 seconds
Request model_1#110 arrives at 1586613.402858541, sleeping for 0.15549965668469667 seconds
Request model_3#375 arrives at 1586613.55906703, sleeping for 0.005291250068694353 seconds
Request model_1#111 arrives at 1586613.564639983, sleeping for 0.010840785456821322 seconds
Request model_3#376 arrives at 1586613.576023701, sleeping for 0.019680978963151574 seconds
Request model_3#377 arrives at 1586613.596104946, sleeping for 0.1659767054952681 seconds
Request model_3#378 arrives at 1586613.762784016, sleeping for 0 seconds
Request model_3#379 arrives at 1586613.763839564, sleeping for 0.1323918343987316 seconds
Request model_3#380 arrives at 1586613.897090635, sleeping for 0.013246714370325208 seconds
Request model_5#696 arrives at 1586613.911811929, sleeping for 0.1562803841661662 seconds
Request model_1#112 arrives at 1586614.069190066, sleeping for 0.05752466944977641 seconds
Request model_4#347 arrives at 1586614.127504078, sleeping for 0.2600189126096666 seconds
Request model_1#113 arrives at 1586614.388383796, sleeping for 0.004606537753716111 seconds
Request model_1#114 arrives at 1586614.393122063, sleeping for 0.05239848583005369 seconds
Request model_4#348 arrives at 1586614.44574241, sleeping for 0.23081026296131313 seconds
Request model_1#115 arrives at 1586614.677342372, sleeping for 0.005320412339642644 seconds
Request model_3#381 arrives at 1586614.683027306, sleeping for 0.022668065270408988 seconds
Request model_5#697 arrives at 1586614.706601918, sleeping for 0.27389457495883107 seconds
Request model_4#349 arrives at 1586614.981472135, sleeping for 0.25821774872019887 seconds
Request model_4#350 arrives at 1586615.240285878, sleeping for 0.2024555210955441 seconds
Request model_3#382 arrives at 1586615.443393179, sleeping for 0.10839468892663717 seconds
Request model_4#351 arrives at 1586615.552203371, sleeping for 0.10513511067256331 seconds
Request model_5#698 arrives at 1586615.658356613, sleeping for 0.0257752719335258 seconds
Request model_1#116 arrives at 1586615.686092727, sleeping for 0.008317114319652319 seconds
Request model_1#117 arrives at 1586615.694749394, sleeping for 0.027173102367669344 seconds
Request model_4#352 arrives at 1586615.722838191, sleeping for 0.02669783215969801 seconds
Request model_1#118 arrives at 1586615.750420335, sleeping for 0.04325431026518345 seconds
Request model_4#353 arrives at 1586615.794050252, sleeping for 0.016775724478065968 seconds
Request model_3#383 arrives at 1586615.811938151, sleeping for 0.036843945272266865 seconds
Request model_5#699 arrives at 1586615.849833724, sleeping for 0.010130154201760888 seconds
Request model_3#384 arrives at 1586615.860891349, sleeping for 0.03293092246167362 seconds
Request model_4#354 arrives at 1586615.894897083, sleeping for 0.11534700938500464 seconds
Request model_4#355 arrives at 1586616.010635938, sleeping for 0.09894329169765115 seconds
Request model_3#385 arrives at 1586616.110469001, sleeping for 0.0059025525115430355 seconds
Request model_4#356 arrives at 1586616.116757769, sleeping for 0.16803825506940484 seconds
Request model_4#357 arrives at 1586616.285097322, sleeping for 0.020873879780992866 seconds
Request model_3#386 arrives at 1586616.30690339, sleeping for 0 seconds
Request model_5#700 arrives at 1586616.307605866, sleeping for 0.11749828327447176 seconds
Request model_3#387 arrives at 1586616.425346327, sleeping for 0.046677468810230494 seconds
Request model_3#388 arrives at 1586616.473010786, sleeping for 0.04934344603680074 seconds
Request model_4#358 arrives at 1586616.523532387, sleeping for 0.0028017922304570675 seconds
Request model_1#119 arrives at 1586616.526945943, sleeping for 0.16948063648305833 seconds
Request model_3#389 arrives at 1586616.697357061, sleeping for 0.15050345938652754 seconds
Request model_3#390 arrives at 1586616.849086435, sleeping for 0.14950241334736347 seconds
Request model_1#120 arrives at 1586616.998927625, sleeping for 0.27524001034907997 seconds
Request model_4#359 arrives at 1586617.275924028, sleeping for 0.3749819665681571 seconds
Request model_4#360 arrives at 1586617.651454204, sleeping for 0.027144555933773518 seconds
Request model_1#121 arrives at 1586617.679983414, sleeping for 0.11713988031260669 seconds
Request model_1#122 arrives at 1586617.797538684, sleeping for 0.0829064710997045 seconds
Request model_3#391 arrives at 1586617.881632865, sleeping for 0.07086715404875576 seconds
Request model_3#392 arrives at 1586617.952908036, sleeping for 0.07794662984088063 seconds
Request model_3#393 arrives at 1586618.031568844, sleeping for 0.03477794583886862 seconds
Request model_3#394 arrives at 1586618.066786517, sleeping for 0.27438478521071374 seconds
Request model_1#123 arrives at 1586618.341764785, sleeping for 0.2231420543976128 seconds
Request model_3#395 arrives at 1586618.565597846, sleeping for 0.08568691229447722 seconds
Request model_4#361 arrives at 1586618.651677223, sleeping for 0.0011208432260900736 seconds
Request model_1#124 arrives at 1586618.653577697, sleeping for 0.010436778422445059 seconds
Request model_6#469 arrives at 1586618.66425052, sleeping for 0.002640924882143736 seconds
Request model_1#125 arrives at 1586618.667895978, sleeping for 0.040924697648733854 seconds
Request model_3#396 arrives at 1586618.70954754, sleeping for 0.12631471897475421 seconds
Request model_1#126 arrives at 1586618.83617473, sleeping for 0.1241992162540555 seconds
Request model_3#397 arrives at 1586618.960821015, sleeping for 0.25104060070589185 seconds
Request model_3#398 arrives at 1586619.212508072, sleeping for 0.0005462339613586664 seconds
Request model_4#362 arrives at 1586619.213251237, sleeping for 0.11370940692722797 seconds
Request model_1#127 arrives at 1586619.327954245, sleeping for 0.03986732033081353 seconds
Request model_1#128 arrives at 1586619.36874521, sleeping for 0.09272689674980938 seconds
Request model_3#399 arrives at 1586619.462038732, sleeping for 0.11587554449215531 seconds
Request model_3#400 arrives at 1586619.578772265, sleeping for 0.0623284166213125 seconds
Request model_3#401 arrives at 1586619.64147283, sleeping for 0.1530279607977718 seconds
Request model_5#701 arrives at 1586619.79524462, sleeping for 0.11900854506529868 seconds
Request model_3#402 arrives at 1586619.915217579, sleeping for 0.029424302512779832 seconds
Request model_5#702 arrives at 1586619.944877648, sleeping for 0.15973412967287004 seconds
Request model_3#403 arrives at 1586620.105617552, sleeping for 0.5132913284469396 seconds
Request model_1#129 arrives at 1586620.620267343, sleeping for 0.13757661753334105 seconds
Request model_1#130 arrives at 1586620.758960366, sleeping for 0.016698955558240414 seconds
Request model_5#703 arrives at 1586620.776465502, sleeping for 0.3278983396012336 seconds
Request model_4#363 arrives at 1586621.105626549, sleeping for 0.000987066887319088 seconds
Request model_3#404 arrives at 1586621.106787258, sleeping for 0.06777873821556568 seconds
Request model_3#405 arrives at 1586621.17563886, sleeping for 0.022865214152261615 seconds
Request model_3#406 arrives at 1586621.199356374, sleeping for 0.04869896871969104 seconds
Request model_1#131 arrives at 1586621.248252682, sleeping for 0.00033480627462267876 seconds
Request model_1#132 arrives at 1586621.248736126, sleeping for 0.04848090489394963 seconds
Request model_3#407 arrives at 1586621.297374022, sleeping for 0.04536653193645179 seconds
Request model_5#704 arrives at 1586621.342979685, sleeping for 0.04288478591479361 seconds
Request model_4#364 arrives at 1586621.386898315, sleeping for 0.06210806779563427 seconds
Request model_4#365 arrives at 1586621.449255097, sleeping for 0.12206037621945143 seconds
Request model_3#408 arrives at 1586621.571973207, sleeping for 0.0727111913729459 seconds
Request model_3#409 arrives at 1586621.645070742, sleeping for 0.10422154818661511 seconds
Request model_3#410 arrives at 1586621.749693062, sleeping for 0.02119305729866028 seconds
Request model_1#133 arrives at 1586621.771917604, sleeping for 0.007158734602853656 seconds
Request model_4#366 arrives at 1586621.779705934, sleeping for 0.010347573785111308 seconds
Request model_3#411 arrives at 1586621.790383917, sleeping for 0.07572312653064728 seconds
Request model_3#412 arrives at 1586621.86708012, sleeping for 0.015992696164175868 seconds
Request model_3#413 arrives at 1586621.88395377, sleeping for 0.014772221213206649 seconds
Request model_3#414 arrives at 1586621.899622801, sleeping for 0.10422018682584167 seconds
Request model_5#705 arrives at 1586622.004701355, sleeping for 0.38628971856087446 seconds
Request model_6#470 arrives at 1586622.393345401, sleeping for 0.02466575475409627 seconds
Request model_4#367 arrives at 1586622.418189694, sleeping for 0.4339688189793378 seconds
Request model_3#415 arrives at 1586622.853384341, sleeping for 0.048654006561264396 seconds
Request model_1#134 arrives at 1586622.902537531, sleeping for 0.21645130147226155 seconds
Request model_4#368 arrives at 1586623.11954632, sleeping for 0.03520871698856354 seconds
Request model_4#369 arrives at 1586623.155081175, sleeping for 0.03039211151190102 seconds
Request model_4#370 arrives at 1586623.185838683, sleeping for 0.25175012182444334 seconds
Request model_1#135 arrives at 1586623.439397514, sleeping for 0.044548872858285904 seconds
Request model_3#416 arrives at 1586623.484476554, sleeping for 0.1264552150387317 seconds
Request model_1#136 arrives at 1586623.611539087, sleeping for 0.36933225486427546 seconds
Request model_3#417 arrives at 1586623.981854331, sleeping for 0.648131898837164 seconds
Request model_4#371 arrives at 1586624.630691921, sleeping for 0.08452616864815354 seconds
Request model_3#418 arrives at 1586624.716128323, sleeping for 0.012906652176752687 seconds
Request model_3#419 arrives at 1586624.729563646, sleeping for 0.07475585187785327 seconds
Request model_3#420 arrives at 1586624.806602912, sleeping for 0.0015785512514412403 seconds
Request model_1#137 arrives at 1586624.809147612, sleeping for 0.09063483029603958 seconds
Request model_1#138 arrives at 1586624.900235067, sleeping for 0.13900709873996675 seconds
Request model_1#139 arrives at 1586625.041406629, sleeping for 0.06285349000245333 seconds
Request model_3#421 arrives at 1586625.105468735, sleeping for 0.016511210706084967 seconds
Request model_4#372 arrives at 1586625.122885309, sleeping for 0.043001245241612196 seconds
Request model_5#706 arrives at 1586625.166345426, sleeping for 0.2800166034139693 seconds
Request model_1#140 arrives at 1586625.44746743, sleeping for 0.026558343088254333 seconds
Request model_1#141 arrives at 1586625.474375709, sleeping for 0.019427147461101413 seconds
Request model_1#142 arrives at 1586625.494733796, sleeping for 0.036175763700157404 seconds
Request model_4#373 arrives at 1586625.53142071, sleeping for 0.18502386147156358 seconds
Request model_5#707 arrives at 1586625.717850112, sleeping for 0.10625243815593421 seconds
Request model_6#471 arrives at 1586625.825357354, sleeping for 0.06504336139187217 seconds
Request model_1#143 arrives at 1586625.891573796, sleeping for 0.03938936092890799 seconds
Request model_4#374 arrives at 1586625.93207274, sleeping for 0.10754260723479092 seconds
Request model_1#144 arrives at 1586626.040553239, sleeping for 0.02714702603407204 seconds
Request model_3#422 arrives at 1586626.068896448, sleeping for 0.3502845074981451 seconds
Request model_3#423 arrives at 1586626.419644392, sleeping for 0.029112612828612328 seconds
Request model_3#424 arrives at 1586626.449750215, sleeping for 0.03520341869443655 seconds
Request model_5#708 arrives at 1586626.486028576, sleeping for 0.02167914668098092 seconds
Request model_6#472 arrives at 1586626.507860885, sleeping for 0.04635223583318293 seconds
Request model_1#145 arrives at 1586626.554415304, sleeping for 0.09509543073363602 seconds
Request model_1#146 arrives at 1586626.649675481, sleeping for 0.0004102247767150402 seconds
Request model_1#147 arrives at 1586626.650383517, sleeping for 0.09223777381703258 seconds
Request model_1#148 arrives at 1586626.743490367, sleeping for 0.28353633056394756 seconds
Request model_5#709 arrives at 1586627.027836577, sleeping for 0.42422378459014 seconds
Request model_3#425 arrives at 1586627.452554553, sleeping for 0.17777803051285446 seconds
Request model_1#149 arrives at 1586627.631165705, sleeping for 0.002369048073887825 seconds
Request model_4#375 arrives at 1586627.634006917, sleeping for 0.07938199420459569 seconds
Request model_5#710 arrives at 1586627.713941945, sleeping for 0.3548872957471758 seconds
Request model_1#150 arrives at 1586628.069870009, sleeping for 0.00023610703647136688 seconds
Request model_4#376 arrives at 1586628.070488933, sleeping for 0.18103966978378594 seconds
Request model_3#426 arrives at 1586628.251984328, sleeping for 0.16335631720721722 seconds
Request model_3#427 arrives at 1586628.416483, sleeping for 0.04088955302722752 seconds
Request model_3#428 arrives at 1586628.457681359, sleeping for 0.09348223591223359 seconds
Request model_5#711 arrives at 1586628.551959348, sleeping for 0.01965817087329924 seconds
Request model_4#377 arrives at 1586628.572288016, sleeping for 0.6217544155661017 seconds
Request model_4#378 arrives at 1586629.195099224, sleeping for 0.09388415748253465 seconds
Request model_3#429 arrives at 1586629.289732006, sleeping for 0.07851464068517089 seconds
Request model_5#712 arrives at 1586629.368667947, sleeping for 0.1213861049618572 seconds
Request model_4#379 arrives at 1586629.490418039, sleeping for 0.12100478680804372 seconds
Request model_3#430 arrives at 1586629.612209841, sleeping for 0.38966858689673245 seconds
Request model_3#431 arrives at 1586630.002229328, sleeping for 0.3407702681142837 seconds
Request model_3#432 arrives at 1586630.344140213, sleeping for 0.17768646217882633 seconds
Request model_1#151 arrives at 1586630.522771055, sleeping for 0.06646108138374984 seconds
Request model_5#713 arrives at 1586630.589896585, sleeping for 0.24793348414823413 seconds
Request model_3#433 arrives at 1586630.838265126, sleeping for 0.034906913759186864 seconds
Request model_5#714 arrives at 1586630.874047563, sleeping for 0.10744143114425242 seconds
Request model_3#434 arrives at 1586630.982578752, sleeping for 0.045427071396261454 seconds
Request model_1#152 arrives at 1586631.028423307, sleeping for 0.04487616289407015 seconds
Request model_1#153 arrives at 1586631.073894339, sleeping for 0.037039600778371096 seconds
Request model_4#380 arrives at 1586631.111720072, sleeping for 0.09833044838160276 seconds
Request model_1#154 arrives at 1586631.210511786, sleeping for 0.010211765067651868 seconds
Request model_3#435 arrives at 1586631.22137041, sleeping for 6.597931496798992e-05 seconds
Request model_5#715 arrives at 1586631.221815373, sleeping for 0.027348783565685153 seconds
Request model_4#381 arrives at 1586631.249569328, sleeping for 0.0521396417170763 seconds
Request model_3#436 arrives at 1586631.302514948, sleeping for 0.13857979606837034 seconds
Request model_3#437 arrives at 1586631.442334139, sleeping for 0.20137018943205476 seconds
Request model_1#155 arrives at 1586631.644650724, sleeping for 0.06598762748762965 seconds
Request model_3#438 arrives at 1586631.711510172, sleeping for 0.11674626125022769 seconds
Request model_3#439 arrives at 1586631.828436446, sleeping for 0.040312442695721984 seconds
Request model_3#440 arrives at 1586631.869186651, sleeping for 0.20080155809409916 seconds
Request model_4#382 arrives at 1586632.071028673, sleeping for 0.07144579500891268 seconds
Request model_3#441 arrives at 1586632.142792058, sleeping for 0.15807418222539127 seconds
Request model_1#156 arrives at 1586632.301261284, sleeping for 0.0314144897274673 seconds
Request model_4#383 arrives at 1586632.33308001, sleeping for 0.1273296696599573 seconds
Request model_3#442 arrives at 1586632.461384503, sleeping for 0.02204380533657968 seconds
Request model_5#716 arrives at 1586632.484636992, sleeping for 0.011115164961665869 seconds
Request model_4#384 arrives at 1586632.496650255, sleeping for 0.21870191139169037 seconds
Request model_3#443 arrives at 1586632.716601917, sleeping for 0.09016623650677502 seconds
Request model_4#385 arrives at 1586632.807083697, sleeping for 0.2404089905321598 seconds
Request model_1#157 arrives at 1586633.048877768, sleeping for 0.0005462551489472389 seconds
Request model_1#158 arrives at 1586633.049787975, sleeping for 0.10588518180884421 seconds
Request model_5#717 arrives at 1586633.156808793, sleeping for 0.11247289925813675 seconds
Request model_5#718 arrives at 1586633.269867497, sleeping for 0.02210762887261808 seconds
Request model_4#386 arrives at 1586633.292957096, sleeping for 0.09670154843479395 seconds
Request model_3#444 arrives at 1586633.390165408, sleeping for 0.29582918900996447 seconds
Request model_3#445 arrives at 1586633.688026592, sleeping for 0.09659231989644468 seconds
Request model_1#159 arrives at 1586633.78597121, sleeping for 0.35497958585619926 seconds
Request model_1#160 arrives at 1586634.141959134, sleeping for 0.16348573309369385 seconds
Request model_3#446 arrives at 1586634.306516257, sleeping for 0.08049533376470208 seconds
Request model_4#387 arrives at 1586634.387359502, sleeping for 0.029615189880132675 seconds
Request model_5#719 arrives at 1586634.417698477, sleeping for 0.25249087647534907 seconds
Request model_4#388 arrives at 1586634.671195528, sleeping for 0.35475384537130594 seconds
Request model_5#720 arrives at 1586635.027052521, sleeping for 0.186873993370682 seconds
Request model_1#161 arrives at 1586635.215401818, sleeping for 0.04431329830549657 seconds
Request model_3#447 arrives at 1586635.260071103, sleeping for 0.04523629089817405 seconds
Request model_1#162 arrives at 1586635.306329481, sleeping for 0.43891896679997444 seconds
Request model_3#448 arrives at 1586635.746223214, sleeping for 0.0772304767742753 seconds
Request model_4#389 arrives at 1586635.824028476, sleeping for 0.1370657195802778 seconds
Request model_6#473 arrives at 1586635.961463439, sleeping for 0.22192872525192797 seconds
Request model_3#449 arrives at 1586636.184541435, sleeping for 0.09326008637435734 seconds
Request model_5#721 arrives at 1586636.27954574, sleeping for 0.28060738812200725 seconds
Request model_4#390 arrives at 1586636.560753556, sleeping for 0.6273895499762148 seconds
Request model_4#391 arrives at 1586637.188730813, sleeping for 0.07876561977900565 seconds
Request model_4#392 arrives at 1586637.268154108, sleeping for 0.20039781788364053 seconds
Request model_5#722 arrives at 1586637.469554456, sleeping for 0.11069439933635294 seconds
Request model_3#450 arrives at 1586637.580919907, sleeping for 0.20055350149050355 seconds
Request model_1#163 arrives at 1586637.782258945, sleeping for 0.05687568383291364 seconds
Request model_4#393 arrives at 1586637.840669296, sleeping for 0.0277483225800097 seconds
Request model_4#394 arrives at 1586637.869222298, sleeping for 0.04221177054569125 seconds
Request model_5#723 arrives at 1586637.911968278, sleeping for 0.21598729700781405 seconds
Request model_1#164 arrives at 1586638.128609304, sleeping for 0.2830584873445332 seconds
Request model_1#165 arrives at 1586638.412384779, sleeping for 0.010863350704312325 seconds
Request model_1#166 arrives at 1586638.423975939, sleeping for 0.146174858789891 seconds
Request model_1#167 arrives at 1586638.570695854, sleeping for 0.020628074184060097 seconds
Request model_4#395 arrives at 1586638.591593115, sleeping for 0.00028258957900106907 seconds
Request model_4#396 arrives at 1586638.59223581, sleeping for 0.08812717418186367 seconds
Request model_1#168 arrives at 1586638.681760753, sleeping for 0.1594759572762996 seconds
Request model_3#451 arrives at 1586638.841536649, sleeping for 0.01644371193833649 seconds
Request model_1#169 arrives at 1586638.858968444, sleeping for 0.13365839538164437 seconds
Request model_6#474 arrives at 1586638.993747256, sleeping for 0.007051855092868209 seconds
Request model_4#397 arrives at 1586639.001542687, sleeping for 0.0674506186041981 seconds
Request model_4#398 arrives at 1586639.070270768, sleeping for 0.14570213644765317 seconds
Request model_4#399 arrives at 1586639.217073664, sleeping for 0.012000968679785728 seconds
Request model_1#170 arrives at 1586639.229829752, sleeping for 0.11264283838681877 seconds
Request model_3#452 arrives at 1586639.342824177, sleeping for 0.022106997901573777 seconds
Request model_1#171 arrives at 1586639.365487522, sleeping for 0.13008836470544338 seconds
Request model_3#453 arrives at 1586639.496246753, sleeping for 0.03523280075751245 seconds
Request model_1#172 arrives at 1586639.532341433, sleeping for 0.4111903910525143 seconds
Request model_4#400 arrives at 1586639.94441653, sleeping for 0.3116293391212821 seconds
Request model_5#724 arrives at 1586640.256664096, sleeping for 0.23204166674986482 seconds
Request model_3#454 arrives at 1586640.489245385, sleeping for 0.11747483466751873 seconds
Request model_6#475 arrives at 1586640.607404929, sleeping for 0.2922947583720088 seconds
Request model_3#455 arrives at 1586640.901639405, sleeping for 0.23025596886873245 seconds
Request model_4#401 arrives at 1586641.132622072, sleeping for 0.042028966126963496 seconds
Request model_4#402 arrives at 1586641.175554494, sleeping for 0.28750867606140673 seconds
Request model_1#173 arrives at 1586641.463650652, sleeping for 0.2530597725417465 seconds
Request model_1#174 arrives at 1586641.717190004, sleeping for 0.11695700441487134 seconds
Request model_4#403 arrives at 1586641.834505341, sleeping for 0.3758620172739029 seconds
Request model_1#175 arrives at 1586642.210998563, sleeping for 0.10628549428656697 seconds
Request model_1#176 arrives at 1586642.319006119, sleeping for 0.06626886921003461 seconds
Request model_3#456 arrives at 1586642.38636956, sleeping for 0.04370672767981887 seconds
Request model_5#725 arrives at 1586642.430659133, sleeping for 0.17266662721522152 seconds
Request model_3#457 arrives at 1586642.604423397, sleeping for 0.1451816011685878 seconds
Request model_1#177 arrives at 1586642.750276835, sleeping for 0.0065740845166146755 seconds
Request model_3#458 arrives at 1586642.757978175, sleeping for 0.16172813018783927 seconds
Request model_3#459 arrives at 1586642.920829165, sleeping for 0.14380863239057362 seconds
Request model_4#404 arrives at 1586643.065690405, sleeping for 0.10535431024618447 seconds
Request model_1#178 arrives at 1586643.171372042, sleeping for 0.01979478052817285 seconds
Request model_1#179 arrives at 1586643.19172162, sleeping for 0.22318293922580779 seconds
Request model_4#405 arrives at 1586643.416205027, sleeping for 0.6919255391694605 seconds
Request model_4#406 arrives at 1586644.108937055, sleeping for 0.043396732304245234 seconds
Request model_5#726 arrives at 1586644.153261078, sleeping for 0.12570771062746644 seconds
Request model_4#407 arrives at 1586644.28021286, sleeping for 0.08345577726140618 seconds
Request model_6#476 arrives at 1586644.364356231, sleeping for 0.13594110193662345 seconds
Request model_6#477 arrives at 1586644.5013025, sleeping for 0.2026475085876882 seconds
Request model_6#478 arrives at 1586644.705041786, sleeping for 0.00491795944981277 seconds
Request model_6#479 arrives at 1586644.710823671, sleeping for 0.17741938750259578 seconds
Request model_6#480 arrives at 1586644.888642906, sleeping for 0.33680779091082513 seconds
Request model_6#481 arrives at 1586645.226358218, sleeping for 0.0289765449706465 seconds
Request model_6#482 arrives at 1586645.256456501, sleeping for 0.19796378910541534 seconds
Request model_6#483 arrives at 1586645.454681344, sleeping for 0.15713979676365852 seconds
Request model_6#484 arrives at 1586645.612663467, sleeping for 0.037222036393359303 seconds
Request model_6#485 arrives at 1586645.650365078, sleeping for 0.11250070272944868 seconds
Request model_1#180 arrives at 1586645.76312015, sleeping for 0.01704769325442612 seconds
Request model_6#486 arrives at 1586645.780979668, sleeping for 0.0685494551435113 seconds
Request model_6#487 arrives at 1586645.850684718, sleeping for 0.042696838499978185 seconds
Request model_6#488 arrives at 1586645.894225425, sleeping for 0.017575279343873262 seconds
Request model_6#489 arrives at 1586645.912451775, sleeping for 0.07911080261692405 seconds
Request model_6#490 arrives at 1586645.992442994, sleeping for 0.050818059127777815 seconds
Request model_6#491 arrives at 1586646.044410656, sleeping for 0.026248089503496885 seconds
Request model_6#492 arrives at 1586646.072196431, sleeping for 0.03273259103298187 seconds
Request model_4#408 arrives at 1586646.105895032, sleeping for 0.02985433698631823 seconds
Request model_1#181 arrives at 1586646.136571699, sleeping for 0.14226449327543378 seconds
Request model_6#493 arrives at 1586646.280340051, sleeping for 0.5226150508970022 seconds
Request model_6#494 arrives at 1586646.804238384, sleeping for 0.1960816641803831 seconds
Request model_4#409 arrives at 1586647.001415829, sleeping for 0.034064914332702756 seconds
Request model_6#495 arrives at 1586647.035755564, sleeping for 0.17357181175611913 seconds
Request model_6#496 arrives at 1586647.210080303, sleeping for 0.1104282564483583 seconds
Request model_6#497 arrives at 1586647.321749937, sleeping for 0.002168079139664769 seconds
Request model_6#498 arrives at 1586647.324233006, sleeping for 0.2737350622192025 seconds
Request model_6#499 arrives at 1586647.598549468, sleeping for 0.2714660265482962 seconds
Request model_6#500 arrives at 1586647.871453508, sleeping for 0.06408412382006645 seconds
Request model_6#501 arrives at 1586647.936779414, sleeping for 0.17142158234491944 seconds
Request model_6#502 arrives at 1586648.108838145, sleeping for 0.047039325116202235 seconds
Request model_6#503 arrives at 1586648.156422163, sleeping for 0.34484086744487286 seconds
Request model_6#504 arrives at 1586648.502260068, sleeping for 0.023127125343307853 seconds
Request model_6#505 arrives at 1586648.52578852, sleeping for 0.24898421135731041 seconds
Request model_4#410 arrives at 1586648.775892155, sleeping for 0.15112621034495533 seconds
Request model_1#182 arrives at 1586648.928069172, sleeping for 0.10835273191332817 seconds
Request model_6#506 arrives at 1586649.037370097, sleeping for 0.019702414283528924 seconds
Request model_6#507 arrives at 1586649.057415842, sleeping for 0.08736087125726044 seconds
Request model_1#183 arrives at 1586649.146206319, sleeping for 0.43378766905516386 seconds
Request model_6#508 arrives at 1586649.581056432, sleeping for 0.1011573919095099 seconds
Request model_6#509 arrives at 1586649.682986711, sleeping for 0.02754848636686802 seconds
Request model_6#510 arrives at 1586649.710884667, sleeping for 0.04298212705180049 seconds
Request model_6#511 arrives at 1586649.754193372, sleeping for 0.09275605715811253 seconds
Request model_6#512 arrives at 1586649.847979657, sleeping for 0.18187069869600236 seconds
Request model_4#411 arrives at 1586650.030167687, sleeping for 0.16311521804891527 seconds
Request model_6#513 arrives at 1586650.194351146, sleeping for 0.045209417352452874 seconds
Request model_6#514 arrives at 1586650.240522123, sleeping for 0.3865342622157186 seconds
Request model_6#515 arrives at 1586650.627407936, sleeping for 0.04100427031517029 seconds
Request model_6#516 arrives at 1586650.669432731, sleeping for 0.09853006736375391 seconds
Request model_6#517 arrives at 1586650.768802739, sleeping for 0.1606778223067522 seconds
Request model_6#518 arrives at 1586650.929818165, sleeping for 0.027180036064237356 seconds
Request model_6#519 arrives at 1586650.95765282, sleeping for 0.03991628414951265 seconds
Request model_4#412 arrives at 1586650.998411986, sleeping for 0.01643667952157557 seconds
Request model_6#520 arrives at 1586651.015237666, sleeping for 0.1529775585513562 seconds
Request model_6#521 arrives at 1586651.16960006, sleeping for 0.12017928482964635 seconds
Request model_6#522 arrives at 1586651.291873325, sleeping for 0.20707324985414743 seconds
Request model_6#523 arrives at 1586651.499453971, sleeping for 0.04878851701505482 seconds
Request model_6#524 arrives at 1586651.549382907, sleeping for 0.12978200637735426 seconds
Request model_6#525 arrives at 1586651.680239199, sleeping for 0.09348896448500454 seconds
Request model_6#526 arrives at 1586651.77464224, sleeping for 0.41463884082622826 seconds
Request model_6#527 arrives at 1586652.189616079, sleeping for 0.012401058105751872 seconds
Request model_6#528 arrives at 1586652.20256547, sleeping for 0.03262255131267011 seconds
Request model_6#529 arrives at 1586652.23622529, sleeping for 0.31486126128584146 seconds
Request model_6#530 arrives at 1586652.552167783, sleeping for 0.44512775889597833 seconds
Request model_6#531 arrives at 1586652.9977158, sleeping for 0.1540750351268798 seconds
Request model_4#413 arrives at 1586653.152507327, sleeping for 0.01004842622205615 seconds
Request model_6#532 arrives at 1586653.163523332, sleeping for 0.03114260546863079 seconds
Request model_6#533 arrives at 1586653.195333328, sleeping for 0.18120837723836303 seconds
Request model_6#534 arrives at 1586653.377251925, sleeping for 0.43228752817958593 seconds
Request model_6#535 arrives at 1586653.81096496, sleeping for 0.02476974716410041 seconds
Request model_6#536 arrives at 1586653.837013621, sleeping for 0.18941345810890198 seconds
Request model_4#414 arrives at 1586654.026968861, sleeping for 0.058823183411732316 seconds
Request model_6#537 arrives at 1586654.086204959, sleeping for 0.23272638861089945 seconds
Request model_6#538 arrives at 1586654.319468433, sleeping for 0.2117835246026516 seconds
Request model_6#539 arrives at 1586654.531859566, sleeping for 0.09258947568014264 seconds
Request model_6#540 arrives at 1586654.625282238, sleeping for 0.15975093096494675 seconds
Request model_6#541 arrives at 1586654.785568348, sleeping for 0.028412938583642244 seconds
Request model_1#184 arrives at 1586654.814954855, sleeping for 0.0034285990986973047 seconds
Request model_6#542 arrives at 1586654.819167688, sleeping for 0.16759242303669453 seconds
Request model_6#543 arrives at 1586654.987756352, sleeping for 0.39552209223620594 seconds
Request model_6#544 arrives at 1586655.384530881, sleeping for 0.017899457830935717 seconds
Request model_4#415 arrives at 1586655.403020754, sleeping for 0.0036481614224612713 seconds
Request model_6#545 arrives at 1586655.407188826, sleeping for 0.20730128581635654 seconds
Request model_6#546 arrives at 1586655.616284203, sleeping for 0.11280943010933697 seconds
Request model_6#547 arrives at 1586655.730160544, sleeping for 0.050244982820004225 seconds
Request model_4#416 arrives at 1586655.780723315, sleeping for 0.06339089991524816 seconds
Request model_4#417 arrives at 1586655.845026173, sleeping for 0.016428555361926556 seconds
Request model_6#548 arrives at 1586655.861697551, sleeping for 0.07271200139075518 seconds
Request model_4#418 arrives at 1586655.934608785, sleeping for 0.08693387545645237 seconds
Request model_4#419 arrives at 1586656.022001571, sleeping for 0.04844659147784114 seconds
Request model_6#549 arrives at 1586656.071624465, sleeping for 0.10225678514689207 seconds
Request model_6#550 arrives at 1586656.175234316, sleeping for 0.05572269298136234 seconds
Request model_6#551 arrives at 1586656.231788004, sleeping for 0.07327283709309995 seconds
Request model_6#552 arrives at 1586656.306397571, sleeping for 0.21869788388721645 seconds
Request model_6#553 arrives at 1586656.525485226, sleeping for 0.034222728572785854 seconds
Request model_6#554 arrives at 1586656.560497497, sleeping for 0.1236115728970617 seconds
Request model_6#555 arrives at 1586656.685759555, sleeping for 0.09779398120008409 seconds
Request model_6#556 arrives at 1586656.784573679, sleeping for 0.05695633729919791 seconds
Request model_4#420 arrives at 1586656.841914213, sleeping for 0.04187989002093673 seconds
Request model_6#557 arrives at 1586656.884116159, sleeping for 0.3677532561123371 seconds
Request model_6#558 arrives at 1586657.252218386, sleeping for 0.022154413862153888 seconds
Request model_6#559 arrives at 1586657.275257815, sleeping for 0.46930628758855164 seconds
Request model_4#421 arrives at 1586657.745504402, sleeping for 0.021673105657100677 seconds
Request model_6#560 arrives at 1586657.767996096, sleeping for 0.2948478937614709 seconds
Request model_6#561 arrives at 1586658.063515401, sleeping for 0.22500015702098608 seconds
Request model_6#562 arrives at 1586658.288996985, sleeping for 0.43225378612987697 seconds
Request model_6#563 arrives at 1586658.721859363, sleeping for 0.08220238680951297 seconds
Request model_6#564 arrives at 1586658.804374731, sleeping for 0.2890678483527154 seconds
Request model_6#565 arrives at 1586659.09511724, sleeping for 0.1478608106262982 seconds
Request model_6#566 arrives at 1586659.243611288, sleeping for 0.09975257888436317 seconds
Request model_6#567 arrives at 1586659.344921612, sleeping for 0.004376831464469433 seconds
Request model_6#568 arrives at 1586659.349677569, sleeping for 0.0653780777938664 seconds
Request model_6#569 arrives at 1586659.415342097, sleeping for 0.28754824795760214 seconds
Request model_6#570 arrives at 1586659.70535384, sleeping for 0.05321853095665574 seconds
Request model_6#571 arrives at 1586659.759747841, sleeping for 0.06939451675862074 seconds
Request model_1#185 arrives at 1586659.830326476, sleeping for 0.01557523524388671 seconds
Request model_1#186 arrives at 1586659.846553012, sleeping for 0.2159389816224575 seconds
Request model_6#572 arrives at 1586660.063286658, sleeping for 0.4086795337498188 seconds
Request model_1#187 arrives at 1586660.473042567, sleeping for 0.0010064393281936646 seconds
Request model_6#573 arrives at 1586660.475072013, sleeping for 0.21752773085609078 seconds
Request model_4#422 arrives at 1586660.693132539, sleeping for 0.326573675731197 seconds
Request model_6#574 arrives at 1586661.020142569, sleeping for 0.022468793438747525 seconds
Request model_6#575 arrives at 1586661.043352168, sleeping for 0.21681991196237504 seconds
Request model_6#576 arrives at 1586661.261319744, sleeping for 0.07506822142750025 seconds
Request model_6#577 arrives at 1586661.337022839, sleeping for 0.06319316546432674 seconds
Request model_1#188 arrives at 1586661.400719642, sleeping for 0.025064277229830623 seconds
Request model_6#578 arrives at 1586661.426405221, sleeping for 0.1386523856781423 seconds
Request model_6#579 arrives at 1586661.566322063, sleeping for 0.02302165748551488 seconds
Request model_6#580 arrives at 1586661.589869425, sleeping for 0.08925688732415438 seconds
Request model_6#581 arrives at 1586661.680204704, sleeping for 0.07663379888981581 seconds
Request model_6#582 arrives at 1586661.757720693, sleeping for 0.714519739151001 seconds
Request model_6#583 arrives at 1586662.472662443, sleeping for 0.16463314439170063 seconds
Request model_6#584 arrives at 1586662.638273693, sleeping for 0.17632552166469395 seconds
Request model_6#585 arrives at 1586662.816109119, sleeping for 0.38280626898631454 seconds
Request model_6#586 arrives at 1586663.200527812, sleeping for 0.09673772542737424 seconds
Request model_6#587 arrives at 1586663.298458089, sleeping for 0.012026560958474874 seconds
Request model_6#588 arrives at 1586663.310716624, sleeping for 0.007624169811606407 seconds
Request model_6#589 arrives at 1586663.318594475, sleeping for 0.0011600339785218239 seconds
Request model_4#423 arrives at 1586663.320360769, sleeping for 0.057608111994341016 seconds
Request model_6#590 arrives at 1586663.379271864, sleeping for 0.04140603682026267 seconds
Request model_1#189 arrives at 1586663.421797323, sleeping for 0.017175716115161777 seconds
Request model_1#190 arrives at 1586663.440079644, sleeping for 0.05193268391303718 seconds
Request model_4#424 arrives at 1586663.494184603, sleeping for 0.06204495602287352 seconds
Request model_6#591 arrives at 1586663.556648286, sleeping for 0.1356161143630743 seconds
Request model_6#592 arrives at 1586663.693326973, sleeping for 0.05730804777704179 seconds
Request model_6#593 arrives at 1586663.751367212, sleeping for 0.0917917110491544 seconds
Request model_6#594 arrives at 1586663.84414438, sleeping for 0.20321210636757314 seconds
Request model_6#595 arrives at 1586664.048199388, sleeping for 0.24715477088466287 seconds
Request model_4#425 arrives at 1586664.296275457, sleeping for 0.16601267084479332 seconds
Request model_4#426 arrives at 1586664.462603443, sleeping for 0.2820128919556737 seconds
Request model_6#596 arrives at 1586664.746563769, sleeping for 0.019833744503557682 seconds
Request model_6#597 arrives at 1586664.766589424, sleeping for 0.0004962589591741562 seconds
Request model_6#598 arrives at 1586664.767165788, sleeping for 0.08274913625791669 seconds
Request model_6#599 arrives at 1586664.851510721, sleeping for 0.20284232287667692 seconds
Request model_1#191 arrives at 1586665.054609441, sleeping for 0.4876608981285244 seconds
Request model_6#600 arrives at 1586665.543840145, sleeping for 0.20264304359443486 seconds
Request model_6#601 arrives at 1586665.746916326, sleeping for 0.1987392590381205 seconds
Request model_6#602 arrives at 1586665.946368568, sleeping for 0.0751172942109406 seconds
Request model_4#427 arrives at 1586666.022653048, sleeping for 0.04492514953017235 seconds
Request model_6#603 arrives at 1586666.067872758, sleeping for 0.04721867758780718 seconds
Request model_4#428 arrives at 1586666.116115371, sleeping for 0.04457037290558219 seconds
Request model_6#604 arrives at 1586666.161419141, sleeping for 0.27078599762171507 seconds
Request model_6#605 arrives at 1586666.433145153, sleeping for 0.020656942389905453 seconds
Request model_6#606 arrives at 1586666.454390897, sleeping for 0.016424460103735328 seconds
Request model_6#607 arrives at 1586666.471055166, sleeping for 0.021598235704004765 seconds
Request model_6#608 arrives at 1586666.493714871, sleeping for 0.048418058548122644 seconds
Request model_1#192 arrives at 1586666.542946882, sleeping for 0.02354668127372861 seconds
Request model_6#609 arrives at 1586666.567627123, sleeping for 0.27886421140283346 seconds
Request model_6#610 arrives at 1586666.847662449, sleeping for 0.03058569342829287 seconds
Request model_6#611 arrives at 1586666.878498567, sleeping for 0.29754243907518685 seconds
Request model_6#612 arrives at 1586667.17753219, sleeping for 0.3585426462814212 seconds
Request model_1#193 arrives at 1586667.53702419, sleeping for 0.008440955309197307 seconds
Request model_1#194 arrives at 1586667.546200381, sleeping for 0.005652620457112789 seconds
Request model_6#613 arrives at 1586667.552065457, sleeping for 0.09205437288619578 seconds
Request model_6#614 arrives at 1586667.645177686, sleeping for 0.040356685407459736 seconds
Request model_6#615 arrives at 1586667.686453046, sleeping for 0.011893426766619086 seconds
Request model_4#429 arrives at 1586667.69863314, sleeping for 0.016622524010017514 seconds
Request model_6#616 arrives at 1586667.715786512, sleeping for 0.3908707497175783 seconds
Request model_6#617 arrives at 1586668.107707704, sleeping for 0.1162811431568116 seconds
Request model_6#618 arrives at 1586668.225165872, sleeping for 0 seconds
Request model_6#619 arrives at 1586668.225522355, sleeping for 0.19158343691378832 seconds
Request model_6#620 arrives at 1586668.417514299, sleeping for 0.021087229484692216 seconds
Request model_6#621 arrives at 1586668.439299398, sleeping for 0.04971005977131426 seconds
Request model_6#622 arrives at 1586668.489805008, sleeping for 0.10885593108832836 seconds
Request model_4#430 arrives at 1586668.599555657, sleeping for 0.0997944725677371 seconds
Request model_1#195 arrives at 1586668.700339007, sleeping for 0.06569972215220332 seconds
Request model_6#623 arrives at 1586668.767202534, sleeping for 0.010105473222211003 seconds
Request model_6#624 arrives at 1586668.777965237, sleeping for 0.09020921890623868 seconds
Request model_4#431 arrives at 1586668.868698019, sleeping for 0.42239901795983315 seconds
Request model_4#432 arrives at 1586669.291417158, sleeping for 0.15682154637761414 seconds
Request model_6#625 arrives at 1586669.448829095, sleeping for 0.15514547703787684 seconds
Request model_6#626 arrives at 1586669.604477149, sleeping for 0.04928146884776652 seconds
Request model_6#627 arrives at 1586669.654073962, sleeping for 0.1429130951873958 seconds
Request model_6#628 arrives at 1586669.799186135, sleeping for 0.05723535711877048 seconds
Request model_6#629 arrives at 1586669.857197544, sleeping for 0.06623642472550273 seconds
Request model_6#630 arrives at 1586669.92391843, sleeping for 0.1747159925289452 seconds
Request model_6#631 arrives at 1586670.100850838, sleeping for 0.23000775766558945 seconds
Request model_6#632 arrives at 1586670.331767244, sleeping for 0.045885440427809954 seconds
Request model_6#633 arrives at 1586670.377990091, sleeping for 0.0935813661199063 seconds
Request model_6#634 arrives at 1586670.471786546, sleeping for 0.0446695473510772 seconds
Request model_6#635 arrives at 1586670.517173197, sleeping for 0.08267375431023538 seconds
Request model_1#196 arrives at 1586670.600375551, sleeping for 0.012419140199199319 seconds
Request model_6#636 arrives at 1586670.613070069, sleeping for 0.02889473643153906 seconds
Request model_6#637 arrives at 1586670.642750168, sleeping for 0.008502224460244179 seconds
Request model_4#433 arrives at 1586670.651445616, sleeping for 0.4006654496770352 seconds
Request model_6#638 arrives at 1586671.053133742, sleeping for 0.023438990581780672 seconds
Request model_6#639 arrives at 1586671.077695802, sleeping for 0.0215844982303679 seconds
Request model_6#640 arrives at 1586671.100114295, sleeping for 0.14297014544717968 seconds
Request model_4#434 arrives at 1586671.24547913, sleeping for 0.01593914534896612 seconds
Request model_6#641 arrives at 1586671.261962447, sleeping for 0.09532407228834927 seconds
Request model_6#642 arrives at 1586671.358552724, sleeping for 0.037778350757434964 seconds
Request model_6#643 arrives at 1586671.397117633, sleeping for 0.2402254706248641 seconds
Request model_6#644 arrives at 1586671.638514389, sleeping for 0.11254598293453455 seconds
Request model_6#645 arrives at 1586671.752771863, sleeping for 0.008745151106268167 seconds
Request model_6#646 arrives at 1586671.761875243, sleeping for 0.013610457303002477 seconds
Request model_6#647 arrives at 1586671.776598967, sleeping for 0.013530223397538066 seconds
Request model_4#435 arrives at 1586671.791364171, sleeping for 0.07465030997991562 seconds
Request model_6#648 arrives at 1586671.866592293, sleeping for 0.10390764381736517 seconds
Request model_6#649 arrives at 1586671.97222188, sleeping for 0.017732903361320496 seconds
Request model_6#650 arrives at 1586671.99031067, sleeping for 0.4089864974375814 seconds
Request model_6#651 arrives at 1586672.40145402, sleeping for 0.20052209915593266 seconds
Request model_6#652 arrives at 1586672.60319963, sleeping for 0.07787198922596872 seconds
Request model_4#436 arrives at 1586672.682286191, sleeping for 0.13827163306996226 seconds
Request model_6#653 arrives at 1586672.821466458, sleeping for 0.07073369272984564 seconds
Request model_1#197 arrives at 1586672.89294719, sleeping for 0.12438182113692164 seconds
Request model_6#654 arrives at 1586673.019198997, sleeping for 0.17260486399754882 seconds
Request model_6#655 arrives at 1586673.193330523, sleeping for 0.2963180234655738 seconds
Request model_6#656 arrives at 1586673.490368581, sleeping for 0.0360464823897928 seconds
Request model_6#657 arrives at 1586673.528383765, sleeping for 0 seconds
Request model_6#658 arrives at 1586673.528758998, sleeping for 0.03513098624534905 seconds
Request model_6#659 arrives at 1586673.564935027, sleeping for 0.4446022545453161 seconds
Request model_6#660 arrives at 1586674.010386082, sleeping for 0.010772916255518794 seconds
Request model_6#661 arrives at 1586674.021366767, sleeping for 0.012675171718001366 seconds
Request model_6#662 arrives at 1586674.036071181, sleeping for 0.030038069933652878 seconds
Request model_6#663 arrives at 1586674.066747978, sleeping for 0.1351642378140241 seconds
Request model_1#198 arrives at 1586674.202669739, sleeping for 0.015556287486106157 seconds
Request model_6#664 arrives at 1586674.219019815, sleeping for 0.2727573730517179 seconds
Request model_6#665 arrives at 1586674.492817113, sleeping for 0.06926674349233508 seconds
Request model_6#666 arrives at 1586674.562378131, sleeping for 0.02814266853965819 seconds
Request model_6#667 arrives at 1586674.591270224, sleeping for 0.13704876089468598 seconds
Request model_4#437 arrives at 1586674.729237831, sleeping for 0.10776564804837108 seconds
Request model_6#668 arrives at 1586674.838400935, sleeping for 0.1250900886952877 seconds
Request model_6#669 arrives at 1586674.963901116, sleeping for 0.055605213390663266 seconds
Request model_6#670 arrives at 1586675.02009193, sleeping for 0.0069851980078965425 seconds
Request model_6#671 arrives at 1586675.027938371, sleeping for 0.16552083706483245 seconds
Request model_6#672 arrives at 1586675.193795084, sleeping for 0.04731547343544662 seconds
Request model_4#438 arrives at 1586675.242250648, sleeping for 0.013053294271230698 seconds
Request model_4#439 arrives at 1586675.256933692, sleeping for 0.12727201730012894 seconds
Request model_6#673 arrives at 1586675.384850041, sleeping for 0.0203308358322829 seconds
Request model_6#674 arrives at 1586675.405559481, sleeping for 0.06200614967383444 seconds
Request model_6#675 arrives at 1586675.468707559, sleeping for 0.005686213728040457 seconds
Request model_6#676 arrives at 1586675.475369841, sleeping for 0.31416311650536954 seconds
Request model_6#677 arrives at 1586675.789710972, sleeping for 0.04770730878226459 seconds
Request model_1#199 arrives at 1586675.837831084, sleeping for 0.005360274808481336 seconds
Request model_4#440 arrives at 1586675.843511468, sleeping for 0.302479520207271 seconds
Request model_6#678 arrives at 1586676.146438171, sleeping for 0.019544457085430622 seconds
Request model_6#679 arrives at 1586676.166315764, sleeping for 0.21082983538508415 seconds
Request model_6#680 arrives at 1586676.377921841, sleeping for 0.053934256080538034 seconds
Request model_6#681 arrives at 1586676.432956046, sleeping for 0.01436638948507607 seconds
Request model_6#682 arrives at 1586676.448132023, sleeping for 0.04462385503575206 seconds
Request model_1#200 arrives at 1586676.493021131, sleeping for 0.10915559669956565 seconds
Request model_6#683 arrives at 1586676.602999561, sleeping for 0.004981597186997533 seconds
Request model_6#684 arrives at 1586676.608295042, sleeping for 0.37056640163064003 seconds
Request model_6#685 arrives at 1586676.979285231, sleeping for 0.022727460833266377 seconds
Request model_6#686 arrives at 1586677.002309079, sleeping for 0.30676692933775485 seconds
Request model_4#441 arrives at 1586677.309943868, sleeping for 0.08773665479384363 seconds
Request model_6#687 arrives at 1586677.398786735, sleeping for 0.04667692841030657 seconds
Request model_6#688 arrives at 1586677.445711808, sleeping for 0.3799494099803269 seconds
Request model_6#689 arrives at 1586677.826569973, sleeping for 0.2723303227685392 seconds
Request model_6#690 arrives at 1586678.099887817, sleeping for 0.0911902654916048 seconds
Request model_6#691 arrives at 1586678.192670075, sleeping for 0.13231351249851286 seconds
Request model_6#692 arrives at 1586678.326278967, sleeping for 0.06695719994604588 seconds
Request model_6#693 arrives at 1586678.395549373, sleeping for 0.05155716696754098 seconds
Request model_6#694 arrives at 1586678.44816591, sleeping for 0.12552272714674473 seconds
Request model_6#695 arrives at 1586678.57491375, sleeping for 0.08090813714079559 seconds
Request model_6#696 arrives at 1586678.656144999, sleeping for 0.03513255179859698 seconds
Request model_6#697 arrives at 1586678.691860835, sleeping for 0.025837488938122988 seconds
Request model_6#698 arrives at 1586678.71969045, sleeping for 0.11644491134211421 seconds
Request model_4#442 arrives at 1586678.836544613, sleeping for 0.0821074303239584 seconds
Request model_6#699 arrives at 1586678.919132592, sleeping for 0.0240578087978065 seconds
Request model_6#700 arrives at 1586678.944081575, sleeping for 0.03418586798943579 seconds
Request model_1#201 arrives at 1586678.978741153, sleeping for 0.045313501730561256 seconds
Request model_6#701 arrives at 1586679.024419786, sleeping for 0.03904409660026431 seconds
Request model_6#702 arrives at 1586679.064081903, sleeping for 0.00870985141955316 seconds
Request model_6#703 arrives at 1586679.074912197, sleeping for 0.05492098466493189 seconds
Request model_6#704 arrives at 1586679.130590587, sleeping for 0.15646506007760763 seconds
Request model_6#705 arrives at 1586679.288899622, sleeping for 0.10378627246245742 seconds
Request model_4#443 arrives at 1586679.394193096, sleeping for 0.0037123975344002247 seconds
Request model_6#706 arrives at 1586679.39866482, sleeping for 0.013035253388807178 seconds
Request model_6#707 arrives at 1586679.412567048, sleeping for 0.01779520744457841 seconds
Request model_6#708 arrives at 1586679.432408881, sleeping for 0.12434546393342316 seconds
Request model_6#709 arrives at 1586679.557528229, sleeping for 0.16115086479112506 seconds
Request model_6#710 arrives at 1586679.719420021, sleeping for 0.05652648909017444 seconds
Request model_1#202 arrives at 1586679.777026206, sleeping for 0.032481093192473054 seconds
Request model_6#711 arrives at 1586679.810454075, sleeping for 0.22828784375451505 seconds
Request model_4#444 arrives at 1586680.040162531, sleeping for 0.037631464656442404 seconds
Request model_6#712 arrives at 1586680.07874746, sleeping for 0.30761662242002785 seconds
Request model_6#713 arrives at 1586680.386689871, sleeping for 0.33227038802579045 seconds
Request model_4#445 arrives at 1586680.719836857, sleeping for 0.017148720799013972 seconds
Request model_4#446 arrives at 1586680.737715675, sleeping for 0.05352463107556105 seconds
Request model_6#714 arrives at 1586680.791908544, sleeping for 0.11032055853866041 seconds
Request model_6#715 arrives at 1586680.902914242, sleeping for 0.037297479109838605 seconds
Request model_6#716 arrives at 1586680.941819843, sleeping for 0.07579495524987578 seconds
Request model_4#447 arrives at 1586681.018590197, sleeping for 0.15233926591463387 seconds
Request model_6#717 arrives at 1586681.172323026, sleeping for 0.08955093869008124 seconds
Request model_6#718 arrives at 1586681.262824446, sleeping for 0.08273730892688036 seconds
Request model_6#719 arrives at 1586681.346649004, sleeping for 0.030797963496297598 seconds
Request model_4#448 arrives at 1586681.378384149, sleeping for 0.0253020201344043 seconds
Request model_6#720 arrives at 1586681.404080938, sleeping for 0.01913246070034802 seconds
Request model_6#721 arrives at 1586681.42375844, sleeping for 0.08594561810605228 seconds
Request model_6#722 arrives at 1586681.510595562, sleeping for 0.0008029192686080933 seconds
Request model_4#449 arrives at 1586681.511586759, sleeping for 0.016810365254059434 seconds
Request model_6#723 arrives at 1586681.529327696, sleeping for 0.015523956157267094 seconds
Request model_6#724 arrives at 1586681.545906655, sleeping for 0.2882719074841589 seconds
Request model_6#725 arrives at 1586681.83625511, sleeping for 0.27201170893386006 seconds
Request model_6#726 arrives at 1586682.110322909, sleeping for 0.21347086504101753 seconds
Request model_6#727 arrives at 1586682.324681697, sleeping for 0.13699372159317136 seconds
Request model_6#728 arrives at 1586682.462425632, sleeping for 0.157309576170519 seconds
Request model_6#729 arrives at 1586682.620529515, sleeping for 0.13078996050171554 seconds
Request model_6#730 arrives at 1586682.752326704, sleeping for 0.13141876342706382 seconds
Request model_4#450 arrives at 1586682.884449735, sleeping for 0.4530882528051734 seconds
Request model_4#451 arrives at 1586683.337983303, sleeping for 0.0691302081104368 seconds
Request model_6#731 arrives at 1586683.409077742, sleeping for 0.3630342329852283 seconds
Request model_6#732 arrives at 1586683.772406232, sleeping for 0.05093434336595237 seconds
Request model_1#203 arrives at 1586683.823583908, sleeping for 0.09452916635200381 seconds
Request model_6#733 arrives at 1586683.91833962, sleeping for 0.16439165943302214 seconds
Request model_6#734 arrives at 1586684.083637608, sleeping for 0.18170033604837954 seconds
Request model_4#452 arrives at 1586684.266076579, sleeping for 0.13915603538043797 seconds
Request model_6#735 arrives at 1586684.40590053, sleeping for 0.11774062900803983 seconds
Request model_6#736 arrives at 1586684.524476317, sleeping for 0.49071175092831254 seconds
Request model_6#737 arrives at 1586685.015544035, sleeping for 0.036268703173846006 seconds
Request model_6#738 arrives at 1586685.05375671, sleeping for 0.11194818210788071 seconds
Request model_6#739 arrives at 1586685.167760352, sleeping for 0.03641929035075009 seconds
Request model_4#453 arrives at 1586685.206141768, sleeping for 0.11621641437523067 seconds
Request model_6#740 arrives at 1586685.323356455, sleeping for 0.06782571272924542 seconds
Request model_4#454 arrives at 1586685.39262157, sleeping for 0.05084073473699391 seconds
Request model_6#741 arrives at 1586685.443811286, sleeping for 0.027392935939133167 seconds
Request model_6#742 arrives at 1586685.472130385, sleeping for 0.04447961715050042 seconds
Request model_6#743 arrives at 1586685.517385825, sleeping for 0.03537617577239871 seconds
Request model_6#744 arrives at 1586685.553624285, sleeping for 0.07202429627068341 seconds
Request model_4#455 arrives at 1586685.62660418, sleeping for 0.2948439824394882 seconds
Request model_6#745 arrives at 1586685.922176195, sleeping for 0.05631655338220298 seconds
Request model_6#746 arrives at 1586685.979177176, sleeping for 0.06915022199973464 seconds
Request model_6#747 arrives at 1586686.048932546, sleeping for 0.029888846445828676 seconds
Request model_6#748 arrives at 1586686.080892373, sleeping for 0.010165853658691049 seconds
Request model_4#456 arrives at 1586686.091552625, sleeping for 0.001283637247979641 seconds
Request model_6#749 arrives at 1586686.093226948, sleeping for 0.05727712903171778 seconds
Request model_4#457 arrives at 1586686.150900304, sleeping for 0.12136622914113104 seconds
Request model_6#750 arrives at 1586686.272904497, sleeping for 0.03559438302181661 seconds
Request model_1#204 arrives at 1586686.309021427, sleeping for 0.12479792162775993 seconds
Request model_4#458 arrives at 1586686.434684798, sleeping for 0.0009155895095318556 seconds
Request model_6#751 arrives at 1586686.436455822, sleeping for 0.14840790000744164 seconds
Request model_6#752 arrives at 1586686.585331383, sleeping for 0.13531032064929605 seconds
Request model_6#753 arrives at 1586686.720944722, sleeping for 0.1758738700300455 seconds
Request model_6#754 arrives at 1586686.8979752, sleeping for 0.06059400946833193 seconds
Request model_6#755 arrives at 1586686.958986702, sleeping for 0.1934770392253995 seconds
Request model_6#756 arrives at 1586687.153318105, sleeping for 0.06425816635601223 seconds
Request model_6#757 arrives at 1586687.2185799, sleeping for 0.03742379252798855 seconds
Request model_6#758 arrives at 1586687.256292181, sleeping for 0.09158733417280018 seconds
Request model_4#459 arrives at 1586687.348949798, sleeping for 0.1828263916540891 seconds
Request model_6#759 arrives at 1586687.532730889, sleeping for 0.057689616456627846 seconds
Request model_6#760 arrives at 1586687.591471263, sleeping for 0.062387073412537575 seconds
Request model_6#761 arrives at 1586687.654259639, sleeping for 0.04369305586442351 seconds
Request model_1#205 arrives at 1586687.698758653, sleeping for 0.09020801237784326 seconds
Request model_1#206 arrives at 1586687.789441174, sleeping for 0.01766039337962866 seconds
Request model_6#762 arrives at 1586687.809069675, sleeping for 0.42778121097944677 seconds
Request model_6#763 arrives at 1586688.237863691, sleeping for 0.06839746027253568 seconds
Request model_6#764 arrives at 1586688.306832544, sleeping for 0.2989148460328579 seconds
Request model_4#460 arrives at 1586688.606404891, sleeping for 0.23147908109240234 seconds
Request model_4#461 arrives at 1586688.838874659, sleeping for 0.29316905583254993 seconds
Request model_6#765 arrives at 1586689.133379266, sleeping for 0.002541433786973357 seconds
Request model_6#766 arrives at 1586689.136426869, sleeping for 0.08530992362648249 seconds
Request model_6#767 arrives at 1586689.222238303, sleeping for 0.2357795217540115 seconds
Request model_6#768 arrives at 1586689.458446889, sleeping for 0.08674308261834085 seconds
Request model_6#769 arrives at 1586689.546627941, sleeping for 0.038534703897312284 seconds
Request model_4#462 arrives at 1586689.585467872, sleeping for 0.19606969831511378 seconds
Request model_6#770 arrives at 1586689.781723849, sleeping for 0.02668682928197086 seconds
Request model_6#771 arrives at 1586689.808796958, sleeping for 0.1076974612660706 seconds
Request model_4#463 arrives at 1586689.916931894, sleeping for 0.01243954012170434 seconds
Request model_6#772 arrives at 1586689.929684063, sleeping for 0.1817868985235691 seconds
Request model_6#773 arrives at 1586690.112456156, sleeping for 0.016446177614852786 seconds
Request model_6#774 arrives at 1586690.129259826, sleeping for 0.08928629499860108 seconds
Request model_4#464 arrives at 1586690.21895527, sleeping for 0.029665907379239798 seconds
Request model_6#775 arrives at 1586690.249803598, sleeping for 0.22852947027422488 seconds
Request model_6#776 arrives at 1586690.478507326, sleeping for 0.1636536088772118 seconds
Request model_6#777 arrives at 1586690.643082949, sleeping for 0.14045998034998775 seconds
Request model_6#778 arrives at 1586690.785117108, sleeping for 0.07483091484755278 seconds
Request model_6#779 arrives at 1586690.861107645, sleeping for 0.10382982390001416 seconds
Request model_6#780 arrives at 1586690.965155029, sleeping for 0.05519878398627043 seconds
Request model_6#781 arrives at 1586691.020980791, sleeping for 0.2948034917935729 seconds
Request model_6#782 arrives at 1586691.316561667, sleeping for 0.030697260517627 seconds
Request model_6#783 arrives at 1586691.348378353, sleeping for 0.038221069844439626 seconds
Request model_6#784 arrives at 1586691.387010752, sleeping for 0.603624943876639 seconds
Request model_6#785 arrives at 1586691.991284784, sleeping for 0.5248082058969885 seconds
Request model_6#786 arrives at 1586692.516938348, sleeping for 0.10100204148329794 seconds
Request model_6#787 arrives at 1586692.618880376, sleeping for 0.017866302747279406 seconds
Request model_6#788 arrives at 1586692.638527438, sleeping for 0.07744941976852715 seconds
Request model_6#789 arrives at 1586692.717286107, sleeping for 0.06393098831176758 seconds
Request model_6#790 arrives at 1586692.782645613, sleeping for 0.031250086380168796 seconds
Request model_6#791 arrives at 1586692.814269367, sleeping for 0.14858640311285853 seconds
Request model_6#792 arrives at 1586692.964530239, sleeping for 0.06759759341366589 seconds
Request model_6#793 arrives at 1586693.03319561, sleeping for 0.13673431263305247 seconds
Request model_6#794 arrives at 1586693.170961795, sleeping for 0.11505297035910189 seconds
Request model_1#207 arrives at 1586693.28672137, sleeping for 0.07532507693395019 seconds
Request model_6#795 arrives at 1586693.362294095, sleeping for 0.15786647493951023 seconds
Request model_6#796 arrives at 1586693.521081962, sleeping for 0.030501054599881172 seconds
Request model_6#797 arrives at 1586693.552306594, sleeping for 0.34139442536979914 seconds
Request model_6#798 arrives at 1586693.894104967, sleeping for 0.057203493313863873 seconds
Request model_6#799 arrives at 1586693.951756372, sleeping for 0.17524165497161448 seconds
Request model_6#800 arrives at 1586694.127460231, sleeping for 0.020723470952361822 seconds
Request model_6#801 arrives at 1586694.14931383, sleeping for 0.00022360379807651043 seconds
Request model_6#802 arrives at 1586694.150226647, sleeping for 0.19692669622600079 seconds
Request model_4#465 arrives at 1586694.348209818, sleeping for 0.022693761391565204 seconds
Request model_4#466 arrives at 1586694.371415157, sleeping for 0.050748939625918865 seconds
Request model_6#803 arrives at 1586694.422738864, sleeping for 0.36779479309916496 seconds
Request model_6#804 arrives at 1586694.791745777, sleeping for 0.025173583766445518 seconds
Request model_6#805 arrives at 1586694.81800553, sleeping for 0.024241840932518244 seconds
Request model_4#467 arrives at 1586694.843279855, sleeping for 0.03893694584257901 seconds
Request model_6#806 arrives at 1586694.882499559, sleeping for 0.06827287445776165 seconds
Request model_1#208 arrives at 1586694.951787375, sleeping for 0.046787291299551725 seconds
Request model_6#807 arrives at 1586694.999204161, sleeping for 0.15251981071196496 seconds
Request model_6#808 arrives at 1586695.152229915, sleeping for 0.06180063681676984 seconds
Request model_6#809 arrives at 1586695.2150252, sleeping for 0.06483336351811886 seconds
Request model_6#810 arrives at 1586695.280465356, sleeping for 0.05790078057907522 seconds
Request model_4#468 arrives at 1586695.33920084, sleeping for 0.2134832525625825 seconds
Request model_6#811 arrives at 1586695.553583008, sleeping for 0.22124683065339923 seconds
Request model_4#469 arrives at 1586695.775561354, sleeping for 0.012221311684697866 seconds
Request model_6#812 arrives at 1586695.788551214, sleeping for 0.005216822028160095 seconds
Request model_4#470 arrives at 1586695.79444596, sleeping for 0.01176541461609304 seconds
Request model_6#813 arrives at 1586695.807103628, sleeping for 0.024785945657640696 seconds
Request model_6#814 arrives at 1586695.833139809, sleeping for 0.042487442726269364 seconds
Request model_6#815 arrives at 1586695.876799107, sleeping for 0.04807937308214605 seconds
Request model_6#816 arrives at 1586695.925978787, sleeping for 0.1748733187559992 seconds
Request model_1#209 arrives at 1586696.102051989, sleeping for 0.09207124263048172 seconds
Request model_6#817 arrives at 1586696.195050067, sleeping for 0.015250097028911114 seconds
Request model_6#818 arrives at 1586696.21086646, sleeping for 0.12625877163372934 seconds
Request model_6#819 arrives at 1586696.337753331, sleeping for 0.004054117249324918 seconds
Request model_6#820 arrives at 1586696.342598298, sleeping for 0.01344886259175837 seconds
Request model_6#821 arrives at 1586696.357358892, sleeping for 0.029104192042723298 seconds
Request model_6#822 arrives at 1586696.386680359, sleeping for 0.08509518462233245 seconds
Request model_6#823 arrives at 1586696.472476872, sleeping for 0.14745947904884815 seconds
Request model_6#824 arrives at 1586696.620599078, sleeping for 0.2566901808604598 seconds
Request model_6#825 arrives at 1586696.878097719, sleeping for 0.03588639083318412 seconds
Request model_1#210 arrives at 1586696.915871601, sleeping for 0.04491294058971107 seconds
Request model_1#211 arrives at 1586696.961715495, sleeping for 0.005341642536222935 seconds
Request model_6#826 arrives at 1586696.96747281, sleeping for 0.21392900310456753 seconds
Request model_6#827 arrives at 1586697.182031989, sleeping for 0.057599268620833755 seconds
Request model_1#212 arrives at 1586697.239853866, sleeping for 0.1710618061479181 seconds
Request model_4#471 arrives at 1586697.412736873, sleeping for 0.07113415864296257 seconds
Request model_6#828 arrives at 1586697.484346916, sleeping for 0.011713127139955759 seconds
Request model_6#829 arrives at 1586697.497011684, sleeping for 0.0053283837623894215 seconds
Request model_6#830 arrives at 1586697.502619008, sleeping for 0.1318669451866299 seconds
Request model_6#831 arrives at 1586697.635339624, sleeping for 0.0219962268602103 seconds
Request model_1#213 arrives at 1586697.65813478, sleeping for 0.0463721789419651 seconds
Request model_6#832 arrives at 1586697.705182014, sleeping for 0.0194687913171947 seconds
Request model_1#214 arrives at 1586697.72541796, sleeping for 0.2465590771753341 seconds
Request model_6#833 arrives at 1586697.972985694, sleeping for 0.3374246913008392 seconds
Request model_6#834 arrives at 1586698.311198869, sleeping for 0.3383249896578491 seconds
Request model_6#835 arrives at 1586698.650032139, sleeping for 0.12372179026715457 seconds
Request model_6#836 arrives at 1586698.774837494, sleeping for 0.11157022952102125 seconds
Request model_6#837 arrives at 1586698.886666099, sleeping for 0.014981929212808609 seconds
Request model_6#838 arrives at 1586698.902499821, sleeping for 0.11526346718892455 seconds
Request model_6#839 arrives at 1586699.018403417, sleeping for 0.051652081310749054 seconds
Request model_6#840 arrives at 1586699.070723472, sleeping for 0.048836925299838185 seconds
Request model_6#841 arrives at 1586699.120667308, sleeping for 0.12994743138551712 seconds
Request model_6#842 arrives at 1586699.251697071, sleeping for 0.17651902115903795 seconds
Request model_6#843 arrives at 1586699.42875639, sleeping for 0.37944750231690705 seconds
Request model_6#844 arrives at 1586699.809130951, sleeping for 0.2943287000525743 seconds
Request model_4#472 arrives at 1586700.10387704, sleeping for 0.07865854795090854 seconds
Request model_6#845 arrives at 1586700.182871931, sleeping for 0.14249671646393836 seconds
Request model_4#473 arrives at 1586700.326781733, sleeping for 0.31852896325290203 seconds
Request model_4#474 arrives at 1586700.646443325, sleeping for 0.009636443108320236 seconds
Request model_6#846 arrives at 1586700.657309739, sleeping for 0.018153741722926497 seconds
Request model_6#847 arrives at 1586700.677453624, sleeping for 0.004276057938113809 seconds
Request model_1#215 arrives at 1586700.682504643, sleeping for 0.289147004019469 seconds
Request model_6#848 arrives at 1586700.972860078, sleeping for 0.15002058004029095 seconds
Request model_6#849 arrives at 1586701.123196251, sleeping for 0.03147313208319247 seconds
Request model_4#475 arrives at 1586701.155833823, sleeping for 0.09876113780774176 seconds
Request model_6#850 arrives at 1586701.25630806, sleeping for 0.007759392261505127 seconds
Request model_6#851 arrives at 1586701.264454983, sleeping for 0.01832347037270665 seconds
Request model_6#852 arrives at 1586701.284602489, sleeping for 0.11665532481856644 seconds
Request model_6#853 arrives at 1586701.401655774, sleeping for 0.20233857445418835 seconds
Request model_6#854 arrives at 1586701.605103087, sleeping for 0.286289720563218 seconds
Request model_4#476 arrives at 1586701.89268543, sleeping for 0.4119420398492366 seconds
Request model_6#855 arrives at 1586702.305785434, sleeping for 0.17947400570847094 seconds
Request model_6#856 arrives at 1586702.485806896, sleeping for 0.3085712594911456 seconds
Request model_1#216 arrives at 1586702.794939086, sleeping for 0.048724698601290584 seconds
Request model_6#857 arrives at 1586702.84467335, sleeping for 0.008965980727225542 seconds
Request model_6#858 arrives at 1586702.855358443, sleeping for 0.40452988585457206 seconds
Request model_6#859 arrives at 1586703.261224111, sleeping for 0.20812354027293622 seconds
Request model_1#217 arrives at 1586703.470136846, sleeping for 0.11958781653083861 seconds
Request model_6#860 arrives at 1586703.590737879, sleeping for 0.33944389992393553 seconds
Request model_6#861 arrives at 1586703.931438513, sleeping for 0.31519017624668777 seconds
Request model_6#862 arrives at 1586704.247608367, sleeping for 0.003224292304366827 seconds
Request model_6#863 arrives at 1586704.251689679, sleeping for 0.036894882563501596 seconds
Request model_6#864 arrives at 1586704.289618992, sleeping for 0.18067160295322537 seconds
Request model_6#865 arrives at 1586704.470832063, sleeping for 0.0010561919771134853 seconds
Request model_6#866 arrives at 1586704.4729433, sleeping for 0.5011518327519298 seconds
Request model_6#867 arrives at 1586704.975287013, sleeping for 0.10795244970358908 seconds
Request model_6#868 arrives at 1586705.083802552, sleeping for 0.004364883294329047 seconds
Request model_1#218 arrives at 1586705.088565049, sleeping for 0.31671364279463887 seconds
Request model_6#869 arrives at 1586705.407482115, sleeping for 0.27801903313957155 seconds
Request model_6#870 arrives at 1586705.686802394, sleeping for 0.041511364514008164 seconds
Request model_6#871 arrives at 1586705.728575607, sleeping for 0.39275290886871517 seconds
Request model_4#477 arrives at 1586706.121769787, sleeping for 0.07582868216559291 seconds
Request model_6#872 arrives at 1586706.198560601, sleeping for 0.012768934248015285 seconds
Request model_6#873 arrives at 1586706.213271725, sleeping for 0.020668072160333395 seconds
Request model_6#874 arrives at 1586706.235105313, sleeping for 0.374132941942662 seconds
Request model_6#875 arrives at 1586706.609576309, sleeping for 0.1755612415727228 seconds
Request model_1#219 arrives at 1586706.785910682, sleeping for 0.14323893701657653 seconds
Request model_6#876 arrives at 1586706.929627853, sleeping for 0.024854917777702212 seconds
Request model_6#877 arrives at 1586706.955467183, sleeping for 0.007827174849808216 seconds
Request model_6#878 arrives at 1586706.96417184, sleeping for 0.31013230606913567 seconds
Request model_6#879 arrives at 1586707.275549447, sleeping for 0.09641881613060832 seconds
Request model_6#880 arrives at 1586707.37292854, sleeping for 0.3850617955904454 seconds
Request model_6#881 arrives at 1586707.758664832, sleeping for 0.2020350976381451 seconds
Request model_6#882 arrives at 1586707.961657752, sleeping for 0.07580351107753813 seconds
Request model_6#883 arrives at 1586708.038363415, sleeping for 0.0680344591382891 seconds
Request model_6#884 arrives at 1586708.107093186, sleeping for 0.14423050358891487 seconds
Request model_6#885 arrives at 1586708.2524339, sleeping for 0.1131000304594636 seconds
Request model_4#478 arrives at 1586708.366717593, sleeping for 0.13790223258547485 seconds
Request model_6#886 arrives at 1586708.505916159, sleeping for 0.15649493550881743 seconds
Request model_4#479 arrives at 1586708.662937263, sleeping for 0.11871529160998762 seconds
Request model_6#887 arrives at 1586708.783811988, sleeping for 0.07494902540929615 seconds
Request model_6#888 arrives at 1586708.859393182, sleeping for 0.09316631220281124 seconds
Request model_6#889 arrives at 1586708.952741964, sleeping for 0.04681480396538973 seconds
Request model_4#480 arrives at 1586709.000405512, sleeping for 0.0742104547098279 seconds
Request model_1#220 arrives at 1586709.075363942, sleeping for 0.01723922393284738 seconds
Request model_6#890 arrives at 1586709.093112189, sleeping for 0.0562201589345932 seconds
Request model_6#891 arrives at 1586709.149779377, sleeping for 0.056161375250667334 seconds
Request model_6#892 arrives at 1586709.206549756, sleeping for 0.2010533781722188 seconds
Request model_6#893 arrives at 1586709.409872068, sleeping for 0.0029668842907994986 seconds
Request model_6#894 arrives at 1586709.41403315, sleeping for 0.19547039968892932 seconds
Request model_1#221 arrives at 1586709.610128346, sleeping for 0.12955678487196565 seconds
Request model_6#895 arrives at 1586709.740582315, sleeping for 0.05665117874741554 seconds
Request model_6#896 arrives at 1586709.798526173, sleeping for 0.06792903179302812 seconds
Request model_4#481 arrives at 1586709.867808618, sleeping for 0.13256268459372222 seconds
Request model_6#897 arrives at 1586710.00123915, sleeping for 0.035488915629684925 seconds
Request model_6#898 arrives at 1586710.037541781, sleeping for 0.06100092804990709 seconds
Request model_6#899 arrives at 1586710.098904015, sleeping for 0.02800803747959435 seconds
Request model_6#900 arrives at 1586710.128171812, sleeping for 0.037915595108643174 seconds
Request model_6#901 arrives at 1586710.1667657, sleeping for 0.09858875325880945 seconds
Request model_6#902 arrives at 1586710.266093868, sleeping for 0.06077346205711365 seconds
Request model_6#903 arrives at 1586710.32718201, sleeping for 0.10821802401915193 seconds
Request model_6#904 arrives at 1586710.43587583, sleeping for 0.013353557791560888 seconds
Request model_6#905 arrives at 1586710.449923219, sleeping for 0.01076745823957026 seconds
Request model_4#482 arrives at 1586710.461822831, sleeping for 0.4052740565966815 seconds
Request model_6#906 arrives at 1586710.868221023, sleeping for 0.021304426016286016 seconds
Request model_6#907 arrives at 1586710.890912148, sleeping for 0.092480075545609 seconds
Request model_6#908 arrives at 1586710.984110149, sleeping for 0.06577908201143146 seconds
Request model_6#909 arrives at 1586711.050759224, sleeping for 0.17369449697434902 seconds
Request model_6#910 arrives at 1586711.225104992, sleeping for 0.09511676151305437 seconds
Request model_6#911 arrives at 1586711.321007063, sleeping for 0.2091437519993633 seconds
Request model_6#912 arrives at 1586711.530883016, sleeping for 0.19555692002177238 seconds
Request model_6#913 arrives at 1586711.727257274, sleeping for 0.21007924899458885 seconds
Request model_6#914 arrives at 1586711.939097342, sleeping for 0.2266172426752746 seconds
Request model_4#483 arrives at 1586712.166662481, sleeping for 0.010512327775359154 seconds
Request model_6#915 arrives at 1586712.177818347, sleeping for 0.24091864610090852 seconds
Request model_6#916 arrives at 1586712.42010644, sleeping for 0.09337618434801698 seconds
Request model_6#917 arrives at 1586712.514239898, sleeping for 0.14872043021023273 seconds
Request model_6#918 arrives at 1586712.663637993, sleeping for 0.21068518003448844 seconds
Request model_1#222 arrives at 1586712.875752213, sleeping for 0.16274911724030972 seconds
Request model_6#919 arrives at 1586713.038855194, sleeping for 0.06823408277705312 seconds
Request model_6#920 arrives at 1586713.108106879, sleeping for 0.2833690217230469 seconds
Request model_6#921 arrives at 1586713.39274435, sleeping for 0.47615675814449787 seconds
Request model_4#484 arrives at 1586713.8700672, sleeping for 0.16662606736645103 seconds
Request model_6#922 arrives at 1586714.037413664, sleeping for 0.1333095773588866 seconds
Request model_6#923 arrives at 1586714.171546671, sleeping for 0.2232190826907754 seconds
Request model_6#924 arrives at 1586714.395760074, sleeping for 0.1607391033321619 seconds
Request model_6#925 arrives at 1586714.557169102, sleeping for 0.44864009926095605 seconds
Request model_4#485 arrives at 1586715.007743925, sleeping for 0.109925233758986 seconds
Request model_6#926 arrives at 1586715.119116946, sleeping for 0.051438195165246725 seconds
Request model_6#927 arrives at 1586715.171012477, sleeping for 0.12631349894218147 seconds
Request model_6#928 arrives at 1586715.297978579, sleeping for 0.06936398823745549 seconds
Request model_6#929 arrives at 1586715.368114811, sleeping for 0.008693368406966329 seconds
Request model_6#930 arrives at 1586715.378930854, sleeping for 0.16785205155611038 seconds
Request model_6#931 arrives at 1586715.547855861, sleeping for 0.49932566098868847 seconds
Request model_4#486 arrives at 1586716.048052327, sleeping for 0.12730081262998283 seconds
Request model_6#932 arrives at 1586716.176087477, sleeping for 0.010164522100239992 seconds
Request model_6#933 arrives at 1586716.186928791, sleeping for 0.012883993331342936 seconds
Request model_6#934 arrives at 1586716.201673705, sleeping for 0.2782608319539577 seconds
Request model_6#935 arrives at 1586716.480321639, sleeping for 0.03553968295454979 seconds
Request model_6#936 arrives at 1586716.516546919, sleeping for 0.05066143092699349 seconds
Request model_6#937 arrives at 1586716.568357579, sleeping for 0.0005174633115530014 seconds
Request model_6#938 arrives at 1586716.569053885, sleeping for 0.03455526055768132 seconds
Request model_6#939 arrives at 1586716.604682751, sleeping for 0.01523345592431724 seconds
Request model_6#940 arrives at 1586716.620345282, sleeping for 0.31483497424051166 seconds
Request model_1#223 arrives at 1586716.93581374, sleeping for 0.11463706032373011 seconds
Request model_6#941 arrives at 1586717.051369954, sleeping for 0.00649280590005219 seconds
Request model_6#942 arrives at 1586717.058307847, sleeping for 0.007349946536123753 seconds
Request model_6#943 arrives at 1586717.065982387, sleeping for 0.016343940515071154 seconds
Request model_4#487 arrives at 1586717.082638915, sleeping for 0.11239899578504264 seconds
Request model_6#944 arrives at 1586717.195897661, sleeping for 0.23691724985837936 seconds
Request model_6#945 arrives at 1586717.433297466, sleeping for 0.10985407349653542 seconds
Request model_6#946 arrives at 1586717.54370075, sleeping for 0.17984958505257964 seconds
Request model_6#947 arrives at 1586717.724684439, sleeping for 0.02811129787005484 seconds
Request model_6#948 arrives at 1586717.753471141, sleeping for 0.027799957897514105 seconds
Request model_6#949 arrives at 1586717.782127783, sleeping for 0.09363838448189199 seconds
Request model_6#950 arrives at 1586717.876816525, sleeping for 0.14978390373289585 seconds
Request model_1#224 arrives at 1586718.027599141, sleeping for 0.06815644609741867 seconds
Request model_4#488 arrives at 1586718.096336482, sleeping for 0.0691186748445034 seconds
Request model_6#951 arrives at 1586718.16591575, sleeping for 0.19115341803990304 seconds
Request model_6#952 arrives at 1586718.357586062, sleeping for 0.050296195317059755 seconds
Request model_6#953 arrives at 1586718.408357584, sleeping for 0.0662086671218276 seconds
Request model_6#954 arrives at 1586718.47507424, sleeping for 0.016055270098149776 seconds
Request model_4#489 arrives at 1586718.492294223, sleeping for 0.2944668314885348 seconds
Request model_1#225 arrives at 1586718.787248923, sleeping for 0.014779322082176805 seconds
Request model_6#955 arrives at 1586718.803050655, sleeping for 0.1014071183744818 seconds
Request model_6#956 arrives at 1586718.905548797, sleeping for 0.08847273024730384 seconds
Request model_6#957 arrives at 1586718.9950993, sleeping for 0.12706613866612315 seconds
Request model_6#958 arrives at 1586719.122971198, sleeping for 0.12028135056607425 seconds
Request model_6#959 arrives at 1586719.244487908, sleeping for 0.12498438241891563 seconds
Request model_4#490 arrives at 1586719.370072309, sleeping for 0.08197405678220093 seconds
Request model_6#960 arrives at 1586719.452339174, sleeping for 0.1290271752513945 seconds
Request model_6#961 arrives at 1586719.581922476, sleeping for 0.22215150785632432 seconds
Request model_6#962 arrives at 1586719.804339186, sleeping for 0.11836538999341428 seconds
Request model_6#963 arrives at 1586719.923477207, sleeping for 0.06975809670984745 seconds
Request model_4#491 arrives at 1586719.994150053, sleeping for 0.16615238366648555 seconds
Request model_6#964 arrives at 1586720.161304625, sleeping for 0.1342226176057011 seconds
Request model_6#965 arrives at 1586720.297533878, sleeping for 0.011428747093304992 seconds
Request model_6#966 arrives at 1586720.309189919, sleeping for 0.1723506129346788 seconds
Request model_1#226 arrives at 1586720.481980924, sleeping for 0.1516801561228931 seconds
Request model_6#967 arrives at 1586720.634863026, sleeping for 0.15296306600794196 seconds
Request model_6#968 arrives at 1586720.788813576, sleeping for 0.055792160565033555 seconds
Request model_4#492 arrives at 1586720.845550215, sleeping for 0.016236633528023958 seconds
Request model_6#969 arrives at 1586720.862707668, sleeping for 0.11843252438120544 seconds
Request model_6#970 arrives at 1586720.981910299, sleeping for 0.13558765384368598 seconds
Request model_6#971 arrives at 1586721.118681686, sleeping for 0.03820430254563689 seconds
Request model_6#972 arrives at 1586721.157370155, sleeping for 0.19956800085492432 seconds
Request model_6#973 arrives at 1586721.357783025, sleeping for 0.04321813560090959 seconds
Request model_6#974 arrives at 1586721.401362022, sleeping for 0.0480309696868062 seconds
Request model_6#975 arrives at 1586721.450097388, sleeping for 0.05623230990022421 seconds
Request model_6#976 arrives at 1586721.506788206, sleeping for 0.03384035546332598 seconds
Request model_6#977 arrives at 1586721.541188802, sleeping for 0.0664693396538496 seconds
Request model_6#978 arrives at 1586721.607963059, sleeping for 0.28296175855211914 seconds
Request model_6#979 arrives at 1586721.891498371, sleeping for 0.02964569767937064 seconds
Request model_6#980 arrives at 1586721.921668963, sleeping for 0.1917409070301801 seconds
Request model_6#981 arrives at 1586722.114602325, sleeping for 0.024322010343894362 seconds
Request model_6#982 arrives at 1586722.1398958, sleeping for 0.004084951942786574 seconds
Request model_6#983 arrives at 1586722.145092621, sleeping for 0.08127868897281587 seconds
Request model_6#984 arrives at 1586722.227065894, sleeping for 0.009992152685299516 seconds
Request model_6#985 arrives at 1586722.238267201, sleeping for 0.3983560064807534 seconds
Request model_6#986 arrives at 1586722.636784422, sleeping for 0.226512550143525 seconds
Request model_4#493 arrives at 1586722.864190449, sleeping for 0.013980325777083635 seconds
Request model_6#987 arrives at 1586722.879026004, sleeping for 0.09178124065510929 seconds
Request model_6#988 arrives at 1586722.971755251, sleeping for 0.15623359754681587 seconds
Request model_6#989 arrives at 1586723.128570643, sleeping for 0.20801873109303415 seconds
Request model_6#990 arrives at 1586723.337302467, sleeping for 0.04892704403027892 seconds
Request model_6#991 arrives at 1586723.387105432, sleeping for 0.30502153909765184 seconds
Request model_6#992 arrives at 1586723.693190008, sleeping for 0.1280069318599999 seconds
Request model_6#993 arrives at 1586723.821455879, sleeping for 0.04334742808714509 seconds
Request model_1#227 arrives at 1586723.865292428, sleeping for 0.005011816043406725 seconds
Request model_6#994 arrives at 1586723.870960482, sleeping for 0.1485508882906288 seconds
Request model_6#995 arrives at 1586724.019703472, sleeping for 0.2835012834984809 seconds
Request model_6#996 arrives at 1586724.304146151, sleeping for 0.3356091638561338 seconds
Request model_6#997 arrives at 1586724.640960434, sleeping for 0.23258557985536754 seconds
Request model_6#998 arrives at 1586724.874310098, sleeping for 0.08867106609977782 seconds
Request model_6#999 arrives at 1586724.963195035, sleeping for 0.1042325219605118 seconds
Request model_6#1000 arrives at 1586725.068471939, sleeping for 0.14226033026352525 seconds
Request model_4#494 arrives at 1586725.212393032, sleeping for 0.13874751748517156 seconds
Request model_6#1001 arrives at 1586725.351983631, sleeping for 0.0072689654771238565 seconds
Request model_6#1002 arrives at 1586725.359827282, sleeping for 0.0743860260117799 seconds
Request model_6#1003 arrives at 1586725.43463998, sleeping for 0.34704637341201305 seconds
Request model_6#1004 arrives at 1586725.782742131, sleeping for 0.12594562582671642 seconds
Request model_6#1005 arrives at 1586725.908951906, sleeping for 0.018557553878054023 seconds
Request model_6#1006 arrives at 1586725.928700709, sleeping for 0.019245517905801535 seconds
Request model_6#1007 arrives at 1586725.948324801, sleeping for 0.01880699140019715 seconds
Request model_6#1008 arrives at 1586725.967970592, sleeping for 0.042899282183498144 seconds
Request model_6#1009 arrives at 1586726.0116477, sleeping for 0.16763741755858064 seconds
Request model_6#1010 arrives at 1586726.180435915, sleeping for 0.038776846369728446 seconds
Request model_4#495 arrives at 1586726.219980191, sleeping for 0.02878410113044083 seconds
Request model_6#1011 arrives at 1586726.249588469, sleeping for 0.058749019633978605 seconds
Request model_6#1012 arrives at 1586726.308712307, sleeping for 0.04308184259571135 seconds
Request model_4#496 arrives at 1586726.352893018, sleeping for 0.5079118013381958 seconds
Request model_5#727 arrives at 1586726.861253368, sleeping for 0.010679437313228846 seconds
Request model_1#228 arrives at 1586726.872396854, sleeping for 0.07724243518896401 seconds
Request model_2#286 arrives at 1586726.950275096, sleeping for 0.09890588419511914 seconds
Request model_5#728 arrives at 1586727.049709574, sleeping for 0.062301907222718 seconds
Request model_4#497 arrives at 1586727.113112274, sleeping for 0.11831373255699873 seconds
Request model_2#287 arrives at 1586727.233525925, sleeping for 0.18062968994490802 seconds
Request model_5#729 arrives at 1586727.415860845, sleeping for 0.3058322530705482 seconds
Request model_6#1013 arrives at 1586727.722629526, sleeping for 0.18285789992660284 seconds
Request model_1#229 arrives at 1586727.906610448, sleeping for 0.03539002453908324 seconds
Request model_5#730 arrives at 1586727.942375325, sleeping for 0.006041586631909013 seconds
Request model_5#731 arrives at 1586727.948800215, sleeping for 0.05808482854627073 seconds
Request model_1#230 arrives at 1586728.007115575, sleeping for 0.19203928275965154 seconds
Request model_2#288 arrives at 1586728.199390491, sleeping for 0.15960438991896808 seconds
Request model_1#231 arrives at 1586728.360249645, sleeping for 0.3182657228317112 seconds
Request model_2#289 arrives at 1586728.678820627, sleeping for 0.012391831958666444 seconds
Request model_5#732 arrives at 1586728.691975489, sleeping for 0.05844234558753669 seconds
Request model_4#498 arrives at 1586728.750733704, sleeping for 0.015676941955462098 seconds
Request model_4#499 arrives at 1586728.767503503, sleeping for 0.0918134693056345 seconds
Request model_6#1014 arrives at 1586728.860595933, sleeping for 0.11936302040703595 seconds
Request model_4#500 arrives at 1586728.980682061, sleeping for 0.04573260433971882 seconds
Request model_1#232 arrives at 1586729.026611386, sleeping for 0.3086195383220911 seconds
Request model_4#501 arrives at 1586729.335800706, sleeping for 0.06965981679968536 seconds
Request model_2#290 arrives at 1586729.406393272, sleeping for 0.06652505276724696 seconds
Request model_2#291 arrives at 1586729.474007924, sleeping for 0.09403943922370672 seconds
Request model_4#502 arrives at 1586729.569057849, sleeping for 0.8682335203047842 seconds
Request model_2#292 arrives at 1586730.439452507, sleeping for 0.1899313109461218 seconds
Request model_4#503 arrives at 1586730.630542764, sleeping for 0.02607030887156725 seconds
Request model_1#233 arrives at 1586730.6584366, sleeping for 0.07802663301117718 seconds
Request model_4#504 arrives at 1586730.737227679, sleeping for 0.10550901968963444 seconds
Request model_2#293 arrives at 1586730.843806903, sleeping for 0.05282873846590519 seconds
Request model_6#1015 arrives at 1586730.897980631, sleeping for 0.3818712984211743 seconds
Request model_1#234 arrives at 1586731.2807282, sleeping for 0.04511491768062115 seconds
Request model_4#505 arrives at 1586731.326417373, sleeping for 0.1689442745409906 seconds
Request model_6#1016 arrives at 1586731.495893303, sleeping for 0.040491403080523014 seconds
Request model_2#294 arrives at 1586731.53692319, sleeping for 0.07750818505883217 seconds
Request model_2#295 arrives at 1586731.614934183, sleeping for 0.03328606556169689 seconds
Request model_2#296 arrives at 1586731.648818535, sleeping for 0.2649482428096235 seconds
Request model_4#506 arrives at 1586731.916036471, sleeping for 0.10768891032785177 seconds
Request model_4#507 arrives at 1586732.024075726, sleeping for 0.29401966906152666 seconds
Request model_2#297 arrives at 1586732.318628073, sleeping for 0.022074848180636764 seconds
Request model_4#508 arrives at 1586732.341453199, sleeping for 0.20508204586803913 seconds
Request model_5#733 arrives at 1586732.547451041, sleeping for 0.04561019828543067 seconds
Request model_2#298 arrives at 1586732.593413017, sleeping for 0.1078178493771702 seconds
Request model_4#509 arrives at 1586732.703395507, sleeping for 0.015060128411278129 seconds
Request model_6#1017 arrives at 1586732.71932281, sleeping for 0.007527417503297329 seconds
Request model_6#1018 arrives at 1586732.727662754, sleeping for 0.2709527702536434 seconds
Request model_5#734 arrives at 1586732.999851638, sleeping for 0.23994002118706703 seconds
Request model_6#1019 arrives at 1586733.241095863, sleeping for 0.001761486055329442 seconds
Request model_1#235 arrives at 1586733.243809824, sleeping for 0.2649222700856626 seconds
Request model_4#510 arrives at 1586733.509004974, sleeping for 0.202119670342654 seconds
Request model_5#735 arrives at 1586733.711919432, sleeping for 0.10145097342319787 seconds
Request model_4#511 arrives at 1586733.814038362, sleeping for 0.3744047654327005 seconds
Request model_2#299 arrives at 1586734.189363753, sleeping for 0.04686337825842202 seconds
Request model_2#300 arrives at 1586734.237252553, sleeping for 0.34164931578561664 seconds
Request model_6#1020 arrives at 1586734.579770541, sleeping for 0.009764312533661723 seconds
Request model_5#736 arrives at 1586734.590838246, sleeping for 0.029059200081974268 seconds
Request model_4#512 arrives at 1586734.620696107, sleeping for 0.006123798433691263 seconds
Request model_1#236 arrives at 1586734.627834602, sleeping for 0.020333634689450264 seconds
Request model_2#301 arrives at 1586734.648736284, sleeping for 0.14336042082868516 seconds
Request model_2#302 arrives at 1586734.792573066, sleeping for 0.2762937822844833 seconds
Request model_4#513 arrives at 1586735.070386923, sleeping for 0.0853583482094109 seconds
Request model_5#737 arrives at 1586735.156740451, sleeping for 0.07157631730660796 seconds
Request model_4#514 arrives at 1586735.22918519, sleeping for 0.18665249296464026 seconds
Request model_4#515 arrives at 1586735.41669206, sleeping for 0.035700479755178094 seconds
Request model_6#1021 arrives at 1586735.453262052, sleeping for 0.11872772197239101 seconds
Request model_2#303 arrives at 1586735.572909567, sleeping for 0.17942417645826936 seconds
Request model_6#1022 arrives at 1586735.753285571, sleeping for 0.08630797546356916 seconds
Request model_6#1023 arrives at 1586735.840275034, sleeping for 0.039786033565178514 seconds
Request model_6#1024 arrives at 1586735.881057929, sleeping for 0.6261063797865063 seconds
Request model_2#304 arrives at 1586736.507601322, sleeping for 0.11282036150805652 seconds
Request model_6#1025 arrives at 1586736.621653474, sleeping for 0.0811381465755403 seconds
Request model_5#738 arrives at 1586736.703198624, sleeping for 0.01819343911483884 seconds
Request model_5#739 arrives at 1586736.723004247, sleeping for 0.0897909498307854 seconds
Request model_2#305 arrives at 1586736.813347795, sleeping for 0.031391537515446544 seconds
Request model_2#306 arrives at 1586736.84503152, sleeping for 0.022366326302289963 seconds
Request model_4#516 arrives at 1586736.867949457, sleeping for 0.09030456165783107 seconds
Request model_2#307 arrives at 1586736.958443457, sleeping for 0.025569613091647625 seconds
Request model_2#308 arrives at 1586736.98604954, sleeping for 0.03348230430856347 seconds
Request model_6#1026 arrives at 1586737.020562147, sleeping for 0.01572617725469172 seconds
Request model_1#237 arrives at 1586737.03648252, sleeping for 0.036434347508475184 seconds
Request model_4#517 arrives at 1586737.07397902, sleeping for 0.30262901820242405 seconds
Request model_6#1027 arrives at 1586737.377477306, sleeping for 0.0724928923882544 seconds
Request model_4#518 arrives at 1586737.45042605, sleeping for 0.1594398650340736 seconds
Request model_6#1028 arrives at 1586737.610336466, sleeping for 0.3202906975056976 seconds
Request model_6#1029 arrives at 1586737.93186182, sleeping for 0.12623930326662958 seconds
Request model_4#519 arrives at 1586738.059022564, sleeping for 0.18138473015278578 seconds
Request model_2#309 arrives at 1586738.241444384, sleeping for 0.15931933489628136 seconds
Request model_6#1030 arrives at 1586738.401224999, sleeping for 0.021891125245019794 seconds
Request model_4#520 arrives at 1586738.424123446, sleeping for 0.13109944900497794 seconds
Request model_4#521 arrives at 1586738.556055275, sleeping for 0.04591077985242009 seconds
Request model_4#522 arrives at 1586738.603164719, sleeping for 0.04320421861484647 seconds
Request model_2#310 arrives at 1586738.64720151, sleeping for 0.16958191618323326 seconds
Request model_5#740 arrives at 1586738.817667447, sleeping for 0.1151051321066916 seconds
Request model_1#238 arrives at 1586738.933674264, sleeping for 0.4050177149474621 seconds
Request model_5#741 arrives at 1586739.339156648, sleeping for 0.051314418436959386 seconds
Request model_4#523 arrives at 1586739.391054619, sleeping for 0.039569729240611196 seconds
Request model_4#524 arrives at 1586739.430811697, sleeping for 0.0658351972233504 seconds
Request model_4#525 arrives at 1586739.497557423, sleeping for 0.30768059892579913 seconds
Request model_6#1031 arrives at 1586739.805919776, sleeping for 0.0030003672000020742 seconds
Request model_4#526 arrives at 1586739.809883637, sleeping for 0.048620400950312614 seconds
Request model_2#311 arrives at 1586739.85946725, sleeping for 0.13872918812558055 seconds
Request model_1#239 arrives at 1586740.000177847, sleeping for 0.09210623172111809 seconds
Request model_5#742 arrives at 1586740.093041985, sleeping for 0.028064921032637358 seconds
Request model_6#1032 arrives at 1586740.121820208, sleeping for 0.0017700518947094679 seconds
Request model_4#527 arrives at 1586740.124571409, sleeping for 0.27265098597854376 seconds
Request model_2#312 arrives at 1586740.397858461, sleeping for 0.005147513700649142 seconds
Request model_2#313 arrives at 1586740.403797447, sleeping for 0.4139939493034035 seconds
Request model_2#314 arrives at 1586740.818647024, sleeping for 0.026070730993524194 seconds
Request model_4#528 arrives at 1586740.844956827, sleeping for 0.36716872197575867 seconds
Request model_6#1033 arrives at 1586741.213483016, sleeping for 0.23589299176819623 seconds
Request model_1#240 arrives at 1586741.450743459, sleeping for 0.3402524013072252 seconds
Request model_4#529 arrives at 1586741.791218881, sleeping for 0.005056770285591483 seconds
Request model_6#1034 arrives at 1586741.797040246, sleeping for 0.14809871022589505 seconds
Request model_6#1035 arrives at 1586741.945839356, sleeping for 0.16918077180162072 seconds
Request model_4#530 arrives at 1586742.11584246, sleeping for 0.06790912500582635 seconds
Request model_6#1036 arrives at 1586742.18568656, sleeping for 0.1958263637498021 seconds
Request model_1#241 arrives at 1586742.382599552, sleeping for 0.2764611153397709 seconds
Request model_5#743 arrives at 1586742.660133087, sleeping for 0.07551025925204158 seconds
Request model_2#315 arrives at 1586742.737044661, sleeping for 0.027189241955056787 seconds
Request model_5#744 arrives at 1586742.765676843, sleeping for 0.004266263684257865 seconds
Request model_6#1037 arrives at 1586742.770882163, sleeping for 0.04902273812331259 seconds
Request model_4#531 arrives at 1586742.821066441, sleeping for 0.1546949779149145 seconds
Request model_1#242 arrives at 1586742.976955866, sleeping for 0.21043591178022325 seconds
Request model_6#1038 arrives at 1586743.188449201, sleeping for 0.3094460810534656 seconds
Request model_6#1039 arrives at 1586743.499008771, sleeping for 0.010530753061175346 seconds
Request model_6#1040 arrives at 1586743.510243518, sleeping for 0.012406671419739723 seconds
Request model_1#243 arrives at 1586743.523188387, sleeping for 0.11408833949826658 seconds
Request model_2#316 arrives at 1586743.638106206, sleeping for 0.15414586919359863 seconds
Request model_4#532 arrives at 1586743.792891962, sleeping for 0.08225313178263605 seconds
Request model_5#745 arrives at 1586743.875944354, sleeping for 0.06931194011121988 seconds
Request model_6#1041 arrives at 1586743.945646193, sleeping for 0.10091604641638696 seconds
Request model_6#1042 arrives at 1586744.047315319, sleeping for 0.15351457078941166 seconds
Request model_1#244 arrives at 1586744.201989684, sleeping for 0.08771638129837811 seconds
Request model_5#746 arrives at 1586744.289875513, sleeping for 0.2566610677167773 seconds
Request model_6#1043 arrives at 1586744.547093492, sleeping for 0.1454226786736399 seconds
Request model_6#1044 arrives at 1586744.693032209, sleeping for 0.3885400688741356 seconds
Request model_4#533 arrives at 1586745.082671471, sleeping for 0.3643186395056546 seconds
Request model_2#317 arrives at 1586745.447606462, sleeping for 0.3183419567067176 seconds
Request model_6#1045 arrives at 1586745.766725528, sleeping for 0.12314877915196121 seconds
Request model_2#318 arrives at 1586745.890743107, sleeping for 0.10697851027362049 seconds
Request model_1#245 arrives at 1586745.998635301, sleeping for 0.11024072440341115 seconds
Request model_5#747 arrives at 1586746.110002171, sleeping for 0.1630747257731855 seconds
Request model_6#1046 arrives at 1586746.273296343, sleeping for 0.5244356275070459 seconds
Request model_5#748 arrives at 1586746.799058787, sleeping for 0.13309434452094138 seconds
Request model_4#534 arrives at 1586746.933058973, sleeping for 0.210373614449054 seconds
Request model_2#319 arrives at 1586747.144610958, sleeping for 0.004395124036818743 seconds
Request model_2#320 arrives at 1586747.149472745, sleeping for 0.08200588985346258 seconds
Request model_6#1047 arrives at 1586747.232201465, sleeping for 0.26220373529940844 seconds
Request model_1#246 arrives at 1586747.495099687, sleeping for 0.0036236844025552273 seconds
Request model_4#535 arrives at 1586747.499809883, sleeping for 0.05756728327833116 seconds
Request model_2#321 arrives at 1586747.558873189, sleeping for 0.12500005029141903 seconds
Request model_1#247 arrives at 1586747.684995374, sleeping for 0.12826402648352087 seconds
Request model_2#322 arrives at 1586747.813913571, sleeping for 0.020508931949734688 seconds
Request model_1#248 arrives at 1586747.83455719, sleeping for 0.05120358825661242 seconds
Request model_4#536 arrives at 1586747.886801084, sleeping for 0.34318886417895555 seconds
Request model_1#249 arrives at 1586748.230717002, sleeping for 0.16169710387475789 seconds
Request model_2#323 arrives at 1586748.392889946, sleeping for 0.041748000076040626 seconds
Request model_2#324 arrives at 1586748.435669796, sleeping for 0.06878751236945391 seconds
Request model_5#749 arrives at 1586748.504602099, sleeping for 0.12090495135635138 seconds
Request model_5#750 arrives at 1586748.626124428, sleeping for 0.04807725525461137 seconds
Request model_4#537 arrives at 1586748.674933425, sleeping for 0.09293845295906067 seconds
============================================================
BENCHMARK RESULTS
============================================================
Completed requests: 3372
Aborted requests: 0
Request throughput: 7.88 req/s
Input throughput: 2462.68 tokens/s
Output throughput: 1306.05 tokens/s
Mean TTFT: 135.6 ms
P99 TTFT: 2575.4 ms
Mean TPOT: 32.9 ms
P99 TPOT: 94.9 ms
Mean Latency: 5375.8 ms
P99 Latency: 24866.7 ms
============================================================
Results saved to /workspace/prism-merge/exp/results/final-prototype-vs-paper-faithful/raw/armA/raw/released-prototype/bursty/rate_8/seed_3
Requests saved to /workspace/prism-merge/exp/results/final-prototype-vs-paper-faithful/raw/armA/raw/released-prototype/bursty/rate_8/seed_3/requests
