[2026-08-21 09:58:33.592 GPU_Scheduler_0] starting GPU scheduler for GPU 0
[2026-08-21 09:58:33.595 GPU_Scheduler_0] [PAPER-ALG2] enabled=True prefill_speed_entries=6 log=/workspace/prism-merge/exp/results/final-prototype-vs-paper-faithful/raw/armC/raw/paper-faithful-v6/bursty/rate_2/seed_2/server-logs/server.log.alg2_gpu0.jsonl
[2026-08-21 09:58:33.596 GPU_Scheduler_0] Model states init: {'model_1': 'deactivated', 'model_2': 'deactivated', 'model_3': 'deactivated', 'model_4': 'deactivated', 'model_5': 'deactivated', 'model_6': 'deactivated'}
[2026-08-21 09:58:33.596 GPU_Scheduler_0] [PAPER-TP] WorkerPool gpu=0 owned=[0, 1, 2, 3] shadow=[] {0: 1, 1: 1, 2: 1, 3: 1}
[2026-08-21 09:58:34.828 GPU_Scheduler_0] Assign worker 0 to model_1. Current model_to_worker: {'model_1': 0}
[2026-08-21 09:58:34.828 GPU_Scheduler_0] Assign worker 1 to model_4. Current model_to_worker: {'model_1': 0, 'model_4': 1}
[2026-08-21 09:58:34.829 GPU_Scheduler_0] Assign worker 2 to model_5. Current model_to_worker: {'model_1': 0, 'model_4': 1, 'model_5': 2}
[2026-08-21 09:58:34.832 GPU_Scheduler_0] Waiting for models to be activated: {'model_1': 'activating', 'model_2': 'deactivated', 'model_3': 'deactivated', 'model_4': 'activating', 'model_5': 'activating', 'model_6': 'deactivated'}
[2026-08-21 09:58:34.842 GPU_Scheduler_0] Waiting for models to be activated: {'model_1': 'activating', 'model_2': 'deactivated', 'model_3': 'deactivated', 'model_4': 'activating', 'model_5': 'activating', 'model_6': 'deactivated'}
[2026-08-21 09:58:34.853 GPU_Scheduler_0] Waiting for models to be activated: {'model_1': 'activating', 'model_2': 'deactivated', 'model_3': 'deactivated', 'model_4': 'activating', 'model_5': 'activating', 'model_6': 'deactivated'}
[2026-08-21 09:58:34.863 GPU_Scheduler_0] Waiting for models to be activated: {'model_1': 'activating', 'model_2': 'deactivated', 'model_3': 'deactivated', 'model_4': 'activating', 'model_5': 'activating', 'model_6': 'deactivated'}
[2026-08-21 09:58:34.874 GPU_Scheduler_0] Waiting for models to be activated: {'model_1': 'activating', 'model_2': 'deactivated', 'model_3': 'deactivated', 'model_4': 'activating', 'model_5': 'activating', 'model_6': 'deactivated'}
[2026-08-21 09:58:34.884 GPU_Scheduler_0] Waiting for models to be activated: {'model_1': 'activating', 'model_2': 'deactivated', 'model_3': 'deactivated', 'model_4': 'activating', 'model_5': 'activating', 'model_6': 'deactivated'}
[2026-08-21 09:58:34.895 GPU_Scheduler_0] Waiting for models to be activated: {'model_1': 'activating', 'model_2': 'deactivated', 'model_3': 'deactivated', 'model_4': 'activating', 'model_5': 'activating', 'model_6': 'deactivated'}
[2026-08-21 09:58:34.906 GPU_Scheduler_0] Waiting for models to be activated: {'model_1': 'activating', 'model_2': 'deactivated', 'model_3': 'deactivated', 'model_4': 'activating', 'model_5': 'activating', 'model_6': 'deactivated'}
[2026-08-21 09:58:34.916 GPU_Scheduler_0] Waiting for models to be activated: {'model_1': 'activating', 'model_2': 'deactivated', 'model_3': 'deactivated', 'model_4': 'activating', 'model_5': 'activating', 'model_6': 'deactivated'}
[2026-08-21 09:58:34.927 GPU_Scheduler_0] Waiting for models to be activated: {'model_1': 'activating', 'model_2': 'deactivated', 'model_3': 'deactivated', 'model_4': 'activating', 'model_5': 'activating', 'model_6': 'deactivated'}
[2026-08-21 09:58:34.937 GPU_Scheduler_0] Waiting for models to be activated: {'model_1': 'activating', 'model_2': 'deactivated', 'model_3': 'deactivated', 'model_4': 'activating', 'model_5': 'activating', 'model_6': 'deactivated'}
[2026-08-21 09:58:34.947 GPU_Scheduler_0] Waiting for models to be activated: {'model_1': 'activating', 'model_2': 'deactivated', 'model_3': 'deactivated', 'model_4': 'activating', 'model_5': 'activating', 'model_6': 'deactivated'}
[2026-08-21 09:58:34.958 GPU_Scheduler_0] Waiting for models to be activated: {'model_1': 'activating', 'model_2': 'deactivated', 'model_3': 'deactivated', 'model_4': 'activating', 'model_5': 'activating', 'model_6': 'deactivated'}
[2026-08-21 09:58:34.969 GPU_Scheduler_0] Waiting for models to be activated: {'model_1': 'activating', 'model_2': 'deactivated', 'model_3': 'deactivated', 'model_4': 'activating', 'model_5': 'activating', 'model_6': 'deactivated'}
[2026-08-21 09:58:34.980 GPU_Scheduler_0] Waiting for models to be activated: {'model_1': 'activating', 'model_2': 'deactivated', 'model_3': 'deactivated', 'model_4': 'activating', 'model_5': 'activating', 'model_6': 'deactivated'}
[2026-08-21 09:58:34.990 GPU_Scheduler_0] Waiting for models to be activated: {'model_1': 'activating', 'model_2': 'deactivated', 'model_3': 'deactivated', 'model_4': 'activating', 'model_5': 'activating', 'model_6': 'deactivated'}
[2026-08-21 09:58:35.001 GPU_Scheduler_0] Waiting for models to be activated: {'model_1': 'activating', 'model_2': 'deactivated', 'model_3': 'deactivated', 'model_4': 'activating', 'model_5': 'activating', 'model_6': 'deactivated'}
[2026-08-21 09:58:35.011 GPU_Scheduler_0] Waiting for models to be activated: {'model_1': 'activating', 'model_2': 'deactivated', 'model_3': 'deactivated', 'model_4': 'activating', 'model_5': 'activating', 'model_6': 'deactivated'}
[2026-08-21 09:58:35.021 GPU_Scheduler_0] Waiting for models to be activated: {'model_1': 'activating', 'model_2': 'deactivated', 'model_3': 'deactivated', 'model_4': 'activating', 'model_5': 'activating', 'model_6': 'deactivated'}
[2026-08-21 09:58:35.031 GPU_Scheduler_0] Waiting for models to be activated: {'model_1': 'activating', 'model_2': 'deactivated', 'model_3': 'deactivated', 'model_4': 'activating', 'model_5': 'activating', 'model_6': 'deactivated'}
[2026-08-21 09:58:35.041 GPU_Scheduler_0] Waiting for models to be activated: {'model_1': 'activating', 'model_2': 'deactivated', 'model_3': 'deactivated', 'model_4': 'activating', 'model_5': 'activating', 'model_6': 'deactivated'}
[2026-08-21 09:58:35.052 GPU_Scheduler_0] Waiting for models to be activated: {'model_1': 'activating', 'model_2': 'deactivated', 'model_3': 'deactivated', 'model_4': 'activating', 'model_5': 'activating', 'model_6': 'deactivated'}
[2026-08-21 09:58:35.062 GPU_Scheduler_0] Waiting for models to be activated: {'model_1': 'activating', 'model_2': 'deactivated', 'model_3': 'deactivated', 'model_4': 'activating', 'model_5': 'activating', 'model_6': 'deactivated'}
[2026-08-21 09:58:35.072 GPU_Scheduler_0] Waiting for models to be activated: {'model_1': 'activating', 'model_2': 'deactivated', 'model_3': 'deactivated', 'model_4': 'activating', 'model_5': 'activating', 'model_6': 'deactivated'}
[2026-08-21 09:58:35.082 GPU_Scheduler_0] Waiting for models to be activated: {'model_1': 'activating', 'model_2': 'deactivated', 'model_3': 'deactivated', 'model_4': 'activating', 'model_5': 'activating', 'model_6': 'deactivated'}
[2026-08-21 09:58:35.093 GPU_Scheduler_0] Waiting for models to be activated: {'model_1': 'activating', 'model_2': 'deactivated', 'model_3': 'deactivated', 'model_4': 'activating', 'model_5': 'activating', 'model_6': 'deactivated'}
[2026-08-21 09:58:35.103 GPU_Scheduler_0] Waiting for models to be activated: {'model_1': 'activating', 'model_2': 'deactivated', 'model_3': 'deactivated', 'model_4': 'activating', 'model_5': 'activating', 'model_6': 'deactivated'}
[2026-08-21 09:58:35.113 GPU_Scheduler_0] Waiting for models to be activated: {'model_1': 'activating', 'model_2': 'deactivated', 'model_3': 'deactivated', 'model_4': 'activating', 'model_5': 'activating', 'model_6': 'deactivated'}
[2026-08-21 09:58:35.123 GPU_Scheduler_0] Waiting for models to be activated: {'model_1': 'activating', 'model_2': 'deactivated', 'model_3': 'deactivated', 'model_4': 'activating', 'model_5': 'activating', 'model_6': 'deactivated'}
[2026-08-21 09:58:35.134 GPU_Scheduler_0] Waiting for models to be activated: {'model_1': 'activating', 'model_2': 'deactivated', 'model_3': 'deactivated', 'model_4': 'activating', 'model_5': 'activating', 'model_6': 'deactivated'}
[2026-08-21 09:58:35.144 GPU_Scheduler_0] Waiting for models to be activated: {'model_1': 'activating', 'model_2': 'deactivated', 'model_3': 'deactivated', 'model_4': 'activating', 'model_5': 'activating', 'model_6': 'deactivated'}
[2026-08-21 09:58:35.154 GPU_Scheduler_0] Waiting for models to be activated: {'model_1': 'activating', 'model_2': 'deactivated', 'model_3': 'deactivated', 'model_4': 'activating', 'model_5': 'activating', 'model_6': 'deactivated'}
[2026-08-21 09:58:35.164 GPU_Scheduler_0] Waiting for models to be activated: {'model_1': 'activating', 'model_2': 'deactivated', 'model_3': 'deactivated', 'model_4': 'activating', 'model_5': 'activating', 'model_6': 'deactivated'}
[2026-08-21 09:58:35.175 GPU_Scheduler_0] Waiting for models to be activated: {'model_1': 'activating', 'model_2': 'deactivated', 'model_3': 'deactivated', 'model_4': 'activating', 'model_5': 'activating', 'model_6': 'deactivated'}
[2026-08-21 09:58:35.185 GPU_Scheduler_0] Waiting for models to be activated: {'model_1': 'activating', 'model_2': 'deactivated', 'model_3': 'deactivated', 'model_4': 'activating', 'model_5': 'activating', 'model_6': 'deactivated'}
[2026-08-21 09:58:35.195 GPU_Scheduler_0] Waiting for models to be activated: {'model_1': 'activating', 'model_2': 'deactivated', 'model_3': 'deactivated', 'model_4': 'activating', 'model_5': 'activating', 'model_6': 'deactivated'}
[2026-08-21 09:58:35.205 GPU_Scheduler_0] Waiting for models to be activated: {'model_1': 'activating', 'model_2': 'deactivated', 'model_3': 'deactivated', 'model_4': 'activating', 'model_5': 'activating', 'model_6': 'deactivated'}
[2026-08-21 09:58:35.216 GPU_Scheduler_0] Waiting for models to be activated: {'model_1': 'activating', 'model_2': 'deactivated', 'model_3': 'deactivated', 'model_4': 'activating', 'model_5': 'activating', 'model_6': 'deactivated'}
[2026-08-21 09:58:35.226 GPU_Scheduler_0] Waiting for models to be activated: {'model_1': 'activating', 'model_2': 'deactivated', 'model_3': 'deactivated', 'model_4': 'activating', 'model_5': 'activating', 'model_6': 'deactivated'}
[2026-08-21 09:58:35.236 GPU_Scheduler_0] Waiting for models to be activated: {'model_1': 'activating', 'model_2': 'deactivated', 'model_3': 'deactivated', 'model_4': 'activating', 'model_5': 'activating', 'model_6': 'deactivated'}
[2026-08-21 09:58:35.247 GPU_Scheduler_0] Waiting for models to be activated: {'model_1': 'activating', 'model_2': 'deactivated', 'model_3': 'deactivated', 'model_4': 'activating', 'model_5': 'activating', 'model_6': 'deactivated'}
[2026-08-21 09:58:35.257 GPU_Scheduler_0] Waiting for models to be activated: {'model_1': 'activating', 'model_2': 'deactivated', 'model_3': 'deactivated', 'model_4': 'activating', 'model_5': 'activating', 'model_6': 'deactivated'}
[2026-08-21 09:58:35.267 GPU_Scheduler_0] Waiting for models to be activated: {'model_1': 'activating', 'model_2': 'deactivated', 'model_3': 'deactivated', 'model_4': 'activating', 'model_5': 'activating', 'model_6': 'deactivated'}
[2026-08-21 09:58:35.277 GPU_Scheduler_0] Waiting for models to be activated: {'model_1': 'activating', 'model_2': 'deactivated', 'model_3': 'deactivated', 'model_4': 'activating', 'model_5': 'activating', 'model_6': 'deactivated'}
[2026-08-21 09:58:35.288 GPU_Scheduler_0] Waiting for models to be activated: {'model_1': 'activating', 'model_2': 'deactivated', 'model_3': 'deactivated', 'model_4': 'activating', 'model_5': 'activating', 'model_6': 'deactivated'}
[2026-08-21 09:58:35.298 GPU_Scheduler_0] Waiting for models to be activated: {'model_1': 'activating', 'model_2': 'deactivated', 'model_3': 'deactivated', 'model_4': 'activating', 'model_5': 'activating', 'model_6': 'deactivated'}
[2026-08-21 09:58:35.309 GPU_Scheduler_0] Waiting for models to be activated: {'model_1': 'activating', 'model_2': 'deactivated', 'model_3': 'deactivated', 'model_4': 'activating', 'model_5': 'activating', 'model_6': 'deactivated'}
[2026-08-21 09:58:35.319 GPU_Scheduler_0] Waiting for models to be activated: {'model_1': 'activating', 'model_2': 'deactivated', 'model_3': 'deactivated', 'model_4': 'activating', 'model_5': 'activating', 'model_6': 'deactivated'}
[2026-08-21 09:58:35.330 GPU_Scheduler_0] Waiting for models to be activated: {'model_1': 'activating', 'model_2': 'deactivated', 'model_3': 'deactivated', 'model_4': 'activating', 'model_5': 'activating', 'model_6': 'deactivated'}
[2026-08-21 09:58:35.340 GPU_Scheduler_0] Waiting for models to be activated: {'model_1': 'activating', 'model_2': 'deactivated', 'model_3': 'deactivated', 'model_4': 'activating', 'model_5': 'activating', 'model_6': 'deactivated'}
[2026-08-21 09:58:35.351 GPU_Scheduler_0] Waiting for models to be activated: {'model_1': 'activating', 'model_2': 'deactivated', 'model_3': 'deactivated', 'model_4': 'activating', 'model_5': 'activating', 'model_6': 'deactivated'}
[2026-08-21 09:58:35.361 GPU_Scheduler_0] Waiting for models to be activated: {'model_1': 'activating', 'model_2': 'deactivated', 'model_3': 'deactivated', 'model_4': 'activating', 'model_5': 'activating', 'model_6': 'deactivated'}
[2026-08-21 09:58:35.371 GPU_Scheduler_0] Waiting for models to be activated: {'model_1': 'activating', 'model_2': 'deactivated', 'model_3': 'deactivated', 'model_4': 'activating', 'model_5': 'activating', 'model_6': 'deactivated'}
[2026-08-21 09:58:35.382 GPU_Scheduler_0] Waiting for models to be activated: {'model_1': 'activating', 'model_2': 'deactivated', 'model_3': 'deactivated', 'model_4': 'activating', 'model_5': 'activating', 'model_6': 'deactivated'}
[2026-08-21 09:58:35.393 GPU_Scheduler_0] Waiting for models to be activated: {'model_1': 'activating', 'model_2': 'deactivated', 'model_3': 'deactivated', 'model_4': 'activating', 'model_5': 'activating', 'model_6': 'deactivated'}
[2026-08-21 09:58:35.403 GPU_Scheduler_0] Waiting for models to be activated: {'model_1': 'activating', 'model_2': 'deactivated', 'model_3': 'deactivated', 'model_4': 'activating', 'model_5': 'activating', 'model_6': 'deactivated'}
[2026-08-21 09:58:35.414 GPU_Scheduler_0] Waiting for models to be activated: {'model_1': 'activating', 'model_2': 'deactivated', 'model_3': 'deactivated', 'model_4': 'activating', 'model_5': 'activating', 'model_6': 'deactivated'}
[2026-08-21 09:58:35.424 GPU_Scheduler_0] Waiting for models to be activated: {'model_1': 'activating', 'model_2': 'deactivated', 'model_3': 'deactivated', 'model_4': 'activating', 'model_5': 'activating', 'model_6': 'deactivated'}
[2026-08-21 09:58:35.435 GPU_Scheduler_0] Waiting for models to be activated: {'model_1': 'activating', 'model_2': 'deactivated', 'model_3': 'deactivated', 'model_4': 'activating', 'model_5': 'activating', 'model_6': 'deactivated'}
[2026-08-21 09:58:35.445 GPU_Scheduler_0] Waiting for models to be activated: {'model_1': 'activating', 'model_2': 'deactivated', 'model_3': 'deactivated', 'model_4': 'activating', 'model_5': 'activating', 'model_6': 'deactivated'}
[2026-08-21 09:58:35.455 GPU_Scheduler_0] Waiting for models to be activated: {'model_1': 'activating', 'model_2': 'deactivated', 'model_3': 'deactivated', 'model_4': 'activating', 'model_5': 'activating', 'model_6': 'deactivated'}
[2026-08-21 09:58:35.466 GPU_Scheduler_0] Waiting for models to be activated: {'model_1': 'activating', 'model_2': 'deactivated', 'model_3': 'deactivated', 'model_4': 'activating', 'model_5': 'activating', 'model_6': 'deactivated'}
[2026-08-21 09:58:35.476 GPU_Scheduler_0] Waiting for models to be activated: {'model_1': 'activating', 'model_2': 'deactivated', 'model_3': 'deactivated', 'model_4': 'activating', 'model_5': 'activating', 'model_6': 'deactivated'}
[2026-08-21 09:58:35.487 GPU_Scheduler_0] Waiting for models to be activated: {'model_1': 'activating', 'model_2': 'deactivated', 'model_3': 'deactivated', 'model_4': 'activating', 'model_5': 'activating', 'model_6': 'deactivated'}
[2026-08-21 09:58:35.497 GPU_Scheduler_0] Waiting for models to be activated: {'model_1': 'activating', 'model_2': 'deactivated', 'model_3': 'deactivated', 'model_4': 'activating', 'model_5': 'activating', 'model_6': 'deactivated'}
[2026-08-21 09:58:35.508 GPU_Scheduler_0] Waiting for models to be activated: {'model_1': 'activating', 'model_2': 'deactivated', 'model_3': 'deactivated', 'model_4': 'activating', 'model_5': 'activating', 'model_6': 'deactivated'}
[2026-08-21 09:58:35.518 GPU_Scheduler_0] Waiting for models to be activated: {'model_1': 'activating', 'model_2': 'deactivated', 'model_3': 'deactivated', 'model_4': 'activating', 'model_5': 'activating', 'model_6': 'deactivated'}
[2026-08-21 09:58:35.528 GPU_Scheduler_0] Waiting for models to be activated: {'model_1': 'activating', 'model_2': 'deactivated', 'model_3': 'deactivated', 'model_4': 'activating', 'model_5': 'activating', 'model_6': 'deactivated'}
[2026-08-21 09:58:35.539 GPU_Scheduler_0] Waiting for models to be activated: {'model_1': 'activating', 'model_2': 'deactivated', 'model_3': 'deactivated', 'model_4': 'activating', 'model_5': 'activating', 'model_6': 'deactivated'}
[2026-08-21 09:58:35.549 GPU_Scheduler_0] Waiting for models to be activated: {'model_1': 'activating', 'model_2': 'deactivated', 'model_3': 'deactivated', 'model_4': 'activating', 'model_5': 'activating', 'model_6': 'deactivated'}
[2026-08-21 09:58:35.559 GPU_Scheduler_0] Waiting for models to be activated: {'model_1': 'activating', 'model_2': 'deactivated', 'model_3': 'deactivated', 'model_4': 'activating', 'model_5': 'activating', 'model_6': 'deactivated'}
[2026-08-21 09:58:35.569 GPU_Scheduler_0] Waiting for models to be activated: {'model_1': 'activating', 'model_2': 'deactivated', 'model_3': 'deactivated', 'model_4': 'activating', 'model_5': 'activating', 'model_6': 'deactivated'}
[2026-08-21 09:58:35.580 GPU_Scheduler_0] Waiting for models to be activated: {'model_1': 'activating', 'model_2': 'deactivated', 'model_3': 'deactivated', 'model_4': 'activating', 'model_5': 'activating', 'model_6': 'deactivated'}
[2026-08-21 09:58:35.590 GPU_Scheduler_0] Waiting for models to be activated: {'model_1': 'activating', 'model_2': 'deactivated', 'model_3': 'deactivated', 'model_4': 'activating', 'model_5': 'activating', 'model_6': 'deactivated'}
[2026-08-21 09:58:35.600 GPU_Scheduler_0] Waiting for models to be activated: {'model_1': 'activating', 'model_2': 'deactivated', 'model_3': 'deactivated', 'model_4': 'activating', 'model_5': 'activating', 'model_6': 'deactivated'}
[2026-08-21 09:58:35.611 GPU_Scheduler_0] Waiting for models to be activated: {'model_1': 'activating', 'model_2': 'deactivated', 'model_3': 'deactivated', 'model_4': 'activating', 'model_5': 'activating', 'model_6': 'deactivated'}
[2026-08-21 09:58:35.621 GPU_Scheduler_0] Waiting for models to be activated: {'model_1': 'activating', 'model_2': 'deactivated', 'model_3': 'deactivated', 'model_4': 'activating', 'model_5': 'activating', 'model_6': 'deactivated'}
[2026-08-21 09:58:35.631 GPU_Scheduler_0] Waiting for models to be activated: {'model_1': 'activating', 'model_2': 'deactivated', 'model_3': 'deactivated', 'model_4': 'activating', 'model_5': 'activating', 'model_6': 'deactivated'}
[2026-08-21 09:58:35.642 GPU_Scheduler_0] Waiting for models to be activated: {'model_1': 'activating', 'model_2': 'deactivated', 'model_3': 'deactivated', 'model_4': 'activating', 'model_5': 'activating', 'model_6': 'deactivated'}
[2026-08-21 09:58:35.652 GPU_Scheduler_0] Waiting for models to be activated: {'model_1': 'activating', 'model_2': 'deactivated', 'model_3': 'deactivated', 'model_4': 'activating', 'model_5': 'activating', 'model_6': 'deactivated'}
[2026-08-21 09:58:35.662 GPU_Scheduler_0] Waiting for models to be activated: {'model_1': 'activating', 'model_2': 'deactivated', 'model_3': 'deactivated', 'model_4': 'activating', 'model_5': 'activating', 'model_6': 'deactivated'}
[2026-08-21 09:58:35.672 GPU_Scheduler_0] Waiting for models to be activated: {'model_1': 'activating', 'model_2': 'deactivated', 'model_3': 'deactivated', 'model_4': 'activating', 'model_5': 'activating', 'model_6': 'deactivated'}
[2026-08-21 09:58:35.683 GPU_Scheduler_0] Waiting for models to be activated: {'model_1': 'activating', 'model_2': 'deactivated', 'model_3': 'deactivated', 'model_4': 'activating', 'model_5': 'activating', 'model_6': 'deactivated'}
[2026-08-21 09:58:35.693 GPU_Scheduler_0] Waiting for models to be activated: {'model_1': 'activating', 'model_2': 'deactivated', 'model_3': 'deactivated', 'model_4': 'activating', 'model_5': 'activating', 'model_6': 'deactivated'}
[2026-08-21 09:58:35.703 GPU_Scheduler_0] Waiting for models to be activated: {'model_1': 'activating', 'model_2': 'deactivated', 'model_3': 'deactivated', 'model_4': 'activating', 'model_5': 'activating', 'model_6': 'deactivated'}
[2026-08-21 09:58:35.714 GPU_Scheduler_0] Waiting for models to be activated: {'model_1': 'activating', 'model_2': 'deactivated', 'model_3': 'deactivated', 'model_4': 'activating', 'model_5': 'activating', 'model_6': 'deactivated'}
[2026-08-21 09:58:35.724 GPU_Scheduler_0] Waiting for models to be activated: {'model_1': 'activating', 'model_2': 'deactivated', 'model_3': 'deactivated', 'model_4': 'activating', 'model_5': 'activating', 'model_6': 'deactivated'}
[2026-08-21 09:58:35.734 GPU_Scheduler_0] Waiting for models to be activated: {'model_1': 'activating', 'model_2': 'deactivated', 'model_3': 'deactivated', 'model_4': 'activating', 'model_5': 'activating', 'model_6': 'deactivated'}
[2026-08-21 09:58:35.745 GPU_Scheduler_0] Waiting for models to be activated: {'model_1': 'activating', 'model_2': 'deactivated', 'model_3': 'deactivated', 'model_4': 'activating', 'model_5': 'activating', 'model_6': 'deactivated'}
[2026-08-21 09:58:35.755 GPU_Scheduler_0] Waiting for models to be activated: {'model_1': 'activating', 'model_2': 'deactivated', 'model_3': 'deactivated', 'model_4': 'activating', 'model_5': 'activating', 'model_6': 'deactivated'}
[2026-08-21 09:58:35.765 GPU_Scheduler_0] Waiting for models to be activated: {'model_1': 'activating', 'model_2': 'deactivated', 'model_3': 'deactivated', 'model_4': 'activating', 'model_5': 'activating', 'model_6': 'deactivated'}
[2026-08-21 09:58:35.776 GPU_Scheduler_0] Waiting for models to be activated: {'model_1': 'activating', 'model_2': 'deactivated', 'model_3': 'deactivated', 'model_4': 'activating', 'model_5': 'activating', 'model_6': 'deactivated'}
[2026-08-21 09:58:35.786 GPU_Scheduler_0] Waiting for models to be activated: {'model_1': 'activating', 'model_2': 'deactivated', 'model_3': 'deactivated', 'model_4': 'activating', 'model_5': 'activating', 'model_6': 'deactivated'}
[2026-08-21 09:58:35.796 GPU_Scheduler_0] Waiting for models to be activated: {'model_1': 'activating', 'model_2': 'deactivated', 'model_3': 'deactivated', 'model_4': 'activating', 'model_5': 'activating', 'model_6': 'deactivated'}
[2026-08-21 09:58:35.807 GPU_Scheduler_0] Waiting for models to be activated: {'model_1': 'activating', 'model_2': 'deactivated', 'model_3': 'deactivated', 'model_4': 'activating', 'model_5': 'activating', 'model_6': 'deactivated'}
[2026-08-21 09:58:35.817 GPU_Scheduler_0] Waiting for models to be activated: {'model_1': 'activating', 'model_2': 'deactivated', 'model_3': 'deactivated', 'model_4': 'activating', 'model_5': 'activating', 'model_6': 'deactivated'}
[2026-08-21 09:58:35.827 GPU_Scheduler_0] Waiting for models to be activated: {'model_1': 'activating', 'model_2': 'deactivated', 'model_3': 'deactivated', 'model_4': 'activating', 'model_5': 'activating', 'model_6': 'deactivated'}
[2026-08-21 09:58:35.838 GPU_Scheduler_0] Waiting for models to be activated: {'model_1': 'activating', 'model_2': 'deactivated', 'model_3': 'deactivated', 'model_4': 'activating', 'model_5': 'activating', 'model_6': 'deactivated'}
[2026-08-21 09:58:35.848 GPU_Scheduler_0] Waiting for models to be activated: {'model_1': 'activating', 'model_2': 'deactivated', 'model_3': 'deactivated', 'model_4': 'activating', 'model_5': 'activating', 'model_6': 'deactivated'}
[2026-08-21 09:58:35.859 GPU_Scheduler_0] Waiting for models to be activated: {'model_1': 'activating', 'model_2': 'deactivated', 'model_3': 'deactivated', 'model_4': 'activating', 'model_5': 'activating', 'model_6': 'deactivated'}
[2026-08-21 09:58:35.869 GPU_Scheduler_0] Waiting for models to be activated: {'model_1': 'activating', 'model_2': 'deactivated', 'model_3': 'deactivated', 'model_4': 'activating', 'model_5': 'activating', 'model_6': 'deactivated'}
[2026-08-21 09:58:35.879 GPU_Scheduler_0] Waiting for models to be activated: {'model_1': 'activating', 'model_2': 'deactivated', 'model_3': 'deactivated', 'model_4': 'activating', 'model_5': 'activating', 'model_6': 'deactivated'}
[2026-08-21 09:58:35.890 GPU_Scheduler_0] Waiting for models to be activated: {'model_1': 'activating', 'model_2': 'deactivated', 'model_3': 'deactivated', 'model_4': 'activating', 'model_5': 'activating', 'model_6': 'deactivated'}
[2026-08-21 09:58:35.900 GPU_Scheduler_0] Waiting for models to be activated: {'model_1': 'activating', 'model_2': 'deactivated', 'model_3': 'deactivated', 'model_4': 'activating', 'model_5': 'activating', 'model_6': 'deactivated'}
[2026-08-21 09:58:35.911 GPU_Scheduler_0] Waiting for models to be activated: {'model_1': 'activating', 'model_2': 'deactivated', 'model_3': 'deactivated', 'model_4': 'activating', 'model_5': 'activating', 'model_6': 'deactivated'}
[2026-08-21 09:58:35.921 GPU_Scheduler_0] Waiting for models to be activated: {'model_1': 'activating', 'model_2': 'deactivated', 'model_3': 'deactivated', 'model_4': 'activating', 'model_5': 'activating', 'model_6': 'deactivated'}
[2026-08-21 09:58:35.932 GPU_Scheduler_0] Waiting for models to be activated: {'model_1': 'activating', 'model_2': 'deactivated', 'model_3': 'deactivated', 'model_4': 'activating', 'model_5': 'activating', 'model_6': 'deactivated'}
[2026-08-21 09:58:35.942 GPU_Scheduler_0] Waiting for models to be activated: {'model_1': 'activating', 'model_2': 'deactivated', 'model_3': 'deactivated', 'model_4': 'activating', 'model_5': 'activating', 'model_6': 'deactivated'}
[2026-08-21 09:58:35.953 GPU_Scheduler_0] Waiting for models to be activated: {'model_1': 'activating', 'model_2': 'deactivated', 'model_3': 'deactivated', 'model_4': 'activating', 'model_5': 'activating', 'model_6': 'deactivated'}
[2026-08-21 09:58:35.964 GPU_Scheduler_0] Waiting for models to be activated: {'model_1': 'activating', 'model_2': 'deactivated', 'model_3': 'deactivated', 'model_4': 'activating', 'model_5': 'activating', 'model_6': 'deactivated'}
[2026-08-21 09:58:35.974 GPU_Scheduler_0] Waiting for models to be activated: {'model_1': 'activating', 'model_2': 'deactivated', 'model_3': 'deactivated', 'model_4': 'activating', 'model_5': 'activating', 'model_6': 'deactivated'}
[2026-08-21 09:58:35.985 GPU_Scheduler_0] Waiting for models to be activated: {'model_1': 'activating', 'model_2': 'deactivated', 'model_3': 'deactivated', 'model_4': 'activating', 'model_5': 'activating', 'model_6': 'deactivated'}
[2026-08-21 09:58:35.996 GPU_Scheduler_0] Waiting for models to be activated: {'model_1': 'activating', 'model_2': 'deactivated', 'model_3': 'deactivated', 'model_4': 'activating', 'model_5': 'activating', 'model_6': 'deactivated'}
[2026-08-21 09:58:36.006 GPU_Scheduler_0] Waiting for models to be activated: {'model_1': 'activating', 'model_2': 'deactivated', 'model_3': 'deactivated', 'model_4': 'activating', 'model_5': 'activating', 'model_6': 'deactivated'}
[2026-08-21 09:58:36.017 GPU_Scheduler_0] Waiting for models to be activated: {'model_1': 'activating', 'model_2': 'deactivated', 'model_3': 'deactivated', 'model_4': 'activating', 'model_5': 'activating', 'model_6': 'deactivated'}
[2026-08-21 09:58:36.027 GPU_Scheduler_0] Waiting for models to be activated: {'model_1': 'activating', 'model_2': 'deactivated', 'model_3': 'deactivated', 'model_4': 'activating', 'model_5': 'activating', 'model_6': 'deactivated'}
[2026-08-21 09:58:36.038 GPU_Scheduler_0] Waiting for models to be activated: {'model_1': 'activating', 'model_2': 'deactivated', 'model_3': 'deactivated', 'model_4': 'activating', 'model_5': 'activating', 'model_6': 'deactivated'}
[2026-08-21 09:58:36.048 GPU_Scheduler_0] Waiting for models to be activated: {'model_1': 'activating', 'model_2': 'deactivated', 'model_3': 'deactivated', 'model_4': 'activating', 'model_5': 'activating', 'model_6': 'deactivated'}
[2026-08-21 09:58:36.059 GPU_Scheduler_0] Waiting for models to be activated: {'model_1': 'activating', 'model_2': 'deactivated', 'model_3': 'deactivated', 'model_4': 'activating', 'model_5': 'activating', 'model_6': 'deactivated'}
[2026-08-21 09:58:36.069 GPU_Scheduler_0] Waiting for models to be activated: {'model_1': 'activating', 'model_2': 'deactivated', 'model_3': 'deactivated', 'model_4': 'activating', 'model_5': 'activating', 'model_6': 'deactivated'}
[2026-08-21 09:58:36.080 GPU_Scheduler_0] Waiting for models to be activated: {'model_1': 'activating', 'model_2': 'deactivated', 'model_3': 'deactivated', 'model_4': 'activating', 'model_5': 'activating', 'model_6': 'deactivated'}
[2026-08-21 09:58:36.090 GPU_Scheduler_0] Waiting for models to be activated: {'model_1': 'activating', 'model_2': 'deactivated', 'model_3': 'deactivated', 'model_4': 'activating', 'model_5': 'activating', 'model_6': 'deactivated'}
[2026-08-21 09:58:36.101 GPU_Scheduler_0] Waiting for models to be activated: {'model_1': 'activating', 'model_2': 'deactivated', 'model_3': 'deactivated', 'model_4': 'activating', 'model_5': 'activating', 'model_6': 'deactivated'}
[2026-08-21 09:58:36.111 GPU_Scheduler_0] Waiting for models to be activated: {'model_1': 'activating', 'model_2': 'deactivated', 'model_3': 'deactivated', 'model_4': 'activating', 'model_5': 'activating', 'model_6': 'deactivated'}
[2026-08-21 09:58:36.122 GPU_Scheduler_0] Waiting for models to be activated: {'model_1': 'activating', 'model_2': 'deactivated', 'model_3': 'deactivated', 'model_4': 'activating', 'model_5': 'activating', 'model_6': 'deactivated'}
[2026-08-21 09:58:36.132 GPU_Scheduler_0] Waiting for models to be activated: {'model_1': 'activating', 'model_2': 'deactivated', 'model_3': 'deactivated', 'model_4': 'activating', 'model_5': 'activating', 'model_6': 'deactivated'}
[2026-08-21 09:58:36.143 GPU_Scheduler_0] Waiting for models to be activated: {'model_1': 'activating', 'model_2': 'deactivated', 'model_3': 'deactivated', 'model_4': 'activating', 'model_5': 'activating', 'model_6': 'deactivated'}
[2026-08-21 09:58:36.153 GPU_Scheduler_0] Waiting for models to be activated: {'model_1': 'activating', 'model_2': 'deactivated', 'model_3': 'deactivated', 'model_4': 'activating', 'model_5': 'activating', 'model_6': 'deactivated'}
[2026-08-21 09:58:36.164 GPU_Scheduler_0] Waiting for models to be activated: {'model_1': 'activating', 'model_2': 'deactivated', 'model_3': 'deactivated', 'model_4': 'activating', 'model_5': 'activating', 'model_6': 'deactivated'}
[2026-08-21 09:58:36.174 GPU_Scheduler_0] Waiting for models to be activated: {'model_1': 'activating', 'model_2': 'deactivated', 'model_3': 'deactivated', 'model_4': 'activating', 'model_5': 'activating', 'model_6': 'deactivated'}
[2026-08-21 09:58:36.185 GPU_Scheduler_0] Waiting for models to be activated: {'model_1': 'activating', 'model_2': 'deactivated', 'model_3': 'deactivated', 'model_4': 'activating', 'model_5': 'activating', 'model_6': 'deactivated'}
[2026-08-21 09:58:36.195 GPU_Scheduler_0] Waiting for models to be activated: {'model_1': 'activating', 'model_2': 'deactivated', 'model_3': 'deactivated', 'model_4': 'activating', 'model_5': 'activating', 'model_6': 'deactivated'}
[2026-08-21 09:58:36.205 GPU_Scheduler_0] Waiting for models to be activated: {'model_1': 'activating', 'model_2': 'deactivated', 'model_3': 'deactivated', 'model_4': 'activating', 'model_5': 'activating', 'model_6': 'deactivated'}
[2026-08-21 09:58:36.216 GPU_Scheduler_0] Waiting for models to be activated: {'model_1': 'activating', 'model_2': 'deactivated', 'model_3': 'deactivated', 'model_4': 'activating', 'model_5': 'activating', 'model_6': 'deactivated'}
[2026-08-21 09:58:36.226 GPU_Scheduler_0] Waiting for models to be activated: {'model_1': 'activating', 'model_2': 'deactivated', 'model_3': 'deactivated', 'model_4': 'activating', 'model_5': 'activating', 'model_6': 'deactivated'}
[2026-08-21 09:58:36.236 GPU_Scheduler_0] Waiting for models to be activated: {'model_1': 'activating', 'model_2': 'deactivated', 'model_3': 'deactivated', 'model_4': 'activating', 'model_5': 'activating', 'model_6': 'deactivated'}
[2026-08-21 09:58:36.247 GPU_Scheduler_0] Waiting for models to be activated: {'model_1': 'activating', 'model_2': 'deactivated', 'model_3': 'deactivated', 'model_4': 'activating', 'model_5': 'activating', 'model_6': 'deactivated'}
[2026-08-21 09:58:36.257 GPU_Scheduler_0] Waiting for models to be activated: {'model_1': 'activating', 'model_2': 'deactivated', 'model_3': 'deactivated', 'model_4': 'activating', 'model_5': 'activating', 'model_6': 'deactivated'}
[2026-08-21 09:58:36.267 GPU_Scheduler_0] Waiting for models to be activated: {'model_1': 'activating', 'model_2': 'deactivated', 'model_3': 'deactivated', 'model_4': 'activating', 'model_5': 'activating', 'model_6': 'deactivated'}
[2026-08-21 09:58:36.278 GPU_Scheduler_0] Waiting for models to be activated: {'model_1': 'activating', 'model_2': 'deactivated', 'model_3': 'deactivated', 'model_4': 'activating', 'model_5': 'activating', 'model_6': 'deactivated'}
[2026-08-21 09:58:36.288 GPU_Scheduler_0] Waiting for models to be activated: {'model_1': 'activating', 'model_2': 'deactivated', 'model_3': 'deactivated', 'model_4': 'activating', 'model_5': 'activating', 'model_6': 'deactivated'}
[2026-08-21 09:58:36.298 GPU_Scheduler_0] Waiting for models to be activated: {'model_1': 'activating', 'model_2': 'deactivated', 'model_3': 'deactivated', 'model_4': 'activating', 'model_5': 'activating', 'model_6': 'deactivated'}
[2026-08-21 09:58:36.308 GPU_Scheduler_0] Waiting for models to be activated: {'model_1': 'activating', 'model_2': 'deactivated', 'model_3': 'deactivated', 'model_4': 'activating', 'model_5': 'activating', 'model_6': 'deactivated'}
[2026-08-21 09:58:36.319 GPU_Scheduler_0] Waiting for models to be activated: {'model_1': 'activating', 'model_2': 'deactivated', 'model_3': 'deactivated', 'model_4': 'activating', 'model_5': 'activating', 'model_6': 'deactivated'}
[2026-08-21 09:58:36.329 GPU_Scheduler_0] Waiting for models to be activated: {'model_1': 'activating', 'model_2': 'deactivated', 'model_3': 'deactivated', 'model_4': 'activating', 'model_5': 'activating', 'model_6': 'deactivated'}
[2026-08-21 09:58:36.339 GPU_Scheduler_0] Waiting for models to be activated: {'model_1': 'activating', 'model_2': 'deactivated', 'model_3': 'deactivated', 'model_4': 'activating', 'model_5': 'activating', 'model_6': 'deactivated'}
[2026-08-21 09:58:36.349 GPU_Scheduler_0] Waiting for models to be activated: {'model_1': 'activating', 'model_2': 'deactivated', 'model_3': 'deactivated', 'model_4': 'activating', 'model_5': 'activating', 'model_6': 'deactivated'}
[2026-08-21 09:58:36.360 GPU_Scheduler_0] Waiting for models to be activated: {'model_1': 'activating', 'model_2': 'deactivated', 'model_3': 'deactivated', 'model_4': 'activating', 'model_5': 'activating', 'model_6': 'deactivated'}
[2026-08-21 09:58:36.370 GPU_Scheduler_0] Waiting for models to be activated: {'model_1': 'activating', 'model_2': 'deactivated', 'model_3': 'deactivated', 'model_4': 'activating', 'model_5': 'activating', 'model_6': 'deactivated'}
[2026-08-21 09:58:36.380 GPU_Scheduler_0] Waiting for models to be activated: {'model_1': 'activating', 'model_2': 'deactivated', 'model_3': 'deactivated', 'model_4': 'activating', 'model_5': 'activating', 'model_6': 'deactivated'}
[2026-08-21 09:58:36.390 GPU_Scheduler_0] Waiting for models to be activated: {'model_1': 'activating', 'model_2': 'deactivated', 'model_3': 'deactivated', 'model_4': 'activating', 'model_5': 'activating', 'model_6': 'deactivated'}
[2026-08-21 09:58:36.400 GPU_Scheduler_0] Waiting for models to be activated: {'model_1': 'activating', 'model_2': 'deactivated', 'model_3': 'deactivated', 'model_4': 'activating', 'model_5': 'activating', 'model_6': 'deactivated'}
[2026-08-21 09:58:36.411 GPU_Scheduler_0] Waiting for models to be activated: {'model_1': 'activating', 'model_2': 'deactivated', 'model_3': 'deactivated', 'model_4': 'activating', 'model_5': 'activating', 'model_6': 'deactivated'}
[2026-08-21 09:58:36.421 GPU_Scheduler_0] Waiting for models to be activated: {'model_1': 'activating', 'model_2': 'deactivated', 'model_3': 'deactivated', 'model_4': 'activating', 'model_5': 'activating', 'model_6': 'deactivated'}
[2026-08-21 09:58:36.431 GPU_Scheduler_0] Waiting for models to be activated: {'model_1': 'activating', 'model_2': 'deactivated', 'model_3': 'deactivated', 'model_4': 'activating', 'model_5': 'activating', 'model_6': 'deactivated'}
[2026-08-21 09:58:36.441 GPU_Scheduler_0] Waiting for models to be activated: {'model_1': 'activating', 'model_2': 'deactivated', 'model_3': 'deactivated', 'model_4': 'activating', 'model_5': 'activating', 'model_6': 'deactivated'}
[2026-08-21 09:58:36.452 GPU_Scheduler_0] Waiting for models to be activated: {'model_1': 'activating', 'model_2': 'deactivated', 'model_3': 'deactivated', 'model_4': 'activating', 'model_5': 'activating', 'model_6': 'deactivated'}
[2026-08-21 09:58:36.462 GPU_Scheduler_0] Waiting for models to be activated: {'model_1': 'activating', 'model_2': 'deactivated', 'model_3': 'deactivated', 'model_4': 'activating', 'model_5': 'activating', 'model_6': 'deactivated'}
[2026-08-21 09:58:36.472 GPU_Scheduler_0] Waiting for models to be activated: {'model_1': 'activating', 'model_2': 'deactivated', 'model_3': 'deactivated', 'model_4': 'activating', 'model_5': 'activating', 'model_6': 'deactivated'}
[2026-08-21 09:58:36.483 GPU_Scheduler_0] Waiting for models to be activated: {'model_1': 'activating', 'model_2': 'deactivated', 'model_3': 'deactivated', 'model_4': 'activating', 'model_5': 'activating', 'model_6': 'deactivated'}
[2026-08-21 09:58:36.493 GPU_Scheduler_0] Waiting for models to be activated: {'model_1': 'activating', 'model_2': 'deactivated', 'model_3': 'deactivated', 'model_4': 'activating', 'model_5': 'activating', 'model_6': 'deactivated'}
[2026-08-21 09:58:36.503 GPU_Scheduler_0] Waiting for models to be activated: {'model_1': 'activating', 'model_2': 'deactivated', 'model_3': 'deactivated', 'model_4': 'activating', 'model_5': 'activating', 'model_6': 'deactivated'}
[2026-08-21 09:58:36.513 GPU_Scheduler_0] Waiting for models to be activated: {'model_1': 'activating', 'model_2': 'deactivated', 'model_3': 'deactivated', 'model_4': 'activating', 'model_5': 'activating', 'model_6': 'deactivated'}
[2026-08-21 09:58:36.524 GPU_Scheduler_0] Waiting for models to be activated: {'model_1': 'activating', 'model_2': 'deactivated', 'model_3': 'deactivated', 'model_4': 'activating', 'model_5': 'activating', 'model_6': 'deactivated'}
[2026-08-21 09:58:36.534 GPU_Scheduler_0] Waiting for models to be activated: {'model_1': 'activating', 'model_2': 'deactivated', 'model_3': 'deactivated', 'model_4': 'activating', 'model_5': 'activating', 'model_6': 'deactivated'}
[2026-08-21 09:58:36.544 GPU_Scheduler_0] Waiting for models to be activated: {'model_1': 'activating', 'model_2': 'deactivated', 'model_3': 'deactivated', 'model_4': 'activating', 'model_5': 'activating', 'model_6': 'deactivated'}
[2026-08-21 09:58:36.555 GPU_Scheduler_0] Waiting for models to be activated: {'model_1': 'activating', 'model_2': 'deactivated', 'model_3': 'deactivated', 'model_4': 'activating', 'model_5': 'activating', 'model_6': 'deactivated'}
[2026-08-21 09:58:36.565 GPU_Scheduler_0] Waiting for models to be activated: {'model_1': 'activating', 'model_2': 'deactivated', 'model_3': 'deactivated', 'model_4': 'activating', 'model_5': 'activating', 'model_6': 'deactivated'}
[2026-08-21 09:58:36.575 GPU_Scheduler_0] Waiting for models to be activated: {'model_1': 'activating', 'model_2': 'deactivated', 'model_3': 'deactivated', 'model_4': 'activating', 'model_5': 'activating', 'model_6': 'deactivated'}
[2026-08-21 09:58:36.586 GPU_Scheduler_0] Waiting for models to be activated: {'model_1': 'activating', 'model_2': 'deactivated', 'model_3': 'deactivated', 'model_4': 'activating', 'model_5': 'activating', 'model_6': 'deactivated'}
[2026-08-21 09:58:36.596 GPU_Scheduler_0] Waiting for models to be activated: {'model_1': 'activating', 'model_2': 'deactivated', 'model_3': 'deactivated', 'model_4': 'activating', 'model_5': 'activating', 'model_6': 'deactivated'}
[2026-08-21 09:58:36.607 GPU_Scheduler_0] Waiting for models to be activated: {'model_1': 'activating', 'model_2': 'deactivated', 'model_3': 'deactivated', 'model_4': 'activating', 'model_5': 'activating', 'model_6': 'deactivated'}
[2026-08-21 09:58:36.617 GPU_Scheduler_0] Waiting for models to be activated: {'model_1': 'activating', 'model_2': 'deactivated', 'model_3': 'deactivated', 'model_4': 'activating', 'model_5': 'activating', 'model_6': 'deactivated'}
[2026-08-21 09:58:36.628 GPU_Scheduler_0] Waiting for models to be activated: {'model_1': 'activating', 'model_2': 'deactivated', 'model_3': 'deactivated', 'model_4': 'activating', 'model_5': 'activating', 'model_6': 'deactivated'}
[2026-08-21 09:58:36.638 GPU_Scheduler_0] Waiting for models to be activated: {'model_1': 'activating', 'model_2': 'deactivated', 'model_3': 'deactivated', 'model_4': 'activating', 'model_5': 'activating', 'model_6': 'deactivated'}
[2026-08-21 09:58:36.649 GPU_Scheduler_0] Waiting for models to be activated: {'model_1': 'activating', 'model_2': 'deactivated', 'model_3': 'deactivated', 'model_4': 'activating', 'model_5': 'activating', 'model_6': 'deactivated'}
[2026-08-21 09:58:36.659 GPU_Scheduler_0] Waiting for models to be activated: {'model_1': 'activating', 'model_2': 'deactivated', 'model_3': 'deactivated', 'model_4': 'activating', 'model_5': 'activating', 'model_6': 'deactivated'}
[2026-08-21 09:58:36.669 GPU_Scheduler_0] Waiting for models to be activated: {'model_1': 'activating', 'model_2': 'deactivated', 'model_3': 'deactivated', 'model_4': 'activating', 'model_5': 'activating', 'model_6': 'deactivated'}
[2026-08-21 09:58:36.680 GPU_Scheduler_0] Waiting for models to be activated: {'model_1': 'activating', 'model_2': 'deactivated', 'model_3': 'deactivated', 'model_4': 'activating', 'model_5': 'activating', 'model_6': 'deactivated'}
[2026-08-21 09:58:36.690 GPU_Scheduler_0] Waiting for models to be activated: {'model_1': 'activating', 'model_2': 'deactivated', 'model_3': 'deactivated', 'model_4': 'activating', 'model_5': 'activating', 'model_6': 'deactivated'}
[2026-08-21 09:58:36.700 GPU_Scheduler_0] Waiting for models to be activated: {'model_1': 'activating', 'model_2': 'deactivated', 'model_3': 'deactivated', 'model_4': 'activating', 'model_5': 'activating', 'model_6': 'deactivated'}
[2026-08-21 09:58:36.711 GPU_Scheduler_0] Waiting for models to be activated: {'model_1': 'activating', 'model_2': 'deactivated', 'model_3': 'deactivated', 'model_4': 'activating', 'model_5': 'activating', 'model_6': 'deactivated'}
[2026-08-21 09:58:36.721 GPU_Scheduler_0] Waiting for models to be activated: {'model_1': 'activating', 'model_2': 'deactivated', 'model_3': 'deactivated', 'model_4': 'activating', 'model_5': 'activating', 'model_6': 'deactivated'}
[2026-08-21 09:58:36.731 GPU_Scheduler_0] Waiting for models to be activated: {'model_1': 'activating', 'model_2': 'deactivated', 'model_3': 'deactivated', 'model_4': 'activating', 'model_5': 'activating', 'model_6': 'deactivated'}
[2026-08-21 09:58:36.741 GPU_Scheduler_0] Waiting for models to be activated: {'model_1': 'activating', 'model_2': 'deactivated', 'model_3': 'deactivated', 'model_4': 'activating', 'model_5': 'activating', 'model_6': 'deactivated'}
[2026-08-21 09:58:36.752 GPU_Scheduler_0] Waiting for models to be activated: {'model_1': 'activating', 'model_2': 'deactivated', 'model_3': 'deactivated', 'model_4': 'activating', 'model_5': 'activating', 'model_6': 'deactivated'}
[2026-08-21 09:58:36.762 GPU_Scheduler_0] Waiting for models to be activated: {'model_1': 'activating', 'model_2': 'deactivated', 'model_3': 'deactivated', 'model_4': 'activating', 'model_5': 'activating', 'model_6': 'deactivated'}
[2026-08-21 09:58:36.772 GPU_Scheduler_0] Waiting for models to be activated: {'model_1': 'activating', 'model_2': 'deactivated', 'model_3': 'deactivated', 'model_4': 'activating', 'model_5': 'activating', 'model_6': 'deactivated'}
[2026-08-21 09:58:36.783 GPU_Scheduler_0] Waiting for models to be activated: {'model_1': 'activating', 'model_2': 'deactivated', 'model_3': 'deactivated', 'model_4': 'activating', 'model_5': 'activating', 'model_6': 'deactivated'}
[2026-08-21 09:58:36.793 GPU_Scheduler_0] Waiting for models to be activated: {'model_1': 'activating', 'model_2': 'deactivated', 'model_3': 'deactivated', 'model_4': 'activating', 'model_5': 'activating', 'model_6': 'deactivated'}
[2026-08-21 09:58:36.803 GPU_Scheduler_0] Waiting for models to be activated: {'model_1': 'activating', 'model_2': 'deactivated', 'model_3': 'deactivated', 'model_4': 'activating', 'model_5': 'activating', 'model_6': 'deactivated'}
[2026-08-21 09:58:36.814 GPU_Scheduler_0] Waiting for models to be activated: {'model_1': 'activating', 'model_2': 'deactivated', 'model_3': 'deactivated', 'model_4': 'activating', 'model_5': 'activating', 'model_6': 'deactivated'}
[2026-08-21 09:58:36.824 GPU_Scheduler_0] Waiting for models to be activated: {'model_1': 'activating', 'model_2': 'deactivated', 'model_3': 'deactivated', 'model_4': 'activating', 'model_5': 'activating', 'model_6': 'deactivated'}
[2026-08-21 09:58:36.835 GPU_Scheduler_0] Waiting for models to be activated: {'model_1': 'activating', 'model_2': 'deactivated', 'model_3': 'deactivated', 'model_4': 'activating', 'model_5': 'activating', 'model_6': 'deactivated'}
[2026-08-21 09:58:36.845 GPU_Scheduler_0] Waiting for models to be activated: {'model_1': 'activating', 'model_2': 'deactivated', 'model_3': 'deactivated', 'model_4': 'activating', 'model_5': 'activating', 'model_6': 'deactivated'}
[2026-08-21 09:58:36.856 GPU_Scheduler_0] Waiting for models to be activated: {'model_1': 'activating', 'model_2': 'deactivated', 'model_3': 'deactivated', 'model_4': 'activating', 'model_5': 'activating', 'model_6': 'deactivated'}
[2026-08-21 09:58:36.866 GPU_Scheduler_0] Waiting for models to be activated: {'model_1': 'activating', 'model_2': 'deactivated', 'model_3': 'deactivated', 'model_4': 'activating', 'model_5': 'activating', 'model_6': 'deactivated'}
[2026-08-21 09:58:36.877 GPU_Scheduler_0] Waiting for models to be activated: {'model_1': 'activating', 'model_2': 'deactivated', 'model_3': 'deactivated', 'model_4': 'activating', 'model_5': 'activating', 'model_6': 'deactivated'}
[2026-08-21 09:58:36.887 GPU_Scheduler_0] Waiting for models to be activated: {'model_1': 'activating', 'model_2': 'deactivated', 'model_3': 'deactivated', 'model_4': 'activating', 'model_5': 'activating', 'model_6': 'deactivated'}
[2026-08-21 09:58:36.897 GPU_Scheduler_0] Waiting for models to be activated: {'model_1': 'activating', 'model_2': 'deactivated', 'model_3': 'deactivated', 'model_4': 'activating', 'model_5': 'activating', 'model_6': 'deactivated'}
[2026-08-21 09:58:36.908 GPU_Scheduler_0] Waiting for models to be activated: {'model_1': 'activating', 'model_2': 'deactivated', 'model_3': 'deactivated', 'model_4': 'activating', 'model_5': 'activating', 'model_6': 'deactivated'}
[2026-08-21 09:58:36.918 GPU_Scheduler_0] Waiting for models to be activated: {'model_1': 'activating', 'model_2': 'deactivated', 'model_3': 'deactivated', 'model_4': 'activating', 'model_5': 'activating', 'model_6': 'deactivated'}
[2026-08-21 09:58:36.929 GPU_Scheduler_0] Waiting for models to be activated: {'model_1': 'activating', 'model_2': 'deactivated', 'model_3': 'deactivated', 'model_4': 'activating', 'model_5': 'activating', 'model_6': 'deactivated'}
[2026-08-21 09:58:36.939 GPU_Scheduler_0] Waiting for models to be activated: {'model_1': 'activating', 'model_2': 'deactivated', 'model_3': 'deactivated', 'model_4': 'activating', 'model_5': 'activating', 'model_6': 'deactivated'}
[2026-08-21 09:58:36.949 GPU_Scheduler_0] Waiting for models to be activated: {'model_1': 'activating', 'model_2': 'deactivated', 'model_3': 'deactivated', 'model_4': 'activating', 'model_5': 'activating', 'model_6': 'deactivated'}
[2026-08-21 09:58:36.960 GPU_Scheduler_0] Waiting for models to be activated: {'model_1': 'activating', 'model_2': 'deactivated', 'model_3': 'deactivated', 'model_4': 'activating', 'model_5': 'activating', 'model_6': 'deactivated'}
[2026-08-21 09:58:36.970 GPU_Scheduler_0] Waiting for models to be activated: {'model_1': 'activating', 'model_2': 'deactivated', 'model_3': 'deactivated', 'model_4': 'activating', 'model_5': 'activating', 'model_6': 'deactivated'}
[2026-08-21 09:58:36.981 GPU_Scheduler_0] Waiting for models to be activated: {'model_1': 'activating', 'model_2': 'deactivated', 'model_3': 'deactivated', 'model_4': 'activating', 'model_5': 'activating', 'model_6': 'deactivated'}
[2026-08-21 09:58:36.991 GPU_Scheduler_0] Waiting for models to be activated: {'model_1': 'activating', 'model_2': 'deactivated', 'model_3': 'deactivated', 'model_4': 'activating', 'model_5': 'activating', 'model_6': 'deactivated'}
[2026-08-21 09:58:37.001 GPU_Scheduler_0] Waiting for models to be activated: {'model_1': 'activating', 'model_2': 'deactivated', 'model_3': 'deactivated', 'model_4': 'activating', 'model_5': 'activating', 'model_6': 'deactivated'}
[2026-08-21 09:58:37.011 GPU_Scheduler_0] Waiting for models to be activated: {'model_1': 'activating', 'model_2': 'deactivated', 'model_3': 'deactivated', 'model_4': 'activating', 'model_5': 'activating', 'model_6': 'deactivated'}
[2026-08-21 09:58:37.022 GPU_Scheduler_0] Waiting for models to be activated: {'model_1': 'activating', 'model_2': 'deactivated', 'model_3': 'deactivated', 'model_4': 'activating', 'model_5': 'activating', 'model_6': 'deactivated'}
[2026-08-21 09:58:37.032 GPU_Scheduler_0] Waiting for models to be activated: {'model_1': 'activating', 'model_2': 'deactivated', 'model_3': 'deactivated', 'model_4': 'activating', 'model_5': 'activating', 'model_6': 'deactivated'}
[2026-08-21 09:58:37.042 GPU_Scheduler_0] Waiting for models to be activated: {'model_1': 'activating', 'model_2': 'deactivated', 'model_3': 'deactivated', 'model_4': 'activating', 'model_5': 'activating', 'model_6': 'deactivated'}
[2026-08-21 09:58:37.053 GPU_Scheduler_0] Waiting for models to be activated: {'model_1': 'activating', 'model_2': 'deactivated', 'model_3': 'deactivated', 'model_4': 'activating', 'model_5': 'activating', 'model_6': 'deactivated'}
[2026-08-21 09:58:37.063 GPU_Scheduler_0] Waiting for models to be activated: {'model_1': 'activating', 'model_2': 'deactivated', 'model_3': 'deactivated', 'model_4': 'activating', 'model_5': 'activating', 'model_6': 'deactivated'}
[2026-08-21 09:58:37.073 GPU_Scheduler_0] Waiting for models to be activated: {'model_1': 'activating', 'model_2': 'deactivated', 'model_3': 'deactivated', 'model_4': 'activating', 'model_5': 'activating', 'model_6': 'deactivated'}
[2026-08-21 09:58:37.084 GPU_Scheduler_0] Waiting for models to be activated: {'model_1': 'activating', 'model_2': 'deactivated', 'model_3': 'deactivated', 'model_4': 'activating', 'model_5': 'activating', 'model_6': 'deactivated'}
[2026-08-21 09:58:37.094 GPU_Scheduler_0] Waiting for models to be activated: {'model_1': 'activating', 'model_2': 'deactivated', 'model_3': 'deactivated', 'model_4': 'activating', 'model_5': 'activating', 'model_6': 'deactivated'}
[2026-08-21 09:58:37.105 GPU_Scheduler_0] Waiting for models to be activated: {'model_1': 'activating', 'model_2': 'deactivated', 'model_3': 'deactivated', 'model_4': 'activating', 'model_5': 'activating', 'model_6': 'deactivated'}
[2026-08-21 09:58:37.115 GPU_Scheduler_0] Waiting for models to be activated: {'model_1': 'activating', 'model_2': 'deactivated', 'model_3': 'deactivated', 'model_4': 'activating', 'model_5': 'activating', 'model_6': 'deactivated'}
[2026-08-21 09:58:37.125 GPU_Scheduler_0] Waiting for models to be activated: {'model_1': 'activating', 'model_2': 'deactivated', 'model_3': 'deactivated', 'model_4': 'activating', 'model_5': 'activating', 'model_6': 'deactivated'}
[2026-08-21 09:58:37.136 GPU_Scheduler_0] Waiting for models to be activated: {'model_1': 'activating', 'model_2': 'deactivated', 'model_3': 'deactivated', 'model_4': 'activating', 'model_5': 'activating', 'model_6': 'deactivated'}
[2026-08-21 09:58:37.146 GPU_Scheduler_0] Waiting for models to be activated: {'model_1': 'activating', 'model_2': 'deactivated', 'model_3': 'deactivated', 'model_4': 'activating', 'model_5': 'activating', 'model_6': 'deactivated'}
[2026-08-21 09:58:37.157 GPU_Scheduler_0] Waiting for models to be activated: {'model_1': 'activating', 'model_2': 'deactivated', 'model_3': 'deactivated', 'model_4': 'activating', 'model_5': 'activating', 'model_6': 'deactivated'}
[2026-08-21 09:58:37.167 GPU_Scheduler_0] Waiting for models to be activated: {'model_1': 'activating', 'model_2': 'deactivated', 'model_3': 'deactivated', 'model_4': 'activating', 'model_5': 'activating', 'model_6': 'deactivated'}
[2026-08-21 09:58:37.177 GPU_Scheduler_0] Waiting for models to be activated: {'model_1': 'activating', 'model_2': 'deactivated', 'model_3': 'deactivated', 'model_4': 'activating', 'model_5': 'activating', 'model_6': 'deactivated'}
[2026-08-21 09:58:37.188 GPU_Scheduler_0] Waiting for models to be activated: {'model_1': 'activating', 'model_2': 'deactivated', 'model_3': 'deactivated', 'model_4': 'activating', 'model_5': 'activating', 'model_6': 'deactivated'}
[2026-08-21 09:58:37.198 GPU_Scheduler_0] Waiting for models to be activated: {'model_1': 'activating', 'model_2': 'deactivated', 'model_3': 'deactivated', 'model_4': 'activating', 'model_5': 'activating', 'model_6': 'deactivated'}
[2026-08-21 09:58:37.208 GPU_Scheduler_0] Waiting for models to be activated: {'model_1': 'activating', 'model_2': 'deactivated', 'model_3': 'deactivated', 'model_4': 'activating', 'model_5': 'activating', 'model_6': 'deactivated'}
[2026-08-21 09:58:37.218 GPU_Scheduler_0] Waiting for models to be activated: {'model_1': 'activating', 'model_2': 'deactivated', 'model_3': 'deactivated', 'model_4': 'activating', 'model_5': 'activating', 'model_6': 'deactivated'}
[2026-08-21 09:58:37.229 GPU_Scheduler_0] Waiting for models to be activated: {'model_1': 'activating', 'model_2': 'deactivated', 'model_3': 'deactivated', 'model_4': 'activating', 'model_5': 'activating', 'model_6': 'deactivated'}
[2026-08-21 09:58:37.239 GPU_Scheduler_0] Waiting for models to be activated: {'model_1': 'activating', 'model_2': 'deactivated', 'model_3': 'deactivated', 'model_4': 'activating', 'model_5': 'activating', 'model_6': 'deactivated'}
[2026-08-21 09:58:37.249 GPU_Scheduler_0] Waiting for models to be activated: {'model_1': 'activating', 'model_2': 'deactivated', 'model_3': 'deactivated', 'model_4': 'activating', 'model_5': 'activating', 'model_6': 'deactivated'}
[2026-08-21 09:58:37.259 GPU_Scheduler_0] Waiting for models to be activated: {'model_1': 'activating', 'model_2': 'deactivated', 'model_3': 'deactivated', 'model_4': 'activating', 'model_5': 'activating', 'model_6': 'deactivated'}
[2026-08-21 09:58:37.270 GPU_Scheduler_0] Waiting for models to be activated: {'model_1': 'activating', 'model_2': 'deactivated', 'model_3': 'deactivated', 'model_4': 'activating', 'model_5': 'activating', 'model_6': 'deactivated'}
[2026-08-21 09:58:37.280 GPU_Scheduler_0] Waiting for models to be activated: {'model_1': 'activating', 'model_2': 'deactivated', 'model_3': 'deactivated', 'model_4': 'activating', 'model_5': 'activating', 'model_6': 'deactivated'}
[2026-08-21 09:58:37.290 GPU_Scheduler_0] Waiting for models to be activated: {'model_1': 'activating', 'model_2': 'deactivated', 'model_3': 'deactivated', 'model_4': 'activating', 'model_5': 'activating', 'model_6': 'deactivated'}
[2026-08-21 09:58:37.300 GPU_Scheduler_0] Waiting for models to be activated: {'model_1': 'activating', 'model_2': 'deactivated', 'model_3': 'deactivated', 'model_4': 'activating', 'model_5': 'activating', 'model_6': 'deactivated'}
[2026-08-21 09:58:37.311 GPU_Scheduler_0] Waiting for models to be activated: {'model_1': 'activating', 'model_2': 'deactivated', 'model_3': 'deactivated', 'model_4': 'activating', 'model_5': 'activating', 'model_6': 'deactivated'}
[2026-08-21 09:58:37.321 GPU_Scheduler_0] Waiting for models to be activated: {'model_1': 'activating', 'model_2': 'deactivated', 'model_3': 'deactivated', 'model_4': 'activating', 'model_5': 'activating', 'model_6': 'deactivated'}
[2026-08-21 09:58:37.331 GPU_Scheduler_0] Waiting for models to be activated: {'model_1': 'activating', 'model_2': 'deactivated', 'model_3': 'deactivated', 'model_4': 'activating', 'model_5': 'activating', 'model_6': 'deactivated'}
[2026-08-21 09:58:37.342 GPU_Scheduler_0] Waiting for models to be activated: {'model_1': 'activating', 'model_2': 'deactivated', 'model_3': 'deactivated', 'model_4': 'activating', 'model_5': 'activating', 'model_6': 'deactivated'}
[2026-08-21 09:58:37.352 GPU_Scheduler_0] Waiting for models to be activated: {'model_1': 'activating', 'model_2': 'deactivated', 'model_3': 'deactivated', 'model_4': 'activating', 'model_5': 'activating', 'model_6': 'deactivated'}
[2026-08-21 09:58:37.362 GPU_Scheduler_0] Waiting for models to be activated: {'model_1': 'activating', 'model_2': 'deactivated', 'model_3': 'deactivated', 'model_4': 'activating', 'model_5': 'activating', 'model_6': 'deactivated'}
[2026-08-21 09:58:37.372 GPU_Scheduler_0] Waiting for models to be activated: {'model_1': 'activating', 'model_2': 'deactivated', 'model_3': 'deactivated', 'model_4': 'activating', 'model_5': 'activating', 'model_6': 'deactivated'}
[2026-08-21 09:58:37.383 GPU_Scheduler_0] Waiting for models to be activated: {'model_1': 'activating', 'model_2': 'deactivated', 'model_3': 'deactivated', 'model_4': 'activating', 'model_5': 'activating', 'model_6': 'deactivated'}
[2026-08-21 09:58:37.393 GPU_Scheduler_0] Waiting for models to be activated: {'model_1': 'activating', 'model_2': 'deactivated', 'model_3': 'deactivated', 'model_4': 'activating', 'model_5': 'activating', 'model_6': 'deactivated'}
[2026-08-21 09:58:37.403 GPU_Scheduler_0] Waiting for models to be activated: {'model_1': 'activating', 'model_2': 'deactivated', 'model_3': 'deactivated', 'model_4': 'activating', 'model_5': 'activating', 'model_6': 'deactivated'}
[2026-08-21 09:58:37.413 GPU_Scheduler_0] Waiting for models to be activated: {'model_1': 'activating', 'model_2': 'deactivated', 'model_3': 'deactivated', 'model_4': 'activating', 'model_5': 'activating', 'model_6': 'deactivated'}
[2026-08-21 09:58:37.423 GPU_Scheduler_0] Waiting for models to be activated: {'model_1': 'activating', 'model_2': 'deactivated', 'model_3': 'deactivated', 'model_4': 'activating', 'model_5': 'activating', 'model_6': 'deactivated'}
[2026-08-21 09:58:37.434 GPU_Scheduler_0] Waiting for models to be activated: {'model_1': 'activating', 'model_2': 'deactivated', 'model_3': 'deactivated', 'model_4': 'activating', 'model_5': 'activating', 'model_6': 'deactivated'}
[2026-08-21 09:58:37.444 GPU_Scheduler_0] Waiting for models to be activated: {'model_1': 'activating', 'model_2': 'deactivated', 'model_3': 'deactivated', 'model_4': 'activating', 'model_5': 'activating', 'model_6': 'deactivated'}
[2026-08-21 09:58:37.454 GPU_Scheduler_0] Waiting for models to be activated: {'model_1': 'activating', 'model_2': 'deactivated', 'model_3': 'deactivated', 'model_4': 'activating', 'model_5': 'activating', 'model_6': 'deactivated'}
[2026-08-21 09:58:37.465 GPU_Scheduler_0] Waiting for models to be activated: {'model_1': 'activating', 'model_2': 'deactivated', 'model_3': 'deactivated', 'model_4': 'activating', 'model_5': 'activating', 'model_6': 'deactivated'}
[2026-08-21 09:58:37.475 GPU_Scheduler_0] Waiting for models to be activated: {'model_1': 'activating', 'model_2': 'deactivated', 'model_3': 'deactivated', 'model_4': 'activating', 'model_5': 'activating', 'model_6': 'deactivated'}
[2026-08-21 09:58:37.485 GPU_Scheduler_0] Waiting for models to be activated: {'model_1': 'activating', 'model_2': 'deactivated', 'model_3': 'deactivated', 'model_4': 'activating', 'model_5': 'activating', 'model_6': 'deactivated'}
[2026-08-21 09:58:37.495 GPU_Scheduler_0] Waiting for models to be activated: {'model_1': 'activating', 'model_2': 'deactivated', 'model_3': 'deactivated', 'model_4': 'activating', 'model_5': 'activating', 'model_6': 'deactivated'}
[2026-08-21 09:58:37.506 GPU_Scheduler_0] Waiting for models to be activated: {'model_1': 'activating', 'model_2': 'deactivated', 'model_3': 'deactivated', 'model_4': 'activating', 'model_5': 'activating', 'model_6': 'deactivated'}
[2026-08-21 09:58:37.516 GPU_Scheduler_0] Waiting for models to be activated: {'model_1': 'activating', 'model_2': 'deactivated', 'model_3': 'deactivated', 'model_4': 'activating', 'model_5': 'activating', 'model_6': 'deactivated'}
[2026-08-21 09:58:37.526 GPU_Scheduler_0] Waiting for models to be activated: {'model_1': 'activating', 'model_2': 'deactivated', 'model_3': 'deactivated', 'model_4': 'activating', 'model_5': 'activating', 'model_6': 'deactivated'}
[2026-08-21 09:58:37.536 GPU_Scheduler_0] Waiting for models to be activated: {'model_1': 'activating', 'model_2': 'deactivated', 'model_3': 'deactivated', 'model_4': 'activating', 'model_5': 'activating', 'model_6': 'deactivated'}
[2026-08-21 09:58:37.547 GPU_Scheduler_0] Waiting for models to be activated: {'model_1': 'activating', 'model_2': 'deactivated', 'model_3': 'deactivated', 'model_4': 'activating', 'model_5': 'activating', 'model_6': 'deactivated'}
[2026-08-21 09:58:37.557 GPU_Scheduler_0] Waiting for models to be activated: {'model_1': 'activating', 'model_2': 'deactivated', 'model_3': 'deactivated', 'model_4': 'activating', 'model_5': 'activating', 'model_6': 'deactivated'}
[2026-08-21 09:58:37.567 GPU_Scheduler_0] Waiting for models to be activated: {'model_1': 'activating', 'model_2': 'deactivated', 'model_3': 'deactivated', 'model_4': 'activating', 'model_5': 'activating', 'model_6': 'deactivated'}
[2026-08-21 09:58:37.578 GPU_Scheduler_0] Waiting for models to be activated: {'model_1': 'activating', 'model_2': 'deactivated', 'model_3': 'deactivated', 'model_4': 'activating', 'model_5': 'activating', 'model_6': 'deactivated'}
[2026-08-21 09:58:37.588 GPU_Scheduler_0] Waiting for models to be activated: {'model_1': 'activating', 'model_2': 'deactivated', 'model_3': 'deactivated', 'model_4': 'activating', 'model_5': 'activating', 'model_6': 'deactivated'}
[2026-08-21 09:58:37.598 GPU_Scheduler_0] Waiting for models to be activated: {'model_1': 'activating', 'model_2': 'deactivated', 'model_3': 'deactivated', 'model_4': 'activating', 'model_5': 'activating', 'model_6': 'deactivated'}
[2026-08-21 09:58:37.608 GPU_Scheduler_0] Waiting for models to be activated: {'model_1': 'activating', 'model_2': 'deactivated', 'model_3': 'deactivated', 'model_4': 'activating', 'model_5': 'activating', 'model_6': 'deactivated'}
[2026-08-21 09:58:37.619 GPU_Scheduler_0] Waiting for models to be activated: {'model_1': 'activating', 'model_2': 'deactivated', 'model_3': 'deactivated', 'model_4': 'activating', 'model_5': 'activating', 'model_6': 'deactivated'}
[2026-08-21 09:58:37.629 GPU_Scheduler_0] Waiting for models to be activated: {'model_1': 'activating', 'model_2': 'deactivated', 'model_3': 'deactivated', 'model_4': 'activating', 'model_5': 'activating', 'model_6': 'deactivated'}
[2026-08-21 09:58:37.639 GPU_Scheduler_0] Waiting for models to be activated: {'model_1': 'activating', 'model_2': 'deactivated', 'model_3': 'deactivated', 'model_4': 'activating', 'model_5': 'activating', 'model_6': 'deactivated'}
[2026-08-21 09:58:37.649 GPU_Scheduler_0] Waiting for models to be activated: {'model_1': 'activating', 'model_2': 'deactivated', 'model_3': 'deactivated', 'model_4': 'activating', 'model_5': 'activating', 'model_6': 'deactivated'}
[2026-08-21 09:58:37.660 GPU_Scheduler_0] Waiting for models to be activated: {'model_1': 'activating', 'model_2': 'deactivated', 'model_3': 'deactivated', 'model_4': 'activating', 'model_5': 'activating', 'model_6': 'deactivated'}
[2026-08-21 09:58:37.670 GPU_Scheduler_0] Waiting for models to be activated: {'model_1': 'activating', 'model_2': 'deactivated', 'model_3': 'deactivated', 'model_4': 'activating', 'model_5': 'activating', 'model_6': 'deactivated'}
[2026-08-21 09:58:37.680 GPU_Scheduler_0] Waiting for models to be activated: {'model_1': 'activating', 'model_2': 'deactivated', 'model_3': 'deactivated', 'model_4': 'activating', 'model_5': 'activating', 'model_6': 'deactivated'}
[2026-08-21 09:58:37.690 GPU_Scheduler_0] Waiting for models to be activated: {'model_1': 'activating', 'model_2': 'deactivated', 'model_3': 'deactivated', 'model_4': 'activating', 'model_5': 'activating', 'model_6': 'deactivated'}
[2026-08-21 09:58:37.700 GPU_Scheduler_0] Waiting for models to be activated: {'model_1': 'activating', 'model_2': 'deactivated', 'model_3': 'deactivated', 'model_4': 'activating', 'model_5': 'activating', 'model_6': 'deactivated'}
[2026-08-21 09:58:37.711 GPU_Scheduler_0] Waiting for models to be activated: {'model_1': 'activating', 'model_2': 'deactivated', 'model_3': 'deactivated', 'model_4': 'activating', 'model_5': 'activating', 'model_6': 'deactivated'}
[2026-08-21 09:58:37.721 GPU_Scheduler_0] Waiting for models to be activated: {'model_1': 'activating', 'model_2': 'deactivated', 'model_3': 'deactivated', 'model_4': 'activating', 'model_5': 'activating', 'model_6': 'deactivated'}
[2026-08-21 09:58:37.731 GPU_Scheduler_0] Waiting for models to be activated: {'model_1': 'activating', 'model_2': 'deactivated', 'model_3': 'deactivated', 'model_4': 'activating', 'model_5': 'activating', 'model_6': 'deactivated'}
[2026-08-21 09:58:37.741 GPU_Scheduler_0] Waiting for models to be activated: {'model_1': 'activating', 'model_2': 'deactivated', 'model_3': 'deactivated', 'model_4': 'activating', 'model_5': 'activating', 'model_6': 'deactivated'}
[2026-08-21 09:58:37.752 GPU_Scheduler_0] Waiting for models to be activated: {'model_1': 'activating', 'model_2': 'deactivated', 'model_3': 'deactivated', 'model_4': 'activating', 'model_5': 'activating', 'model_6': 'deactivated'}
[2026-08-21 09:58:37.762 GPU_Scheduler_0] Waiting for models to be activated: {'model_1': 'activating', 'model_2': 'deactivated', 'model_3': 'deactivated', 'model_4': 'activating', 'model_5': 'activating', 'model_6': 'deactivated'}
[2026-08-21 09:58:37.773 GPU_Scheduler_0] Model model_1 (instance 0) activation succeeded on GPU 0
[2026-08-21 09:58:37.773 GPU_Scheduler_0] Waiting for models to be activated: {'model_1': 'activated', 'model_2': 'deactivated', 'model_3': 'deactivated', 'model_4': 'activating', 'model_5': 'activating', 'model_6': 'deactivated'}
[2026-08-21 09:58:37.783 GPU_Scheduler_0] Waiting for models to be activated: {'model_1': 'activated', 'model_2': 'deactivated', 'model_3': 'deactivated', 'model_4': 'activating', 'model_5': 'activating', 'model_6': 'deactivated'}
[2026-08-21 09:58:37.793 GPU_Scheduler_0] Waiting for models to be activated: {'model_1': 'activated', 'model_2': 'deactivated', 'model_3': 'deactivated', 'model_4': 'activating', 'model_5': 'activating', 'model_6': 'deactivated'}
[2026-08-21 09:58:37.803 GPU_Scheduler_0] Waiting for models to be activated: {'model_1': 'activated', 'model_2': 'deactivated', 'model_3': 'deactivated', 'model_4': 'activating', 'model_5': 'activating', 'model_6': 'deactivated'}
[2026-08-21 09:58:37.814 GPU_Scheduler_0] Waiting for models to be activated: {'model_1': 'activated', 'model_2': 'deactivated', 'model_3': 'deactivated', 'model_4': 'activating', 'model_5': 'activating', 'model_6': 'deactivated'}
[2026-08-21 09:58:37.824 GPU_Scheduler_0] Waiting for models to be activated: {'model_1': 'activated', 'model_2': 'deactivated', 'model_3': 'deactivated', 'model_4': 'activating', 'model_5': 'activating', 'model_6': 'deactivated'}
[2026-08-21 09:58:37.834 GPU_Scheduler_0] Waiting for models to be activated: {'model_1': 'activated', 'model_2': 'deactivated', 'model_3': 'deactivated', 'model_4': 'activating', 'model_5': 'activating', 'model_6': 'deactivated'}
[2026-08-21 09:58:37.844 GPU_Scheduler_0] Waiting for models to be activated: {'model_1': 'activated', 'model_2': 'deactivated', 'model_3': 'deactivated', 'model_4': 'activating', 'model_5': 'activating', 'model_6': 'deactivated'}
[2026-08-21 09:58:37.855 GPU_Scheduler_0] Waiting for models to be activated: {'model_1': 'activated', 'model_2': 'deactivated', 'model_3': 'deactivated', 'model_4': 'activating', 'model_5': 'activating', 'model_6': 'deactivated'}
[2026-08-21 09:58:37.865 GPU_Scheduler_0] Waiting for models to be activated: {'model_1': 'activated', 'model_2': 'deactivated', 'model_3': 'deactivated', 'model_4': 'activating', 'model_5': 'activating', 'model_6': 'deactivated'}
[2026-08-21 09:58:37.875 GPU_Scheduler_0] Waiting for models to be activated: {'model_1': 'activated', 'model_2': 'deactivated', 'model_3': 'deactivated', 'model_4': 'activating', 'model_5': 'activating', 'model_6': 'deactivated'}
[2026-08-21 09:58:37.885 GPU_Scheduler_0] Waiting for models to be activated: {'model_1': 'activated', 'model_2': 'deactivated', 'model_3': 'deactivated', 'model_4': 'activating', 'model_5': 'activating', 'model_6': 'deactivated'}
[2026-08-21 09:58:37.896 GPU_Scheduler_0] Waiting for models to be activated: {'model_1': 'activated', 'model_2': 'deactivated', 'model_3': 'deactivated', 'model_4': 'activating', 'model_5': 'activating', 'model_6': 'deactivated'}
[2026-08-21 09:58:37.906 GPU_Scheduler_0] Waiting for models to be activated: {'model_1': 'activated', 'model_2': 'deactivated', 'model_3': 'deactivated', 'model_4': 'activating', 'model_5': 'activating', 'model_6': 'deactivated'}
[2026-08-21 09:58:37.916 GPU_Scheduler_0] Waiting for models to be activated: {'model_1': 'activated', 'model_2': 'deactivated', 'model_3': 'deactivated', 'model_4': 'activating', 'model_5': 'activating', 'model_6': 'deactivated'}
[2026-08-21 09:58:37.926 GPU_Scheduler_0] Waiting for models to be activated: {'model_1': 'activated', 'model_2': 'deactivated', 'model_3': 'deactivated', 'model_4': 'activating', 'model_5': 'activating', 'model_6': 'deactivated'}
[2026-08-21 09:58:37.937 GPU_Scheduler_0] Waiting for models to be activated: {'model_1': 'activated', 'model_2': 'deactivated', 'model_3': 'deactivated', 'model_4': 'activating', 'model_5': 'activating', 'model_6': 'deactivated'}
[2026-08-21 09:58:37.947 GPU_Scheduler_0] Waiting for models to be activated: {'model_1': 'activated', 'model_2': 'deactivated', 'model_3': 'deactivated', 'model_4': 'activating', 'model_5': 'activating', 'model_6': 'deactivated'}
[2026-08-21 09:58:37.957 GPU_Scheduler_0] Waiting for models to be activated: {'model_1': 'activated', 'model_2': 'deactivated', 'model_3': 'deactivated', 'model_4': 'activating', 'model_5': 'activating', 'model_6': 'deactivated'}
[2026-08-21 09:58:37.967 GPU_Scheduler_0] Waiting for models to be activated: {'model_1': 'activated', 'model_2': 'deactivated', 'model_3': 'deactivated', 'model_4': 'activating', 'model_5': 'activating', 'model_6': 'deactivated'}
[2026-08-21 09:58:37.978 GPU_Scheduler_0] Waiting for models to be activated: {'model_1': 'activated', 'model_2': 'deactivated', 'model_3': 'deactivated', 'model_4': 'activating', 'model_5': 'activating', 'model_6': 'deactivated'}
[2026-08-21 09:58:37.988 GPU_Scheduler_0] Waiting for models to be activated: {'model_1': 'activated', 'model_2': 'deactivated', 'model_3': 'deactivated', 'model_4': 'activating', 'model_5': 'activating', 'model_6': 'deactivated'}
[2026-08-21 09:58:37.998 GPU_Scheduler_0] Waiting for models to be activated: {'model_1': 'activated', 'model_2': 'deactivated', 'model_3': 'deactivated', 'model_4': 'activating', 'model_5': 'activating', 'model_6': 'deactivated'}
[2026-08-21 09:58:38.008 GPU_Scheduler_0] Waiting for models to be activated: {'model_1': 'activated', 'model_2': 'deactivated', 'model_3': 'deactivated', 'model_4': 'activating', 'model_5': 'activating', 'model_6': 'deactivated'}
[2026-08-21 09:58:38.019 GPU_Scheduler_0] Waiting for models to be activated: {'model_1': 'activated', 'model_2': 'deactivated', 'model_3': 'deactivated', 'model_4': 'activating', 'model_5': 'activating', 'model_6': 'deactivated'}
[2026-08-21 09:58:38.029 GPU_Scheduler_0] Waiting for models to be activated: {'model_1': 'activated', 'model_2': 'deactivated', 'model_3': 'deactivated', 'model_4': 'activating', 'model_5': 'activating', 'model_6': 'deactivated'}
[2026-08-21 09:58:38.039 GPU_Scheduler_0] Waiting for models to be activated: {'model_1': 'activated', 'model_2': 'deactivated', 'model_3': 'deactivated', 'model_4': 'activating', 'model_5': 'activating', 'model_6': 'deactivated'}
[2026-08-21 09:58:38.049 GPU_Scheduler_0] Waiting for models to be activated: {'model_1': 'activated', 'model_2': 'deactivated', 'model_3': 'deactivated', 'model_4': 'activating', 'model_5': 'activating', 'model_6': 'deactivated'}
[2026-08-21 09:58:38.060 GPU_Scheduler_0] Waiting for models to be activated: {'model_1': 'activated', 'model_2': 'deactivated', 'model_3': 'deactivated', 'model_4': 'activating', 'model_5': 'activating', 'model_6': 'deactivated'}
[2026-08-21 09:58:38.070 GPU_Scheduler_0] Waiting for models to be activated: {'model_1': 'activated', 'model_2': 'deactivated', 'model_3': 'deactivated', 'model_4': 'activating', 'model_5': 'activating', 'model_6': 'deactivated'}
[2026-08-21 09:58:38.080 GPU_Scheduler_0] Waiting for models to be activated: {'model_1': 'activated', 'model_2': 'deactivated', 'model_3': 'deactivated', 'model_4': 'activating', 'model_5': 'activating', 'model_6': 'deactivated'}
[2026-08-21 09:58:38.091 GPU_Scheduler_0] Waiting for models to be activated: {'model_1': 'activated', 'model_2': 'deactivated', 'model_3': 'deactivated', 'model_4': 'activating', 'model_5': 'activating', 'model_6': 'deactivated'}
[2026-08-21 09:58:38.101 GPU_Scheduler_0] Waiting for models to be activated: {'model_1': 'activated', 'model_2': 'deactivated', 'model_3': 'deactivated', 'model_4': 'activating', 'model_5': 'activating', 'model_6': 'deactivated'}
[2026-08-21 09:58:38.111 GPU_Scheduler_0] Waiting for models to be activated: {'model_1': 'activated', 'model_2': 'deactivated', 'model_3': 'deactivated', 'model_4': 'activating', 'model_5': 'activating', 'model_6': 'deactivated'}
[2026-08-21 09:58:38.121 GPU_Scheduler_0] Waiting for models to be activated: {'model_1': 'activated', 'model_2': 'deactivated', 'model_3': 'deactivated', 'model_4': 'activating', 'model_5': 'activating', 'model_6': 'deactivated'}
[2026-08-21 09:58:38.132 GPU_Scheduler_0] Waiting for models to be activated: {'model_1': 'activated', 'model_2': 'deactivated', 'model_3': 'deactivated', 'model_4': 'activating', 'model_5': 'activating', 'model_6': 'deactivated'}
[2026-08-21 09:58:38.142 GPU_Scheduler_0] Waiting for models to be activated: {'model_1': 'activated', 'model_2': 'deactivated', 'model_3': 'deactivated', 'model_4': 'activating', 'model_5': 'activating', 'model_6': 'deactivated'}
[2026-08-21 09:58:38.152 GPU_Scheduler_0] Waiting for models to be activated: {'model_1': 'activated', 'model_2': 'deactivated', 'model_3': 'deactivated', 'model_4': 'activating', 'model_5': 'activating', 'model_6': 'deactivated'}
[2026-08-21 09:58:38.162 GPU_Scheduler_0] Waiting for models to be activated: {'model_1': 'activated', 'model_2': 'deactivated', 'model_3': 'deactivated', 'model_4': 'activating', 'model_5': 'activating', 'model_6': 'deactivated'}
[2026-08-21 09:58:38.173 GPU_Scheduler_0] Waiting for models to be activated: {'model_1': 'activated', 'model_2': 'deactivated', 'model_3': 'deactivated', 'model_4': 'activating', 'model_5': 'activating', 'model_6': 'deactivated'}
[2026-08-21 09:58:38.183 GPU_Scheduler_0] Waiting for models to be activated: {'model_1': 'activated', 'model_2': 'deactivated', 'model_3': 'deactivated', 'model_4': 'activating', 'model_5': 'activating', 'model_6': 'deactivated'}
[2026-08-21 09:58:38.193 GPU_Scheduler_0] Waiting for models to be activated: {'model_1': 'activated', 'model_2': 'deactivated', 'model_3': 'deactivated', 'model_4': 'activating', 'model_5': 'activating', 'model_6': 'deactivated'}
[2026-08-21 09:58:38.203 GPU_Scheduler_0] Waiting for models to be activated: {'model_1': 'activated', 'model_2': 'deactivated', 'model_3': 'deactivated', 'model_4': 'activating', 'model_5': 'activating', 'model_6': 'deactivated'}
[2026-08-21 09:58:38.214 GPU_Scheduler_0] Waiting for models to be activated: {'model_1': 'activated', 'model_2': 'deactivated', 'model_3': 'deactivated', 'model_4': 'activating', 'model_5': 'activating', 'model_6': 'deactivated'}
[2026-08-21 09:58:38.224 GPU_Scheduler_0] Waiting for models to be activated: {'model_1': 'activated', 'model_2': 'deactivated', 'model_3': 'deactivated', 'model_4': 'activating', 'model_5': 'activating', 'model_6': 'deactivated'}
[2026-08-21 09:58:38.234 GPU_Scheduler_0] Waiting for models to be activated: {'model_1': 'activated', 'model_2': 'deactivated', 'model_3': 'deactivated', 'model_4': 'activating', 'model_5': 'activating', 'model_6': 'deactivated'}
[2026-08-21 09:58:38.244 GPU_Scheduler_0] Waiting for models to be activated: {'model_1': 'activated', 'model_2': 'deactivated', 'model_3': 'deactivated', 'model_4': 'activating', 'model_5': 'activating', 'model_6': 'deactivated'}
[2026-08-21 09:58:38.255 GPU_Scheduler_0] Waiting for models to be activated: {'model_1': 'activated', 'model_2': 'deactivated', 'model_3': 'deactivated', 'model_4': 'activating', 'model_5': 'activating', 'model_6': 'deactivated'}
[2026-08-21 09:58:38.265 GPU_Scheduler_0] Waiting for models to be activated: {'model_1': 'activated', 'model_2': 'deactivated', 'model_3': 'deactivated', 'model_4': 'activating', 'model_5': 'activating', 'model_6': 'deactivated'}
[2026-08-21 09:58:38.275 GPU_Scheduler_0] Waiting for models to be activated: {'model_1': 'activated', 'model_2': 'deactivated', 'model_3': 'deactivated', 'model_4': 'activating', 'model_5': 'activating', 'model_6': 'deactivated'}
[2026-08-21 09:58:38.285 GPU_Scheduler_0] Waiting for models to be activated: {'model_1': 'activated', 'model_2': 'deactivated', 'model_3': 'deactivated', 'model_4': 'activating', 'model_5': 'activating', 'model_6': 'deactivated'}
[2026-08-21 09:58:38.296 GPU_Scheduler_0] Waiting for models to be activated: {'model_1': 'activated', 'model_2': 'deactivated', 'model_3': 'deactivated', 'model_4': 'activating', 'model_5': 'activating', 'model_6': 'deactivated'}
[2026-08-21 09:58:38.306 GPU_Scheduler_0] Waiting for models to be activated: {'model_1': 'activated', 'model_2': 'deactivated', 'model_3': 'deactivated', 'model_4': 'activating', 'model_5': 'activating', 'model_6': 'deactivated'}
[2026-08-21 09:58:38.316 GPU_Scheduler_0] Waiting for models to be activated: {'model_1': 'activated', 'model_2': 'deactivated', 'model_3': 'deactivated', 'model_4': 'activating', 'model_5': 'activating', 'model_6': 'deactivated'}
[2026-08-21 09:58:38.327 GPU_Scheduler_0] Waiting for models to be activated: {'model_1': 'activated', 'model_2': 'deactivated', 'model_3': 'deactivated', 'model_4': 'activating', 'model_5': 'activating', 'model_6': 'deactivated'}
[2026-08-21 09:58:38.337 GPU_Scheduler_0] Waiting for models to be activated: {'model_1': 'activated', 'model_2': 'deactivated', 'model_3': 'deactivated', 'model_4': 'activating', 'model_5': 'activating', 'model_6': 'deactivated'}
[2026-08-21 09:58:38.347 GPU_Scheduler_0] Waiting for models to be activated: {'model_1': 'activated', 'model_2': 'deactivated', 'model_3': 'deactivated', 'model_4': 'activating', 'model_5': 'activating', 'model_6': 'deactivated'}
[2026-08-21 09:58:38.358 GPU_Scheduler_0] Waiting for models to be activated: {'model_1': 'activated', 'model_2': 'deactivated', 'model_3': 'deactivated', 'model_4': 'activating', 'model_5': 'activating', 'model_6': 'deactivated'}
[2026-08-21 09:58:38.368 GPU_Scheduler_0] Waiting for models to be activated: {'model_1': 'activated', 'model_2': 'deactivated', 'model_3': 'deactivated', 'model_4': 'activating', 'model_5': 'activating', 'model_6': 'deactivated'}
[2026-08-21 09:58:38.378 GPU_Scheduler_0] Waiting for models to be activated: {'model_1': 'activated', 'model_2': 'deactivated', 'model_3': 'deactivated', 'model_4': 'activating', 'model_5': 'activating', 'model_6': 'deactivated'}
[2026-08-21 09:58:38.388 GPU_Scheduler_0] Waiting for models to be activated: {'model_1': 'activated', 'model_2': 'deactivated', 'model_3': 'deactivated', 'model_4': 'activating', 'model_5': 'activating', 'model_6': 'deactivated'}
[2026-08-21 09:58:38.399 GPU_Scheduler_0] Waiting for models to be activated: {'model_1': 'activated', 'model_2': 'deactivated', 'model_3': 'deactivated', 'model_4': 'activating', 'model_5': 'activating', 'model_6': 'deactivated'}
[2026-08-21 09:58:38.409 GPU_Scheduler_0] Waiting for models to be activated: {'model_1': 'activated', 'model_2': 'deactivated', 'model_3': 'deactivated', 'model_4': 'activating', 'model_5': 'activating', 'model_6': 'deactivated'}
[2026-08-21 09:58:38.419 GPU_Scheduler_0] Waiting for models to be activated: {'model_1': 'activated', 'model_2': 'deactivated', 'model_3': 'deactivated', 'model_4': 'activating', 'model_5': 'activating', 'model_6': 'deactivated'}
[2026-08-21 09:58:38.430 GPU_Scheduler_0] Waiting for models to be activated: {'model_1': 'activated', 'model_2': 'deactivated', 'model_3': 'deactivated', 'model_4': 'activating', 'model_5': 'activating', 'model_6': 'deactivated'}
[2026-08-21 09:58:38.440 GPU_Scheduler_0] Waiting for models to be activated: {'model_1': 'activated', 'model_2': 'deactivated', 'model_3': 'deactivated', 'model_4': 'activating', 'model_5': 'activating', 'model_6': 'deactivated'}
[2026-08-21 09:58:38.450 GPU_Scheduler_0] Waiting for models to be activated: {'model_1': 'activated', 'model_2': 'deactivated', 'model_3': 'deactivated', 'model_4': 'activating', 'model_5': 'activating', 'model_6': 'deactivated'}
[2026-08-21 09:58:38.461 GPU_Scheduler_0] Waiting for models to be activated: {'model_1': 'activated', 'model_2': 'deactivated', 'model_3': 'deactivated', 'model_4': 'activating', 'model_5': 'activating', 'model_6': 'deactivated'}
[2026-08-21 09:58:38.471 GPU_Scheduler_0] Waiting for models to be activated: {'model_1': 'activated', 'model_2': 'deactivated', 'model_3': 'deactivated', 'model_4': 'activating', 'model_5': 'activating', 'model_6': 'deactivated'}
[2026-08-21 09:58:38.481 GPU_Scheduler_0] Waiting for models to be activated: {'model_1': 'activated', 'model_2': 'deactivated', 'model_3': 'deactivated', 'model_4': 'activating', 'model_5': 'activating', 'model_6': 'deactivated'}
[2026-08-21 09:58:38.491 GPU_Scheduler_0] Waiting for models to be activated: {'model_1': 'activated', 'model_2': 'deactivated', 'model_3': 'deactivated', 'model_4': 'activating', 'model_5': 'activating', 'model_6': 'deactivated'}
[2026-08-21 09:58:38.502 GPU_Scheduler_0] Waiting for models to be activated: {'model_1': 'activated', 'model_2': 'deactivated', 'model_3': 'deactivated', 'model_4': 'activating', 'model_5': 'activating', 'model_6': 'deactivated'}
[2026-08-21 09:58:38.512 GPU_Scheduler_0] Waiting for models to be activated: {'model_1': 'activated', 'model_2': 'deactivated', 'model_3': 'deactivated', 'model_4': 'activating', 'model_5': 'activating', 'model_6': 'deactivated'}
[2026-08-21 09:58:38.522 GPU_Scheduler_0] Waiting for models to be activated: {'model_1': 'activated', 'model_2': 'deactivated', 'model_3': 'deactivated', 'model_4': 'activating', 'model_5': 'activating', 'model_6': 'deactivated'}
[2026-08-21 09:58:38.532 GPU_Scheduler_0] Waiting for models to be activated: {'model_1': 'activated', 'model_2': 'deactivated', 'model_3': 'deactivated', 'model_4': 'activating', 'model_5': 'activating', 'model_6': 'deactivated'}
[2026-08-21 09:58:38.543 GPU_Scheduler_0] Waiting for models to be activated: {'model_1': 'activated', 'model_2': 'deactivated', 'model_3': 'deactivated', 'model_4': 'activating', 'model_5': 'activating', 'model_6': 'deactivated'}
[2026-08-21 09:58:38.553 GPU_Scheduler_0] Waiting for models to be activated: {'model_1': 'activated', 'model_2': 'deactivated', 'model_3': 'deactivated', 'model_4': 'activating', 'model_5': 'activating', 'model_6': 'deactivated'}
[2026-08-21 09:58:38.563 GPU_Scheduler_0] Waiting for models to be activated: {'model_1': 'activated', 'model_2': 'deactivated', 'model_3': 'deactivated', 'model_4': 'activating', 'model_5': 'activating', 'model_6': 'deactivated'}
[2026-08-21 09:58:38.574 GPU_Scheduler_0] Waiting for models to be activated: {'model_1': 'activated', 'model_2': 'deactivated', 'model_3': 'deactivated', 'model_4': 'activating', 'model_5': 'activating', 'model_6': 'deactivated'}
[2026-08-21 09:58:38.584 GPU_Scheduler_0] Waiting for models to be activated: {'model_1': 'activated', 'model_2': 'deactivated', 'model_3': 'deactivated', 'model_4': 'activating', 'model_5': 'activating', 'model_6': 'deactivated'}
[2026-08-21 09:58:38.594 GPU_Scheduler_0] Waiting for models to be activated: {'model_1': 'activated', 'model_2': 'deactivated', 'model_3': 'deactivated', 'model_4': 'activating', 'model_5': 'activating', 'model_6': 'deactivated'}
[2026-08-21 09:58:38.604 GPU_Scheduler_0] Waiting for models to be activated: {'model_1': 'activated', 'model_2': 'deactivated', 'model_3': 'deactivated', 'model_4': 'activating', 'model_5': 'activating', 'model_6': 'deactivated'}
[2026-08-21 09:58:38.615 GPU_Scheduler_0] Waiting for models to be activated: {'model_1': 'activated', 'model_2': 'deactivated', 'model_3': 'deactivated', 'model_4': 'activating', 'model_5': 'activating', 'model_6': 'deactivated'}
[2026-08-21 09:58:38.625 GPU_Scheduler_0] Waiting for models to be activated: {'model_1': 'activated', 'model_2': 'deactivated', 'model_3': 'deactivated', 'model_4': 'activating', 'model_5': 'activating', 'model_6': 'deactivated'}
[2026-08-21 09:58:38.635 GPU_Scheduler_0] Waiting for models to be activated: {'model_1': 'activated', 'model_2': 'deactivated', 'model_3': 'deactivated', 'model_4': 'activating', 'model_5': 'activating', 'model_6': 'deactivated'}
[2026-08-21 09:58:38.645 GPU_Scheduler_0] Waiting for models to be activated: {'model_1': 'activated', 'model_2': 'deactivated', 'model_3': 'deactivated', 'model_4': 'activating', 'model_5': 'activating', 'model_6': 'deactivated'}
[2026-08-21 09:58:38.656 GPU_Scheduler_0] Waiting for models to be activated: {'model_1': 'activated', 'model_2': 'deactivated', 'model_3': 'deactivated', 'model_4': 'activating', 'model_5': 'activating', 'model_6': 'deactivated'}
[2026-08-21 09:58:38.666 GPU_Scheduler_0] Waiting for models to be activated: {'model_1': 'activated', 'model_2': 'deactivated', 'model_3': 'deactivated', 'model_4': 'activating', 'model_5': 'activating', 'model_6': 'deactivated'}
[2026-08-21 09:58:38.676 GPU_Scheduler_0] Waiting for models to be activated: {'model_1': 'activated', 'model_2': 'deactivated', 'model_3': 'deactivated', 'model_4': 'activating', 'model_5': 'activating', 'model_6': 'deactivated'}
[2026-08-21 09:58:38.686 GPU_Scheduler_0] Waiting for models to be activated: {'model_1': 'activated', 'model_2': 'deactivated', 'model_3': 'deactivated', 'model_4': 'activating', 'model_5': 'activating', 'model_6': 'deactivated'}
[2026-08-21 09:58:38.697 GPU_Scheduler_0] Waiting for models to be activated: {'model_1': 'activated', 'model_2': 'deactivated', 'model_3': 'deactivated', 'model_4': 'activating', 'model_5': 'activating', 'model_6': 'deactivated'}
[2026-08-21 09:58:38.707 GPU_Scheduler_0] Waiting for models to be activated: {'model_1': 'activated', 'model_2': 'deactivated', 'model_3': 'deactivated', 'model_4': 'activating', 'model_5': 'activating', 'model_6': 'deactivated'}
[2026-08-21 09:58:38.717 GPU_Scheduler_0] Waiting for models to be activated: {'model_1': 'activated', 'model_2': 'deactivated', 'model_3': 'deactivated', 'model_4': 'activating', 'model_5': 'activating', 'model_6': 'deactivated'}
[2026-08-21 09:58:38.727 GPU_Scheduler_0] Waiting for models to be activated: {'model_1': 'activated', 'model_2': 'deactivated', 'model_3': 'deactivated', 'model_4': 'activating', 'model_5': 'activating', 'model_6': 'deactivated'}
[2026-08-21 09:58:38.737 GPU_Scheduler_0] Waiting for models to be activated: {'model_1': 'activated', 'model_2': 'deactivated', 'model_3': 'deactivated', 'model_4': 'activating', 'model_5': 'activating', 'model_6': 'deactivated'}
[2026-08-21 09:58:38.748 GPU_Scheduler_0] Waiting for models to be activated: {'model_1': 'activated', 'model_2': 'deactivated', 'model_3': 'deactivated', 'model_4': 'activating', 'model_5': 'activating', 'model_6': 'deactivated'}
[2026-08-21 09:58:38.758 GPU_Scheduler_0] Waiting for models to be activated: {'model_1': 'activated', 'model_2': 'deactivated', 'model_3': 'deactivated', 'model_4': 'activating', 'model_5': 'activating', 'model_6': 'deactivated'}
[2026-08-21 09:58:38.768 GPU_Scheduler_0] Waiting for models to be activated: {'model_1': 'activated', 'model_2': 'deactivated', 'model_3': 'deactivated', 'model_4': 'activating', 'model_5': 'activating', 'model_6': 'deactivated'}
[2026-08-21 09:58:38.778 GPU_Scheduler_0] Waiting for models to be activated: {'model_1': 'activated', 'model_2': 'deactivated', 'model_3': 'deactivated', 'model_4': 'activating', 'model_5': 'activating', 'model_6': 'deactivated'}
[2026-08-21 09:58:38.789 GPU_Scheduler_0] Waiting for models to be activated: {'model_1': 'activated', 'model_2': 'deactivated', 'model_3': 'deactivated', 'model_4': 'activating', 'model_5': 'activating', 'model_6': 'deactivated'}
[2026-08-21 09:58:38.799 GPU_Scheduler_0] Waiting for models to be activated: {'model_1': 'activated', 'model_2': 'deactivated', 'model_3': 'deactivated', 'model_4': 'activating', 'model_5': 'activating', 'model_6': 'deactivated'}
[2026-08-21 09:58:38.809 GPU_Scheduler_0] Waiting for models to be activated: {'model_1': 'activated', 'model_2': 'deactivated', 'model_3': 'deactivated', 'model_4': 'activating', 'model_5': 'activating', 'model_6': 'deactivated'}
[2026-08-21 09:58:38.820 GPU_Scheduler_0] Waiting for models to be activated: {'model_1': 'activated', 'model_2': 'deactivated', 'model_3': 'deactivated', 'model_4': 'activating', 'model_5': 'activating', 'model_6': 'deactivated'}
[2026-08-21 09:58:38.830 GPU_Scheduler_0] Waiting for models to be activated: {'model_1': 'activated', 'model_2': 'deactivated', 'model_3': 'deactivated', 'model_4': 'activating', 'model_5': 'activating', 'model_6': 'deactivated'}
[2026-08-21 09:58:38.840 GPU_Scheduler_0] Waiting for models to be activated: {'model_1': 'activated', 'model_2': 'deactivated', 'model_3': 'deactivated', 'model_4': 'activating', 'model_5': 'activating', 'model_6': 'deactivated'}
[2026-08-21 09:58:38.851 GPU_Scheduler_0] Waiting for models to be activated: {'model_1': 'activated', 'model_2': 'deactivated', 'model_3': 'deactivated', 'model_4': 'activating', 'model_5': 'activating', 'model_6': 'deactivated'}
[2026-08-21 09:58:38.861 GPU_Scheduler_0] Waiting for models to be activated: {'model_1': 'activated', 'model_2': 'deactivated', 'model_3': 'deactivated', 'model_4': 'activating', 'model_5': 'activating', 'model_6': 'deactivated'}
[2026-08-21 09:58:38.871 GPU_Scheduler_0] Waiting for models to be activated: {'model_1': 'activated', 'model_2': 'deactivated', 'model_3': 'deactivated', 'model_4': 'activating', 'model_5': 'activating', 'model_6': 'deactivated'}
[2026-08-21 09:58:38.881 GPU_Scheduler_0] Waiting for models to be activated: {'model_1': 'activated', 'model_2': 'deactivated', 'model_3': 'deactivated', 'model_4': 'activating', 'model_5': 'activating', 'model_6': 'deactivated'}
[2026-08-21 09:58:38.891 GPU_Scheduler_0] Waiting for models to be activated: {'model_1': 'activated', 'model_2': 'deactivated', 'model_3': 'deactivated', 'model_4': 'activating', 'model_5': 'activating', 'model_6': 'deactivated'}
[2026-08-21 09:58:38.902 GPU_Scheduler_0] Waiting for models to be activated: {'model_1': 'activated', 'model_2': 'deactivated', 'model_3': 'deactivated', 'model_4': 'activating', 'model_5': 'activating', 'model_6': 'deactivated'}
[2026-08-21 09:58:38.912 GPU_Scheduler_0] Waiting for models to be activated: {'model_1': 'activated', 'model_2': 'deactivated', 'model_3': 'deactivated', 'model_4': 'activating', 'model_5': 'activating', 'model_6': 'deactivated'}
[2026-08-21 09:58:38.922 GPU_Scheduler_0] Waiting for models to be activated: {'model_1': 'activated', 'model_2': 'deactivated', 'model_3': 'deactivated', 'model_4': 'activating', 'model_5': 'activating', 'model_6': 'deactivated'}
[2026-08-21 09:58:38.933 GPU_Scheduler_0] Waiting for models to be activated: {'model_1': 'activated', 'model_2': 'deactivated', 'model_3': 'deactivated', 'model_4': 'activating', 'model_5': 'activating', 'model_6': 'deactivated'}
[2026-08-21 09:58:38.943 GPU_Scheduler_0] Waiting for models to be activated: {'model_1': 'activated', 'model_2': 'deactivated', 'model_3': 'deactivated', 'model_4': 'activating', 'model_5': 'activating', 'model_6': 'deactivated'}
[2026-08-21 09:58:38.953 GPU_Scheduler_0] Waiting for models to be activated: {'model_1': 'activated', 'model_2': 'deactivated', 'model_3': 'deactivated', 'model_4': 'activating', 'model_5': 'activating', 'model_6': 'deactivated'}
[2026-08-21 09:58:38.963 GPU_Scheduler_0] Waiting for models to be activated: {'model_1': 'activated', 'model_2': 'deactivated', 'model_3': 'deactivated', 'model_4': 'activating', 'model_5': 'activating', 'model_6': 'deactivated'}
[2026-08-21 09:58:38.973 GPU_Scheduler_0] Waiting for models to be activated: {'model_1': 'activated', 'model_2': 'deactivated', 'model_3': 'deactivated', 'model_4': 'activating', 'model_5': 'activating', 'model_6': 'deactivated'}
[2026-08-21 09:58:38.984 GPU_Scheduler_0] Waiting for models to be activated: {'model_1': 'activated', 'model_2': 'deactivated', 'model_3': 'deactivated', 'model_4': 'activating', 'model_5': 'activating', 'model_6': 'deactivated'}
[2026-08-21 09:58:38.994 GPU_Scheduler_0] Waiting for models to be activated: {'model_1': 'activated', 'model_2': 'deactivated', 'model_3': 'deactivated', 'model_4': 'activating', 'model_5': 'activating', 'model_6': 'deactivated'}
[2026-08-21 09:58:39.005 GPU_Scheduler_0] Waiting for models to be activated: {'model_1': 'activated', 'model_2': 'deactivated', 'model_3': 'deactivated', 'model_4': 'activating', 'model_5': 'activating', 'model_6': 'deactivated'}
[2026-08-21 09:58:39.015 GPU_Scheduler_0] Waiting for models to be activated: {'model_1': 'activated', 'model_2': 'deactivated', 'model_3': 'deactivated', 'model_4': 'activating', 'model_5': 'activating', 'model_6': 'deactivated'}
[2026-08-21 09:58:39.025 GPU_Scheduler_0] Waiting for models to be activated: {'model_1': 'activated', 'model_2': 'deactivated', 'model_3': 'deactivated', 'model_4': 'activating', 'model_5': 'activating', 'model_6': 'deactivated'}
[2026-08-21 09:58:39.036 GPU_Scheduler_0] Waiting for models to be activated: {'model_1': 'activated', 'model_2': 'deactivated', 'model_3': 'deactivated', 'model_4': 'activating', 'model_5': 'activating', 'model_6': 'deactivated'}
[2026-08-21 09:58:39.046 GPU_Scheduler_0] Waiting for models to be activated: {'model_1': 'activated', 'model_2': 'deactivated', 'model_3': 'deactivated', 'model_4': 'activating', 'model_5': 'activating', 'model_6': 'deactivated'}
[2026-08-21 09:58:39.056 GPU_Scheduler_0] Waiting for models to be activated: {'model_1': 'activated', 'model_2': 'deactivated', 'model_3': 'deactivated', 'model_4': 'activating', 'model_5': 'activating', 'model_6': 'deactivated'}
[2026-08-21 09:58:39.067 GPU_Scheduler_0] Waiting for models to be activated: {'model_1': 'activated', 'model_2': 'deactivated', 'model_3': 'deactivated', 'model_4': 'activating', 'model_5': 'activating', 'model_6': 'deactivated'}
[2026-08-21 09:58:39.077 GPU_Scheduler_0] Waiting for models to be activated: {'model_1': 'activated', 'model_2': 'deactivated', 'model_3': 'deactivated', 'model_4': 'activating', 'model_5': 'activating', 'model_6': 'deactivated'}
[2026-08-21 09:58:39.087 GPU_Scheduler_0] Waiting for models to be activated: {'model_1': 'activated', 'model_2': 'deactivated', 'model_3': 'deactivated', 'model_4': 'activating', 'model_5': 'activating', 'model_6': 'deactivated'}
[2026-08-21 09:58:39.098 GPU_Scheduler_0] Waiting for models to be activated: {'model_1': 'activated', 'model_2': 'deactivated', 'model_3': 'deactivated', 'model_4': 'activating', 'model_5': 'activating', 'model_6': 'deactivated'}
[2026-08-21 09:58:39.108 GPU_Scheduler_0] Waiting for models to be activated: {'model_1': 'activated', 'model_2': 'deactivated', 'model_3': 'deactivated', 'model_4': 'activating', 'model_5': 'activating', 'model_6': 'deactivated'}
[2026-08-21 09:58:39.119 GPU_Scheduler_0] Waiting for models to be activated: {'model_1': 'activated', 'model_2': 'deactivated', 'model_3': 'deactivated', 'model_4': 'activating', 'model_5': 'activating', 'model_6': 'deactivated'}
[2026-08-21 09:58:39.129 GPU_Scheduler_0] Waiting for models to be activated: {'model_1': 'activated', 'model_2': 'deactivated', 'model_3': 'deactivated', 'model_4': 'activating', 'model_5': 'activating', 'model_6': 'deactivated'}
[2026-08-21 09:58:39.139 GPU_Scheduler_0] Waiting for models to be activated: {'model_1': 'activated', 'model_2': 'deactivated', 'model_3': 'deactivated', 'model_4': 'activating', 'model_5': 'activating', 'model_6': 'deactivated'}
[2026-08-21 09:58:39.149 GPU_Scheduler_0] Waiting for models to be activated: {'model_1': 'activated', 'model_2': 'deactivated', 'model_3': 'deactivated', 'model_4': 'activating', 'model_5': 'activating', 'model_6': 'deactivated'}
[2026-08-21 09:58:39.160 GPU_Scheduler_0] Waiting for models to be activated: {'model_1': 'activated', 'model_2': 'deactivated', 'model_3': 'deactivated', 'model_4': 'activating', 'model_5': 'activating', 'model_6': 'deactivated'}
[2026-08-21 09:58:39.170 GPU_Scheduler_0] Waiting for models to be activated: {'model_1': 'activated', 'model_2': 'deactivated', 'model_3': 'deactivated', 'model_4': 'activating', 'model_5': 'activating', 'model_6': 'deactivated'}
[2026-08-21 09:58:39.180 GPU_Scheduler_0] Waiting for models to be activated: {'model_1': 'activated', 'model_2': 'deactivated', 'model_3': 'deactivated', 'model_4': 'activating', 'model_5': 'activating', 'model_6': 'deactivated'}
[2026-08-21 09:58:39.191 GPU_Scheduler_0] Waiting for models to be activated: {'model_1': 'activated', 'model_2': 'deactivated', 'model_3': 'deactivated', 'model_4': 'activating', 'model_5': 'activating', 'model_6': 'deactivated'}
[2026-08-21 09:58:39.201 GPU_Scheduler_0] Waiting for models to be activated: {'model_1': 'activated', 'model_2': 'deactivated', 'model_3': 'deactivated', 'model_4': 'activating', 'model_5': 'activating', 'model_6': 'deactivated'}
[2026-08-21 09:58:39.212 GPU_Scheduler_0] Waiting for models to be activated: {'model_1': 'activated', 'model_2': 'deactivated', 'model_3': 'deactivated', 'model_4': 'activating', 'model_5': 'activating', 'model_6': 'deactivated'}
[2026-08-21 09:58:39.222 GPU_Scheduler_0] Waiting for models to be activated: {'model_1': 'activated', 'model_2': 'deactivated', 'model_3': 'deactivated', 'model_4': 'activating', 'model_5': 'activating', 'model_6': 'deactivated'}
[2026-08-21 09:58:39.233 GPU_Scheduler_0] Waiting for models to be activated: {'model_1': 'activated', 'model_2': 'deactivated', 'model_3': 'deactivated', 'model_4': 'activating', 'model_5': 'activating', 'model_6': 'deactivated'}
[2026-08-21 09:58:39.243 GPU_Scheduler_0] Waiting for models to be activated: {'model_1': 'activated', 'model_2': 'deactivated', 'model_3': 'deactivated', 'model_4': 'activating', 'model_5': 'activating', 'model_6': 'deactivated'}
[2026-08-21 09:58:39.253 GPU_Scheduler_0] Waiting for models to be activated: {'model_1': 'activated', 'model_2': 'deactivated', 'model_3': 'deactivated', 'model_4': 'activating', 'model_5': 'activating', 'model_6': 'deactivated'}
[2026-08-21 09:58:39.264 GPU_Scheduler_0] Waiting for models to be activated: {'model_1': 'activated', 'model_2': 'deactivated', 'model_3': 'deactivated', 'model_4': 'activating', 'model_5': 'activating', 'model_6': 'deactivated'}
[2026-08-21 09:58:39.274 GPU_Scheduler_0] Waiting for models to be activated: {'model_1': 'activated', 'model_2': 'deactivated', 'model_3': 'deactivated', 'model_4': 'activating', 'model_5': 'activating', 'model_6': 'deactivated'}
[2026-08-21 09:58:39.285 GPU_Scheduler_0] Waiting for models to be activated: {'model_1': 'activated', 'model_2': 'deactivated', 'model_3': 'deactivated', 'model_4': 'activating', 'model_5': 'activating', 'model_6': 'deactivated'}
[2026-08-21 09:58:39.295 GPU_Scheduler_0] Waiting for models to be activated: {'model_1': 'activated', 'model_2': 'deactivated', 'model_3': 'deactivated', 'model_4': 'activating', 'model_5': 'activating', 'model_6': 'deactivated'}
[2026-08-21 09:58:39.306 GPU_Scheduler_0] Waiting for models to be activated: {'model_1': 'activated', 'model_2': 'deactivated', 'model_3': 'deactivated', 'model_4': 'activating', 'model_5': 'activating', 'model_6': 'deactivated'}
[2026-08-21 09:58:39.316 GPU_Scheduler_0] Waiting for models to be activated: {'model_1': 'activated', 'model_2': 'deactivated', 'model_3': 'deactivated', 'model_4': 'activating', 'model_5': 'activating', 'model_6': 'deactivated'}
[2026-08-21 09:58:39.326 GPU_Scheduler_0] Waiting for models to be activated: {'model_1': 'activated', 'model_2': 'deactivated', 'model_3': 'deactivated', 'model_4': 'activating', 'model_5': 'activating', 'model_6': 'deactivated'}
[2026-08-21 09:58:39.337 GPU_Scheduler_0] Waiting for models to be activated: {'model_1': 'activated', 'model_2': 'deactivated', 'model_3': 'deactivated', 'model_4': 'activating', 'model_5': 'activating', 'model_6': 'deactivated'}
[2026-08-21 09:58:39.347 GPU_Scheduler_0] Waiting for models to be activated: {'model_1': 'activated', 'model_2': 'deactivated', 'model_3': 'deactivated', 'model_4': 'activating', 'model_5': 'activating', 'model_6': 'deactivated'}
[2026-08-21 09:58:39.357 GPU_Scheduler_0] Waiting for models to be activated: {'model_1': 'activated', 'model_2': 'deactivated', 'model_3': 'deactivated', 'model_4': 'activating', 'model_5': 'activating', 'model_6': 'deactivated'}
[2026-08-21 09:58:39.368 GPU_Scheduler_0] Waiting for models to be activated: {'model_1': 'activated', 'model_2': 'deactivated', 'model_3': 'deactivated', 'model_4': 'activating', 'model_5': 'activating', 'model_6': 'deactivated'}
[2026-08-21 09:58:39.378 GPU_Scheduler_0] Waiting for models to be activated: {'model_1': 'activated', 'model_2': 'deactivated', 'model_3': 'deactivated', 'model_4': 'activating', 'model_5': 'activating', 'model_6': 'deactivated'}
[2026-08-21 09:58:39.388 GPU_Scheduler_0] Waiting for models to be activated: {'model_1': 'activated', 'model_2': 'deactivated', 'model_3': 'deactivated', 'model_4': 'activating', 'model_5': 'activating', 'model_6': 'deactivated'}
[2026-08-21 09:58:39.399 GPU_Scheduler_0] Waiting for models to be activated: {'model_1': 'activated', 'model_2': 'deactivated', 'model_3': 'deactivated', 'model_4': 'activating', 'model_5': 'activating', 'model_6': 'deactivated'}
[2026-08-21 09:58:39.410 GPU_Scheduler_0] Waiting for models to be activated: {'model_1': 'activated', 'model_2': 'deactivated', 'model_3': 'deactivated', 'model_4': 'activating', 'model_5': 'activating', 'model_6': 'deactivated'}
[2026-08-21 09:58:39.420 GPU_Scheduler_0] Waiting for models to be activated: {'model_1': 'activated', 'model_2': 'deactivated', 'model_3': 'deactivated', 'model_4': 'activating', 'model_5': 'activating', 'model_6': 'deactivated'}
[2026-08-21 09:58:39.430 GPU_Scheduler_0] Waiting for models to be activated: {'model_1': 'activated', 'model_2': 'deactivated', 'model_3': 'deactivated', 'model_4': 'activating', 'model_5': 'activating', 'model_6': 'deactivated'}
[2026-08-21 09:58:39.441 GPU_Scheduler_0] Waiting for models to be activated: {'model_1': 'activated', 'model_2': 'deactivated', 'model_3': 'deactivated', 'model_4': 'activating', 'model_5': 'activating', 'model_6': 'deactivated'}
[2026-08-21 09:58:39.451 GPU_Scheduler_0] Waiting for models to be activated: {'model_1': 'activated', 'model_2': 'deactivated', 'model_3': 'deactivated', 'model_4': 'activating', 'model_5': 'activating', 'model_6': 'deactivated'}
[2026-08-21 09:58:39.461 GPU_Scheduler_0] Waiting for models to be activated: {'model_1': 'activated', 'model_2': 'deactivated', 'model_3': 'deactivated', 'model_4': 'activating', 'model_5': 'activating', 'model_6': 'deactivated'}
[2026-08-21 09:58:39.472 GPU_Scheduler_0] Waiting for models to be activated: {'model_1': 'activated', 'model_2': 'deactivated', 'model_3': 'deactivated', 'model_4': 'activating', 'model_5': 'activating', 'model_6': 'deactivated'}
[2026-08-21 09:58:39.483 GPU_Scheduler_0] Waiting for models to be activated: {'model_1': 'activated', 'model_2': 'deactivated', 'model_3': 'deactivated', 'model_4': 'activating', 'model_5': 'activating', 'model_6': 'deactivated'}
[2026-08-21 09:58:39.493 GPU_Scheduler_0] Waiting for models to be activated: {'model_1': 'activated', 'model_2': 'deactivated', 'model_3': 'deactivated', 'model_4': 'activating', 'model_5': 'activating', 'model_6': 'deactivated'}
[2026-08-21 09:58:39.504 GPU_Scheduler_0] Waiting for models to be activated: {'model_1': 'activated', 'model_2': 'deactivated', 'model_3': 'deactivated', 'model_4': 'activating', 'model_5': 'activating', 'model_6': 'deactivated'}
[2026-08-21 09:58:39.515 GPU_Scheduler_0] Waiting for models to be activated: {'model_1': 'activated', 'model_2': 'deactivated', 'model_3': 'deactivated', 'model_4': 'activating', 'model_5': 'activating', 'model_6': 'deactivated'}
[2026-08-21 09:58:39.525 GPU_Scheduler_0] Waiting for models to be activated: {'model_1': 'activated', 'model_2': 'deactivated', 'model_3': 'deactivated', 'model_4': 'activating', 'model_5': 'activating', 'model_6': 'deactivated'}
[2026-08-21 09:58:39.536 GPU_Scheduler_0] Waiting for models to be activated: {'model_1': 'activated', 'model_2': 'deactivated', 'model_3': 'deactivated', 'model_4': 'activating', 'model_5': 'activating', 'model_6': 'deactivated'}
[2026-08-21 09:58:39.546 GPU_Scheduler_0] Waiting for models to be activated: {'model_1': 'activated', 'model_2': 'deactivated', 'model_3': 'deactivated', 'model_4': 'activating', 'model_5': 'activating', 'model_6': 'deactivated'}
[2026-08-21 09:58:39.565 GPU_Scheduler_0] Waiting for models to be activated: {'model_1': 'activated', 'model_2': 'deactivated', 'model_3': 'deactivated', 'model_4': 'activating', 'model_5': 'activating', 'model_6': 'deactivated'}
[2026-08-21 09:58:39.576 GPU_Scheduler_0] Waiting for models to be activated: {'model_1': 'activated', 'model_2': 'deactivated', 'model_3': 'deactivated', 'model_4': 'activating', 'model_5': 'activating', 'model_6': 'deactivated'}
[2026-08-21 09:58:39.587 GPU_Scheduler_0] Waiting for models to be activated: {'model_1': 'activated', 'model_2': 'deactivated', 'model_3': 'deactivated', 'model_4': 'activating', 'model_5': 'activating', 'model_6': 'deactivated'}
[2026-08-21 09:58:39.597 GPU_Scheduler_0] Waiting for models to be activated: {'model_1': 'activated', 'model_2': 'deactivated', 'model_3': 'deactivated', 'model_4': 'activating', 'model_5': 'activating', 'model_6': 'deactivated'}
[2026-08-21 09:58:39.607 GPU_Scheduler_0] Waiting for models to be activated: {'model_1': 'activated', 'model_2': 'deactivated', 'model_3': 'deactivated', 'model_4': 'activating', 'model_5': 'activating', 'model_6': 'deactivated'}
[2026-08-21 09:58:39.617 GPU_Scheduler_0] Waiting for models to be activated: {'model_1': 'activated', 'model_2': 'deactivated', 'model_3': 'deactivated', 'model_4': 'activating', 'model_5': 'activating', 'model_6': 'deactivated'}
[2026-08-21 09:58:39.628 GPU_Scheduler_0] Waiting for models to be activated: {'model_1': 'activated', 'model_2': 'deactivated', 'model_3': 'deactivated', 'model_4': 'activating', 'model_5': 'activating', 'model_6': 'deactivated'}
[2026-08-21 09:58:39.638 GPU_Scheduler_0] Waiting for models to be activated: {'model_1': 'activated', 'model_2': 'deactivated', 'model_3': 'deactivated', 'model_4': 'activating', 'model_5': 'activating', 'model_6': 'deactivated'}
[2026-08-21 09:58:39.648 GPU_Scheduler_0] Waiting for models to be activated: {'model_1': 'activated', 'model_2': 'deactivated', 'model_3': 'deactivated', 'model_4': 'activating', 'model_5': 'activating', 'model_6': 'deactivated'}
[2026-08-21 09:58:39.658 GPU_Scheduler_0] Waiting for models to be activated: {'model_1': 'activated', 'model_2': 'deactivated', 'model_3': 'deactivated', 'model_4': 'activating', 'model_5': 'activating', 'model_6': 'deactivated'}
[2026-08-21 09:58:39.669 GPU_Scheduler_0] Waiting for models to be activated: {'model_1': 'activated', 'model_2': 'deactivated', 'model_3': 'deactivated', 'model_4': 'activating', 'model_5': 'activating', 'model_6': 'deactivated'}
[2026-08-21 09:58:39.679 GPU_Scheduler_0] Waiting for models to be activated: {'model_1': 'activated', 'model_2': 'deactivated', 'model_3': 'deactivated', 'model_4': 'activating', 'model_5': 'activating', 'model_6': 'deactivated'}
[2026-08-21 09:58:39.689 GPU_Scheduler_0] Waiting for models to be activated: {'model_1': 'activated', 'model_2': 'deactivated', 'model_3': 'deactivated', 'model_4': 'activating', 'model_5': 'activating', 'model_6': 'deactivated'}
[2026-08-21 09:58:39.699 GPU_Scheduler_0] Waiting for models to be activated: {'model_1': 'activated', 'model_2': 'deactivated', 'model_3': 'deactivated', 'model_4': 'activating', 'model_5': 'activating', 'model_6': 'deactivated'}
[2026-08-21 09:58:39.710 GPU_Scheduler_0] Waiting for models to be activated: {'model_1': 'activated', 'model_2': 'deactivated', 'model_3': 'deactivated', 'model_4': 'activating', 'model_5': 'activating', 'model_6': 'deactivated'}
[2026-08-21 09:58:39.720 GPU_Scheduler_0] Waiting for models to be activated: {'model_1': 'activated', 'model_2': 'deactivated', 'model_3': 'deactivated', 'model_4': 'activating', 'model_5': 'activating', 'model_6': 'deactivated'}
[2026-08-21 09:58:39.730 GPU_Scheduler_0] Waiting for models to be activated: {'model_1': 'activated', 'model_2': 'deactivated', 'model_3': 'deactivated', 'model_4': 'activating', 'model_5': 'activating', 'model_6': 'deactivated'}
[2026-08-21 09:58:39.740 GPU_Scheduler_0] Waiting for models to be activated: {'model_1': 'activated', 'model_2': 'deactivated', 'model_3': 'deactivated', 'model_4': 'activating', 'model_5': 'activating', 'model_6': 'deactivated'}
[2026-08-21 09:58:39.751 GPU_Scheduler_0] Waiting for models to be activated: {'model_1': 'activated', 'model_2': 'deactivated', 'model_3': 'deactivated', 'model_4': 'activating', 'model_5': 'activating', 'model_6': 'deactivated'}
[2026-08-21 09:58:39.761 GPU_Scheduler_0] Waiting for models to be activated: {'model_1': 'activated', 'model_2': 'deactivated', 'model_3': 'deactivated', 'model_4': 'activating', 'model_5': 'activating', 'model_6': 'deactivated'}
[2026-08-21 09:58:39.771 GPU_Scheduler_0] Waiting for models to be activated: {'model_1': 'activated', 'model_2': 'deactivated', 'model_3': 'deactivated', 'model_4': 'activating', 'model_5': 'activating', 'model_6': 'deactivated'}
[2026-08-21 09:58:39.782 GPU_Scheduler_0] Waiting for models to be activated: {'model_1': 'activated', 'model_2': 'deactivated', 'model_3': 'deactivated', 'model_4': 'activating', 'model_5': 'activating', 'model_6': 'deactivated'}
[2026-08-21 09:58:39.792 GPU_Scheduler_0] Waiting for models to be activated: {'model_1': 'activated', 'model_2': 'deactivated', 'model_3': 'deactivated', 'model_4': 'activating', 'model_5': 'activating', 'model_6': 'deactivated'}
[2026-08-21 09:58:39.802 GPU_Scheduler_0] Waiting for models to be activated: {'model_1': 'activated', 'model_2': 'deactivated', 'model_3': 'deactivated', 'model_4': 'activating', 'model_5': 'activating', 'model_6': 'deactivated'}
[2026-08-21 09:58:39.813 GPU_Scheduler_0] Waiting for models to be activated: {'model_1': 'activated', 'model_2': 'deactivated', 'model_3': 'deactivated', 'model_4': 'activating', 'model_5': 'activating', 'model_6': 'deactivated'}
[2026-08-21 09:58:39.823 GPU_Scheduler_0] Waiting for models to be activated: {'model_1': 'activated', 'model_2': 'deactivated', 'model_3': 'deactivated', 'model_4': 'activating', 'model_5': 'activating', 'model_6': 'deactivated'}
[2026-08-21 09:58:39.834 GPU_Scheduler_0] Waiting for models to be activated: {'model_1': 'activated', 'model_2': 'deactivated', 'model_3': 'deactivated', 'model_4': 'activating', 'model_5': 'activating', 'model_6': 'deactivated'}
[2026-08-21 09:58:39.845 GPU_Scheduler_0] Waiting for models to be activated: {'model_1': 'activated', 'model_2': 'deactivated', 'model_3': 'deactivated', 'model_4': 'activating', 'model_5': 'activating', 'model_6': 'deactivated'}
[2026-08-21 09:58:39.857 GPU_Scheduler_0] Model model_4 (instance 0) activation succeeded on GPU 0
[2026-08-21 09:58:39.857 GPU_Scheduler_0] Waiting for models to be activated: {'model_1': 'activated', 'model_2': 'deactivated', 'model_3': 'deactivated', 'model_4': 'activated', 'model_5': 'activating', 'model_6': 'deactivated'}
[2026-08-21 09:58:39.868 GPU_Scheduler_0] Waiting for models to be activated: {'model_1': 'activated', 'model_2': 'deactivated', 'model_3': 'deactivated', 'model_4': 'activated', 'model_5': 'activating', 'model_6': 'deactivated'}
[2026-08-21 09:58:39.878 GPU_Scheduler_0] Waiting for models to be activated: {'model_1': 'activated', 'model_2': 'deactivated', 'model_3': 'deactivated', 'model_4': 'activated', 'model_5': 'activating', 'model_6': 'deactivated'}
[2026-08-21 09:58:39.889 GPU_Scheduler_0] Waiting for models to be activated: {'model_1': 'activated', 'model_2': 'deactivated', 'model_3': 'deactivated', 'model_4': 'activated', 'model_5': 'activating', 'model_6': 'deactivated'}
[2026-08-21 09:58:39.899 GPU_Scheduler_0] Waiting for models to be activated: {'model_1': 'activated', 'model_2': 'deactivated', 'model_3': 'deactivated', 'model_4': 'activated', 'model_5': 'activating', 'model_6': 'deactivated'}
[2026-08-21 09:58:39.910 GPU_Scheduler_0] Waiting for models to be activated: {'model_1': 'activated', 'model_2': 'deactivated', 'model_3': 'deactivated', 'model_4': 'activated', 'model_5': 'activating', 'model_6': 'deactivated'}
[2026-08-21 09:58:39.920 GPU_Scheduler_0] Waiting for models to be activated: {'model_1': 'activated', 'model_2': 'deactivated', 'model_3': 'deactivated', 'model_4': 'activated', 'model_5': 'activating', 'model_6': 'deactivated'}
[2026-08-21 09:58:39.931 GPU_Scheduler_0] Waiting for models to be activated: {'model_1': 'activated', 'model_2': 'deactivated', 'model_3': 'deactivated', 'model_4': 'activated', 'model_5': 'activating', 'model_6': 'deactivated'}
[2026-08-21 09:58:39.941 GPU_Scheduler_0] Waiting for models to be activated: {'model_1': 'activated', 'model_2': 'deactivated', 'model_3': 'deactivated', 'model_4': 'activated', 'model_5': 'activating', 'model_6': 'deactivated'}
[2026-08-21 09:58:39.952 GPU_Scheduler_0] Waiting for models to be activated: {'model_1': 'activated', 'model_2': 'deactivated', 'model_3': 'deactivated', 'model_4': 'activated', 'model_5': 'activating', 'model_6': 'deactivated'}
[2026-08-21 09:58:39.962 GPU_Scheduler_0] Waiting for models to be activated: {'model_1': 'activated', 'model_2': 'deactivated', 'model_3': 'deactivated', 'model_4': 'activated', 'model_5': 'activating', 'model_6': 'deactivated'}
[2026-08-21 09:58:39.973 GPU_Scheduler_0] Waiting for models to be activated: {'model_1': 'activated', 'model_2': 'deactivated', 'model_3': 'deactivated', 'model_4': 'activated', 'model_5': 'activating', 'model_6': 'deactivated'}
[2026-08-21 09:58:39.984 GPU_Scheduler_0] Waiting for models to be activated: {'model_1': 'activated', 'model_2': 'deactivated', 'model_3': 'deactivated', 'model_4': 'activated', 'model_5': 'activating', 'model_6': 'deactivated'}
[2026-08-21 09:58:39.994 GPU_Scheduler_0] Waiting for models to be activated: {'model_1': 'activated', 'model_2': 'deactivated', 'model_3': 'deactivated', 'model_4': 'activated', 'model_5': 'activating', 'model_6': 'deactivated'}
[2026-08-21 09:58:40.004 GPU_Scheduler_0] Waiting for models to be activated: {'model_1': 'activated', 'model_2': 'deactivated', 'model_3': 'deactivated', 'model_4': 'activated', 'model_5': 'activating', 'model_6': 'deactivated'}
[2026-08-21 09:58:40.015 GPU_Scheduler_0] Waiting for models to be activated: {'model_1': 'activated', 'model_2': 'deactivated', 'model_3': 'deactivated', 'model_4': 'activated', 'model_5': 'activating', 'model_6': 'deactivated'}
[2026-08-21 09:58:40.025 GPU_Scheduler_0] Waiting for models to be activated: {'model_1': 'activated', 'model_2': 'deactivated', 'model_3': 'deactivated', 'model_4': 'activated', 'model_5': 'activating', 'model_6': 'deactivated'}
[2026-08-21 09:58:40.036 GPU_Scheduler_0] Waiting for models to be activated: {'model_1': 'activated', 'model_2': 'deactivated', 'model_3': 'deactivated', 'model_4': 'activated', 'model_5': 'activating', 'model_6': 'deactivated'}
[2026-08-21 09:58:40.046 GPU_Scheduler_0] Waiting for models to be activated: {'model_1': 'activated', 'model_2': 'deactivated', 'model_3': 'deactivated', 'model_4': 'activated', 'model_5': 'activating', 'model_6': 'deactivated'}
[2026-08-21 09:58:40.056 GPU_Scheduler_0] Waiting for models to be activated: {'model_1': 'activated', 'model_2': 'deactivated', 'model_3': 'deactivated', 'model_4': 'activated', 'model_5': 'activating', 'model_6': 'deactivated'}
[2026-08-21 09:58:40.067 GPU_Scheduler_0] Waiting for models to be activated: {'model_1': 'activated', 'model_2': 'deactivated', 'model_3': 'deactivated', 'model_4': 'activated', 'model_5': 'activating', 'model_6': 'deactivated'}
[2026-08-21 09:58:40.077 GPU_Scheduler_0] Waiting for models to be activated: {'model_1': 'activated', 'model_2': 'deactivated', 'model_3': 'deactivated', 'model_4': 'activated', 'model_5': 'activating', 'model_6': 'deactivated'}
[2026-08-21 09:58:40.088 GPU_Scheduler_0] Waiting for models to be activated: {'model_1': 'activated', 'model_2': 'deactivated', 'model_3': 'deactivated', 'model_4': 'activated', 'model_5': 'activating', 'model_6': 'deactivated'}
[2026-08-21 09:58:40.098 GPU_Scheduler_0] Waiting for models to be activated: {'model_1': 'activated', 'model_2': 'deactivated', 'model_3': 'deactivated', 'model_4': 'activated', 'model_5': 'activating', 'model_6': 'deactivated'}
[2026-08-21 09:58:40.109 GPU_Scheduler_0] Waiting for models to be activated: {'model_1': 'activated', 'model_2': 'deactivated', 'model_3': 'deactivated', 'model_4': 'activated', 'model_5': 'activating', 'model_6': 'deactivated'}
[2026-08-21 09:58:40.119 GPU_Scheduler_0] Waiting for models to be activated: {'model_1': 'activated', 'model_2': 'deactivated', 'model_3': 'deactivated', 'model_4': 'activated', 'model_5': 'activating', 'model_6': 'deactivated'}
[2026-08-21 09:58:40.130 GPU_Scheduler_0] Waiting for models to be activated: {'model_1': 'activated', 'model_2': 'deactivated', 'model_3': 'deactivated', 'model_4': 'activated', 'model_5': 'activating', 'model_6': 'deactivated'}
[2026-08-21 09:58:40.140 GPU_Scheduler_0] Waiting for models to be activated: {'model_1': 'activated', 'model_2': 'deactivated', 'model_3': 'deactivated', 'model_4': 'activated', 'model_5': 'activating', 'model_6': 'deactivated'}
[2026-08-21 09:58:40.150 GPU_Scheduler_0] Waiting for models to be activated: {'model_1': 'activated', 'model_2': 'deactivated', 'model_3': 'deactivated', 'model_4': 'activated', 'model_5': 'activating', 'model_6': 'deactivated'}
[2026-08-21 09:58:40.160 GPU_Scheduler_0] Waiting for models to be activated: {'model_1': 'activated', 'model_2': 'deactivated', 'model_3': 'deactivated', 'model_4': 'activated', 'model_5': 'activating', 'model_6': 'deactivated'}
[2026-08-21 09:58:40.171 GPU_Scheduler_0] Waiting for models to be activated: {'model_1': 'activated', 'model_2': 'deactivated', 'model_3': 'deactivated', 'model_4': 'activated', 'model_5': 'activating', 'model_6': 'deactivated'}
[2026-08-21 09:58:40.181 GPU_Scheduler_0] Waiting for models to be activated: {'model_1': 'activated', 'model_2': 'deactivated', 'model_3': 'deactivated', 'model_4': 'activated', 'model_5': 'activating', 'model_6': 'deactivated'}
[2026-08-21 09:58:40.191 GPU_Scheduler_0] Waiting for models to be activated: {'model_1': 'activated', 'model_2': 'deactivated', 'model_3': 'deactivated', 'model_4': 'activated', 'model_5': 'activating', 'model_6': 'deactivated'}
[2026-08-21 09:58:40.202 GPU_Scheduler_0] Model model_5 (instance 0) activation succeeded on GPU 0
[2026-08-21 09:58:45.209 GPU_Scheduler_0] [V5-LOOP] {"iters": 463, "t_mem": 0.011016705771908164, "t_redis": 0.3230736367404461, "t_admit": 0.004336844431236386, "t_send": 0.0005408497527241707, "t_iter": 0.3389680366963148, "admitted": 0, "iter_max": 0.0033186362124979496, "gpu_id": 0, "window_s": 5.005634784698486}
[2026-08-21 09:58:48.189 GPU_Scheduler_1] starting GPU scheduler for GPU 1
[2026-08-21 09:58:48.190 GPU_Scheduler_1] [PAPER-ALG2] enabled=True prefill_speed_entries=6 log=/workspace/prism-merge/exp/results/final-prototype-vs-paper-faithful/raw/armC/raw/paper-faithful-v6/bursty/rate_2/seed_2/server-logs/server.log.alg2_gpu1.jsonl
[2026-08-21 09:58:48.191 GPU_Scheduler_1] Model states init: {'model_1': 'deactivated', 'model_2': 'deactivated', 'model_3': 'deactivated', 'model_4': 'deactivated', 'model_5': 'deactivated', 'model_6': 'deactivated'}
[2026-08-21 09:58:48.191 GPU_Scheduler_1] [PAPER-TP] WorkerPool gpu=1 owned=[0, 1, 2, 3] shadow=[] {0: 1, 1: 1, 2: 1, 3: 1}
[2026-08-21 09:58:48.230 GPU_Scheduler_1] Assign worker 0 to model_2. Current model_to_worker: {'model_2': 0}
[2026-08-21 09:58:48.230 GPU_Scheduler_1] Assign worker 1 to model_3. Current model_to_worker: {'model_2': 0, 'model_3': 1}
[2026-08-21 09:58:48.230 GPU_Scheduler_1] Assign worker 2 to model_6. Current model_to_worker: {'model_2': 0, 'model_3': 1, 'model_6': 2}
[2026-08-21 09:58:48.233 GPU_Scheduler_1] Waiting for models to be activated: {'model_1': 'deactivated', 'model_2': 'activating', 'model_3': 'activating', 'model_4': 'deactivated', 'model_5': 'deactivated', 'model_6': 'activating'}
[2026-08-21 09:58:48.243 GPU_Scheduler_1] Waiting for models to be activated: {'model_1': 'deactivated', 'model_2': 'activating', 'model_3': 'activating', 'model_4': 'deactivated', 'model_5': 'deactivated', 'model_6': 'activating'}
[2026-08-21 09:58:48.255 GPU_Scheduler_1] Waiting for models to be activated: {'model_1': 'deactivated', 'model_2': 'activating', 'model_3': 'activating', 'model_4': 'deactivated', 'model_5': 'deactivated', 'model_6': 'activating'}
[2026-08-21 09:58:48.265 GPU_Scheduler_1] Waiting for models to be activated: {'model_1': 'deactivated', 'model_2': 'activating', 'model_3': 'activating', 'model_4': 'deactivated', 'model_5': 'deactivated', 'model_6': 'activating'}
[2026-08-21 09:58:48.275 GPU_Scheduler_1] Waiting for models to be activated: {'model_1': 'deactivated', 'model_2': 'activating', 'model_3': 'activating', 'model_4': 'deactivated', 'model_5': 'deactivated', 'model_6': 'activating'}
[2026-08-21 09:58:48.285 GPU_Scheduler_1] Waiting for models to be activated: {'model_1': 'deactivated', 'model_2': 'activating', 'model_3': 'activating', 'model_4': 'deactivated', 'model_5': 'deactivated', 'model_6': 'activating'}
[2026-08-21 09:58:48.296 GPU_Scheduler_1] Waiting for models to be activated: {'model_1': 'deactivated', 'model_2': 'activating', 'model_3': 'activating', 'model_4': 'deactivated', 'model_5': 'deactivated', 'model_6': 'activating'}
[2026-08-21 09:58:48.306 GPU_Scheduler_1] Waiting for models to be activated: {'model_1': 'deactivated', 'model_2': 'activating', 'model_3': 'activating', 'model_4': 'deactivated', 'model_5': 'deactivated', 'model_6': 'activating'}
[2026-08-21 09:58:48.316 GPU_Scheduler_1] Waiting for models to be activated: {'model_1': 'deactivated', 'model_2': 'activating', 'model_3': 'activating', 'model_4': 'deactivated', 'model_5': 'deactivated', 'model_6': 'activating'}
[2026-08-21 09:58:48.326 GPU_Scheduler_1] Waiting for models to be activated: {'model_1': 'deactivated', 'model_2': 'activating', 'model_3': 'activating', 'model_4': 'deactivated', 'model_5': 'deactivated', 'model_6': 'activating'}
[2026-08-21 09:58:48.337 GPU_Scheduler_1] Waiting for models to be activated: {'model_1': 'deactivated', 'model_2': 'activating', 'model_3': 'activating', 'model_4': 'deactivated', 'model_5': 'deactivated', 'model_6': 'activating'}
[2026-08-21 09:58:48.347 GPU_Scheduler_1] Waiting for models to be activated: {'model_1': 'deactivated', 'model_2': 'activating', 'model_3': 'activating', 'model_4': 'deactivated', 'model_5': 'deactivated', 'model_6': 'activating'}
[2026-08-21 09:58:48.357 GPU_Scheduler_1] Waiting for models to be activated: {'model_1': 'deactivated', 'model_2': 'activating', 'model_3': 'activating', 'model_4': 'deactivated', 'model_5': 'deactivated', 'model_6': 'activating'}
[2026-08-21 09:58:48.367 GPU_Scheduler_1] Waiting for models to be activated: {'model_1': 'deactivated', 'model_2': 'activating', 'model_3': 'activating', 'model_4': 'deactivated', 'model_5': 'deactivated', 'model_6': 'activating'}
[2026-08-21 09:58:48.378 GPU_Scheduler_1] Waiting for models to be activated: {'model_1': 'deactivated', 'model_2': 'activating', 'model_3': 'activating', 'model_4': 'deactivated', 'model_5': 'deactivated', 'model_6': 'activating'}
[2026-08-21 09:58:48.388 GPU_Scheduler_1] Waiting for models to be activated: {'model_1': 'deactivated', 'model_2': 'activating', 'model_3': 'activating', 'model_4': 'deactivated', 'model_5': 'deactivated', 'model_6': 'activating'}
[2026-08-21 09:58:48.398 GPU_Scheduler_1] Waiting for models to be activated: {'model_1': 'deactivated', 'model_2': 'activating', 'model_3': 'activating', 'model_4': 'deactivated', 'model_5': 'deactivated', 'model_6': 'activating'}
[2026-08-21 09:58:48.409 GPU_Scheduler_1] Waiting for models to be activated: {'model_1': 'deactivated', 'model_2': 'activating', 'model_3': 'activating', 'model_4': 'deactivated', 'model_5': 'deactivated', 'model_6': 'activating'}
[2026-08-21 09:58:48.419 GPU_Scheduler_1] Waiting for models to be activated: {'model_1': 'deactivated', 'model_2': 'activating', 'model_3': 'activating', 'model_4': 'deactivated', 'model_5': 'deactivated', 'model_6': 'activating'}
[2026-08-21 09:58:48.429 GPU_Scheduler_1] Waiting for models to be activated: {'model_1': 'deactivated', 'model_2': 'activating', 'model_3': 'activating', 'model_4': 'deactivated', 'model_5': 'deactivated', 'model_6': 'activating'}
[2026-08-21 09:58:48.439 GPU_Scheduler_1] Waiting for models to be activated: {'model_1': 'deactivated', 'model_2': 'activating', 'model_3': 'activating', 'model_4': 'deactivated', 'model_5': 'deactivated', 'model_6': 'activating'}
[2026-08-21 09:58:48.450 GPU_Scheduler_1] Waiting for models to be activated: {'model_1': 'deactivated', 'model_2': 'activating', 'model_3': 'activating', 'model_4': 'deactivated', 'model_5': 'deactivated', 'model_6': 'activating'}
[2026-08-21 09:58:48.460 GPU_Scheduler_1] Waiting for models to be activated: {'model_1': 'deactivated', 'model_2': 'activating', 'model_3': 'activating', 'model_4': 'deactivated', 'model_5': 'deactivated', 'model_6': 'activating'}
[2026-08-21 09:58:48.470 GPU_Scheduler_1] Waiting for models to be activated: {'model_1': 'deactivated', 'model_2': 'activating', 'model_3': 'activating', 'model_4': 'deactivated', 'model_5': 'deactivated', 'model_6': 'activating'}
[2026-08-21 09:58:48.480 GPU_Scheduler_1] Waiting for models to be activated: {'model_1': 'deactivated', 'model_2': 'activating', 'model_3': 'activating', 'model_4': 'deactivated', 'model_5': 'deactivated', 'model_6': 'activating'}
[2026-08-21 09:58:48.491 GPU_Scheduler_1] Waiting for models to be activated: {'model_1': 'deactivated', 'model_2': 'activating', 'model_3': 'activating', 'model_4': 'deactivated', 'model_5': 'deactivated', 'model_6': 'activating'}
[2026-08-21 09:58:48.501 GPU_Scheduler_1] Waiting for models to be activated: {'model_1': 'deactivated', 'model_2': 'activating', 'model_3': 'activating', 'model_4': 'deactivated', 'model_5': 'deactivated', 'model_6': 'activating'}
[2026-08-21 09:58:48.511 GPU_Scheduler_1] Waiting for models to be activated: {'model_1': 'deactivated', 'model_2': 'activating', 'model_3': 'activating', 'model_4': 'deactivated', 'model_5': 'deactivated', 'model_6': 'activating'}
[2026-08-21 09:58:48.521 GPU_Scheduler_1] Waiting for models to be activated: {'model_1': 'deactivated', 'model_2': 'activating', 'model_3': 'activating', 'model_4': 'deactivated', 'model_5': 'deactivated', 'model_6': 'activating'}
[2026-08-21 09:58:48.532 GPU_Scheduler_1] Waiting for models to be activated: {'model_1': 'deactivated', 'model_2': 'activating', 'model_3': 'activating', 'model_4': 'deactivated', 'model_5': 'deactivated', 'model_6': 'activating'}
[2026-08-21 09:58:48.542 GPU_Scheduler_1] Waiting for models to be activated: {'model_1': 'deactivated', 'model_2': 'activating', 'model_3': 'activating', 'model_4': 'deactivated', 'model_5': 'deactivated', 'model_6': 'activating'}
[2026-08-21 09:58:48.552 GPU_Scheduler_1] Waiting for models to be activated: {'model_1': 'deactivated', 'model_2': 'activating', 'model_3': 'activating', 'model_4': 'deactivated', 'model_5': 'deactivated', 'model_6': 'activating'}
[2026-08-21 09:58:48.562 GPU_Scheduler_1] Waiting for models to be activated: {'model_1': 'deactivated', 'model_2': 'activating', 'model_3': 'activating', 'model_4': 'deactivated', 'model_5': 'deactivated', 'model_6': 'activating'}
[2026-08-21 09:58:48.573 GPU_Scheduler_1] Waiting for models to be activated: {'model_1': 'deactivated', 'model_2': 'activating', 'model_3': 'activating', 'model_4': 'deactivated', 'model_5': 'deactivated', 'model_6': 'activating'}
[2026-08-21 09:58:48.583 GPU_Scheduler_1] Waiting for models to be activated: {'model_1': 'deactivated', 'model_2': 'activating', 'model_3': 'activating', 'model_4': 'deactivated', 'model_5': 'deactivated', 'model_6': 'activating'}
[2026-08-21 09:58:48.593 GPU_Scheduler_1] Waiting for models to be activated: {'model_1': 'deactivated', 'model_2': 'activating', 'model_3': 'activating', 'model_4': 'deactivated', 'model_5': 'deactivated', 'model_6': 'activating'}
[2026-08-21 09:58:48.604 GPU_Scheduler_1] Waiting for models to be activated: {'model_1': 'deactivated', 'model_2': 'activating', 'model_3': 'activating', 'model_4': 'deactivated', 'model_5': 'deactivated', 'model_6': 'activating'}
[2026-08-21 09:58:48.615 GPU_Scheduler_1] Waiting for models to be activated: {'model_1': 'deactivated', 'model_2': 'activating', 'model_3': 'activating', 'model_4': 'deactivated', 'model_5': 'deactivated', 'model_6': 'activating'}
[2026-08-21 09:58:48.625 GPU_Scheduler_1] Waiting for models to be activated: {'model_1': 'deactivated', 'model_2': 'activating', 'model_3': 'activating', 'model_4': 'deactivated', 'model_5': 'deactivated', 'model_6': 'activating'}
[2026-08-21 09:58:48.635 GPU_Scheduler_1] Waiting for models to be activated: {'model_1': 'deactivated', 'model_2': 'activating', 'model_3': 'activating', 'model_4': 'deactivated', 'model_5': 'deactivated', 'model_6': 'activating'}
[2026-08-21 09:58:48.646 GPU_Scheduler_1] Waiting for models to be activated: {'model_1': 'deactivated', 'model_2': 'activating', 'model_3': 'activating', 'model_4': 'deactivated', 'model_5': 'deactivated', 'model_6': 'activating'}
[2026-08-21 09:58:48.657 GPU_Scheduler_1] Waiting for models to be activated: {'model_1': 'deactivated', 'model_2': 'activating', 'model_3': 'activating', 'model_4': 'deactivated', 'model_5': 'deactivated', 'model_6': 'activating'}
[2026-08-21 09:58:48.667 GPU_Scheduler_1] Waiting for models to be activated: {'model_1': 'deactivated', 'model_2': 'activating', 'model_3': 'activating', 'model_4': 'deactivated', 'model_5': 'deactivated', 'model_6': 'activating'}
[2026-08-21 09:58:48.678 GPU_Scheduler_1] Waiting for models to be activated: {'model_1': 'deactivated', 'model_2': 'activating', 'model_3': 'activating', 'model_4': 'deactivated', 'model_5': 'deactivated', 'model_6': 'activating'}
[2026-08-21 09:58:48.688 GPU_Scheduler_1] Waiting for models to be activated: {'model_1': 'deactivated', 'model_2': 'activating', 'model_3': 'activating', 'model_4': 'deactivated', 'model_5': 'deactivated', 'model_6': 'activating'}
[2026-08-21 09:58:48.698 GPU_Scheduler_1] Waiting for models to be activated: {'model_1': 'deactivated', 'model_2': 'activating', 'model_3': 'activating', 'model_4': 'deactivated', 'model_5': 'deactivated', 'model_6': 'activating'}
[2026-08-21 09:58:48.709 GPU_Scheduler_1] Waiting for models to be activated: {'model_1': 'deactivated', 'model_2': 'activating', 'model_3': 'activating', 'model_4': 'deactivated', 'model_5': 'deactivated', 'model_6': 'activating'}
[2026-08-21 09:58:48.719 GPU_Scheduler_1] Waiting for models to be activated: {'model_1': 'deactivated', 'model_2': 'activating', 'model_3': 'activating', 'model_4': 'deactivated', 'model_5': 'deactivated', 'model_6': 'activating'}
[2026-08-21 09:58:48.730 GPU_Scheduler_1] Waiting for models to be activated: {'model_1': 'deactivated', 'model_2': 'activating', 'model_3': 'activating', 'model_4': 'deactivated', 'model_5': 'deactivated', 'model_6': 'activating'}
[2026-08-21 09:58:48.740 GPU_Scheduler_1] Waiting for models to be activated: {'model_1': 'deactivated', 'model_2': 'activating', 'model_3': 'activating', 'model_4': 'deactivated', 'model_5': 'deactivated', 'model_6': 'activating'}
[2026-08-21 09:58:48.751 GPU_Scheduler_1] Waiting for models to be activated: {'model_1': 'deactivated', 'model_2': 'activating', 'model_3': 'activating', 'model_4': 'deactivated', 'model_5': 'deactivated', 'model_6': 'activating'}
[2026-08-21 09:58:48.761 GPU_Scheduler_1] Waiting for models to be activated: {'model_1': 'deactivated', 'model_2': 'activating', 'model_3': 'activating', 'model_4': 'deactivated', 'model_5': 'deactivated', 'model_6': 'activating'}
[2026-08-21 09:58:48.772 GPU_Scheduler_1] Waiting for models to be activated: {'model_1': 'deactivated', 'model_2': 'activating', 'model_3': 'activating', 'model_4': 'deactivated', 'model_5': 'deactivated', 'model_6': 'activating'}
[2026-08-21 09:58:48.783 GPU_Scheduler_1] Waiting for models to be activated: {'model_1': 'deactivated', 'model_2': 'activating', 'model_3': 'activating', 'model_4': 'deactivated', 'model_5': 'deactivated', 'model_6': 'activating'}
[2026-08-21 09:58:48.793 GPU_Scheduler_1] Waiting for models to be activated: {'model_1': 'deactivated', 'model_2': 'activating', 'model_3': 'activating', 'model_4': 'deactivated', 'model_5': 'deactivated', 'model_6': 'activating'}
[2026-08-21 09:58:48.803 GPU_Scheduler_1] Waiting for models to be activated: {'model_1': 'deactivated', 'model_2': 'activating', 'model_3': 'activating', 'model_4': 'deactivated', 'model_5': 'deactivated', 'model_6': 'activating'}
[2026-08-21 09:58:48.814 GPU_Scheduler_1] Waiting for models to be activated: {'model_1': 'deactivated', 'model_2': 'activating', 'model_3': 'activating', 'model_4': 'deactivated', 'model_5': 'deactivated', 'model_6': 'activating'}
[2026-08-21 09:58:48.824 GPU_Scheduler_1] Waiting for models to be activated: {'model_1': 'deactivated', 'model_2': 'activating', 'model_3': 'activating', 'model_4': 'deactivated', 'model_5': 'deactivated', 'model_6': 'activating'}
[2026-08-21 09:58:48.835 GPU_Scheduler_1] Waiting for models to be activated: {'model_1': 'deactivated', 'model_2': 'activating', 'model_3': 'activating', 'model_4': 'deactivated', 'model_5': 'deactivated', 'model_6': 'activating'}
[2026-08-21 09:58:48.845 GPU_Scheduler_1] Waiting for models to be activated: {'model_1': 'deactivated', 'model_2': 'activating', 'model_3': 'activating', 'model_4': 'deactivated', 'model_5': 'deactivated', 'model_6': 'activating'}
[2026-08-21 09:58:48.856 GPU_Scheduler_1] Waiting for models to be activated: {'model_1': 'deactivated', 'model_2': 'activating', 'model_3': 'activating', 'model_4': 'deactivated', 'model_5': 'deactivated', 'model_6': 'activating'}
[2026-08-21 09:58:48.866 GPU_Scheduler_1] Waiting for models to be activated: {'model_1': 'deactivated', 'model_2': 'activating', 'model_3': 'activating', 'model_4': 'deactivated', 'model_5': 'deactivated', 'model_6': 'activating'}
[2026-08-21 09:58:48.876 GPU_Scheduler_1] Waiting for models to be activated: {'model_1': 'deactivated', 'model_2': 'activating', 'model_3': 'activating', 'model_4': 'deactivated', 'model_5': 'deactivated', 'model_6': 'activating'}
[2026-08-21 09:58:48.887 GPU_Scheduler_1] Waiting for models to be activated: {'model_1': 'deactivated', 'model_2': 'activating', 'model_3': 'activating', 'model_4': 'deactivated', 'model_5': 'deactivated', 'model_6': 'activating'}
[2026-08-21 09:58:48.897 GPU_Scheduler_1] Waiting for models to be activated: {'model_1': 'deactivated', 'model_2': 'activating', 'model_3': 'activating', 'model_4': 'deactivated', 'model_5': 'deactivated', 'model_6': 'activating'}
[2026-08-21 09:58:48.908 GPU_Scheduler_1] Waiting for models to be activated: {'model_1': 'deactivated', 'model_2': 'activating', 'model_3': 'activating', 'model_4': 'deactivated', 'model_5': 'deactivated', 'model_6': 'activating'}
[2026-08-21 09:58:48.918 GPU_Scheduler_1] Waiting for models to be activated: {'model_1': 'deactivated', 'model_2': 'activating', 'model_3': 'activating', 'model_4': 'deactivated', 'model_5': 'deactivated', 'model_6': 'activating'}
[2026-08-21 09:58:48.928 GPU_Scheduler_1] Waiting for models to be activated: {'model_1': 'deactivated', 'model_2': 'activating', 'model_3': 'activating', 'model_4': 'deactivated', 'model_5': 'deactivated', 'model_6': 'activating'}
[2026-08-21 09:58:48.939 GPU_Scheduler_1] Waiting for models to be activated: {'model_1': 'deactivated', 'model_2': 'activating', 'model_3': 'activating', 'model_4': 'deactivated', 'model_5': 'deactivated', 'model_6': 'activating'}
[2026-08-21 09:58:48.949 GPU_Scheduler_1] Waiting for models to be activated: {'model_1': 'deactivated', 'model_2': 'activating', 'model_3': 'activating', 'model_4': 'deactivated', 'model_5': 'deactivated', 'model_6': 'activating'}
[2026-08-21 09:58:48.960 GPU_Scheduler_1] Waiting for models to be activated: {'model_1': 'deactivated', 'model_2': 'activating', 'model_3': 'activating', 'model_4': 'deactivated', 'model_5': 'deactivated', 'model_6': 'activating'}
[2026-08-21 09:58:48.970 GPU_Scheduler_1] Waiting for models to be activated: {'model_1': 'deactivated', 'model_2': 'activating', 'model_3': 'activating', 'model_4': 'deactivated', 'model_5': 'deactivated', 'model_6': 'activating'}
[2026-08-21 09:58:48.980 GPU_Scheduler_1] Waiting for models to be activated: {'model_1': 'deactivated', 'model_2': 'activating', 'model_3': 'activating', 'model_4': 'deactivated', 'model_5': 'deactivated', 'model_6': 'activating'}
[2026-08-21 09:58:48.990 GPU_Scheduler_1] Waiting for models to be activated: {'model_1': 'deactivated', 'model_2': 'activating', 'model_3': 'activating', 'model_4': 'deactivated', 'model_5': 'deactivated', 'model_6': 'activating'}
[2026-08-21 09:58:49.001 GPU_Scheduler_1] Waiting for models to be activated: {'model_1': 'deactivated', 'model_2': 'activating', 'model_3': 'activating', 'model_4': 'deactivated', 'model_5': 'deactivated', 'model_6': 'activating'}
[2026-08-21 09:58:49.011 GPU_Scheduler_1] Waiting for models to be activated: {'model_1': 'deactivated', 'model_2': 'activating', 'model_3': 'activating', 'model_4': 'deactivated', 'model_5': 'deactivated', 'model_6': 'activating'}
[2026-08-21 09:58:49.021 GPU_Scheduler_1] Waiting for models to be activated: {'model_1': 'deactivated', 'model_2': 'activating', 'model_3': 'activating', 'model_4': 'deactivated', 'model_5': 'deactivated', 'model_6': 'activating'}
[2026-08-21 09:58:49.032 GPU_Scheduler_1] Waiting for models to be activated: {'model_1': 'deactivated', 'model_2': 'activating', 'model_3': 'activating', 'model_4': 'deactivated', 'model_5': 'deactivated', 'model_6': 'activating'}
[2026-08-21 09:58:49.042 GPU_Scheduler_1] Waiting for models to be activated: {'model_1': 'deactivated', 'model_2': 'activating', 'model_3': 'activating', 'model_4': 'deactivated', 'model_5': 'deactivated', 'model_6': 'activating'}
[2026-08-21 09:58:49.052 GPU_Scheduler_1] Waiting for models to be activated: {'model_1': 'deactivated', 'model_2': 'activating', 'model_3': 'activating', 'model_4': 'deactivated', 'model_5': 'deactivated', 'model_6': 'activating'}
[2026-08-21 09:58:49.062 GPU_Scheduler_1] Waiting for models to be activated: {'model_1': 'deactivated', 'model_2': 'activating', 'model_3': 'activating', 'model_4': 'deactivated', 'model_5': 'deactivated', 'model_6': 'activating'}
[2026-08-21 09:58:49.073 GPU_Scheduler_1] Waiting for models to be activated: {'model_1': 'deactivated', 'model_2': 'activating', 'model_3': 'activating', 'model_4': 'deactivated', 'model_5': 'deactivated', 'model_6': 'activating'}
[2026-08-21 09:58:49.083 GPU_Scheduler_1] Waiting for models to be activated: {'model_1': 'deactivated', 'model_2': 'activating', 'model_3': 'activating', 'model_4': 'deactivated', 'model_5': 'deactivated', 'model_6': 'activating'}
[2026-08-21 09:58:49.093 GPU_Scheduler_1] Waiting for models to be activated: {'model_1': 'deactivated', 'model_2': 'activating', 'model_3': 'activating', 'model_4': 'deactivated', 'model_5': 'deactivated', 'model_6': 'activating'}
[2026-08-21 09:58:49.104 GPU_Scheduler_1] Waiting for models to be activated: {'model_1': 'deactivated', 'model_2': 'activating', 'model_3': 'activating', 'model_4': 'deactivated', 'model_5': 'deactivated', 'model_6': 'activating'}
[2026-08-21 09:58:49.114 GPU_Scheduler_1] Waiting for models to be activated: {'model_1': 'deactivated', 'model_2': 'activating', 'model_3': 'activating', 'model_4': 'deactivated', 'model_5': 'deactivated', 'model_6': 'activating'}
[2026-08-21 09:58:49.124 GPU_Scheduler_1] Waiting for models to be activated: {'model_1': 'deactivated', 'model_2': 'activating', 'model_3': 'activating', 'model_4': 'deactivated', 'model_5': 'deactivated', 'model_6': 'activating'}
[2026-08-21 09:58:49.134 GPU_Scheduler_1] Waiting for models to be activated: {'model_1': 'deactivated', 'model_2': 'activating', 'model_3': 'activating', 'model_4': 'deactivated', 'model_5': 'deactivated', 'model_6': 'activating'}
[2026-08-21 09:58:49.145 GPU_Scheduler_1] Waiting for models to be activated: {'model_1': 'deactivated', 'model_2': 'activating', 'model_3': 'activating', 'model_4': 'deactivated', 'model_5': 'deactivated', 'model_6': 'activating'}
[2026-08-21 09:58:49.155 GPU_Scheduler_1] Waiting for models to be activated: {'model_1': 'deactivated', 'model_2': 'activating', 'model_3': 'activating', 'model_4': 'deactivated', 'model_5': 'deactivated', 'model_6': 'activating'}
[2026-08-21 09:58:49.165 GPU_Scheduler_1] Waiting for models to be activated: {'model_1': 'deactivated', 'model_2': 'activating', 'model_3': 'activating', 'model_4': 'deactivated', 'model_5': 'deactivated', 'model_6': 'activating'}
[2026-08-21 09:58:49.176 GPU_Scheduler_1] Waiting for models to be activated: {'model_1': 'deactivated', 'model_2': 'activating', 'model_3': 'activating', 'model_4': 'deactivated', 'model_5': 'deactivated', 'model_6': 'activating'}
[2026-08-21 09:58:49.186 GPU_Scheduler_1] Waiting for models to be activated: {'model_1': 'deactivated', 'model_2': 'activating', 'model_3': 'activating', 'model_4': 'deactivated', 'model_5': 'deactivated', 'model_6': 'activating'}
[2026-08-21 09:58:49.196 GPU_Scheduler_1] Waiting for models to be activated: {'model_1': 'deactivated', 'model_2': 'activating', 'model_3': 'activating', 'model_4': 'deactivated', 'model_5': 'deactivated', 'model_6': 'activating'}
[2026-08-21 09:58:49.207 GPU_Scheduler_1] Waiting for models to be activated: {'model_1': 'deactivated', 'model_2': 'activating', 'model_3': 'activating', 'model_4': 'deactivated', 'model_5': 'deactivated', 'model_6': 'activating'}
[2026-08-21 09:58:49.218 GPU_Scheduler_1] Model model_2 (instance 1) activation succeeded on GPU 1
[2026-08-21 09:58:49.218 GPU_Scheduler_1] Waiting for models to be activated: {'model_1': 'deactivated', 'model_2': 'activated', 'model_3': 'activating', 'model_4': 'deactivated', 'model_5': 'deactivated', 'model_6': 'activating'}
[2026-08-21 09:58:49.229 GPU_Scheduler_1] Waiting for models to be activated: {'model_1': 'deactivated', 'model_2': 'activated', 'model_3': 'activating', 'model_4': 'deactivated', 'model_5': 'deactivated', 'model_6': 'activating'}
[2026-08-21 09:58:49.239 GPU_Scheduler_1] Waiting for models to be activated: {'model_1': 'deactivated', 'model_2': 'activated', 'model_3': 'activating', 'model_4': 'deactivated', 'model_5': 'deactivated', 'model_6': 'activating'}
[2026-08-21 09:58:49.250 GPU_Scheduler_1] Waiting for models to be activated: {'model_1': 'deactivated', 'model_2': 'activated', 'model_3': 'activating', 'model_4': 'deactivated', 'model_5': 'deactivated', 'model_6': 'activating'}
[2026-08-21 09:58:49.261 GPU_Scheduler_1] Waiting for models to be activated: {'model_1': 'deactivated', 'model_2': 'activated', 'model_3': 'activating', 'model_4': 'deactivated', 'model_5': 'deactivated', 'model_6': 'activating'}
[2026-08-21 09:58:49.271 GPU_Scheduler_1] Waiting for models to be activated: {'model_1': 'deactivated', 'model_2': 'activated', 'model_3': 'activating', 'model_4': 'deactivated', 'model_5': 'deactivated', 'model_6': 'activating'}
[2026-08-21 09:58:49.281 GPU_Scheduler_1] Waiting for models to be activated: {'model_1': 'deactivated', 'model_2': 'activated', 'model_3': 'activating', 'model_4': 'deactivated', 'model_5': 'deactivated', 'model_6': 'activating'}
[2026-08-21 09:58:49.292 GPU_Scheduler_1] Waiting for models to be activated: {'model_1': 'deactivated', 'model_2': 'activated', 'model_3': 'activating', 'model_4': 'deactivated', 'model_5': 'deactivated', 'model_6': 'activating'}
[2026-08-21 09:58:49.302 GPU_Scheduler_1] Waiting for models to be activated: {'model_1': 'deactivated', 'model_2': 'activated', 'model_3': 'activating', 'model_4': 'deactivated', 'model_5': 'deactivated', 'model_6': 'activating'}
[2026-08-21 09:58:49.313 GPU_Scheduler_1] Waiting for models to be activated: {'model_1': 'deactivated', 'model_2': 'activated', 'model_3': 'activating', 'model_4': 'deactivated', 'model_5': 'deactivated', 'model_6': 'activating'}
[2026-08-21 09:58:49.323 GPU_Scheduler_1] Waiting for models to be activated: {'model_1': 'deactivated', 'model_2': 'activated', 'model_3': 'activating', 'model_4': 'deactivated', 'model_5': 'deactivated', 'model_6': 'activating'}
[2026-08-21 09:58:49.334 GPU_Scheduler_1] Waiting for models to be activated: {'model_1': 'deactivated', 'model_2': 'activated', 'model_3': 'activating', 'model_4': 'deactivated', 'model_5': 'deactivated', 'model_6': 'activating'}
[2026-08-21 09:58:49.344 GPU_Scheduler_1] Waiting for models to be activated: {'model_1': 'deactivated', 'model_2': 'activated', 'model_3': 'activating', 'model_4': 'deactivated', 'model_5': 'deactivated', 'model_6': 'activating'}
[2026-08-21 09:58:49.355 GPU_Scheduler_1] Waiting for models to be activated: {'model_1': 'deactivated', 'model_2': 'activated', 'model_3': 'activating', 'model_4': 'deactivated', 'model_5': 'deactivated', 'model_6': 'activating'}
[2026-08-21 09:58:49.365 GPU_Scheduler_1] Waiting for models to be activated: {'model_1': 'deactivated', 'model_2': 'activated', 'model_3': 'activating', 'model_4': 'deactivated', 'model_5': 'deactivated', 'model_6': 'activating'}
[2026-08-21 09:58:49.376 GPU_Scheduler_1] Waiting for models to be activated: {'model_1': 'deactivated', 'model_2': 'activated', 'model_3': 'activating', 'model_4': 'deactivated', 'model_5': 'deactivated', 'model_6': 'activating'}
[2026-08-21 09:58:49.386 GPU_Scheduler_1] Waiting for models to be activated: {'model_1': 'deactivated', 'model_2': 'activated', 'model_3': 'activating', 'model_4': 'deactivated', 'model_5': 'deactivated', 'model_6': 'activating'}
[2026-08-21 09:58:49.397 GPU_Scheduler_1] Waiting for models to be activated: {'model_1': 'deactivated', 'model_2': 'activated', 'model_3': 'activating', 'model_4': 'deactivated', 'model_5': 'deactivated', 'model_6': 'activating'}
[2026-08-21 09:58:49.407 GPU_Scheduler_1] Waiting for models to be activated: {'model_1': 'deactivated', 'model_2': 'activated', 'model_3': 'activating', 'model_4': 'deactivated', 'model_5': 'deactivated', 'model_6': 'activating'}
[2026-08-21 09:58:49.418 GPU_Scheduler_1] Waiting for models to be activated: {'model_1': 'deactivated', 'model_2': 'activated', 'model_3': 'activating', 'model_4': 'deactivated', 'model_5': 'deactivated', 'model_6': 'activating'}
[2026-08-21 09:58:49.428 GPU_Scheduler_1] Waiting for models to be activated: {'model_1': 'deactivated', 'model_2': 'activated', 'model_3': 'activating', 'model_4': 'deactivated', 'model_5': 'deactivated', 'model_6': 'activating'}
[2026-08-21 09:58:49.439 GPU_Scheduler_1] Waiting for models to be activated: {'model_1': 'deactivated', 'model_2': 'activated', 'model_3': 'activating', 'model_4': 'deactivated', 'model_5': 'deactivated', 'model_6': 'activating'}
[2026-08-21 09:58:49.449 GPU_Scheduler_1] Waiting for models to be activated: {'model_1': 'deactivated', 'model_2': 'activated', 'model_3': 'activating', 'model_4': 'deactivated', 'model_5': 'deactivated', 'model_6': 'activating'}
[2026-08-21 09:58:49.460 GPU_Scheduler_1] Waiting for models to be activated: {'model_1': 'deactivated', 'model_2': 'activated', 'model_3': 'activating', 'model_4': 'deactivated', 'model_5': 'deactivated', 'model_6': 'activating'}
[2026-08-21 09:58:49.471 GPU_Scheduler_1] Waiting for models to be activated: {'model_1': 'deactivated', 'model_2': 'activated', 'model_3': 'activating', 'model_4': 'deactivated', 'model_5': 'deactivated', 'model_6': 'activating'}
[2026-08-21 09:58:49.481 GPU_Scheduler_1] Waiting for models to be activated: {'model_1': 'deactivated', 'model_2': 'activated', 'model_3': 'activating', 'model_4': 'deactivated', 'model_5': 'deactivated', 'model_6': 'activating'}
[2026-08-21 09:58:49.492 GPU_Scheduler_1] Waiting for models to be activated: {'model_1': 'deactivated', 'model_2': 'activated', 'model_3': 'activating', 'model_4': 'deactivated', 'model_5': 'deactivated', 'model_6': 'activating'}
[2026-08-21 09:58:49.503 GPU_Scheduler_1] Waiting for models to be activated: {'model_1': 'deactivated', 'model_2': 'activated', 'model_3': 'activating', 'model_4': 'deactivated', 'model_5': 'deactivated', 'model_6': 'activating'}
[2026-08-21 09:58:49.513 GPU_Scheduler_1] Waiting for models to be activated: {'model_1': 'deactivated', 'model_2': 'activated', 'model_3': 'activating', 'model_4': 'deactivated', 'model_5': 'deactivated', 'model_6': 'activating'}
[2026-08-21 09:58:49.524 GPU_Scheduler_1] Waiting for models to be activated: {'model_1': 'deactivated', 'model_2': 'activated', 'model_3': 'activating', 'model_4': 'deactivated', 'model_5': 'deactivated', 'model_6': 'activating'}
[2026-08-21 09:58:49.534 GPU_Scheduler_1] Waiting for models to be activated: {'model_1': 'deactivated', 'model_2': 'activated', 'model_3': 'activating', 'model_4': 'deactivated', 'model_5': 'deactivated', 'model_6': 'activating'}
[2026-08-21 09:58:49.545 GPU_Scheduler_1] Waiting for models to be activated: {'model_1': 'deactivated', 'model_2': 'activated', 'model_3': 'activating', 'model_4': 'deactivated', 'model_5': 'deactivated', 'model_6': 'activating'}
[2026-08-21 09:58:49.555 GPU_Scheduler_1] Waiting for models to be activated: {'model_1': 'deactivated', 'model_2': 'activated', 'model_3': 'activating', 'model_4': 'deactivated', 'model_5': 'deactivated', 'model_6': 'activating'}
[2026-08-21 09:58:49.566 GPU_Scheduler_1] Waiting for models to be activated: {'model_1': 'deactivated', 'model_2': 'activated', 'model_3': 'activating', 'model_4': 'deactivated', 'model_5': 'deactivated', 'model_6': 'activating'}
[2026-08-21 09:58:49.576 GPU_Scheduler_1] Waiting for models to be activated: {'model_1': 'deactivated', 'model_2': 'activated', 'model_3': 'activating', 'model_4': 'deactivated', 'model_5': 'deactivated', 'model_6': 'activating'}
[2026-08-21 09:58:49.587 GPU_Scheduler_1] Waiting for models to be activated: {'model_1': 'deactivated', 'model_2': 'activated', 'model_3': 'activating', 'model_4': 'deactivated', 'model_5': 'deactivated', 'model_6': 'activating'}
[2026-08-21 09:58:49.597 GPU_Scheduler_1] Waiting for models to be activated: {'model_1': 'deactivated', 'model_2': 'activated', 'model_3': 'activating', 'model_4': 'deactivated', 'model_5': 'deactivated', 'model_6': 'activating'}
[2026-08-21 09:58:49.608 GPU_Scheduler_1] Waiting for models to be activated: {'model_1': 'deactivated', 'model_2': 'activated', 'model_3': 'activating', 'model_4': 'deactivated', 'model_5': 'deactivated', 'model_6': 'activating'}
[2026-08-21 09:58:49.618 GPU_Scheduler_1] Waiting for models to be activated: {'model_1': 'deactivated', 'model_2': 'activated', 'model_3': 'activating', 'model_4': 'deactivated', 'model_5': 'deactivated', 'model_6': 'activating'}
[2026-08-21 09:58:49.629 GPU_Scheduler_1] Waiting for models to be activated: {'model_1': 'deactivated', 'model_2': 'activated', 'model_3': 'activating', 'model_4': 'deactivated', 'model_5': 'deactivated', 'model_6': 'activating'}
[2026-08-21 09:58:49.639 GPU_Scheduler_1] Waiting for models to be activated: {'model_1': 'deactivated', 'model_2': 'activated', 'model_3': 'activating', 'model_4': 'deactivated', 'model_5': 'deactivated', 'model_6': 'activating'}
[2026-08-21 09:58:49.649 GPU_Scheduler_1] Waiting for models to be activated: {'model_1': 'deactivated', 'model_2': 'activated', 'model_3': 'activating', 'model_4': 'deactivated', 'model_5': 'deactivated', 'model_6': 'activating'}
[2026-08-21 09:58:49.660 GPU_Scheduler_1] Waiting for models to be activated: {'model_1': 'deactivated', 'model_2': 'activated', 'model_3': 'activating', 'model_4': 'deactivated', 'model_5': 'deactivated', 'model_6': 'activating'}
[2026-08-21 09:58:49.670 GPU_Scheduler_1] Waiting for models to be activated: {'model_1': 'deactivated', 'model_2': 'activated', 'model_3': 'activating', 'model_4': 'deactivated', 'model_5': 'deactivated', 'model_6': 'activating'}
[2026-08-21 09:58:49.681 GPU_Scheduler_1] Waiting for models to be activated: {'model_1': 'deactivated', 'model_2': 'activated', 'model_3': 'activating', 'model_4': 'deactivated', 'model_5': 'deactivated', 'model_6': 'activating'}
[2026-08-21 09:58:49.691 GPU_Scheduler_1] Waiting for models to be activated: {'model_1': 'deactivated', 'model_2': 'activated', 'model_3': 'activating', 'model_4': 'deactivated', 'model_5': 'deactivated', 'model_6': 'activating'}
[2026-08-21 09:58:49.702 GPU_Scheduler_1] Waiting for models to be activated: {'model_1': 'deactivated', 'model_2': 'activated', 'model_3': 'activating', 'model_4': 'deactivated', 'model_5': 'deactivated', 'model_6': 'activating'}
[2026-08-21 09:58:49.712 GPU_Scheduler_1] Waiting for models to be activated: {'model_1': 'deactivated', 'model_2': 'activated', 'model_3': 'activating', 'model_4': 'deactivated', 'model_5': 'deactivated', 'model_6': 'activating'}
[2026-08-21 09:58:49.723 GPU_Scheduler_1] Waiting for models to be activated: {'model_1': 'deactivated', 'model_2': 'activated', 'model_3': 'activating', 'model_4': 'deactivated', 'model_5': 'deactivated', 'model_6': 'activating'}
[2026-08-21 09:58:49.733 GPU_Scheduler_1] Waiting for models to be activated: {'model_1': 'deactivated', 'model_2': 'activated', 'model_3': 'activating', 'model_4': 'deactivated', 'model_5': 'deactivated', 'model_6': 'activating'}
[2026-08-21 09:58:49.744 GPU_Scheduler_1] Waiting for models to be activated: {'model_1': 'deactivated', 'model_2': 'activated', 'model_3': 'activating', 'model_4': 'deactivated', 'model_5': 'deactivated', 'model_6': 'activating'}
[2026-08-21 09:58:49.754 GPU_Scheduler_1] Waiting for models to be activated: {'model_1': 'deactivated', 'model_2': 'activated', 'model_3': 'activating', 'model_4': 'deactivated', 'model_5': 'deactivated', 'model_6': 'activating'}
[2026-08-21 09:58:49.765 GPU_Scheduler_1] Waiting for models to be activated: {'model_1': 'deactivated', 'model_2': 'activated', 'model_3': 'activating', 'model_4': 'deactivated', 'model_5': 'deactivated', 'model_6': 'activating'}
[2026-08-21 09:58:49.775 GPU_Scheduler_1] Waiting for models to be activated: {'model_1': 'deactivated', 'model_2': 'activated', 'model_3': 'activating', 'model_4': 'deactivated', 'model_5': 'deactivated', 'model_6': 'activating'}
[2026-08-21 09:58:49.786 GPU_Scheduler_1] Waiting for models to be activated: {'model_1': 'deactivated', 'model_2': 'activated', 'model_3': 'activating', 'model_4': 'deactivated', 'model_5': 'deactivated', 'model_6': 'activating'}
[2026-08-21 09:58:49.797 GPU_Scheduler_1] Waiting for models to be activated: {'model_1': 'deactivated', 'model_2': 'activated', 'model_3': 'activating', 'model_4': 'deactivated', 'model_5': 'deactivated', 'model_6': 'activating'}
[2026-08-21 09:58:49.807 GPU_Scheduler_1] Waiting for models to be activated: {'model_1': 'deactivated', 'model_2': 'activated', 'model_3': 'activating', 'model_4': 'deactivated', 'model_5': 'deactivated', 'model_6': 'activating'}
[2026-08-21 09:58:49.818 GPU_Scheduler_1] Waiting for models to be activated: {'model_1': 'deactivated', 'model_2': 'activated', 'model_3': 'activating', 'model_4': 'deactivated', 'model_5': 'deactivated', 'model_6': 'activating'}
[2026-08-21 09:58:49.828 GPU_Scheduler_1] Waiting for models to be activated: {'model_1': 'deactivated', 'model_2': 'activated', 'model_3': 'activating', 'model_4': 'deactivated', 'model_5': 'deactivated', 'model_6': 'activating'}
[2026-08-21 09:58:49.838 GPU_Scheduler_1] Waiting for models to be activated: {'model_1': 'deactivated', 'model_2': 'activated', 'model_3': 'activating', 'model_4': 'deactivated', 'model_5': 'deactivated', 'model_6': 'activating'}
[2026-08-21 09:58:49.848 GPU_Scheduler_1] Waiting for models to be activated: {'model_1': 'deactivated', 'model_2': 'activated', 'model_3': 'activating', 'model_4': 'deactivated', 'model_5': 'deactivated', 'model_6': 'activating'}
[2026-08-21 09:58:49.859 GPU_Scheduler_1] Waiting for models to be activated: {'model_1': 'deactivated', 'model_2': 'activated', 'model_3': 'activating', 'model_4': 'deactivated', 'model_5': 'deactivated', 'model_6': 'activating'}
[2026-08-21 09:58:49.869 GPU_Scheduler_1] Waiting for models to be activated: {'model_1': 'deactivated', 'model_2': 'activated', 'model_3': 'activating', 'model_4': 'deactivated', 'model_5': 'deactivated', 'model_6': 'activating'}
[2026-08-21 09:58:49.879 GPU_Scheduler_1] Waiting for models to be activated: {'model_1': 'deactivated', 'model_2': 'activated', 'model_3': 'activating', 'model_4': 'deactivated', 'model_5': 'deactivated', 'model_6': 'activating'}
[2026-08-21 09:58:49.889 GPU_Scheduler_1] Waiting for models to be activated: {'model_1': 'deactivated', 'model_2': 'activated', 'model_3': 'activating', 'model_4': 'deactivated', 'model_5': 'deactivated', 'model_6': 'activating'}
[2026-08-21 09:58:49.900 GPU_Scheduler_1] Waiting for models to be activated: {'model_1': 'deactivated', 'model_2': 'activated', 'model_3': 'activating', 'model_4': 'deactivated', 'model_5': 'deactivated', 'model_6': 'activating'}
[2026-08-21 09:58:49.910 GPU_Scheduler_1] Waiting for models to be activated: {'model_1': 'deactivated', 'model_2': 'activated', 'model_3': 'activating', 'model_4': 'deactivated', 'model_5': 'deactivated', 'model_6': 'activating'}
[2026-08-21 09:58:49.920 GPU_Scheduler_1] Waiting for models to be activated: {'model_1': 'deactivated', 'model_2': 'activated', 'model_3': 'activating', 'model_4': 'deactivated', 'model_5': 'deactivated', 'model_6': 'activating'}
[2026-08-21 09:58:49.931 GPU_Scheduler_1] Waiting for models to be activated: {'model_1': 'deactivated', 'model_2': 'activated', 'model_3': 'activating', 'model_4': 'deactivated', 'model_5': 'deactivated', 'model_6': 'activating'}
[2026-08-21 09:58:49.941 GPU_Scheduler_1] Waiting for models to be activated: {'model_1': 'deactivated', 'model_2': 'activated', 'model_3': 'activating', 'model_4': 'deactivated', 'model_5': 'deactivated', 'model_6': 'activating'}
[2026-08-21 09:58:49.951 GPU_Scheduler_1] Waiting for models to be activated: {'model_1': 'deactivated', 'model_2': 'activated', 'model_3': 'activating', 'model_4': 'deactivated', 'model_5': 'deactivated', 'model_6': 'activating'}
[2026-08-21 09:58:49.961 GPU_Scheduler_1] Waiting for models to be activated: {'model_1': 'deactivated', 'model_2': 'activated', 'model_3': 'activating', 'model_4': 'deactivated', 'model_5': 'deactivated', 'model_6': 'activating'}
[2026-08-21 09:58:49.972 GPU_Scheduler_1] Waiting for models to be activated: {'model_1': 'deactivated', 'model_2': 'activated', 'model_3': 'activating', 'model_4': 'deactivated', 'model_5': 'deactivated', 'model_6': 'activating'}
[2026-08-21 09:58:49.982 GPU_Scheduler_1] Waiting for models to be activated: {'model_1': 'deactivated', 'model_2': 'activated', 'model_3': 'activating', 'model_4': 'deactivated', 'model_5': 'deactivated', 'model_6': 'activating'}
[2026-08-21 09:58:49.992 GPU_Scheduler_1] Waiting for models to be activated: {'model_1': 'deactivated', 'model_2': 'activated', 'model_3': 'activating', 'model_4': 'deactivated', 'model_5': 'deactivated', 'model_6': 'activating'}
[2026-08-21 09:58:50.002 GPU_Scheduler_1] Waiting for models to be activated: {'model_1': 'deactivated', 'model_2': 'activated', 'model_3': 'activating', 'model_4': 'deactivated', 'model_5': 'deactivated', 'model_6': 'activating'}
[2026-08-21 09:58:50.013 GPU_Scheduler_1] Waiting for models to be activated: {'model_1': 'deactivated', 'model_2': 'activated', 'model_3': 'activating', 'model_4': 'deactivated', 'model_5': 'deactivated', 'model_6': 'activating'}
[2026-08-21 09:58:50.023 GPU_Scheduler_1] Waiting for models to be activated: {'model_1': 'deactivated', 'model_2': 'activated', 'model_3': 'activating', 'model_4': 'deactivated', 'model_5': 'deactivated', 'model_6': 'activating'}
[2026-08-21 09:58:50.033 GPU_Scheduler_1] Waiting for models to be activated: {'model_1': 'deactivated', 'model_2': 'activated', 'model_3': 'activating', 'model_4': 'deactivated', 'model_5': 'deactivated', 'model_6': 'activating'}
[2026-08-21 09:58:50.044 GPU_Scheduler_1] Waiting for models to be activated: {'model_1': 'deactivated', 'model_2': 'activated', 'model_3': 'activating', 'model_4': 'deactivated', 'model_5': 'deactivated', 'model_6': 'activating'}
[2026-08-21 09:58:50.054 GPU_Scheduler_1] Waiting for models to be activated: {'model_1': 'deactivated', 'model_2': 'activated', 'model_3': 'activating', 'model_4': 'deactivated', 'model_5': 'deactivated', 'model_6': 'activating'}
[2026-08-21 09:58:50.064 GPU_Scheduler_1] Waiting for models to be activated: {'model_1': 'deactivated', 'model_2': 'activated', 'model_3': 'activating', 'model_4': 'deactivated', 'model_5': 'deactivated', 'model_6': 'activating'}
[2026-08-21 09:58:50.074 GPU_Scheduler_1] Waiting for models to be activated: {'model_1': 'deactivated', 'model_2': 'activated', 'model_3': 'activating', 'model_4': 'deactivated', 'model_5': 'deactivated', 'model_6': 'activating'}
[2026-08-21 09:58:50.085 GPU_Scheduler_1] Waiting for models to be activated: {'model_1': 'deactivated', 'model_2': 'activated', 'model_3': 'activating', 'model_4': 'deactivated', 'model_5': 'deactivated', 'model_6': 'activating'}
[2026-08-21 09:58:50.095 GPU_Scheduler_1] Waiting for models to be activated: {'model_1': 'deactivated', 'model_2': 'activated', 'model_3': 'activating', 'model_4': 'deactivated', 'model_5': 'deactivated', 'model_6': 'activating'}
[2026-08-21 09:58:50.105 GPU_Scheduler_1] Waiting for models to be activated: {'model_1': 'deactivated', 'model_2': 'activated', 'model_3': 'activating', 'model_4': 'deactivated', 'model_5': 'deactivated', 'model_6': 'activating'}
[2026-08-21 09:58:50.116 GPU_Scheduler_1] Waiting for models to be activated: {'model_1': 'deactivated', 'model_2': 'activated', 'model_3': 'activating', 'model_4': 'deactivated', 'model_5': 'deactivated', 'model_6': 'activating'}
[2026-08-21 09:58:50.126 GPU_Scheduler_1] Waiting for models to be activated: {'model_1': 'deactivated', 'model_2': 'activated', 'model_3': 'activating', 'model_4': 'deactivated', 'model_5': 'deactivated', 'model_6': 'activating'}
[2026-08-21 09:58:50.136 GPU_Scheduler_1] Waiting for models to be activated: {'model_1': 'deactivated', 'model_2': 'activated', 'model_3': 'activating', 'model_4': 'deactivated', 'model_5': 'deactivated', 'model_6': 'activating'}
[2026-08-21 09:58:50.146 GPU_Scheduler_1] Waiting for models to be activated: {'model_1': 'deactivated', 'model_2': 'activated', 'model_3': 'activating', 'model_4': 'deactivated', 'model_5': 'deactivated', 'model_6': 'activating'}
[2026-08-21 09:58:50.157 GPU_Scheduler_1] Waiting for models to be activated: {'model_1': 'deactivated', 'model_2': 'activated', 'model_3': 'activating', 'model_4': 'deactivated', 'model_5': 'deactivated', 'model_6': 'activating'}
[2026-08-21 09:58:50.167 GPU_Scheduler_1] Waiting for models to be activated: {'model_1': 'deactivated', 'model_2': 'activated', 'model_3': 'activating', 'model_4': 'deactivated', 'model_5': 'deactivated', 'model_6': 'activating'}
[2026-08-21 09:58:50.177 GPU_Scheduler_1] Model model_3 (instance 1) activation succeeded on GPU 1
[2026-08-21 09:58:50.177 GPU_Scheduler_1] Waiting for models to be activated: {'model_1': 'deactivated', 'model_2': 'activated', 'model_3': 'activated', 'model_4': 'deactivated', 'model_5': 'deactivated', 'model_6': 'activating'}
[2026-08-21 09:58:50.188 GPU_Scheduler_1] Waiting for models to be activated: {'model_1': 'deactivated', 'model_2': 'activated', 'model_3': 'activated', 'model_4': 'deactivated', 'model_5': 'deactivated', 'model_6': 'activating'}
[2026-08-21 09:58:50.198 GPU_Scheduler_1] Waiting for models to be activated: {'model_1': 'deactivated', 'model_2': 'activated', 'model_3': 'activated', 'model_4': 'deactivated', 'model_5': 'deactivated', 'model_6': 'activating'}
[2026-08-21 09:58:50.208 GPU_Scheduler_1] Waiting for models to be activated: {'model_1': 'deactivated', 'model_2': 'activated', 'model_3': 'activated', 'model_4': 'deactivated', 'model_5': 'deactivated', 'model_6': 'activating'}
[2026-08-21 09:58:50.215 GPU_Scheduler_0] [V5-LOOP] {"iters": 461, "t_mem": 0.009293237002566457, "t_redis": 0.33958038850687444, "t_admit": 0.004046264570206404, "t_send": 0.0004856379237025976, "t_iter": 0.3534055280033499, "admitted": 0, "iter_max": 0.0021909570787101984, "gpu_id": 0, "window_s": 5.005722522735596}
[2026-08-21 09:58:50.219 GPU_Scheduler_1] Waiting for models to be activated: {'model_1': 'deactivated', 'model_2': 'activated', 'model_3': 'activated', 'model_4': 'deactivated', 'model_5': 'deactivated', 'model_6': 'activating'}
[2026-08-21 09:58:50.229 GPU_Scheduler_1] Waiting for models to be activated: {'model_1': 'deactivated', 'model_2': 'activated', 'model_3': 'activated', 'model_4': 'deactivated', 'model_5': 'deactivated', 'model_6': 'activating'}
[2026-08-21 09:58:50.239 GPU_Scheduler_1] Waiting for models to be activated: {'model_1': 'deactivated', 'model_2': 'activated', 'model_3': 'activated', 'model_4': 'deactivated', 'model_5': 'deactivated', 'model_6': 'activating'}
[2026-08-21 09:58:50.250 GPU_Scheduler_1] Waiting for models to be activated: {'model_1': 'deactivated', 'model_2': 'activated', 'model_3': 'activated', 'model_4': 'deactivated', 'model_5': 'deactivated', 'model_6': 'activating'}
[2026-08-21 09:58:50.260 GPU_Scheduler_1] Waiting for models to be activated: {'model_1': 'deactivated', 'model_2': 'activated', 'model_3': 'activated', 'model_4': 'deactivated', 'model_5': 'deactivated', 'model_6': 'activating'}
[2026-08-21 09:58:50.271 GPU_Scheduler_1] Waiting for models to be activated: {'model_1': 'deactivated', 'model_2': 'activated', 'model_3': 'activated', 'model_4': 'deactivated', 'model_5': 'deactivated', 'model_6': 'activating'}
[2026-08-21 09:58:50.281 GPU_Scheduler_1] Waiting for models to be activated: {'model_1': 'deactivated', 'model_2': 'activated', 'model_3': 'activated', 'model_4': 'deactivated', 'model_5': 'deactivated', 'model_6': 'activating'}
[2026-08-21 09:58:50.292 GPU_Scheduler_1] Waiting for models to be activated: {'model_1': 'deactivated', 'model_2': 'activated', 'model_3': 'activated', 'model_4': 'deactivated', 'model_5': 'deactivated', 'model_6': 'activating'}
[2026-08-21 09:58:50.302 GPU_Scheduler_1] Waiting for models to be activated: {'model_1': 'deactivated', 'model_2': 'activated', 'model_3': 'activated', 'model_4': 'deactivated', 'model_5': 'deactivated', 'model_6': 'activating'}
[2026-08-21 09:58:50.312 GPU_Scheduler_1] Waiting for models to be activated: {'model_1': 'deactivated', 'model_2': 'activated', 'model_3': 'activated', 'model_4': 'deactivated', 'model_5': 'deactivated', 'model_6': 'activating'}
[2026-08-21 09:58:50.323 GPU_Scheduler_1] Waiting for models to be activated: {'model_1': 'deactivated', 'model_2': 'activated', 'model_3': 'activated', 'model_4': 'deactivated', 'model_5': 'deactivated', 'model_6': 'activating'}
[2026-08-21 09:58:50.333 GPU_Scheduler_1] Waiting for models to be activated: {'model_1': 'deactivated', 'model_2': 'activated', 'model_3': 'activated', 'model_4': 'deactivated', 'model_5': 'deactivated', 'model_6': 'activating'}
[2026-08-21 09:58:50.344 GPU_Scheduler_1] Waiting for models to be activated: {'model_1': 'deactivated', 'model_2': 'activated', 'model_3': 'activated', 'model_4': 'deactivated', 'model_5': 'deactivated', 'model_6': 'activating'}
[2026-08-21 09:58:50.355 GPU_Scheduler_1] Waiting for models to be activated: {'model_1': 'deactivated', 'model_2': 'activated', 'model_3': 'activated', 'model_4': 'deactivated', 'model_5': 'deactivated', 'model_6': 'activating'}
[2026-08-21 09:58:50.365 GPU_Scheduler_1] Waiting for models to be activated: {'model_1': 'deactivated', 'model_2': 'activated', 'model_3': 'activated', 'model_4': 'deactivated', 'model_5': 'deactivated', 'model_6': 'activating'}
[2026-08-21 09:58:50.376 GPU_Scheduler_1] Waiting for models to be activated: {'model_1': 'deactivated', 'model_2': 'activated', 'model_3': 'activated', 'model_4': 'deactivated', 'model_5': 'deactivated', 'model_6': 'activating'}
[2026-08-21 09:58:50.387 GPU_Scheduler_1] Waiting for models to be activated: {'model_1': 'deactivated', 'model_2': 'activated', 'model_3': 'activated', 'model_4': 'deactivated', 'model_5': 'deactivated', 'model_6': 'activating'}
[2026-08-21 09:58:50.397 GPU_Scheduler_1] Waiting for models to be activated: {'model_1': 'deactivated', 'model_2': 'activated', 'model_3': 'activated', 'model_4': 'deactivated', 'model_5': 'deactivated', 'model_6': 'activating'}
[2026-08-21 09:58:50.408 GPU_Scheduler_1] Waiting for models to be activated: {'model_1': 'deactivated', 'model_2': 'activated', 'model_3': 'activated', 'model_4': 'deactivated', 'model_5': 'deactivated', 'model_6': 'activating'}
[2026-08-21 09:58:50.418 GPU_Scheduler_1] Waiting for models to be activated: {'model_1': 'deactivated', 'model_2': 'activated', 'model_3': 'activated', 'model_4': 'deactivated', 'model_5': 'deactivated', 'model_6': 'activating'}
[2026-08-21 09:58:50.429 GPU_Scheduler_1] Waiting for models to be activated: {'model_1': 'deactivated', 'model_2': 'activated', 'model_3': 'activated', 'model_4': 'deactivated', 'model_5': 'deactivated', 'model_6': 'activating'}
[2026-08-21 09:58:50.439 GPU_Scheduler_1] Waiting for models to be activated: {'model_1': 'deactivated', 'model_2': 'activated', 'model_3': 'activated', 'model_4': 'deactivated', 'model_5': 'deactivated', 'model_6': 'activating'}
[2026-08-21 09:58:50.450 GPU_Scheduler_1] Waiting for models to be activated: {'model_1': 'deactivated', 'model_2': 'activated', 'model_3': 'activated', 'model_4': 'deactivated', 'model_5': 'deactivated', 'model_6': 'activating'}
[2026-08-21 09:58:50.460 GPU_Scheduler_1] Waiting for models to be activated: {'model_1': 'deactivated', 'model_2': 'activated', 'model_3': 'activated', 'model_4': 'deactivated', 'model_5': 'deactivated', 'model_6': 'activating'}
[2026-08-21 09:58:50.470 GPU_Scheduler_1] Waiting for models to be activated: {'model_1': 'deactivated', 'model_2': 'activated', 'model_3': 'activated', 'model_4': 'deactivated', 'model_5': 'deactivated', 'model_6': 'activating'}
[2026-08-21 09:58:50.481 GPU_Scheduler_1] Waiting for models to be activated: {'model_1': 'deactivated', 'model_2': 'activated', 'model_3': 'activated', 'model_4': 'deactivated', 'model_5': 'deactivated', 'model_6': 'activating'}
[2026-08-21 09:58:50.491 GPU_Scheduler_1] Waiting for models to be activated: {'model_1': 'deactivated', 'model_2': 'activated', 'model_3': 'activated', 'model_4': 'deactivated', 'model_5': 'deactivated', 'model_6': 'activating'}
[2026-08-21 09:58:50.502 GPU_Scheduler_1] Waiting for models to be activated: {'model_1': 'deactivated', 'model_2': 'activated', 'model_3': 'activated', 'model_4': 'deactivated', 'model_5': 'deactivated', 'model_6': 'activating'}
[2026-08-21 09:58:50.512 GPU_Scheduler_1] Waiting for models to be activated: {'model_1': 'deactivated', 'model_2': 'activated', 'model_3': 'activated', 'model_4': 'deactivated', 'model_5': 'deactivated', 'model_6': 'activating'}
[2026-08-21 09:58:50.522 GPU_Scheduler_1] Waiting for models to be activated: {'model_1': 'deactivated', 'model_2': 'activated', 'model_3': 'activated', 'model_4': 'deactivated', 'model_5': 'deactivated', 'model_6': 'activating'}
[2026-08-21 09:58:50.533 GPU_Scheduler_1] Waiting for models to be activated: {'model_1': 'deactivated', 'model_2': 'activated', 'model_3': 'activated', 'model_4': 'deactivated', 'model_5': 'deactivated', 'model_6': 'activating'}
[2026-08-21 09:58:50.543 GPU_Scheduler_1] Waiting for models to be activated: {'model_1': 'deactivated', 'model_2': 'activated', 'model_3': 'activated', 'model_4': 'deactivated', 'model_5': 'deactivated', 'model_6': 'activating'}
[2026-08-21 09:58:50.554 GPU_Scheduler_1] Waiting for models to be activated: {'model_1': 'deactivated', 'model_2': 'activated', 'model_3': 'activated', 'model_4': 'deactivated', 'model_5': 'deactivated', 'model_6': 'activating'}
[2026-08-21 09:58:50.564 GPU_Scheduler_1] Waiting for models to be activated: {'model_1': 'deactivated', 'model_2': 'activated', 'model_3': 'activated', 'model_4': 'deactivated', 'model_5': 'deactivated', 'model_6': 'activating'}
[2026-08-21 09:58:50.575 GPU_Scheduler_1] Waiting for models to be activated: {'model_1': 'deactivated', 'model_2': 'activated', 'model_3': 'activated', 'model_4': 'deactivated', 'model_5': 'deactivated', 'model_6': 'activating'}
[2026-08-21 09:58:50.586 GPU_Scheduler_1] Model model_6 (instance 1) activation succeeded on GPU 1
[2026-08-21 09:58:51.635 GPU_Scheduler_1] Admitted 1 requests for model_2
[2026-08-21 09:58:51.635 GPU_Scheduler_1] Admitted 1 requests for model_3
[2026-08-21 09:58:51.635 GPU_Scheduler_1] Admitted 1 requests for model_6
[2026-08-21 09:58:51.636 GPU_Scheduler_0] Admitted 1 requests for model_5
[2026-08-21 09:58:51.636 GPU_Scheduler_0] Admitted 1 requests for model_1
[2026-08-21 09:58:51.636 GPU_Scheduler_0] Admitted 1 requests for model_4
[2026-08-21 09:58:55.028 GPU_Scheduler_0] Admitted 1 requests for model_1
[2026-08-21 09:58:55.221 GPU_Scheduler_0] [V5-LOOP] {"iters": 464, "t_mem": 0.009025470120832324, "t_redis": 0.30916268681176007, "t_admit": 0.004167654784396291, "t_send": 0.0024672551080584526, "t_iter": 0.32482306682504714, "admitted": 4, "iter_max": 0.023747703060507774, "gpu_id": 0, "window_s": 5.0054895877838135}
[2026-08-21 09:58:55.517 GPU_Scheduler_0] Admitted 1 requests for model_4
[2026-08-21 09:58:55.590 GPU_Scheduler_1] [V5-LOOP] {"iters": 443, "t_mem": 0.01612171926535666, "t_redis": 0.5091354225296527, "t_admit": 0.0065394502598792315, "t_send": 0.001990069169551134, "t_iter": 0.5337866612244397, "admitted": 3, "iter_max": 0.02250220300629735, "gpu_id": 1, "window_s": 5.003326177597046}
[2026-08-21 09:58:55.984 GPU_Scheduler_0] Admitted 1 requests for model_1
[2026-08-21 09:58:56.272 GPU_Scheduler_0] Admitted 1 requests for model_1
[2026-08-21 09:58:56.769 GPU_Scheduler_0] Admitted 1 requests for model_1
[2026-08-21 09:58:57.174 GPU_Scheduler_1] Admitted 1 requests for model_3
[2026-08-21 09:58:57.710 GPU_Scheduler_0] Admitted 1 requests for model_1
[2026-08-21 09:58:59.087 GPU_Scheduler_0] Admitted 1 requests for model_1
[2026-08-21 09:59:00.223 GPU_Scheduler_0] [V5-LOOP] {"iters": 450, "t_mem": 0.014262593351304531, "t_redis": 0.4331867443397641, "t_admit": 0.006624998291954398, "t_send": 0.004859428154304624, "t_iter": 0.45893376413732767, "admitted": 6, "iter_max": 0.0023031679447740316, "gpu_id": 0, "window_s": 5.001363277435303}
[2026-08-21 09:59:00.592 GPU_Scheduler_1] [V5-LOOP] {"iters": 447, "t_mem": 0.011563790030777454, "t_redis": 0.46677531977184117, "t_admit": 0.00568833714351058, "t_send": 0.001587021630257368, "t_iter": 0.48561446857638657, "admitted": 1, "iter_max": 0.0027832211926579475, "gpu_id": 1, "window_s": 5.000231981277466}
[2026-08-21 09:59:01.060 GPU_Scheduler_0] Admitted 1 requests for model_1
[2026-08-21 09:59:01.294 GPU_Scheduler_0] Admitted 1 requests for model_1
[2026-08-21 09:59:01.306 GPU_Scheduler_0] Admitted 1 requests for model_4
[2026-08-21 09:59:01.651 GPU_Scheduler_0] Admitted 1 requests for model_1
[2026-08-21 09:59:02.734 GPU_Scheduler_0] Admitted 1 requests for model_4
[2026-08-21 09:59:02.812 GPU_Scheduler_0] Admitted 1 requests for model_1
[2026-08-21 09:59:03.329 GPU_Scheduler_0] Admitted 1 requests for model_1
[2026-08-21 09:59:03.451 GPU_Scheduler_0] Admitted 1 requests for model_1
[2026-08-21 09:59:04.326 GPU_Scheduler_0] Admitted 1 requests for model_1
[2026-08-21 09:59:04.394 GPU_Scheduler_0] Admitted 1 requests for model_4
[2026-08-21 09:59:05.227 GPU_Scheduler_0] [V5-LOOP] {"iters": 448, "t_mem": 0.016940237255766988, "t_redis": 0.4472114439122379, "t_admit": 0.008136906428262591, "t_send": 0.007250062422826886, "t_iter": 0.47953865001909435, "admitted": 10, "iter_max": 0.002826130948960781, "gpu_id": 0, "window_s": 5.003397226333618}
[2026-08-21 09:59:05.250 GPU_Scheduler_0] Admitted 2 requests for model_1
[2026-08-21 09:59:05.594 GPU_Scheduler_1] [V5-LOOP] {"iters": 442, "t_mem": 0.01721965055912733, "t_redis": 0.5109696311410517, "t_admit": 0.007192130666226149, "t_send": 0.0008641134481877089, "t_iter": 0.5362455258145928, "admitted": 0, "iter_max": 0.003265826031565666, "gpu_id": 1, "window_s": 5.00104546546936}
[2026-08-21 09:59:06.393 GPU_Scheduler_0] Admitted 1 requests for model_4
[2026-08-21 09:59:07.253 GPU_Scheduler_1] Admitted 1 requests for model_3
[2026-08-21 09:59:08.817 GPU_Scheduler_0] Admitted 1 requests for model_4
[2026-08-21 09:59:10.234 GPU_Scheduler_0] [V5-LOOP] {"iters": 465, "t_mem": 0.010033759521320462, "t_redis": 0.2993797091767192, "t_admit": 0.004515581531450152, "t_send": 0.0023728276137262583, "t_iter": 0.31630187784321606, "admitted": 4, "iter_max": 0.002307197777554393, "gpu_id": 0, "window_s": 5.006790637969971}
[2026-08-21 09:59:10.372 GPU_Scheduler_1] Admitted 1 requests for model_3
[2026-08-21 09:59:10.448 GPU_Scheduler_0] Admitted 1 requests for model_1
[2026-08-21 09:59:10.491 GPU_Scheduler_0] Admitted 1 requests for model_1
[2026-08-21 09:59:10.598 GPU_Scheduler_1] [V5-LOOP] {"iters": 468, "t_mem": 0.010640967404469848, "t_redis": 0.26660621515475214, "t_admit": 0.004419471835717559, "t_send": 0.0017757224850356579, "t_iter": 0.2834423768799752, "admitted": 2, "iter_max": 0.0016405729111284018, "gpu_id": 1, "window_s": 5.003622531890869}
[2026-08-21 09:59:11.409 GPU_Scheduler_0] Admitted 1 requests for model_1
[2026-08-21 09:59:12.796 GPU_Scheduler_0] Admitted 1 requests for model_1
[2026-08-21 09:59:13.169 GPU_Scheduler_0] Admitted 1 requests for model_1
[2026-08-21 09:59:13.596 GPU_Scheduler_0] Admitted 1 requests for model_1
[2026-08-21 09:59:14.268 GPU_Scheduler_1] Admitted 1 requests for model_3
[2026-08-21 09:59:14.835 GPU_Scheduler_0] Admitted 1 requests for model_1
[2026-08-21 09:59:14.889 GPU_Scheduler_0] Admitted 1 requests for model_4
[2026-08-21 09:59:14.954 GPU_Scheduler_0] Admitted 1 requests for model_4
[2026-08-21 09:59:15.242 GPU_Scheduler_0] [V5-LOOP] {"iters": 469, "t_mem": 0.009120885515585542, "t_redis": 0.2594603877514601, "t_admit": 0.004195186775177717, "t_send": 0.0041159228421747684, "t_iter": 0.2768923828843981, "admitted": 9, "iter_max": 0.0017615440301597118, "gpu_id": 0, "window_s": 5.007811069488525}
[2026-08-21 09:59:15.608 GPU_Scheduler_1] [V5-LOOP] {"iters": 469, "t_mem": 0.009553365176543593, "t_redis": 0.2656292854808271, "t_admit": 0.003780227154493332, "t_send": 0.0011364363599568605, "t_iter": 0.2800993141718209, "admitted": 1, "iter_max": 0.0019696250092238188, "gpu_id": 1, "window_s": 5.009271860122681}
[2026-08-21 09:59:15.648 GPU_Scheduler_0] Admitted 1 requests for model_1
[2026-08-21 09:59:17.082 GPU_Scheduler_1] Admitted 1 requests for model_3
[2026-08-21 09:59:18.108 GPU_Scheduler_0] Admitted 1 requests for model_1
[2026-08-21 09:59:18.851 GPU_Scheduler_0] Admitted 1 requests for model_4
[2026-08-21 09:59:19.448 GPU_Scheduler_0] Admitted 1 requests for model_1
[2026-08-21 09:59:19.902 GPU_Scheduler_0] Admitted 1 requests for model_1
[2026-08-21 09:59:20.247 GPU_Scheduler_0] [V5-LOOP] {"iters": 457, "t_mem": 0.01057990430854261, "t_redis": 0.3738194869365543, "t_admit": 0.005285277962684631, "t_send": 0.0033479416742920876, "t_iter": 0.39303261088207364, "admitted": 5, "iter_max": 0.002428647829219699, "gpu_id": 0, "window_s": 5.004070520401001}
[2026-08-21 09:59:20.369 GPU_Scheduler_0] Admitted 1 requests for model_4
[2026-08-21 09:59:20.609 GPU_Scheduler_1] [V5-LOOP] {"iters": 456, "t_mem": 0.013257308164611459, "t_redis": 0.37993386341258883, "t_admit": 0.005172104574739933, "t_send": 0.0011502471752464771, "t_iter": 0.3995135233271867, "admitted": 1, "iter_max": 0.0016645931173115969, "gpu_id": 1, "window_s": 5.000768423080444}
[2026-08-21 09:59:21.180 GPU_Scheduler_0] Admitted 1 requests for model_4
[2026-08-21 09:59:21.334 GPU_Scheduler_0] Admitted 1 requests for model_1
[2026-08-21 09:59:21.521 GPU_Scheduler_0] Admitted 1 requests for model_4
[2026-08-21 09:59:21.555 GPU_Scheduler_0] Admitted 1 requests for model_4
[2026-08-21 09:59:21.665 GPU_Scheduler_0] Admitted 1 requests for model_1
[2026-08-21 09:59:23.500 GPU_Scheduler_1] Admitted 1 requests for model_3
[2026-08-21 09:59:25.253 GPU_Scheduler_0] [V5-LOOP] {"iters": 450, "t_mem": 0.012665188405662775, "t_redis": 0.44198039290495217, "t_admit": 0.005710330558940768, "t_send": 0.003848360851407051, "t_iter": 0.46420427272096276, "admitted": 6, "iter_max": 0.002079116180539131, "gpu_id": 0, "window_s": 5.0055224895477295}
[2026-08-21 09:59:25.611 GPU_Scheduler_1] [V5-LOOP] {"iters": 448, "t_mem": 0.012138239573687315, "t_redis": 0.46188592980615795, "t_admit": 0.005519273923709989, "t_send": 0.0016614869236946106, "t_iter": 0.48120493022724986, "admitted": 1, "iter_max": 0.0025748400948941708, "gpu_id": 1, "window_s": 5.001270294189453}
[2026-08-21 09:59:25.847 GPU_Scheduler_0] Admitted 1 requests for model_1
[2026-08-21 09:59:26.601 GPU_Scheduler_0] Admitted 1 requests for model_1
[2026-08-21 09:59:26.623 GPU_Scheduler_0] Admitted 1 requests for model_4
[2026-08-21 09:59:27.132 GPU_Scheduler_0] Admitted 1 requests for model_1
[2026-08-21 09:59:27.188 GPU_Scheduler_0] Admitted 1 requests for model_1
[2026-08-21 09:59:27.737 GPU_Scheduler_0] Admitted 1 requests for model_4
[2026-08-21 09:59:27.947 GPU_Scheduler_0] Admitted 1 requests for model_4
[2026-08-21 09:59:28.014 GPU_Scheduler_0] Admitted 1 requests for model_4
[2026-08-21 09:59:28.776 GPU_Scheduler_0] Admitted 1 requests for model_4
[2026-08-21 09:59:28.832 GPU_Scheduler_0] Admitted 1 requests for model_1
[2026-08-21 09:59:28.942 GPU_Scheduler_0] Admitted 1 requests for model_4
[2026-08-21 09:59:29.118 GPU_Scheduler_0] Admitted 1 requests for model_1
[2026-08-21 09:59:29.793 GPU_Scheduler_1] Admitted 1 requests for model_3
[2026-08-21 09:59:29.922 GPU_Scheduler_1] Admitted 1 requests for model_3
[2026-08-21 09:59:29.987 GPU_Scheduler_1] Admitted 1 requests for model_3
[2026-08-21 09:59:30.263 GPU_Scheduler_0] [V5-LOOP] {"iters": 454, "t_mem": 0.010028199292719364, "t_redis": 0.40529618645086884, "t_admit": 0.005822398234158754, "t_send": 0.007776297861710191, "t_iter": 0.42892308183945715, "admitted": 12, "iter_max": 0.0025513700675219297, "gpu_id": 0, "window_s": 5.009772062301636}
[2026-08-21 09:59:30.319 GPU_Scheduler_0] Admitted 1 requests for model_1
[2026-08-21 09:59:30.484 GPU_Scheduler_0] Admitted 1 requests for model_1
[2026-08-21 09:59:30.618 GPU_Scheduler_1] [V5-LOOP] {"iters": 462, "t_mem": 0.009571964619681239, "t_redis": 0.3310904582031071, "t_admit": 0.004206878365948796, "t_send": 0.0018865151796489954, "t_iter": 0.34675581636838615, "admitted": 3, "iter_max": 0.002030994975939393, "gpu_id": 1, "window_s": 5.007205486297607}
[2026-08-21 09:59:31.124 GPU_Scheduler_0] Admitted 1 requests for model_1
[2026-08-21 09:59:31.567 GPU_Scheduler_0] Admitted 1 requests for model_1
[2026-08-21 09:59:32.502 GPU_Scheduler_0] Admitted 1 requests for model_1
[2026-08-21 09:59:33.149 GPU_Scheduler_1] Admitted 1 requests for model_3
[2026-08-21 09:59:33.298 GPU_Scheduler_0] Admitted 1 requests for model_4
[2026-08-21 09:59:34.043 GPU_Scheduler_0] Admitted 1 requests for model_1
[2026-08-21 09:59:34.541 GPU_Scheduler_0] Admitted 1 requests for model_1
[2026-08-21 09:59:34.575 GPU_Scheduler_0] Admitted 1 requests for model_4
[2026-08-21 09:59:34.873 GPU_Scheduler_1] Admitted 1 requests for model_3
[2026-08-21 09:59:35.081 GPU_Scheduler_0] Admitted 1 requests for model_1
[2026-08-21 09:59:35.180 GPU_Scheduler_0] Admitted 1 requests for model_1
[2026-08-21 09:59:35.203 GPU_Scheduler_0] Admitted 1 requests for model_4
[2026-08-21 09:59:35.269 GPU_Scheduler_0] [V5-LOOP] {"iters": 454, "t_mem": 0.011492598336189985, "t_redis": 0.39976306655444205, "t_admit": 0.006637402577325702, "t_send": 0.0079966492485255, "t_iter": 0.42588971671648324, "admitted": 12, "iter_max": 0.0020733962301164865, "gpu_id": 0, "window_s": 5.005639553070068}
[2026-08-21 09:59:35.623 GPU_Scheduler_1] [V5-LOOP] {"iters": 460, "t_mem": 0.009159611072391272, "t_redis": 0.34878839226439595, "t_admit": 0.0044460901990532875, "t_send": 0.0017272820696234703, "t_iter": 0.364121375605464, "admitted": 2, "iter_max": 0.001798383891582489, "gpu_id": 1, "window_s": 5.004371881484985}
[2026-08-21 09:59:35.883 GPU_Scheduler_1] Admitted 1 requests for model_3
[2026-08-21 09:59:36.328 GPU_Scheduler_0] Admitted 1 requests for model_1
[2026-08-21 09:59:36.754 GPU_Scheduler_1] Admitted 1 requests for model_3
[2026-08-21 09:59:36.870 GPU_Scheduler_0] Admitted 1 requests for model_4
[2026-08-21 09:59:37.058 GPU_Scheduler_0] Admitted 1 requests for model_1
[2026-08-21 09:59:38.108 GPU_Scheduler_0] Admitted 1 requests for model_1
[2026-08-21 09:59:39.177 GPU_Scheduler_1] Admitted 1 requests for model_3
[2026-08-21 09:59:39.293 GPU_Scheduler_0] Admitted 1 requests for model_1
[2026-08-21 09:59:39.967 GPU_Scheduler_0] Admitted 1 requests for model_1
[2026-08-21 09:59:40.100 GPU_Scheduler_0] Admitted 1 requests for model_1
[2026-08-21 09:59:40.270 GPU_Scheduler_0] [V5-LOOP] {"iters": 451, "t_mem": 0.011949570383876562, "t_redis": 0.4259203067049384, "t_admit": 0.006587188690900803, "t_send": 0.005065134493634105, "t_iter": 0.4495222002733499, "admitted": 7, "iter_max": 0.0021884769666939974, "gpu_id": 0, "window_s": 5.000638961791992}
[2026-08-21 09:59:40.484 GPU_Scheduler_0] Admitted 1 requests for model_1
[2026-08-21 09:59:40.584 GPU_Scheduler_0] Admitted 2 requests for model_1
[2026-08-21 09:59:40.631 GPU_Scheduler_1] [V5-LOOP] {"iters": 463, "t_mem": 0.007716063875705004, "t_redis": 0.3227230100892484, "t_admit": 0.0040804841555655, "t_send": 0.002225889591500163, "t_iter": 0.3367454477120191, "admitted": 3, "iter_max": 0.002562370151281357, "gpu_id": 1, "window_s": 5.007148504257202}
[2026-08-21 09:59:40.947 GPU_Scheduler_0] Admitted 1 requests for model_4
[2026-08-21 09:59:41.612 GPU_Scheduler_0] Admitted 1 requests for model_4
[2026-08-21 09:59:41.656 GPU_Scheduler_0] Admitted 1 requests for model_4
[2026-08-21 09:59:43.304 GPU_Scheduler_0] Admitted 1 requests for model_4
[2026-08-21 09:59:44.541 GPU_Scheduler_0] Admitted 1 requests for model_1
[2026-08-21 09:59:44.701 GPU_Scheduler_1] Admitted 1 requests for model_3
[2026-08-21 09:59:45.272 GPU_Scheduler_0] [V5-LOOP] {"iters": 453, "t_mem": 0.010362584376707673, "t_redis": 0.40977700403891504, "t_admit": 0.005556696094572544, "t_send": 0.005017122020944953, "t_iter": 0.4307134065311402, "admitted": 8, "iter_max": 0.0019433051347732544, "gpu_id": 0, "window_s": 5.001882791519165}
[2026-08-21 09:59:45.276 GPU_Scheduler_1] Received deactivate request for model model_2
[2026-08-21 09:59:45.276 GPU_Scheduler_1] Received deactivate request for model_2, model_states: {'model_1': 'deactivated', 'model_2': 'deactivating', 'model_3': 'activated', 'model_4': 'deactivated', 'model_5': 'deactivated', 'model_6': 'activated'}
[2026-08-21 09:59:45.276 GPU_Scheduler_1] Release worker 0 from model model_2. Current model_to_worker: {'model_3': 1, 'model_6': 2}
[2026-08-21 09:59:45.276 GPU_Scheduler_0] Received deactivate request for model model_5
[2026-08-21 09:59:45.276 GPU_Scheduler_0] Received deactivate request for model_5, model_states: {'model_1': 'activated', 'model_2': 'deactivated', 'model_3': 'deactivated', 'model_4': 'activated', 'model_5': 'deactivating', 'model_6': 'deactivated'}
[2026-08-21 09:59:45.276 GPU_Scheduler_0] Release worker 2 from model model_5. Current model_to_worker: {'model_1': 0, 'model_4': 1}
[2026-08-21 09:59:45.277 GPU_Scheduler_1] Received deactivate request for model model_6
[2026-08-21 09:59:45.277 GPU_Scheduler_1] Received deactivate request for model_6, model_states: {'model_1': 'deactivated', 'model_2': 'deactivating', 'model_3': 'activated', 'model_4': 'deactivated', 'model_5': 'deactivated', 'model_6': 'deactivating'}
[2026-08-21 09:59:45.277 GPU_Scheduler_1] Release worker 2 from model model_6. Current model_to_worker: {'model_3': 1}
[2026-08-21 09:59:45.375 GPU_Scheduler_0] Admitted 1 requests for model_1
[2026-08-21 09:59:45.639 GPU_Scheduler_1] [V5-LOOP] {"iters": 469, "t_mem": 0.007004508748650551, "t_redis": 0.2682194486260414, "t_admit": 0.003189923707395792, "t_send": 0.0008913176134228706, "t_iter": 0.2793051986955106, "admitted": 1, "iter_max": 0.00231657805852592, "gpu_id": 1, "window_s": 5.00867772102356}
[2026-08-21 09:59:46.043 GPU_Scheduler_0] Admitted 1 requests for model_1
[2026-08-21 09:59:46.450 GPU_Scheduler_1] Model model_6 (instance 1) deactivation succeeded on GPU 1
[2026-08-21 09:59:46.451 GPU_Scheduler_0] Model model_5 (instance 0) deactivation succeeded on GPU 0
[2026-08-21 09:59:46.470 GPU_Scheduler_1] Model model_2 (instance 1) deactivation succeeded on GPU 1
[2026-08-21 09:59:46.606 GPU_Scheduler_1] Admitted 1 requests for model_3
[2026-08-21 09:59:47.939 GPU_Scheduler_0] Admitted 1 requests for model_1
[2026-08-21 09:59:48.887 GPU_Scheduler_1] Admitted 1 requests for model_3
[2026-08-21 09:59:49.540 GPU_Scheduler_0] Admitted 1 requests for model_4
[2026-08-21 09:59:49.940 GPU_Scheduler_0] Admitted 1 requests for model_4
[2026-08-21 09:59:50.065 GPU_Scheduler_1] Admitted 1 requests for model_3
[2026-08-21 09:59:50.278 GPU_Scheduler_0] [V5-LOOP] {"iters": 468, "t_mem": 0.008286149706691504, "t_redis": 0.26803861535154283, "t_admit": 0.0044925822876393795, "t_send": 0.002825080184265971, "t_iter": 0.2836424275301397, "admitted": 5, "iter_max": 0.00270663108676672, "gpu_id": 0, "window_s": 5.005042791366577}
[2026-08-21 09:59:50.604 GPU_Scheduler_0] Admitted 1 requests for model_1
[2026-08-21 09:59:50.644 GPU_Scheduler_1] [V5-LOOP] {"iters": 482, "t_mem": 0.00724461511708796, "t_redis": 0.13204860035330057, "t_admit": 0.0032941915560513735, "t_send": 0.001614599023014307, "t_iter": 0.1442020060494542, "admitted": 3, "iter_max": 0.0009073370601981878, "gpu_id": 1, "window_s": 5.004404306411743}
[2026-08-21 09:59:50.678 GPU_Scheduler_0] Admitted 1 requests for model_1
[2026-08-21 09:59:51.068 GPU_Scheduler_0] Admitted 1 requests for model_4
[2026-08-21 09:59:51.310 GPU_Scheduler_0] Admitted 1 requests for model_4
[2026-08-21 09:59:51.691 GPU_Scheduler_0] Admitted 1 requests for model_4
[2026-08-21 09:59:52.132 GPU_Scheduler_1] Admitted 1 requests for model_3
[2026-08-21 09:59:52.198 GPU_Scheduler_0] Admitted 1 requests for model_1
[2026-08-21 09:59:52.877 GPU_Scheduler_1] Admitted 1 requests for model_3
[2026-08-21 09:59:53.369 GPU_Scheduler_0] Admitted 1 requests for model_1
[2026-08-21 09:59:53.580 GPU_Scheduler_0] Admitted 1 requests for model_4
[2026-08-21 09:59:54.482 GPU_Scheduler_0] Admitted 1 requests for model_1
[2026-08-21 09:59:55.123 GPU_Scheduler_0] Admitted 1 requests for model_1
[2026-08-21 09:59:55.281 GPU_Scheduler_0] [V5-LOOP] {"iters": 474, "t_mem": 0.006939758779481053, "t_redis": 0.2071334971114993, "t_admit": 0.003907919395714998, "t_send": 0.0043191201984882355, "t_iter": 0.2223002954851836, "admitted": 10, "iter_max": 0.001226190011948347, "gpu_id": 0, "window_s": 5.003101348876953}
[2026-08-21 09:59:55.645 GPU_Scheduler_1] [V5-LOOP] {"iters": 484, "t_mem": 0.007975428132340312, "t_redis": 0.10756452986970544, "t_admit": 0.0032026160042732954, "t_send": 0.0012940401211380959, "t_iter": 0.12003661412745714, "admitted": 2, "iter_max": 0.000926177017390728, "gpu_id": 1, "window_s": 5.00128698348999}
[2026-08-21 09:59:56.049 GPU_Scheduler_1] Admitted 1 requests for model_3
[2026-08-21 09:59:56.236 GPU_Scheduler_1] Admitted 1 requests for model_3
[2026-08-21 09:59:56.671 GPU_Scheduler_1] Admitted 1 requests for model_3
[2026-08-21 09:59:57.105 GPU_Scheduler_1] Admitted 1 requests for model_3
[2026-08-21 09:59:57.821 GPU_Scheduler_0] Admitted 1 requests for model_1
[2026-08-21 09:59:57.844 GPU_Scheduler_0] Admitted 1 requests for model_1
[2026-08-21 09:59:58.285 GPU_Scheduler_0] Admitted 1 requests for model_1
[2026-08-21 09:59:59.749 GPU_Scheduler_1] Admitted 1 requests for model_3
[2026-08-21 10:00:00.292 GPU_Scheduler_0] [V5-LOOP] {"iters": 471, "t_mem": 0.008061069995164871, "t_redis": 0.2456002556718886, "t_admit": 0.00397591944783926, "t_send": 0.0025062670465558767, "t_iter": 0.2601435121614486, "admitted": 3, "iter_max": 0.0018074940890073776, "gpu_id": 0, "window_s": 5.010674953460693}
[2026-08-21 10:00:00.445 GPU_Scheduler_0] Admitted 1 requests for model_1
[2026-08-21 10:00:00.565 GPU_Scheduler_0] Admitted 1 requests for model_1
[2026-08-21 10:00:00.649 GPU_Scheduler_1] [V5-LOOP] {"iters": 484, "t_mem": 0.00809960882179439, "t_redis": 0.10750633524730802, "t_admit": 0.0035995878279209137, "t_send": 0.00272907642647624, "t_iter": 0.12193460832349956, "admitted": 5, "iter_max": 0.0010168578010052443, "gpu_id": 1, "window_s": 5.003059387207031}
[2026-08-21 10:00:01.145 GPU_Scheduler_1] Admitted 1 requests for model_3
[2026-08-21 10:00:02.508 GPU_Scheduler_0] Admitted 1 requests for model_1
[2026-08-21 10:00:03.002 GPU_Scheduler_1] Admitted 1 requests for model_3
[2026-08-21 10:00:03.405 GPU_Scheduler_0] Admitted 1 requests for model_4
[2026-08-21 10:00:04.135 GPU_Scheduler_0] Admitted 1 requests for model_4
[2026-08-21 10:00:04.318 GPU_Scheduler_0] Admitted 1 requests for model_4
[2026-08-21 10:00:04.384 GPU_Scheduler_0] Admitted 1 requests for model_1
[2026-08-21 10:00:04.735 GPU_Scheduler_0] Admitted 1 requests for model_1
[2026-08-21 10:00:05.300 GPU_Scheduler_0] [V5-LOOP] {"iters": 464, "t_mem": 0.011246910551562905, "t_redis": 0.3010599541012198, "t_admit": 0.006519799120724201, "t_send": 0.005192003445699811, "t_iter": 0.3240186672192067, "admitted": 8, "iter_max": 0.0020285348873585463, "gpu_id": 0, "window_s": 5.00776481628418}
[2026-08-21 10:00:05.650 GPU_Scheduler_1] [V5-LOOP] {"iters": 484, "t_mem": 0.007516876328736544, "t_redis": 0.10691843670792878, "t_admit": 0.0034098236355930567, "t_send": 0.0012204826343804598, "t_iter": 0.11906561930663884, "admitted": 2, "iter_max": 0.0008191759698092937, "gpu_id": 1, "window_s": 5.000453948974609}
[2026-08-21 10:00:06.124 GPU_Scheduler_0] Admitted 1 requests for model_4
[2026-08-21 10:00:06.634 GPU_Scheduler_0] Admitted 1 requests for model_4
[2026-08-21 10:00:08.045 GPU_Scheduler_0] Admitted 1 requests for model_1
[2026-08-21 10:00:08.057 GPU_Scheduler_0] Admitted 1 requests for model_4
[2026-08-21 10:00:08.881 GPU_Scheduler_0] Admitted 1 requests for model_1
[2026-08-21 10:00:08.945 GPU_Scheduler_0] Admitted 1 requests for model_4
[2026-08-21 10:00:09.049 GPU_Scheduler_1] Admitted 1 requests for model_3
[2026-08-21 10:00:10.088 GPU_Scheduler_0] Admitted 1 requests for model_4
[2026-08-21 10:00:10.303 GPU_Scheduler_0] [V5-LOOP] {"iters": 463, "t_mem": 0.0101620948407799, "t_redis": 0.30943242786452174, "t_admit": 0.006118042394518852, "t_send": 0.00467716297134757, "t_iter": 0.33038972807116807, "admitted": 7, "iter_max": 0.0018694440368562937, "gpu_id": 0, "window_s": 5.002763509750366}
[2026-08-21 10:00:10.656 GPU_Scheduler_0] Admitted 1 requests for model_4
[2026-08-21 10:00:10.660 GPU_Scheduler_1] [V5-LOOP] {"iters": 485, "t_mem": 0.0073719879146665335, "t_redis": 0.10711676557548344, "t_admit": 0.003293169429525733, "t_send": 0.0008668387308716774, "t_iter": 0.11864876165054739, "admitted": 1, "iter_max": 0.0009676280897110701, "gpu_id": 1, "window_s": 5.010159730911255}
[2026-08-21 10:00:11.650 GPU_Scheduler_1] Admitted 1 requests for model_3
[2026-08-21 10:00:12.796 GPU_Scheduler_1] Admitted 1 requests for model_3
[2026-08-21 10:00:13.810 GPU_Scheduler_0] Admitted 1 requests for model_1
[2026-08-21 10:00:14.520 GPU_Scheduler_0] Admitted 1 requests for model_4
[2026-08-21 10:00:15.111 GPU_Scheduler_0] Admitted 1 requests for model_1
[2026-08-21 10:00:15.305 GPU_Scheduler_0] [V5-LOOP] {"iters": 462, "t_mem": 0.009600950870662928, "t_redis": 0.32256437675096095, "t_admit": 0.0053902307990938425, "t_send": 0.003119255881756544, "t_iter": 0.34067481430247426, "admitted": 4, "iter_max": 0.001625963021069765, "gpu_id": 0, "window_s": 5.001949071884155}
[2026-08-21 10:00:15.663 GPU_Scheduler_1] [V5-LOOP] {"iters": 484, "t_mem": 0.007245034910738468, "t_redis": 0.10971062164753675, "t_admit": 0.00339286751113832, "t_send": 0.001312954118475318, "t_iter": 0.12166147818788886, "admitted": 2, "iter_max": 0.0009551281109452248, "gpu_id": 1, "window_s": 5.002836465835571}
[2026-08-21 10:00:16.318 GPU_Scheduler_0] Admitted 1 requests for model_1
[2026-08-21 10:00:16.434 GPU_Scheduler_1] Admitted 1 requests for model_3
[2026-08-21 10:00:18.019 GPU_Scheduler_0] Admitted 1 requests for model_1
[2026-08-21 10:00:18.276 GPU_Scheduler_0] Admitted 1 requests for model_4
[2026-08-21 10:00:18.450 GPU_Scheduler_0] Admitted 1 requests for model_1
[2026-08-21 10:00:18.650 GPU_Scheduler_1] Admitted 1 requests for model_3
[2026-08-21 10:00:18.746 GPU_Scheduler_0] Admitted 1 requests for model_1
[2026-08-21 10:00:19.078 GPU_Scheduler_0] Admitted 1 requests for model_4
[2026-08-21 10:00:19.980 GPU_Scheduler_1] Admitted 1 requests for model_3
[2026-08-21 10:00:20.308 GPU_Scheduler_0] [V5-LOOP] {"iters": 468, "t_mem": 0.008897847263142467, "t_redis": 0.2626527810934931, "t_admit": 0.004722425481304526, "t_send": 0.004304556408897042, "t_iter": 0.28057761024683714, "admitted": 6, "iter_max": 0.001905675046145916, "gpu_id": 0, "window_s": 5.0019371509552}
[2026-08-21 10:00:20.528 GPU_Scheduler_0] Admitted 1 requests for model_1
[2026-08-21 10:00:20.671 GPU_Scheduler_1] [V5-LOOP] {"iters": 480, "t_mem": 0.009365149540826678, "t_redis": 0.14810070511884987, "t_admit": 0.004691690672188997, "t_send": 0.0020663095638155937, "t_iter": 0.16422385489568114, "admitted": 3, "iter_max": 0.00121021899394691, "gpu_id": 1, "window_s": 5.007220983505249}
[2026-08-21 10:00:21.551 GPU_Scheduler_1] Admitted 1 requests for model_3
[2026-08-21 10:00:22.765 GPU_Scheduler_1] Admitted 1 requests for model_3
[2026-08-21 10:00:25.317 GPU_Scheduler_0] [V5-LOOP] {"iters": 474, "t_mem": 0.009187928400933743, "t_redis": 0.21583586046472192, "t_admit": 0.0034845953341573477, "t_send": 0.0007354158442467451, "t_iter": 0.22924380004405975, "admitted": 1, "iter_max": 0.0016416020225733519, "gpu_id": 0, "window_s": 5.009434938430786}
[2026-08-21 10:00:25.505 GPU_Scheduler_1] Received activate request for model model_6
[2026-08-21 10:00:25.505 GPU_Scheduler_1] Received activate request for model_6, model_states: {'model_1': 'deactivated', 'model_2': 'deactivated', 'model_3': 'activated', 'model_4': 'deactivated', 'model_5': 'deactivated', 'model_6': 'activating'}
[2026-08-21 10:00:25.505 GPU_Scheduler_1] Assign worker 3 to model_6. Current model_to_worker: {'model_3': 1, 'model_6': 3}
[2026-08-21 10:00:25.510 GPU_Scheduler_1] Admitted 4 requests for model_6
[2026-08-21 10:00:25.585 GPU_Scheduler_1] Admitted 1 requests for model_6
[2026-08-21 10:00:25.680 GPU_Scheduler_1] [V5-LOOP] {"iters": 483, "t_mem": 0.0077283254358917475, "t_redis": 0.12213857914321125, "t_admit": 0.0039691205602139235, "t_send": 0.002755559980869293, "t_iter": 0.1365915851201862, "admitted": 7, "iter_max": 0.0015645320527255535, "gpu_id": 1, "window_s": 5.008653879165649}
[2026-08-21 10:00:26.016 GPU_Scheduler_1] Admitted 1 requests for model_6
[2026-08-21 10:00:26.121 GPU_Scheduler_1] Admitted 1 requests for model_3
[2026-08-21 10:00:27.527 GPU_Scheduler_1] Admitted 1 requests for model_3
[2026-08-21 10:00:27.575 GPU_Scheduler_1] Model model_6 (instance 1) activation succeeded on GPU 1
[2026-08-21 10:00:28.051 GPU_Scheduler_1] Admitted 1 requests for model_6
[2026-08-21 10:00:28.880 GPU_Scheduler_1] Admitted 1 requests for model_6
[2026-08-21 10:00:28.934 GPU_Scheduler_1] Admitted 1 requests for model_3
[2026-08-21 10:00:29.764 GPU_Scheduler_1] Admitted 1 requests for model_6
[2026-08-21 10:00:30.325 GPU_Scheduler_0] [V5-LOOP] {"iters": 475, "t_mem": 0.007184262154623866, "t_redis": 0.20602387725375593, "t_admit": 0.0031539855990558863, "t_send": 0.000399615615606308, "t_iter": 0.216761740623042, "admitted": 0, "iter_max": 0.0011077581439167261, "gpu_id": 0, "window_s": 5.006915807723999}
[2026-08-21 10:00:30.528 GPU_Scheduler_1] Admitted 1 requests for model_3
[2026-08-21 10:00:30.563 GPU_Scheduler_0] Received activate request for model model_2
[2026-08-21 10:00:30.564 GPU_Scheduler_0] Received activate request for model_2, model_states: {'model_1': 'activated', 'model_2': 'activating', 'model_3': 'deactivated', 'model_4': 'activated', 'model_5': 'deactivated', 'model_6': 'deactivated'}
[2026-08-21 10:00:30.564 GPU_Scheduler_0] Assign worker 3 to model_2. Current model_to_worker: {'model_1': 0, 'model_4': 1, 'model_2': 3}
[2026-08-21 10:00:30.566 GPU_Scheduler_0] Admitted 1 requests for model_2
[2026-08-21 10:00:30.681 GPU_Scheduler_1] [V5-LOOP] {"iters": 469, "t_mem": 0.009355382760986686, "t_redis": 0.250204402487725, "t_admit": 0.004985130857676268, "t_send": 0.004821937996894121, "t_iter": 0.2693668541032821, "admitted": 8, "iter_max": 0.0022855971474200487, "gpu_id": 1, "window_s": 5.000818729400635}
[2026-08-21 10:00:31.152 GPU_Scheduler_1] Admitted 1 requests for model_6
[2026-08-21 10:00:31.508 GPU_Scheduler_1] Admitted 1 requests for model_3
[2026-08-21 10:00:31.604 GPU_Scheduler_1] Admitted 1 requests for model_6
[2026-08-21 10:00:31.710 GPU_Scheduler_1] Admitted 1 requests for model_3
[2026-08-21 10:00:31.776 GPU_Scheduler_0] Model model_2 (instance 0) activation succeeded on GPU 0
[2026-08-21 10:00:31.777 GPU_Scheduler_0] Received activate request for model model_5
[2026-08-21 10:00:31.777 GPU_Scheduler_0] Received activate request for model_5, model_states: {'model_1': 'activated', 'model_2': 'activated', 'model_3': 'deactivated', 'model_4': 'activated', 'model_5': 'activating', 'model_6': 'deactivated'}
[2026-08-21 10:00:31.777 GPU_Scheduler_0] Assign worker 2 to model_5. Current model_to_worker: {'model_1': 0, 'model_4': 1, 'model_2': 3, 'model_5': 2}
[2026-08-21 10:00:31.779 GPU_Scheduler_0] Admitted 3 requests for model_5
[2026-08-21 10:00:31.941 GPU_Scheduler_1] Admitted 1 requests for model_6
[2026-08-21 10:00:32.957 GPU_Scheduler_0] Admitted 1 requests for model_5
[2026-08-21 10:00:33.508 GPU_Scheduler_1] Admitted 1 requests for model_3
[2026-08-21 10:00:33.614 GPU_Scheduler_1] Admitted 1 requests for model_6
[2026-08-21 10:00:33.922 GPU_Scheduler_1] Admitted 1 requests for model_3
[2026-08-21 10:00:34.587 GPU_Scheduler_1] Admitted 1 requests for model_6
[2026-08-21 10:00:34.685 GPU_Scheduler_0] Model model_5 (instance 0) activation succeeded on GPU 0
[2026-08-21 10:00:34.731 GPU_Scheduler_1] Admitted 1 requests for model_6
[2026-08-21 10:00:34.765 GPU_Scheduler_1] Admitted 1 requests for model_3
[2026-08-21 10:00:34.930 GPU_Scheduler_1] Admitted 1 requests for model_3
[2026-08-21 10:00:35.190 GPU_Scheduler_1] Admitted 1 requests for model_3
[2026-08-21 10:00:35.333 GPU_Scheduler_0] [V5-LOOP] {"iters": 466, "t_mem": 0.006722540827468038, "t_redis": 0.297991389175877, "t_admit": 0.003508365945890546, "t_send": 0.001665682066231966, "t_iter": 0.3098879780154675, "admitted": 5, "iter_max": 0.0015681830700486898, "gpu_id": 0, "window_s": 5.008409023284912}
[2026-08-21 10:00:35.522 GPU_Scheduler_1] Admitted 1 requests for model_3
[2026-08-21 10:00:35.684 GPU_Scheduler_1] [V5-LOOP] {"iters": 468, "t_mem": 0.01195100205950439, "t_redis": 0.2551778480410576, "t_admit": 0.006133821327239275, "t_send": 0.009752727812156081, "t_iter": 0.28301539923995733, "admitted": 14, "iter_max": 0.002460178919136524, "gpu_id": 1, "window_s": 5.003446102142334}
[2026-08-21 10:00:36.599 GPU_Scheduler_1] Admitted 1 requests for model_6
[2026-08-21 10:00:37.552 GPU_Scheduler_1] Admitted 1 requests for model_3
[2026-08-21 10:00:38.753 GPU_Scheduler_0] Admitted 1 requests for model_5
[2026-08-21 10:00:39.056 GPU_Scheduler_1] Admitted 1 requests for model_6
[2026-08-21 10:00:39.460 GPU_Scheduler_0] Admitted 1 requests for model_5
[2026-08-21 10:00:39.601 GPU_Scheduler_0] Admitted 1 requests for model_5
[2026-08-21 10:00:40.072 GPU_Scheduler_0] Admitted 1 requests for model_5
[2026-08-21 10:00:40.148 GPU_Scheduler_0] Admitted 1 requests for model_5
[2026-08-21 10:00:40.334 GPU_Scheduler_0] [V5-LOOP] {"iters": 461, "t_mem": 0.007328108884394169, "t_redis": 0.3386142433155328, "t_admit": 0.0033594637643545866, "t_send": 0.0026856535114347935, "t_iter": 0.35198746947571635, "admitted": 5, "iter_max": 0.0015888221096247435, "gpu_id": 0, "window_s": 5.000247478485107}
[2026-08-21 10:00:40.355 GPU_Scheduler_1] Admitted 1 requests for model_3
[2026-08-21 10:00:40.691 GPU_Scheduler_1] [V5-LOOP] {"iters": 468, "t_mem": 0.01464738487266004, "t_redis": 0.2581131453625858, "t_admit": 0.0066898297518491745, "t_send": 0.003649667836725712, "t_iter": 0.2831000278238207, "admitted": 4, "iter_max": 0.0018673150334507227, "gpu_id": 1, "window_s": 5.005953311920166}
[2026-08-21 10:00:40.769 GPU_Scheduler_0] Admitted 1 requests for model_5
[2026-08-21 10:00:41.260 GPU_Scheduler_0] Admitted 1 requests for model_5
[2026-08-21 10:00:41.869 GPU_Scheduler_1] Admitted 1 requests for model_6
[2026-08-21 10:00:42.964 GPU_Scheduler_1] Admitted 1 requests for model_6
[2026-08-21 10:00:43.575 GPU_Scheduler_1] Admitted 1 requests for model_3
[2026-08-21 10:00:44.154 GPU_Scheduler_1] Admitted 1 requests for model_3
[2026-08-21 10:00:44.165 GPU_Scheduler_1] Admitted 1 requests for model_6
[2026-08-21 10:00:44.487 GPU_Scheduler_1] Admitted 1 requests for model_3
[2026-08-21 10:00:44.551 GPU_Scheduler_1] Admitted 1 requests for model_3
[2026-08-21 10:00:45.339 GPU_Scheduler_0] [V5-LOOP] {"iters": 445, "t_mem": 0.008366025052964687, "t_redis": 0.5018098258879036, "t_admit": 0.003957582172006369, "t_send": 0.0013528296258300543, "t_iter": 0.5154862627387047, "admitted": 2, "iter_max": 0.002127276035025716, "gpu_id": 0, "window_s": 5.004662752151489}
[2026-08-21 10:00:45.697 GPU_Scheduler_1] [V5-LOOP] {"iters": 473, "t_mem": 0.010674413992092013, "t_redis": 0.2150848382152617, "t_admit": 0.004840235924348235, "t_send": 0.004003996029496193, "t_iter": 0.23460348416119814, "admitted": 7, "iter_max": 0.0014529810287058353, "gpu_id": 1, "window_s": 5.006428480148315}
[2026-08-21 10:00:46.470 GPU_Scheduler_0] Admitted 1 requests for model_5
[2026-08-21 10:00:46.924 GPU_Scheduler_0] Admitted 1 requests for model_5
[2026-08-21 10:00:47.254 GPU_Scheduler_1] Admitted 1 requests for model_6
[2026-08-21 10:00:48.230 GPU_Scheduler_0] Admitted 1 requests for model_5
[2026-08-21 10:00:48.498 GPU_Scheduler_1] Admitted 1 requests for model_6
[2026-08-21 10:00:49.494 GPU_Scheduler_1] Admitted 1 requests for model_3
[2026-08-21 10:00:49.911 GPU_Scheduler_1] Admitted 1 requests for model_6
[2026-08-21 10:00:50.340 GPU_Scheduler_0] [V5-LOOP] {"iters": 445, "t_mem": 0.008936612168326974, "t_redis": 0.49582935497164726, "t_admit": 0.004635256016626954, "t_send": 0.002383667975664139, "t_iter": 0.5117848911322653, "admitted": 3, "iter_max": 0.002306167036294937, "gpu_id": 0, "window_s": 5.001040458679199}
[2026-08-21 10:00:50.435 GPU_Scheduler_1] Admitted 1 requests for model_3
[2026-08-21 10:00:50.479 GPU_Scheduler_1] Admitted 1 requests for model_3
[2026-08-21 10:00:50.703 GPU_Scheduler_1] [V5-LOOP] {"iters": 466, "t_mem": 0.012195782968774438, "t_redis": 0.2796058552339673, "t_admit": 0.006669795140624046, "t_send": 0.004820310277864337, "t_iter": 0.3032917436212301, "admitted": 6, "iter_max": 0.0018917541019618511, "gpu_id": 1, "window_s": 5.0054216384887695}
[2026-08-21 10:00:50.916 GPU_Scheduler_1] Admitted 1 requests for model_6
[2026-08-21 10:00:51.956 GPU_Scheduler_0] Admitted 1 requests for model_5
[2026-08-21 10:00:52.244 GPU_Scheduler_1] Admitted 1 requests for model_3
[2026-08-21 10:00:52.384 GPU_Scheduler_1] Admitted 1 requests for model_3
[2026-08-21 10:00:52.567 GPU_Scheduler_1] Admitted 1 requests for model_6
[2026-08-21 10:00:52.600 GPU_Scheduler_1] Admitted 1 requests for model_6
[2026-08-21 10:00:52.814 GPU_Scheduler_1] Admitted 1 requests for model_3
[2026-08-21 10:00:53.093 GPU_Scheduler_0] Admitted 1 requests for model_5
[2026-08-21 10:00:53.523 GPU_Scheduler_1] Admitted 1 requests for model_3
[2026-08-21 10:00:53.936 GPU_Scheduler_1] Admitted 1 requests for model_6
[2026-08-21 10:00:54.671 GPU_Scheduler_1] Admitted 1 requests for model_6
[2026-08-21 10:00:55.348 GPU_Scheduler_0] [V5-LOOP] {"iters": 456, "t_mem": 0.006807129830121994, "t_redis": 0.39743203134275973, "t_admit": 0.0036121592856943607, "t_send": 0.0013557916972786188, "t_iter": 0.4092071121558547, "admitted": 2, "iter_max": 0.0018574742134660482, "gpu_id": 0, "window_s": 5.007565021514893}
[2026-08-21 10:00:55.512 GPU_Scheduler_1] Admitted 1 requests for model_3
[2026-08-21 10:00:55.708 GPU_Scheduler_1] [V5-LOOP] {"iters": 465, "t_mem": 0.013669206062331796, "t_redis": 0.2852785501163453, "t_admit": 0.00730772246606648, "t_send": 0.007169317454099655, "t_iter": 0.3134247960988432, "admitted": 10, "iter_max": 0.0019266149029135704, "gpu_id": 1, "window_s": 5.00391149520874}
[2026-08-21 10:00:57.277 GPU_Scheduler_1] Admitted 1 requests for model_3
[2026-08-21 10:00:57.284 GPU_Scheduler_0] Admitted 1 requests for model_5
[2026-08-21 10:00:57.474 GPU_Scheduler_1] Admitted 1 requests for model_3
[2026-08-21 10:00:58.216 GPU_Scheduler_1] Admitted 1 requests for model_6
[2026-08-21 10:00:58.442 GPU_Scheduler_1] Admitted 1 requests for model_6
[2026-08-21 10:00:59.021 GPU_Scheduler_1] Admitted 1 requests for model_3
[2026-08-21 10:00:59.109 GPU_Scheduler_0] Admitted 1 requests for model_5
[2026-08-21 10:00:59.358 GPU_Scheduler_0] Admitted 1 requests for model_5
[2026-08-21 10:00:59.716 GPU_Scheduler_1] Admitted 1 requests for model_6
[2026-08-21 10:00:59.804 GPU_Scheduler_1] Admitted 1 requests for model_3
[2026-08-21 10:01:00.351 GPU_Scheduler_0] [V5-LOOP] {"iters": 449, "t_mem": 0.006974108051508665, "t_redis": 0.46144839841872454, "t_admit": 0.003901852061972022, "t_send": 0.002351779490709305, "t_iter": 0.47467613802291453, "admitted": 3, "iter_max": 0.002259147120639682, "gpu_id": 0, "window_s": 5.002661466598511}
[2026-08-21 10:01:00.649 GPU_Scheduler_1] Admitted 1 requests for model_3
[2026-08-21 10:01:00.714 GPU_Scheduler_1] [V5-LOOP] {"iters": 466, "t_mem": 0.012547721387818456, "t_redis": 0.28048721607774496, "t_admit": 0.006538852350786328, "t_send": 0.005864903563633561, "t_iter": 0.3054386933799833, "admitted": 8, "iter_max": 0.001726682996377349, "gpu_id": 1, "window_s": 5.005967378616333}
[2026-08-21 10:01:01.163 GPU_Scheduler_1] Admitted 1 requests for model_6
[2026-08-21 10:01:01.334 GPU_Scheduler_1] Admitted 1 requests for model_6
[2026-08-21 10:01:02.257 GPU_Scheduler_0] Admitted 1 requests for model_5
[2026-08-21 10:01:02.866 GPU_Scheduler_0] Admitted 1 requests for model_5
[2026-08-21 10:01:02.875 GPU_Scheduler_1] Admitted 1 requests for model_3
[2026-08-21 10:01:02.946 GPU_Scheduler_0] Admitted 1 requests for model_5
[2026-08-21 10:01:03.710 GPU_Scheduler_0] Admitted 1 requests for model_5
[2026-08-21 10:01:04.549 GPU_Scheduler_1] Admitted 1 requests for model_6
[2026-08-21 10:01:04.601 GPU_Scheduler_1] Admitted 1 requests for model_3
[2026-08-21 10:01:04.731 GPU_Scheduler_0] Admitted 1 requests for model_5
[2026-08-21 10:01:05.032 GPU_Scheduler_1] Admitted 1 requests for model_6
[2026-08-21 10:01:05.361 GPU_Scheduler_0] [V5-LOOP] {"iters": 446, "t_mem": 0.008081886451691389, "t_redis": 0.49436141224578023, "t_admit": 0.005079217022284865, "t_send": 0.00379363214597106, "t_iter": 0.5113161478657275, "admitted": 5, "iter_max": 0.0025300190318375826, "gpu_id": 0, "window_s": 5.010204792022705}
[2026-08-21 10:01:05.714 GPU_Scheduler_1] [V5-LOOP] {"iters": 473, "t_mem": 0.008245609235018492, "t_redis": 0.21362484409473836, "t_admit": 0.0041689753998070955, "t_send": 0.0031848677899688482, "t_iter": 0.2292242965195328, "admitted": 6, "iter_max": 0.002072676084935665, "gpu_id": 1, "window_s": 5.000089645385742}
[2026-08-21 10:01:06.976 GPU_Scheduler_1] Admitted 1 requests for model_6
[2026-08-21 10:01:07.801 GPU_Scheduler_1] Admitted 1 requests for model_6
[2026-08-21 10:01:07.886 GPU_Scheduler_1] Admitted 1 requests for model_6
[2026-08-21 10:01:08.758 GPU_Scheduler_1] Admitted 1 requests for model_6
[2026-08-21 10:01:09.031 GPU_Scheduler_1] Admitted 1 requests for model_3
[2026-08-21 10:01:09.189 GPU_Scheduler_1] Admitted 1 requests for model_3
[2026-08-21 10:01:09.259 GPU_Scheduler_0] Admitted 1 requests for model_5
[2026-08-21 10:01:10.354 GPU_Scheduler_1] Admitted 1 requests for model_6
[2026-08-21 10:01:10.362 GPU_Scheduler_0] [V5-LOOP] {"iters": 448, "t_mem": 0.0074716839008033276, "t_redis": 0.47013635630719364, "t_admit": 0.00387934991158545, "t_send": 0.0010785802733153105, "t_iter": 0.4825659703928977, "admitted": 1, "iter_max": 0.0018881340511143208, "gpu_id": 0, "window_s": 5.000771999359131}
[2026-08-21 10:01:10.385 GPU_Scheduler_0] Admitted 1 requests for model_5
[2026-08-21 10:01:10.438 GPU_Scheduler_1] Admitted 1 requests for model_3
[2026-08-21 10:01:10.596 GPU_Scheduler_1] Admitted 1 requests for model_6
[2026-08-21 10:01:10.714 GPU_Scheduler_0] Received deactivate request for model model_1
[2026-08-21 10:01:10.714 GPU_Scheduler_0] Received deactivate request for model_1, model_states: {'model_1': 'deactivating', 'model_2': 'activated', 'model_3': 'deactivated', 'model_4': 'activated', 'model_5': 'activated', 'model_6': 'deactivated'}
[2026-08-21 10:01:10.714 GPU_Scheduler_0] Release worker 0 from model model_1. Current model_to_worker: {'model_4': 1, 'model_2': 3, 'model_5': 2}
[2026-08-21 10:01:10.715 GPU_Scheduler_0] Received deactivate request for model model_4
[2026-08-21 10:01:10.715 GPU_Scheduler_0] Received deactivate request for model_4, model_states: {'model_1': 'deactivating', 'model_2': 'activated', 'model_3': 'deactivated', 'model_4': 'deactivating', 'model_5': 'activated', 'model_6': 'deactivated'}
[2026-08-21 10:01:10.715 GPU_Scheduler_0] Release worker 1 from model model_4. Current model_to_worker: {'model_2': 3, 'model_5': 2}
[2026-08-21 10:01:10.723 GPU_Scheduler_1] [V5-LOOP] {"iters": 476, "t_mem": 0.006768655031919479, "t_redis": 0.19270264729857445, "t_admit": 0.0036669354885816574, "t_send": 0.0041218046098947525, "t_iter": 0.20726004242897034, "admitted": 9, "iter_max": 0.0013878799509257078, "gpu_id": 1, "window_s": 5.00788688659668}
[2026-08-21 10:01:10.945 GPU_Scheduler_0] Admitted 1 requests for model_5
[2026-08-21 10:01:11.612 GPU_Scheduler_0] Admitted 1 requests for model_5
[2026-08-21 10:01:12.174 GPU_Scheduler_1] Admitted 1 requests for model_6
[2026-08-21 10:01:12.218 GPU_Scheduler_0] Model model_1 (instance 0) deactivation succeeded on GPU 0
[2026-08-21 10:01:12.417 GPU_Scheduler_0] Model model_4 (instance 0) deactivation succeeded on GPU 0
[2026-08-21 10:01:13.169 GPU_Scheduler_0] Admitted 1 requests for model_5
[2026-08-21 10:01:14.139 GPU_Scheduler_0] Admitted 1 requests for model_5
[2026-08-21 10:01:14.240 GPU_Scheduler_1] Admitted 1 requests for model_6
[2026-08-21 10:01:14.879 GPU_Scheduler_1] Admitted 1 requests for model_3
[2026-08-21 10:01:15.341 GPU_Scheduler_1] Admitted 1 requests for model_6
[2026-08-21 10:01:15.373 GPU_Scheduler_0] [V5-LOOP] {"iters": 460, "t_mem": 0.007249361369758844, "t_redis": 0.3547303231898695, "t_admit": 0.004616047255694866, "t_send": 0.003438488580286503, "t_iter": 0.37003422039560974, "admitted": 5, "iter_max": 0.0025615401100367308, "gpu_id": 0, "window_s": 5.010158061981201}
[2026-08-21 10:01:15.687 GPU_Scheduler_1] Admitted 1 requests for model_6
[2026-08-21 10:01:15.730 GPU_Scheduler_1] [V5-LOOP] {"iters": 477, "t_mem": 0.006560049951076508, "t_redis": 0.18471189285628498, "t_admit": 0.003581494791433215, "t_send": 0.0027400250546634197, "t_iter": 0.19759346265345812, "admitted": 5, "iter_max": 0.0019234451465308666, "gpu_id": 1, "window_s": 5.006889581680298}
[2026-08-21 10:01:15.740 GPU_Scheduler_1] Admitted 1 requests for model_3
[2026-08-21 10:01:15.788 GPU_Scheduler_0] Admitted 1 requests for model_5
[2026-08-21 10:01:16.496 GPU_Scheduler_1] Admitted 1 requests for model_6
[2026-08-21 10:01:16.821 GPU_Scheduler_1] Admitted 1 requests for model_6
[2026-08-21 10:01:16.895 GPU_Scheduler_1] Admitted 1 requests for model_3
[2026-08-21 10:01:16.917 GPU_Scheduler_1] Admitted 1 requests for model_3
[2026-08-21 10:01:17.379 GPU_Scheduler_1] Admitted 1 requests for model_6
[2026-08-21 10:01:17.715 GPU_Scheduler_1] Admitted 1 requests for model_3
[2026-08-21 10:01:18.252 GPU_Scheduler_0] Admitted 1 requests for model_5
[2026-08-21 10:01:19.183 GPU_Scheduler_1] Admitted 1 requests for model_6
[2026-08-21 10:01:19.189 GPU_Scheduler_0] Admitted 1 requests for model_5
[2026-08-21 10:01:20.020 GPU_Scheduler_0] Admitted 1 requests for model_5
[2026-08-21 10:01:20.137 GPU_Scheduler_1] Admitted 1 requests for model_6
[2026-08-21 10:01:20.384 GPU_Scheduler_0] [V5-LOOP] {"iters": 470, "t_mem": 0.007389357779175043, "t_redis": 0.25603608693927526, "t_admit": 0.004451001761481166, "t_send": 0.002747186692431569, "t_iter": 0.27062363317236304, "admitted": 4, "iter_max": 0.0014347010292112827, "gpu_id": 0, "window_s": 5.010570526123047}
[2026-08-21 10:01:20.611 GPU_Scheduler_1] Admitted 1 requests for model_6
[2026-08-21 10:01:20.737 GPU_Scheduler_1] [V5-LOOP] {"iters": 477, "t_mem": 0.006588855059817433, "t_redis": 0.18307928717695177, "t_admit": 0.0036780540831387043, "t_send": 0.0045164721086621284, "t_iter": 0.19786266842857003, "admitted": 10, "iter_max": 0.0010883379727602005, "gpu_id": 1, "window_s": 5.007038116455078}
[2026-08-21 10:01:20.786 GPU_Scheduler_0] Received deactivate request for model model_2
[2026-08-21 10:01:20.786 GPU_Scheduler_0] Received deactivate request for model_2, model_states: {'model_1': 'deactivated', 'model_2': 'deactivating', 'model_3': 'deactivated', 'model_4': 'deactivated', 'model_5': 'activated', 'model_6': 'deactivated'}
[2026-08-21 10:01:20.786 GPU_Scheduler_0] Release worker 3 from model model_2. Current model_to_worker: {'model_5': 2}
[2026-08-21 10:01:21.289 GPU_Scheduler_0] Admitted 1 requests for model_5
[2026-08-21 10:01:21.409 GPU_Scheduler_1] Admitted 1 requests for model_6
[2026-08-21 10:01:21.681 GPU_Scheduler_0] Model model_2 (instance 0) deactivation succeeded on GPU 0
[2026-08-21 10:01:22.240 GPU_Scheduler_1] Admitted 1 requests for model_3
[2026-08-21 10:01:22.261 GPU_Scheduler_1] Admitted 1 requests for model_6
[2026-08-21 10:01:22.482 GPU_Scheduler_1] Admitted 1 requests for model_6
[2026-08-21 10:01:22.545 GPU_Scheduler_1] Admitted 1 requests for model_6
[2026-08-21 10:01:23.133 GPU_Scheduler_1] Admitted 1 requests for model_3
[2026-08-21 10:01:24.352 GPU_Scheduler_0] Admitted 1 requests for model_5
[2026-08-21 10:01:25.045 GPU_Scheduler_0] Admitted 1 requests for model_5
[2026-08-21 10:01:25.170 GPU_Scheduler_0] Admitted 1 requests for model_5
[2026-08-21 10:01:25.191 GPU_Scheduler_0] Admitted 1 requests for model_5
[2026-08-21 10:01:25.388 GPU_Scheduler_0] [V5-LOOP] {"iters": 478, "t_mem": 0.007610655622556806, "t_redis": 0.1689431939739734, "t_admit": 0.00414471747353673, "t_send": 0.0022416054271161556, "t_iter": 0.18294017249718308, "admitted": 5, "iter_max": 0.00108975893817842, "gpu_id": 0, "window_s": 5.00439453125}
[2026-08-21 10:01:25.392 GPU_Scheduler_1] Admitted 1 requests for model_6
[2026-08-21 10:01:25.739 GPU_Scheduler_1] [V5-LOOP] {"iters": 476, "t_mem": 0.0065828608348965645, "t_redis": 0.18821090506389737, "t_admit": 0.003403488313779235, "t_send": 0.0032375259324908257, "t_iter": 0.201434780145064, "admitted": 7, "iter_max": 0.0012273900210857391, "gpu_id": 1, "window_s": 5.002003192901611}
[2026-08-21 10:01:26.337 GPU_Scheduler_1] Admitted 1 requests for model_6
[2026-08-21 10:01:26.797 GPU_Scheduler_0] Admitted 1 requests for model_5
[2026-08-21 10:01:28.068 GPU_Scheduler_1] Admitted 1 requests for model_6
[2026-08-21 10:01:28.751 GPU_Scheduler_0] Admitted 1 requests for model_5
[2026-08-21 10:01:30.398 GPU_Scheduler_0] [V5-LOOP] {"iters": 479, "t_mem": 0.009342378005385399, "t_redis": 0.15978779084980488, "t_admit": 0.004804395837709308, "t_send": 0.0017926055006682873, "t_iter": 0.17572717019356787, "admitted": 2, "iter_max": 0.0013737799599766731, "gpu_id": 0, "window_s": 5.00911545753479}
[2026-08-21 10:01:30.749 GPU_Scheduler_1] [V5-LOOP] {"iters": 477, "t_mem": 0.007410848746076226, "t_redis": 0.1881319449748844, "t_admit": 0.0032292469404637814, "t_send": 0.0011497053783386946, "t_iter": 0.1999217460397631, "admitted": 2, "iter_max": 0.0010933689773082733, "gpu_id": 1, "window_s": 5.010066270828247}
[2026-08-21 10:01:31.064 GPU_Scheduler_1] Admitted 1 requests for model_3
[2026-08-21 10:01:31.096 GPU_Scheduler_1] Admitted 1 requests for model_3
[2026-08-21 10:01:31.453 GPU_Scheduler_0] Admitted 2 requests for model_5
[2026-08-21 10:01:32.053 GPU_Scheduler_1] Admitted 1 requests for model_3
[2026-08-21 10:01:32.378 GPU_Scheduler_1] Admitted 1 requests for model_6
[2026-08-21 10:01:32.536 GPU_Scheduler_1] Admitted 1 requests for model_6
[2026-08-21 10:01:32.714 GPU_Scheduler_0] Admitted 1 requests for model_5
[2026-08-21 10:01:32.886 GPU_Scheduler_1] Admitted 1 requests for model_6
[2026-08-21 10:01:33.107 GPU_Scheduler_1] Admitted 1 requests for model_6
[2026-08-21 10:01:33.769 GPU_Scheduler_1] Admitted 1 requests for model_3
[2026-08-21 10:01:34.399 GPU_Scheduler_1] Admitted 1 requests for model_6
[2026-08-21 10:01:35.408 GPU_Scheduler_0] [V5-LOOP] {"iters": 480, "t_mem": 0.008494502864778042, "t_redis": 0.15094386669807136, "t_admit": 0.0043443674221634865, "t_send": 0.001964702270925045, "t_iter": 0.16574743925593793, "admitted": 3, "iter_max": 0.0012992299161851406, "gpu_id": 0, "window_s": 5.009642124176025}
[2026-08-21 10:01:35.750 GPU_Scheduler_1] [V5-LOOP] {"iters": 476, "t_mem": 0.006713309325277805, "t_redis": 0.1863945701625198, "t_admit": 0.003667881479486823, "t_send": 0.0038590319454669952, "t_iter": 0.20063479291275144, "admitted": 9, "iter_max": 0.0011478080414235592, "gpu_id": 1, "window_s": 5.000253677368164}
[2026-08-21 10:01:36.036 GPU_Scheduler_0] Admitted 1 requests for model_5
[2026-08-21 10:01:36.131 GPU_Scheduler_0] Admitted 1 requests for model_5
[2026-08-21 10:01:36.402 GPU_Scheduler_1] Admitted 1 requests for model_6
[2026-08-21 10:01:37.145 GPU_Scheduler_0] Admitted 1 requests for model_5
[2026-08-21 10:01:37.348 GPU_Scheduler_1] Admitted 1 requests for model_3
[2026-08-21 10:01:37.358 GPU_Scheduler_1] Admitted 1 requests for model_6
[2026-08-21 10:01:37.632 GPU_Scheduler_1] Admitted 1 requests for model_3
[2026-08-21 10:01:38.041 GPU_Scheduler_1] Admitted 1 requests for model_3
[2026-08-21 10:01:38.536 GPU_Scheduler_1] Admitted 1 requests for model_3
[2026-08-21 10:01:39.551 GPU_Scheduler_1] Admitted 1 requests for model_6
[2026-08-21 10:01:40.414 GPU_Scheduler_0] [V5-LOOP] {"iters": 480, "t_mem": 0.00863263406790793, "t_redis": 0.14727057074196637, "t_admit": 0.004489327315241098, "t_send": 0.0023632855154573917, "t_iter": 0.1627558176405728, "admitted": 3, "iter_max": 0.0012928799260407686, "gpu_id": 0, "window_s": 5.0055482387542725}
[2026-08-21 10:01:40.756 GPU_Scheduler_1] [V5-LOOP] {"iters": 475, "t_mem": 0.007722974754869938, "t_redis": 0.20095570385456085, "t_admit": 0.0037550502456724644, "t_send": 0.0030426231678575277, "t_iter": 0.21547635202296078, "admitted": 7, "iter_max": 0.0010402279440313578, "gpu_id": 1, "window_s": 5.005329370498657}
[2026-08-21 10:01:42.477 GPU_Scheduler_1] Admitted 1 requests for model_6
[2026-08-21 10:01:42.595 GPU_Scheduler_1] Admitted 1 requests for model_6
[2026-08-21 10:01:42.893 GPU_Scheduler_0] Admitted 1 requests for model_5
[2026-08-21 10:01:43.173 GPU_Scheduler_0] Admitted 1 requests for model_5
[2026-08-21 10:01:43.351 GPU_Scheduler_1] Admitted 1 requests for model_6
[2026-08-21 10:01:43.787 GPU_Scheduler_1] Admitted 1 requests for model_6
[2026-08-21 10:01:43.901 GPU_Scheduler_0] Admitted 1 requests for model_5
[2026-08-21 10:01:44.318 GPU_Scheduler_1] Admitted 1 requests for model_3
[2026-08-21 10:01:44.991 GPU_Scheduler_1] Admitted 1 requests for model_6
[2026-08-21 10:01:45.098 GPU_Scheduler_0] Admitted 1 requests for model_5
[2026-08-21 10:01:45.309 GPU_Scheduler_1] Admitted 1 requests for model_3
[2026-08-21 10:01:45.420 GPU_Scheduler_0] [V5-LOOP] {"iters": 481, "t_mem": 0.00753968465141952, "t_redis": 0.1404456184245646, "t_admit": 0.0038732346147298813, "t_send": 0.002398618496954441, "t_iter": 0.15425715618766844, "admitted": 4, "iter_max": 0.0010203670244663954, "gpu_id": 0, "window_s": 5.006538391113281}
[2026-08-21 10:01:45.757 GPU_Scheduler_1] [V5-LOOP] {"iters": 470, "t_mem": 0.00797387957572937, "t_redis": 0.24337068595923483, "t_admit": 0.004583906615152955, "t_send": 0.004045440349727869, "t_iter": 0.25997391249984503, "admitted": 7, "iter_max": 0.0014373711310327053, "gpu_id": 1, "window_s": 5.001339673995972}
[2026-08-21 10:01:46.321 GPU_Scheduler_1] Admitted 1 requests for model_3
[2026-08-21 10:01:46.800 GPU_Scheduler_1] Admitted 1 requests for model_6
[2026-08-21 10:01:46.950 GPU_Scheduler_1] Admitted 1 requests for model_6
[2026-08-21 10:01:47.226 GPU_Scheduler_1] Admitted 1 requests for model_6
[2026-08-21 10:01:47.979 GPU_Scheduler_0] Admitted 1 requests for model_5
[2026-08-21 10:01:48.941 GPU_Scheduler_1] Admitted 1 requests for model_6
[2026-08-21 10:01:49.005 GPU_Scheduler_1] Admitted 1 requests for model_6
[2026-08-21 10:01:49.974 GPU_Scheduler_0] Admitted 1 requests for model_5
[2026-08-21 10:01:50.429 GPU_Scheduler_0] [V5-LOOP] {"iters": 484, "t_mem": 0.006866631796583533, "t_redis": 0.11541702831164002, "t_admit": 0.003222901374101639, "t_send": 0.001297621987760067, "t_iter": 0.12680418347008526, "admitted": 2, "iter_max": 0.0009705380070954561, "gpu_id": 0, "window_s": 5.008772611618042}
[2026-08-21 10:01:50.594 GPU_Scheduler_1] Admitted 1 requests for model_3
[2026-08-21 10:01:50.765 GPU_Scheduler_1] [V5-LOOP] {"iters": 470, "t_mem": 0.008452206151559949, "t_redis": 0.25022996333427727, "t_admit": 0.004824497504159808, "t_send": 0.004341869615018368, "t_iter": 0.2678485366050154, "admitted": 7, "iter_max": 0.0014200611039996147, "gpu_id": 1, "window_s": 5.007747650146484}
[2026-08-21 10:01:50.956 GPU_Scheduler_1] Admitted 1 requests for model_3
[2026-08-21 10:01:51.532 GPU_Scheduler_1] Admitted 1 requests for model_3
[2026-08-21 10:01:51.713 GPU_Scheduler_1] Admitted 1 requests for model_3
[2026-08-21 10:01:51.885 GPU_Scheduler_1] Admitted 1 requests for model_6
[2026-08-21 10:01:55.437 GPU_Scheduler_0] [V5-LOOP] {"iters": 485, "t_mem": 0.006703817285597324, "t_redis": 0.10502097709104419, "t_admit": 0.002702240366488695, "t_send": 0.0003658586647361517, "t_iter": 0.11479289340786636, "admitted": 0, "iter_max": 0.0004437640309333801, "gpu_id": 0, "window_s": 5.007765293121338}
[2026-08-21 10:01:55.479 GPU_Scheduler_0] Admitted 1 requests for model_5
[2026-08-21 10:01:55.768 GPU_Scheduler_1] [V5-LOOP] {"iters": 469, "t_mem": 0.008886324474588037, "t_redis": 0.25582067272625864, "t_admit": 0.004330110037699342, "t_send": 0.0027564542833715677, "t_iter": 0.2717935615219176, "admitted": 4, "iter_max": 0.0013379501178860664, "gpu_id": 1, "window_s": 5.00295090675354}
[2026-08-21 10:01:55.956 GPU_Scheduler_0] Received activate request for model model_1
[2026-08-21 10:01:55.957 GPU_Scheduler_0] Received activate request for model_1, model_states: {'model_1': 'activating', 'model_2': 'deactivated', 'model_3': 'deactivated', 'model_4': 'deactivated', 'model_5': 'activated', 'model_6': 'deactivated'}
[2026-08-21 10:01:55.957 GPU_Scheduler_0] Assign worker 0 to model_1. Current model_to_worker: {'model_5': 2, 'model_1': 0}
[2026-08-21 10:01:55.965 GPU_Scheduler_0] Admitted 1 requests for model_1
[2026-08-21 10:01:57.024 GPU_Scheduler_0] Model model_1 (instance 0) activation succeeded on GPU 0
[2026-08-21 10:01:57.028 GPU_Scheduler_0] Received activate request for model model_2
[2026-08-21 10:01:57.029 GPU_Scheduler_0] Received activate request for model_2, model_states: {'model_1': 'activated', 'model_2': 'activating', 'model_3': 'deactivated', 'model_4': 'deactivated', 'model_5': 'activated', 'model_6': 'deactivated'}
[2026-08-21 10:01:57.029 GPU_Scheduler_0] Assign worker 1 to model_2. Current model_to_worker: {'model_5': 2, 'model_1': 0, 'model_2': 1}
[2026-08-21 10:01:57.033 GPU_Scheduler_0] Admitted 3 requests for model_2
[2026-08-21 10:01:57.188 GPU_Scheduler_0] Admitted 1 requests for model_2
[2026-08-21 10:01:57.973 GPU_Scheduler_0] Model model_2 (instance 0) activation succeeded on GPU 0
[2026-08-21 10:01:57.976 GPU_Scheduler_0] Received activate request for model model_4
[2026-08-21 10:01:57.976 GPU_Scheduler_0] Received activate request for model_4, model_states: {'model_1': 'activated', 'model_2': 'activated', 'model_3': 'deactivated', 'model_4': 'activating', 'model_5': 'activated', 'model_6': 'deactivated'}
[2026-08-21 10:01:57.976 GPU_Scheduler_0] Assign worker 3 to model_4. Current model_to_worker: {'model_5': 2, 'model_1': 0, 'model_2': 1, 'model_4': 3}
[2026-08-21 10:01:57.984 GPU_Scheduler_0] Admitted 5 requests for model_4
[2026-08-21 10:01:58.322 GPU_Scheduler_0] Admitted 1 requests for model_5
[2026-08-21 10:01:58.554 GPU_Scheduler_0] Admitted 1 requests for model_4
[2026-08-21 10:01:58.925 GPU_Scheduler_0] Admitted 1 requests for model_4
[2026-08-21 10:01:59.445 GPU_Scheduler_0] Model model_4 (instance 0) activation succeeded on GPU 0
[2026-08-21 10:02:00.445 GPU_Scheduler_0] [V5-LOOP] {"iters": 459, "t_mem": 0.007467410294339061, "t_redis": 0.35800927854143083, "t_admit": 0.004563973750919104, "t_send": 0.006900711916387081, "t_iter": 0.3769413745030761, "admitted": 14, "iter_max": 0.0037615078035742044, "gpu_id": 0, "window_s": 5.007692813873291}
[2026-08-21 10:02:00.489 GPU_Scheduler_0] Admitted 1 requests for model_4
[2026-08-21 10:02:00.565 GPU_Scheduler_0] Admitted 1 requests for model_4
[2026-08-21 10:02:00.771 GPU_Scheduler_1] [V5-LOOP] {"iters": 470, "t_mem": 0.007822563638910651, "t_redis": 0.24574902188032866, "t_admit": 0.0036597587168216705, "t_send": 0.0004780106246471405, "t_iter": 0.2577093548607081, "admitted": 0, "iter_max": 0.0011435691267251968, "gpu_id": 1, "window_s": 5.002244472503662}
[2026-08-21 10:02:00.912 GPU_Scheduler_0] Admitted 1 requests for model_2
[2026-08-21 10:02:01.150 GPU_Scheduler_0] Admitted 1 requests for model_2
[2026-08-21 10:02:01.992 GPU_Scheduler_0] Admitted 1 requests for model_2
[2026-08-21 10:02:02.814 GPU_Scheduler_0] Admitted 1 requests for model_4
[2026-08-21 10:02:02.933 GPU_Scheduler_0] Admitted 1 requests for model_4
[2026-08-21 10:02:04.110 GPU_Scheduler_0] Admitted 1 requests for model_1
[2026-08-21 10:02:04.315 GPU_Scheduler_0] Admitted 1 requests for model_2
[2026-08-21 10:02:04.423 GPU_Scheduler_0] Admitted 1 requests for model_2
[2026-08-21 10:02:04.607 GPU_Scheduler_0] Admitted 1 requests for model_4
[2026-08-21 10:02:05.146 GPU_Scheduler_0] Admitted 1 requests for model_2
[2026-08-21 10:02:05.352 GPU_Scheduler_0] Admitted 1 requests for model_2
[2026-08-21 10:02:05.374 GPU_Scheduler_0] Admitted 1 requests for model_2
[2026-08-21 10:02:05.449 GPU_Scheduler_0] [V5-LOOP] {"iters": 463, "t_mem": 0.005986750591546297, "t_redis": 0.3202396556735039, "t_admit": 0.0037885343190282583, "t_send": 0.005317317089065909, "t_iter": 0.33533225767314434, "admitted": 14, "iter_max": 0.0014359110500663519, "gpu_id": 0, "window_s": 5.003903150558472}
[2026-08-21 10:02:05.643 GPU_Scheduler_0] Admitted 1 requests for model_1
[2026-08-21 10:02:05.772 GPU_Scheduler_1] [V5-LOOP] {"iters": 478, "t_mem": 0.006171907065436244, "t_redis": 0.17214912502095103, "t_admit": 0.0026287068612873554, "t_send": 0.00032945210114121437, "t_iter": 0.18127919104881585, "admitted": 0, "iter_max": 0.0005745741073042154, "gpu_id": 1, "window_s": 5.000948429107666}
[2026-08-21 10:02:06.885 GPU_Scheduler_0] Admitted 1 requests for model_1
[2026-08-21 10:02:07.435 GPU_Scheduler_0] Admitted 1 requests for model_2
[2026-08-21 10:02:08.705 GPU_Scheduler_0] Admitted 1 requests for model_1
[2026-08-21 10:02:08.759 GPU_Scheduler_0] Admitted 1 requests for model_2
[2026-08-21 10:02:10.236 GPU_Scheduler_0] Admitted 1 requests for model_2
[2026-08-21 10:02:10.454 GPU_Scheduler_0] [V5-LOOP] {"iters": 464, "t_mem": 0.006020038155838847, "t_redis": 0.31388237373903394, "t_admit": 0.0032434568274766207, "t_send": 0.0023067111615091562, "t_iter": 0.32545257988385856, "admitted": 6, "iter_max": 0.0012706401757895947, "gpu_id": 0, "window_s": 5.004063367843628}
[2026-08-21 10:02:10.671 GPU_Scheduler_0] Admitted 1 requests for model_4
[2026-08-21 10:02:10.780 GPU_Scheduler_1] [V5-LOOP] {"iters": 470, "t_mem": 0.008491225773468614, "t_redis": 0.25325173302553594, "t_admit": 0.00402874662540853, "t_send": 0.0005151338409632444, "t_iter": 0.26628683926537633, "admitted": 0, "iter_max": 0.001708243042230606, "gpu_id": 1, "window_s": 5.007244825363159}
[2026-08-21 10:02:11.429 GPU_Scheduler_0] Admitted 1 requests for model_4
[2026-08-21 10:02:11.473 GPU_Scheduler_0] Admitted 1 requests for model_5
[2026-08-21 10:02:12.186 GPU_Scheduler_0] Admitted 1 requests for model_1
[2026-08-21 10:02:14.255 GPU_Scheduler_0] Admitted 1 requests for model_2
[2026-08-21 10:02:14.436 GPU_Scheduler_0] Admitted 1 requests for model_2
[2026-08-21 10:02:15.062 GPU_Scheduler_0] Admitted 1 requests for model_4
[2026-08-21 10:02:15.222 GPU_Scheduler_0] Admitted 1 requests for model_1
[2026-08-21 10:02:15.392 GPU_Scheduler_0] Admitted 1 requests for model_1
[2026-08-21 10:02:15.460 GPU_Scheduler_0] [V5-LOOP] {"iters": 448, "t_mem": 0.007969616912305355, "t_redis": 0.4692722815088928, "t_admit": 0.0043828722555190325, "t_send": 0.004697478609159589, "t_iter": 0.48632224928587675, "admitted": 9, "iter_max": 0.0023339681793004274, "gpu_id": 0, "window_s": 5.005899906158447}
[2026-08-21 10:02:15.790 GPU_Scheduler_1] [V5-LOOP] {"iters": 469, "t_mem": 0.009053289890289307, "t_redis": 0.2628515020478517, "t_admit": 0.004271985962986946, "t_send": 0.0005366529803723097, "t_iter": 0.27671343088150024, "admitted": 0, "iter_max": 0.001658173045143485, "gpu_id": 1, "window_s": 5.0087645053863525}
[2026-08-21 10:02:16.596 GPU_Scheduler_0] Admitted 1 requests for model_2
[2026-08-21 10:02:17.499 GPU_Scheduler_0] Admitted 1 requests for model_1
[2026-08-21 10:02:17.545 GPU_Scheduler_0] Admitted 1 requests for model_1
[2026-08-21 10:02:17.669 GPU_Scheduler_0] Admitted 1 requests for model_4
[2026-08-21 10:02:17.748 GPU_Scheduler_0] Admitted 1 requests for model_2
[2026-08-21 10:02:18.468 GPU_Scheduler_0] Admitted 1 requests for model_2
[2026-08-21 10:02:19.301 GPU_Scheduler_0] Admitted 1 requests for model_2
[2026-08-21 10:02:19.869 GPU_Scheduler_0] Admitted 1 requests for model_2
[2026-08-21 10:02:19.923 GPU_Scheduler_0] Admitted 1 requests for model_4
[2026-08-21 10:02:19.956 GPU_Scheduler_0] Admitted 1 requests for model_1
[2026-08-21 10:02:20.259 GPU_Scheduler_0] Admitted 1 requests for model_2
[2026-08-21 10:02:20.465 GPU_Scheduler_0] [V5-LOOP] {"iters": 447, "t_mem": 0.006938953418284655, "t_redis": 0.4795871847309172, "t_admit": 0.004473173525184393, "t_send": 0.005570938112214208, "t_iter": 0.49657024978660047, "admitted": 11, "iter_max": 0.0023346280213445425, "gpu_id": 0, "window_s": 5.004490852355957}
[2026-08-21 10:02:20.791 GPU_Scheduler_1] [V5-LOOP] {"iters": 477, "t_mem": 0.006177723407745361, "t_redis": 0.1818113357294351, "t_admit": 0.002663139021024108, "t_send": 0.00034324219450354576, "t_iter": 0.1909954403527081, "admitted": 0, "iter_max": 0.0006582648493349552, "gpu_id": 1, "window_s": 5.000790596008301}
[2026-08-21 10:02:21.587 GPU_Scheduler_0] Admitted 1 requests for model_1
[2026-08-21 10:02:22.322 GPU_Scheduler_0] Admitted 1 requests for model_1
[2026-08-21 10:02:22.603 GPU_Scheduler_0] Admitted 1 requests for model_4
[2026-08-21 10:02:22.775 GPU_Scheduler_0] Admitted 1 requests for model_1
[2026-08-21 10:02:23.434 GPU_Scheduler_0] Admitted 1 requests for model_2
[2026-08-21 10:02:23.478 GPU_Scheduler_0] Admitted 1 requests for model_1
[2026-08-21 10:02:23.716 GPU_Scheduler_0] Admitted 1 requests for model_2
[2026-08-21 10:02:23.824 GPU_Scheduler_0] Admitted 1 requests for model_2
[2026-08-21 10:02:24.428 GPU_Scheduler_0] Admitted 1 requests for model_2
[2026-08-21 10:02:24.472 GPU_Scheduler_0] Admitted 1 requests for model_4
[2026-08-21 10:02:24.505 GPU_Scheduler_0] Admitted 1 requests for model_2
[2026-08-21 10:02:25.196 GPU_Scheduler_0] Admitted 1 requests for model_2
[2026-08-21 10:02:25.465 GPU_Scheduler_0] [V5-LOOP] {"iters": 463, "t_mem": 0.005951597122475505, "t_redis": 0.3183264615945518, "t_admit": 0.0035019973292946815, "t_send": 0.004147781757637858, "t_iter": 0.33192783780395985, "admitted": 12, "iter_max": 0.0012269988656044006, "gpu_id": 0, "window_s": 5.000658273696899}
[2026-08-21 10:02:25.798 GPU_Scheduler_1] [V5-LOOP] {"iters": 478, "t_mem": 0.006067904643714428, "t_redis": 0.17826063791289926, "t_admit": 0.0026209403295069933, "t_send": 0.0003476876299828291, "t_iter": 0.1872971705161035, "admitted": 0, "iter_max": 0.0005555248353630304, "gpu_id": 1, "window_s": 5.006463050842285}
[2026-08-21 10:02:25.887 GPU_Scheduler_0] Admitted 1 requests for model_2
[2026-08-21 10:02:25.985 GPU_Scheduler_0] Admitted 1 requests for model_4
[2026-08-21 10:02:26.232 GPU_Scheduler_0] Admitted 1 requests for model_4
[2026-08-21 10:02:26.394 GPU_Scheduler_0] Admitted 1 requests for model_1
[2026-08-21 10:02:26.611 GPU_Scheduler_0] Admitted 1 requests for model_5
[2026-08-21 10:02:27.149 GPU_Scheduler_0] Admitted 1 requests for model_4
[2026-08-21 10:02:27.354 GPU_Scheduler_0] Admitted 1 requests for model_2
[2026-08-21 10:02:27.354 GPU_Scheduler_0] Admitted 1 requests for model_4
[2026-08-21 10:02:27.699 GPU_Scheduler_0] Admitted 1 requests for model_4
[2026-08-21 10:02:28.713 GPU_Scheduler_0] Admitted 1 requests for model_1
[2026-08-21 10:02:29.986 GPU_Scheduler_0] Admitted 1 requests for model_1
[2026-08-21 10:02:30.471 GPU_Scheduler_0] [V5-LOOP] {"iters": 464, "t_mem": 0.006067981012165546, "t_redis": 0.3137557015288621, "t_admit": 0.003662297734990716, "t_send": 0.00395566294901073, "t_iter": 0.3274416432250291, "admitted": 11, "iter_max": 0.0013399100862443447, "gpu_id": 0, "window_s": 5.005463123321533}
[2026-08-21 10:02:30.755 GPU_Scheduler_1] Admitted 1 requests for model_3
[2026-08-21 10:02:30.808 GPU_Scheduler_1] [V5-LOOP] {"iters": 478, "t_mem": 0.0063022414688020945, "t_redis": 0.1797137656249106, "t_admit": 0.0029568548779934645, "t_send": 0.0010323275346308947, "t_iter": 0.19000518950633705, "admitted": 1, "iter_max": 0.0013020799960941076, "gpu_id": 1, "window_s": 5.009505271911621}
[2026-08-21 10:02:31.420 GPU_Scheduler_0] Admitted 1 requests for model_1
[2026-08-21 10:02:31.529 GPU_Scheduler_0] Admitted 1 requests for model_2
[2026-08-21 10:02:31.962 GPU_Scheduler_0] Admitted 1 requests for model_2
[2026-08-21 10:02:32.201 GPU_Scheduler_0] Admitted 1 requests for model_2
[2026-08-21 10:02:32.547 GPU_Scheduler_0] Admitted 1 requests for model_4
[2026-08-21 10:02:33.550 GPU_Scheduler_0] Admitted 1 requests for model_1
[2026-08-21 10:02:33.789 GPU_Scheduler_0] Admitted 1 requests for model_1
[2026-08-21 10:02:34.902 GPU_Scheduler_0] Admitted 1 requests for model_4
[2026-08-21 10:02:35.378 GPU_Scheduler_0] Admitted 1 requests for model_4
[2026-08-21 10:02:35.476 GPU_Scheduler_0] [V5-LOOP] {"iters": 463, "t_mem": 0.006082288920879364, "t_redis": 0.3235509190708399, "t_admit": 0.003544232342392206, "t_send": 0.0035871455911546946, "t_iter": 0.33676458592526615, "admitted": 9, "iter_max": 0.0014643119648098946, "gpu_id": 0, "window_s": 5.00486421585083}
[2026-08-21 10:02:35.816 GPU_Scheduler_1] [V5-LOOP] {"iters": 476, "t_mem": 0.00665847142226994, "t_redis": 0.19841280998662114, "t_admit": 0.002938316436484456, "t_send": 0.0003869545180350542, "t_iter": 0.2083965523634106, "admitted": 0, "iter_max": 0.0009119270835071802, "gpu_id": 1, "window_s": 5.0077126026153564}
[2026-08-21 10:02:36.535 GPU_Scheduler_0] Admitted 1 requests for model_4
[2026-08-21 10:02:36.913 GPU_Scheduler_0] Admitted 1 requests for model_2
[2026-08-21 10:02:37.443 GPU_Scheduler_0] Admitted 1 requests for model_5
[2026-08-21 10:02:37.465 GPU_Scheduler_0] Admitted 1 requests for model_1
[2026-08-21 10:02:37.963 GPU_Scheduler_0] Admitted 1 requests for model_2
[2026-08-21 10:02:38.503 GPU_Scheduler_0] Admitted 1 requests for model_1
[2026-08-21 10:02:38.719 GPU_Scheduler_1] Admitted 1 requests for model_3
[2026-08-21 10:02:38.806 GPU_Scheduler_0] Admitted 1 requests for model_2
[2026-08-21 10:02:38.829 GPU_Scheduler_0] Admitted 1 requests for model_5
[2026-08-21 10:02:38.898 GPU_Scheduler_0] Admitted 1 requests for model_1
[2026-08-21 10:02:39.045 GPU_Scheduler_0] Admitted 1 requests for model_4
[2026-08-21 10:02:39.770 GPU_Scheduler_0] Admitted 1 requests for model_2
[2026-08-21 10:02:40.455 GPU_Scheduler_0] Admitted 1 requests for model_2
[2026-08-21 10:02:40.478 GPU_Scheduler_0] [V5-LOOP] {"iters": 455, "t_mem": 0.0067410029005259275, "t_redis": 0.39590253541246057, "t_admit": 0.004320589359849691, "t_send": 0.005754468962550163, "t_iter": 0.41271859663538635, "admitted": 12, "iter_max": 0.002510018879547715, "gpu_id": 0, "window_s": 5.001461029052734}
[2026-08-21 10:02:40.821 GPU_Scheduler_1] [V5-LOOP] {"iters": 469, "t_mem": 0.007895564427599311, "t_redis": 0.2605188621673733, "t_admit": 0.0042038720566779375, "t_send": 0.0012582556810230017, "t_iter": 0.27387655433267355, "admitted": 1, "iter_max": 0.0021451269276440144, "gpu_id": 1, "window_s": 5.004636287689209}
[2026-08-21 10:02:41.693 GPU_Scheduler_0] Admitted 1 requests for model_2
[2026-08-21 10:02:41.705 GPU_Scheduler_0] Admitted 1 requests for model_1
[2026-08-21 10:02:41.706 GPU_Scheduler_0] Admitted 1 requests for model_5
[2026-08-21 10:02:42.888 GPU_Scheduler_0] Admitted 1 requests for model_2
[2026-08-21 10:02:43.013 GPU_Scheduler_0] Admitted 1 requests for model_4
[2026-08-21 10:02:43.048 GPU_Scheduler_0] Admitted 1 requests for model_4
[2026-08-21 10:02:43.207 GPU_Scheduler_1] Admitted 1 requests for model_3
[2026-08-21 10:02:44.722 GPU_Scheduler_0] Admitted 1 requests for model_1
[2026-08-21 10:02:44.723 GPU_Scheduler_0] Admitted 1 requests for model_4
[2026-08-21 10:02:44.735 GPU_Scheduler_0] Admitted 1 requests for model_1
[2026-08-21 10:02:44.996 GPU_Scheduler_0] Admitted 1 requests for model_4
[2026-08-21 10:02:45.255 GPU_Scheduler_0] Admitted 1 requests for model_5
[2026-08-21 10:02:45.481 GPU_Scheduler_0] [V5-LOOP] {"iters": 443, "t_mem": 0.007194900885224342, "t_redis": 0.5161273221019655, "t_admit": 0.004724646685644984, "t_send": 0.006527891848236322, "t_iter": 0.5345747615210712, "admitted": 11, "iter_max": 0.0036745178513228893, "gpu_id": 0, "window_s": 5.002735137939453}
[2026-08-21 10:02:45.740 GPU_Scheduler_0] Admitted 1 requests for model_2
[2026-08-21 10:02:45.824 GPU_Scheduler_1] [V5-LOOP] {"iters": 476, "t_mem": 0.006594912149012089, "t_redis": 0.19047871767543256, "t_admit": 0.0031549017876386642, "t_send": 0.0009551120456308126, "t_iter": 0.20118364365771413, "admitted": 1, "iter_max": 0.0013181399554014206, "gpu_id": 1, "window_s": 5.002208948135376}
[2026-08-21 10:02:45.865 GPU_Scheduler_0] Admitted 1 requests for model_1
[2026-08-21 10:02:45.977 GPU_Scheduler_0] Admitted 1 requests for model_4
[2026-08-21 10:02:46.253 GPU_Scheduler_1] Received deactivate request for model model_6
[2026-08-21 10:02:46.253 GPU_Scheduler_1] Received deactivate request for model_6, model_states: {'model_1': 'deactivated', 'model_2': 'deactivated', 'model_3': 'activated', 'model_4': 'deactivated', 'model_5': 'deactivated', 'model_6': 'deactivating'}
[2026-08-21 10:02:46.253 GPU_Scheduler_1] Release worker 3 from model model_6. Current model_to_worker: {'model_3': 1}
[2026-08-21 10:02:46.327 GPU_Scheduler_0] Admitted 1 requests for model_2
[2026-08-21 10:02:46.753 GPU_Scheduler_1] Model model_6 (instance 1) deactivation succeeded on GPU 1
[2026-08-21 10:02:47.821 GPU_Scheduler_0] Admitted 1 requests for model_5
[2026-08-21 10:02:49.786 GPU_Scheduler_0] Admitted 1 requests for model_5
[2026-08-21 10:02:50.486 GPU_Scheduler_0] [V5-LOOP] {"iters": 443, "t_mem": 0.0077662779949605465, "t_redis": 0.5200945236720145, "t_admit": 0.004839607747271657, "t_send": 0.0038330634124577045, "t_iter": 0.5365334728267044, "admitted": 6, "iter_max": 0.0021356861107051373, "gpu_id": 0, "window_s": 5.005181789398193}
[2026-08-21 10:02:50.829 GPU_Scheduler_1] [V5-LOOP] {"iters": 483, "t_mem": 0.006176875671371818, "t_redis": 0.1237760588992387, "t_admit": 0.002677151933312416, "t_send": 0.00035086716525256634, "t_iter": 0.1329809536691755, "admitted": 0, "iter_max": 0.0007715360261499882, "gpu_id": 1, "window_s": 5.004509449005127}
[2026-08-21 10:02:51.309 GPU_Scheduler_1] Received activate request for model model_6
[2026-08-21 10:02:51.310 GPU_Scheduler_1] Received activate request for model_6, model_states: {'model_1': 'deactivated', 'model_2': 'deactivated', 'model_3': 'activated', 'model_4': 'deactivated', 'model_5': 'deactivated', 'model_6': 'activating'}
[2026-08-21 10:02:51.310 GPU_Scheduler_1] Assign worker 0 to model_6. Current model_to_worker: {'model_3': 1, 'model_6': 0}
[2026-08-21 10:02:51.315 GPU_Scheduler_1] Admitted 6 requests for model_6
[2026-08-21 10:02:51.359 GPU_Scheduler_0] Admitted 1 requests for model_5
[2026-08-21 10:02:51.457 GPU_Scheduler_0] Admitted 1 requests for model_5
[2026-08-21 10:02:52.467 GPU_Scheduler_0] Admitted 1 requests for model_5
[2026-08-21 10:02:53.217 GPU_Scheduler_1] Admitted 1 requests for model_6
[2026-08-21 10:02:53.407 GPU_Scheduler_1] Admitted 1 requests for model_6
[2026-08-21 10:02:54.527 GPU_Scheduler_1] Model model_6 (instance 1) activation succeeded on GPU 1
[2026-08-21 10:02:55.396 GPU_Scheduler_0] Admitted 1 requests for model_5
[2026-08-21 10:02:55.494 GPU_Scheduler_0] [V5-LOOP] {"iters": 450, "t_mem": 0.00993600464425981, "t_redis": 0.447131204418838, "t_admit": 0.00471045752055943, "t_send": 0.00292235822416842, "t_iter": 0.4647000248078257, "admitted": 4, "iter_max": 0.003481067018583417, "gpu_id": 0, "window_s": 5.00778341293335}
[2026-08-21 10:02:55.830 GPU_Scheduler_1] [V5-LOOP] {"iters": 476, "t_mem": 0.007594795897603035, "t_redis": 0.18604073813185096, "t_admit": 0.003674740670248866, "t_send": 0.0025623212568461895, "t_iter": 0.19987259595654905, "admitted": 8, "iter_max": 0.002112146932631731, "gpu_id": 1, "window_s": 5.001026630401611}
[2026-08-21 10:02:56.315 GPU_Scheduler_0] Admitted 1 requests for model_5
[2026-08-21 10:02:56.598 GPU_Scheduler_0] Admitted 1 requests for model_5
[2026-08-21 10:02:57.200 GPU_Scheduler_0] Admitted 1 requests for model_5
[2026-08-21 10:02:57.853 GPU_Scheduler_0] Admitted 1 requests for model_4
[2026-08-21 10:02:57.973 GPU_Scheduler_0] Admitted 1 requests for model_4
[2026-08-21 10:02:59.028 GPU_Scheduler_1] Admitted 1 requests for model_6
[2026-08-21 10:02:59.773 GPU_Scheduler_0] Admitted 1 requests for model_5
[2026-08-21 10:02:59.860 GPU_Scheduler_0] Admitted 1 requests for model_5
[2026-08-21 10:03:00.496 GPU_Scheduler_0] [V5-LOOP] {"iters": 447, "t_mem": 0.010586704825982451, "t_redis": 0.470164043828845, "t_admit": 0.005829061381518841, "t_send": 0.005165036069229245, "t_iter": 0.49174484610557556, "admitted": 7, "iter_max": 0.002792570972815156, "gpu_id": 0, "window_s": 5.0013885498046875}
[2026-08-21 10:03:00.576 GPU_Scheduler_0] Admitted 1 requests for model_5
[2026-08-21 10:03:00.789 GPU_Scheduler_1] Admitted 1 requests for model_6
[2026-08-21 10:03:00.832 GPU_Scheduler_1] [V5-LOOP] {"iters": 470, "t_mem": 0.009114457294344902, "t_redis": 0.24438611161895096, "t_admit": 0.004398980876430869, "t_send": 0.0019226991571485996, "t_iter": 0.25982224894687533, "admitted": 2, "iter_max": 0.001750013092532754, "gpu_id": 1, "window_s": 5.001486778259277}
[2026-08-21 10:03:00.970 GPU_Scheduler_1] Admitted 1 requests for model_6
[2026-08-21 10:03:01.140 GPU_Scheduler_1] Admitted 1 requests for model_6
[2026-08-21 10:03:01.855 GPU_Scheduler_1] Admitted 1 requests for model_6
[2026-08-21 10:03:01.948 GPU_Scheduler_0] Admitted 1 requests for model_5
[2026-08-21 10:03:02.479 GPU_Scheduler_0] Admitted 1 requests for model_5
[2026-08-21 10:03:03.069 GPU_Scheduler_1] Admitted 1 requests for model_6
[2026-08-21 10:03:04.090 GPU_Scheduler_0] Admitted 1 requests for model_5
[2026-08-21 10:03:04.540 GPU_Scheduler_0] Admitted 1 requests for model_5
[2026-08-21 10:03:04.902 GPU_Scheduler_0] Admitted 1 requests for model_5
[2026-08-21 10:03:05.503 GPU_Scheduler_0] [V5-LOOP] {"iters": 445, "t_mem": 0.009737303713336587, "t_redis": 0.49705187208019197, "t_admit": 0.005690936930477619, "t_send": 0.004375033546239138, "t_iter": 0.5168551462702453, "admitted": 6, "iter_max": 0.002279836917296052, "gpu_id": 0, "window_s": 5.006687164306641}
[2026-08-21 10:03:05.628 GPU_Scheduler_0] Admitted 1 requests for model_5
[2026-08-21 10:03:05.840 GPU_Scheduler_1] [V5-LOOP] {"iters": 465, "t_mem": 0.00948280980810523, "t_redis": 0.29802364856004715, "t_admit": 0.005036516115069389, "t_send": 0.002710463246330619, "t_iter": 0.3152534377295524, "admitted": 4, "iter_max": 0.0014103809371590614, "gpu_id": 1, "window_s": 5.007753133773804}
[2026-08-21 10:03:06.337 GPU_Scheduler_0] Admitted 1 requests for model_4
[2026-08-21 10:03:06.934 GPU_Scheduler_0] Admitted 1 requests for model_4
[2026-08-21 10:03:08.149 GPU_Scheduler_1] Admitted 1 requests for model_6
[2026-08-21 10:03:10.514 GPU_Scheduler_0] [V5-LOOP] {"iters": 443, "t_mem": 0.008651229087263346, "t_redis": 0.5254680961370468, "t_admit": 0.004521318711340427, "t_send": 0.002270260127261281, "t_iter": 0.5409109040629119, "admitted": 3, "iter_max": 0.0021537269931286573, "gpu_id": 0, "window_s": 5.010885000228882}
[2026-08-21 10:03:10.696 GPU_Scheduler_0] Admitted 1 requests for model_4
[2026-08-21 10:03:10.718 GPU_Scheduler_1] Admitted 1 requests for model_6
[2026-08-21 10:03:10.846 GPU_Scheduler_1] [V5-LOOP] {"iters": 469, "t_mem": 0.008871933910995722, "t_redis": 0.2599091019947082, "t_admit": 0.0045788828283548355, "t_send": 0.001629979582503438, "t_iter": 0.2749898983165622, "admitted": 2, "iter_max": 0.0013796209823340178, "gpu_id": 1, "window_s": 5.0057361125946045}
[2026-08-21 10:03:10.990 GPU_Scheduler_0] Admitted 1 requests for model_5
[2026-08-21 10:03:11.964 GPU_Scheduler_0] Admitted 1 requests for model_5
[2026-08-21 10:03:12.168 GPU_Scheduler_0] Admitted 1 requests for model_4
[2026-08-21 10:03:13.469 GPU_Scheduler_0] Admitted 1 requests for model_5
[2026-08-21 10:03:14.056 GPU_Scheduler_0] Admitted 1 requests for model_5
[2026-08-21 10:03:14.392 GPU_Scheduler_1] Admitted 1 requests for model_6
[2026-08-21 10:03:14.810 GPU_Scheduler_0] Admitted 1 requests for model_5
[2026-08-21 10:03:15.525 GPU_Scheduler_0] [V5-LOOP] {"iters": 441, "t_mem": 0.010365163441747427, "t_redis": 0.5379121562000364, "t_admit": 0.00595934665761888, "t_send": 0.0051381466910243034, "t_iter": 0.559374812990427, "admitted": 7, "iter_max": 0.002666980028152466, "gpu_id": 0, "window_s": 5.009838581085205}
[2026-08-21 10:03:15.832 GPU_Scheduler_0] Admitted 1 requests for model_5
[2026-08-21 10:03:15.854 GPU_Scheduler_1] [V5-LOOP] {"iters": 471, "t_mem": 0.007657248992472887, "t_redis": 0.2439752898644656, "t_admit": 0.004005964379757643, "t_send": 0.0011767181567847729, "t_iter": 0.2568152213934809, "admitted": 1, "iter_max": 0.0016605828423053026, "gpu_id": 1, "window_s": 5.007831335067749}
[2026-08-21 10:03:16.176 GPU_Scheduler_0] Admitted 1 requests for model_5
[2026-08-21 10:03:16.610 GPU_Scheduler_0] Admitted 1 requests for model_5
[2026-08-21 10:03:16.734 GPU_Scheduler_0] Admitted 1 requests for model_5
[2026-08-21 10:03:17.278 GPU_Scheduler_0] Admitted 1 requests for model_5
[2026-08-21 10:03:18.225 GPU_Scheduler_1] Admitted 1 requests for model_6
[2026-08-21 10:03:18.374 GPU_Scheduler_0] Admitted 1 requests for model_5
[2026-08-21 10:03:19.257 GPU_Scheduler_0] Admitted 1 requests for model_5
[2026-08-21 10:03:19.977 GPU_Scheduler_0] Admitted 1 requests for model_5
[2026-08-21 10:03:20.080 GPU_Scheduler_0] Admitted 1 requests for model_5
[2026-08-21 10:03:20.348 GPU_Scheduler_1] Admitted 1 requests for model_6
[2026-08-21 10:03:20.536 GPU_Scheduler_0] [V5-LOOP] {"iters": 449, "t_mem": 0.008517915848642588, "t_redis": 0.4611757209058851, "t_admit": 0.005197498016059399, "t_send": 0.005627868697047234, "t_iter": 0.4805190034676343, "admitted": 9, "iter_max": 0.0032036639750003815, "gpu_id": 0, "window_s": 5.0106730461120605}
[2026-08-21 10:03:20.624 GPU_Scheduler_1] Admitted 1 requests for model_6
[2026-08-21 10:03:20.827 GPU_Scheduler_1] Admitted 1 requests for model_6
[2026-08-21 10:03:20.859 GPU_Scheduler_1] [V5-LOOP] {"iters": 470, "t_mem": 0.007775471545755863, "t_redis": 0.2499253076966852, "t_admit": 0.004327303264290094, "t_send": 0.0027130157686769962, "t_iter": 0.26474109827540815, "admitted": 4, "iter_max": 0.001486650900915265, "gpu_id": 1, "window_s": 5.0049943923950195}
[2026-08-21 10:03:22.133 GPU_Scheduler_1] Admitted 1 requests for model_6
[2026-08-21 10:03:23.622 GPU_Scheduler_0] Admitted 1 requests for model_5
[2026-08-21 10:03:24.372 GPU_Scheduler_1] Admitted 1 requests for model_6
[2026-08-21 10:03:24.435 GPU_Scheduler_0] Admitted 1 requests for model_4
[2026-08-21 10:03:24.630 GPU_Scheduler_0] Admitted 1 requests for model_4
[2026-08-21 10:03:24.671 GPU_Scheduler_1] Admitted 1 requests for model_6
[2026-08-21 10:03:25.055 GPU_Scheduler_1] Admitted 1 requests for model_6
[2026-08-21 10:03:25.448 GPU_Scheduler_1] Admitted 1 requests for model_6
[2026-08-21 10:03:25.547 GPU_Scheduler_0] [V5-LOOP] {"iters": 463, "t_mem": 0.006096875993534923, "t_redis": 0.33123318618163466, "t_admit": 0.003113566432148218, "t_send": 0.0015084631741046906, "t_iter": 0.3419520917814225, "admitted": 3, "iter_max": 0.0014939720276743174, "gpu_id": 0, "window_s": 5.010656833648682}
[2026-08-21 10:03:25.864 GPU_Scheduler_1] [V5-LOOP] {"iters": 470, "t_mem": 0.007483816938474774, "t_redis": 0.24963455856777728, "t_admit": 0.004501742776483297, "t_send": 0.0027732225134968758, "t_iter": 0.2643933407962322, "admitted": 5, "iter_max": 0.0015374422073364258, "gpu_id": 1, "window_s": 5.003990650177002}
[2026-08-21 10:03:25.913 GPU_Scheduler_0] Admitted 1 requests for model_5
[2026-08-21 10:03:28.018 GPU_Scheduler_1] Admitted 1 requests for model_6
[2026-08-21 10:03:28.264 GPU_Scheduler_1] Admitted 1 requests for model_6
[2026-08-21 10:03:29.052 GPU_Scheduler_0] Admitted 1 requests for model_5
[2026-08-21 10:03:29.183 GPU_Scheduler_0] Admitted 1 requests for model_5
[2026-08-21 10:03:30.415 GPU_Scheduler_1] Admitted 1 requests for model_6
[2026-08-21 10:03:30.553 GPU_Scheduler_0] [V5-LOOP] {"iters": 464, "t_mem": 0.0059005566872656345, "t_redis": 0.3164041331037879, "t_admit": 0.003089099656790495, "t_send": 0.0017171355430036783, "t_iter": 0.3271109249908477, "admitted": 3, "iter_max": 0.0016527220141142607, "gpu_id": 0, "window_s": 5.005918741226196}
[2026-08-21 10:03:30.866 GPU_Scheduler_0] Admitted 1 requests for model_5
[2026-08-21 10:03:30.873 GPU_Scheduler_1] [V5-LOOP] {"iters": 470, "t_mem": 0.007478817366063595, "t_redis": 0.25586643745191395, "t_admit": 0.004171042703092098, "t_send": 0.0020162672735750675, "t_iter": 0.2695325647946447, "admitted": 3, "iter_max": 0.0013580711092799902, "gpu_id": 1, "window_s": 5.009314060211182}
[2026-08-21 10:03:31.047 GPU_Scheduler_1] Admitted 1 requests for model_6
[2026-08-21 10:03:32.021 GPU_Scheduler_0] Admitted 1 requests for model_5
[2026-08-21 10:03:33.067 GPU_Scheduler_0] Admitted 1 requests for model_5
[2026-08-21 10:03:33.508 GPU_Scheduler_0] Admitted 1 requests for model_5
[2026-08-21 10:03:33.563 GPU_Scheduler_0] Admitted 1 requests for model_5
[2026-08-21 10:03:33.595 GPU_Scheduler_0] Admitted 1 requests for model_5
[2026-08-21 10:03:34.602 GPU_Scheduler_1] Admitted 1 requests for model_6
[2026-08-21 10:03:34.662 GPU_Scheduler_0] Admitted 1 requests for model_4
[2026-08-21 10:03:34.921 GPU_Scheduler_0] Admitted 1 requests for model_5
[2026-08-21 10:03:35.159 GPU_Scheduler_0] Admitted 1 requests for model_5
[2026-08-21 10:03:35.442 GPU_Scheduler_1] Admitted 1 requests for model_6
[2026-08-21 10:03:35.557 GPU_Scheduler_0] [V5-LOOP] {"iters": 464, "t_mem": 0.005922916112467647, "t_redis": 0.3124123595189303, "t_admit": 0.003514000913128257, "t_send": 0.003643074771389365, "t_iter": 0.3254923513159156, "admitted": 9, "iter_max": 0.0013703899458050728, "gpu_id": 0, "window_s": 5.003974676132202}
[2026-08-21 10:03:35.881 GPU_Scheduler_1] [V5-LOOP] {"iters": 470, "t_mem": 0.007424537092447281, "t_redis": 0.25267242919653654, "t_admit": 0.0043609486892819405, "t_send": 0.002124073915183544, "t_iter": 0.2665819888934493, "admitted": 3, "iter_max": 0.0014041608665138483, "gpu_id": 1, "window_s": 5.0070226192474365}
[2026-08-21 10:03:36.628 GPU_Scheduler_0] Received deactivate request for model model_2
[2026-08-21 10:03:36.628 GPU_Scheduler_0] Received deactivate request for model_2, model_states: {'model_1': 'activated', 'model_2': 'deactivating', 'model_3': 'deactivated', 'model_4': 'activated', 'model_5': 'activated', 'model_6': 'deactivated'}
[2026-08-21 10:03:36.628 GPU_Scheduler_0] Release worker 1 from model model_2. Current model_to_worker: {'model_5': 2, 'model_1': 0, 'model_4': 3}
[2026-08-21 10:03:36.628 GPU_Scheduler_1] Received deactivate request for model model_3
[2026-08-21 10:03:36.628 GPU_Scheduler_1] Received deactivate request for model_3, model_states: {'model_1': 'deactivated', 'model_2': 'deactivated', 'model_3': 'deactivating', 'model_4': 'deactivated', 'model_5': 'deactivated', 'model_6': 'activated'}
[2026-08-21 10:03:36.628 GPU_Scheduler_1] Release worker 1 from model model_3. Current model_to_worker: {'model_6': 0}
[2026-08-21 10:03:36.629 GPU_Scheduler_0] Received deactivate request for model model_1
[2026-08-21 10:03:36.629 GPU_Scheduler_0] Received deactivate request for model_1, model_states: {'model_1': 'deactivating', 'model_2': 'deactivating', 'model_3': 'deactivated', 'model_4': 'activated', 'model_5': 'activated', 'model_6': 'deactivated'}
[2026-08-21 10:03:36.629 GPU_Scheduler_0] Release worker 0 from model model_1. Current model_to_worker: {'model_5': 2, 'model_4': 3}
[2026-08-21 10:03:37.647 GPU_Scheduler_1] Admitted 1 requests for model_6
[2026-08-21 10:03:37.663 GPU_Scheduler_0] Admitted 1 requests for model_5
[2026-08-21 10:03:37.701 GPU_Scheduler_1] Admitted 1 requests for model_6
[2026-08-21 10:03:37.814 GPU_Scheduler_0] Admitted 1 requests for model_5
[2026-08-21 10:03:37.988 GPU_Scheduler_0] Admitted 1 requests for model_5
[2026-08-21 10:03:38.152 GPU_Scheduler_1] Model model_3 (instance 1) deactivation succeeded on GPU 1
[2026-08-21 10:03:38.153 GPU_Scheduler_0] Model model_2 (instance 0) deactivation succeeded on GPU 0
[2026-08-21 10:03:38.273 GPU_Scheduler_0] Model model_1 (instance 0) deactivation succeeded on GPU 0
[2026-08-21 10:03:38.308 GPU_Scheduler_0] Admitted 1 requests for model_5
[2026-08-21 10:03:38.369 GPU_Scheduler_1] Admitted 1 requests for model_6
[2026-08-21 10:03:38.639 GPU_Scheduler_1] Admitted 1 requests for model_6
[2026-08-21 10:03:38.828 GPU_Scheduler_1] Admitted 1 requests for model_6
[2026-08-21 10:03:39.888 GPU_Scheduler_0] Admitted 1 requests for model_4
[2026-08-21 10:03:39.996 GPU_Scheduler_0] Admitted 1 requests for model_5
[2026-08-21 10:03:40.123 GPU_Scheduler_1] Admitted 1 requests for model_6
[2026-08-21 10:03:40.559 GPU_Scheduler_0] [V5-LOOP] {"iters": 464, "t_mem": 0.007244211388751864, "t_redis": 0.3080069934949279, "t_admit": 0.003915307577699423, "t_send": 0.003288525389507413, "t_iter": 0.3224550378508866, "admitted": 6, "iter_max": 0.0014716710429638624, "gpu_id": 0, "window_s": 5.002139329910278}
[2026-08-21 10:03:40.730 GPU_Scheduler_1] Admitted 1 requests for model_6
[2026-08-21 10:03:40.887 GPU_Scheduler_1] [V5-LOOP] {"iters": 474, "t_mem": 0.008940368192270398, "t_redis": 0.20173352304846048, "t_admit": 0.0052025821059942245, "t_send": 0.004954509437084198, "t_iter": 0.2208309827838093, "admitted": 7, "iter_max": 0.0017771939747035503, "gpu_id": 1, "window_s": 5.005779027938843}
[2026-08-21 10:03:42.267 GPU_Scheduler_1] Admitted 1 requests for model_6
[2026-08-21 10:03:42.507 GPU_Scheduler_0] Admitted 1 requests for model_5
[2026-08-21 10:03:42.741 GPU_Scheduler_1] Admitted 1 requests for model_6
[2026-08-21 10:03:43.181 GPU_Scheduler_0] Admitted 1 requests for model_5
[2026-08-21 10:03:43.279 GPU_Scheduler_0] Admitted 1 requests for model_5
[2026-08-21 10:03:43.952 GPU_Scheduler_0] Admitted 1 requests for model_5
[2026-08-21 10:03:45.566 GPU_Scheduler_0] [V5-LOOP] {"iters": 470, "t_mem": 0.00746958190575242, "t_redis": 0.25062540103681386, "t_admit": 0.004146010614931583, "t_send": 0.0026805123779922724, "t_iter": 0.26492150593549013, "admitted": 4, "iter_max": 0.0015985819045454264, "gpu_id": 0, "window_s": 5.006268262863159}
[2026-08-21 10:03:45.890 GPU_Scheduler_1] [V5-LOOP] {"iters": 484, "t_mem": 0.006623114226385951, "t_redis": 0.11079209414310753, "t_admit": 0.0031433505937457085, "t_send": 0.0012035411782562733, "t_iter": 0.12176210014149547, "admitted": 2, "iter_max": 0.0009135568980127573, "gpu_id": 1, "window_s": 5.00304913520813}
[2026-08-21 10:03:48.267 GPU_Scheduler_1] Admitted 1 requests for model_6
[2026-08-21 10:03:50.575 GPU_Scheduler_0] [V5-LOOP] {"iters": 475, "t_mem": 0.00641699880361557, "t_redis": 0.207689946051687, "t_admit": 0.002917654113844037, "t_send": 0.00039994227699935436, "t_iter": 0.21742454124614596, "admitted": 0, "iter_max": 0.000751866027712822, "gpu_id": 0, "window_s": 5.008228778839111}
[2026-08-21 10:03:50.898 GPU_Scheduler_1] [V5-LOOP] {"iters": 485, "t_mem": 0.006247504614293575, "t_redis": 0.1065584016032517, "t_admit": 0.0028014048002660275, "t_send": 0.0008172427769750357, "t_iter": 0.11642455379478633, "admitted": 1, "iter_max": 0.0008892770856618881, "gpu_id": 1, "window_s": 5.007567882537842}
[2026-08-21 10:03:51.758 GPU_Scheduler_1] Received activate request for model model_2
[2026-08-21 10:03:51.759 GPU_Scheduler_1] Received activate request for model_2, model_states: {'model_1': 'deactivated', 'model_2': 'activating', 'model_3': 'deactivated', 'model_4': 'deactivated', 'model_5': 'deactivated', 'model_6': 'activated'}
[2026-08-21 10:03:51.759 GPU_Scheduler_1] Assign worker 2 to model_2. Current model_to_worker: {'model_6': 0, 'model_2': 2}
[2026-08-21 10:03:51.765 GPU_Scheduler_1] Admitted 2 requests for model_2
[2026-08-21 10:03:51.797 GPU_Scheduler_1] Admitted 1 requests for model_6
[2026-08-21 10:03:52.281 GPU_Scheduler_1] Admitted 1 requests for model_2
[2026-08-21 10:03:52.621 GPU_Scheduler_1] Admitted 1 requests for model_2
[2026-08-21 10:03:53.077 GPU_Scheduler_1] Admitted 1 requests for model_6
[2026-08-21 10:03:53.468 GPU_Scheduler_1] Admitted 1 requests for model_2
[2026-08-21 10:03:53.604 GPU_Scheduler_1] Model model_2 (instance 1) activation succeeded on GPU 1
[2026-08-21 10:03:53.607 GPU_Scheduler_1] Received activate request for model model_3
[2026-08-21 10:03:53.607 GPU_Scheduler_1] Received activate request for model_3, model_states: {'model_1': 'deactivated', 'model_2': 'activated', 'model_3': 'activating', 'model_4': 'deactivated', 'model_5': 'deactivated', 'model_6': 'activated'}
[2026-08-21 10:03:53.607 GPU_Scheduler_1] Assign worker 3 to model_3. Current model_to_worker: {'model_6': 0, 'model_2': 2, 'model_3': 3}
[2026-08-21 10:03:53.619 GPU_Scheduler_1] Admitted 4 requests for model_3
[2026-08-21 10:03:54.301 GPU_Scheduler_1] Admitted 1 requests for model_3
[2026-08-21 10:03:54.612 GPU_Scheduler_1] Model model_3 (instance 1) activation succeeded on GPU 1
[2026-08-21 10:03:54.662 GPU_Scheduler_1] Admitted 1 requests for model_6
[2026-08-21 10:03:54.846 GPU_Scheduler_1] Admitted 1 requests for model_6
[2026-08-21 10:03:55.581 GPU_Scheduler_0] [V5-LOOP] {"iters": 472, "t_mem": 0.007605288177728653, "t_redis": 0.23330036993138492, "t_admit": 0.0033203279599547386, "t_send": 0.00042604212649166584, "t_iter": 0.24465202819555998, "admitted": 0, "iter_max": 0.0010629480239003897, "gpu_id": 0, "window_s": 5.005524158477783}
[2026-08-21 10:03:55.661 GPU_Scheduler_1] Admitted 1 requests for model_6
[2026-08-21 10:03:55.868 GPU_Scheduler_1] Admitted 1 requests for model_2
[2026-08-21 10:03:55.901 GPU_Scheduler_1] [V5-LOOP] {"iters": 470, "t_mem": 0.007479389198124409, "t_redis": 0.2439278655219823, "t_admit": 0.004674867261201143, "t_send": 0.006101572420448065, "t_iter": 0.26218369440175593, "admitted": 16, "iter_max": 0.0020074648782610893, "gpu_id": 1, "window_s": 5.002965211868286}
[2026-08-21 10:03:56.523 GPU_Scheduler_1] Admitted 1 requests for model_2
[2026-08-21 10:03:56.907 GPU_Scheduler_1] Admitted 1 requests for model_3
[2026-08-21 10:03:57.994 GPU_Scheduler_1] Admitted 1 requests for model_3
[2026-08-21 10:03:58.512 GPU_Scheduler_1] Admitted 1 requests for model_2
[2026-08-21 10:03:59.825 GPU_Scheduler_1] Admitted 1 requests for model_3
[2026-08-21 10:04:00.588 GPU_Scheduler_0] [V5-LOOP] {"iters": 469, "t_mem": 0.008343614172190428, "t_redis": 0.2629022249020636, "t_admit": 0.003606921061873436, "t_send": 0.0004761526361107826, "t_iter": 0.27532891277223825, "admitted": 0, "iter_max": 0.0011747090611606836, "gpu_id": 0, "window_s": 5.0067408084869385}
[2026-08-21 10:04:00.906 GPU_Scheduler_1] [V5-LOOP] {"iters": 455, "t_mem": 0.009193325648084283, "t_redis": 0.39493076130747795, "t_admit": 0.005483717890456319, "t_send": 0.003666140139102936, "t_iter": 0.4132739449851215, "admitted": 5, "iter_max": 0.0022251869086176157, "gpu_id": 1, "window_s": 5.004246711730957}
[2026-08-21 10:04:00.993 GPU_Scheduler_1] Admitted 1 requests for model_3
[2026-08-21 10:04:01.199 GPU_Scheduler_1] Admitted 1 requests for model_3
[2026-08-21 10:04:01.923 GPU_Scheduler_1] Admitted 1 requests for model_3
[2026-08-21 10:04:03.183 GPU_Scheduler_1] Admitted 1 requests for model_2
[2026-08-21 10:04:03.304 GPU_Scheduler_1] Admitted 1 requests for model_2
[2026-08-21 10:04:03.840 GPU_Scheduler_1] Admitted 1 requests for model_3
[2026-08-21 10:04:04.775 GPU_Scheduler_1] Admitted 1 requests for model_6
[2026-08-21 10:04:04.998 GPU_Scheduler_1] Admitted 1 requests for model_2
[2026-08-21 10:04:05.589 GPU_Scheduler_0] [V5-LOOP] {"iters": 466, "t_mem": 0.00937991333194077, "t_redis": 0.28577091451734304, "t_admit": 0.00411565019749105, "t_send": 0.0005142446607351303, "t_iter": 0.29978072270751, "admitted": 0, "iter_max": 0.0011067688465118408, "gpu_id": 0, "window_s": 5.0010669231414795}
[2026-08-21 10:04:05.914 GPU_Scheduler_1] [V5-LOOP] {"iters": 457, "t_mem": 0.008721960941329598, "t_redis": 0.37725738203153014, "t_admit": 0.005828057415783405, "t_send": 0.006243693409487605, "t_iter": 0.39805109379813075, "admitted": 8, "iter_max": 0.0026370398700237274, "gpu_id": 1, "window_s": 5.007941246032715}
[2026-08-21 10:04:06.032 GPU_Scheduler_1] Admitted 1 requests for model_2
[2026-08-21 10:04:07.295 GPU_Scheduler_1] Admitted 1 requests for model_2
[2026-08-21 10:04:07.392 GPU_Scheduler_1] Admitted 1 requests for model_3
[2026-08-21 10:04:08.209 GPU_Scheduler_1] Admitted 1 requests for model_3
[2026-08-21 10:04:08.637 GPU_Scheduler_1] Admitted 1 requests for model_6
[2026-08-21 10:04:09.035 GPU_Scheduler_1] Admitted 1 requests for model_3
[2026-08-21 10:04:09.304 GPU_Scheduler_1] Admitted 1 requests for model_3
[2026-08-21 10:04:10.240 GPU_Scheduler_1] Admitted 1 requests for model_3
[2026-08-21 10:04:10.423 GPU_Scheduler_1] Admitted 1 requests for model_2
[2026-08-21 10:04:10.593 GPU_Scheduler_0] [V5-LOOP] {"iters": 474, "t_mem": 0.006513603962957859, "t_redis": 0.21215886157006025, "t_admit": 0.002994242124259472, "t_send": 0.0004046021495014429, "t_iter": 0.22207130980677903, "admitted": 0, "iter_max": 0.0010582080576568842, "gpu_id": 0, "window_s": 5.003454685211182}
[2026-08-21 10:04:10.659 GPU_Scheduler_1] Admitted 1 requests for model_3
[2026-08-21 10:04:10.853 GPU_Scheduler_1] Admitted 1 requests for model_3
[2026-08-21 10:04:10.874 GPU_Scheduler_1] Admitted 1 requests for model_2
[2026-08-21 10:04:10.893 GPU_Scheduler_0] Admitted 1 requests for model_5
[2026-08-21 10:04:10.918 GPU_Scheduler_1] [V5-LOOP] {"iters": 466, "t_mem": 0.007031874731183052, "t_redis": 0.286555360769853, "t_admit": 0.0041779212187975645, "t_send": 0.00607206323184073, "t_iter": 0.30383721995167434, "admitted": 12, "iter_max": 0.0016031819395720959, "gpu_id": 1, "window_s": 5.003172159194946}
[2026-08-21 10:04:11.483 GPU_Scheduler_1] Admitted 1 requests for model_3
[2026-08-21 10:04:12.497 GPU_Scheduler_1] Admitted 1 requests for model_3
[2026-08-21 10:04:12.617 GPU_Scheduler_1] Admitted 1 requests for model_6
[2026-08-21 10:04:12.640 GPU_Scheduler_1] Admitted 1 requests for model_2
[2026-08-21 10:04:13.466 GPU_Scheduler_1] Admitted 1 requests for model_2
[2026-08-21 10:04:13.771 GPU_Scheduler_1] Admitted 1 requests for model_2
[2026-08-21 10:04:14.172 GPU_Scheduler_1] Admitted 1 requests for model_3
[2026-08-21 10:04:15.596 GPU_Scheduler_0] [V5-LOOP] {"iters": 467, "t_mem": 0.009071771521121264, "t_redis": 0.277252777479589, "t_admit": 0.0042989610228687525, "t_send": 0.0010908057447522879, "t_iter": 0.2917143157683313, "admitted": 1, "iter_max": 0.0015056510455906391, "gpu_id": 0, "window_s": 5.002771615982056}
[2026-08-21 10:04:15.922 GPU_Scheduler_1] [V5-LOOP] {"iters": 460, "t_mem": 0.008163589984178543, "t_redis": 0.34680264070630074, "t_admit": 0.005041462602093816, "t_send": 0.004410227062180638, "t_iter": 0.36441792035475373, "admitted": 7, "iter_max": 0.00287043210119009, "gpu_id": 1, "window_s": 5.004446268081665}
[2026-08-21 10:04:16.714 GPU_Scheduler_1] Admitted 1 requests for model_3
[2026-08-21 10:04:17.238 GPU_Scheduler_1] Admitted 1 requests for model_2
[2026-08-21 10:04:17.823 GPU_Scheduler_1] Admitted 1 requests for model_6
[2026-08-21 10:04:18.238 GPU_Scheduler_0] Admitted 1 requests for model_5
[2026-08-21 10:04:20.394 GPU_Scheduler_1] Admitted 1 requests for model_3
[2026-08-21 10:04:20.601 GPU_Scheduler_0] [V5-LOOP] {"iters": 466, "t_mem": 0.010771173285320401, "t_redis": 0.28527156659401953, "t_admit": 0.004683083156123757, "t_send": 0.0011823747772723436, "t_iter": 0.30190819781273603, "admitted": 1, "iter_max": 0.001560501055791974, "gpu_id": 0, "window_s": 5.004071235656738}
[2026-08-21 10:04:20.906 GPU_Scheduler_1] Admitted 1 requests for model_6
[2026-08-21 10:04:20.929 GPU_Scheduler_1] [V5-LOOP] {"iters": 461, "t_mem": 0.007533796597272158, "t_redis": 0.34146422054618597, "t_admit": 0.0050592555198818445, "t_send": 0.002995831426233053, "t_iter": 0.357053104089573, "admitted": 5, "iter_max": 0.0019245140720158815, "gpu_id": 1, "window_s": 5.006159543991089}
[2026-08-21 10:04:21.645 GPU_Scheduler_1] Admitted 1 requests for model_2
[2026-08-21 10:04:21.711 GPU_Scheduler_1] Admitted 1 requests for model_2
[2026-08-21 10:04:21.711 GPU_Scheduler_1] Admitted 1 requests for model_6
[2026-08-21 10:04:21.898 GPU_Scheduler_1] Admitted 1 requests for model_6
[2026-08-21 10:04:22.219 GPU_Scheduler_1] Admitted 1 requests for model_6
[2026-08-21 10:04:22.614 GPU_Scheduler_1] Admitted 1 requests for model_3
[2026-08-21 10:04:22.669 GPU_Scheduler_1] Admitted 1 requests for model_2
[2026-08-21 10:04:22.703 GPU_Scheduler_1] Admitted 1 requests for model_2
[2026-08-21 10:04:22.923 GPU_Scheduler_1] Admitted 1 requests for model_6
[2026-08-21 10:04:22.967 GPU_Scheduler_1] Admitted 1 requests for model_6
[2026-08-21 10:04:23.722 GPU_Scheduler_1] Admitted 1 requests for model_3
[2026-08-21 10:04:23.911 GPU_Scheduler_1] Admitted 1 requests for model_3
[2026-08-21 10:04:23.967 GPU_Scheduler_1] Admitted 1 requests for model_2
[2026-08-21 10:04:24.067 GPU_Scheduler_1] Admitted 1 requests for model_2
[2026-08-21 10:04:24.417 GPU_Scheduler_1] Admitted 1 requests for model_2
[2026-08-21 10:04:24.657 GPU_Scheduler_1] Admitted 1 requests for model_3
[2026-08-21 10:04:24.757 GPU_Scheduler_1] Admitted 1 requests for model_2
[2026-08-21 10:04:24.868 GPU_Scheduler_1] Admitted 1 requests for model_3
[2026-08-21 10:04:25.328 GPU_Scheduler_1] Admitted 1 requests for model_3
[2026-08-21 10:04:25.606 GPU_Scheduler_0] [V5-LOOP] {"iters": 463, "t_mem": 0.01302893296815455, "t_redis": 0.3129730480723083, "t_admit": 0.005359519738703966, "t_send": 0.0006639095954596996, "t_iter": 0.3320254103746265, "admitted": 0, "iter_max": 0.0013117501512169838, "gpu_id": 0, "window_s": 5.004771709442139}
[2026-08-21 10:04:25.904 GPU_Scheduler_1] Admitted 1 requests for model_3
[2026-08-21 10:04:25.937 GPU_Scheduler_1] [V5-LOOP] {"iters": 455, "t_mem": 0.012175758834928274, "t_redis": 0.38573903730139136, "t_admit": 0.007548171328380704, "t_send": 0.012449954636394978, "t_iter": 0.4179129221010953, "admitted": 20, "iter_max": 0.0020930960308760405, "gpu_id": 1, "window_s": 5.008232116699219}
[2026-08-21 10:04:26.795 GPU_Scheduler_1] Admitted 1 requests for model_3
[2026-08-21 10:04:27.387 GPU_Scheduler_1] Admitted 1 requests for model_3
[2026-08-21 10:04:27.982 GPU_Scheduler_1] Admitted 1 requests for model_3
[2026-08-21 10:04:28.976 GPU_Scheduler_1] Admitted 1 requests for model_3
[2026-08-21 10:04:29.287 GPU_Scheduler_1] Admitted 1 requests for model_3
[2026-08-21 10:04:30.471 GPU_Scheduler_1] Admitted 1 requests for model_3
[2026-08-21 10:04:30.604 GPU_Scheduler_1] Admitted 1 requests for model_3
[2026-08-21 10:04:30.613 GPU_Scheduler_0] [V5-LOOP] {"iters": 468, "t_mem": 0.010495939524844289, "t_redis": 0.26801061164587736, "t_admit": 0.004543597577139735, "t_send": 0.0005344923119992018, "t_iter": 0.2835846410598606, "admitted": 0, "iter_max": 0.00120714888907969, "gpu_id": 0, "window_s": 5.0060248374938965}
[2026-08-21 10:04:30.757 GPU_Scheduler_1] Admitted 1 requests for model_3
[2026-08-21 10:04:30.944 GPU_Scheduler_1] [V5-LOOP] {"iters": 454, "t_mem": 0.012192339403554797, "t_redis": 0.39963682694360614, "t_admit": 0.0071944117080420256, "t_send": 0.00602487800642848, "t_iter": 0.42504845606163144, "admitted": 8, "iter_max": 0.002047905931249261, "gpu_id": 1, "window_s": 5.006176233291626}
[2026-08-21 10:04:31.369 GPU_Scheduler_1] Admitted 1 requests for model_3
[2026-08-21 10:04:32.063 GPU_Scheduler_0] Received deactivate request for model model_4
[2026-08-21 10:04:32.063 GPU_Scheduler_0] Received deactivate request for model_4, model_states: {'model_1': 'deactivated', 'model_2': 'deactivated', 'model_3': 'deactivated', 'model_4': 'deactivating', 'model_5': 'activated', 'model_6': 'deactivated'}
[2026-08-21 10:04:32.063 GPU_Scheduler_0] Release worker 3 from model model_4. Current model_to_worker: {'model_5': 2}
[2026-08-21 10:04:32.519 GPU_Scheduler_1] Admitted 1 requests for model_6
[2026-08-21 10:04:32.669 GPU_Scheduler_0] Model model_4 (instance 0) deactivation succeeded on GPU 0
[2026-08-21 10:04:34.135 GPU_Scheduler_1] Admitted 1 requests for model_3
[2026-08-21 10:04:34.355 GPU_Scheduler_1] Admitted 1 requests for model_3
[2026-08-21 10:04:35.096 GPU_Scheduler_1] Admitted 1 requests for model_3
[2026-08-21 10:04:35.185 GPU_Scheduler_1] Admitted 1 requests for model_3
[2026-08-21 10:04:35.440 GPU_Scheduler_1] Admitted 1 requests for model_6
[2026-08-21 10:04:35.616 GPU_Scheduler_0] [V5-LOOP] {"iters": 475, "t_mem": 0.009148875018581748, "t_redis": 0.19654740137048066, "t_admit": 0.004114975919947028, "t_send": 0.000543853035196662, "t_iter": 0.2103551053442061, "admitted": 0, "iter_max": 0.0010741380974650383, "gpu_id": 0, "window_s": 5.003317356109619}
[2026-08-21 10:04:35.947 GPU_Scheduler_1] [V5-LOOP] {"iters": 455, "t_mem": 0.010854657739400864, "t_redis": 0.39164387667551637, "t_admit": 0.0059845931828022, "t_send": 0.005060598021373153, "t_iter": 0.4135437256190926, "admitted": 7, "iter_max": 0.0019213538616895676, "gpu_id": 1, "window_s": 5.002999782562256}
[2026-08-21 10:04:36.297 GPU_Scheduler_1] Admitted 1 requests for model_3
[2026-08-21 10:04:36.732 GPU_Scheduler_0] Admitted 1 requests for model_5
[2026-08-21 10:04:36.781 GPU_Scheduler_1] Admitted 1 requests for model_3
[2026-08-21 10:04:37.069 GPU_Scheduler_1] Admitted 1 requests for model_3
[2026-08-21 10:04:37.507 GPU_Scheduler_1] Admitted 1 requests for model_3
[2026-08-21 10:04:37.844 GPU_Scheduler_1] Admitted 1 requests for model_3
[2026-08-21 10:04:38.077 GPU_Scheduler_1] Admitted 1 requests for model_3
[2026-08-21 10:04:38.198 GPU_Scheduler_1] Admitted 1 requests for model_3
[2026-08-21 10:04:38.527 GPU_Scheduler_1] Admitted 1 requests for model_3
[2026-08-21 10:04:38.779 GPU_Scheduler_1] Admitted 1 requests for model_3
[2026-08-21 10:04:40.548 GPU_Scheduler_1] Admitted 1 requests for model_3
[2026-08-21 10:04:40.617 GPU_Scheduler_0] [V5-LOOP] {"iters": 483, "t_mem": 0.008984934771433473, "t_redis": 0.11377439415082335, "t_admit": 0.003724130801856518, "t_send": 0.0009689477737993002, "t_iter": 0.12745240749791265, "admitted": 1, "iter_max": 0.0009253271855413914, "gpu_id": 0, "window_s": 5.000284194946289}
[2026-08-21 10:04:40.954 GPU_Scheduler_1] [V5-LOOP] {"iters": 454, "t_mem": 0.01060346351005137, "t_redis": 0.40320386667735875, "t_admit": 0.006072432966902852, "t_send": 0.006498469039797783, "t_iter": 0.42637823219411075, "admitted": 10, "iter_max": 0.0019762651063501835, "gpu_id": 1, "window_s": 5.006394863128662}
[2026-08-21 10:04:43.681 GPU_Scheduler_1] Admitted 1 requests for model_2
[2026-08-21 10:04:44.457 GPU_Scheduler_1] Admitted 1 requests for model_6
[2026-08-21 10:04:45.104 GPU_Scheduler_1] Admitted 1 requests for model_3
[2026-08-21 10:04:45.489 GPU_Scheduler_1] Admitted 1 requests for model_3
[2026-08-21 10:04:45.621 GPU_Scheduler_0] [V5-LOOP] {"iters": 484, "t_mem": 0.008386731846258044, "t_redis": 0.10938166826963425, "t_admit": 0.0032708528451621532, "t_send": 0.00039761094376444817, "t_iter": 0.12143686390481889, "admitted": 0, "iter_max": 0.0004440629854798317, "gpu_id": 0, "window_s": 5.003460884094238}
[2026-08-21 10:04:45.731 GPU_Scheduler_1] Admitted 1 requests for model_2
[2026-08-21 10:04:45.962 GPU_Scheduler_1] [V5-LOOP] {"iters": 456, "t_mem": 0.011680776020511985, "t_redis": 0.3866250670980662, "t_admit": 0.006066628033295274, "t_send": 0.004035558085888624, "t_iter": 0.4084080292377621, "admitted": 5, "iter_max": 0.002073545940220356, "gpu_id": 1, "window_s": 5.008174180984497}
[2026-08-21 10:04:46.232 GPU_Scheduler_0] Admitted 1 requests for model_5
[2026-08-21 10:04:46.315 GPU_Scheduler_0] Admitted 1 requests for model_5
[2026-08-21 10:04:46.780 GPU_Scheduler_0] Admitted 1 requests for model_5
[2026-08-21 10:04:46.874 GPU_Scheduler_0] Admitted 1 requests for model_5
[2026-08-21 10:04:46.884 GPU_Scheduler_0] Admitted 1 requests for model_5
[2026-08-21 10:04:47.060 GPU_Scheduler_0] Admitted 1 requests for model_5
[2026-08-21 10:04:47.163 GPU_Scheduler_1] Admitted 1 requests for model_6
[2026-08-21 10:04:47.320 GPU_Scheduler_1] Admitted 1 requests for model_6
[2026-08-21 10:04:49.205 GPU_Scheduler_1] Admitted 1 requests for model_6
[2026-08-21 10:04:49.426 GPU_Scheduler_0] Admitted 1 requests for model_5
[2026-08-21 10:04:50.364 GPU_Scheduler_0] Admitted 1 requests for model_5
[2026-08-21 10:04:50.622 GPU_Scheduler_0] [V5-LOOP] {"iters": 483, "t_mem": 0.008449370274320245, "t_redis": 0.11171357613056898, "t_admit": 0.0041093481704592705, "t_send": 0.003748686518520117, "t_iter": 0.1280209810938686, "admitted": 8, "iter_max": 0.0009308469016104937, "gpu_id": 0, "window_s": 5.001079320907593}
[2026-08-21 10:04:50.973 GPU_Scheduler_1] [V5-LOOP] {"iters": 454, "t_mem": 0.01292462763376534, "t_redis": 0.4087970245163888, "t_admit": 0.00584931205958128, "t_send": 0.003156382590532303, "t_iter": 0.4307273468002677, "admitted": 3, "iter_max": 0.00465663499198854, "gpu_id": 1, "window_s": 5.009994745254517}
[2026-08-21 10:04:51.056 GPU_Scheduler_0] Admitted 1 requests for model_5
[2026-08-21 10:04:51.691 GPU_Scheduler_1] Admitted 1 requests for model_6
[2026-08-21 10:04:53.858 GPU_Scheduler_1] Admitted 1 requests for model_6
[2026-08-21 10:04:53.895 GPU_Scheduler_0] Admitted 1 requests for model_5
[2026-08-21 10:04:54.209 GPU_Scheduler_1] Admitted 1 requests for model_2
[2026-08-21 10:04:54.664 GPU_Scheduler_0] Admitted 1 requests for model_5
[2026-08-21 10:04:55.123 GPU_Scheduler_1] Admitted 1 requests for model_2
[2026-08-21 10:04:55.630 GPU_Scheduler_0] [V5-LOOP] {"iters": 481, "t_mem": 0.009705745847895741, "t_redis": 0.13773602480068803, "t_admit": 0.004407880827784538, "t_send": 0.0019604270346462727, "t_iter": 0.15381007851101458, "admitted": 3, "iter_max": 0.0013310799840837717, "gpu_id": 0, "window_s": 5.008158445358276}
[2026-08-21 10:04:55.858 GPU_Scheduler_1] Admitted 1 requests for model_6
[2026-08-21 10:04:55.979 GPU_Scheduler_1] [V5-LOOP] {"iters": 458, "t_mem": 0.011441948590800166, "t_redis": 0.3650354319252074, "t_admit": 0.006061156280338764, "t_send": 0.0032864937093108892, "t_iter": 0.3858250305056572, "admitted": 5, "iter_max": 0.0033062549773603678, "gpu_id": 1, "window_s": 5.006505250930786}
[2026-08-21 10:04:56.585 GPU_Scheduler_1] Admitted 1 requests for model_3
[2026-08-21 10:04:56.658 GPU_Scheduler_0] Admitted 1 requests for model_5
[2026-08-21 10:04:57.265 GPU_Scheduler_0] Admitted 1 requests for model_5
[2026-08-21 10:04:57.297 GPU_Scheduler_1] Admitted 1 requests for model_3
[2026-08-21 10:04:57.401 GPU_Scheduler_0] Admitted 1 requests for model_5
[2026-08-21 10:04:57.507 GPU_Scheduler_0] Admitted 1 requests for model_5
[2026-08-21 10:04:57.560 GPU_Scheduler_0] Admitted 1 requests for model_5
[2026-08-21 10:04:57.645 GPU_Scheduler_0] Admitted 1 requests for model_5
[2026-08-21 10:04:57.874 GPU_Scheduler_1] Admitted 1 requests for model_6
[2026-08-21 10:04:58.256 GPU_Scheduler_1] Admitted 1 requests for model_6
[2026-08-21 10:04:58.999 GPU_Scheduler_1] Admitted 1 requests for model_6
[2026-08-21 10:04:59.871 GPU_Scheduler_1] Admitted 1 requests for model_3
[2026-08-21 10:05:00.554 GPU_Scheduler_1] Admitted 1 requests for model_6
[2026-08-21 10:05:00.621 GPU_Scheduler_1] Admitted 1 requests for model_6
[2026-08-21 10:05:00.640 GPU_Scheduler_0] [V5-LOOP] {"iters": 478, "t_mem": 0.00997914932668209, "t_redis": 0.16573872487060726, "t_admit": 0.005143645917996764, "t_send": 0.0036655862350016832, "t_iter": 0.1845271063502878, "admitted": 6, "iter_max": 0.0013213311322033405, "gpu_id": 0, "window_s": 5.008984804153442}
[2026-08-21 10:05:00.753 GPU_Scheduler_1] Admitted 1 requests for model_3
[2026-08-21 10:05:00.985 GPU_Scheduler_1] [V5-LOOP] {"iters": 453, "t_mem": 0.013946988619863987, "t_redis": 0.4061771440319717, "t_admit": 0.007243999280035496, "t_send": 0.006393547635525465, "t_iter": 0.43376167956739664, "admitted": 9, "iter_max": 0.002122956793755293, "gpu_id": 1, "window_s": 5.004936456680298}
[2026-08-21 10:05:02.190 GPU_Scheduler_0] Admitted 1 requests for model_5
[2026-08-21 10:05:02.982 GPU_Scheduler_0] Admitted 1 requests for model_5
[2026-08-21 10:05:03.128 GPU_Scheduler_0] Admitted 1 requests for model_5
[2026-08-21 10:05:03.761 GPU_Scheduler_0] Admitted 1 requests for model_5
[2026-08-21 10:05:03.825 GPU_Scheduler_0] Admitted 1 requests for model_5
[2026-08-21 10:05:04.197 GPU_Scheduler_1] Admitted 1 requests for model_6
[2026-08-21 10:05:04.653 GPU_Scheduler_1] Admitted 1 requests for model_6
[2026-08-21 10:05:05.506 GPU_Scheduler_0] Admitted 1 requests for model_5
[2026-08-21 10:05:05.643 GPU_Scheduler_0] [V5-LOOP] {"iters": 477, "t_mem": 0.010808645514771342, "t_redis": 0.16798173496499658, "t_admit": 0.005637128837406635, "t_send": 0.003817211603745818, "t_iter": 0.18824472092092037, "admitted": 6, "iter_max": 0.0014513109344989061, "gpu_id": 0, "window_s": 5.003004550933838}
[2026-08-21 10:05:05.688 GPU_Scheduler_1] Admitted 1 requests for model_6
[2026-08-21 10:05:05.985 GPU_Scheduler_1] [V5-LOOP] {"iters": 453, "t_mem": 0.011762965004891157, "t_redis": 0.40814742143265903, "t_admit": 0.005870347144082189, "t_send": 0.0023554780054837465, "t_iter": 0.4281362115871161, "admitted": 3, "iter_max": 0.0023422380909323692, "gpu_id": 1, "window_s": 5.000329971313477}
[2026-08-21 10:05:06.703 GPU_Scheduler_1] Admitted 1 requests for model_6
[2026-08-21 10:05:06.990 GPU_Scheduler_1] Admitted 1 requests for model_6
[2026-08-21 10:05:07.470 GPU_Scheduler_0] Admitted 1 requests for model_5
[2026-08-21 10:05:07.620 GPU_Scheduler_1] Admitted 1 requests for model_6
[2026-08-21 10:05:08.458 GPU_Scheduler_1] Admitted 1 requests for model_6
[2026-08-21 10:05:08.579 GPU_Scheduler_1] Admitted 1 requests for model_6
[2026-08-21 10:05:08.850 GPU_Scheduler_1] Admitted 1 requests for model_6
[2026-08-21 10:05:08.873 GPU_Scheduler_1] Admitted 1 requests for model_6
[2026-08-21 10:05:08.884 GPU_Scheduler_1] Admitted 1 requests for model_3
[2026-08-21 10:05:09.006 GPU_Scheduler_0] Admitted 1 requests for model_5
[2026-08-21 10:05:10.625 GPU_Scheduler_0] Admitted 1 requests for model_5
[2026-08-21 10:05:10.647 GPU_Scheduler_0] [V5-LOOP] {"iters": 479, "t_mem": 0.009335445007309318, "t_redis": 0.15404167980886996, "t_admit": 0.0050467196851968765, "t_send": 0.0024174582213163376, "t_iter": 0.1708413027226925, "admitted": 3, "iter_max": 0.0013121399097144604, "gpu_id": 0, "window_s": 5.003792762756348}
[2026-08-21 10:05:10.991 GPU_Scheduler_1] [V5-LOOP] {"iters": 458, "t_mem": 0.009284954750910401, "t_redis": 0.3658108436502516, "t_admit": 0.004969903500750661, "t_send": 0.00474697700701654, "t_iter": 0.38481267890892923, "admitted": 8, "iter_max": 0.0018660540226846933, "gpu_id": 1, "window_s": 5.0051233768463135}
[2026-08-21 10:05:11.201 GPU_Scheduler_1] Admitted 1 requests for model_6
[2026-08-21 10:05:11.343 GPU_Scheduler_0] Admitted 1 requests for model_5
[2026-08-21 10:05:11.722 GPU_Scheduler_1] Admitted 1 requests for model_2
[2026-08-21 10:05:11.766 GPU_Scheduler_1] Admitted 1 requests for model_6
[2026-08-21 10:05:13.260 GPU_Scheduler_0] Admitted 1 requests for model_5
[2026-08-21 10:05:13.322 GPU_Scheduler_1] Admitted 1 requests for model_6
[2026-08-21 10:05:13.710 GPU_Scheduler_1] Admitted 1 requests for model_6
[2026-08-21 10:05:14.414 GPU_Scheduler_0] Admitted 1 requests for model_5
[2026-08-21 10:05:14.710 GPU_Scheduler_0] Admitted 1 requests for model_5
[2026-08-21 10:05:15.459 GPU_Scheduler_1] Admitted 1 requests for model_6
[2026-08-21 10:05:15.474 GPU_Scheduler_0] Admitted 1 requests for model_5
[2026-08-21 10:05:15.505 GPU_Scheduler_1] Admitted 1 requests for model_6
[2026-08-21 10:05:15.528 GPU_Scheduler_1] Admitted 1 requests for model_6
[2026-08-21 10:05:15.651 GPU_Scheduler_0] [V5-LOOP] {"iters": 476, "t_mem": 0.009527809219434857, "t_redis": 0.18295406829565763, "t_admit": 0.0053686576429754496, "t_send": 0.0032582886051386595, "t_iter": 0.2011088237632066, "admitted": 5, "iter_max": 0.025348223047330976, "gpu_id": 0, "window_s": 5.00394606590271}
[2026-08-21 10:05:15.998 GPU_Scheduler_1] [V5-LOOP] {"iters": 453, "t_mem": 0.010357454651966691, "t_redis": 0.4151644273661077, "t_admit": 0.005458602448925376, "t_send": 0.005688140634447336, "t_iter": 0.4366686251014471, "admitted": 8, "iter_max": 0.0258023280184716, "gpu_id": 1, "window_s": 5.00707483291626}
[2026-08-21 10:05:16.031 GPU_Scheduler_1] Admitted 1 requests for model_6
[2026-08-21 10:05:16.058 GPU_Scheduler_0] Admitted 1 requests for model_5
[2026-08-21 10:05:18.676 GPU_Scheduler_1] Admitted 1 requests for model_6
[2026-08-21 10:05:18.727 GPU_Scheduler_0] Admitted 1 requests for model_5
[2026-08-21 10:05:19.107 GPU_Scheduler_0] Admitted 1 requests for model_5
[2026-08-21 10:05:19.471 GPU_Scheduler_1] Admitted 1 requests for model_6
[2026-08-21 10:05:19.625 GPU_Scheduler_1] Admitted 1 requests for model_6
[2026-08-21 10:05:19.633 GPU_Scheduler_0] Admitted 1 requests for model_5
[2026-08-21 10:05:19.917 GPU_Scheduler_0] Admitted 1 requests for model_5
[2026-08-21 10:05:20.658 GPU_Scheduler_0] [V5-LOOP] {"iters": 479, "t_mem": 0.009187079966068268, "t_redis": 0.15602120594121516, "t_admit": 0.004886660957708955, "t_send": 0.004068573005497456, "t_iter": 0.17416351987048984, "admitted": 5, "iter_max": 0.002157977083697915, "gpu_id": 0, "window_s": 5.006468772888184}
[2026-08-21 10:05:20.919 GPU_Scheduler_1] Admitted 1 requests for model_2
[2026-08-21 10:05:20.950 GPU_Scheduler_0] Admitted 1 requests for model_5
[2026-08-21 10:05:21.006 GPU_Scheduler_1] [V5-LOOP] {"iters": 457, "t_mem": 0.009487935109063983, "t_redis": 0.3808715767227113, "t_admit": 0.005605664104223251, "t_send": 0.003461436601355672, "t_iter": 0.39942661253735423, "admitted": 5, "iter_max": 0.0019618049263954163, "gpu_id": 1, "window_s": 5.0080342292785645}
[2026-08-21 10:05:21.050 GPU_Scheduler_1] Admitted 1 requests for model_3
[2026-08-21 10:05:21.138 GPU_Scheduler_0] Admitted 1 requests for model_5
[2026-08-21 10:05:21.170 GPU_Scheduler_0] Admitted 1 requests for model_5
[2026-08-21 10:05:21.807 GPU_Scheduler_0] Admitted 1 requests for model_5
[2026-08-21 10:05:22.018 GPU_Scheduler_0] Admitted 1 requests for model_5
[2026-08-21 10:05:22.540 GPU_Scheduler_0] Admitted 1 requests for model_5
[2026-08-21 10:05:22.900 GPU_Scheduler_1] Admitted 1 requests for model_6
[2026-08-21 10:05:22.922 GPU_Scheduler_1] Admitted 1 requests for model_6
[2026-08-21 10:05:23.447 GPU_Scheduler_0] Admitted 1 requests for model_5
[2026-08-21 10:05:24.030 GPU_Scheduler_1] Admitted 1 requests for model_6
[2026-08-21 10:05:24.365 GPU_Scheduler_0] Admitted 1 requests for model_5
[2026-08-21 10:05:24.396 GPU_Scheduler_0] Admitted 1 requests for model_5
[2026-08-21 10:05:25.605 GPU_Scheduler_0] Admitted 1 requests for model_5
[2026-08-21 10:05:25.659 GPU_Scheduler_0] [V5-LOOP] {"iters": 479, "t_mem": 0.007913538720458746, "t_redis": 0.15023520938120782, "t_admit": 0.0050447918474674225, "t_send": 0.005471799988299608, "t_iter": 0.1686653399374336, "admitted": 10, "iter_max": 0.0012127489317208529, "gpu_id": 0, "window_s": 5.000376462936401}
[2026-08-21 10:05:26.008 GPU_Scheduler_1] [V5-LOOP] {"iters": 459, "t_mem": 0.008468137821182609, "t_redis": 0.3562843259423971, "t_admit": 0.004457603674381971, "t_send": 0.002448407933115959, "t_iter": 0.37165847537107766, "admitted": 4, "iter_max": 0.001645093085244298, "gpu_id": 1, "window_s": 5.000927209854126}
[2026-08-21 10:05:26.665 GPU_Scheduler_1] Admitted 1 requests for model_6
[2026-08-21 10:05:26.742 GPU_Scheduler_1] Admitted 1 requests for model_6
[2026-08-21 10:05:27.618 GPU_Scheduler_1] Admitted 1 requests for model_6
[2026-08-21 10:05:27.977 GPU_Scheduler_0] Admitted 1 requests for model_5
[2026-08-21 10:05:30.160 GPU_Scheduler_1] Admitted 1 requests for model_6
[2026-08-21 10:05:30.669 GPU_Scheduler_0] [V5-LOOP] {"iters": 476, "t_mem": 0.010603777365759015, "t_redis": 0.18861129600554705, "t_admit": 0.004805983742699027, "t_send": 0.0015386545564979315, "t_iter": 0.20555971167050302, "admitted": 1, "iter_max": 0.001680203014984727, "gpu_id": 0, "window_s": 5.0103919506073}
[2026-08-21 10:05:31.012 GPU_Scheduler_1] [V5-LOOP] {"iters": 458, "t_mem": 0.010296079330146313, "t_redis": 0.36634616809897125, "t_admit": 0.005101145012304187, "t_send": 0.0029752037953585386, "t_iter": 0.3847185962367803, "admitted": 4, "iter_max": 0.0022546271793544292, "gpu_id": 1, "window_s": 5.004411935806274}
[2026-08-21 10:05:31.433 GPU_Scheduler_1] Admitted 1 requests for model_6
[2026-08-21 10:05:31.881 GPU_Scheduler_1] Admitted 1 requests for model_6
[2026-08-21 10:05:32.503 GPU_Scheduler_1] Received activate request for model model_1
[2026-08-21 10:05:32.503 GPU_Scheduler_1] Received activate request for model_1, model_states: {'model_1': 'activating', 'model_2': 'activated', 'model_3': 'activated', 'model_4': 'deactivated', 'model_5': 'deactivated', 'model_6': 'activated'}
[2026-08-21 10:05:32.504 GPU_Scheduler_1] Assign worker 1 to model_1. Current model_to_worker: {'model_6': 0, 'model_2': 2, 'model_3': 3, 'model_1': 1}
[2026-08-21 10:05:32.510 GPU_Scheduler_1] Admitted 1 requests for model_1
[2026-08-21 10:05:32.724 GPU_Scheduler_0] Admitted 1 requests for model_5
[2026-08-21 10:05:33.015 GPU_Scheduler_1] Admitted 1 requests for model_6
[2026-08-21 10:05:34.423 GPU_Scheduler_1] Model model_1 (instance 1) activation succeeded on GPU 1
[2026-08-21 10:05:34.427 GPU_Scheduler_0] Received activate request for model model_4
[2026-08-21 10:05:34.428 GPU_Scheduler_0] Received activate request for model_4, model_states: {'model_1': 'deactivated', 'model_2': 'deactivated', 'model_3': 'deactivated', 'model_4': 'activating', 'model_5': 'activated', 'model_6': 'deactivated'}
[2026-08-21 10:05:34.428 GPU_Scheduler_0] Assign worker 1 to model_4. Current model_to_worker: {'model_5': 2, 'model_4': 1}
[2026-08-21 10:05:34.430 GPU_Scheduler_0] Admitted 3 requests for model_4
[2026-08-21 10:05:34.757 GPU_Scheduler_0] Admitted 1 requests for model_5
[2026-08-21 10:05:35.676 GPU_Scheduler_0] [V5-LOOP] {"iters": 473, "t_mem": 0.010895999614149332, "t_redis": 0.21242219815030694, "t_admit": 0.005575317423790693, "t_send": 0.0032708230428397655, "t_iter": 0.23216433823108673, "admitted": 5, "iter_max": 0.0031527241226285696, "gpu_id": 0, "window_s": 5.006036043167114}
[2026-08-21 10:05:35.676 GPU_Scheduler_0] Model model_4 (instance 0) activation succeeded on GPU 0
[2026-08-21 10:05:36.018 GPU_Scheduler_1] [V5-LOOP] {"iters": 456, "t_mem": 0.008837053319439292, "t_redis": 0.39028292428702116, "t_admit": 0.004519207635894418, "t_send": 0.002601256361231208, "t_iter": 0.4062404416035861, "admitted": 4, "iter_max": 0.002288737101480365, "gpu_id": 1, "window_s": 5.004942178726196}
[2026-08-21 10:05:36.029 GPU_Scheduler_0] Admitted 1 requests for model_4
[2026-08-21 10:05:37.456 GPU_Scheduler_1] Admitted 1 requests for model_1
[2026-08-21 10:05:37.663 GPU_Scheduler_1] Admitted 1 requests for model_6
[2026-08-21 10:05:37.957 GPU_Scheduler_1] Admitted 1 requests for model_1
[2026-08-21 10:05:38.902 GPU_Scheduler_0] Admitted 1 requests for model_4
[2026-08-21 10:05:39.041 GPU_Scheduler_1] Admitted 1 requests for model_6
[2026-08-21 10:05:39.266 GPU_Scheduler_1] Admitted 1 requests for model_1
[2026-08-21 10:05:39.589 GPU_Scheduler_1] Admitted 1 requests for model_6
[2026-08-21 10:05:39.921 GPU_Scheduler_0] Admitted 1 requests for model_4
[2026-08-21 10:05:40.677 GPU_Scheduler_0] [V5-LOOP] {"iters": 472, "t_mem": 0.006920072715729475, "t_redis": 0.22811818914487958, "t_admit": 0.0036966546904295683, "t_send": 0.0017517141532152891, "t_iter": 0.2404866307042539, "admitted": 3, "iter_max": 0.002074826043099165, "gpu_id": 0, "window_s": 5.000562429428101}
[2026-08-21 10:05:41.028 GPU_Scheduler_1] [V5-LOOP] {"iters": 453, "t_mem": 0.008839742979034781, "t_redis": 0.42257811804302037, "t_admit": 0.005059180315583944, "t_send": 0.0035803369246423244, "t_iter": 0.4400573782622814, "admitted": 6, "iter_max": 0.002512189093977213, "gpu_id": 1, "window_s": 5.010276556015015}
[2026-08-21 10:05:41.040 GPU_Scheduler_1] Admitted 1 requests for model_1
[2026-08-21 10:05:41.040 GPU_Scheduler_1] Admitted 1 requests for model_6
[2026-08-21 10:05:41.730 GPU_Scheduler_1] Admitted 1 requests for model_6
[2026-08-21 10:05:41.930 GPU_Scheduler_1] Admitted 1 requests for model_6
[2026-08-21 10:05:42.686 GPU_Scheduler_1] Admitted 1 requests for model_6
[2026-08-21 10:05:43.268 GPU_Scheduler_1] Admitted 1 requests for model_1
[2026-08-21 10:05:44.017 GPU_Scheduler_1] Admitted 1 requests for model_1
[2026-08-21 10:05:44.052 GPU_Scheduler_1] Admitted 1 requests for model_1
[2026-08-21 10:05:44.311 GPU_Scheduler_1] Admitted 1 requests for model_6
[2026-08-21 10:05:44.434 GPU_Scheduler_1] Admitted 1 requests for model_1
[2026-08-21 10:05:45.167 GPU_Scheduler_1] Admitted 1 requests for model_6
[2026-08-21 10:05:45.223 GPU_Scheduler_1] Admitted 1 requests for model_1
[2026-08-21 10:05:45.685 GPU_Scheduler_0] [V5-LOOP] {"iters": 477, "t_mem": 0.006810275139287114, "t_redis": 0.18724395614117384, "t_admit": 0.002868876326829195, "t_send": 0.0003942821640521288, "t_iter": 0.19731738977134228, "admitted": 0, "iter_max": 0.0006403250154107809, "gpu_id": 0, "window_s": 5.007565498352051}
[2026-08-21 10:05:46.034 GPU_Scheduler_1] [V5-LOOP] {"iters": 447, "t_mem": 0.00829448108561337, "t_redis": 0.4755967690143734, "t_admit": 0.005598155781626701, "t_send": 0.0070514557883143425, "t_iter": 0.49654086166992784, "admitted": 12, "iter_max": 0.0023393179289996624, "gpu_id": 1, "window_s": 5.004899978637695}
[2026-08-21 10:05:46.057 GPU_Scheduler_1] Admitted 1 requests for model_6
[2026-08-21 10:05:46.562 GPU_Scheduler_1] Admitted 1 requests for model_6
[2026-08-21 10:05:46.618 GPU_Scheduler_1] Admitted 1 requests for model_1
[2026-08-21 10:05:46.908 GPU_Scheduler_0] Admitted 1 requests for model_4
[2026-08-21 10:05:46.912 GPU_Scheduler_1] Admitted 1 requests for model_6
[2026-08-21 10:05:48.124 GPU_Scheduler_1] Admitted 1 requests for model_6
[2026-08-21 10:05:48.416 GPU_Scheduler_1] Admitted 1 requests for model_1
[2026-08-21 10:05:48.551 GPU_Scheduler_1] Admitted 1 requests for model_6
[2026-08-21 10:05:49.233 GPU_Scheduler_1] Admitted 1 requests for model_6
[2026-08-21 10:05:49.777 GPU_Scheduler_1] Admitted 1 requests for model_1
[2026-08-21 10:05:50.695 GPU_Scheduler_0] [V5-LOOP] {"iters": 477, "t_mem": 0.0067032810766249895, "t_redis": 0.18967526243068278, "t_admit": 0.002956666052341461, "t_send": 0.0007515144534409046, "t_iter": 0.20008672401309013, "admitted": 1, "iter_max": 0.0010274681262671947, "gpu_id": 0, "window_s": 5.009876012802124}
[2026-08-21 10:05:51.045 GPU_Scheduler_1] [V5-LOOP] {"iters": 448, "t_mem": 0.007857375778257847, "t_redis": 0.47363744932226837, "t_admit": 0.0050801560282707214, "t_send": 0.0053804493509233, "t_iter": 0.49195543047972023, "admitted": 9, "iter_max": 0.002164436038583517, "gpu_id": 1, "window_s": 5.0105743408203125}
[2026-08-21 10:05:51.123 GPU_Scheduler_1] Admitted 1 requests for model_1
[2026-08-21 10:05:53.583 GPU_Scheduler_1] Admitted 1 requests for model_6
[2026-08-21 10:05:53.674 GPU_Scheduler_1] Admitted 1 requests for model_6
[2026-08-21 10:05:54.607 GPU_Scheduler_1] Admitted 1 requests for model_6
[2026-08-21 10:05:55.703 GPU_Scheduler_0] [V5-LOOP] {"iters": 474, "t_mem": 0.007418271386995912, "t_redis": 0.21595177380368114, "t_admit": 0.0031366683542728424, "t_send": 0.0004287324845790863, "t_iter": 0.22693544602952898, "admitted": 0, "iter_max": 0.0010512080043554306, "gpu_id": 0, "window_s": 5.007429838180542}
[2026-08-21 10:05:56.046 GPU_Scheduler_1] [V5-LOOP] {"iters": 445, "t_mem": 0.008576086023822427, "t_redis": 0.49523576768115163, "t_admit": 0.004792373860254884, "t_send": 0.003175013232976198, "t_iter": 0.5117792407982051, "admitted": 4, "iter_max": 0.002425708109512925, "gpu_id": 1, "window_s": 5.001322031021118}
[2026-08-21 10:06:00.709 GPU_Scheduler_0] [V5-LOOP] {"iters": 462, "t_mem": 0.009542423766106367, "t_redis": 0.3288277452811599, "t_admit": 0.004512666491791606, "t_send": 0.0005993975792080164, "t_iter": 0.34348223311826587, "admitted": 0, "iter_max": 0.0013412500265985727, "gpu_id": 0, "window_s": 5.005672216415405}
[2026-08-21 10:06:01.047 GPU_Scheduler_1] [V5-LOOP] {"iters": 437, "t_mem": 0.009783444926142693, "t_redis": 0.5752126025035977, "t_admit": 0.0044474368914961815, "t_send": 0.0005535082891583443, "t_iter": 0.589996992610395, "admitted": 0, "iter_max": 0.002354698022827506, "gpu_id": 1, "window_s": 5.000281095504761}
