[2026-08-21 17:03:44.732 GPU_Scheduler_0] starting GPU scheduler for GPU 0
[2026-08-21 17:03:44.733 GPU_Scheduler_0] [PAPER-ALG2] enabled=True prefill_speed_entries=6 log=/workspace/prism-merge/exp/results/final-overlap-pipeline/correctness-gate/bursty_r8_s99_attempt5/server-logs/server.log.alg2_gpu0.jsonl
[2026-08-21 17:03:44.735 GPU_Scheduler_0] Model states init: {'model_1': 'deactivated', 'model_2': 'deactivated', 'model_3': 'deactivated', 'model_4': 'deactivated', 'model_5': 'deactivated', 'model_6': 'deactivated'}
[2026-08-21 17:03:44.735 GPU_Scheduler_0] [PAPER-TP] WorkerPool gpu=0 owned=[0, 1, 2, 3] shadow=[] {0: 1, 1: 1, 2: 1, 3: 1}
[2026-08-21 17:03:45.633 GPU_Scheduler_0] Assign worker 0 to model_1. Current model_to_worker: {'model_1': 0}
[2026-08-21 17:03:45.633 GPU_Scheduler_0] Assign worker 1 to model_4. Current model_to_worker: {'model_1': 0, 'model_4': 1}
[2026-08-21 17:03:45.633 GPU_Scheduler_0] Assign worker 2 to model_5. Current model_to_worker: {'model_1': 0, 'model_4': 1, 'model_5': 2}
[2026-08-21 17:03:45.635 GPU_Scheduler_0] Waiting for models to be activated: {'model_1': 'activating', 'model_2': 'deactivated', 'model_3': 'deactivated', 'model_4': 'activating', 'model_5': 'activating', 'model_6': 'deactivated'}
[2026-08-21 17:03:45.646 GPU_Scheduler_0] Waiting for models to be activated: {'model_1': 'activating', 'model_2': 'deactivated', 'model_3': 'deactivated', 'model_4': 'activating', 'model_5': 'activating', 'model_6': 'deactivated'}
[2026-08-21 17:03:45.656 GPU_Scheduler_0] Waiting for models to be activated: {'model_1': 'activating', 'model_2': 'deactivated', 'model_3': 'deactivated', 'model_4': 'activating', 'model_5': 'activating', 'model_6': 'deactivated'}
[2026-08-21 17:03:45.667 GPU_Scheduler_0] Waiting for models to be activated: {'model_1': 'activating', 'model_2': 'deactivated', 'model_3': 'deactivated', 'model_4': 'activating', 'model_5': 'activating', 'model_6': 'deactivated'}
[2026-08-21 17:03:45.677 GPU_Scheduler_0] Waiting for models to be activated: {'model_1': 'activating', 'model_2': 'deactivated', 'model_3': 'deactivated', 'model_4': 'activating', 'model_5': 'activating', 'model_6': 'deactivated'}
[2026-08-21 17:03:45.688 GPU_Scheduler_0] Waiting for models to be activated: {'model_1': 'activating', 'model_2': 'deactivated', 'model_3': 'deactivated', 'model_4': 'activating', 'model_5': 'activating', 'model_6': 'deactivated'}
[2026-08-21 17:03:45.698 GPU_Scheduler_0] Waiting for models to be activated: {'model_1': 'activating', 'model_2': 'deactivated', 'model_3': 'deactivated', 'model_4': 'activating', 'model_5': 'activating', 'model_6': 'deactivated'}
[2026-08-21 17:03:45.708 GPU_Scheduler_0] Waiting for models to be activated: {'model_1': 'activating', 'model_2': 'deactivated', 'model_3': 'deactivated', 'model_4': 'activating', 'model_5': 'activating', 'model_6': 'deactivated'}
[2026-08-21 17:03:45.719 GPU_Scheduler_0] Waiting for models to be activated: {'model_1': 'activating', 'model_2': 'deactivated', 'model_3': 'deactivated', 'model_4': 'activating', 'model_5': 'activating', 'model_6': 'deactivated'}
[2026-08-21 17:03:45.729 GPU_Scheduler_0] Waiting for models to be activated: {'model_1': 'activating', 'model_2': 'deactivated', 'model_3': 'deactivated', 'model_4': 'activating', 'model_5': 'activating', 'model_6': 'deactivated'}
[2026-08-21 17:03:45.740 GPU_Scheduler_0] Waiting for models to be activated: {'model_1': 'activating', 'model_2': 'deactivated', 'model_3': 'deactivated', 'model_4': 'activating', 'model_5': 'activating', 'model_6': 'deactivated'}
[2026-08-21 17:03:45.750 GPU_Scheduler_0] Waiting for models to be activated: {'model_1': 'activating', 'model_2': 'deactivated', 'model_3': 'deactivated', 'model_4': 'activating', 'model_5': 'activating', 'model_6': 'deactivated'}
[2026-08-21 17:03:45.760 GPU_Scheduler_0] Waiting for models to be activated: {'model_1': 'activating', 'model_2': 'deactivated', 'model_3': 'deactivated', 'model_4': 'activating', 'model_5': 'activating', 'model_6': 'deactivated'}
[2026-08-21 17:03:45.771 GPU_Scheduler_0] Waiting for models to be activated: {'model_1': 'activating', 'model_2': 'deactivated', 'model_3': 'deactivated', 'model_4': 'activating', 'model_5': 'activating', 'model_6': 'deactivated'}
[2026-08-21 17:03:45.781 GPU_Scheduler_0] Waiting for models to be activated: {'model_1': 'activating', 'model_2': 'deactivated', 'model_3': 'deactivated', 'model_4': 'activating', 'model_5': 'activating', 'model_6': 'deactivated'}
[2026-08-21 17:03:45.791 GPU_Scheduler_0] Waiting for models to be activated: {'model_1': 'activating', 'model_2': 'deactivated', 'model_3': 'deactivated', 'model_4': 'activating', 'model_5': 'activating', 'model_6': 'deactivated'}
[2026-08-21 17:03:45.802 GPU_Scheduler_0] Waiting for models to be activated: {'model_1': 'activating', 'model_2': 'deactivated', 'model_3': 'deactivated', 'model_4': 'activating', 'model_5': 'activating', 'model_6': 'deactivated'}
[2026-08-21 17:03:45.812 GPU_Scheduler_0] Waiting for models to be activated: {'model_1': 'activating', 'model_2': 'deactivated', 'model_3': 'deactivated', 'model_4': 'activating', 'model_5': 'activating', 'model_6': 'deactivated'}
[2026-08-21 17:03:45.823 GPU_Scheduler_0] Waiting for models to be activated: {'model_1': 'activating', 'model_2': 'deactivated', 'model_3': 'deactivated', 'model_4': 'activating', 'model_5': 'activating', 'model_6': 'deactivated'}
[2026-08-21 17:03:45.833 GPU_Scheduler_0] Waiting for models to be activated: {'model_1': 'activating', 'model_2': 'deactivated', 'model_3': 'deactivated', 'model_4': 'activating', 'model_5': 'activating', 'model_6': 'deactivated'}
[2026-08-21 17:03:45.843 GPU_Scheduler_0] Waiting for models to be activated: {'model_1': 'activating', 'model_2': 'deactivated', 'model_3': 'deactivated', 'model_4': 'activating', 'model_5': 'activating', 'model_6': 'deactivated'}
[2026-08-21 17:03:45.854 GPU_Scheduler_0] Waiting for models to be activated: {'model_1': 'activating', 'model_2': 'deactivated', 'model_3': 'deactivated', 'model_4': 'activating', 'model_5': 'activating', 'model_6': 'deactivated'}
[2026-08-21 17:03:45.864 GPU_Scheduler_0] Waiting for models to be activated: {'model_1': 'activating', 'model_2': 'deactivated', 'model_3': 'deactivated', 'model_4': 'activating', 'model_5': 'activating', 'model_6': 'deactivated'}
[2026-08-21 17:03:45.875 GPU_Scheduler_0] Waiting for models to be activated: {'model_1': 'activating', 'model_2': 'deactivated', 'model_3': 'deactivated', 'model_4': 'activating', 'model_5': 'activating', 'model_6': 'deactivated'}
[2026-08-21 17:03:45.885 GPU_Scheduler_0] Waiting for models to be activated: {'model_1': 'activating', 'model_2': 'deactivated', 'model_3': 'deactivated', 'model_4': 'activating', 'model_5': 'activating', 'model_6': 'deactivated'}
[2026-08-21 17:03:45.895 GPU_Scheduler_0] Waiting for models to be activated: {'model_1': 'activating', 'model_2': 'deactivated', 'model_3': 'deactivated', 'model_4': 'activating', 'model_5': 'activating', 'model_6': 'deactivated'}
[2026-08-21 17:03:45.906 GPU_Scheduler_0] Waiting for models to be activated: {'model_1': 'activating', 'model_2': 'deactivated', 'model_3': 'deactivated', 'model_4': 'activating', 'model_5': 'activating', 'model_6': 'deactivated'}
[2026-08-21 17:03:45.916 GPU_Scheduler_0] Waiting for models to be activated: {'model_1': 'activating', 'model_2': 'deactivated', 'model_3': 'deactivated', 'model_4': 'activating', 'model_5': 'activating', 'model_6': 'deactivated'}
[2026-08-21 17:03:45.927 GPU_Scheduler_0] Waiting for models to be activated: {'model_1': 'activating', 'model_2': 'deactivated', 'model_3': 'deactivated', 'model_4': 'activating', 'model_5': 'activating', 'model_6': 'deactivated'}
[2026-08-21 17:03:45.937 GPU_Scheduler_0] Waiting for models to be activated: {'model_1': 'activating', 'model_2': 'deactivated', 'model_3': 'deactivated', 'model_4': 'activating', 'model_5': 'activating', 'model_6': 'deactivated'}
[2026-08-21 17:03:45.948 GPU_Scheduler_0] Waiting for models to be activated: {'model_1': 'activating', 'model_2': 'deactivated', 'model_3': 'deactivated', 'model_4': 'activating', 'model_5': 'activating', 'model_6': 'deactivated'}
[2026-08-21 17:03:45.958 GPU_Scheduler_0] Waiting for models to be activated: {'model_1': 'activating', 'model_2': 'deactivated', 'model_3': 'deactivated', 'model_4': 'activating', 'model_5': 'activating', 'model_6': 'deactivated'}
[2026-08-21 17:03:45.969 GPU_Scheduler_0] Waiting for models to be activated: {'model_1': 'activating', 'model_2': 'deactivated', 'model_3': 'deactivated', 'model_4': 'activating', 'model_5': 'activating', 'model_6': 'deactivated'}
[2026-08-21 17:03:45.979 GPU_Scheduler_0] Waiting for models to be activated: {'model_1': 'activating', 'model_2': 'deactivated', 'model_3': 'deactivated', 'model_4': 'activating', 'model_5': 'activating', 'model_6': 'deactivated'}
[2026-08-21 17:03:45.989 GPU_Scheduler_0] Waiting for models to be activated: {'model_1': 'activating', 'model_2': 'deactivated', 'model_3': 'deactivated', 'model_4': 'activating', 'model_5': 'activating', 'model_6': 'deactivated'}
[2026-08-21 17:03:46.000 GPU_Scheduler_0] Waiting for models to be activated: {'model_1': 'activating', 'model_2': 'deactivated', 'model_3': 'deactivated', 'model_4': 'activating', 'model_5': 'activating', 'model_6': 'deactivated'}
[2026-08-21 17:03:46.010 GPU_Scheduler_0] Waiting for models to be activated: {'model_1': 'activating', 'model_2': 'deactivated', 'model_3': 'deactivated', 'model_4': 'activating', 'model_5': 'activating', 'model_6': 'deactivated'}
[2026-08-21 17:03:46.021 GPU_Scheduler_0] Waiting for models to be activated: {'model_1': 'activating', 'model_2': 'deactivated', 'model_3': 'deactivated', 'model_4': 'activating', 'model_5': 'activating', 'model_6': 'deactivated'}
[2026-08-21 17:03:46.031 GPU_Scheduler_0] Waiting for models to be activated: {'model_1': 'activating', 'model_2': 'deactivated', 'model_3': 'deactivated', 'model_4': 'activating', 'model_5': 'activating', 'model_6': 'deactivated'}
[2026-08-21 17:03:46.041 GPU_Scheduler_0] Waiting for models to be activated: {'model_1': 'activating', 'model_2': 'deactivated', 'model_3': 'deactivated', 'model_4': 'activating', 'model_5': 'activating', 'model_6': 'deactivated'}
[2026-08-21 17:03:46.052 GPU_Scheduler_0] Waiting for models to be activated: {'model_1': 'activating', 'model_2': 'deactivated', 'model_3': 'deactivated', 'model_4': 'activating', 'model_5': 'activating', 'model_6': 'deactivated'}
[2026-08-21 17:03:46.062 GPU_Scheduler_0] Waiting for models to be activated: {'model_1': 'activating', 'model_2': 'deactivated', 'model_3': 'deactivated', 'model_4': 'activating', 'model_5': 'activating', 'model_6': 'deactivated'}
[2026-08-21 17:03:46.072 GPU_Scheduler_0] Waiting for models to be activated: {'model_1': 'activating', 'model_2': 'deactivated', 'model_3': 'deactivated', 'model_4': 'activating', 'model_5': 'activating', 'model_6': 'deactivated'}
[2026-08-21 17:03:46.083 GPU_Scheduler_0] Waiting for models to be activated: {'model_1': 'activating', 'model_2': 'deactivated', 'model_3': 'deactivated', 'model_4': 'activating', 'model_5': 'activating', 'model_6': 'deactivated'}
[2026-08-21 17:03:46.093 GPU_Scheduler_0] Waiting for models to be activated: {'model_1': 'activating', 'model_2': 'deactivated', 'model_3': 'deactivated', 'model_4': 'activating', 'model_5': 'activating', 'model_6': 'deactivated'}
[2026-08-21 17:03:46.104 GPU_Scheduler_0] Waiting for models to be activated: {'model_1': 'activating', 'model_2': 'deactivated', 'model_3': 'deactivated', 'model_4': 'activating', 'model_5': 'activating', 'model_6': 'deactivated'}
[2026-08-21 17:03:46.114 GPU_Scheduler_0] Waiting for models to be activated: {'model_1': 'activating', 'model_2': 'deactivated', 'model_3': 'deactivated', 'model_4': 'activating', 'model_5': 'activating', 'model_6': 'deactivated'}
[2026-08-21 17:03:46.124 GPU_Scheduler_0] Waiting for models to be activated: {'model_1': 'activating', 'model_2': 'deactivated', 'model_3': 'deactivated', 'model_4': 'activating', 'model_5': 'activating', 'model_6': 'deactivated'}
[2026-08-21 17:03:46.135 GPU_Scheduler_0] Waiting for models to be activated: {'model_1': 'activating', 'model_2': 'deactivated', 'model_3': 'deactivated', 'model_4': 'activating', 'model_5': 'activating', 'model_6': 'deactivated'}
[2026-08-21 17:03:46.145 GPU_Scheduler_0] Waiting for models to be activated: {'model_1': 'activating', 'model_2': 'deactivated', 'model_3': 'deactivated', 'model_4': 'activating', 'model_5': 'activating', 'model_6': 'deactivated'}
[2026-08-21 17:03:46.155 GPU_Scheduler_0] Waiting for models to be activated: {'model_1': 'activating', 'model_2': 'deactivated', 'model_3': 'deactivated', 'model_4': 'activating', 'model_5': 'activating', 'model_6': 'deactivated'}
[2026-08-21 17:03:46.166 GPU_Scheduler_0] Waiting for models to be activated: {'model_1': 'activating', 'model_2': 'deactivated', 'model_3': 'deactivated', 'model_4': 'activating', 'model_5': 'activating', 'model_6': 'deactivated'}
[2026-08-21 17:03:46.176 GPU_Scheduler_0] Waiting for models to be activated: {'model_1': 'activating', 'model_2': 'deactivated', 'model_3': 'deactivated', 'model_4': 'activating', 'model_5': 'activating', 'model_6': 'deactivated'}
[2026-08-21 17:03:46.186 GPU_Scheduler_0] Waiting for models to be activated: {'model_1': 'activating', 'model_2': 'deactivated', 'model_3': 'deactivated', 'model_4': 'activating', 'model_5': 'activating', 'model_6': 'deactivated'}
[2026-08-21 17:03:46.197 GPU_Scheduler_0] Waiting for models to be activated: {'model_1': 'activating', 'model_2': 'deactivated', 'model_3': 'deactivated', 'model_4': 'activating', 'model_5': 'activating', 'model_6': 'deactivated'}
[2026-08-21 17:03:46.207 GPU_Scheduler_0] Waiting for models to be activated: {'model_1': 'activating', 'model_2': 'deactivated', 'model_3': 'deactivated', 'model_4': 'activating', 'model_5': 'activating', 'model_6': 'deactivated'}
[2026-08-21 17:03:46.217 GPU_Scheduler_0] Waiting for models to be activated: {'model_1': 'activating', 'model_2': 'deactivated', 'model_3': 'deactivated', 'model_4': 'activating', 'model_5': 'activating', 'model_6': 'deactivated'}
[2026-08-21 17:03:46.228 GPU_Scheduler_0] Waiting for models to be activated: {'model_1': 'activating', 'model_2': 'deactivated', 'model_3': 'deactivated', 'model_4': 'activating', 'model_5': 'activating', 'model_6': 'deactivated'}
[2026-08-21 17:03:46.238 GPU_Scheduler_0] Waiting for models to be activated: {'model_1': 'activating', 'model_2': 'deactivated', 'model_3': 'deactivated', 'model_4': 'activating', 'model_5': 'activating', 'model_6': 'deactivated'}
[2026-08-21 17:03:46.248 GPU_Scheduler_0] Waiting for models to be activated: {'model_1': 'activating', 'model_2': 'deactivated', 'model_3': 'deactivated', 'model_4': 'activating', 'model_5': 'activating', 'model_6': 'deactivated'}
[2026-08-21 17:03:46.259 GPU_Scheduler_0] Waiting for models to be activated: {'model_1': 'activating', 'model_2': 'deactivated', 'model_3': 'deactivated', 'model_4': 'activating', 'model_5': 'activating', 'model_6': 'deactivated'}
[2026-08-21 17:03:46.269 GPU_Scheduler_0] Waiting for models to be activated: {'model_1': 'activating', 'model_2': 'deactivated', 'model_3': 'deactivated', 'model_4': 'activating', 'model_5': 'activating', 'model_6': 'deactivated'}
[2026-08-21 17:03:46.279 GPU_Scheduler_0] Waiting for models to be activated: {'model_1': 'activating', 'model_2': 'deactivated', 'model_3': 'deactivated', 'model_4': 'activating', 'model_5': 'activating', 'model_6': 'deactivated'}
[2026-08-21 17:03:46.290 GPU_Scheduler_0] Waiting for models to be activated: {'model_1': 'activating', 'model_2': 'deactivated', 'model_3': 'deactivated', 'model_4': 'activating', 'model_5': 'activating', 'model_6': 'deactivated'}
[2026-08-21 17:03:46.300 GPU_Scheduler_0] Waiting for models to be activated: {'model_1': 'activating', 'model_2': 'deactivated', 'model_3': 'deactivated', 'model_4': 'activating', 'model_5': 'activating', 'model_6': 'deactivated'}
[2026-08-21 17:03:46.310 GPU_Scheduler_0] Waiting for models to be activated: {'model_1': 'activating', 'model_2': 'deactivated', 'model_3': 'deactivated', 'model_4': 'activating', 'model_5': 'activating', 'model_6': 'deactivated'}
[2026-08-21 17:03:46.321 GPU_Scheduler_0] Waiting for models to be activated: {'model_1': 'activating', 'model_2': 'deactivated', 'model_3': 'deactivated', 'model_4': 'activating', 'model_5': 'activating', 'model_6': 'deactivated'}
[2026-08-21 17:03:46.334 GPU_Scheduler_0] Waiting for models to be activated: {'model_1': 'activating', 'model_2': 'deactivated', 'model_3': 'deactivated', 'model_4': 'activating', 'model_5': 'activating', 'model_6': 'deactivated'}
[2026-08-21 17:03:46.344 GPU_Scheduler_0] Waiting for models to be activated: {'model_1': 'activating', 'model_2': 'deactivated', 'model_3': 'deactivated', 'model_4': 'activating', 'model_5': 'activating', 'model_6': 'deactivated'}
[2026-08-21 17:03:46.355 GPU_Scheduler_0] Waiting for models to be activated: {'model_1': 'activating', 'model_2': 'deactivated', 'model_3': 'deactivated', 'model_4': 'activating', 'model_5': 'activating', 'model_6': 'deactivated'}
[2026-08-21 17:03:46.365 GPU_Scheduler_0] Waiting for models to be activated: {'model_1': 'activating', 'model_2': 'deactivated', 'model_3': 'deactivated', 'model_4': 'activating', 'model_5': 'activating', 'model_6': 'deactivated'}
[2026-08-21 17:03:46.375 GPU_Scheduler_0] Waiting for models to be activated: {'model_1': 'activating', 'model_2': 'deactivated', 'model_3': 'deactivated', 'model_4': 'activating', 'model_5': 'activating', 'model_6': 'deactivated'}
[2026-08-21 17:03:46.386 GPU_Scheduler_0] Waiting for models to be activated: {'model_1': 'activating', 'model_2': 'deactivated', 'model_3': 'deactivated', 'model_4': 'activating', 'model_5': 'activating', 'model_6': 'deactivated'}
[2026-08-21 17:03:46.396 GPU_Scheduler_0] Waiting for models to be activated: {'model_1': 'activating', 'model_2': 'deactivated', 'model_3': 'deactivated', 'model_4': 'activating', 'model_5': 'activating', 'model_6': 'deactivated'}
[2026-08-21 17:03:46.407 GPU_Scheduler_0] Waiting for models to be activated: {'model_1': 'activating', 'model_2': 'deactivated', 'model_3': 'deactivated', 'model_4': 'activating', 'model_5': 'activating', 'model_6': 'deactivated'}
[2026-08-21 17:03:46.417 GPU_Scheduler_0] Waiting for models to be activated: {'model_1': 'activating', 'model_2': 'deactivated', 'model_3': 'deactivated', 'model_4': 'activating', 'model_5': 'activating', 'model_6': 'deactivated'}
[2026-08-21 17:03:46.427 GPU_Scheduler_0] Waiting for models to be activated: {'model_1': 'activating', 'model_2': 'deactivated', 'model_3': 'deactivated', 'model_4': 'activating', 'model_5': 'activating', 'model_6': 'deactivated'}
[2026-08-21 17:03:46.438 GPU_Scheduler_0] Waiting for models to be activated: {'model_1': 'activating', 'model_2': 'deactivated', 'model_3': 'deactivated', 'model_4': 'activating', 'model_5': 'activating', 'model_6': 'deactivated'}
[2026-08-21 17:03:46.448 GPU_Scheduler_0] Waiting for models to be activated: {'model_1': 'activating', 'model_2': 'deactivated', 'model_3': 'deactivated', 'model_4': 'activating', 'model_5': 'activating', 'model_6': 'deactivated'}
[2026-08-21 17:03:46.458 GPU_Scheduler_0] Waiting for models to be activated: {'model_1': 'activating', 'model_2': 'deactivated', 'model_3': 'deactivated', 'model_4': 'activating', 'model_5': 'activating', 'model_6': 'deactivated'}
[2026-08-21 17:03:46.469 GPU_Scheduler_0] Waiting for models to be activated: {'model_1': 'activating', 'model_2': 'deactivated', 'model_3': 'deactivated', 'model_4': 'activating', 'model_5': 'activating', 'model_6': 'deactivated'}
[2026-08-21 17:03:46.479 GPU_Scheduler_0] Waiting for models to be activated: {'model_1': 'activating', 'model_2': 'deactivated', 'model_3': 'deactivated', 'model_4': 'activating', 'model_5': 'activating', 'model_6': 'deactivated'}
[2026-08-21 17:03:46.489 GPU_Scheduler_0] Waiting for models to be activated: {'model_1': 'activating', 'model_2': 'deactivated', 'model_3': 'deactivated', 'model_4': 'activating', 'model_5': 'activating', 'model_6': 'deactivated'}
[2026-08-21 17:03:46.500 GPU_Scheduler_0] Waiting for models to be activated: {'model_1': 'activating', 'model_2': 'deactivated', 'model_3': 'deactivated', 'model_4': 'activating', 'model_5': 'activating', 'model_6': 'deactivated'}
[2026-08-21 17:03:46.510 GPU_Scheduler_0] Waiting for models to be activated: {'model_1': 'activating', 'model_2': 'deactivated', 'model_3': 'deactivated', 'model_4': 'activating', 'model_5': 'activating', 'model_6': 'deactivated'}
[2026-08-21 17:03:46.520 GPU_Scheduler_0] Waiting for models to be activated: {'model_1': 'activating', 'model_2': 'deactivated', 'model_3': 'deactivated', 'model_4': 'activating', 'model_5': 'activating', 'model_6': 'deactivated'}
[2026-08-21 17:03:46.531 GPU_Scheduler_0] Waiting for models to be activated: {'model_1': 'activating', 'model_2': 'deactivated', 'model_3': 'deactivated', 'model_4': 'activating', 'model_5': 'activating', 'model_6': 'deactivated'}
[2026-08-21 17:03:46.541 GPU_Scheduler_0] Waiting for models to be activated: {'model_1': 'activating', 'model_2': 'deactivated', 'model_3': 'deactivated', 'model_4': 'activating', 'model_5': 'activating', 'model_6': 'deactivated'}
[2026-08-21 17:03:46.551 GPU_Scheduler_0] Waiting for models to be activated: {'model_1': 'activating', 'model_2': 'deactivated', 'model_3': 'deactivated', 'model_4': 'activating', 'model_5': 'activating', 'model_6': 'deactivated'}
[2026-08-21 17:03:46.561 GPU_Scheduler_0] Waiting for models to be activated: {'model_1': 'activating', 'model_2': 'deactivated', 'model_3': 'deactivated', 'model_4': 'activating', 'model_5': 'activating', 'model_6': 'deactivated'}
[2026-08-21 17:03:46.572 GPU_Scheduler_0] Waiting for models to be activated: {'model_1': 'activating', 'model_2': 'deactivated', 'model_3': 'deactivated', 'model_4': 'activating', 'model_5': 'activating', 'model_6': 'deactivated'}
[2026-08-21 17:03:46.582 GPU_Scheduler_0] Waiting for models to be activated: {'model_1': 'activating', 'model_2': 'deactivated', 'model_3': 'deactivated', 'model_4': 'activating', 'model_5': 'activating', 'model_6': 'deactivated'}
[2026-08-21 17:03:46.592 GPU_Scheduler_0] Waiting for models to be activated: {'model_1': 'activating', 'model_2': 'deactivated', 'model_3': 'deactivated', 'model_4': 'activating', 'model_5': 'activating', 'model_6': 'deactivated'}
[2026-08-21 17:03:46.603 GPU_Scheduler_0] Waiting for models to be activated: {'model_1': 'activating', 'model_2': 'deactivated', 'model_3': 'deactivated', 'model_4': 'activating', 'model_5': 'activating', 'model_6': 'deactivated'}
[2026-08-21 17:03:46.613 GPU_Scheduler_0] Waiting for models to be activated: {'model_1': 'activating', 'model_2': 'deactivated', 'model_3': 'deactivated', 'model_4': 'activating', 'model_5': 'activating', 'model_6': 'deactivated'}
[2026-08-21 17:03:46.623 GPU_Scheduler_0] Waiting for models to be activated: {'model_1': 'activating', 'model_2': 'deactivated', 'model_3': 'deactivated', 'model_4': 'activating', 'model_5': 'activating', 'model_6': 'deactivated'}
[2026-08-21 17:03:46.634 GPU_Scheduler_0] Waiting for models to be activated: {'model_1': 'activating', 'model_2': 'deactivated', 'model_3': 'deactivated', 'model_4': 'activating', 'model_5': 'activating', 'model_6': 'deactivated'}
[2026-08-21 17:03:46.644 GPU_Scheduler_0] Waiting for models to be activated: {'model_1': 'activating', 'model_2': 'deactivated', 'model_3': 'deactivated', 'model_4': 'activating', 'model_5': 'activating', 'model_6': 'deactivated'}
[2026-08-21 17:03:46.654 GPU_Scheduler_0] Waiting for models to be activated: {'model_1': 'activating', 'model_2': 'deactivated', 'model_3': 'deactivated', 'model_4': 'activating', 'model_5': 'activating', 'model_6': 'deactivated'}
[2026-08-21 17:03:46.665 GPU_Scheduler_0] Waiting for models to be activated: {'model_1': 'activating', 'model_2': 'deactivated', 'model_3': 'deactivated', 'model_4': 'activating', 'model_5': 'activating', 'model_6': 'deactivated'}
[2026-08-21 17:03:46.675 GPU_Scheduler_0] Waiting for models to be activated: {'model_1': 'activating', 'model_2': 'deactivated', 'model_3': 'deactivated', 'model_4': 'activating', 'model_5': 'activating', 'model_6': 'deactivated'}
[2026-08-21 17:03:46.686 GPU_Scheduler_0] Waiting for models to be activated: {'model_1': 'activating', 'model_2': 'deactivated', 'model_3': 'deactivated', 'model_4': 'activating', 'model_5': 'activating', 'model_6': 'deactivated'}
[2026-08-21 17:03:46.696 GPU_Scheduler_0] Waiting for models to be activated: {'model_1': 'activating', 'model_2': 'deactivated', 'model_3': 'deactivated', 'model_4': 'activating', 'model_5': 'activating', 'model_6': 'deactivated'}
[2026-08-21 17:03:46.706 GPU_Scheduler_0] Waiting for models to be activated: {'model_1': 'activating', 'model_2': 'deactivated', 'model_3': 'deactivated', 'model_4': 'activating', 'model_5': 'activating', 'model_6': 'deactivated'}
[2026-08-21 17:03:46.717 GPU_Scheduler_0] Waiting for models to be activated: {'model_1': 'activating', 'model_2': 'deactivated', 'model_3': 'deactivated', 'model_4': 'activating', 'model_5': 'activating', 'model_6': 'deactivated'}
[2026-08-21 17:03:46.727 GPU_Scheduler_0] Waiting for models to be activated: {'model_1': 'activating', 'model_2': 'deactivated', 'model_3': 'deactivated', 'model_4': 'activating', 'model_5': 'activating', 'model_6': 'deactivated'}
[2026-08-21 17:03:46.738 GPU_Scheduler_0] Waiting for models to be activated: {'model_1': 'activating', 'model_2': 'deactivated', 'model_3': 'deactivated', 'model_4': 'activating', 'model_5': 'activating', 'model_6': 'deactivated'}
[2026-08-21 17:03:46.748 GPU_Scheduler_0] Waiting for models to be activated: {'model_1': 'activating', 'model_2': 'deactivated', 'model_3': 'deactivated', 'model_4': 'activating', 'model_5': 'activating', 'model_6': 'deactivated'}
[2026-08-21 17:03:46.758 GPU_Scheduler_0] Waiting for models to be activated: {'model_1': 'activating', 'model_2': 'deactivated', 'model_3': 'deactivated', 'model_4': 'activating', 'model_5': 'activating', 'model_6': 'deactivated'}
[2026-08-21 17:03:46.769 GPU_Scheduler_0] Waiting for models to be activated: {'model_1': 'activating', 'model_2': 'deactivated', 'model_3': 'deactivated', 'model_4': 'activating', 'model_5': 'activating', 'model_6': 'deactivated'}
[2026-08-21 17:03:46.779 GPU_Scheduler_0] Waiting for models to be activated: {'model_1': 'activating', 'model_2': 'deactivated', 'model_3': 'deactivated', 'model_4': 'activating', 'model_5': 'activating', 'model_6': 'deactivated'}
[2026-08-21 17:03:46.789 GPU_Scheduler_0] Waiting for models to be activated: {'model_1': 'activating', 'model_2': 'deactivated', 'model_3': 'deactivated', 'model_4': 'activating', 'model_5': 'activating', 'model_6': 'deactivated'}
[2026-08-21 17:03:46.800 GPU_Scheduler_0] Waiting for models to be activated: {'model_1': 'activating', 'model_2': 'deactivated', 'model_3': 'deactivated', 'model_4': 'activating', 'model_5': 'activating', 'model_6': 'deactivated'}
[2026-08-21 17:03:46.810 GPU_Scheduler_0] Waiting for models to be activated: {'model_1': 'activating', 'model_2': 'deactivated', 'model_3': 'deactivated', 'model_4': 'activating', 'model_5': 'activating', 'model_6': 'deactivated'}
[2026-08-21 17:03:46.821 GPU_Scheduler_0] Waiting for models to be activated: {'model_1': 'activating', 'model_2': 'deactivated', 'model_3': 'deactivated', 'model_4': 'activating', 'model_5': 'activating', 'model_6': 'deactivated'}
[2026-08-21 17:03:46.831 GPU_Scheduler_0] Waiting for models to be activated: {'model_1': 'activating', 'model_2': 'deactivated', 'model_3': 'deactivated', 'model_4': 'activating', 'model_5': 'activating', 'model_6': 'deactivated'}
[2026-08-21 17:03:46.841 GPU_Scheduler_0] Waiting for models to be activated: {'model_1': 'activating', 'model_2': 'deactivated', 'model_3': 'deactivated', 'model_4': 'activating', 'model_5': 'activating', 'model_6': 'deactivated'}
[2026-08-21 17:03:46.852 GPU_Scheduler_0] Waiting for models to be activated: {'model_1': 'activating', 'model_2': 'deactivated', 'model_3': 'deactivated', 'model_4': 'activating', 'model_5': 'activating', 'model_6': 'deactivated'}
[2026-08-21 17:03:46.862 GPU_Scheduler_0] Waiting for models to be activated: {'model_1': 'activating', 'model_2': 'deactivated', 'model_3': 'deactivated', 'model_4': 'activating', 'model_5': 'activating', 'model_6': 'deactivated'}
[2026-08-21 17:03:46.873 GPU_Scheduler_0] Waiting for models to be activated: {'model_1': 'activating', 'model_2': 'deactivated', 'model_3': 'deactivated', 'model_4': 'activating', 'model_5': 'activating', 'model_6': 'deactivated'}
[2026-08-21 17:03:46.883 GPU_Scheduler_0] Waiting for models to be activated: {'model_1': 'activating', 'model_2': 'deactivated', 'model_3': 'deactivated', 'model_4': 'activating', 'model_5': 'activating', 'model_6': 'deactivated'}
[2026-08-21 17:03:46.893 GPU_Scheduler_0] Waiting for models to be activated: {'model_1': 'activating', 'model_2': 'deactivated', 'model_3': 'deactivated', 'model_4': 'activating', 'model_5': 'activating', 'model_6': 'deactivated'}
[2026-08-21 17:03:46.904 GPU_Scheduler_0] Waiting for models to be activated: {'model_1': 'activating', 'model_2': 'deactivated', 'model_3': 'deactivated', 'model_4': 'activating', 'model_5': 'activating', 'model_6': 'deactivated'}
[2026-08-21 17:03:46.914 GPU_Scheduler_0] Waiting for models to be activated: {'model_1': 'activating', 'model_2': 'deactivated', 'model_3': 'deactivated', 'model_4': 'activating', 'model_5': 'activating', 'model_6': 'deactivated'}
[2026-08-21 17:03:46.924 GPU_Scheduler_0] Waiting for models to be activated: {'model_1': 'activating', 'model_2': 'deactivated', 'model_3': 'deactivated', 'model_4': 'activating', 'model_5': 'activating', 'model_6': 'deactivated'}
[2026-08-21 17:03:46.935 GPU_Scheduler_0] Waiting for models to be activated: {'model_1': 'activating', 'model_2': 'deactivated', 'model_3': 'deactivated', 'model_4': 'activating', 'model_5': 'activating', 'model_6': 'deactivated'}
[2026-08-21 17:03:46.945 GPU_Scheduler_0] Waiting for models to be activated: {'model_1': 'activating', 'model_2': 'deactivated', 'model_3': 'deactivated', 'model_4': 'activating', 'model_5': 'activating', 'model_6': 'deactivated'}
[2026-08-21 17:03:46.956 GPU_Scheduler_0] Waiting for models to be activated: {'model_1': 'activating', 'model_2': 'deactivated', 'model_3': 'deactivated', 'model_4': 'activating', 'model_5': 'activating', 'model_6': 'deactivated'}
[2026-08-21 17:03:46.967 GPU_Scheduler_0] Waiting for models to be activated: {'model_1': 'activating', 'model_2': 'deactivated', 'model_3': 'deactivated', 'model_4': 'activating', 'model_5': 'activating', 'model_6': 'deactivated'}
[2026-08-21 17:03:46.977 GPU_Scheduler_0] Waiting for models to be activated: {'model_1': 'activating', 'model_2': 'deactivated', 'model_3': 'deactivated', 'model_4': 'activating', 'model_5': 'activating', 'model_6': 'deactivated'}
[2026-08-21 17:03:46.988 GPU_Scheduler_0] Waiting for models to be activated: {'model_1': 'activating', 'model_2': 'deactivated', 'model_3': 'deactivated', 'model_4': 'activating', 'model_5': 'activating', 'model_6': 'deactivated'}
[2026-08-21 17:03:46.998 GPU_Scheduler_0] Waiting for models to be activated: {'model_1': 'activating', 'model_2': 'deactivated', 'model_3': 'deactivated', 'model_4': 'activating', 'model_5': 'activating', 'model_6': 'deactivated'}
[2026-08-21 17:03:47.009 GPU_Scheduler_0] Waiting for models to be activated: {'model_1': 'activating', 'model_2': 'deactivated', 'model_3': 'deactivated', 'model_4': 'activating', 'model_5': 'activating', 'model_6': 'deactivated'}
[2026-08-21 17:03:47.019 GPU_Scheduler_0] Waiting for models to be activated: {'model_1': 'activating', 'model_2': 'deactivated', 'model_3': 'deactivated', 'model_4': 'activating', 'model_5': 'activating', 'model_6': 'deactivated'}
[2026-08-21 17:03:47.029 GPU_Scheduler_0] Waiting for models to be activated: {'model_1': 'activating', 'model_2': 'deactivated', 'model_3': 'deactivated', 'model_4': 'activating', 'model_5': 'activating', 'model_6': 'deactivated'}
[2026-08-21 17:03:47.040 GPU_Scheduler_0] Waiting for models to be activated: {'model_1': 'activating', 'model_2': 'deactivated', 'model_3': 'deactivated', 'model_4': 'activating', 'model_5': 'activating', 'model_6': 'deactivated'}
[2026-08-21 17:03:47.050 GPU_Scheduler_0] Waiting for models to be activated: {'model_1': 'activating', 'model_2': 'deactivated', 'model_3': 'deactivated', 'model_4': 'activating', 'model_5': 'activating', 'model_6': 'deactivated'}
[2026-08-21 17:03:47.060 GPU_Scheduler_0] Waiting for models to be activated: {'model_1': 'activating', 'model_2': 'deactivated', 'model_3': 'deactivated', 'model_4': 'activating', 'model_5': 'activating', 'model_6': 'deactivated'}
[2026-08-21 17:03:47.071 GPU_Scheduler_0] Waiting for models to be activated: {'model_1': 'activating', 'model_2': 'deactivated', 'model_3': 'deactivated', 'model_4': 'activating', 'model_5': 'activating', 'model_6': 'deactivated'}
[2026-08-21 17:03:47.081 GPU_Scheduler_0] Waiting for models to be activated: {'model_1': 'activating', 'model_2': 'deactivated', 'model_3': 'deactivated', 'model_4': 'activating', 'model_5': 'activating', 'model_6': 'deactivated'}
[2026-08-21 17:03:47.092 GPU_Scheduler_0] Waiting for models to be activated: {'model_1': 'activating', 'model_2': 'deactivated', 'model_3': 'deactivated', 'model_4': 'activating', 'model_5': 'activating', 'model_6': 'deactivated'}
[2026-08-21 17:03:47.102 GPU_Scheduler_0] Waiting for models to be activated: {'model_1': 'activating', 'model_2': 'deactivated', 'model_3': 'deactivated', 'model_4': 'activating', 'model_5': 'activating', 'model_6': 'deactivated'}
[2026-08-21 17:03:47.113 GPU_Scheduler_0] Waiting for models to be activated: {'model_1': 'activating', 'model_2': 'deactivated', 'model_3': 'deactivated', 'model_4': 'activating', 'model_5': 'activating', 'model_6': 'deactivated'}
[2026-08-21 17:03:47.123 GPU_Scheduler_0] Waiting for models to be activated: {'model_1': 'activating', 'model_2': 'deactivated', 'model_3': 'deactivated', 'model_4': 'activating', 'model_5': 'activating', 'model_6': 'deactivated'}
[2026-08-21 17:03:47.134 GPU_Scheduler_0] Waiting for models to be activated: {'model_1': 'activating', 'model_2': 'deactivated', 'model_3': 'deactivated', 'model_4': 'activating', 'model_5': 'activating', 'model_6': 'deactivated'}
[2026-08-21 17:03:47.145 GPU_Scheduler_0] Waiting for models to be activated: {'model_1': 'activating', 'model_2': 'deactivated', 'model_3': 'deactivated', 'model_4': 'activating', 'model_5': 'activating', 'model_6': 'deactivated'}
[2026-08-21 17:03:47.155 GPU_Scheduler_0] Waiting for models to be activated: {'model_1': 'activating', 'model_2': 'deactivated', 'model_3': 'deactivated', 'model_4': 'activating', 'model_5': 'activating', 'model_6': 'deactivated'}
[2026-08-21 17:03:47.166 GPU_Scheduler_0] Waiting for models to be activated: {'model_1': 'activating', 'model_2': 'deactivated', 'model_3': 'deactivated', 'model_4': 'activating', 'model_5': 'activating', 'model_6': 'deactivated'}
[2026-08-21 17:03:47.176 GPU_Scheduler_0] Waiting for models to be activated: {'model_1': 'activating', 'model_2': 'deactivated', 'model_3': 'deactivated', 'model_4': 'activating', 'model_5': 'activating', 'model_6': 'deactivated'}
[2026-08-21 17:03:47.187 GPU_Scheduler_0] Waiting for models to be activated: {'model_1': 'activating', 'model_2': 'deactivated', 'model_3': 'deactivated', 'model_4': 'activating', 'model_5': 'activating', 'model_6': 'deactivated'}
[2026-08-21 17:03:47.197 GPU_Scheduler_0] Waiting for models to be activated: {'model_1': 'activating', 'model_2': 'deactivated', 'model_3': 'deactivated', 'model_4': 'activating', 'model_5': 'activating', 'model_6': 'deactivated'}
[2026-08-21 17:03:47.208 GPU_Scheduler_0] Waiting for models to be activated: {'model_1': 'activating', 'model_2': 'deactivated', 'model_3': 'deactivated', 'model_4': 'activating', 'model_5': 'activating', 'model_6': 'deactivated'}
[2026-08-21 17:03:47.219 GPU_Scheduler_0] Waiting for models to be activated: {'model_1': 'activating', 'model_2': 'deactivated', 'model_3': 'deactivated', 'model_4': 'activating', 'model_5': 'activating', 'model_6': 'deactivated'}
[2026-08-21 17:03:47.229 GPU_Scheduler_0] Waiting for models to be activated: {'model_1': 'activating', 'model_2': 'deactivated', 'model_3': 'deactivated', 'model_4': 'activating', 'model_5': 'activating', 'model_6': 'deactivated'}
[2026-08-21 17:03:47.240 GPU_Scheduler_0] Waiting for models to be activated: {'model_1': 'activating', 'model_2': 'deactivated', 'model_3': 'deactivated', 'model_4': 'activating', 'model_5': 'activating', 'model_6': 'deactivated'}
[2026-08-21 17:03:47.250 GPU_Scheduler_0] Waiting for models to be activated: {'model_1': 'activating', 'model_2': 'deactivated', 'model_3': 'deactivated', 'model_4': 'activating', 'model_5': 'activating', 'model_6': 'deactivated'}
[2026-08-21 17:03:47.261 GPU_Scheduler_0] Waiting for models to be activated: {'model_1': 'activating', 'model_2': 'deactivated', 'model_3': 'deactivated', 'model_4': 'activating', 'model_5': 'activating', 'model_6': 'deactivated'}
[2026-08-21 17:03:47.271 GPU_Scheduler_0] Waiting for models to be activated: {'model_1': 'activating', 'model_2': 'deactivated', 'model_3': 'deactivated', 'model_4': 'activating', 'model_5': 'activating', 'model_6': 'deactivated'}
[2026-08-21 17:03:47.282 GPU_Scheduler_0] Waiting for models to be activated: {'model_1': 'activating', 'model_2': 'deactivated', 'model_3': 'deactivated', 'model_4': 'activating', 'model_5': 'activating', 'model_6': 'deactivated'}
[2026-08-21 17:03:47.292 GPU_Scheduler_0] Waiting for models to be activated: {'model_1': 'activating', 'model_2': 'deactivated', 'model_3': 'deactivated', 'model_4': 'activating', 'model_5': 'activating', 'model_6': 'deactivated'}
[2026-08-21 17:03:47.303 GPU_Scheduler_0] Waiting for models to be activated: {'model_1': 'activating', 'model_2': 'deactivated', 'model_3': 'deactivated', 'model_4': 'activating', 'model_5': 'activating', 'model_6': 'deactivated'}
[2026-08-21 17:03:47.314 GPU_Scheduler_0] Waiting for models to be activated: {'model_1': 'activating', 'model_2': 'deactivated', 'model_3': 'deactivated', 'model_4': 'activating', 'model_5': 'activating', 'model_6': 'deactivated'}
[2026-08-21 17:03:47.324 GPU_Scheduler_0] Waiting for models to be activated: {'model_1': 'activating', 'model_2': 'deactivated', 'model_3': 'deactivated', 'model_4': 'activating', 'model_5': 'activating', 'model_6': 'deactivated'}
[2026-08-21 17:03:47.335 GPU_Scheduler_0] Waiting for models to be activated: {'model_1': 'activating', 'model_2': 'deactivated', 'model_3': 'deactivated', 'model_4': 'activating', 'model_5': 'activating', 'model_6': 'deactivated'}
[2026-08-21 17:03:47.345 GPU_Scheduler_0] Waiting for models to be activated: {'model_1': 'activating', 'model_2': 'deactivated', 'model_3': 'deactivated', 'model_4': 'activating', 'model_5': 'activating', 'model_6': 'deactivated'}
[2026-08-21 17:03:47.356 GPU_Scheduler_0] Waiting for models to be activated: {'model_1': 'activating', 'model_2': 'deactivated', 'model_3': 'deactivated', 'model_4': 'activating', 'model_5': 'activating', 'model_6': 'deactivated'}
[2026-08-21 17:03:47.366 GPU_Scheduler_0] Waiting for models to be activated: {'model_1': 'activating', 'model_2': 'deactivated', 'model_3': 'deactivated', 'model_4': 'activating', 'model_5': 'activating', 'model_6': 'deactivated'}
[2026-08-21 17:03:47.376 GPU_Scheduler_0] Waiting for models to be activated: {'model_1': 'activating', 'model_2': 'deactivated', 'model_3': 'deactivated', 'model_4': 'activating', 'model_5': 'activating', 'model_6': 'deactivated'}
[2026-08-21 17:03:47.387 GPU_Scheduler_0] Waiting for models to be activated: {'model_1': 'activating', 'model_2': 'deactivated', 'model_3': 'deactivated', 'model_4': 'activating', 'model_5': 'activating', 'model_6': 'deactivated'}
[2026-08-21 17:03:47.397 GPU_Scheduler_0] Waiting for models to be activated: {'model_1': 'activating', 'model_2': 'deactivated', 'model_3': 'deactivated', 'model_4': 'activating', 'model_5': 'activating', 'model_6': 'deactivated'}
[2026-08-21 17:03:47.407 GPU_Scheduler_0] Waiting for models to be activated: {'model_1': 'activating', 'model_2': 'deactivated', 'model_3': 'deactivated', 'model_4': 'activating', 'model_5': 'activating', 'model_6': 'deactivated'}
[2026-08-21 17:03:47.418 GPU_Scheduler_0] Waiting for models to be activated: {'model_1': 'activating', 'model_2': 'deactivated', 'model_3': 'deactivated', 'model_4': 'activating', 'model_5': 'activating', 'model_6': 'deactivated'}
[2026-08-21 17:03:47.428 GPU_Scheduler_0] Waiting for models to be activated: {'model_1': 'activating', 'model_2': 'deactivated', 'model_3': 'deactivated', 'model_4': 'activating', 'model_5': 'activating', 'model_6': 'deactivated'}
[2026-08-21 17:03:47.438 GPU_Scheduler_0] Waiting for models to be activated: {'model_1': 'activating', 'model_2': 'deactivated', 'model_3': 'deactivated', 'model_4': 'activating', 'model_5': 'activating', 'model_6': 'deactivated'}
[2026-08-21 17:03:47.449 GPU_Scheduler_0] Waiting for models to be activated: {'model_1': 'activating', 'model_2': 'deactivated', 'model_3': 'deactivated', 'model_4': 'activating', 'model_5': 'activating', 'model_6': 'deactivated'}
[2026-08-21 17:03:47.459 GPU_Scheduler_0] Waiting for models to be activated: {'model_1': 'activating', 'model_2': 'deactivated', 'model_3': 'deactivated', 'model_4': 'activating', 'model_5': 'activating', 'model_6': 'deactivated'}
[2026-08-21 17:03:47.469 GPU_Scheduler_0] Waiting for models to be activated: {'model_1': 'activating', 'model_2': 'deactivated', 'model_3': 'deactivated', 'model_4': 'activating', 'model_5': 'activating', 'model_6': 'deactivated'}
[2026-08-21 17:03:47.480 GPU_Scheduler_0] Waiting for models to be activated: {'model_1': 'activating', 'model_2': 'deactivated', 'model_3': 'deactivated', 'model_4': 'activating', 'model_5': 'activating', 'model_6': 'deactivated'}
[2026-08-21 17:03:47.490 GPU_Scheduler_0] Waiting for models to be activated: {'model_1': 'activating', 'model_2': 'deactivated', 'model_3': 'deactivated', 'model_4': 'activating', 'model_5': 'activating', 'model_6': 'deactivated'}
[2026-08-21 17:03:47.500 GPU_Scheduler_0] Waiting for models to be activated: {'model_1': 'activating', 'model_2': 'deactivated', 'model_3': 'deactivated', 'model_4': 'activating', 'model_5': 'activating', 'model_6': 'deactivated'}
[2026-08-21 17:03:47.511 GPU_Scheduler_0] Waiting for models to be activated: {'model_1': 'activating', 'model_2': 'deactivated', 'model_3': 'deactivated', 'model_4': 'activating', 'model_5': 'activating', 'model_6': 'deactivated'}
[2026-08-21 17:03:47.522 GPU_Scheduler_0] Waiting for models to be activated: {'model_1': 'activating', 'model_2': 'deactivated', 'model_3': 'deactivated', 'model_4': 'activating', 'model_5': 'activating', 'model_6': 'deactivated'}
[2026-08-21 17:03:47.532 GPU_Scheduler_0] Waiting for models to be activated: {'model_1': 'activating', 'model_2': 'deactivated', 'model_3': 'deactivated', 'model_4': 'activating', 'model_5': 'activating', 'model_6': 'deactivated'}
[2026-08-21 17:03:47.543 GPU_Scheduler_0] Waiting for models to be activated: {'model_1': 'activating', 'model_2': 'deactivated', 'model_3': 'deactivated', 'model_4': 'activating', 'model_5': 'activating', 'model_6': 'deactivated'}
[2026-08-21 17:03:47.553 GPU_Scheduler_0] Waiting for models to be activated: {'model_1': 'activating', 'model_2': 'deactivated', 'model_3': 'deactivated', 'model_4': 'activating', 'model_5': 'activating', 'model_6': 'deactivated'}
[2026-08-21 17:03:47.563 GPU_Scheduler_0] Waiting for models to be activated: {'model_1': 'activating', 'model_2': 'deactivated', 'model_3': 'deactivated', 'model_4': 'activating', 'model_5': 'activating', 'model_6': 'deactivated'}
[2026-08-21 17:03:47.574 GPU_Scheduler_0] Waiting for models to be activated: {'model_1': 'activating', 'model_2': 'deactivated', 'model_3': 'deactivated', 'model_4': 'activating', 'model_5': 'activating', 'model_6': 'deactivated'}
[2026-08-21 17:03:47.584 GPU_Scheduler_0] Waiting for models to be activated: {'model_1': 'activating', 'model_2': 'deactivated', 'model_3': 'deactivated', 'model_4': 'activating', 'model_5': 'activating', 'model_6': 'deactivated'}
[2026-08-21 17:03:47.595 GPU_Scheduler_0] Waiting for models to be activated: {'model_1': 'activating', 'model_2': 'deactivated', 'model_3': 'deactivated', 'model_4': 'activating', 'model_5': 'activating', 'model_6': 'deactivated'}
[2026-08-21 17:03:47.605 GPU_Scheduler_0] Waiting for models to be activated: {'model_1': 'activating', 'model_2': 'deactivated', 'model_3': 'deactivated', 'model_4': 'activating', 'model_5': 'activating', 'model_6': 'deactivated'}
[2026-08-21 17:03:47.616 GPU_Scheduler_0] Waiting for models to be activated: {'model_1': 'activating', 'model_2': 'deactivated', 'model_3': 'deactivated', 'model_4': 'activating', 'model_5': 'activating', 'model_6': 'deactivated'}
[2026-08-21 17:03:47.627 GPU_Scheduler_0] Waiting for models to be activated: {'model_1': 'activating', 'model_2': 'deactivated', 'model_3': 'deactivated', 'model_4': 'activating', 'model_5': 'activating', 'model_6': 'deactivated'}
[2026-08-21 17:03:47.637 GPU_Scheduler_0] Waiting for models to be activated: {'model_1': 'activating', 'model_2': 'deactivated', 'model_3': 'deactivated', 'model_4': 'activating', 'model_5': 'activating', 'model_6': 'deactivated'}
[2026-08-21 17:03:47.648 GPU_Scheduler_0] Waiting for models to be activated: {'model_1': 'activating', 'model_2': 'deactivated', 'model_3': 'deactivated', 'model_4': 'activating', 'model_5': 'activating', 'model_6': 'deactivated'}
[2026-08-21 17:03:47.658 GPU_Scheduler_0] Waiting for models to be activated: {'model_1': 'activating', 'model_2': 'deactivated', 'model_3': 'deactivated', 'model_4': 'activating', 'model_5': 'activating', 'model_6': 'deactivated'}
[2026-08-21 17:03:47.669 GPU_Scheduler_0] Waiting for models to be activated: {'model_1': 'activating', 'model_2': 'deactivated', 'model_3': 'deactivated', 'model_4': 'activating', 'model_5': 'activating', 'model_6': 'deactivated'}
[2026-08-21 17:03:47.679 GPU_Scheduler_0] Waiting for models to be activated: {'model_1': 'activating', 'model_2': 'deactivated', 'model_3': 'deactivated', 'model_4': 'activating', 'model_5': 'activating', 'model_6': 'deactivated'}
[2026-08-21 17:03:47.690 GPU_Scheduler_0] Waiting for models to be activated: {'model_1': 'activating', 'model_2': 'deactivated', 'model_3': 'deactivated', 'model_4': 'activating', 'model_5': 'activating', 'model_6': 'deactivated'}
[2026-08-21 17:03:47.700 GPU_Scheduler_0] Waiting for models to be activated: {'model_1': 'activating', 'model_2': 'deactivated', 'model_3': 'deactivated', 'model_4': 'activating', 'model_5': 'activating', 'model_6': 'deactivated'}
[2026-08-21 17:03:47.711 GPU_Scheduler_0] Waiting for models to be activated: {'model_1': 'activating', 'model_2': 'deactivated', 'model_3': 'deactivated', 'model_4': 'activating', 'model_5': 'activating', 'model_6': 'deactivated'}
[2026-08-21 17:03:47.721 GPU_Scheduler_0] Waiting for models to be activated: {'model_1': 'activating', 'model_2': 'deactivated', 'model_3': 'deactivated', 'model_4': 'activating', 'model_5': 'activating', 'model_6': 'deactivated'}
[2026-08-21 17:03:47.731 GPU_Scheduler_0] Waiting for models to be activated: {'model_1': 'activating', 'model_2': 'deactivated', 'model_3': 'deactivated', 'model_4': 'activating', 'model_5': 'activating', 'model_6': 'deactivated'}
[2026-08-21 17:03:47.742 GPU_Scheduler_0] Waiting for models to be activated: {'model_1': 'activating', 'model_2': 'deactivated', 'model_3': 'deactivated', 'model_4': 'activating', 'model_5': 'activating', 'model_6': 'deactivated'}
[2026-08-21 17:03:47.752 GPU_Scheduler_0] Waiting for models to be activated: {'model_1': 'activating', 'model_2': 'deactivated', 'model_3': 'deactivated', 'model_4': 'activating', 'model_5': 'activating', 'model_6': 'deactivated'}
[2026-08-21 17:03:47.762 GPU_Scheduler_0] Waiting for models to be activated: {'model_1': 'activating', 'model_2': 'deactivated', 'model_3': 'deactivated', 'model_4': 'activating', 'model_5': 'activating', 'model_6': 'deactivated'}
[2026-08-21 17:03:47.773 GPU_Scheduler_0] Waiting for models to be activated: {'model_1': 'activating', 'model_2': 'deactivated', 'model_3': 'deactivated', 'model_4': 'activating', 'model_5': 'activating', 'model_6': 'deactivated'}
[2026-08-21 17:03:47.783 GPU_Scheduler_0] Waiting for models to be activated: {'model_1': 'activating', 'model_2': 'deactivated', 'model_3': 'deactivated', 'model_4': 'activating', 'model_5': 'activating', 'model_6': 'deactivated'}
[2026-08-21 17:03:47.793 GPU_Scheduler_0] Waiting for models to be activated: {'model_1': 'activating', 'model_2': 'deactivated', 'model_3': 'deactivated', 'model_4': 'activating', 'model_5': 'activating', 'model_6': 'deactivated'}
[2026-08-21 17:03:47.804 GPU_Scheduler_0] Waiting for models to be activated: {'model_1': 'activating', 'model_2': 'deactivated', 'model_3': 'deactivated', 'model_4': 'activating', 'model_5': 'activating', 'model_6': 'deactivated'}
[2026-08-21 17:03:47.814 GPU_Scheduler_0] Waiting for models to be activated: {'model_1': 'activating', 'model_2': 'deactivated', 'model_3': 'deactivated', 'model_4': 'activating', 'model_5': 'activating', 'model_6': 'deactivated'}
[2026-08-21 17:03:47.824 GPU_Scheduler_0] Waiting for models to be activated: {'model_1': 'activating', 'model_2': 'deactivated', 'model_3': 'deactivated', 'model_4': 'activating', 'model_5': 'activating', 'model_6': 'deactivated'}
[2026-08-21 17:03:47.835 GPU_Scheduler_0] Waiting for models to be activated: {'model_1': 'activating', 'model_2': 'deactivated', 'model_3': 'deactivated', 'model_4': 'activating', 'model_5': 'activating', 'model_6': 'deactivated'}
[2026-08-21 17:03:47.845 GPU_Scheduler_0] Waiting for models to be activated: {'model_1': 'activating', 'model_2': 'deactivated', 'model_3': 'deactivated', 'model_4': 'activating', 'model_5': 'activating', 'model_6': 'deactivated'}
[2026-08-21 17:03:47.855 GPU_Scheduler_0] Waiting for models to be activated: {'model_1': 'activating', 'model_2': 'deactivated', 'model_3': 'deactivated', 'model_4': 'activating', 'model_5': 'activating', 'model_6': 'deactivated'}
[2026-08-21 17:03:47.865 GPU_Scheduler_0] Waiting for models to be activated: {'model_1': 'activating', 'model_2': 'deactivated', 'model_3': 'deactivated', 'model_4': 'activating', 'model_5': 'activating', 'model_6': 'deactivated'}
[2026-08-21 17:03:47.876 GPU_Scheduler_0] Waiting for models to be activated: {'model_1': 'activating', 'model_2': 'deactivated', 'model_3': 'deactivated', 'model_4': 'activating', 'model_5': 'activating', 'model_6': 'deactivated'}
[2026-08-21 17:03:47.886 GPU_Scheduler_0] Waiting for models to be activated: {'model_1': 'activating', 'model_2': 'deactivated', 'model_3': 'deactivated', 'model_4': 'activating', 'model_5': 'activating', 'model_6': 'deactivated'}
[2026-08-21 17:03:47.896 GPU_Scheduler_0] Waiting for models to be activated: {'model_1': 'activating', 'model_2': 'deactivated', 'model_3': 'deactivated', 'model_4': 'activating', 'model_5': 'activating', 'model_6': 'deactivated'}
[2026-08-21 17:03:47.906 GPU_Scheduler_0] Waiting for models to be activated: {'model_1': 'activating', 'model_2': 'deactivated', 'model_3': 'deactivated', 'model_4': 'activating', 'model_5': 'activating', 'model_6': 'deactivated'}
[2026-08-21 17:03:47.917 GPU_Scheduler_0] Waiting for models to be activated: {'model_1': 'activating', 'model_2': 'deactivated', 'model_3': 'deactivated', 'model_4': 'activating', 'model_5': 'activating', 'model_6': 'deactivated'}
[2026-08-21 17:03:47.927 GPU_Scheduler_0] Waiting for models to be activated: {'model_1': 'activating', 'model_2': 'deactivated', 'model_3': 'deactivated', 'model_4': 'activating', 'model_5': 'activating', 'model_6': 'deactivated'}
[2026-08-21 17:03:47.937 GPU_Scheduler_0] Waiting for models to be activated: {'model_1': 'activating', 'model_2': 'deactivated', 'model_3': 'deactivated', 'model_4': 'activating', 'model_5': 'activating', 'model_6': 'deactivated'}
[2026-08-21 17:03:47.948 GPU_Scheduler_0] Waiting for models to be activated: {'model_1': 'activating', 'model_2': 'deactivated', 'model_3': 'deactivated', 'model_4': 'activating', 'model_5': 'activating', 'model_6': 'deactivated'}
[2026-08-21 17:03:47.958 GPU_Scheduler_0] Waiting for models to be activated: {'model_1': 'activating', 'model_2': 'deactivated', 'model_3': 'deactivated', 'model_4': 'activating', 'model_5': 'activating', 'model_6': 'deactivated'}
[2026-08-21 17:03:47.968 GPU_Scheduler_0] Waiting for models to be activated: {'model_1': 'activating', 'model_2': 'deactivated', 'model_3': 'deactivated', 'model_4': 'activating', 'model_5': 'activating', 'model_6': 'deactivated'}
[2026-08-21 17:03:47.978 GPU_Scheduler_0] Waiting for models to be activated: {'model_1': 'activating', 'model_2': 'deactivated', 'model_3': 'deactivated', 'model_4': 'activating', 'model_5': 'activating', 'model_6': 'deactivated'}
[2026-08-21 17:03:47.989 GPU_Scheduler_0] Waiting for models to be activated: {'model_1': 'activating', 'model_2': 'deactivated', 'model_3': 'deactivated', 'model_4': 'activating', 'model_5': 'activating', 'model_6': 'deactivated'}
[2026-08-21 17:03:47.999 GPU_Scheduler_0] Waiting for models to be activated: {'model_1': 'activating', 'model_2': 'deactivated', 'model_3': 'deactivated', 'model_4': 'activating', 'model_5': 'activating', 'model_6': 'deactivated'}
[2026-08-21 17:03:48.009 GPU_Scheduler_0] Waiting for models to be activated: {'model_1': 'activating', 'model_2': 'deactivated', 'model_3': 'deactivated', 'model_4': 'activating', 'model_5': 'activating', 'model_6': 'deactivated'}
[2026-08-21 17:03:48.019 GPU_Scheduler_0] Waiting for models to be activated: {'model_1': 'activating', 'model_2': 'deactivated', 'model_3': 'deactivated', 'model_4': 'activating', 'model_5': 'activating', 'model_6': 'deactivated'}
[2026-08-21 17:03:48.030 GPU_Scheduler_0] Waiting for models to be activated: {'model_1': 'activating', 'model_2': 'deactivated', 'model_3': 'deactivated', 'model_4': 'activating', 'model_5': 'activating', 'model_6': 'deactivated'}
[2026-08-21 17:03:48.040 GPU_Scheduler_0] Waiting for models to be activated: {'model_1': 'activating', 'model_2': 'deactivated', 'model_3': 'deactivated', 'model_4': 'activating', 'model_5': 'activating', 'model_6': 'deactivated'}
[2026-08-21 17:03:48.050 GPU_Scheduler_0] Waiting for models to be activated: {'model_1': 'activating', 'model_2': 'deactivated', 'model_3': 'deactivated', 'model_4': 'activating', 'model_5': 'activating', 'model_6': 'deactivated'}
[2026-08-21 17:03:48.061 GPU_Scheduler_0] Waiting for models to be activated: {'model_1': 'activating', 'model_2': 'deactivated', 'model_3': 'deactivated', 'model_4': 'activating', 'model_5': 'activating', 'model_6': 'deactivated'}
[2026-08-21 17:03:48.071 GPU_Scheduler_0] Waiting for models to be activated: {'model_1': 'activating', 'model_2': 'deactivated', 'model_3': 'deactivated', 'model_4': 'activating', 'model_5': 'activating', 'model_6': 'deactivated'}
[2026-08-21 17:03:48.081 GPU_Scheduler_0] Waiting for models to be activated: {'model_1': 'activating', 'model_2': 'deactivated', 'model_3': 'deactivated', 'model_4': 'activating', 'model_5': 'activating', 'model_6': 'deactivated'}
[2026-08-21 17:03:48.091 GPU_Scheduler_0] Waiting for models to be activated: {'model_1': 'activating', 'model_2': 'deactivated', 'model_3': 'deactivated', 'model_4': 'activating', 'model_5': 'activating', 'model_6': 'deactivated'}
[2026-08-21 17:03:48.102 GPU_Scheduler_0] Waiting for models to be activated: {'model_1': 'activating', 'model_2': 'deactivated', 'model_3': 'deactivated', 'model_4': 'activating', 'model_5': 'activating', 'model_6': 'deactivated'}
[2026-08-21 17:03:48.112 GPU_Scheduler_0] Waiting for models to be activated: {'model_1': 'activating', 'model_2': 'deactivated', 'model_3': 'deactivated', 'model_4': 'activating', 'model_5': 'activating', 'model_6': 'deactivated'}
[2026-08-21 17:03:48.122 GPU_Scheduler_0] Waiting for models to be activated: {'model_1': 'activating', 'model_2': 'deactivated', 'model_3': 'deactivated', 'model_4': 'activating', 'model_5': 'activating', 'model_6': 'deactivated'}
[2026-08-21 17:03:48.132 GPU_Scheduler_0] Waiting for models to be activated: {'model_1': 'activating', 'model_2': 'deactivated', 'model_3': 'deactivated', 'model_4': 'activating', 'model_5': 'activating', 'model_6': 'deactivated'}
[2026-08-21 17:03:48.143 GPU_Scheduler_0] Waiting for models to be activated: {'model_1': 'activating', 'model_2': 'deactivated', 'model_3': 'deactivated', 'model_4': 'activating', 'model_5': 'activating', 'model_6': 'deactivated'}
[2026-08-21 17:03:48.153 GPU_Scheduler_0] Waiting for models to be activated: {'model_1': 'activating', 'model_2': 'deactivated', 'model_3': 'deactivated', 'model_4': 'activating', 'model_5': 'activating', 'model_6': 'deactivated'}
[2026-08-21 17:03:48.163 GPU_Scheduler_0] Waiting for models to be activated: {'model_1': 'activating', 'model_2': 'deactivated', 'model_3': 'deactivated', 'model_4': 'activating', 'model_5': 'activating', 'model_6': 'deactivated'}
[2026-08-21 17:03:48.173 GPU_Scheduler_0] Waiting for models to be activated: {'model_1': 'activating', 'model_2': 'deactivated', 'model_3': 'deactivated', 'model_4': 'activating', 'model_5': 'activating', 'model_6': 'deactivated'}
[2026-08-21 17:03:48.183 GPU_Scheduler_0] Waiting for models to be activated: {'model_1': 'activating', 'model_2': 'deactivated', 'model_3': 'deactivated', 'model_4': 'activating', 'model_5': 'activating', 'model_6': 'deactivated'}
[2026-08-21 17:03:48.194 GPU_Scheduler_0] Waiting for models to be activated: {'model_1': 'activating', 'model_2': 'deactivated', 'model_3': 'deactivated', 'model_4': 'activating', 'model_5': 'activating', 'model_6': 'deactivated'}
[2026-08-21 17:03:48.204 GPU_Scheduler_0] Waiting for models to be activated: {'model_1': 'activating', 'model_2': 'deactivated', 'model_3': 'deactivated', 'model_4': 'activating', 'model_5': 'activating', 'model_6': 'deactivated'}
[2026-08-21 17:03:48.214 GPU_Scheduler_0] Waiting for models to be activated: {'model_1': 'activating', 'model_2': 'deactivated', 'model_3': 'deactivated', 'model_4': 'activating', 'model_5': 'activating', 'model_6': 'deactivated'}
[2026-08-21 17:03:48.225 GPU_Scheduler_0] Waiting for models to be activated: {'model_1': 'activating', 'model_2': 'deactivated', 'model_3': 'deactivated', 'model_4': 'activating', 'model_5': 'activating', 'model_6': 'deactivated'}
[2026-08-21 17:03:48.235 GPU_Scheduler_0] Waiting for models to be activated: {'model_1': 'activating', 'model_2': 'deactivated', 'model_3': 'deactivated', 'model_4': 'activating', 'model_5': 'activating', 'model_6': 'deactivated'}
[2026-08-21 17:03:48.245 GPU_Scheduler_0] Waiting for models to be activated: {'model_1': 'activating', 'model_2': 'deactivated', 'model_3': 'deactivated', 'model_4': 'activating', 'model_5': 'activating', 'model_6': 'deactivated'}
[2026-08-21 17:03:48.255 GPU_Scheduler_0] Waiting for models to be activated: {'model_1': 'activating', 'model_2': 'deactivated', 'model_3': 'deactivated', 'model_4': 'activating', 'model_5': 'activating', 'model_6': 'deactivated'}
[2026-08-21 17:03:48.266 GPU_Scheduler_0] Waiting for models to be activated: {'model_1': 'activating', 'model_2': 'deactivated', 'model_3': 'deactivated', 'model_4': 'activating', 'model_5': 'activating', 'model_6': 'deactivated'}
[2026-08-21 17:03:48.276 GPU_Scheduler_0] Waiting for models to be activated: {'model_1': 'activating', 'model_2': 'deactivated', 'model_3': 'deactivated', 'model_4': 'activating', 'model_5': 'activating', 'model_6': 'deactivated'}
[2026-08-21 17:03:48.286 GPU_Scheduler_0] Waiting for models to be activated: {'model_1': 'activating', 'model_2': 'deactivated', 'model_3': 'deactivated', 'model_4': 'activating', 'model_5': 'activating', 'model_6': 'deactivated'}
[2026-08-21 17:03:48.296 GPU_Scheduler_0] Waiting for models to be activated: {'model_1': 'activating', 'model_2': 'deactivated', 'model_3': 'deactivated', 'model_4': 'activating', 'model_5': 'activating', 'model_6': 'deactivated'}
[2026-08-21 17:03:48.307 GPU_Scheduler_0] Waiting for models to be activated: {'model_1': 'activating', 'model_2': 'deactivated', 'model_3': 'deactivated', 'model_4': 'activating', 'model_5': 'activating', 'model_6': 'deactivated'}
[2026-08-21 17:03:48.317 GPU_Scheduler_0] Waiting for models to be activated: {'model_1': 'activating', 'model_2': 'deactivated', 'model_3': 'deactivated', 'model_4': 'activating', 'model_5': 'activating', 'model_6': 'deactivated'}
[2026-08-21 17:03:48.327 GPU_Scheduler_0] Waiting for models to be activated: {'model_1': 'activating', 'model_2': 'deactivated', 'model_3': 'deactivated', 'model_4': 'activating', 'model_5': 'activating', 'model_6': 'deactivated'}
[2026-08-21 17:03:48.338 GPU_Scheduler_0] Waiting for models to be activated: {'model_1': 'activating', 'model_2': 'deactivated', 'model_3': 'deactivated', 'model_4': 'activating', 'model_5': 'activating', 'model_6': 'deactivated'}
[2026-08-21 17:03:48.348 GPU_Scheduler_0] Waiting for models to be activated: {'model_1': 'activating', 'model_2': 'deactivated', 'model_3': 'deactivated', 'model_4': 'activating', 'model_5': 'activating', 'model_6': 'deactivated'}
[2026-08-21 17:03:48.358 GPU_Scheduler_0] Waiting for models to be activated: {'model_1': 'activating', 'model_2': 'deactivated', 'model_3': 'deactivated', 'model_4': 'activating', 'model_5': 'activating', 'model_6': 'deactivated'}
[2026-08-21 17:03:48.369 GPU_Scheduler_0] Waiting for models to be activated: {'model_1': 'activating', 'model_2': 'deactivated', 'model_3': 'deactivated', 'model_4': 'activating', 'model_5': 'activating', 'model_6': 'deactivated'}
[2026-08-21 17:03:48.379 GPU_Scheduler_0] Waiting for models to be activated: {'model_1': 'activating', 'model_2': 'deactivated', 'model_3': 'deactivated', 'model_4': 'activating', 'model_5': 'activating', 'model_6': 'deactivated'}
[2026-08-21 17:03:48.389 GPU_Scheduler_0] Waiting for models to be activated: {'model_1': 'activating', 'model_2': 'deactivated', 'model_3': 'deactivated', 'model_4': 'activating', 'model_5': 'activating', 'model_6': 'deactivated'}
[2026-08-21 17:03:48.399 GPU_Scheduler_0] Waiting for models to be activated: {'model_1': 'activating', 'model_2': 'deactivated', 'model_3': 'deactivated', 'model_4': 'activating', 'model_5': 'activating', 'model_6': 'deactivated'}
[2026-08-21 17:03:48.410 GPU_Scheduler_0] Waiting for models to be activated: {'model_1': 'activating', 'model_2': 'deactivated', 'model_3': 'deactivated', 'model_4': 'activating', 'model_5': 'activating', 'model_6': 'deactivated'}
[2026-08-21 17:03:48.420 GPU_Scheduler_0] Waiting for models to be activated: {'model_1': 'activating', 'model_2': 'deactivated', 'model_3': 'deactivated', 'model_4': 'activating', 'model_5': 'activating', 'model_6': 'deactivated'}
[2026-08-21 17:03:48.431 GPU_Scheduler_0] Model model_1 (instance 0) activation succeeded on GPU 0
[2026-08-21 17:03:48.431 GPU_Scheduler_0] Waiting for models to be activated: {'model_1': 'activated', 'model_2': 'deactivated', 'model_3': 'deactivated', 'model_4': 'activating', 'model_5': 'activating', 'model_6': 'deactivated'}
[2026-08-21 17:03:48.441 GPU_Scheduler_0] Waiting for models to be activated: {'model_1': 'activated', 'model_2': 'deactivated', 'model_3': 'deactivated', 'model_4': 'activating', 'model_5': 'activating', 'model_6': 'deactivated'}
[2026-08-21 17:03:48.451 GPU_Scheduler_0] Waiting for models to be activated: {'model_1': 'activated', 'model_2': 'deactivated', 'model_3': 'deactivated', 'model_4': 'activating', 'model_5': 'activating', 'model_6': 'deactivated'}
[2026-08-21 17:03:48.462 GPU_Scheduler_0] Waiting for models to be activated: {'model_1': 'activated', 'model_2': 'deactivated', 'model_3': 'deactivated', 'model_4': 'activating', 'model_5': 'activating', 'model_6': 'deactivated'}
[2026-08-21 17:03:48.472 GPU_Scheduler_0] Waiting for models to be activated: {'model_1': 'activated', 'model_2': 'deactivated', 'model_3': 'deactivated', 'model_4': 'activating', 'model_5': 'activating', 'model_6': 'deactivated'}
[2026-08-21 17:03:48.482 GPU_Scheduler_0] Waiting for models to be activated: {'model_1': 'activated', 'model_2': 'deactivated', 'model_3': 'deactivated', 'model_4': 'activating', 'model_5': 'activating', 'model_6': 'deactivated'}
[2026-08-21 17:03:48.493 GPU_Scheduler_0] Waiting for models to be activated: {'model_1': 'activated', 'model_2': 'deactivated', 'model_3': 'deactivated', 'model_4': 'activating', 'model_5': 'activating', 'model_6': 'deactivated'}
[2026-08-21 17:03:48.503 GPU_Scheduler_0] Waiting for models to be activated: {'model_1': 'activated', 'model_2': 'deactivated', 'model_3': 'deactivated', 'model_4': 'activating', 'model_5': 'activating', 'model_6': 'deactivated'}
[2026-08-21 17:03:48.513 GPU_Scheduler_0] Waiting for models to be activated: {'model_1': 'activated', 'model_2': 'deactivated', 'model_3': 'deactivated', 'model_4': 'activating', 'model_5': 'activating', 'model_6': 'deactivated'}
[2026-08-21 17:03:48.524 GPU_Scheduler_0] Waiting for models to be activated: {'model_1': 'activated', 'model_2': 'deactivated', 'model_3': 'deactivated', 'model_4': 'activating', 'model_5': 'activating', 'model_6': 'deactivated'}
[2026-08-21 17:03:48.534 GPU_Scheduler_0] Waiting for models to be activated: {'model_1': 'activated', 'model_2': 'deactivated', 'model_3': 'deactivated', 'model_4': 'activating', 'model_5': 'activating', 'model_6': 'deactivated'}
[2026-08-21 17:03:48.544 GPU_Scheduler_0] Waiting for models to be activated: {'model_1': 'activated', 'model_2': 'deactivated', 'model_3': 'deactivated', 'model_4': 'activating', 'model_5': 'activating', 'model_6': 'deactivated'}
[2026-08-21 17:03:48.555 GPU_Scheduler_0] Waiting for models to be activated: {'model_1': 'activated', 'model_2': 'deactivated', 'model_3': 'deactivated', 'model_4': 'activating', 'model_5': 'activating', 'model_6': 'deactivated'}
[2026-08-21 17:03:48.565 GPU_Scheduler_0] Waiting for models to be activated: {'model_1': 'activated', 'model_2': 'deactivated', 'model_3': 'deactivated', 'model_4': 'activating', 'model_5': 'activating', 'model_6': 'deactivated'}
[2026-08-21 17:03:48.575 GPU_Scheduler_0] Waiting for models to be activated: {'model_1': 'activated', 'model_2': 'deactivated', 'model_3': 'deactivated', 'model_4': 'activating', 'model_5': 'activating', 'model_6': 'deactivated'}
[2026-08-21 17:03:48.586 GPU_Scheduler_0] Waiting for models to be activated: {'model_1': 'activated', 'model_2': 'deactivated', 'model_3': 'deactivated', 'model_4': 'activating', 'model_5': 'activating', 'model_6': 'deactivated'}
[2026-08-21 17:03:48.596 GPU_Scheduler_0] Waiting for models to be activated: {'model_1': 'activated', 'model_2': 'deactivated', 'model_3': 'deactivated', 'model_4': 'activating', 'model_5': 'activating', 'model_6': 'deactivated'}
[2026-08-21 17:03:48.606 GPU_Scheduler_0] Waiting for models to be activated: {'model_1': 'activated', 'model_2': 'deactivated', 'model_3': 'deactivated', 'model_4': 'activating', 'model_5': 'activating', 'model_6': 'deactivated'}
[2026-08-21 17:03:48.617 GPU_Scheduler_0] Waiting for models to be activated: {'model_1': 'activated', 'model_2': 'deactivated', 'model_3': 'deactivated', 'model_4': 'activating', 'model_5': 'activating', 'model_6': 'deactivated'}
[2026-08-21 17:03:48.627 GPU_Scheduler_0] Waiting for models to be activated: {'model_1': 'activated', 'model_2': 'deactivated', 'model_3': 'deactivated', 'model_4': 'activating', 'model_5': 'activating', 'model_6': 'deactivated'}
[2026-08-21 17:03:48.637 GPU_Scheduler_0] Waiting for models to be activated: {'model_1': 'activated', 'model_2': 'deactivated', 'model_3': 'deactivated', 'model_4': 'activating', 'model_5': 'activating', 'model_6': 'deactivated'}
[2026-08-21 17:03:48.648 GPU_Scheduler_0] Waiting for models to be activated: {'model_1': 'activated', 'model_2': 'deactivated', 'model_3': 'deactivated', 'model_4': 'activating', 'model_5': 'activating', 'model_6': 'deactivated'}
[2026-08-21 17:03:48.658 GPU_Scheduler_0] Waiting for models to be activated: {'model_1': 'activated', 'model_2': 'deactivated', 'model_3': 'deactivated', 'model_4': 'activating', 'model_5': 'activating', 'model_6': 'deactivated'}
[2026-08-21 17:03:48.668 GPU_Scheduler_0] Waiting for models to be activated: {'model_1': 'activated', 'model_2': 'deactivated', 'model_3': 'deactivated', 'model_4': 'activating', 'model_5': 'activating', 'model_6': 'deactivated'}
[2026-08-21 17:03:48.679 GPU_Scheduler_0] Waiting for models to be activated: {'model_1': 'activated', 'model_2': 'deactivated', 'model_3': 'deactivated', 'model_4': 'activating', 'model_5': 'activating', 'model_6': 'deactivated'}
[2026-08-21 17:03:48.689 GPU_Scheduler_0] Waiting for models to be activated: {'model_1': 'activated', 'model_2': 'deactivated', 'model_3': 'deactivated', 'model_4': 'activating', 'model_5': 'activating', 'model_6': 'deactivated'}
[2026-08-21 17:03:48.700 GPU_Scheduler_0] Waiting for models to be activated: {'model_1': 'activated', 'model_2': 'deactivated', 'model_3': 'deactivated', 'model_4': 'activating', 'model_5': 'activating', 'model_6': 'deactivated'}
[2026-08-21 17:03:48.710 GPU_Scheduler_0] Waiting for models to be activated: {'model_1': 'activated', 'model_2': 'deactivated', 'model_3': 'deactivated', 'model_4': 'activating', 'model_5': 'activating', 'model_6': 'deactivated'}
[2026-08-21 17:03:48.720 GPU_Scheduler_0] Waiting for models to be activated: {'model_1': 'activated', 'model_2': 'deactivated', 'model_3': 'deactivated', 'model_4': 'activating', 'model_5': 'activating', 'model_6': 'deactivated'}
[2026-08-21 17:03:48.731 GPU_Scheduler_0] Waiting for models to be activated: {'model_1': 'activated', 'model_2': 'deactivated', 'model_3': 'deactivated', 'model_4': 'activating', 'model_5': 'activating', 'model_6': 'deactivated'}
[2026-08-21 17:03:48.741 GPU_Scheduler_0] Waiting for models to be activated: {'model_1': 'activated', 'model_2': 'deactivated', 'model_3': 'deactivated', 'model_4': 'activating', 'model_5': 'activating', 'model_6': 'deactivated'}
[2026-08-21 17:03:48.752 GPU_Scheduler_0] Waiting for models to be activated: {'model_1': 'activated', 'model_2': 'deactivated', 'model_3': 'deactivated', 'model_4': 'activating', 'model_5': 'activating', 'model_6': 'deactivated'}
[2026-08-21 17:03:48.762 GPU_Scheduler_0] Waiting for models to be activated: {'model_1': 'activated', 'model_2': 'deactivated', 'model_3': 'deactivated', 'model_4': 'activating', 'model_5': 'activating', 'model_6': 'deactivated'}
[2026-08-21 17:03:48.772 GPU_Scheduler_0] Waiting for models to be activated: {'model_1': 'activated', 'model_2': 'deactivated', 'model_3': 'deactivated', 'model_4': 'activating', 'model_5': 'activating', 'model_6': 'deactivated'}
[2026-08-21 17:03:48.783 GPU_Scheduler_0] Waiting for models to be activated: {'model_1': 'activated', 'model_2': 'deactivated', 'model_3': 'deactivated', 'model_4': 'activating', 'model_5': 'activating', 'model_6': 'deactivated'}
[2026-08-21 17:03:48.793 GPU_Scheduler_0] Waiting for models to be activated: {'model_1': 'activated', 'model_2': 'deactivated', 'model_3': 'deactivated', 'model_4': 'activating', 'model_5': 'activating', 'model_6': 'deactivated'}
[2026-08-21 17:03:48.804 GPU_Scheduler_0] Waiting for models to be activated: {'model_1': 'activated', 'model_2': 'deactivated', 'model_3': 'deactivated', 'model_4': 'activating', 'model_5': 'activating', 'model_6': 'deactivated'}
[2026-08-21 17:03:48.814 GPU_Scheduler_0] Waiting for models to be activated: {'model_1': 'activated', 'model_2': 'deactivated', 'model_3': 'deactivated', 'model_4': 'activating', 'model_5': 'activating', 'model_6': 'deactivated'}
[2026-08-21 17:03:48.825 GPU_Scheduler_0] Waiting for models to be activated: {'model_1': 'activated', 'model_2': 'deactivated', 'model_3': 'deactivated', 'model_4': 'activating', 'model_5': 'activating', 'model_6': 'deactivated'}
[2026-08-21 17:03:48.836 GPU_Scheduler_0] Waiting for models to be activated: {'model_1': 'activated', 'model_2': 'deactivated', 'model_3': 'deactivated', 'model_4': 'activating', 'model_5': 'activating', 'model_6': 'deactivated'}
[2026-08-21 17:03:48.846 GPU_Scheduler_0] Waiting for models to be activated: {'model_1': 'activated', 'model_2': 'deactivated', 'model_3': 'deactivated', 'model_4': 'activating', 'model_5': 'activating', 'model_6': 'deactivated'}
[2026-08-21 17:03:48.856 GPU_Scheduler_0] Waiting for models to be activated: {'model_1': 'activated', 'model_2': 'deactivated', 'model_3': 'deactivated', 'model_4': 'activating', 'model_5': 'activating', 'model_6': 'deactivated'}
[2026-08-21 17:03:48.867 GPU_Scheduler_0] Waiting for models to be activated: {'model_1': 'activated', 'model_2': 'deactivated', 'model_3': 'deactivated', 'model_4': 'activating', 'model_5': 'activating', 'model_6': 'deactivated'}
[2026-08-21 17:03:48.877 GPU_Scheduler_0] Waiting for models to be activated: {'model_1': 'activated', 'model_2': 'deactivated', 'model_3': 'deactivated', 'model_4': 'activating', 'model_5': 'activating', 'model_6': 'deactivated'}
[2026-08-21 17:03:48.888 GPU_Scheduler_0] Waiting for models to be activated: {'model_1': 'activated', 'model_2': 'deactivated', 'model_3': 'deactivated', 'model_4': 'activating', 'model_5': 'activating', 'model_6': 'deactivated'}
[2026-08-21 17:03:48.898 GPU_Scheduler_0] Waiting for models to be activated: {'model_1': 'activated', 'model_2': 'deactivated', 'model_3': 'deactivated', 'model_4': 'activating', 'model_5': 'activating', 'model_6': 'deactivated'}
[2026-08-21 17:03:48.909 GPU_Scheduler_0] Waiting for models to be activated: {'model_1': 'activated', 'model_2': 'deactivated', 'model_3': 'deactivated', 'model_4': 'activating', 'model_5': 'activating', 'model_6': 'deactivated'}
[2026-08-21 17:03:48.919 GPU_Scheduler_0] Waiting for models to be activated: {'model_1': 'activated', 'model_2': 'deactivated', 'model_3': 'deactivated', 'model_4': 'activating', 'model_5': 'activating', 'model_6': 'deactivated'}
[2026-08-21 17:03:48.929 GPU_Scheduler_0] Waiting for models to be activated: {'model_1': 'activated', 'model_2': 'deactivated', 'model_3': 'deactivated', 'model_4': 'activating', 'model_5': 'activating', 'model_6': 'deactivated'}
[2026-08-21 17:03:48.940 GPU_Scheduler_0] Waiting for models to be activated: {'model_1': 'activated', 'model_2': 'deactivated', 'model_3': 'deactivated', 'model_4': 'activating', 'model_5': 'activating', 'model_6': 'deactivated'}
[2026-08-21 17:03:48.950 GPU_Scheduler_0] Waiting for models to be activated: {'model_1': 'activated', 'model_2': 'deactivated', 'model_3': 'deactivated', 'model_4': 'activating', 'model_5': 'activating', 'model_6': 'deactivated'}
[2026-08-21 17:03:48.960 GPU_Scheduler_0] Waiting for models to be activated: {'model_1': 'activated', 'model_2': 'deactivated', 'model_3': 'deactivated', 'model_4': 'activating', 'model_5': 'activating', 'model_6': 'deactivated'}
[2026-08-21 17:03:48.971 GPU_Scheduler_0] Waiting for models to be activated: {'model_1': 'activated', 'model_2': 'deactivated', 'model_3': 'deactivated', 'model_4': 'activating', 'model_5': 'activating', 'model_6': 'deactivated'}
[2026-08-21 17:03:48.981 GPU_Scheduler_0] Waiting for models to be activated: {'model_1': 'activated', 'model_2': 'deactivated', 'model_3': 'deactivated', 'model_4': 'activating', 'model_5': 'activating', 'model_6': 'deactivated'}
[2026-08-21 17:03:48.991 GPU_Scheduler_0] Waiting for models to be activated: {'model_1': 'activated', 'model_2': 'deactivated', 'model_3': 'deactivated', 'model_4': 'activating', 'model_5': 'activating', 'model_6': 'deactivated'}
[2026-08-21 17:03:49.002 GPU_Scheduler_0] Waiting for models to be activated: {'model_1': 'activated', 'model_2': 'deactivated', 'model_3': 'deactivated', 'model_4': 'activating', 'model_5': 'activating', 'model_6': 'deactivated'}
[2026-08-21 17:03:49.012 GPU_Scheduler_0] Waiting for models to be activated: {'model_1': 'activated', 'model_2': 'deactivated', 'model_3': 'deactivated', 'model_4': 'activating', 'model_5': 'activating', 'model_6': 'deactivated'}
[2026-08-21 17:03:49.023 GPU_Scheduler_0] Waiting for models to be activated: {'model_1': 'activated', 'model_2': 'deactivated', 'model_3': 'deactivated', 'model_4': 'activating', 'model_5': 'activating', 'model_6': 'deactivated'}
[2026-08-21 17:03:49.033 GPU_Scheduler_0] Waiting for models to be activated: {'model_1': 'activated', 'model_2': 'deactivated', 'model_3': 'deactivated', 'model_4': 'activating', 'model_5': 'activating', 'model_6': 'deactivated'}
[2026-08-21 17:03:49.043 GPU_Scheduler_0] Waiting for models to be activated: {'model_1': 'activated', 'model_2': 'deactivated', 'model_3': 'deactivated', 'model_4': 'activating', 'model_5': 'activating', 'model_6': 'deactivated'}
[2026-08-21 17:03:49.053 GPU_Scheduler_0] Waiting for models to be activated: {'model_1': 'activated', 'model_2': 'deactivated', 'model_3': 'deactivated', 'model_4': 'activating', 'model_5': 'activating', 'model_6': 'deactivated'}
[2026-08-21 17:03:49.064 GPU_Scheduler_0] Waiting for models to be activated: {'model_1': 'activated', 'model_2': 'deactivated', 'model_3': 'deactivated', 'model_4': 'activating', 'model_5': 'activating', 'model_6': 'deactivated'}
[2026-08-21 17:03:49.074 GPU_Scheduler_0] Waiting for models to be activated: {'model_1': 'activated', 'model_2': 'deactivated', 'model_3': 'deactivated', 'model_4': 'activating', 'model_5': 'activating', 'model_6': 'deactivated'}
[2026-08-21 17:03:49.085 GPU_Scheduler_0] Waiting for models to be activated: {'model_1': 'activated', 'model_2': 'deactivated', 'model_3': 'deactivated', 'model_4': 'activating', 'model_5': 'activating', 'model_6': 'deactivated'}
[2026-08-21 17:03:49.095 GPU_Scheduler_0] Waiting for models to be activated: {'model_1': 'activated', 'model_2': 'deactivated', 'model_3': 'deactivated', 'model_4': 'activating', 'model_5': 'activating', 'model_6': 'deactivated'}
[2026-08-21 17:03:49.105 GPU_Scheduler_0] Waiting for models to be activated: {'model_1': 'activated', 'model_2': 'deactivated', 'model_3': 'deactivated', 'model_4': 'activating', 'model_5': 'activating', 'model_6': 'deactivated'}
[2026-08-21 17:03:49.115 GPU_Scheduler_0] Waiting for models to be activated: {'model_1': 'activated', 'model_2': 'deactivated', 'model_3': 'deactivated', 'model_4': 'activating', 'model_5': 'activating', 'model_6': 'deactivated'}
[2026-08-21 17:03:49.126 GPU_Scheduler_0] Waiting for models to be activated: {'model_1': 'activated', 'model_2': 'deactivated', 'model_3': 'deactivated', 'model_4': 'activating', 'model_5': 'activating', 'model_6': 'deactivated'}
[2026-08-21 17:03:49.136 GPU_Scheduler_0] Waiting for models to be activated: {'model_1': 'activated', 'model_2': 'deactivated', 'model_3': 'deactivated', 'model_4': 'activating', 'model_5': 'activating', 'model_6': 'deactivated'}
[2026-08-21 17:03:49.146 GPU_Scheduler_0] Waiting for models to be activated: {'model_1': 'activated', 'model_2': 'deactivated', 'model_3': 'deactivated', 'model_4': 'activating', 'model_5': 'activating', 'model_6': 'deactivated'}
[2026-08-21 17:03:49.157 GPU_Scheduler_0] Waiting for models to be activated: {'model_1': 'activated', 'model_2': 'deactivated', 'model_3': 'deactivated', 'model_4': 'activating', 'model_5': 'activating', 'model_6': 'deactivated'}
[2026-08-21 17:03:49.167 GPU_Scheduler_0] Waiting for models to be activated: {'model_1': 'activated', 'model_2': 'deactivated', 'model_3': 'deactivated', 'model_4': 'activating', 'model_5': 'activating', 'model_6': 'deactivated'}
[2026-08-21 17:03:49.177 GPU_Scheduler_0] Waiting for models to be activated: {'model_1': 'activated', 'model_2': 'deactivated', 'model_3': 'deactivated', 'model_4': 'activating', 'model_5': 'activating', 'model_6': 'deactivated'}
[2026-08-21 17:03:49.188 GPU_Scheduler_0] Waiting for models to be activated: {'model_1': 'activated', 'model_2': 'deactivated', 'model_3': 'deactivated', 'model_4': 'activating', 'model_5': 'activating', 'model_6': 'deactivated'}
[2026-08-21 17:03:49.198 GPU_Scheduler_0] Waiting for models to be activated: {'model_1': 'activated', 'model_2': 'deactivated', 'model_3': 'deactivated', 'model_4': 'activating', 'model_5': 'activating', 'model_6': 'deactivated'}
[2026-08-21 17:03:49.208 GPU_Scheduler_0] Waiting for models to be activated: {'model_1': 'activated', 'model_2': 'deactivated', 'model_3': 'deactivated', 'model_4': 'activating', 'model_5': 'activating', 'model_6': 'deactivated'}
[2026-08-21 17:03:49.219 GPU_Scheduler_0] Waiting for models to be activated: {'model_1': 'activated', 'model_2': 'deactivated', 'model_3': 'deactivated', 'model_4': 'activating', 'model_5': 'activating', 'model_6': 'deactivated'}
[2026-08-21 17:03:49.229 GPU_Scheduler_0] Waiting for models to be activated: {'model_1': 'activated', 'model_2': 'deactivated', 'model_3': 'deactivated', 'model_4': 'activating', 'model_5': 'activating', 'model_6': 'deactivated'}
[2026-08-21 17:03:49.239 GPU_Scheduler_0] Waiting for models to be activated: {'model_1': 'activated', 'model_2': 'deactivated', 'model_3': 'deactivated', 'model_4': 'activating', 'model_5': 'activating', 'model_6': 'deactivated'}
[2026-08-21 17:03:49.249 GPU_Scheduler_0] Waiting for models to be activated: {'model_1': 'activated', 'model_2': 'deactivated', 'model_3': 'deactivated', 'model_4': 'activating', 'model_5': 'activating', 'model_6': 'deactivated'}
[2026-08-21 17:03:49.260 GPU_Scheduler_0] Waiting for models to be activated: {'model_1': 'activated', 'model_2': 'deactivated', 'model_3': 'deactivated', 'model_4': 'activating', 'model_5': 'activating', 'model_6': 'deactivated'}
[2026-08-21 17:03:49.270 GPU_Scheduler_0] Waiting for models to be activated: {'model_1': 'activated', 'model_2': 'deactivated', 'model_3': 'deactivated', 'model_4': 'activating', 'model_5': 'activating', 'model_6': 'deactivated'}
[2026-08-21 17:03:49.281 GPU_Scheduler_0] Waiting for models to be activated: {'model_1': 'activated', 'model_2': 'deactivated', 'model_3': 'deactivated', 'model_4': 'activating', 'model_5': 'activating', 'model_6': 'deactivated'}
[2026-08-21 17:03:49.291 GPU_Scheduler_0] Waiting for models to be activated: {'model_1': 'activated', 'model_2': 'deactivated', 'model_3': 'deactivated', 'model_4': 'activating', 'model_5': 'activating', 'model_6': 'deactivated'}
[2026-08-21 17:03:49.301 GPU_Scheduler_0] Waiting for models to be activated: {'model_1': 'activated', 'model_2': 'deactivated', 'model_3': 'deactivated', 'model_4': 'activating', 'model_5': 'activating', 'model_6': 'deactivated'}
[2026-08-21 17:03:49.312 GPU_Scheduler_0] Waiting for models to be activated: {'model_1': 'activated', 'model_2': 'deactivated', 'model_3': 'deactivated', 'model_4': 'activating', 'model_5': 'activating', 'model_6': 'deactivated'}
[2026-08-21 17:03:49.322 GPU_Scheduler_0] Waiting for models to be activated: {'model_1': 'activated', 'model_2': 'deactivated', 'model_3': 'deactivated', 'model_4': 'activating', 'model_5': 'activating', 'model_6': 'deactivated'}
[2026-08-21 17:03:49.333 GPU_Scheduler_0] Waiting for models to be activated: {'model_1': 'activated', 'model_2': 'deactivated', 'model_3': 'deactivated', 'model_4': 'activating', 'model_5': 'activating', 'model_6': 'deactivated'}
[2026-08-21 17:03:49.343 GPU_Scheduler_0] Waiting for models to be activated: {'model_1': 'activated', 'model_2': 'deactivated', 'model_3': 'deactivated', 'model_4': 'activating', 'model_5': 'activating', 'model_6': 'deactivated'}
[2026-08-21 17:03:49.353 GPU_Scheduler_0] Waiting for models to be activated: {'model_1': 'activated', 'model_2': 'deactivated', 'model_3': 'deactivated', 'model_4': 'activating', 'model_5': 'activating', 'model_6': 'deactivated'}
[2026-08-21 17:03:49.364 GPU_Scheduler_0] Waiting for models to be activated: {'model_1': 'activated', 'model_2': 'deactivated', 'model_3': 'deactivated', 'model_4': 'activating', 'model_5': 'activating', 'model_6': 'deactivated'}
[2026-08-21 17:03:49.374 GPU_Scheduler_0] Waiting for models to be activated: {'model_1': 'activated', 'model_2': 'deactivated', 'model_3': 'deactivated', 'model_4': 'activating', 'model_5': 'activating', 'model_6': 'deactivated'}
[2026-08-21 17:03:49.384 GPU_Scheduler_0] Waiting for models to be activated: {'model_1': 'activated', 'model_2': 'deactivated', 'model_3': 'deactivated', 'model_4': 'activating', 'model_5': 'activating', 'model_6': 'deactivated'}
[2026-08-21 17:03:49.395 GPU_Scheduler_0] Waiting for models to be activated: {'model_1': 'activated', 'model_2': 'deactivated', 'model_3': 'deactivated', 'model_4': 'activating', 'model_5': 'activating', 'model_6': 'deactivated'}
[2026-08-21 17:03:49.405 GPU_Scheduler_0] Waiting for models to be activated: {'model_1': 'activated', 'model_2': 'deactivated', 'model_3': 'deactivated', 'model_4': 'activating', 'model_5': 'activating', 'model_6': 'deactivated'}
[2026-08-21 17:03:49.415 GPU_Scheduler_0] Waiting for models to be activated: {'model_1': 'activated', 'model_2': 'deactivated', 'model_3': 'deactivated', 'model_4': 'activating', 'model_5': 'activating', 'model_6': 'deactivated'}
[2026-08-21 17:03:49.426 GPU_Scheduler_0] Waiting for models to be activated: {'model_1': 'activated', 'model_2': 'deactivated', 'model_3': 'deactivated', 'model_4': 'activating', 'model_5': 'activating', 'model_6': 'deactivated'}
[2026-08-21 17:03:49.436 GPU_Scheduler_0] Waiting for models to be activated: {'model_1': 'activated', 'model_2': 'deactivated', 'model_3': 'deactivated', 'model_4': 'activating', 'model_5': 'activating', 'model_6': 'deactivated'}
[2026-08-21 17:03:49.446 GPU_Scheduler_0] Waiting for models to be activated: {'model_1': 'activated', 'model_2': 'deactivated', 'model_3': 'deactivated', 'model_4': 'activating', 'model_5': 'activating', 'model_6': 'deactivated'}
[2026-08-21 17:03:49.457 GPU_Scheduler_0] Waiting for models to be activated: {'model_1': 'activated', 'model_2': 'deactivated', 'model_3': 'deactivated', 'model_4': 'activating', 'model_5': 'activating', 'model_6': 'deactivated'}
[2026-08-21 17:03:49.467 GPU_Scheduler_0] Waiting for models to be activated: {'model_1': 'activated', 'model_2': 'deactivated', 'model_3': 'deactivated', 'model_4': 'activating', 'model_5': 'activating', 'model_6': 'deactivated'}
[2026-08-21 17:03:49.477 GPU_Scheduler_0] Waiting for models to be activated: {'model_1': 'activated', 'model_2': 'deactivated', 'model_3': 'deactivated', 'model_4': 'activating', 'model_5': 'activating', 'model_6': 'deactivated'}
[2026-08-21 17:03:49.488 GPU_Scheduler_0] Waiting for models to be activated: {'model_1': 'activated', 'model_2': 'deactivated', 'model_3': 'deactivated', 'model_4': 'activating', 'model_5': 'activating', 'model_6': 'deactivated'}
[2026-08-21 17:03:49.498 GPU_Scheduler_0] Waiting for models to be activated: {'model_1': 'activated', 'model_2': 'deactivated', 'model_3': 'deactivated', 'model_4': 'activating', 'model_5': 'activating', 'model_6': 'deactivated'}
[2026-08-21 17:03:49.508 GPU_Scheduler_0] Waiting for models to be activated: {'model_1': 'activated', 'model_2': 'deactivated', 'model_3': 'deactivated', 'model_4': 'activating', 'model_5': 'activating', 'model_6': 'deactivated'}
[2026-08-21 17:03:49.518 GPU_Scheduler_0] Waiting for models to be activated: {'model_1': 'activated', 'model_2': 'deactivated', 'model_3': 'deactivated', 'model_4': 'activating', 'model_5': 'activating', 'model_6': 'deactivated'}
[2026-08-21 17:03:49.529 GPU_Scheduler_0] Waiting for models to be activated: {'model_1': 'activated', 'model_2': 'deactivated', 'model_3': 'deactivated', 'model_4': 'activating', 'model_5': 'activating', 'model_6': 'deactivated'}
[2026-08-21 17:03:49.539 GPU_Scheduler_0] Waiting for models to be activated: {'model_1': 'activated', 'model_2': 'deactivated', 'model_3': 'deactivated', 'model_4': 'activating', 'model_5': 'activating', 'model_6': 'deactivated'}
[2026-08-21 17:03:49.550 GPU_Scheduler_0] Waiting for models to be activated: {'model_1': 'activated', 'model_2': 'deactivated', 'model_3': 'deactivated', 'model_4': 'activating', 'model_5': 'activating', 'model_6': 'deactivated'}
[2026-08-21 17:03:49.560 GPU_Scheduler_0] Waiting for models to be activated: {'model_1': 'activated', 'model_2': 'deactivated', 'model_3': 'deactivated', 'model_4': 'activating', 'model_5': 'activating', 'model_6': 'deactivated'}
[2026-08-21 17:03:49.570 GPU_Scheduler_0] Waiting for models to be activated: {'model_1': 'activated', 'model_2': 'deactivated', 'model_3': 'deactivated', 'model_4': 'activating', 'model_5': 'activating', 'model_6': 'deactivated'}
[2026-08-21 17:03:49.581 GPU_Scheduler_0] Waiting for models to be activated: {'model_1': 'activated', 'model_2': 'deactivated', 'model_3': 'deactivated', 'model_4': 'activating', 'model_5': 'activating', 'model_6': 'deactivated'}
[2026-08-21 17:03:49.591 GPU_Scheduler_0] Waiting for models to be activated: {'model_1': 'activated', 'model_2': 'deactivated', 'model_3': 'deactivated', 'model_4': 'activating', 'model_5': 'activating', 'model_6': 'deactivated'}
[2026-08-21 17:03:49.602 GPU_Scheduler_0] Waiting for models to be activated: {'model_1': 'activated', 'model_2': 'deactivated', 'model_3': 'deactivated', 'model_4': 'activating', 'model_5': 'activating', 'model_6': 'deactivated'}
[2026-08-21 17:03:49.612 GPU_Scheduler_0] Waiting for models to be activated: {'model_1': 'activated', 'model_2': 'deactivated', 'model_3': 'deactivated', 'model_4': 'activating', 'model_5': 'activating', 'model_6': 'deactivated'}
[2026-08-21 17:03:49.622 GPU_Scheduler_0] Waiting for models to be activated: {'model_1': 'activated', 'model_2': 'deactivated', 'model_3': 'deactivated', 'model_4': 'activating', 'model_5': 'activating', 'model_6': 'deactivated'}
[2026-08-21 17:03:49.633 GPU_Scheduler_0] Waiting for models to be activated: {'model_1': 'activated', 'model_2': 'deactivated', 'model_3': 'deactivated', 'model_4': 'activating', 'model_5': 'activating', 'model_6': 'deactivated'}
[2026-08-21 17:03:49.643 GPU_Scheduler_0] Waiting for models to be activated: {'model_1': 'activated', 'model_2': 'deactivated', 'model_3': 'deactivated', 'model_4': 'activating', 'model_5': 'activating', 'model_6': 'deactivated'}
[2026-08-21 17:03:49.653 GPU_Scheduler_0] Waiting for models to be activated: {'model_1': 'activated', 'model_2': 'deactivated', 'model_3': 'deactivated', 'model_4': 'activating', 'model_5': 'activating', 'model_6': 'deactivated'}
[2026-08-21 17:03:49.664 GPU_Scheduler_0] Waiting for models to be activated: {'model_1': 'activated', 'model_2': 'deactivated', 'model_3': 'deactivated', 'model_4': 'activating', 'model_5': 'activating', 'model_6': 'deactivated'}
[2026-08-21 17:03:49.674 GPU_Scheduler_0] Waiting for models to be activated: {'model_1': 'activated', 'model_2': 'deactivated', 'model_3': 'deactivated', 'model_4': 'activating', 'model_5': 'activating', 'model_6': 'deactivated'}
[2026-08-21 17:03:49.684 GPU_Scheduler_0] Waiting for models to be activated: {'model_1': 'activated', 'model_2': 'deactivated', 'model_3': 'deactivated', 'model_4': 'activating', 'model_5': 'activating', 'model_6': 'deactivated'}
[2026-08-21 17:03:49.695 GPU_Scheduler_0] Model model_4 (instance 0) activation succeeded on GPU 0
[2026-08-21 17:03:49.695 GPU_Scheduler_0] Waiting for models to be activated: {'model_1': 'activated', 'model_2': 'deactivated', 'model_3': 'deactivated', 'model_4': 'activated', 'model_5': 'activating', 'model_6': 'deactivated'}
[2026-08-21 17:03:49.705 GPU_Scheduler_0] Waiting for models to be activated: {'model_1': 'activated', 'model_2': 'deactivated', 'model_3': 'deactivated', 'model_4': 'activated', 'model_5': 'activating', 'model_6': 'deactivated'}
[2026-08-21 17:03:49.715 GPU_Scheduler_0] Waiting for models to be activated: {'model_1': 'activated', 'model_2': 'deactivated', 'model_3': 'deactivated', 'model_4': 'activated', 'model_5': 'activating', 'model_6': 'deactivated'}
[2026-08-21 17:03:49.726 GPU_Scheduler_0] Waiting for models to be activated: {'model_1': 'activated', 'model_2': 'deactivated', 'model_3': 'deactivated', 'model_4': 'activated', 'model_5': 'activating', 'model_6': 'deactivated'}
[2026-08-21 17:03:49.736 GPU_Scheduler_0] Waiting for models to be activated: {'model_1': 'activated', 'model_2': 'deactivated', 'model_3': 'deactivated', 'model_4': 'activated', 'model_5': 'activating', 'model_6': 'deactivated'}
[2026-08-21 17:03:49.746 GPU_Scheduler_0] Waiting for models to be activated: {'model_1': 'activated', 'model_2': 'deactivated', 'model_3': 'deactivated', 'model_4': 'activated', 'model_5': 'activating', 'model_6': 'deactivated'}
[2026-08-21 17:03:49.757 GPU_Scheduler_0] Waiting for models to be activated: {'model_1': 'activated', 'model_2': 'deactivated', 'model_3': 'deactivated', 'model_4': 'activated', 'model_5': 'activating', 'model_6': 'deactivated'}
[2026-08-21 17:03:49.767 GPU_Scheduler_0] Waiting for models to be activated: {'model_1': 'activated', 'model_2': 'deactivated', 'model_3': 'deactivated', 'model_4': 'activated', 'model_5': 'activating', 'model_6': 'deactivated'}
[2026-08-21 17:03:49.777 GPU_Scheduler_0] Waiting for models to be activated: {'model_1': 'activated', 'model_2': 'deactivated', 'model_3': 'deactivated', 'model_4': 'activated', 'model_5': 'activating', 'model_6': 'deactivated'}
[2026-08-21 17:03:49.787 GPU_Scheduler_0] Waiting for models to be activated: {'model_1': 'activated', 'model_2': 'deactivated', 'model_3': 'deactivated', 'model_4': 'activated', 'model_5': 'activating', 'model_6': 'deactivated'}
[2026-08-21 17:03:49.798 GPU_Scheduler_0] Waiting for models to be activated: {'model_1': 'activated', 'model_2': 'deactivated', 'model_3': 'deactivated', 'model_4': 'activated', 'model_5': 'activating', 'model_6': 'deactivated'}
[2026-08-21 17:03:49.808 GPU_Scheduler_0] Waiting for models to be activated: {'model_1': 'activated', 'model_2': 'deactivated', 'model_3': 'deactivated', 'model_4': 'activated', 'model_5': 'activating', 'model_6': 'deactivated'}
[2026-08-21 17:03:49.818 GPU_Scheduler_0] Waiting for models to be activated: {'model_1': 'activated', 'model_2': 'deactivated', 'model_3': 'deactivated', 'model_4': 'activated', 'model_5': 'activating', 'model_6': 'deactivated'}
[2026-08-21 17:03:49.828 GPU_Scheduler_0] Waiting for models to be activated: {'model_1': 'activated', 'model_2': 'deactivated', 'model_3': 'deactivated', 'model_4': 'activated', 'model_5': 'activating', 'model_6': 'deactivated'}
[2026-08-21 17:03:49.839 GPU_Scheduler_0] Waiting for models to be activated: {'model_1': 'activated', 'model_2': 'deactivated', 'model_3': 'deactivated', 'model_4': 'activated', 'model_5': 'activating', 'model_6': 'deactivated'}
[2026-08-21 17:03:49.849 GPU_Scheduler_0] Waiting for models to be activated: {'model_1': 'activated', 'model_2': 'deactivated', 'model_3': 'deactivated', 'model_4': 'activated', 'model_5': 'activating', 'model_6': 'deactivated'}
[2026-08-21 17:03:49.859 GPU_Scheduler_0] Waiting for models to be activated: {'model_1': 'activated', 'model_2': 'deactivated', 'model_3': 'deactivated', 'model_4': 'activated', 'model_5': 'activating', 'model_6': 'deactivated'}
[2026-08-21 17:03:49.870 GPU_Scheduler_0] Waiting for models to be activated: {'model_1': 'activated', 'model_2': 'deactivated', 'model_3': 'deactivated', 'model_4': 'activated', 'model_5': 'activating', 'model_6': 'deactivated'}
[2026-08-21 17:03:49.880 GPU_Scheduler_0] Waiting for models to be activated: {'model_1': 'activated', 'model_2': 'deactivated', 'model_3': 'deactivated', 'model_4': 'activated', 'model_5': 'activating', 'model_6': 'deactivated'}
[2026-08-21 17:03:49.890 GPU_Scheduler_0] Waiting for models to be activated: {'model_1': 'activated', 'model_2': 'deactivated', 'model_3': 'deactivated', 'model_4': 'activated', 'model_5': 'activating', 'model_6': 'deactivated'}
[2026-08-21 17:03:49.900 GPU_Scheduler_0] Waiting for models to be activated: {'model_1': 'activated', 'model_2': 'deactivated', 'model_3': 'deactivated', 'model_4': 'activated', 'model_5': 'activating', 'model_6': 'deactivated'}
[2026-08-21 17:03:49.911 GPU_Scheduler_0] Waiting for models to be activated: {'model_1': 'activated', 'model_2': 'deactivated', 'model_3': 'deactivated', 'model_4': 'activated', 'model_5': 'activating', 'model_6': 'deactivated'}
[2026-08-21 17:03:49.921 GPU_Scheduler_0] Waiting for models to be activated: {'model_1': 'activated', 'model_2': 'deactivated', 'model_3': 'deactivated', 'model_4': 'activated', 'model_5': 'activating', 'model_6': 'deactivated'}
[2026-08-21 17:03:49.931 GPU_Scheduler_0] Waiting for models to be activated: {'model_1': 'activated', 'model_2': 'deactivated', 'model_3': 'deactivated', 'model_4': 'activated', 'model_5': 'activating', 'model_6': 'deactivated'}
[2026-08-21 17:03:49.941 GPU_Scheduler_0] Waiting for models to be activated: {'model_1': 'activated', 'model_2': 'deactivated', 'model_3': 'deactivated', 'model_4': 'activated', 'model_5': 'activating', 'model_6': 'deactivated'}
[2026-08-21 17:03:49.952 GPU_Scheduler_0] Waiting for models to be activated: {'model_1': 'activated', 'model_2': 'deactivated', 'model_3': 'deactivated', 'model_4': 'activated', 'model_5': 'activating', 'model_6': 'deactivated'}
[2026-08-21 17:03:49.962 GPU_Scheduler_0] Waiting for models to be activated: {'model_1': 'activated', 'model_2': 'deactivated', 'model_3': 'deactivated', 'model_4': 'activated', 'model_5': 'activating', 'model_6': 'deactivated'}
[2026-08-21 17:03:49.972 GPU_Scheduler_0] Waiting for models to be activated: {'model_1': 'activated', 'model_2': 'deactivated', 'model_3': 'deactivated', 'model_4': 'activated', 'model_5': 'activating', 'model_6': 'deactivated'}
[2026-08-21 17:03:49.982 GPU_Scheduler_0] Waiting for models to be activated: {'model_1': 'activated', 'model_2': 'deactivated', 'model_3': 'deactivated', 'model_4': 'activated', 'model_5': 'activating', 'model_6': 'deactivated'}
[2026-08-21 17:03:49.993 GPU_Scheduler_0] Waiting for models to be activated: {'model_1': 'activated', 'model_2': 'deactivated', 'model_3': 'deactivated', 'model_4': 'activated', 'model_5': 'activating', 'model_6': 'deactivated'}
[2026-08-21 17:03:50.003 GPU_Scheduler_0] Waiting for models to be activated: {'model_1': 'activated', 'model_2': 'deactivated', 'model_3': 'deactivated', 'model_4': 'activated', 'model_5': 'activating', 'model_6': 'deactivated'}
[2026-08-21 17:03:50.013 GPU_Scheduler_0] Waiting for models to be activated: {'model_1': 'activated', 'model_2': 'deactivated', 'model_3': 'deactivated', 'model_4': 'activated', 'model_5': 'activating', 'model_6': 'deactivated'}
[2026-08-21 17:03:50.023 GPU_Scheduler_0] Waiting for models to be activated: {'model_1': 'activated', 'model_2': 'deactivated', 'model_3': 'deactivated', 'model_4': 'activated', 'model_5': 'activating', 'model_6': 'deactivated'}
[2026-08-21 17:03:50.034 GPU_Scheduler_0] Waiting for models to be activated: {'model_1': 'activated', 'model_2': 'deactivated', 'model_3': 'deactivated', 'model_4': 'activated', 'model_5': 'activating', 'model_6': 'deactivated'}
[2026-08-21 17:03:50.044 GPU_Scheduler_0] Waiting for models to be activated: {'model_1': 'activated', 'model_2': 'deactivated', 'model_3': 'deactivated', 'model_4': 'activated', 'model_5': 'activating', 'model_6': 'deactivated'}
[2026-08-21 17:03:50.054 GPU_Scheduler_0] Waiting for models to be activated: {'model_1': 'activated', 'model_2': 'deactivated', 'model_3': 'deactivated', 'model_4': 'activated', 'model_5': 'activating', 'model_6': 'deactivated'}
[2026-08-21 17:03:50.065 GPU_Scheduler_0] Waiting for models to be activated: {'model_1': 'activated', 'model_2': 'deactivated', 'model_3': 'deactivated', 'model_4': 'activated', 'model_5': 'activating', 'model_6': 'deactivated'}
[2026-08-21 17:03:50.075 GPU_Scheduler_0] Waiting for models to be activated: {'model_1': 'activated', 'model_2': 'deactivated', 'model_3': 'deactivated', 'model_4': 'activated', 'model_5': 'activating', 'model_6': 'deactivated'}
[2026-08-21 17:03:50.085 GPU_Scheduler_0] Waiting for models to be activated: {'model_1': 'activated', 'model_2': 'deactivated', 'model_3': 'deactivated', 'model_4': 'activated', 'model_5': 'activating', 'model_6': 'deactivated'}
[2026-08-21 17:03:50.095 GPU_Scheduler_0] Waiting for models to be activated: {'model_1': 'activated', 'model_2': 'deactivated', 'model_3': 'deactivated', 'model_4': 'activated', 'model_5': 'activating', 'model_6': 'deactivated'}
[2026-08-21 17:03:50.106 GPU_Scheduler_0] Waiting for models to be activated: {'model_1': 'activated', 'model_2': 'deactivated', 'model_3': 'deactivated', 'model_4': 'activated', 'model_5': 'activating', 'model_6': 'deactivated'}
[2026-08-21 17:03:50.116 GPU_Scheduler_0] Waiting for models to be activated: {'model_1': 'activated', 'model_2': 'deactivated', 'model_3': 'deactivated', 'model_4': 'activated', 'model_5': 'activating', 'model_6': 'deactivated'}
[2026-08-21 17:03:50.126 GPU_Scheduler_0] Waiting for models to be activated: {'model_1': 'activated', 'model_2': 'deactivated', 'model_3': 'deactivated', 'model_4': 'activated', 'model_5': 'activating', 'model_6': 'deactivated'}
[2026-08-21 17:03:50.136 GPU_Scheduler_0] Waiting for models to be activated: {'model_1': 'activated', 'model_2': 'deactivated', 'model_3': 'deactivated', 'model_4': 'activated', 'model_5': 'activating', 'model_6': 'deactivated'}
[2026-08-21 17:03:50.147 GPU_Scheduler_0] Waiting for models to be activated: {'model_1': 'activated', 'model_2': 'deactivated', 'model_3': 'deactivated', 'model_4': 'activated', 'model_5': 'activating', 'model_6': 'deactivated'}
[2026-08-21 17:03:50.157 GPU_Scheduler_0] Waiting for models to be activated: {'model_1': 'activated', 'model_2': 'deactivated', 'model_3': 'deactivated', 'model_4': 'activated', 'model_5': 'activating', 'model_6': 'deactivated'}
[2026-08-21 17:03:50.167 GPU_Scheduler_0] Waiting for models to be activated: {'model_1': 'activated', 'model_2': 'deactivated', 'model_3': 'deactivated', 'model_4': 'activated', 'model_5': 'activating', 'model_6': 'deactivated'}
[2026-08-21 17:03:50.178 GPU_Scheduler_0] Waiting for models to be activated: {'model_1': 'activated', 'model_2': 'deactivated', 'model_3': 'deactivated', 'model_4': 'activated', 'model_5': 'activating', 'model_6': 'deactivated'}
[2026-08-21 17:03:50.188 GPU_Scheduler_0] Waiting for models to be activated: {'model_1': 'activated', 'model_2': 'deactivated', 'model_3': 'deactivated', 'model_4': 'activated', 'model_5': 'activating', 'model_6': 'deactivated'}
[2026-08-21 17:03:50.198 GPU_Scheduler_0] Waiting for models to be activated: {'model_1': 'activated', 'model_2': 'deactivated', 'model_3': 'deactivated', 'model_4': 'activated', 'model_5': 'activating', 'model_6': 'deactivated'}
[2026-08-21 17:03:50.208 GPU_Scheduler_0] Waiting for models to be activated: {'model_1': 'activated', 'model_2': 'deactivated', 'model_3': 'deactivated', 'model_4': 'activated', 'model_5': 'activating', 'model_6': 'deactivated'}
[2026-08-21 17:03:50.219 GPU_Scheduler_0] Waiting for models to be activated: {'model_1': 'activated', 'model_2': 'deactivated', 'model_3': 'deactivated', 'model_4': 'activated', 'model_5': 'activating', 'model_6': 'deactivated'}
[2026-08-21 17:03:50.229 GPU_Scheduler_0] Waiting for models to be activated: {'model_1': 'activated', 'model_2': 'deactivated', 'model_3': 'deactivated', 'model_4': 'activated', 'model_5': 'activating', 'model_6': 'deactivated'}
[2026-08-21 17:03:50.239 GPU_Scheduler_0] Waiting for models to be activated: {'model_1': 'activated', 'model_2': 'deactivated', 'model_3': 'deactivated', 'model_4': 'activated', 'model_5': 'activating', 'model_6': 'deactivated'}
[2026-08-21 17:03:50.250 GPU_Scheduler_0] Waiting for models to be activated: {'model_1': 'activated', 'model_2': 'deactivated', 'model_3': 'deactivated', 'model_4': 'activated', 'model_5': 'activating', 'model_6': 'deactivated'}
[2026-08-21 17:03:50.260 GPU_Scheduler_0] Waiting for models to be activated: {'model_1': 'activated', 'model_2': 'deactivated', 'model_3': 'deactivated', 'model_4': 'activated', 'model_5': 'activating', 'model_6': 'deactivated'}
[2026-08-21 17:03:50.270 GPU_Scheduler_0] Waiting for models to be activated: {'model_1': 'activated', 'model_2': 'deactivated', 'model_3': 'deactivated', 'model_4': 'activated', 'model_5': 'activating', 'model_6': 'deactivated'}
[2026-08-21 17:03:50.280 GPU_Scheduler_0] Waiting for models to be activated: {'model_1': 'activated', 'model_2': 'deactivated', 'model_3': 'deactivated', 'model_4': 'activated', 'model_5': 'activating', 'model_6': 'deactivated'}
[2026-08-21 17:03:50.291 GPU_Scheduler_0] Waiting for models to be activated: {'model_1': 'activated', 'model_2': 'deactivated', 'model_3': 'deactivated', 'model_4': 'activated', 'model_5': 'activating', 'model_6': 'deactivated'}
[2026-08-21 17:03:50.301 GPU_Scheduler_0] Waiting for models to be activated: {'model_1': 'activated', 'model_2': 'deactivated', 'model_3': 'deactivated', 'model_4': 'activated', 'model_5': 'activating', 'model_6': 'deactivated'}
[2026-08-21 17:03:50.311 GPU_Scheduler_0] Waiting for models to be activated: {'model_1': 'activated', 'model_2': 'deactivated', 'model_3': 'deactivated', 'model_4': 'activated', 'model_5': 'activating', 'model_6': 'deactivated'}
[2026-08-21 17:03:50.321 GPU_Scheduler_0] Waiting for models to be activated: {'model_1': 'activated', 'model_2': 'deactivated', 'model_3': 'deactivated', 'model_4': 'activated', 'model_5': 'activating', 'model_6': 'deactivated'}
[2026-08-21 17:03:50.332 GPU_Scheduler_0] Waiting for models to be activated: {'model_1': 'activated', 'model_2': 'deactivated', 'model_3': 'deactivated', 'model_4': 'activated', 'model_5': 'activating', 'model_6': 'deactivated'}
[2026-08-21 17:03:50.342 GPU_Scheduler_0] Waiting for models to be activated: {'model_1': 'activated', 'model_2': 'deactivated', 'model_3': 'deactivated', 'model_4': 'activated', 'model_5': 'activating', 'model_6': 'deactivated'}
[2026-08-21 17:03:50.352 GPU_Scheduler_0] Waiting for models to be activated: {'model_1': 'activated', 'model_2': 'deactivated', 'model_3': 'deactivated', 'model_4': 'activated', 'model_5': 'activating', 'model_6': 'deactivated'}
[2026-08-21 17:03:50.363 GPU_Scheduler_0] Waiting for models to be activated: {'model_1': 'activated', 'model_2': 'deactivated', 'model_3': 'deactivated', 'model_4': 'activated', 'model_5': 'activating', 'model_6': 'deactivated'}
[2026-08-21 17:03:50.373 GPU_Scheduler_0] Waiting for models to be activated: {'model_1': 'activated', 'model_2': 'deactivated', 'model_3': 'deactivated', 'model_4': 'activated', 'model_5': 'activating', 'model_6': 'deactivated'}
[2026-08-21 17:03:50.384 GPU_Scheduler_0] Waiting for models to be activated: {'model_1': 'activated', 'model_2': 'deactivated', 'model_3': 'deactivated', 'model_4': 'activated', 'model_5': 'activating', 'model_6': 'deactivated'}
[2026-08-21 17:03:50.394 GPU_Scheduler_0] Waiting for models to be activated: {'model_1': 'activated', 'model_2': 'deactivated', 'model_3': 'deactivated', 'model_4': 'activated', 'model_5': 'activating', 'model_6': 'deactivated'}
[2026-08-21 17:03:50.404 GPU_Scheduler_0] Waiting for models to be activated: {'model_1': 'activated', 'model_2': 'deactivated', 'model_3': 'deactivated', 'model_4': 'activated', 'model_5': 'activating', 'model_6': 'deactivated'}
[2026-08-21 17:03:50.415 GPU_Scheduler_0] Waiting for models to be activated: {'model_1': 'activated', 'model_2': 'deactivated', 'model_3': 'deactivated', 'model_4': 'activated', 'model_5': 'activating', 'model_6': 'deactivated'}
[2026-08-21 17:03:50.425 GPU_Scheduler_0] Waiting for models to be activated: {'model_1': 'activated', 'model_2': 'deactivated', 'model_3': 'deactivated', 'model_4': 'activated', 'model_5': 'activating', 'model_6': 'deactivated'}
[2026-08-21 17:03:50.435 GPU_Scheduler_0] Waiting for models to be activated: {'model_1': 'activated', 'model_2': 'deactivated', 'model_3': 'deactivated', 'model_4': 'activated', 'model_5': 'activating', 'model_6': 'deactivated'}
[2026-08-21 17:03:50.446 GPU_Scheduler_0] Waiting for models to be activated: {'model_1': 'activated', 'model_2': 'deactivated', 'model_3': 'deactivated', 'model_4': 'activated', 'model_5': 'activating', 'model_6': 'deactivated'}
[2026-08-21 17:03:50.456 GPU_Scheduler_0] Waiting for models to be activated: {'model_1': 'activated', 'model_2': 'deactivated', 'model_3': 'deactivated', 'model_4': 'activated', 'model_5': 'activating', 'model_6': 'deactivated'}
[2026-08-21 17:03:50.466 GPU_Scheduler_0] Waiting for models to be activated: {'model_1': 'activated', 'model_2': 'deactivated', 'model_3': 'deactivated', 'model_4': 'activated', 'model_5': 'activating', 'model_6': 'deactivated'}
[2026-08-21 17:03:50.476 GPU_Scheduler_0] Waiting for models to be activated: {'model_1': 'activated', 'model_2': 'deactivated', 'model_3': 'deactivated', 'model_4': 'activated', 'model_5': 'activating', 'model_6': 'deactivated'}
[2026-08-21 17:03:50.487 GPU_Scheduler_0] Waiting for models to be activated: {'model_1': 'activated', 'model_2': 'deactivated', 'model_3': 'deactivated', 'model_4': 'activated', 'model_5': 'activating', 'model_6': 'deactivated'}
[2026-08-21 17:03:50.497 GPU_Scheduler_0] Waiting for models to be activated: {'model_1': 'activated', 'model_2': 'deactivated', 'model_3': 'deactivated', 'model_4': 'activated', 'model_5': 'activating', 'model_6': 'deactivated'}
[2026-08-21 17:03:50.507 GPU_Scheduler_0] Waiting for models to be activated: {'model_1': 'activated', 'model_2': 'deactivated', 'model_3': 'deactivated', 'model_4': 'activated', 'model_5': 'activating', 'model_6': 'deactivated'}
[2026-08-21 17:03:50.517 GPU_Scheduler_0] Waiting for models to be activated: {'model_1': 'activated', 'model_2': 'deactivated', 'model_3': 'deactivated', 'model_4': 'activated', 'model_5': 'activating', 'model_6': 'deactivated'}
[2026-08-21 17:03:50.527 GPU_Scheduler_0] Waiting for models to be activated: {'model_1': 'activated', 'model_2': 'deactivated', 'model_3': 'deactivated', 'model_4': 'activated', 'model_5': 'activating', 'model_6': 'deactivated'}
[2026-08-21 17:03:50.538 GPU_Scheduler_0] Model model_5 (instance 0) activation succeeded on GPU 0
[2026-08-21 17:03:55.549 GPU_Scheduler_0] [V5-LOOP] {"iters": 462, "t_mem": 0.014408292481675744, "t_redis": 0.33692492032423615, "t_admit": 0.0049804633017629385, "t_send": 0.0005748304538428783, "t_iter": 0.3568885065615177, "admitted": 0, "iter_max": 0.0034902971237897873, "gpu_id": 0, "window_s": 5.009927272796631}
[2026-08-21 17:03:58.941 GPU_Scheduler_1] starting GPU scheduler for GPU 1
[2026-08-21 17:03:58.943 GPU_Scheduler_1] [PAPER-ALG2] enabled=True prefill_speed_entries=6 log=/workspace/prism-merge/exp/results/final-overlap-pipeline/correctness-gate/bursty_r8_s99_attempt5/server-logs/server.log.alg2_gpu1.jsonl
[2026-08-21 17:03:58.944 GPU_Scheduler_1] Model states init: {'model_1': 'deactivated', 'model_2': 'deactivated', 'model_3': 'deactivated', 'model_4': 'deactivated', 'model_5': 'deactivated', 'model_6': 'deactivated'}
[2026-08-21 17:03:58.945 GPU_Scheduler_1] [PAPER-TP] WorkerPool gpu=1 owned=[0, 1, 2, 3] shadow=[] {0: 1, 1: 1, 2: 1, 3: 1}
[2026-08-21 17:03:59.006 GPU_Scheduler_1] Assign worker 0 to model_2. Current model_to_worker: {'model_2': 0}
[2026-08-21 17:03:59.007 GPU_Scheduler_1] Assign worker 1 to model_3. Current model_to_worker: {'model_2': 0, 'model_3': 1}
[2026-08-21 17:03:59.007 GPU_Scheduler_1] Assign worker 2 to model_6. Current model_to_worker: {'model_2': 0, 'model_3': 1, 'model_6': 2}
[2026-08-21 17:03:59.009 GPU_Scheduler_1] Waiting for models to be activated: {'model_1': 'deactivated', 'model_2': 'activating', 'model_3': 'activating', 'model_4': 'deactivated', 'model_5': 'deactivated', 'model_6': 'activating'}
[2026-08-21 17:03:59.019 GPU_Scheduler_1] Waiting for models to be activated: {'model_1': 'deactivated', 'model_2': 'activating', 'model_3': 'activating', 'model_4': 'deactivated', 'model_5': 'deactivated', 'model_6': 'activating'}
[2026-08-21 17:03:59.029 GPU_Scheduler_1] Waiting for models to be activated: {'model_1': 'deactivated', 'model_2': 'activating', 'model_3': 'activating', 'model_4': 'deactivated', 'model_5': 'deactivated', 'model_6': 'activating'}
[2026-08-21 17:03:59.039 GPU_Scheduler_1] Waiting for models to be activated: {'model_1': 'deactivated', 'model_2': 'activating', 'model_3': 'activating', 'model_4': 'deactivated', 'model_5': 'deactivated', 'model_6': 'activating'}
[2026-08-21 17:03:59.050 GPU_Scheduler_1] Waiting for models to be activated: {'model_1': 'deactivated', 'model_2': 'activating', 'model_3': 'activating', 'model_4': 'deactivated', 'model_5': 'deactivated', 'model_6': 'activating'}
[2026-08-21 17:03:59.060 GPU_Scheduler_1] Waiting for models to be activated: {'model_1': 'deactivated', 'model_2': 'activating', 'model_3': 'activating', 'model_4': 'deactivated', 'model_5': 'deactivated', 'model_6': 'activating'}
[2026-08-21 17:03:59.070 GPU_Scheduler_1] Waiting for models to be activated: {'model_1': 'deactivated', 'model_2': 'activating', 'model_3': 'activating', 'model_4': 'deactivated', 'model_5': 'deactivated', 'model_6': 'activating'}
[2026-08-21 17:03:59.080 GPU_Scheduler_1] Waiting for models to be activated: {'model_1': 'deactivated', 'model_2': 'activating', 'model_3': 'activating', 'model_4': 'deactivated', 'model_5': 'deactivated', 'model_6': 'activating'}
[2026-08-21 17:03:59.091 GPU_Scheduler_1] Waiting for models to be activated: {'model_1': 'deactivated', 'model_2': 'activating', 'model_3': 'activating', 'model_4': 'deactivated', 'model_5': 'deactivated', 'model_6': 'activating'}
[2026-08-21 17:03:59.101 GPU_Scheduler_1] Waiting for models to be activated: {'model_1': 'deactivated', 'model_2': 'activating', 'model_3': 'activating', 'model_4': 'deactivated', 'model_5': 'deactivated', 'model_6': 'activating'}
[2026-08-21 17:03:59.111 GPU_Scheduler_1] Waiting for models to be activated: {'model_1': 'deactivated', 'model_2': 'activating', 'model_3': 'activating', 'model_4': 'deactivated', 'model_5': 'deactivated', 'model_6': 'activating'}
[2026-08-21 17:03:59.122 GPU_Scheduler_1] Waiting for models to be activated: {'model_1': 'deactivated', 'model_2': 'activating', 'model_3': 'activating', 'model_4': 'deactivated', 'model_5': 'deactivated', 'model_6': 'activating'}
[2026-08-21 17:03:59.132 GPU_Scheduler_1] Waiting for models to be activated: {'model_1': 'deactivated', 'model_2': 'activating', 'model_3': 'activating', 'model_4': 'deactivated', 'model_5': 'deactivated', 'model_6': 'activating'}
[2026-08-21 17:03:59.142 GPU_Scheduler_1] Waiting for models to be activated: {'model_1': 'deactivated', 'model_2': 'activating', 'model_3': 'activating', 'model_4': 'deactivated', 'model_5': 'deactivated', 'model_6': 'activating'}
[2026-08-21 17:03:59.152 GPU_Scheduler_1] Waiting for models to be activated: {'model_1': 'deactivated', 'model_2': 'activating', 'model_3': 'activating', 'model_4': 'deactivated', 'model_5': 'deactivated', 'model_6': 'activating'}
[2026-08-21 17:03:59.163 GPU_Scheduler_1] Waiting for models to be activated: {'model_1': 'deactivated', 'model_2': 'activating', 'model_3': 'activating', 'model_4': 'deactivated', 'model_5': 'deactivated', 'model_6': 'activating'}
[2026-08-21 17:03:59.173 GPU_Scheduler_1] Waiting for models to be activated: {'model_1': 'deactivated', 'model_2': 'activating', 'model_3': 'activating', 'model_4': 'deactivated', 'model_5': 'deactivated', 'model_6': 'activating'}
[2026-08-21 17:03:59.183 GPU_Scheduler_1] Waiting for models to be activated: {'model_1': 'deactivated', 'model_2': 'activating', 'model_3': 'activating', 'model_4': 'deactivated', 'model_5': 'deactivated', 'model_6': 'activating'}
[2026-08-21 17:03:59.193 GPU_Scheduler_1] Waiting for models to be activated: {'model_1': 'deactivated', 'model_2': 'activating', 'model_3': 'activating', 'model_4': 'deactivated', 'model_5': 'deactivated', 'model_6': 'activating'}
[2026-08-21 17:03:59.204 GPU_Scheduler_1] Waiting for models to be activated: {'model_1': 'deactivated', 'model_2': 'activating', 'model_3': 'activating', 'model_4': 'deactivated', 'model_5': 'deactivated', 'model_6': 'activating'}
[2026-08-21 17:03:59.214 GPU_Scheduler_1] Waiting for models to be activated: {'model_1': 'deactivated', 'model_2': 'activating', 'model_3': 'activating', 'model_4': 'deactivated', 'model_5': 'deactivated', 'model_6': 'activating'}
[2026-08-21 17:03:59.224 GPU_Scheduler_1] Waiting for models to be activated: {'model_1': 'deactivated', 'model_2': 'activating', 'model_3': 'activating', 'model_4': 'deactivated', 'model_5': 'deactivated', 'model_6': 'activating'}
[2026-08-21 17:03:59.234 GPU_Scheduler_1] Waiting for models to be activated: {'model_1': 'deactivated', 'model_2': 'activating', 'model_3': 'activating', 'model_4': 'deactivated', 'model_5': 'deactivated', 'model_6': 'activating'}
[2026-08-21 17:03:59.245 GPU_Scheduler_1] Waiting for models to be activated: {'model_1': 'deactivated', 'model_2': 'activating', 'model_3': 'activating', 'model_4': 'deactivated', 'model_5': 'deactivated', 'model_6': 'activating'}
[2026-08-21 17:03:59.255 GPU_Scheduler_1] Waiting for models to be activated: {'model_1': 'deactivated', 'model_2': 'activating', 'model_3': 'activating', 'model_4': 'deactivated', 'model_5': 'deactivated', 'model_6': 'activating'}
[2026-08-21 17:03:59.265 GPU_Scheduler_1] Waiting for models to be activated: {'model_1': 'deactivated', 'model_2': 'activating', 'model_3': 'activating', 'model_4': 'deactivated', 'model_5': 'deactivated', 'model_6': 'activating'}
[2026-08-21 17:03:59.275 GPU_Scheduler_1] Waiting for models to be activated: {'model_1': 'deactivated', 'model_2': 'activating', 'model_3': 'activating', 'model_4': 'deactivated', 'model_5': 'deactivated', 'model_6': 'activating'}
[2026-08-21 17:03:59.286 GPU_Scheduler_1] Waiting for models to be activated: {'model_1': 'deactivated', 'model_2': 'activating', 'model_3': 'activating', 'model_4': 'deactivated', 'model_5': 'deactivated', 'model_6': 'activating'}
[2026-08-21 17:03:59.296 GPU_Scheduler_1] Waiting for models to be activated: {'model_1': 'deactivated', 'model_2': 'activating', 'model_3': 'activating', 'model_4': 'deactivated', 'model_5': 'deactivated', 'model_6': 'activating'}
[2026-08-21 17:03:59.306 GPU_Scheduler_1] Waiting for models to be activated: {'model_1': 'deactivated', 'model_2': 'activating', 'model_3': 'activating', 'model_4': 'deactivated', 'model_5': 'deactivated', 'model_6': 'activating'}
[2026-08-21 17:03:59.316 GPU_Scheduler_1] Waiting for models to be activated: {'model_1': 'deactivated', 'model_2': 'activating', 'model_3': 'activating', 'model_4': 'deactivated', 'model_5': 'deactivated', 'model_6': 'activating'}
[2026-08-21 17:03:59.327 GPU_Scheduler_1] Waiting for models to be activated: {'model_1': 'deactivated', 'model_2': 'activating', 'model_3': 'activating', 'model_4': 'deactivated', 'model_5': 'deactivated', 'model_6': 'activating'}
[2026-08-21 17:03:59.337 GPU_Scheduler_1] Waiting for models to be activated: {'model_1': 'deactivated', 'model_2': 'activating', 'model_3': 'activating', 'model_4': 'deactivated', 'model_5': 'deactivated', 'model_6': 'activating'}
[2026-08-21 17:03:59.347 GPU_Scheduler_1] Waiting for models to be activated: {'model_1': 'deactivated', 'model_2': 'activating', 'model_3': 'activating', 'model_4': 'deactivated', 'model_5': 'deactivated', 'model_6': 'activating'}
[2026-08-21 17:03:59.358 GPU_Scheduler_1] Waiting for models to be activated: {'model_1': 'deactivated', 'model_2': 'activating', 'model_3': 'activating', 'model_4': 'deactivated', 'model_5': 'deactivated', 'model_6': 'activating'}
[2026-08-21 17:03:59.368 GPU_Scheduler_1] Waiting for models to be activated: {'model_1': 'deactivated', 'model_2': 'activating', 'model_3': 'activating', 'model_4': 'deactivated', 'model_5': 'deactivated', 'model_6': 'activating'}
[2026-08-21 17:03:59.378 GPU_Scheduler_1] Waiting for models to be activated: {'model_1': 'deactivated', 'model_2': 'activating', 'model_3': 'activating', 'model_4': 'deactivated', 'model_5': 'deactivated', 'model_6': 'activating'}
[2026-08-21 17:03:59.389 GPU_Scheduler_1] Waiting for models to be activated: {'model_1': 'deactivated', 'model_2': 'activating', 'model_3': 'activating', 'model_4': 'deactivated', 'model_5': 'deactivated', 'model_6': 'activating'}
[2026-08-21 17:03:59.399 GPU_Scheduler_1] Waiting for models to be activated: {'model_1': 'deactivated', 'model_2': 'activating', 'model_3': 'activating', 'model_4': 'deactivated', 'model_5': 'deactivated', 'model_6': 'activating'}
[2026-08-21 17:03:59.409 GPU_Scheduler_1] Waiting for models to be activated: {'model_1': 'deactivated', 'model_2': 'activating', 'model_3': 'activating', 'model_4': 'deactivated', 'model_5': 'deactivated', 'model_6': 'activating'}
[2026-08-21 17:03:59.419 GPU_Scheduler_1] Waiting for models to be activated: {'model_1': 'deactivated', 'model_2': 'activating', 'model_3': 'activating', 'model_4': 'deactivated', 'model_5': 'deactivated', 'model_6': 'activating'}
[2026-08-21 17:03:59.430 GPU_Scheduler_1] Waiting for models to be activated: {'model_1': 'deactivated', 'model_2': 'activating', 'model_3': 'activating', 'model_4': 'deactivated', 'model_5': 'deactivated', 'model_6': 'activating'}
[2026-08-21 17:03:59.440 GPU_Scheduler_1] Waiting for models to be activated: {'model_1': 'deactivated', 'model_2': 'activating', 'model_3': 'activating', 'model_4': 'deactivated', 'model_5': 'deactivated', 'model_6': 'activating'}
[2026-08-21 17:03:59.450 GPU_Scheduler_1] Waiting for models to be activated: {'model_1': 'deactivated', 'model_2': 'activating', 'model_3': 'activating', 'model_4': 'deactivated', 'model_5': 'deactivated', 'model_6': 'activating'}
[2026-08-21 17:03:59.461 GPU_Scheduler_1] Waiting for models to be activated: {'model_1': 'deactivated', 'model_2': 'activating', 'model_3': 'activating', 'model_4': 'deactivated', 'model_5': 'deactivated', 'model_6': 'activating'}
[2026-08-21 17:03:59.471 GPU_Scheduler_1] Waiting for models to be activated: {'model_1': 'deactivated', 'model_2': 'activating', 'model_3': 'activating', 'model_4': 'deactivated', 'model_5': 'deactivated', 'model_6': 'activating'}
[2026-08-21 17:03:59.481 GPU_Scheduler_1] Waiting for models to be activated: {'model_1': 'deactivated', 'model_2': 'activating', 'model_3': 'activating', 'model_4': 'deactivated', 'model_5': 'deactivated', 'model_6': 'activating'}
[2026-08-21 17:03:59.492 GPU_Scheduler_1] Waiting for models to be activated: {'model_1': 'deactivated', 'model_2': 'activating', 'model_3': 'activating', 'model_4': 'deactivated', 'model_5': 'deactivated', 'model_6': 'activating'}
[2026-08-21 17:03:59.502 GPU_Scheduler_1] Waiting for models to be activated: {'model_1': 'deactivated', 'model_2': 'activating', 'model_3': 'activating', 'model_4': 'deactivated', 'model_5': 'deactivated', 'model_6': 'activating'}
[2026-08-21 17:03:59.512 GPU_Scheduler_1] Waiting for models to be activated: {'model_1': 'deactivated', 'model_2': 'activating', 'model_3': 'activating', 'model_4': 'deactivated', 'model_5': 'deactivated', 'model_6': 'activating'}
[2026-08-21 17:03:59.522 GPU_Scheduler_1] Waiting for models to be activated: {'model_1': 'deactivated', 'model_2': 'activating', 'model_3': 'activating', 'model_4': 'deactivated', 'model_5': 'deactivated', 'model_6': 'activating'}
[2026-08-21 17:03:59.533 GPU_Scheduler_1] Waiting for models to be activated: {'model_1': 'deactivated', 'model_2': 'activating', 'model_3': 'activating', 'model_4': 'deactivated', 'model_5': 'deactivated', 'model_6': 'activating'}
[2026-08-21 17:03:59.543 GPU_Scheduler_1] Waiting for models to be activated: {'model_1': 'deactivated', 'model_2': 'activating', 'model_3': 'activating', 'model_4': 'deactivated', 'model_5': 'deactivated', 'model_6': 'activating'}
[2026-08-21 17:03:59.553 GPU_Scheduler_1] Waiting for models to be activated: {'model_1': 'deactivated', 'model_2': 'activating', 'model_3': 'activating', 'model_4': 'deactivated', 'model_5': 'deactivated', 'model_6': 'activating'}
[2026-08-21 17:03:59.564 GPU_Scheduler_1] Waiting for models to be activated: {'model_1': 'deactivated', 'model_2': 'activating', 'model_3': 'activating', 'model_4': 'deactivated', 'model_5': 'deactivated', 'model_6': 'activating'}
[2026-08-21 17:03:59.574 GPU_Scheduler_1] Waiting for models to be activated: {'model_1': 'deactivated', 'model_2': 'activating', 'model_3': 'activating', 'model_4': 'deactivated', 'model_5': 'deactivated', 'model_6': 'activating'}
[2026-08-21 17:03:59.584 GPU_Scheduler_1] Waiting for models to be activated: {'model_1': 'deactivated', 'model_2': 'activating', 'model_3': 'activating', 'model_4': 'deactivated', 'model_5': 'deactivated', 'model_6': 'activating'}
[2026-08-21 17:03:59.594 GPU_Scheduler_1] Waiting for models to be activated: {'model_1': 'deactivated', 'model_2': 'activating', 'model_3': 'activating', 'model_4': 'deactivated', 'model_5': 'deactivated', 'model_6': 'activating'}
[2026-08-21 17:03:59.605 GPU_Scheduler_1] Waiting for models to be activated: {'model_1': 'deactivated', 'model_2': 'activating', 'model_3': 'activating', 'model_4': 'deactivated', 'model_5': 'deactivated', 'model_6': 'activating'}
[2026-08-21 17:03:59.615 GPU_Scheduler_1] Waiting for models to be activated: {'model_1': 'deactivated', 'model_2': 'activating', 'model_3': 'activating', 'model_4': 'deactivated', 'model_5': 'deactivated', 'model_6': 'activating'}
[2026-08-21 17:03:59.625 GPU_Scheduler_1] Waiting for models to be activated: {'model_1': 'deactivated', 'model_2': 'activating', 'model_3': 'activating', 'model_4': 'deactivated', 'model_5': 'deactivated', 'model_6': 'activating'}
[2026-08-21 17:03:59.636 GPU_Scheduler_1] Waiting for models to be activated: {'model_1': 'deactivated', 'model_2': 'activating', 'model_3': 'activating', 'model_4': 'deactivated', 'model_5': 'deactivated', 'model_6': 'activating'}
[2026-08-21 17:03:59.646 GPU_Scheduler_1] Waiting for models to be activated: {'model_1': 'deactivated', 'model_2': 'activating', 'model_3': 'activating', 'model_4': 'deactivated', 'model_5': 'deactivated', 'model_6': 'activating'}
[2026-08-21 17:03:59.656 GPU_Scheduler_1] Waiting for models to be activated: {'model_1': 'deactivated', 'model_2': 'activating', 'model_3': 'activating', 'model_4': 'deactivated', 'model_5': 'deactivated', 'model_6': 'activating'}
[2026-08-21 17:03:59.667 GPU_Scheduler_1] Waiting for models to be activated: {'model_1': 'deactivated', 'model_2': 'activating', 'model_3': 'activating', 'model_4': 'deactivated', 'model_5': 'deactivated', 'model_6': 'activating'}
[2026-08-21 17:03:59.677 GPU_Scheduler_1] Waiting for models to be activated: {'model_1': 'deactivated', 'model_2': 'activating', 'model_3': 'activating', 'model_4': 'deactivated', 'model_5': 'deactivated', 'model_6': 'activating'}
[2026-08-21 17:03:59.688 GPU_Scheduler_1] Waiting for models to be activated: {'model_1': 'deactivated', 'model_2': 'activating', 'model_3': 'activating', 'model_4': 'deactivated', 'model_5': 'deactivated', 'model_6': 'activating'}
[2026-08-21 17:03:59.698 GPU_Scheduler_1] Waiting for models to be activated: {'model_1': 'deactivated', 'model_2': 'activating', 'model_3': 'activating', 'model_4': 'deactivated', 'model_5': 'deactivated', 'model_6': 'activating'}
[2026-08-21 17:03:59.709 GPU_Scheduler_1] Waiting for models to be activated: {'model_1': 'deactivated', 'model_2': 'activating', 'model_3': 'activating', 'model_4': 'deactivated', 'model_5': 'deactivated', 'model_6': 'activating'}
[2026-08-21 17:03:59.719 GPU_Scheduler_1] Waiting for models to be activated: {'model_1': 'deactivated', 'model_2': 'activating', 'model_3': 'activating', 'model_4': 'deactivated', 'model_5': 'deactivated', 'model_6': 'activating'}
[2026-08-21 17:03:59.730 GPU_Scheduler_1] Waiting for models to be activated: {'model_1': 'deactivated', 'model_2': 'activating', 'model_3': 'activating', 'model_4': 'deactivated', 'model_5': 'deactivated', 'model_6': 'activating'}
[2026-08-21 17:03:59.741 GPU_Scheduler_1] Waiting for models to be activated: {'model_1': 'deactivated', 'model_2': 'activating', 'model_3': 'activating', 'model_4': 'deactivated', 'model_5': 'deactivated', 'model_6': 'activating'}
[2026-08-21 17:03:59.751 GPU_Scheduler_1] Waiting for models to be activated: {'model_1': 'deactivated', 'model_2': 'activating', 'model_3': 'activating', 'model_4': 'deactivated', 'model_5': 'deactivated', 'model_6': 'activating'}
[2026-08-21 17:03:59.762 GPU_Scheduler_1] Waiting for models to be activated: {'model_1': 'deactivated', 'model_2': 'activating', 'model_3': 'activating', 'model_4': 'deactivated', 'model_5': 'deactivated', 'model_6': 'activating'}
[2026-08-21 17:03:59.773 GPU_Scheduler_1] Waiting for models to be activated: {'model_1': 'deactivated', 'model_2': 'activating', 'model_3': 'activating', 'model_4': 'deactivated', 'model_5': 'deactivated', 'model_6': 'activating'}
[2026-08-21 17:03:59.783 GPU_Scheduler_1] Waiting for models to be activated: {'model_1': 'deactivated', 'model_2': 'activating', 'model_3': 'activating', 'model_4': 'deactivated', 'model_5': 'deactivated', 'model_6': 'activating'}
[2026-08-21 17:03:59.794 GPU_Scheduler_1] Waiting for models to be activated: {'model_1': 'deactivated', 'model_2': 'activating', 'model_3': 'activating', 'model_4': 'deactivated', 'model_5': 'deactivated', 'model_6': 'activating'}
[2026-08-21 17:03:59.805 GPU_Scheduler_1] Waiting for models to be activated: {'model_1': 'deactivated', 'model_2': 'activating', 'model_3': 'activating', 'model_4': 'deactivated', 'model_5': 'deactivated', 'model_6': 'activating'}
[2026-08-21 17:03:59.815 GPU_Scheduler_1] Waiting for models to be activated: {'model_1': 'deactivated', 'model_2': 'activating', 'model_3': 'activating', 'model_4': 'deactivated', 'model_5': 'deactivated', 'model_6': 'activating'}
[2026-08-21 17:03:59.826 GPU_Scheduler_1] Waiting for models to be activated: {'model_1': 'deactivated', 'model_2': 'activating', 'model_3': 'activating', 'model_4': 'deactivated', 'model_5': 'deactivated', 'model_6': 'activating'}
[2026-08-21 17:03:59.837 GPU_Scheduler_1] Waiting for models to be activated: {'model_1': 'deactivated', 'model_2': 'activating', 'model_3': 'activating', 'model_4': 'deactivated', 'model_5': 'deactivated', 'model_6': 'activating'}
[2026-08-21 17:03:59.847 GPU_Scheduler_1] Waiting for models to be activated: {'model_1': 'deactivated', 'model_2': 'activating', 'model_3': 'activating', 'model_4': 'deactivated', 'model_5': 'deactivated', 'model_6': 'activating'}
[2026-08-21 17:03:59.858 GPU_Scheduler_1] Waiting for models to be activated: {'model_1': 'deactivated', 'model_2': 'activating', 'model_3': 'activating', 'model_4': 'deactivated', 'model_5': 'deactivated', 'model_6': 'activating'}
[2026-08-21 17:03:59.869 GPU_Scheduler_1] Waiting for models to be activated: {'model_1': 'deactivated', 'model_2': 'activating', 'model_3': 'activating', 'model_4': 'deactivated', 'model_5': 'deactivated', 'model_6': 'activating'}
[2026-08-21 17:03:59.879 GPU_Scheduler_1] Waiting for models to be activated: {'model_1': 'deactivated', 'model_2': 'activating', 'model_3': 'activating', 'model_4': 'deactivated', 'model_5': 'deactivated', 'model_6': 'activating'}
[2026-08-21 17:03:59.890 GPU_Scheduler_1] Waiting for models to be activated: {'model_1': 'deactivated', 'model_2': 'activating', 'model_3': 'activating', 'model_4': 'deactivated', 'model_5': 'deactivated', 'model_6': 'activating'}
[2026-08-21 17:03:59.900 GPU_Scheduler_1] Waiting for models to be activated: {'model_1': 'deactivated', 'model_2': 'activating', 'model_3': 'activating', 'model_4': 'deactivated', 'model_5': 'deactivated', 'model_6': 'activating'}
[2026-08-21 17:03:59.911 GPU_Scheduler_1] Waiting for models to be activated: {'model_1': 'deactivated', 'model_2': 'activating', 'model_3': 'activating', 'model_4': 'deactivated', 'model_5': 'deactivated', 'model_6': 'activating'}
[2026-08-21 17:03:59.921 GPU_Scheduler_1] Waiting for models to be activated: {'model_1': 'deactivated', 'model_2': 'activating', 'model_3': 'activating', 'model_4': 'deactivated', 'model_5': 'deactivated', 'model_6': 'activating'}
[2026-08-21 17:03:59.931 GPU_Scheduler_1] Waiting for models to be activated: {'model_1': 'deactivated', 'model_2': 'activating', 'model_3': 'activating', 'model_4': 'deactivated', 'model_5': 'deactivated', 'model_6': 'activating'}
[2026-08-21 17:03:59.942 GPU_Scheduler_1] Waiting for models to be activated: {'model_1': 'deactivated', 'model_2': 'activating', 'model_3': 'activating', 'model_4': 'deactivated', 'model_5': 'deactivated', 'model_6': 'activating'}
[2026-08-21 17:03:59.952 GPU_Scheduler_1] Waiting for models to be activated: {'model_1': 'deactivated', 'model_2': 'activating', 'model_3': 'activating', 'model_4': 'deactivated', 'model_5': 'deactivated', 'model_6': 'activating'}
[2026-08-21 17:03:59.962 GPU_Scheduler_1] Waiting for models to be activated: {'model_1': 'deactivated', 'model_2': 'activating', 'model_3': 'activating', 'model_4': 'deactivated', 'model_5': 'deactivated', 'model_6': 'activating'}
[2026-08-21 17:03:59.973 GPU_Scheduler_1] Waiting for models to be activated: {'model_1': 'deactivated', 'model_2': 'activating', 'model_3': 'activating', 'model_4': 'deactivated', 'model_5': 'deactivated', 'model_6': 'activating'}
[2026-08-21 17:03:59.983 GPU_Scheduler_1] Waiting for models to be activated: {'model_1': 'deactivated', 'model_2': 'activating', 'model_3': 'activating', 'model_4': 'deactivated', 'model_5': 'deactivated', 'model_6': 'activating'}
[2026-08-21 17:03:59.993 GPU_Scheduler_1] Waiting for models to be activated: {'model_1': 'deactivated', 'model_2': 'activating', 'model_3': 'activating', 'model_4': 'deactivated', 'model_5': 'deactivated', 'model_6': 'activating'}
[2026-08-21 17:04:00.003 GPU_Scheduler_1] Waiting for models to be activated: {'model_1': 'deactivated', 'model_2': 'activating', 'model_3': 'activating', 'model_4': 'deactivated', 'model_5': 'deactivated', 'model_6': 'activating'}
[2026-08-21 17:04:00.014 GPU_Scheduler_1] Waiting for models to be activated: {'model_1': 'deactivated', 'model_2': 'activating', 'model_3': 'activating', 'model_4': 'deactivated', 'model_5': 'deactivated', 'model_6': 'activating'}
[2026-08-21 17:04:00.024 GPU_Scheduler_1] Waiting for models to be activated: {'model_1': 'deactivated', 'model_2': 'activating', 'model_3': 'activating', 'model_4': 'deactivated', 'model_5': 'deactivated', 'model_6': 'activating'}
[2026-08-21 17:04:00.034 GPU_Scheduler_1] Waiting for models to be activated: {'model_1': 'deactivated', 'model_2': 'activating', 'model_3': 'activating', 'model_4': 'deactivated', 'model_5': 'deactivated', 'model_6': 'activating'}
[2026-08-21 17:04:00.045 GPU_Scheduler_1] Waiting for models to be activated: {'model_1': 'deactivated', 'model_2': 'activating', 'model_3': 'activating', 'model_4': 'deactivated', 'model_5': 'deactivated', 'model_6': 'activating'}
[2026-08-21 17:04:00.055 GPU_Scheduler_1] Waiting for models to be activated: {'model_1': 'deactivated', 'model_2': 'activating', 'model_3': 'activating', 'model_4': 'deactivated', 'model_5': 'deactivated', 'model_6': 'activating'}
[2026-08-21 17:04:00.066 GPU_Scheduler_1] Waiting for models to be activated: {'model_1': 'deactivated', 'model_2': 'activating', 'model_3': 'activating', 'model_4': 'deactivated', 'model_5': 'deactivated', 'model_6': 'activating'}
[2026-08-21 17:04:00.076 GPU_Scheduler_1] Waiting for models to be activated: {'model_1': 'deactivated', 'model_2': 'activating', 'model_3': 'activating', 'model_4': 'deactivated', 'model_5': 'deactivated', 'model_6': 'activating'}
[2026-08-21 17:04:00.087 GPU_Scheduler_1] Model model_2 (instance 1) activation succeeded on GPU 1
[2026-08-21 17:04:00.087 GPU_Scheduler_1] Waiting for models to be activated: {'model_1': 'deactivated', 'model_2': 'activated', 'model_3': 'activating', 'model_4': 'deactivated', 'model_5': 'deactivated', 'model_6': 'activating'}
[2026-08-21 17:04:00.097 GPU_Scheduler_1] Waiting for models to be activated: {'model_1': 'deactivated', 'model_2': 'activated', 'model_3': 'activating', 'model_4': 'deactivated', 'model_5': 'deactivated', 'model_6': 'activating'}
[2026-08-21 17:04:00.107 GPU_Scheduler_1] Waiting for models to be activated: {'model_1': 'deactivated', 'model_2': 'activated', 'model_3': 'activating', 'model_4': 'deactivated', 'model_5': 'deactivated', 'model_6': 'activating'}
[2026-08-21 17:04:00.118 GPU_Scheduler_1] Waiting for models to be activated: {'model_1': 'deactivated', 'model_2': 'activated', 'model_3': 'activating', 'model_4': 'deactivated', 'model_5': 'deactivated', 'model_6': 'activating'}
[2026-08-21 17:04:00.128 GPU_Scheduler_1] Waiting for models to be activated: {'model_1': 'deactivated', 'model_2': 'activated', 'model_3': 'activating', 'model_4': 'deactivated', 'model_5': 'deactivated', 'model_6': 'activating'}
[2026-08-21 17:04:00.138 GPU_Scheduler_1] Waiting for models to be activated: {'model_1': 'deactivated', 'model_2': 'activated', 'model_3': 'activating', 'model_4': 'deactivated', 'model_5': 'deactivated', 'model_6': 'activating'}
[2026-08-21 17:04:00.149 GPU_Scheduler_1] Waiting for models to be activated: {'model_1': 'deactivated', 'model_2': 'activated', 'model_3': 'activating', 'model_4': 'deactivated', 'model_5': 'deactivated', 'model_6': 'activating'}
[2026-08-21 17:04:00.159 GPU_Scheduler_1] Waiting for models to be activated: {'model_1': 'deactivated', 'model_2': 'activated', 'model_3': 'activating', 'model_4': 'deactivated', 'model_5': 'deactivated', 'model_6': 'activating'}
[2026-08-21 17:04:00.169 GPU_Scheduler_1] Waiting for models to be activated: {'model_1': 'deactivated', 'model_2': 'activated', 'model_3': 'activating', 'model_4': 'deactivated', 'model_5': 'deactivated', 'model_6': 'activating'}
[2026-08-21 17:04:00.180 GPU_Scheduler_1] Waiting for models to be activated: {'model_1': 'deactivated', 'model_2': 'activated', 'model_3': 'activating', 'model_4': 'deactivated', 'model_5': 'deactivated', 'model_6': 'activating'}
[2026-08-21 17:04:00.190 GPU_Scheduler_1] Waiting for models to be activated: {'model_1': 'deactivated', 'model_2': 'activated', 'model_3': 'activating', 'model_4': 'deactivated', 'model_5': 'deactivated', 'model_6': 'activating'}
[2026-08-21 17:04:00.200 GPU_Scheduler_1] Waiting for models to be activated: {'model_1': 'deactivated', 'model_2': 'activated', 'model_3': 'activating', 'model_4': 'deactivated', 'model_5': 'deactivated', 'model_6': 'activating'}
[2026-08-21 17:04:00.210 GPU_Scheduler_1] Waiting for models to be activated: {'model_1': 'deactivated', 'model_2': 'activated', 'model_3': 'activating', 'model_4': 'deactivated', 'model_5': 'deactivated', 'model_6': 'activating'}
[2026-08-21 17:04:00.221 GPU_Scheduler_1] Waiting for models to be activated: {'model_1': 'deactivated', 'model_2': 'activated', 'model_3': 'activating', 'model_4': 'deactivated', 'model_5': 'deactivated', 'model_6': 'activating'}
[2026-08-21 17:04:00.231 GPU_Scheduler_1] Waiting for models to be activated: {'model_1': 'deactivated', 'model_2': 'activated', 'model_3': 'activating', 'model_4': 'deactivated', 'model_5': 'deactivated', 'model_6': 'activating'}
[2026-08-21 17:04:00.241 GPU_Scheduler_1] Waiting for models to be activated: {'model_1': 'deactivated', 'model_2': 'activated', 'model_3': 'activating', 'model_4': 'deactivated', 'model_5': 'deactivated', 'model_6': 'activating'}
[2026-08-21 17:04:00.251 GPU_Scheduler_1] Waiting for models to be activated: {'model_1': 'deactivated', 'model_2': 'activated', 'model_3': 'activating', 'model_4': 'deactivated', 'model_5': 'deactivated', 'model_6': 'activating'}
[2026-08-21 17:04:00.262 GPU_Scheduler_1] Waiting for models to be activated: {'model_1': 'deactivated', 'model_2': 'activated', 'model_3': 'activating', 'model_4': 'deactivated', 'model_5': 'deactivated', 'model_6': 'activating'}
[2026-08-21 17:04:00.272 GPU_Scheduler_1] Waiting for models to be activated: {'model_1': 'deactivated', 'model_2': 'activated', 'model_3': 'activating', 'model_4': 'deactivated', 'model_5': 'deactivated', 'model_6': 'activating'}
[2026-08-21 17:04:00.282 GPU_Scheduler_1] Waiting for models to be activated: {'model_1': 'deactivated', 'model_2': 'activated', 'model_3': 'activating', 'model_4': 'deactivated', 'model_5': 'deactivated', 'model_6': 'activating'}
[2026-08-21 17:04:00.292 GPU_Scheduler_1] Waiting for models to be activated: {'model_1': 'deactivated', 'model_2': 'activated', 'model_3': 'activating', 'model_4': 'deactivated', 'model_5': 'deactivated', 'model_6': 'activating'}
[2026-08-21 17:04:00.303 GPU_Scheduler_1] Waiting for models to be activated: {'model_1': 'deactivated', 'model_2': 'activated', 'model_3': 'activating', 'model_4': 'deactivated', 'model_5': 'deactivated', 'model_6': 'activating'}
[2026-08-21 17:04:00.313 GPU_Scheduler_1] Waiting for models to be activated: {'model_1': 'deactivated', 'model_2': 'activated', 'model_3': 'activating', 'model_4': 'deactivated', 'model_5': 'deactivated', 'model_6': 'activating'}
[2026-08-21 17:04:00.323 GPU_Scheduler_1] Waiting for models to be activated: {'model_1': 'deactivated', 'model_2': 'activated', 'model_3': 'activating', 'model_4': 'deactivated', 'model_5': 'deactivated', 'model_6': 'activating'}
[2026-08-21 17:04:00.334 GPU_Scheduler_1] Waiting for models to be activated: {'model_1': 'deactivated', 'model_2': 'activated', 'model_3': 'activating', 'model_4': 'deactivated', 'model_5': 'deactivated', 'model_6': 'activating'}
[2026-08-21 17:04:00.344 GPU_Scheduler_1] Waiting for models to be activated: {'model_1': 'deactivated', 'model_2': 'activated', 'model_3': 'activating', 'model_4': 'deactivated', 'model_5': 'deactivated', 'model_6': 'activating'}
[2026-08-21 17:04:00.354 GPU_Scheduler_1] Waiting for models to be activated: {'model_1': 'deactivated', 'model_2': 'activated', 'model_3': 'activating', 'model_4': 'deactivated', 'model_5': 'deactivated', 'model_6': 'activating'}
[2026-08-21 17:04:00.365 GPU_Scheduler_1] Waiting for models to be activated: {'model_1': 'deactivated', 'model_2': 'activated', 'model_3': 'activating', 'model_4': 'deactivated', 'model_5': 'deactivated', 'model_6': 'activating'}
[2026-08-21 17:04:00.375 GPU_Scheduler_1] Waiting for models to be activated: {'model_1': 'deactivated', 'model_2': 'activated', 'model_3': 'activating', 'model_4': 'deactivated', 'model_5': 'deactivated', 'model_6': 'activating'}
[2026-08-21 17:04:00.386 GPU_Scheduler_1] Waiting for models to be activated: {'model_1': 'deactivated', 'model_2': 'activated', 'model_3': 'activating', 'model_4': 'deactivated', 'model_5': 'deactivated', 'model_6': 'activating'}
[2026-08-21 17:04:00.396 GPU_Scheduler_1] Waiting for models to be activated: {'model_1': 'deactivated', 'model_2': 'activated', 'model_3': 'activating', 'model_4': 'deactivated', 'model_5': 'deactivated', 'model_6': 'activating'}
[2026-08-21 17:04:00.406 GPU_Scheduler_1] Waiting for models to be activated: {'model_1': 'deactivated', 'model_2': 'activated', 'model_3': 'activating', 'model_4': 'deactivated', 'model_5': 'deactivated', 'model_6': 'activating'}
[2026-08-21 17:04:00.417 GPU_Scheduler_1] Waiting for models to be activated: {'model_1': 'deactivated', 'model_2': 'activated', 'model_3': 'activating', 'model_4': 'deactivated', 'model_5': 'deactivated', 'model_6': 'activating'}
[2026-08-21 17:04:00.427 GPU_Scheduler_1] Waiting for models to be activated: {'model_1': 'deactivated', 'model_2': 'activated', 'model_3': 'activating', 'model_4': 'deactivated', 'model_5': 'deactivated', 'model_6': 'activating'}
[2026-08-21 17:04:00.437 GPU_Scheduler_1] Waiting for models to be activated: {'model_1': 'deactivated', 'model_2': 'activated', 'model_3': 'activating', 'model_4': 'deactivated', 'model_5': 'deactivated', 'model_6': 'activating'}
[2026-08-21 17:04:00.447 GPU_Scheduler_1] Waiting for models to be activated: {'model_1': 'deactivated', 'model_2': 'activated', 'model_3': 'activating', 'model_4': 'deactivated', 'model_5': 'deactivated', 'model_6': 'activating'}
[2026-08-21 17:04:00.458 GPU_Scheduler_1] Waiting for models to be activated: {'model_1': 'deactivated', 'model_2': 'activated', 'model_3': 'activating', 'model_4': 'deactivated', 'model_5': 'deactivated', 'model_6': 'activating'}
[2026-08-21 17:04:00.468 GPU_Scheduler_1] Waiting for models to be activated: {'model_1': 'deactivated', 'model_2': 'activated', 'model_3': 'activating', 'model_4': 'deactivated', 'model_5': 'deactivated', 'model_6': 'activating'}
[2026-08-21 17:04:00.478 GPU_Scheduler_1] Waiting for models to be activated: {'model_1': 'deactivated', 'model_2': 'activated', 'model_3': 'activating', 'model_4': 'deactivated', 'model_5': 'deactivated', 'model_6': 'activating'}
[2026-08-21 17:04:00.488 GPU_Scheduler_1] Waiting for models to be activated: {'model_1': 'deactivated', 'model_2': 'activated', 'model_3': 'activating', 'model_4': 'deactivated', 'model_5': 'deactivated', 'model_6': 'activating'}
[2026-08-21 17:04:00.499 GPU_Scheduler_1] Waiting for models to be activated: {'model_1': 'deactivated', 'model_2': 'activated', 'model_3': 'activating', 'model_4': 'deactivated', 'model_5': 'deactivated', 'model_6': 'activating'}
[2026-08-21 17:04:00.509 GPU_Scheduler_1] Waiting for models to be activated: {'model_1': 'deactivated', 'model_2': 'activated', 'model_3': 'activating', 'model_4': 'deactivated', 'model_5': 'deactivated', 'model_6': 'activating'}
[2026-08-21 17:04:00.519 GPU_Scheduler_1] Waiting for models to be activated: {'model_1': 'deactivated', 'model_2': 'activated', 'model_3': 'activating', 'model_4': 'deactivated', 'model_5': 'deactivated', 'model_6': 'activating'}
[2026-08-21 17:04:00.530 GPU_Scheduler_1] Waiting for models to be activated: {'model_1': 'deactivated', 'model_2': 'activated', 'model_3': 'activating', 'model_4': 'deactivated', 'model_5': 'deactivated', 'model_6': 'activating'}
[2026-08-21 17:04:00.540 GPU_Scheduler_1] Waiting for models to be activated: {'model_1': 'deactivated', 'model_2': 'activated', 'model_3': 'activating', 'model_4': 'deactivated', 'model_5': 'deactivated', 'model_6': 'activating'}
[2026-08-21 17:04:00.550 GPU_Scheduler_1] Waiting for models to be activated: {'model_1': 'deactivated', 'model_2': 'activated', 'model_3': 'activating', 'model_4': 'deactivated', 'model_5': 'deactivated', 'model_6': 'activating'}
[2026-08-21 17:04:00.561 GPU_Scheduler_1] Waiting for models to be activated: {'model_1': 'deactivated', 'model_2': 'activated', 'model_3': 'activating', 'model_4': 'deactivated', 'model_5': 'deactivated', 'model_6': 'activating'}
[2026-08-21 17:04:00.561 GPU_Scheduler_0] [V5-LOOP] {"iters": 466, "t_mem": 0.011987495236098766, "t_redis": 0.29233636730350554, "t_admit": 0.004306938033550978, "t_send": 0.0005287695676088333, "t_iter": 0.3091595701407641, "admitted": 0, "iter_max": 0.0019454751163721085, "gpu_id": 0, "window_s": 5.010364770889282}
[2026-08-21 17:04:00.571 GPU_Scheduler_1] Waiting for models to be activated: {'model_1': 'deactivated', 'model_2': 'activated', 'model_3': 'activating', 'model_4': 'deactivated', 'model_5': 'deactivated', 'model_6': 'activating'}
[2026-08-21 17:04:00.581 GPU_Scheduler_1] Waiting for models to be activated: {'model_1': 'deactivated', 'model_2': 'activated', 'model_3': 'activating', 'model_4': 'deactivated', 'model_5': 'deactivated', 'model_6': 'activating'}
[2026-08-21 17:04:00.592 GPU_Scheduler_1] Waiting for models to be activated: {'model_1': 'deactivated', 'model_2': 'activated', 'model_3': 'activating', 'model_4': 'deactivated', 'model_5': 'deactivated', 'model_6': 'activating'}
[2026-08-21 17:04:00.602 GPU_Scheduler_1] Waiting for models to be activated: {'model_1': 'deactivated', 'model_2': 'activated', 'model_3': 'activating', 'model_4': 'deactivated', 'model_5': 'deactivated', 'model_6': 'activating'}
[2026-08-21 17:04:00.612 GPU_Scheduler_1] Waiting for models to be activated: {'model_1': 'deactivated', 'model_2': 'activated', 'model_3': 'activating', 'model_4': 'deactivated', 'model_5': 'deactivated', 'model_6': 'activating'}
[2026-08-21 17:04:00.622 GPU_Scheduler_1] Waiting for models to be activated: {'model_1': 'deactivated', 'model_2': 'activated', 'model_3': 'activating', 'model_4': 'deactivated', 'model_5': 'deactivated', 'model_6': 'activating'}
[2026-08-21 17:04:00.633 GPU_Scheduler_1] Waiting for models to be activated: {'model_1': 'deactivated', 'model_2': 'activated', 'model_3': 'activating', 'model_4': 'deactivated', 'model_5': 'deactivated', 'model_6': 'activating'}
[2026-08-21 17:04:00.643 GPU_Scheduler_1] Waiting for models to be activated: {'model_1': 'deactivated', 'model_2': 'activated', 'model_3': 'activating', 'model_4': 'deactivated', 'model_5': 'deactivated', 'model_6': 'activating'}
[2026-08-21 17:04:00.653 GPU_Scheduler_1] Waiting for models to be activated: {'model_1': 'deactivated', 'model_2': 'activated', 'model_3': 'activating', 'model_4': 'deactivated', 'model_5': 'deactivated', 'model_6': 'activating'}
[2026-08-21 17:04:00.664 GPU_Scheduler_1] Waiting for models to be activated: {'model_1': 'deactivated', 'model_2': 'activated', 'model_3': 'activating', 'model_4': 'deactivated', 'model_5': 'deactivated', 'model_6': 'activating'}
[2026-08-21 17:04:00.674 GPU_Scheduler_1] Waiting for models to be activated: {'model_1': 'deactivated', 'model_2': 'activated', 'model_3': 'activating', 'model_4': 'deactivated', 'model_5': 'deactivated', 'model_6': 'activating'}
[2026-08-21 17:04:00.684 GPU_Scheduler_1] Waiting for models to be activated: {'model_1': 'deactivated', 'model_2': 'activated', 'model_3': 'activating', 'model_4': 'deactivated', 'model_5': 'deactivated', 'model_6': 'activating'}
[2026-08-21 17:04:00.694 GPU_Scheduler_1] Waiting for models to be activated: {'model_1': 'deactivated', 'model_2': 'activated', 'model_3': 'activating', 'model_4': 'deactivated', 'model_5': 'deactivated', 'model_6': 'activating'}
[2026-08-21 17:04:00.705 GPU_Scheduler_1] Waiting for models to be activated: {'model_1': 'deactivated', 'model_2': 'activated', 'model_3': 'activating', 'model_4': 'deactivated', 'model_5': 'deactivated', 'model_6': 'activating'}
[2026-08-21 17:04:00.716 GPU_Scheduler_1] Waiting for models to be activated: {'model_1': 'deactivated', 'model_2': 'activated', 'model_3': 'activating', 'model_4': 'deactivated', 'model_5': 'deactivated', 'model_6': 'activating'}
[2026-08-21 17:04:00.726 GPU_Scheduler_1] Waiting for models to be activated: {'model_1': 'deactivated', 'model_2': 'activated', 'model_3': 'activating', 'model_4': 'deactivated', 'model_5': 'deactivated', 'model_6': 'activating'}
[2026-08-21 17:04:00.737 GPU_Scheduler_1] Waiting for models to be activated: {'model_1': 'deactivated', 'model_2': 'activated', 'model_3': 'activating', 'model_4': 'deactivated', 'model_5': 'deactivated', 'model_6': 'activating'}
[2026-08-21 17:04:00.747 GPU_Scheduler_1] Waiting for models to be activated: {'model_1': 'deactivated', 'model_2': 'activated', 'model_3': 'activating', 'model_4': 'deactivated', 'model_5': 'deactivated', 'model_6': 'activating'}
[2026-08-21 17:04:00.758 GPU_Scheduler_1] Waiting for models to be activated: {'model_1': 'deactivated', 'model_2': 'activated', 'model_3': 'activating', 'model_4': 'deactivated', 'model_5': 'deactivated', 'model_6': 'activating'}
[2026-08-21 17:04:00.768 GPU_Scheduler_1] Waiting for models to be activated: {'model_1': 'deactivated', 'model_2': 'activated', 'model_3': 'activating', 'model_4': 'deactivated', 'model_5': 'deactivated', 'model_6': 'activating'}
[2026-08-21 17:04:00.779 GPU_Scheduler_1] Waiting for models to be activated: {'model_1': 'deactivated', 'model_2': 'activated', 'model_3': 'activating', 'model_4': 'deactivated', 'model_5': 'deactivated', 'model_6': 'activating'}
[2026-08-21 17:04:00.789 GPU_Scheduler_1] Waiting for models to be activated: {'model_1': 'deactivated', 'model_2': 'activated', 'model_3': 'activating', 'model_4': 'deactivated', 'model_5': 'deactivated', 'model_6': 'activating'}
[2026-08-21 17:04:00.800 GPU_Scheduler_1] Waiting for models to be activated: {'model_1': 'deactivated', 'model_2': 'activated', 'model_3': 'activating', 'model_4': 'deactivated', 'model_5': 'deactivated', 'model_6': 'activating'}
[2026-08-21 17:04:00.811 GPU_Scheduler_1] Waiting for models to be activated: {'model_1': 'deactivated', 'model_2': 'activated', 'model_3': 'activating', 'model_4': 'deactivated', 'model_5': 'deactivated', 'model_6': 'activating'}
[2026-08-21 17:04:00.821 GPU_Scheduler_1] Waiting for models to be activated: {'model_1': 'deactivated', 'model_2': 'activated', 'model_3': 'activating', 'model_4': 'deactivated', 'model_5': 'deactivated', 'model_6': 'activating'}
[2026-08-21 17:04:00.832 GPU_Scheduler_1] Waiting for models to be activated: {'model_1': 'deactivated', 'model_2': 'activated', 'model_3': 'activating', 'model_4': 'deactivated', 'model_5': 'deactivated', 'model_6': 'activating'}
[2026-08-21 17:04:00.843 GPU_Scheduler_1] Waiting for models to be activated: {'model_1': 'deactivated', 'model_2': 'activated', 'model_3': 'activating', 'model_4': 'deactivated', 'model_5': 'deactivated', 'model_6': 'activating'}
[2026-08-21 17:04:00.853 GPU_Scheduler_1] Waiting for models to be activated: {'model_1': 'deactivated', 'model_2': 'activated', 'model_3': 'activating', 'model_4': 'deactivated', 'model_5': 'deactivated', 'model_6': 'activating'}
[2026-08-21 17:04:00.864 GPU_Scheduler_1] Waiting for models to be activated: {'model_1': 'deactivated', 'model_2': 'activated', 'model_3': 'activating', 'model_4': 'deactivated', 'model_5': 'deactivated', 'model_6': 'activating'}
[2026-08-21 17:04:00.874 GPU_Scheduler_1] Waiting for models to be activated: {'model_1': 'deactivated', 'model_2': 'activated', 'model_3': 'activating', 'model_4': 'deactivated', 'model_5': 'deactivated', 'model_6': 'activating'}
[2026-08-21 17:04:00.885 GPU_Scheduler_1] Waiting for models to be activated: {'model_1': 'deactivated', 'model_2': 'activated', 'model_3': 'activating', 'model_4': 'deactivated', 'model_5': 'deactivated', 'model_6': 'activating'}
[2026-08-21 17:04:00.896 GPU_Scheduler_1] Waiting for models to be activated: {'model_1': 'deactivated', 'model_2': 'activated', 'model_3': 'activating', 'model_4': 'deactivated', 'model_5': 'deactivated', 'model_6': 'activating'}
[2026-08-21 17:04:00.906 GPU_Scheduler_1] Waiting for models to be activated: {'model_1': 'deactivated', 'model_2': 'activated', 'model_3': 'activating', 'model_4': 'deactivated', 'model_5': 'deactivated', 'model_6': 'activating'}
[2026-08-21 17:04:00.917 GPU_Scheduler_1] Waiting for models to be activated: {'model_1': 'deactivated', 'model_2': 'activated', 'model_3': 'activating', 'model_4': 'deactivated', 'model_5': 'deactivated', 'model_6': 'activating'}
[2026-08-21 17:04:00.927 GPU_Scheduler_1] Waiting for models to be activated: {'model_1': 'deactivated', 'model_2': 'activated', 'model_3': 'activating', 'model_4': 'deactivated', 'model_5': 'deactivated', 'model_6': 'activating'}
[2026-08-21 17:04:00.938 GPU_Scheduler_1] Waiting for models to be activated: {'model_1': 'deactivated', 'model_2': 'activated', 'model_3': 'activating', 'model_4': 'deactivated', 'model_5': 'deactivated', 'model_6': 'activating'}
[2026-08-21 17:04:00.949 GPU_Scheduler_1] Waiting for models to be activated: {'model_1': 'deactivated', 'model_2': 'activated', 'model_3': 'activating', 'model_4': 'deactivated', 'model_5': 'deactivated', 'model_6': 'activating'}
[2026-08-21 17:04:00.959 GPU_Scheduler_1] Waiting for models to be activated: {'model_1': 'deactivated', 'model_2': 'activated', 'model_3': 'activating', 'model_4': 'deactivated', 'model_5': 'deactivated', 'model_6': 'activating'}
[2026-08-21 17:04:00.970 GPU_Scheduler_1] Waiting for models to be activated: {'model_1': 'deactivated', 'model_2': 'activated', 'model_3': 'activating', 'model_4': 'deactivated', 'model_5': 'deactivated', 'model_6': 'activating'}
[2026-08-21 17:04:00.981 GPU_Scheduler_1] Waiting for models to be activated: {'model_1': 'deactivated', 'model_2': 'activated', 'model_3': 'activating', 'model_4': 'deactivated', 'model_5': 'deactivated', 'model_6': 'activating'}
[2026-08-21 17:04:00.991 GPU_Scheduler_1] Model model_3 (instance 1) activation succeeded on GPU 1
[2026-08-21 17:04:00.991 GPU_Scheduler_1] Waiting for models to be activated: {'model_1': 'deactivated', 'model_2': 'activated', 'model_3': 'activated', 'model_4': 'deactivated', 'model_5': 'deactivated', 'model_6': 'activating'}
[2026-08-21 17:04:01.002 GPU_Scheduler_1] Waiting for models to be activated: {'model_1': 'deactivated', 'model_2': 'activated', 'model_3': 'activated', 'model_4': 'deactivated', 'model_5': 'deactivated', 'model_6': 'activating'}
[2026-08-21 17:04:01.013 GPU_Scheduler_1] Waiting for models to be activated: {'model_1': 'deactivated', 'model_2': 'activated', 'model_3': 'activated', 'model_4': 'deactivated', 'model_5': 'deactivated', 'model_6': 'activating'}
[2026-08-21 17:04:01.023 GPU_Scheduler_1] Waiting for models to be activated: {'model_1': 'deactivated', 'model_2': 'activated', 'model_3': 'activated', 'model_4': 'deactivated', 'model_5': 'deactivated', 'model_6': 'activating'}
[2026-08-21 17:04:01.034 GPU_Scheduler_1] Waiting for models to be activated: {'model_1': 'deactivated', 'model_2': 'activated', 'model_3': 'activated', 'model_4': 'deactivated', 'model_5': 'deactivated', 'model_6': 'activating'}
[2026-08-21 17:04:01.044 GPU_Scheduler_1] Waiting for models to be activated: {'model_1': 'deactivated', 'model_2': 'activated', 'model_3': 'activated', 'model_4': 'deactivated', 'model_5': 'deactivated', 'model_6': 'activating'}
[2026-08-21 17:04:01.055 GPU_Scheduler_1] Waiting for models to be activated: {'model_1': 'deactivated', 'model_2': 'activated', 'model_3': 'activated', 'model_4': 'deactivated', 'model_5': 'deactivated', 'model_6': 'activating'}
[2026-08-21 17:04:01.065 GPU_Scheduler_1] Waiting for models to be activated: {'model_1': 'deactivated', 'model_2': 'activated', 'model_3': 'activated', 'model_4': 'deactivated', 'model_5': 'deactivated', 'model_6': 'activating'}
[2026-08-21 17:04:01.076 GPU_Scheduler_1] Waiting for models to be activated: {'model_1': 'deactivated', 'model_2': 'activated', 'model_3': 'activated', 'model_4': 'deactivated', 'model_5': 'deactivated', 'model_6': 'activating'}
[2026-08-21 17:04:01.086 GPU_Scheduler_1] Waiting for models to be activated: {'model_1': 'deactivated', 'model_2': 'activated', 'model_3': 'activated', 'model_4': 'deactivated', 'model_5': 'deactivated', 'model_6': 'activating'}
[2026-08-21 17:04:01.097 GPU_Scheduler_1] Waiting for models to be activated: {'model_1': 'deactivated', 'model_2': 'activated', 'model_3': 'activated', 'model_4': 'deactivated', 'model_5': 'deactivated', 'model_6': 'activating'}
[2026-08-21 17:04:01.107 GPU_Scheduler_1] Waiting for models to be activated: {'model_1': 'deactivated', 'model_2': 'activated', 'model_3': 'activated', 'model_4': 'deactivated', 'model_5': 'deactivated', 'model_6': 'activating'}
[2026-08-21 17:04:01.118 GPU_Scheduler_1] Waiting for models to be activated: {'model_1': 'deactivated', 'model_2': 'activated', 'model_3': 'activated', 'model_4': 'deactivated', 'model_5': 'deactivated', 'model_6': 'activating'}
[2026-08-21 17:04:01.129 GPU_Scheduler_1] Waiting for models to be activated: {'model_1': 'deactivated', 'model_2': 'activated', 'model_3': 'activated', 'model_4': 'deactivated', 'model_5': 'deactivated', 'model_6': 'activating'}
[2026-08-21 17:04:01.139 GPU_Scheduler_1] Waiting for models to be activated: {'model_1': 'deactivated', 'model_2': 'activated', 'model_3': 'activated', 'model_4': 'deactivated', 'model_5': 'deactivated', 'model_6': 'activating'}
[2026-08-21 17:04:01.150 GPU_Scheduler_1] Waiting for models to be activated: {'model_1': 'deactivated', 'model_2': 'activated', 'model_3': 'activated', 'model_4': 'deactivated', 'model_5': 'deactivated', 'model_6': 'activating'}
[2026-08-21 17:04:01.160 GPU_Scheduler_1] Waiting for models to be activated: {'model_1': 'deactivated', 'model_2': 'activated', 'model_3': 'activated', 'model_4': 'deactivated', 'model_5': 'deactivated', 'model_6': 'activating'}
[2026-08-21 17:04:01.171 GPU_Scheduler_1] Waiting for models to be activated: {'model_1': 'deactivated', 'model_2': 'activated', 'model_3': 'activated', 'model_4': 'deactivated', 'model_5': 'deactivated', 'model_6': 'activating'}
[2026-08-21 17:04:01.182 GPU_Scheduler_1] Waiting for models to be activated: {'model_1': 'deactivated', 'model_2': 'activated', 'model_3': 'activated', 'model_4': 'deactivated', 'model_5': 'deactivated', 'model_6': 'activating'}
[2026-08-21 17:04:01.192 GPU_Scheduler_1] Waiting for models to be activated: {'model_1': 'deactivated', 'model_2': 'activated', 'model_3': 'activated', 'model_4': 'deactivated', 'model_5': 'deactivated', 'model_6': 'activating'}
[2026-08-21 17:04:01.203 GPU_Scheduler_1] Waiting for models to be activated: {'model_1': 'deactivated', 'model_2': 'activated', 'model_3': 'activated', 'model_4': 'deactivated', 'model_5': 'deactivated', 'model_6': 'activating'}
[2026-08-21 17:04:01.213 GPU_Scheduler_1] Waiting for models to be activated: {'model_1': 'deactivated', 'model_2': 'activated', 'model_3': 'activated', 'model_4': 'deactivated', 'model_5': 'deactivated', 'model_6': 'activating'}
[2026-08-21 17:04:01.224 GPU_Scheduler_1] Waiting for models to be activated: {'model_1': 'deactivated', 'model_2': 'activated', 'model_3': 'activated', 'model_4': 'deactivated', 'model_5': 'deactivated', 'model_6': 'activating'}
[2026-08-21 17:04:01.235 GPU_Scheduler_1] Waiting for models to be activated: {'model_1': 'deactivated', 'model_2': 'activated', 'model_3': 'activated', 'model_4': 'deactivated', 'model_5': 'deactivated', 'model_6': 'activating'}
[2026-08-21 17:04:01.245 GPU_Scheduler_1] Waiting for models to be activated: {'model_1': 'deactivated', 'model_2': 'activated', 'model_3': 'activated', 'model_4': 'deactivated', 'model_5': 'deactivated', 'model_6': 'activating'}
[2026-08-21 17:04:01.256 GPU_Scheduler_1] Waiting for models to be activated: {'model_1': 'deactivated', 'model_2': 'activated', 'model_3': 'activated', 'model_4': 'deactivated', 'model_5': 'deactivated', 'model_6': 'activating'}
[2026-08-21 17:04:01.266 GPU_Scheduler_1] Waiting for models to be activated: {'model_1': 'deactivated', 'model_2': 'activated', 'model_3': 'activated', 'model_4': 'deactivated', 'model_5': 'deactivated', 'model_6': 'activating'}
[2026-08-21 17:04:01.277 GPU_Scheduler_1] Waiting for models to be activated: {'model_1': 'deactivated', 'model_2': 'activated', 'model_3': 'activated', 'model_4': 'deactivated', 'model_5': 'deactivated', 'model_6': 'activating'}
[2026-08-21 17:04:01.288 GPU_Scheduler_1] Waiting for models to be activated: {'model_1': 'deactivated', 'model_2': 'activated', 'model_3': 'activated', 'model_4': 'deactivated', 'model_5': 'deactivated', 'model_6': 'activating'}
[2026-08-21 17:04:01.299 GPU_Scheduler_1] Waiting for models to be activated: {'model_1': 'deactivated', 'model_2': 'activated', 'model_3': 'activated', 'model_4': 'deactivated', 'model_5': 'deactivated', 'model_6': 'activating'}
[2026-08-21 17:04:01.310 GPU_Scheduler_1] Waiting for models to be activated: {'model_1': 'deactivated', 'model_2': 'activated', 'model_3': 'activated', 'model_4': 'deactivated', 'model_5': 'deactivated', 'model_6': 'activating'}
[2026-08-21 17:04:01.320 GPU_Scheduler_1] Waiting for models to be activated: {'model_1': 'deactivated', 'model_2': 'activated', 'model_3': 'activated', 'model_4': 'deactivated', 'model_5': 'deactivated', 'model_6': 'activating'}
[2026-08-21 17:04:01.331 GPU_Scheduler_1] Waiting for models to be activated: {'model_1': 'deactivated', 'model_2': 'activated', 'model_3': 'activated', 'model_4': 'deactivated', 'model_5': 'deactivated', 'model_6': 'activating'}
[2026-08-21 17:04:01.341 GPU_Scheduler_1] Waiting for models to be activated: {'model_1': 'deactivated', 'model_2': 'activated', 'model_3': 'activated', 'model_4': 'deactivated', 'model_5': 'deactivated', 'model_6': 'activating'}
[2026-08-21 17:04:01.352 GPU_Scheduler_1] Waiting for models to be activated: {'model_1': 'deactivated', 'model_2': 'activated', 'model_3': 'activated', 'model_4': 'deactivated', 'model_5': 'deactivated', 'model_6': 'activating'}
[2026-08-21 17:04:01.362 GPU_Scheduler_1] Waiting for models to be activated: {'model_1': 'deactivated', 'model_2': 'activated', 'model_3': 'activated', 'model_4': 'deactivated', 'model_5': 'deactivated', 'model_6': 'activating'}
[2026-08-21 17:04:01.373 GPU_Scheduler_1] Waiting for models to be activated: {'model_1': 'deactivated', 'model_2': 'activated', 'model_3': 'activated', 'model_4': 'deactivated', 'model_5': 'deactivated', 'model_6': 'activating'}
[2026-08-21 17:04:01.383 GPU_Scheduler_1] Waiting for models to be activated: {'model_1': 'deactivated', 'model_2': 'activated', 'model_3': 'activated', 'model_4': 'deactivated', 'model_5': 'deactivated', 'model_6': 'activating'}
[2026-08-21 17:04:01.394 GPU_Scheduler_1] Waiting for models to be activated: {'model_1': 'deactivated', 'model_2': 'activated', 'model_3': 'activated', 'model_4': 'deactivated', 'model_5': 'deactivated', 'model_6': 'activating'}
[2026-08-21 17:04:01.404 GPU_Scheduler_1] Waiting for models to be activated: {'model_1': 'deactivated', 'model_2': 'activated', 'model_3': 'activated', 'model_4': 'deactivated', 'model_5': 'deactivated', 'model_6': 'activating'}
[2026-08-21 17:04:01.414 GPU_Scheduler_1] Waiting for models to be activated: {'model_1': 'deactivated', 'model_2': 'activated', 'model_3': 'activated', 'model_4': 'deactivated', 'model_5': 'deactivated', 'model_6': 'activating'}
[2026-08-21 17:04:01.425 GPU_Scheduler_1] Waiting for models to be activated: {'model_1': 'deactivated', 'model_2': 'activated', 'model_3': 'activated', 'model_4': 'deactivated', 'model_5': 'deactivated', 'model_6': 'activating'}
[2026-08-21 17:04:01.435 GPU_Scheduler_1] Waiting for models to be activated: {'model_1': 'deactivated', 'model_2': 'activated', 'model_3': 'activated', 'model_4': 'deactivated', 'model_5': 'deactivated', 'model_6': 'activating'}
[2026-08-21 17:04:01.446 GPU_Scheduler_1] Waiting for models to be activated: {'model_1': 'deactivated', 'model_2': 'activated', 'model_3': 'activated', 'model_4': 'deactivated', 'model_5': 'deactivated', 'model_6': 'activating'}
[2026-08-21 17:04:01.456 GPU_Scheduler_1] Waiting for models to be activated: {'model_1': 'deactivated', 'model_2': 'activated', 'model_3': 'activated', 'model_4': 'deactivated', 'model_5': 'deactivated', 'model_6': 'activating'}
[2026-08-21 17:04:01.466 GPU_Scheduler_1] Waiting for models to be activated: {'model_1': 'deactivated', 'model_2': 'activated', 'model_3': 'activated', 'model_4': 'deactivated', 'model_5': 'deactivated', 'model_6': 'activating'}
[2026-08-21 17:04:01.477 GPU_Scheduler_1] Waiting for models to be activated: {'model_1': 'deactivated', 'model_2': 'activated', 'model_3': 'activated', 'model_4': 'deactivated', 'model_5': 'deactivated', 'model_6': 'activating'}
[2026-08-21 17:04:01.487 GPU_Scheduler_1] Waiting for models to be activated: {'model_1': 'deactivated', 'model_2': 'activated', 'model_3': 'activated', 'model_4': 'deactivated', 'model_5': 'deactivated', 'model_6': 'activating'}
[2026-08-21 17:04:01.497 GPU_Scheduler_1] Waiting for models to be activated: {'model_1': 'deactivated', 'model_2': 'activated', 'model_3': 'activated', 'model_4': 'deactivated', 'model_5': 'deactivated', 'model_6': 'activating'}
[2026-08-21 17:04:01.507 GPU_Scheduler_1] Waiting for models to be activated: {'model_1': 'deactivated', 'model_2': 'activated', 'model_3': 'activated', 'model_4': 'deactivated', 'model_5': 'deactivated', 'model_6': 'activating'}
[2026-08-21 17:04:01.518 GPU_Scheduler_1] Waiting for models to be activated: {'model_1': 'deactivated', 'model_2': 'activated', 'model_3': 'activated', 'model_4': 'deactivated', 'model_5': 'deactivated', 'model_6': 'activating'}
[2026-08-21 17:04:01.528 GPU_Scheduler_1] Waiting for models to be activated: {'model_1': 'deactivated', 'model_2': 'activated', 'model_3': 'activated', 'model_4': 'deactivated', 'model_5': 'deactivated', 'model_6': 'activating'}
[2026-08-21 17:04:01.538 GPU_Scheduler_1] Waiting for models to be activated: {'model_1': 'deactivated', 'model_2': 'activated', 'model_3': 'activated', 'model_4': 'deactivated', 'model_5': 'deactivated', 'model_6': 'activating'}
[2026-08-21 17:04:01.549 GPU_Scheduler_1] Waiting for models to be activated: {'model_1': 'deactivated', 'model_2': 'activated', 'model_3': 'activated', 'model_4': 'deactivated', 'model_5': 'deactivated', 'model_6': 'activating'}
[2026-08-21 17:04:01.559 GPU_Scheduler_1] Waiting for models to be activated: {'model_1': 'deactivated', 'model_2': 'activated', 'model_3': 'activated', 'model_4': 'deactivated', 'model_5': 'deactivated', 'model_6': 'activating'}
[2026-08-21 17:04:01.569 GPU_Scheduler_1] Waiting for models to be activated: {'model_1': 'deactivated', 'model_2': 'activated', 'model_3': 'activated', 'model_4': 'deactivated', 'model_5': 'deactivated', 'model_6': 'activating'}
[2026-08-21 17:04:01.580 GPU_Scheduler_1] Waiting for models to be activated: {'model_1': 'deactivated', 'model_2': 'activated', 'model_3': 'activated', 'model_4': 'deactivated', 'model_5': 'deactivated', 'model_6': 'activating'}
[2026-08-21 17:04:01.590 GPU_Scheduler_1] Waiting for models to be activated: {'model_1': 'deactivated', 'model_2': 'activated', 'model_3': 'activated', 'model_4': 'deactivated', 'model_5': 'deactivated', 'model_6': 'activating'}
[2026-08-21 17:04:01.600 GPU_Scheduler_1] Waiting for models to be activated: {'model_1': 'deactivated', 'model_2': 'activated', 'model_3': 'activated', 'model_4': 'deactivated', 'model_5': 'deactivated', 'model_6': 'activating'}
[2026-08-21 17:04:01.611 GPU_Scheduler_1] Waiting for models to be activated: {'model_1': 'deactivated', 'model_2': 'activated', 'model_3': 'activated', 'model_4': 'deactivated', 'model_5': 'deactivated', 'model_6': 'activating'}
[2026-08-21 17:04:01.621 GPU_Scheduler_1] Waiting for models to be activated: {'model_1': 'deactivated', 'model_2': 'activated', 'model_3': 'activated', 'model_4': 'deactivated', 'model_5': 'deactivated', 'model_6': 'activating'}
[2026-08-21 17:04:01.631 GPU_Scheduler_1] Waiting for models to be activated: {'model_1': 'deactivated', 'model_2': 'activated', 'model_3': 'activated', 'model_4': 'deactivated', 'model_5': 'deactivated', 'model_6': 'activating'}
[2026-08-21 17:04:01.642 GPU_Scheduler_1] Waiting for models to be activated: {'model_1': 'deactivated', 'model_2': 'activated', 'model_3': 'activated', 'model_4': 'deactivated', 'model_5': 'deactivated', 'model_6': 'activating'}
[2026-08-21 17:04:01.652 GPU_Scheduler_1] Waiting for models to be activated: {'model_1': 'deactivated', 'model_2': 'activated', 'model_3': 'activated', 'model_4': 'deactivated', 'model_5': 'deactivated', 'model_6': 'activating'}
[2026-08-21 17:04:01.662 GPU_Scheduler_1] Waiting for models to be activated: {'model_1': 'deactivated', 'model_2': 'activated', 'model_3': 'activated', 'model_4': 'deactivated', 'model_5': 'deactivated', 'model_6': 'activating'}
[2026-08-21 17:04:01.672 GPU_Scheduler_1] Waiting for models to be activated: {'model_1': 'deactivated', 'model_2': 'activated', 'model_3': 'activated', 'model_4': 'deactivated', 'model_5': 'deactivated', 'model_6': 'activating'}
[2026-08-21 17:04:01.683 GPU_Scheduler_1] Waiting for models to be activated: {'model_1': 'deactivated', 'model_2': 'activated', 'model_3': 'activated', 'model_4': 'deactivated', 'model_5': 'deactivated', 'model_6': 'activating'}
[2026-08-21 17:04:01.693 GPU_Scheduler_1] Waiting for models to be activated: {'model_1': 'deactivated', 'model_2': 'activated', 'model_3': 'activated', 'model_4': 'deactivated', 'model_5': 'deactivated', 'model_6': 'activating'}
[2026-08-21 17:04:01.703 GPU_Scheduler_1] Waiting for models to be activated: {'model_1': 'deactivated', 'model_2': 'activated', 'model_3': 'activated', 'model_4': 'deactivated', 'model_5': 'deactivated', 'model_6': 'activating'}
[2026-08-21 17:04:01.714 GPU_Scheduler_1] Waiting for models to be activated: {'model_1': 'deactivated', 'model_2': 'activated', 'model_3': 'activated', 'model_4': 'deactivated', 'model_5': 'deactivated', 'model_6': 'activating'}
[2026-08-21 17:04:01.724 GPU_Scheduler_1] Waiting for models to be activated: {'model_1': 'deactivated', 'model_2': 'activated', 'model_3': 'activated', 'model_4': 'deactivated', 'model_5': 'deactivated', 'model_6': 'activating'}
[2026-08-21 17:04:01.734 GPU_Scheduler_1] Waiting for models to be activated: {'model_1': 'deactivated', 'model_2': 'activated', 'model_3': 'activated', 'model_4': 'deactivated', 'model_5': 'deactivated', 'model_6': 'activating'}
[2026-08-21 17:04:01.745 GPU_Scheduler_1] Waiting for models to be activated: {'model_1': 'deactivated', 'model_2': 'activated', 'model_3': 'activated', 'model_4': 'deactivated', 'model_5': 'deactivated', 'model_6': 'activating'}
[2026-08-21 17:04:01.755 GPU_Scheduler_1] Waiting for models to be activated: {'model_1': 'deactivated', 'model_2': 'activated', 'model_3': 'activated', 'model_4': 'deactivated', 'model_5': 'deactivated', 'model_6': 'activating'}
[2026-08-21 17:04:01.765 GPU_Scheduler_1] Waiting for models to be activated: {'model_1': 'deactivated', 'model_2': 'activated', 'model_3': 'activated', 'model_4': 'deactivated', 'model_5': 'deactivated', 'model_6': 'activating'}
[2026-08-21 17:04:01.776 GPU_Scheduler_1] Waiting for models to be activated: {'model_1': 'deactivated', 'model_2': 'activated', 'model_3': 'activated', 'model_4': 'deactivated', 'model_5': 'deactivated', 'model_6': 'activating'}
[2026-08-21 17:04:01.786 GPU_Scheduler_1] Waiting for models to be activated: {'model_1': 'deactivated', 'model_2': 'activated', 'model_3': 'activated', 'model_4': 'deactivated', 'model_5': 'deactivated', 'model_6': 'activating'}
[2026-08-21 17:04:01.797 GPU_Scheduler_1] Waiting for models to be activated: {'model_1': 'deactivated', 'model_2': 'activated', 'model_3': 'activated', 'model_4': 'deactivated', 'model_5': 'deactivated', 'model_6': 'activating'}
[2026-08-21 17:04:01.807 GPU_Scheduler_1] Waiting for models to be activated: {'model_1': 'deactivated', 'model_2': 'activated', 'model_3': 'activated', 'model_4': 'deactivated', 'model_5': 'deactivated', 'model_6': 'activating'}
[2026-08-21 17:04:01.817 GPU_Scheduler_1] Waiting for models to be activated: {'model_1': 'deactivated', 'model_2': 'activated', 'model_3': 'activated', 'model_4': 'deactivated', 'model_5': 'deactivated', 'model_6': 'activating'}
[2026-08-21 17:04:01.828 GPU_Scheduler_1] Waiting for models to be activated: {'model_1': 'deactivated', 'model_2': 'activated', 'model_3': 'activated', 'model_4': 'deactivated', 'model_5': 'deactivated', 'model_6': 'activating'}
[2026-08-21 17:04:01.838 GPU_Scheduler_1] Waiting for models to be activated: {'model_1': 'deactivated', 'model_2': 'activated', 'model_3': 'activated', 'model_4': 'deactivated', 'model_5': 'deactivated', 'model_6': 'activating'}
[2026-08-21 17:04:01.848 GPU_Scheduler_1] Waiting for models to be activated: {'model_1': 'deactivated', 'model_2': 'activated', 'model_3': 'activated', 'model_4': 'deactivated', 'model_5': 'deactivated', 'model_6': 'activating'}
[2026-08-21 17:04:01.859 GPU_Scheduler_1] Waiting for models to be activated: {'model_1': 'deactivated', 'model_2': 'activated', 'model_3': 'activated', 'model_4': 'deactivated', 'model_5': 'deactivated', 'model_6': 'activating'}
[2026-08-21 17:04:01.869 GPU_Scheduler_1] Waiting for models to be activated: {'model_1': 'deactivated', 'model_2': 'activated', 'model_3': 'activated', 'model_4': 'deactivated', 'model_5': 'deactivated', 'model_6': 'activating'}
[2026-08-21 17:04:01.880 GPU_Scheduler_1] Waiting for models to be activated: {'model_1': 'deactivated', 'model_2': 'activated', 'model_3': 'activated', 'model_4': 'deactivated', 'model_5': 'deactivated', 'model_6': 'activating'}
[2026-08-21 17:04:01.890 GPU_Scheduler_1] Waiting for models to be activated: {'model_1': 'deactivated', 'model_2': 'activated', 'model_3': 'activated', 'model_4': 'deactivated', 'model_5': 'deactivated', 'model_6': 'activating'}
[2026-08-21 17:04:01.900 GPU_Scheduler_1] Waiting for models to be activated: {'model_1': 'deactivated', 'model_2': 'activated', 'model_3': 'activated', 'model_4': 'deactivated', 'model_5': 'deactivated', 'model_6': 'activating'}
[2026-08-21 17:04:01.911 GPU_Scheduler_1] Waiting for models to be activated: {'model_1': 'deactivated', 'model_2': 'activated', 'model_3': 'activated', 'model_4': 'deactivated', 'model_5': 'deactivated', 'model_6': 'activating'}
[2026-08-21 17:04:01.921 GPU_Scheduler_1] Waiting for models to be activated: {'model_1': 'deactivated', 'model_2': 'activated', 'model_3': 'activated', 'model_4': 'deactivated', 'model_5': 'deactivated', 'model_6': 'activating'}
[2026-08-21 17:04:01.932 GPU_Scheduler_1] Waiting for models to be activated: {'model_1': 'deactivated', 'model_2': 'activated', 'model_3': 'activated', 'model_4': 'deactivated', 'model_5': 'deactivated', 'model_6': 'activating'}
[2026-08-21 17:04:01.942 GPU_Scheduler_1] Waiting for models to be activated: {'model_1': 'deactivated', 'model_2': 'activated', 'model_3': 'activated', 'model_4': 'deactivated', 'model_5': 'deactivated', 'model_6': 'activating'}
[2026-08-21 17:04:01.952 GPU_Scheduler_1] Waiting for models to be activated: {'model_1': 'deactivated', 'model_2': 'activated', 'model_3': 'activated', 'model_4': 'deactivated', 'model_5': 'deactivated', 'model_6': 'activating'}
[2026-08-21 17:04:01.963 GPU_Scheduler_1] Waiting for models to be activated: {'model_1': 'deactivated', 'model_2': 'activated', 'model_3': 'activated', 'model_4': 'deactivated', 'model_5': 'deactivated', 'model_6': 'activating'}
[2026-08-21 17:04:01.973 GPU_Scheduler_1] Waiting for models to be activated: {'model_1': 'deactivated', 'model_2': 'activated', 'model_3': 'activated', 'model_4': 'deactivated', 'model_5': 'deactivated', 'model_6': 'activating'}
[2026-08-21 17:04:01.983 GPU_Scheduler_1] Waiting for models to be activated: {'model_1': 'deactivated', 'model_2': 'activated', 'model_3': 'activated', 'model_4': 'deactivated', 'model_5': 'deactivated', 'model_6': 'activating'}
[2026-08-21 17:04:01.994 GPU_Scheduler_1] Waiting for models to be activated: {'model_1': 'deactivated', 'model_2': 'activated', 'model_3': 'activated', 'model_4': 'deactivated', 'model_5': 'deactivated', 'model_6': 'activating'}
[2026-08-21 17:04:02.004 GPU_Scheduler_1] Waiting for models to be activated: {'model_1': 'deactivated', 'model_2': 'activated', 'model_3': 'activated', 'model_4': 'deactivated', 'model_5': 'deactivated', 'model_6': 'activating'}
[2026-08-21 17:04:02.015 GPU_Scheduler_1] Model model_6 (instance 1) activation succeeded on GPU 1
[2026-08-21 17:04:03.059 GPU_Scheduler_1] Admitted 1 requests for model_2
[2026-08-21 17:04:03.060 GPU_Scheduler_1] Admitted 1 requests for model_3
[2026-08-21 17:04:03.059 GPU_Scheduler_0] Admitted 1 requests for model_4
[2026-08-21 17:04:03.060 GPU_Scheduler_1] Admitted 1 requests for model_6
[2026-08-21 17:04:03.060 GPU_Scheduler_0] Admitted 1 requests for model_5
[2026-08-21 17:04:03.060 GPU_Scheduler_0] Admitted 1 requests for model_1
[2026-08-21 17:04:05.465 GPU_Scheduler_0] Admitted 1 requests for model_4
[2026-08-21 17:04:05.504 GPU_Scheduler_1] Admitted 1 requests for model_6
[2026-08-21 17:04:05.563 GPU_Scheduler_0] [V5-LOOP] {"iters": 466, "t_mem": 0.007825905922800303, "t_redis": 0.28537557180970907, "t_admit": 0.004180562915280461, "t_send": 0.0035476277116686106, "t_iter": 0.30092966835945845, "admitted": 4, "iter_max": 0.0036500380374491215, "gpu_id": 0, "window_s": 5.000793218612671}
[2026-08-21 17:04:05.617 GPU_Scheduler_0] Admitted 1 requests for model_4
[2026-08-21 17:04:05.646 GPU_Scheduler_1] Admitted 1 requests for model_2
[2026-08-21 17:04:05.679 GPU_Scheduler_1] Admitted 1 requests for model_2
[2026-08-21 17:04:05.692 GPU_Scheduler_0] Admitted 1 requests for model_4
[2026-08-21 17:04:05.703 GPU_Scheduler_0] Admitted 1 requests for model_4
[2026-08-21 17:04:06.261 GPU_Scheduler_0] Admitted 1 requests for model_4
[2026-08-21 17:04:06.295 GPU_Scheduler_0] Admitted 1 requests for model_4
[2026-08-21 17:04:06.340 GPU_Scheduler_0] Admitted 1 requests for model_4
[2026-08-21 17:04:06.407 GPU_Scheduler_0] Admitted 2 requests for model_4
[2026-08-21 17:04:06.573 GPU_Scheduler_0] Admitted 1 requests for model_4
[2026-08-21 17:04:06.919 GPU_Scheduler_0] Admitted 1 requests for model_4
[2026-08-21 17:04:06.975 GPU_Scheduler_1] Admitted 1 requests for model_6
[2026-08-21 17:04:07.023 GPU_Scheduler_1] [V5-LOOP] {"iters": 456, "t_mem": 0.009797054575756192, "t_redis": 0.3980144707020372, "t_admit": 0.004832689184695482, "t_send": 0.0042534146923571825, "t_iter": 0.41689762915484607, "admitted": 7, "iter_max": 0.0032075641211122274, "gpu_id": 1, "window_s": 5.007413864135742}
[2026-08-21 17:04:07.044 GPU_Scheduler_0] Admitted 1 requests for model_4
[2026-08-21 17:04:07.145 GPU_Scheduler_1] Admitted 1 requests for model_6
[2026-08-21 17:04:07.178 GPU_Scheduler_1] Admitted 1 requests for model_2
[2026-08-21 17:04:07.232 GPU_Scheduler_0] Admitted 1 requests for model_4
[2026-08-21 17:04:07.354 GPU_Scheduler_0] Admitted 1 requests for model_4
[2026-08-21 17:04:07.477 GPU_Scheduler_1] Admitted 1 requests for model_6
[2026-08-21 17:04:07.505 GPU_Scheduler_0] Admitted 1 requests for model_4
[2026-08-21 17:04:07.510 GPU_Scheduler_1] Admitted 1 requests for model_6
[2026-08-21 17:04:07.622 GPU_Scheduler_0] Admitted 1 requests for model_4
[2026-08-21 17:04:07.633 GPU_Scheduler_0] Admitted 1 requests for model_4
[2026-08-21 17:04:07.674 GPU_Scheduler_1] Admitted 1 requests for model_6
[2026-08-21 17:04:08.028 GPU_Scheduler_0] Admitted 1 requests for model_4
[2026-08-21 17:04:08.360 GPU_Scheduler_1] Admitted 1 requests for model_6
[2026-08-21 17:04:08.612 GPU_Scheduler_1] Admitted 1 requests for model_2
[2026-08-21 17:04:08.831 GPU_Scheduler_1] Admitted 1 requests for model_6
[2026-08-21 17:04:09.050 GPU_Scheduler_0] Admitted 1 requests for model_4
[2026-08-21 17:04:09.150 GPU_Scheduler_0] Admitted 1 requests for model_4
[2026-08-21 17:04:09.239 GPU_Scheduler_0] Admitted 1 requests for model_4
[2026-08-21 17:04:09.360 GPU_Scheduler_1] Admitted 1 requests for model_6
[2026-08-21 17:04:09.548 GPU_Scheduler_1] Admitted 1 requests for model_2
[2026-08-21 17:04:09.659 GPU_Scheduler_0] Admitted 1 requests for model_4
[2026-08-21 17:04:09.725 GPU_Scheduler_1] Admitted 1 requests for model_6
[2026-08-21 17:04:09.868 GPU_Scheduler_1] Admitted 1 requests for model_6
[2026-08-21 17:04:09.912 GPU_Scheduler_0] Admitted 1 requests for model_4
[2026-08-21 17:04:09.979 GPU_Scheduler_0] Admitted 1 requests for model_4
[2026-08-21 17:04:10.001 GPU_Scheduler_1] Admitted 1 requests for model_6
[2026-08-21 17:04:10.222 GPU_Scheduler_0] Admitted 1 requests for model_4
[2026-08-21 17:04:10.468 GPU_Scheduler_0] Admitted 1 requests for model_4
[2026-08-21 17:04:10.567 GPU_Scheduler_0] [V5-LOOP] {"iters": 451, "t_mem": 0.011136272689327598, "t_redis": 0.41941888723522425, "t_admit": 0.007324865786358714, "t_send": 0.014369107782840729, "t_iter": 0.4522491334937513, "admitted": 25, "iter_max": 0.0022966170217841864, "gpu_id": 0, "window_s": 5.004067420959473}
[2026-08-21 17:04:10.586 GPU_Scheduler_0] Received activate request for model model_3
[2026-08-21 17:04:10.587 GPU_Scheduler_0] Received activate request for model_3, model_states: {'model_1': 'activated', 'model_2': 'deactivated', 'model_3': 'preparing', 'model_4': 'activated', 'model_5': 'activated', 'model_6': 'deactivated'}
[2026-08-21 17:04:10.587 GPU_Scheduler_0] Assign worker 3 to model_3. Current model_to_worker: {'model_1': 0, 'model_4': 1, 'model_5': 2, 'model_3': 3}
[2026-08-21 17:04:10.793 GPU_Scheduler_0] Admitted 1 requests for model_4
[2026-08-21 17:04:10.881 GPU_Scheduler_1] Admitted 1 requests for model_2
[2026-08-21 17:04:10.893 GPU_Scheduler_1] Admitted 1 requests for model_6
[2026-08-21 17:04:10.901 GPU_Scheduler_0] Admitted 1 requests for model_4
[2026-08-21 17:04:11.130 GPU_Scheduler_1] Admitted 1 requests for model_6
[2026-08-21 17:04:11.150 GPU_Scheduler_0] Admitted 1 requests for model_4
[2026-08-21 17:04:11.237 GPU_Scheduler_0] Admitted 1 requests for model_4
[2026-08-21 17:04:11.248 GPU_Scheduler_0] Admitted 1 requests for model_4
[2026-08-21 17:04:12.030 GPU_Scheduler_1] [V5-LOOP] {"iters": 455, "t_mem": 0.010776917450129986, "t_redis": 0.3893986428156495, "t_admit": 0.005694816587492824, "t_send": 0.010263579664751887, "t_iter": 0.4161339565180242, "admitted": 16, "iter_max": 0.0019506351090967655, "gpu_id": 1, "window_s": 5.007618188858032}
[2026-08-21 17:04:12.036 GPU_Scheduler_0] Admitted 1 requests for model_4
[2026-08-21 17:04:12.059 GPU_Scheduler_0] Admitted 1 requests for model_4
[2026-08-21 17:04:12.177 GPU_Scheduler_0] Model model_3 (instance 0) activation succeeded on GPU 0
[2026-08-21 17:04:12.182 GPU_Scheduler_1] Received deactivate request for model model_3
[2026-08-21 17:04:12.182 GPU_Scheduler_1] Received deactivate request for model_3, model_states: {'model_1': 'deactivated', 'model_2': 'activated', 'model_3': 'deactivating', 'model_4': 'deactivated', 'model_5': 'deactivated', 'model_6': 'activated'}
[2026-08-21 17:04:12.182 GPU_Scheduler_1] Release worker 1 from model model_3. Current model_to_worker: {'model_2': 0, 'model_6': 2}
[2026-08-21 17:04:12.258 GPU_Scheduler_0] [PAPER-ALG2] {"rounds": 34.0, "eligible": 37.0, "selected": 37.0, "deferred": 0.0, "late_dispatched": 0.0, "requeued": 0.0, "max_queue_len": 3}
[2026-08-21 17:04:12.259 GPU_Scheduler_0] Admitted 1 requests for model_4
[2026-08-21 17:04:12.409 GPU_Scheduler_0] Admitted 2 requests for model_4
[2026-08-21 17:04:12.442 GPU_Scheduler_0] Admitted 1 requests for model_4
[2026-08-21 17:04:12.485 GPU_Scheduler_0] Admitted 1 requests for model_4
[2026-08-21 17:04:12.539 GPU_Scheduler_0] Admitted 1 requests for model_4
[2026-08-21 17:04:12.649 GPU_Scheduler_1] Admitted 1 requests for model_6
[2026-08-21 17:04:12.752 GPU_Scheduler_0] Admitted 1 requests for model_4
[2026-08-21 17:04:12.763 GPU_Scheduler_0] Admitted 2 requests for model_4
[2026-08-21 17:04:12.839 GPU_Scheduler_0] Admitted 1 requests for model_4
[2026-08-21 17:04:12.873 GPU_Scheduler_1] Admitted 1 requests for model_6
[2026-08-21 17:04:12.906 GPU_Scheduler_1] Model model_3 (instance 1) deactivation succeeded on GPU 1
[2026-08-21 17:04:12.911 GPU_Scheduler_0] Received activate request for model model_3
[2026-08-21 17:04:12.911 GPU_Scheduler_0] Received activate request for model_3, model_states: {'model_1': 'activated', 'model_2': 'deactivated', 'model_3': 'committing', 'model_4': 'activated', 'model_5': 'activated', 'model_6': 'deactivated'}
[2026-08-21 17:04:12.911 GPU_Scheduler_0] [PAPER-OVERLAP-V6] commit dispatched model=model_3 gpu=0 worker=3
[2026-08-21 17:04:12.918 GPU_Scheduler_0] Model model_3 (instance 0) activation succeeded on GPU 0
[2026-08-21 17:04:13.288 GPU_Scheduler_0] Admitted 1 requests for model_4
[2026-08-21 17:04:13.315 GPU_Scheduler_1] Admitted 1 requests for model_6
[2026-08-21 17:04:13.400 GPU_Scheduler_0] Admitted 1 requests for model_4
[2026-08-21 17:04:13.566 GPU_Scheduler_0] Admitted 1 requests for model_4
[2026-08-21 17:04:13.733 GPU_Scheduler_0] Admitted 1 requests for model_4
[2026-08-21 17:04:13.873 GPU_Scheduler_1] Admitted 1 requests for model_6
[2026-08-21 17:04:13.888 GPU_Scheduler_0] Admitted 1 requests for model_4
[2026-08-21 17:04:14.317 GPU_Scheduler_0] Admitted 1 requests for model_4
[2026-08-21 17:04:14.524 GPU_Scheduler_1] Admitted 1 requests for model_6
[2026-08-21 17:04:14.556 GPU_Scheduler_1] Admitted 1 requests for model_6
[2026-08-21 17:04:14.641 GPU_Scheduler_1] Admitted 1 requests for model_6
[2026-08-21 17:04:14.935 GPU_Scheduler_1] Admitted 1 requests for model_6
[2026-08-21 17:04:15.033 GPU_Scheduler_0] Admitted 1 requests for model_4
[2026-08-21 17:04:15.066 GPU_Scheduler_0] Admitted 1 requests for model_4
[2026-08-21 17:04:15.381 GPU_Scheduler_0] Admitted 1 requests for model_4
[2026-08-21 17:04:15.419 GPU_Scheduler_1] Admitted 1 requests for model_6
[2026-08-21 17:04:15.446 GPU_Scheduler_0] Admitted 1 requests for model_4
[2026-08-21 17:04:15.458 GPU_Scheduler_0] Admitted 1 requests for model_4
[2026-08-21 17:04:15.469 GPU_Scheduler_0] Admitted 1 requests for model_4
[2026-08-21 17:04:15.577 GPU_Scheduler_0] [V5-LOOP] {"iters": 459, "t_mem": 0.010211597196757793, "t_redis": 0.3487128110136837, "t_admit": 0.006447795545682311, "t_send": 0.014026461634784937, "t_iter": 0.3793986653909087, "admitted": 29, "iter_max": 0.002193826949223876, "gpu_id": 0, "window_s": 5.009925603866577}
[2026-08-21 17:04:15.751 GPU_Scheduler_0] Admitted 1 requests for model_4
[2026-08-21 17:04:15.773 GPU_Scheduler_0] Admitted 1 requests for model_4
[2026-08-21 17:04:15.838 GPU_Scheduler_0] Admitted 1 requests for model_4
[2026-08-21 17:04:15.905 GPU_Scheduler_1] Admitted 1 requests for model_6
[2026-08-21 17:04:15.970 GPU_Scheduler_1] Admitted 1 requests for model_2
[2026-08-21 17:04:15.991 GPU_Scheduler_1] Admitted 1 requests for model_2
[2026-08-21 17:04:16.107 GPU_Scheduler_1] Admitted 1 requests for model_6
[2026-08-21 17:04:16.171 GPU_Scheduler_1] Admitted 1 requests for model_2
[2026-08-21 17:04:16.414 GPU_Scheduler_1] Admitted 1 requests for model_6
[2026-08-21 17:04:16.433 GPU_Scheduler_0] Admitted 1 requests for model_4
[2026-08-21 17:04:16.436 GPU_Scheduler_1] Admitted 1 requests for model_2
[2026-08-21 17:04:16.499 GPU_Scheduler_0] Admitted 2 requests for model_4
[2026-08-21 17:04:16.749 GPU_Scheduler_0] Admitted 1 requests for model_4
[2026-08-21 17:04:16.771 GPU_Scheduler_0] Admitted 1 requests for model_4
[2026-08-21 17:04:17.025 GPU_Scheduler_1] Admitted 1 requests for model_6
[2026-08-21 17:04:17.036 GPU_Scheduler_1] [V5-LOOP] {"iters": 474, "t_mem": 0.0076690902933478355, "t_redis": 0.20648058922961354, "t_admit": 0.004240917507559061, "t_send": 0.007148442789912224, "t_iter": 0.22553903982043266, "admitted": 17, "iter_max": 0.0012337088119238615, "gpu_id": 1, "window_s": 5.0054404735565186}
[2026-08-21 17:04:17.171 GPU_Scheduler_0] Admitted 1 requests for model_4
[2026-08-21 17:04:17.280 GPU_Scheduler_0] Admitted 1 requests for model_4
[2026-08-21 17:04:17.291 GPU_Scheduler_0] Admitted 1 requests for model_4
[2026-08-21 17:04:17.309 GPU_Scheduler_1] Admitted 1 requests for model_6
[2026-08-21 17:04:17.747 GPU_Scheduler_0] Admitted 1 requests for model_4
[2026-08-21 17:04:17.926 GPU_Scheduler_0] Admitted 1 requests for model_4
[2026-08-21 17:04:18.005 GPU_Scheduler_0] Admitted 1 requests for model_4
[2026-08-21 17:04:18.067 GPU_Scheduler_1] Admitted 1 requests for model_6
[2026-08-21 17:04:18.209 GPU_Scheduler_0] Admitted 1 requests for model_4
[2026-08-21 17:04:18.559 GPU_Scheduler_0] Admitted 2 requests for model_4
[2026-08-21 17:04:18.842 GPU_Scheduler_0] Admitted 1 requests for model_4
[2026-08-21 17:04:18.857 GPU_Scheduler_1] Admitted 1 requests for model_6
[2026-08-21 17:04:19.068 GPU_Scheduler_1] Admitted 1 requests for model_6
[2026-08-21 17:04:19.134 GPU_Scheduler_0] Admitted 1 requests for model_4
[2026-08-21 17:04:19.168 GPU_Scheduler_0] Admitted 1 requests for model_4
[2026-08-21 17:04:19.184 GPU_Scheduler_1] Admitted 1 requests for model_6
[2026-08-21 17:04:19.279 GPU_Scheduler_1] Admitted 1 requests for model_6
[2026-08-21 17:04:19.428 GPU_Scheduler_0] Admitted 1 requests for model_4
[2026-08-21 17:04:19.606 GPU_Scheduler_1] Admitted 1 requests for model_2
[2026-08-21 17:04:19.644 GPU_Scheduler_0] Admitted 1 requests for model_4
[2026-08-21 17:04:19.656 GPU_Scheduler_0] Admitted 1 requests for model_4
[2026-08-21 17:04:19.668 GPU_Scheduler_0] Admitted 1 requests for model_4
[2026-08-21 17:04:19.764 GPU_Scheduler_1] Admitted 1 requests for model_2
[2026-08-21 17:04:19.786 GPU_Scheduler_1] Admitted 1 requests for model_6
[2026-08-21 17:04:19.839 GPU_Scheduler_1] Admitted 1 requests for model_6
[2026-08-21 17:04:20.426 GPU_Scheduler_0] Admitted 1 requests for model_4
[2026-08-21 17:04:20.585 GPU_Scheduler_0] [V5-LOOP] {"iters": 451, "t_mem": 0.007930154912173748, "t_redis": 0.43218705197796226, "t_admit": 0.005675439024344087, "t_send": 0.012616355204954743, "t_iter": 0.45840900111943483, "admitted": 25, "iter_max": 0.002432738896459341, "gpu_id": 0, "window_s": 5.007039785385132}
[2026-08-21 17:04:20.619 GPU_Scheduler_0] Admitted 1 requests for model_4
[2026-08-21 17:04:20.712 GPU_Scheduler_1] Admitted 1 requests for model_6
[2026-08-21 17:04:20.812 GPU_Scheduler_0] Admitted 1 requests for model_4
[2026-08-21 17:04:21.004 GPU_Scheduler_0] Admitted 1 requests for model_4
[2026-08-21 17:04:21.028 GPU_Scheduler_0] Admitted 1 requests for model_4
[2026-08-21 17:04:21.040 GPU_Scheduler_1] Admitted 1 requests for model_2
[2026-08-21 17:04:21.345 GPU_Scheduler_0] Admitted 2 requests for model_4
[2026-08-21 17:04:21.345 GPU_Scheduler_1] Admitted 1 requests for model_6
[2026-08-21 17:04:21.472 GPU_Scheduler_1] Admitted 1 requests for model_2
[2026-08-21 17:04:21.704 GPU_Scheduler_1] Admitted 1 requests for model_2
[2026-08-21 17:04:21.809 GPU_Scheduler_0] Admitted 1 requests for model_4
[2026-08-21 17:04:21.901 GPU_Scheduler_0] Admitted 1 requests for model_4
[2026-08-21 17:04:21.935 GPU_Scheduler_0] Admitted 1 requests for model_4
[2026-08-21 17:04:21.999 GPU_Scheduler_1] Admitted 1 requests for model_6
[2026-08-21 17:04:22.042 GPU_Scheduler_1] [V5-LOOP] {"iters": 475, "t_mem": 0.009054383961483836, "t_redis": 0.19291182956658304, "t_admit": 0.004478889983147383, "t_send": 0.007520852377638221, "t_iter": 0.21396595588885248, "admitted": 16, "iter_max": 0.0012736700009554625, "gpu_id": 1, "window_s": 5.005387306213379}
[2026-08-21 17:04:22.083 GPU_Scheduler_0] Admitted 1 requests for model_4
[2026-08-21 17:04:22.253 GPU_Scheduler_0] Admitted 1 requests for model_4
[2026-08-21 17:04:22.288 GPU_Scheduler_0] Admitted 1 requests for model_4
[2026-08-21 17:04:22.504 GPU_Scheduler_1] Admitted 1 requests for model_6
[2026-08-21 17:04:22.780 GPU_Scheduler_0] Admitted 1 requests for model_4
[2026-08-21 17:04:22.826 GPU_Scheduler_0] Admitted 1 requests for model_4
[2026-08-21 17:04:23.009 GPU_Scheduler_0] Admitted 1 requests for model_4
[2026-08-21 17:04:23.449 GPU_Scheduler_1] Admitted 1 requests for model_6
[2026-08-21 17:04:23.721 GPU_Scheduler_1] Admitted 1 requests for model_2
[2026-08-21 17:04:23.764 GPU_Scheduler_1] Admitted 1 requests for model_6
[2026-08-21 17:04:23.809 GPU_Scheduler_0] Admitted 1 requests for model_4
[2026-08-21 17:04:23.889 GPU_Scheduler_1] Admitted 1 requests for model_6
[2026-08-21 17:04:23.900 GPU_Scheduler_1] Admitted 1 requests for model_6
[2026-08-21 17:04:24.110 GPU_Scheduler_1] Admitted 1 requests for model_6
[2026-08-21 17:04:24.295 GPU_Scheduler_0] Admitted 1 requests for model_4
[2026-08-21 17:04:24.563 GPU_Scheduler_1] Admitted 1 requests for model_6
[2026-08-21 17:04:24.627 GPU_Scheduler_1] Admitted 1 requests for model_6
[2026-08-21 17:04:24.704 GPU_Scheduler_0] Admitted 1 requests for model_4
[2026-08-21 17:04:24.721 GPU_Scheduler_1] Admitted 1 requests for model_2
[2026-08-21 17:04:24.922 GPU_Scheduler_1] Admitted 1 requests for model_6
[2026-08-21 17:04:24.964 GPU_Scheduler_1] Admitted 1 requests for model_6
[2026-08-21 17:04:25.138 GPU_Scheduler_0] Admitted 1 requests for model_4
[2026-08-21 17:04:25.337 GPU_Scheduler_1] Admitted 1 requests for model_6
[2026-08-21 17:04:25.594 GPU_Scheduler_0] [V5-LOOP] {"iters": 445, "t_mem": 0.009036950767040253, "t_redis": 0.494607221102342, "t_admit": 0.005894761066883802, "t_send": 0.011961177689954638, "t_iter": 0.5215001106262207, "admitted": 19, "iter_max": 0.003856030059978366, "gpu_id": 0, "window_s": 5.009204864501953}
[2026-08-21 17:04:25.688 GPU_Scheduler_1] Admitted 1 requests for model_6
[2026-08-21 17:04:25.901 GPU_Scheduler_1] Admitted 1 requests for model_6
[2026-08-21 17:04:25.909 GPU_Scheduler_0] Admitted 1 requests for model_4
[2026-08-21 17:04:26.028 GPU_Scheduler_0] Admitted 1 requests for model_4
[2026-08-21 17:04:26.622 GPU_Scheduler_0] Admitted 1 requests for model_4
[2026-08-21 17:04:26.859 GPU_Scheduler_1] Admitted 1 requests for model_2
[2026-08-21 17:04:27.051 GPU_Scheduler_1] [V5-LOOP] {"iters": 474, "t_mem": 0.007981392554938793, "t_redis": 0.20890364097431302, "t_admit": 0.00450663547962904, "t_send": 0.006952794501557946, "t_iter": 0.2283444635104388, "admitted": 16, "iter_max": 0.0014341420028358698, "gpu_id": 1, "window_s": 5.008962631225586}
[2026-08-21 17:04:27.054 GPU_Scheduler_0] Admitted 1 requests for model_4
[2026-08-21 17:04:27.136 GPU_Scheduler_1] Admitted 1 requests for model_6
[2026-08-21 17:04:27.390 GPU_Scheduler_0] Admitted 1 requests for model_4
[2026-08-21 17:04:27.594 GPU_Scheduler_1] Admitted 1 requests for model_2
[2026-08-21 17:04:27.693 GPU_Scheduler_0] Admitted 1 requests for model_4
[2026-08-21 17:04:27.978 GPU_Scheduler_0] Admitted 1 requests for model_4
[2026-08-21 17:04:28.029 GPU_Scheduler_1] Admitted 1 requests for model_6
[2026-08-21 17:04:28.051 GPU_Scheduler_1] Admitted 2 requests for model_2
[2026-08-21 17:04:28.153 GPU_Scheduler_0] Admitted 1 requests for model_4
[2026-08-21 17:04:28.338 GPU_Scheduler_0] Admitted 1 requests for model_4
[2026-08-21 17:04:28.415 GPU_Scheduler_0] Admitted 1 requests for model_4
[2026-08-21 17:04:28.426 GPU_Scheduler_0] Admitted 1 requests for model_4
[2026-08-21 17:04:28.481 GPU_Scheduler_0] Admitted 1 requests for model_4
[2026-08-21 17:04:28.481 GPU_Scheduler_1] Admitted 1 requests for model_6
[2026-08-21 17:04:28.536 GPU_Scheduler_0] Admitted 1 requests for model_4
[2026-08-21 17:04:28.699 GPU_Scheduler_0] Admitted 1 requests for model_4
[2026-08-21 17:04:29.043 GPU_Scheduler_0] Admitted 1 requests for model_4
[2026-08-21 17:04:29.100 GPU_Scheduler_0] Admitted 1 requests for model_4
[2026-08-21 17:04:29.402 GPU_Scheduler_0] Admitted 1 requests for model_4
[2026-08-21 17:04:29.478 GPU_Scheduler_0] Admitted 1 requests for model_4
[2026-08-21 17:04:30.052 GPU_Scheduler_1] Admitted 1 requests for model_6
[2026-08-21 17:04:30.062 GPU_Scheduler_0] Admitted 1 requests for model_4
[2026-08-21 17:04:30.266 GPU_Scheduler_0] Admitted 1 requests for model_4
[2026-08-21 17:04:30.301 GPU_Scheduler_0] Admitted 1 requests for model_4
[2026-08-21 17:04:30.595 GPU_Scheduler_0] [V5-LOOP] {"iters": 455, "t_mem": 0.008414457086473703, "t_redis": 0.38679621391929686, "t_admit": 0.005498856073245406, "t_send": 0.012119302758947015, "t_iter": 0.412828829837963, "admitted": 21, "iter_max": 0.002316958038136363, "gpu_id": 0, "window_s": 5.000594854354858}
[2026-08-21 17:04:30.786 GPU_Scheduler_1] Admitted 1 requests for model_6
[2026-08-21 17:04:30.915 GPU_Scheduler_1] Admitted 1 requests for model_6
[2026-08-21 17:04:30.990 GPU_Scheduler_1] Admitted 1 requests for model_6
[2026-08-21 17:04:31.129 GPU_Scheduler_0] Admitted 1 requests for model_4
[2026-08-21 17:04:31.208 GPU_Scheduler_0] Admitted 1 requests for model_4
[2026-08-21 17:04:31.275 GPU_Scheduler_0] Admitted 1 requests for model_4
[2026-08-21 17:04:31.388 GPU_Scheduler_0] Admitted 1 requests for model_4
[2026-08-21 17:04:31.456 GPU_Scheduler_0] Admitted 1 requests for model_4
[2026-08-21 17:04:31.492 GPU_Scheduler_1] Admitted 1 requests for model_6
[2026-08-21 17:04:31.714 GPU_Scheduler_0] Admitted 1 requests for model_4
[2026-08-21 17:04:32.004 GPU_Scheduler_1] Admitted 1 requests for model_6
[2026-08-21 17:04:32.058 GPU_Scheduler_1] [V5-LOOP] {"iters": 472, "t_mem": 0.0073962698224931955, "t_redis": 0.22912184591405094, "t_admit": 0.004090138711035252, "t_send": 0.005949321202933788, "t_iter": 0.24655757565051317, "admitted": 12, "iter_max": 0.0013838710729032755, "gpu_id": 1, "window_s": 5.006863355636597}
[2026-08-21 17:04:32.132 GPU_Scheduler_0] Admitted 1 requests for model_4
[2026-08-21 17:04:32.248 GPU_Scheduler_0] Admitted 1 requests for model_4
[2026-08-21 17:04:32.251 GPU_Scheduler_1] Admitted 1 requests for model_6
[2026-08-21 17:04:32.443 GPU_Scheduler_1] Admitted 1 requests for model_6
[2026-08-21 17:04:32.472 GPU_Scheduler_0] Admitted 1 requests for model_4
[2026-08-21 17:04:32.652 GPU_Scheduler_0] Admitted 1 requests for model_4
[2026-08-21 17:04:32.657 GPU_Scheduler_1] Admitted 1 requests for model_2
[2026-08-21 17:04:32.776 GPU_Scheduler_0] Admitted 1 requests for model_4
[2026-08-21 17:04:32.968 GPU_Scheduler_0] Admitted 1 requests for model_4
[2026-08-21 17:04:32.992 GPU_Scheduler_0] Admitted 1 requests for model_4
[2026-08-21 17:04:33.094 GPU_Scheduler_0] Admitted 1 requests for model_4
[2026-08-21 17:04:33.128 GPU_Scheduler_0] Admitted 1 requests for model_4
[2026-08-21 17:04:33.170 GPU_Scheduler_1] Admitted 1 requests for model_2
[2026-08-21 17:04:33.435 GPU_Scheduler_0] Admitted 1 requests for model_4
[2026-08-21 17:04:33.536 GPU_Scheduler_0] Admitted 1 requests for model_4
[2026-08-21 17:04:33.769 GPU_Scheduler_1] Admitted 1 requests for model_2
[2026-08-21 17:04:33.826 GPU_Scheduler_0] Admitted 1 requests for model_4
[2026-08-21 17:04:33.849 GPU_Scheduler_0] Admitted 1 requests for model_4
[2026-08-21 17:04:33.906 GPU_Scheduler_0] Admitted 1 requests for model_4
[2026-08-21 17:04:34.501 GPU_Scheduler_0] [PAPER-ALG2] {"rounds": 136.0, "eligible": 144.0, "selected": 144.0, "deferred": 0.0, "late_dispatched": 0.0, "requeued": 0.0, "max_queue_len": 3}
[2026-08-21 17:04:34.501 GPU_Scheduler_0] Admitted 1 requests for model_4
[2026-08-21 17:04:34.957 GPU_Scheduler_0] Admitted 1 requests for model_4
[2026-08-21 17:04:35.238 GPU_Scheduler_0] Admitted 1 requests for model_4
[2026-08-21 17:04:35.459 GPU_Scheduler_0] Admitted 1 requests for model_4
[2026-08-21 17:04:35.471 GPU_Scheduler_0] Admitted 1 requests for model_4
[2026-08-21 17:04:35.606 GPU_Scheduler_0] [V5-LOOP] {"iters": 444, "t_mem": 0.008373145246878266, "t_redis": 0.5034634550102055, "t_admit": 0.006285109091550112, "t_send": 0.013292789924889803, "t_iter": 0.5314144992735237, "admitted": 25, "iter_max": 0.002566769951954484, "gpu_id": 0, "window_s": 5.010802745819092}
[2026-08-21 17:04:35.809 GPU_Scheduler_1] Admitted 1 requests for model_6
[2026-08-21 17:04:35.842 GPU_Scheduler_1] Admitted 1 requests for model_2
[2026-08-21 17:04:35.906 GPU_Scheduler_0] Admitted 1 requests for model_4
[2026-08-21 17:04:35.939 GPU_Scheduler_1] Admitted 1 requests for model_6
[2026-08-21 17:04:36.339 GPU_Scheduler_0] Admitted 1 requests for model_4
[2026-08-21 17:04:36.575 GPU_Scheduler_0] Admitted 1 requests for model_4
[2026-08-21 17:04:36.627 GPU_Scheduler_1] Admitted 1 requests for model_2
[2026-08-21 17:04:36.810 GPU_Scheduler_1] Admitted 1 requests for model_6
[2026-08-21 17:04:36.944 GPU_Scheduler_0] Admitted 1 requests for model_4
[2026-08-21 17:04:37.003 GPU_Scheduler_1] Admitted 1 requests for model_6
[2026-08-21 17:04:37.068 GPU_Scheduler_1] [V5-LOOP] {"iters": 468, "t_mem": 0.010107459500432014, "t_redis": 0.2656233715824783, "t_admit": 0.005499412072822452, "t_send": 0.007081632036715746, "t_iter": 0.2883118751924485, "admitted": 11, "iter_max": 0.0017633039969950914, "gpu_id": 1, "window_s": 5.009502172470093}
[2026-08-21 17:04:37.246 GPU_Scheduler_0] Admitted 1 requests for model_4
[2026-08-21 17:04:37.427 GPU_Scheduler_1] Admitted 1 requests for model_6
[2026-08-21 17:04:37.510 GPU_Scheduler_0] Admitted 1 requests for model_4
[2026-08-21 17:04:37.538 GPU_Scheduler_1] Admitted 1 requests for model_6
[2026-08-21 17:04:37.565 GPU_Scheduler_0] Admitted 1 requests for model_4
[2026-08-21 17:04:37.630 GPU_Scheduler_0] Admitted 1 requests for model_4
[2026-08-21 17:04:37.642 GPU_Scheduler_0] Admitted 2 requests for model_4
[2026-08-21 17:04:37.740 GPU_Scheduler_0] Admitted 1 requests for model_4
[2026-08-21 17:04:38.101 GPU_Scheduler_0] Admitted 1 requests for model_4
[2026-08-21 17:04:38.232 GPU_Scheduler_0] Admitted 1 requests for model_4
[2026-08-21 17:04:38.254 GPU_Scheduler_1] Admitted 1 requests for model_6
[2026-08-21 17:04:38.254 GPU_Scheduler_0] Admitted 1 requests for model_4
[2026-08-21 17:04:38.309 GPU_Scheduler_1] Admitted 1 requests for model_2
[2026-08-21 17:04:38.377 GPU_Scheduler_0] Admitted 1 requests for model_4
[2026-08-21 17:04:38.879 GPU_Scheduler_0] Admitted 1 requests for model_4
[2026-08-21 17:04:38.891 GPU_Scheduler_0] Admitted 1 requests for model_4
[2026-08-21 17:04:39.355 GPU_Scheduler_0] Admitted 1 requests for model_4
[2026-08-21 17:04:39.402 GPU_Scheduler_1] Admitted 1 requests for model_2
[2026-08-21 17:04:39.424 GPU_Scheduler_1] Admitted 1 requests for model_2
[2026-08-21 17:04:39.547 GPU_Scheduler_0] Admitted 1 requests for model_4
[2026-08-21 17:04:39.715 GPU_Scheduler_0] Admitted 1 requests for model_4
[2026-08-21 17:04:39.921 GPU_Scheduler_0] Admitted 1 requests for model_4
[2026-08-21 17:04:39.933 GPU_Scheduler_0] Admitted 1 requests for model_4
[2026-08-21 17:04:40.171 GPU_Scheduler_0] Admitted 1 requests for model_4
[2026-08-21 17:04:40.183 GPU_Scheduler_0] Admitted 1 requests for model_4
[2026-08-21 17:04:40.320 GPU_Scheduler_0] Admitted 1 requests for model_4
[2026-08-21 17:04:40.467 GPU_Scheduler_1] Admitted 1 requests for model_6
[2026-08-21 17:04:40.614 GPU_Scheduler_0] [V5-LOOP] {"iters": 450, "t_mem": 0.010700684739276767, "t_redis": 0.4383574908133596, "t_admit": 0.006605206290259957, "t_send": 0.013771939557045698, "t_iter": 0.46943532139994204, "admitted": 25, "iter_max": 0.0027382809203118086, "gpu_id": 0, "window_s": 5.00770378112793}
[2026-08-21 17:04:40.695 GPU_Scheduler_1] Received activate request for model model_5
[2026-08-21 17:04:40.695 GPU_Scheduler_1] Received activate request for model_5, model_states: {'model_1': 'deactivated', 'model_2': 'activated', 'model_3': 'deactivated', 'model_4': 'deactivated', 'model_5': 'preparing', 'model_6': 'activated'}
[2026-08-21 17:04:40.695 GPU_Scheduler_1] Assign worker 3 to model_5. Current model_to_worker: {'model_2': 0, 'model_6': 2, 'model_5': 3}
[2026-08-21 17:04:40.756 GPU_Scheduler_1] Admitted 2 requests for model_6
[2026-08-21 17:04:40.916 GPU_Scheduler_1] Admitted 1 requests for model_6
[2026-08-21 17:04:41.045 GPU_Scheduler_1] Admitted 1 requests for model_6
[2026-08-21 17:04:41.057 GPU_Scheduler_1] Admitted 1 requests for model_2
[2026-08-21 17:04:41.411 GPU_Scheduler_0] Admitted 1 requests for model_4
[2026-08-21 17:04:41.529 GPU_Scheduler_1] Admitted 1 requests for model_6
[2026-08-21 17:04:41.669 GPU_Scheduler_1] Admitted 1 requests for model_2
[2026-08-21 17:04:41.691 GPU_Scheduler_1] Admitted 1 requests for model_6
[2026-08-21 17:04:41.788 GPU_Scheduler_1] Admitted 1 requests for model_6
[2026-08-21 17:04:41.967 GPU_Scheduler_0] Admitted 1 requests for model_4
[2026-08-21 17:04:41.980 GPU_Scheduler_0] Admitted 1 requests for model_4
[2026-08-21 17:04:42.015 GPU_Scheduler_1] Admitted 1 requests for model_6
[2026-08-21 17:04:42.070 GPU_Scheduler_1] [V5-LOOP] {"iters": 464, "t_mem": 0.010412209434434772, "t_redis": 0.29462225758470595, "t_admit": 0.005806875880807638, "t_send": 0.01015295390971005, "t_iter": 0.3209942968096584, "admitted": 17, "iter_max": 0.002425338141620159, "gpu_id": 1, "window_s": 5.0013368129730225}
[2026-08-21 17:04:42.151 GPU_Scheduler_0] Admitted 1 requests for model_4
[2026-08-21 17:04:42.686 GPU_Scheduler_0] Admitted 1 requests for model_4
[2026-08-21 17:04:43.019 GPU_Scheduler_1] Model model_5 (instance 1) activation succeeded on GPU 1
[2026-08-21 17:04:43.022 GPU_Scheduler_0] Received deactivate request for model model_5
[2026-08-21 17:04:43.022 GPU_Scheduler_0] Received deactivate request for model_5, model_states: {'model_1': 'activated', 'model_2': 'deactivated', 'model_3': 'activated', 'model_4': 'activated', 'model_5': 'deactivating', 'model_6': 'deactivated'}
[2026-08-21 17:04:43.022 GPU_Scheduler_0] Release worker 2 from model model_5. Current model_to_worker: {'model_1': 0, 'model_4': 1, 'model_3': 3}
[2026-08-21 17:04:43.042 GPU_Scheduler_0] Admitted 1 requests for model_4
[2026-08-21 17:04:43.066 GPU_Scheduler_0] Admitted 1 requests for model_4
[2026-08-21 17:04:43.191 GPU_Scheduler_0] Admitted 1 requests for model_4
[2026-08-21 17:04:43.226 GPU_Scheduler_0] Admitted 1 requests for model_4
[2026-08-21 17:04:43.283 GPU_Scheduler_0] Admitted 1 requests for model_4
[2026-08-21 17:04:43.497 GPU_Scheduler_0] Admitted 1 requests for model_4
[2026-08-21 17:04:43.576 GPU_Scheduler_0] Admitted 1 requests for model_4
[2026-08-21 17:04:43.603 GPU_Scheduler_1] Admitted 1 requests for model_6
[2026-08-21 17:04:43.677 GPU_Scheduler_1] Admitted 1 requests for model_6
[2026-08-21 17:04:43.751 GPU_Scheduler_1] Admitted 1 requests for model_2
[2026-08-21 17:04:43.825 GPU_Scheduler_1] Admitted 1 requests for model_6
[2026-08-21 17:04:43.875 GPU_Scheduler_0] Model model_5 (instance 0) deactivation succeeded on GPU 0
[2026-08-21 17:04:43.880 GPU_Scheduler_1] Received activate request for model model_5
[2026-08-21 17:04:43.881 GPU_Scheduler_1] Received activate request for model_5, model_states: {'model_1': 'deactivated', 'model_2': 'activated', 'model_3': 'deactivated', 'model_4': 'deactivated', 'model_5': 'committing', 'model_6': 'activated'}
[2026-08-21 17:04:43.881 GPU_Scheduler_1] [PAPER-OVERLAP-V6] commit dispatched model=model_5 gpu=1 worker=3
[2026-08-21 17:04:43.885 GPU_Scheduler_1] Model model_5 (instance 1) activation succeeded on GPU 1
[2026-08-21 17:04:43.963 GPU_Scheduler_1] Admitted 1 requests for model_6
[2026-08-21 17:04:44.006 GPU_Scheduler_1] Admitted 1 requests for model_2
[2026-08-21 17:04:44.220 GPU_Scheduler_1] Admitted 1 requests for model_2
[2026-08-21 17:04:44.768 GPU_Scheduler_0] Admitted 1 requests for model_4
[2026-08-21 17:04:44.893 GPU_Scheduler_0] Admitted 1 requests for model_4
[2026-08-21 17:04:44.915 GPU_Scheduler_0] Admitted 1 requests for model_4
[2026-08-21 17:04:44.949 GPU_Scheduler_0] Admitted 1 requests for model_4
[2026-08-21 17:04:45.237 GPU_Scheduler_0] Admitted 1 requests for model_4
[2026-08-21 17:04:45.317 GPU_Scheduler_0] Admitted 1 requests for model_4
[2026-08-21 17:04:45.405 GPU_Scheduler_1] Admitted 1 requests for model_6
[2026-08-21 17:04:45.545 GPU_Scheduler_1] Admitted 1 requests for model_2
[2026-08-21 17:04:45.617 GPU_Scheduler_0] [V5-LOOP] {"iters": 445, "t_mem": 0.012369806179776788, "t_redis": 0.4799633529037237, "t_admit": 0.007471433375030756, "t_send": 0.012425546767190099, "t_iter": 0.5122301392257214, "admitted": 18, "iter_max": 0.002948882058262825, "gpu_id": 0, "window_s": 5.0026679039001465}
[2026-08-21 17:04:45.733 GPU_Scheduler_0] Admitted 2 requests for model_4
[2026-08-21 17:04:46.271 GPU_Scheduler_1] Admitted 1 requests for model_2
[2026-08-21 17:04:46.282 GPU_Scheduler_0] Admitted 1 requests for model_4
[2026-08-21 17:04:46.305 GPU_Scheduler_1] Admitted 1 requests for model_6
[2026-08-21 17:04:46.371 GPU_Scheduler_0] Admitted 1 requests for model_4
[2026-08-21 17:04:47.075 GPU_Scheduler_1] [V5-LOOP] {"iters": 463, "t_mem": 0.010181061690673232, "t_redis": 0.3135022376663983, "t_admit": 0.004625606816262007, "t_send": 0.005370165919885039, "t_iter": 0.33367907209321856, "admitted": 11, "iter_max": 0.0018370740581303835, "gpu_id": 1, "window_s": 5.004665374755859}
[2026-08-21 17:04:47.097 GPU_Scheduler_1] Admitted 1 requests for model_2
[2026-08-21 17:04:47.307 GPU_Scheduler_1] Admitted 1 requests for model_6
[2026-08-21 17:04:47.377 GPU_Scheduler_0] Admitted 1 requests for model_4
[2026-08-21 17:04:47.420 GPU_Scheduler_0] Admitted 1 requests for model_4
[2026-08-21 17:04:47.527 GPU_Scheduler_0] Admitted 1 requests for model_4
[2026-08-21 17:04:47.581 GPU_Scheduler_0] Admitted 1 requests for model_4
[2026-08-21 17:04:47.666 GPU_Scheduler_0] Admitted 1 requests for model_4
[2026-08-21 17:04:47.934 GPU_Scheduler_0] Admitted 1 requests for model_4
[2026-08-21 17:04:47.978 GPU_Scheduler_1] Admitted 1 requests for model_6
[2026-08-21 17:04:48.150 GPU_Scheduler_1] Admitted 1 requests for model_6
[2026-08-21 17:04:48.158 GPU_Scheduler_0] Admitted 1 requests for model_4
[2026-08-21 17:04:48.258 GPU_Scheduler_1] Admitted 1 requests for model_2
[2026-08-21 17:04:48.269 GPU_Scheduler_1] Admitted 1 requests for model_2
[2026-08-21 17:04:48.405 GPU_Scheduler_0] Admitted 1 requests for model_4
[2026-08-21 17:04:48.474 GPU_Scheduler_1] Admitted 1 requests for model_6
[2026-08-21 17:04:48.512 GPU_Scheduler_0] Admitted 1 requests for model_4
[2026-08-21 17:04:48.678 GPU_Scheduler_1] Admitted 1 requests for model_6
[2026-08-21 17:04:48.753 GPU_Scheduler_1] Admitted 1 requests for model_6
[2026-08-21 17:04:48.780 GPU_Scheduler_0] Admitted 1 requests for model_4
[2026-08-21 17:04:48.801 GPU_Scheduler_0] Admitted 1 requests for model_4
[2026-08-21 17:04:48.952 GPU_Scheduler_0] Admitted 1 requests for model_4
[2026-08-21 17:04:49.150 GPU_Scheduler_1] Admitted 1 requests for model_2
[2026-08-21 17:04:49.182 GPU_Scheduler_1] Admitted 1 requests for model_2
[2026-08-21 17:04:49.224 GPU_Scheduler_0] Admitted 1 requests for model_4
[2026-08-21 17:04:49.247 GPU_Scheduler_0] Admitted 1 requests for model_4
[2026-08-21 17:04:49.667 GPU_Scheduler_1] Admitted 1 requests for model_6
[2026-08-21 17:04:49.710 GPU_Scheduler_0] Admitted 1 requests for model_4
[2026-08-21 17:04:50.185 GPU_Scheduler_1] Admitted 1 requests for model_6
[2026-08-21 17:04:50.265 GPU_Scheduler_0] Admitted 1 requests for model_4
[2026-08-21 17:04:50.348 GPU_Scheduler_1] Admitted 1 requests for model_6
[2026-08-21 17:04:50.386 GPU_Scheduler_0] Admitted 1 requests for model_4
[2026-08-21 17:04:50.485 GPU_Scheduler_0] Admitted 1 requests for model_4
[2026-08-21 17:04:50.499 GPU_Scheduler_1] Admitted 1 requests for model_2
[2026-08-21 17:04:50.573 GPU_Scheduler_0] Admitted 1 requests for model_4
[2026-08-21 17:04:50.616 GPU_Scheduler_0] Admitted 1 requests for model_4
[2026-08-21 17:04:50.627 GPU_Scheduler_0] [V5-LOOP] {"iters": 458, "t_mem": 0.008527487516403198, "t_redis": 0.36434323131106794, "t_admit": 0.005625970428809524, "t_send": 0.011612374568358064, "t_iter": 0.3901090638246387, "admitted": 24, "iter_max": 0.0027250610291957855, "gpu_id": 0, "window_s": 5.00956654548645}
[2026-08-21 17:04:50.701 GPU_Scheduler_0] Admitted 1 requests for model_4
[2026-08-21 17:04:50.748 GPU_Scheduler_1] Admitted 1 requests for model_6
[2026-08-21 17:04:50.889 GPU_Scheduler_1] Admitted 1 requests for model_6
[2026-08-21 17:04:50.911 GPU_Scheduler_1] Admitted 1 requests for model_6
[2026-08-21 17:04:51.081 GPU_Scheduler_0] Admitted 1 requests for model_4
[2026-08-21 17:04:51.341 GPU_Scheduler_0] Admitted 1 requests for model_4
[2026-08-21 17:04:51.468 GPU_Scheduler_0] Admitted 1 requests for model_4
[2026-08-21 17:04:51.490 GPU_Scheduler_0] Admitted 1 requests for model_4
[2026-08-21 17:04:51.578 GPU_Scheduler_1] Admitted 1 requests for model_2
[2026-08-21 17:04:51.633 GPU_Scheduler_1] Admitted 1 requests for model_2
[2026-08-21 17:04:51.938 GPU_Scheduler_0] Admitted 1 requests for model_4
[2026-08-21 17:04:52.001 GPU_Scheduler_1] Admitted 1 requests for model_6
[2026-08-21 17:04:52.078 GPU_Scheduler_1] [V5-LOOP] {"iters": 463, "t_mem": 0.01011189166456461, "t_redis": 0.3067208267748356, "t_admit": 0.005007058382034302, "t_send": 0.009996440028771758, "t_iter": 0.33183621685020626, "admitted": 21, "iter_max": 0.0019185449928045273, "gpu_id": 1, "window_s": 5.003014326095581}
[2026-08-21 17:04:52.148 GPU_Scheduler_0] Admitted 1 requests for model_4
[2026-08-21 17:04:52.186 GPU_Scheduler_1] Admitted 1 requests for model_2
[2026-08-21 17:04:52.191 GPU_Scheduler_0] Admitted 1 requests for model_4
[2026-08-21 17:04:52.208 GPU_Scheduler_1] Admitted 1 requests for model_6
[2026-08-21 17:04:52.295 GPU_Scheduler_1] Admitted 1 requests for model_2
[2026-08-21 17:04:52.306 GPU_Scheduler_1] Admitted 1 requests for model_6
[2026-08-21 17:04:52.458 GPU_Scheduler_0] Admitted 1 requests for model_4
[2026-08-21 17:04:52.597 GPU_Scheduler_0] Admitted 1 requests for model_4
[2026-08-21 17:04:52.639 GPU_Scheduler_1] Admitted 1 requests for model_6
[2026-08-21 17:04:52.694 GPU_Scheduler_1] Admitted 1 requests for model_6
[2026-08-21 17:04:52.888 GPU_Scheduler_1] Admitted 1 requests for model_6
[2026-08-21 17:04:53.107 GPU_Scheduler_0] Admitted 1 requests for model_4
[2026-08-21 17:04:53.163 GPU_Scheduler_0] Admitted 1 requests for model_4
[2026-08-21 17:04:53.210 GPU_Scheduler_1] Admitted 1 requests for model_6
[2026-08-21 17:04:53.549 GPU_Scheduler_0] Admitted 1 requests for model_4
[2026-08-21 17:04:53.649 GPU_Scheduler_1] Admitted 1 requests for model_6
[2026-08-21 17:04:53.790 GPU_Scheduler_1] Admitted 1 requests for model_2
[2026-08-21 17:04:53.941 GPU_Scheduler_1] Admitted 1 requests for model_6
[2026-08-21 17:04:53.999 GPU_Scheduler_0] Admitted 1 requests for model_4
[2026-08-21 17:04:54.705 GPU_Scheduler_0] Admitted 1 requests for model_4
[2026-08-21 17:04:54.968 GPU_Scheduler_1] Admitted 1 requests for model_6
[2026-08-21 17:04:55.044 GPU_Scheduler_1] Admitted 1 requests for model_6
[2026-08-21 17:04:55.137 GPU_Scheduler_0] Admitted 1 requests for model_4
[2026-08-21 17:04:55.226 GPU_Scheduler_1] Admitted 1 requests for model_6
[2026-08-21 17:04:55.402 GPU_Scheduler_0] Admitted 1 requests for model_4
[2026-08-21 17:04:55.490 GPU_Scheduler_0] Admitted 1 requests for model_4
[2026-08-21 17:04:55.534 GPU_Scheduler_0] Admitted 1 requests for model_4
[2026-08-21 17:04:55.633 GPU_Scheduler_0] [V5-LOOP] {"iters": 459, "t_mem": 0.010537265799939632, "t_redis": 0.34975220705382526, "t_admit": 0.005577025003731251, "t_send": 0.01080295373685658, "t_iter": 0.3766694515943527, "admitted": 19, "iter_max": 0.002390027977526188, "gpu_id": 0, "window_s": 5.00623345375061}
[2026-08-21 17:04:55.665 GPU_Scheduler_1] Admitted 1 requests for model_6
[2026-08-21 17:04:55.676 GPU_Scheduler_1] Admitted 1 requests for model_6
[2026-08-21 17:04:55.764 GPU_Scheduler_0] Received deactivate request for model model_1
[2026-08-21 17:04:55.764 GPU_Scheduler_0] Received deactivate request for model_1, model_states: {'model_1': 'deactivating', 'model_2': 'deactivated', 'model_3': 'activated', 'model_4': 'activated', 'model_5': 'deactivated', 'model_6': 'deactivated'}
[2026-08-21 17:04:55.764 GPU_Scheduler_0] Release worker 0 from model model_1. Current model_to_worker: {'model_4': 1, 'model_3': 3}
[2026-08-21 17:04:55.765 GPU_Scheduler_0] Received deactivate request for model model_3
[2026-08-21 17:04:55.765 GPU_Scheduler_0] Received deactivate request for model_3, model_states: {'model_1': 'deactivating', 'model_2': 'deactivated', 'model_3': 'deactivating', 'model_4': 'activated', 'model_5': 'deactivated', 'model_6': 'deactivated'}
[2026-08-21 17:04:55.765 GPU_Scheduler_0] Release worker 3 from model model_3. Current model_to_worker: {'model_4': 1}
[2026-08-21 17:04:55.765 GPU_Scheduler_1] Received deactivate request for model model_5
[2026-08-21 17:04:55.765 GPU_Scheduler_1] Received deactivate request for model_5, model_states: {'model_1': 'deactivated', 'model_2': 'activated', 'model_3': 'deactivated', 'model_4': 'deactivated', 'model_5': 'deactivating', 'model_6': 'activated'}
[2026-08-21 17:04:55.766 GPU_Scheduler_1] Release worker 3 from model model_5. Current model_to_worker: {'model_2': 0, 'model_6': 2}
[2026-08-21 17:04:55.870 GPU_Scheduler_1] Admitted 1 requests for model_6
[2026-08-21 17:04:56.054 GPU_Scheduler_1] Admitted 1 requests for model_2
[2026-08-21 17:04:56.054 GPU_Scheduler_1] Admitted 1 requests for model_6
[2026-08-21 17:04:56.164 GPU_Scheduler_1] Admitted 1 requests for model_6
[2026-08-21 17:04:56.336 GPU_Scheduler_0] Admitted 1 requests for model_4
[2026-08-21 17:04:56.405 GPU_Scheduler_1] Admitted 1 requests for model_6
[2026-08-21 17:04:56.525 GPU_Scheduler_1] Admitted 1 requests for model_6
[2026-08-21 17:04:56.537 GPU_Scheduler_0] Admitted 1 requests for model_4
[2026-08-21 17:04:56.900 GPU_Scheduler_0] Admitted 1 requests for model_4
[2026-08-21 17:04:56.968 GPU_Scheduler_1] Admitted 1 requests for model_2
[2026-08-21 17:04:57.080 GPU_Scheduler_1] [V5-LOOP] {"iters": 463, "t_mem": 0.00833341758698225, "t_redis": 0.3069570856168866, "t_admit": 0.005027169128879905, "t_send": 0.009907891973853111, "t_iter": 0.3302255643066019, "admitted": 23, "iter_max": 0.0018820748664438725, "gpu_id": 1, "window_s": 5.001996040344238}
[2026-08-21 17:04:57.201 GPU_Scheduler_0] Model model_1 (instance 0) deactivation succeeded on GPU 0
[2026-08-21 17:04:57.493 GPU_Scheduler_1] Admitted 1 requests for model_6
[2026-08-21 17:04:57.585 GPU_Scheduler_0] Model model_3 (instance 0) deactivation succeeded on GPU 0
[2026-08-21 17:04:57.589 GPU_Scheduler_1] Model model_5 (instance 1) deactivation succeeded on GPU 1
[2026-08-21 17:04:57.592 GPU_Scheduler_1] Admitted 1 requests for model_6
[2026-08-21 17:04:57.765 GPU_Scheduler_0] Admitted 1 requests for model_4
[2026-08-21 17:04:57.828 GPU_Scheduler_0] Admitted 1 requests for model_4
[2026-08-21 17:04:57.860 GPU_Scheduler_0] Admitted 1 requests for model_4
[2026-08-21 17:04:58.107 GPU_Scheduler_1] Admitted 1 requests for model_2
[2026-08-21 17:04:58.425 GPU_Scheduler_0] Admitted 1 requests for model_4
[2026-08-21 17:04:58.440 GPU_Scheduler_1] Admitted 1 requests for model_6
[2026-08-21 17:04:58.506 GPU_Scheduler_1] Admitted 1 requests for model_2
[2026-08-21 17:04:58.656 GPU_Scheduler_1] Admitted 1 requests for model_6
[2026-08-21 17:04:59.169 GPU_Scheduler_1] Admitted 1 requests for model_2
[2026-08-21 17:04:59.248 GPU_Scheduler_0] Admitted 1 requests for model_4
[2026-08-21 17:04:59.363 GPU_Scheduler_0] Admitted 1 requests for model_4
[2026-08-21 17:04:59.374 GPU_Scheduler_1] Admitted 1 requests for model_6
[2026-08-21 17:04:59.493 GPU_Scheduler_1] Admitted 1 requests for model_6
[2026-08-21 17:04:59.540 GPU_Scheduler_0] Admitted 1 requests for model_4
[2026-08-21 17:04:59.665 GPU_Scheduler_1] Admitted 1 requests for model_2
[2026-08-21 17:04:59.687 GPU_Scheduler_1] Admitted 1 requests for model_2
[2026-08-21 17:05:00.417 GPU_Scheduler_1] Admitted 1 requests for model_2
[2026-08-21 17:05:00.634 GPU_Scheduler_0] [V5-LOOP] {"iters": 470, "t_mem": 0.009152777958661318, "t_redis": 0.23854166083037853, "t_admit": 0.005275772884488106, "t_send": 0.006092370953410864, "t_iter": 0.2590625826269388, "admitted": 10, "iter_max": 0.0019076650496572256, "gpu_id": 0, "window_s": 5.000747442245483}
[2026-08-21 17:05:00.788 GPU_Scheduler_1] Received activate request for model model_5
[2026-08-21 17:05:00.788 GPU_Scheduler_1] Received activate request for model_5, model_states: {'model_1': 'deactivated', 'model_2': 'activated', 'model_3': 'deactivated', 'model_4': 'deactivated', 'model_5': 'activating', 'model_6': 'activated'}
[2026-08-21 17:05:00.788 GPU_Scheduler_1] Assign worker 1 to model_5. Current model_to_worker: {'model_2': 0, 'model_6': 2, 'model_5': 1}
[2026-08-21 17:05:00.792 GPU_Scheduler_1] Admitted 8 requests for model_5
[2026-08-21 17:05:00.925 GPU_Scheduler_1] Admitted 2 requests for model_5
[2026-08-21 17:05:01.329 GPU_Scheduler_1] Admitted 1 requests for model_5
[2026-08-21 17:05:01.528 GPU_Scheduler_1] Admitted 1 requests for model_2
[2026-08-21 17:05:01.539 GPU_Scheduler_1] Admitted 1 requests for model_2
[2026-08-21 17:05:02.085 GPU_Scheduler_1] [V5-LOOP] {"iters": 463, "t_mem": 0.009826050139963627, "t_redis": 0.30660544033162296, "t_admit": 0.006215280387550592, "t_send": 0.012577614979818463, "t_iter": 0.33522438583895564, "admitted": 25, "iter_max": 0.0033648561220616102, "gpu_id": 1, "window_s": 5.0045692920684814}
[2026-08-21 17:05:02.446 GPU_Scheduler_1] Admitted 1 requests for model_2
[2026-08-21 17:05:02.807 GPU_Scheduler_1] Admitted 1 requests for model_2
[2026-08-21 17:05:02.839 GPU_Scheduler_1] Admitted 1 requests for model_2
[2026-08-21 17:05:02.959 GPU_Scheduler_1] Model model_5 (instance 1) activation succeeded on GPU 1
[2026-08-21 17:05:02.989 GPU_Scheduler_1] Admitted 10 requests for model_5
[2026-08-21 17:05:03.502 GPU_Scheduler_1] Admitted 1 requests for model_2
[2026-08-21 17:05:03.599 GPU_Scheduler_1] Admitted 1 requests for model_2
[2026-08-21 17:05:03.663 GPU_Scheduler_1] Admitted 1 requests for model_2
[2026-08-21 17:05:03.950 GPU_Scheduler_1] Admitted 7 requests for model_5
[2026-08-21 17:05:04.153 GPU_Scheduler_1] Admitted 1 requests for model_5
[2026-08-21 17:05:04.196 GPU_Scheduler_1] Admitted 1 requests for model_5
[2026-08-21 17:05:04.303 GPU_Scheduler_1] Admitted 1 requests for model_5
[2026-08-21 17:05:04.324 GPU_Scheduler_1] Admitted 1 requests for model_5
[2026-08-21 17:05:04.378 GPU_Scheduler_1] Admitted 3 requests for model_5
[2026-08-21 17:05:04.613 GPU_Scheduler_1] Admitted 2 requests for model_2
[2026-08-21 17:05:04.613 GPU_Scheduler_1] Admitted 1 requests for model_5
[2026-08-21 17:05:04.881 GPU_Scheduler_1] Admitted 1 requests for model_5
[2026-08-21 17:05:04.924 GPU_Scheduler_1] Admitted 1 requests for model_5
[2026-08-21 17:05:05.170 GPU_Scheduler_1] Admitted 1 requests for model_2
[2026-08-21 17:05:05.277 GPU_Scheduler_1] Admitted 1 requests for model_5
[2026-08-21 17:05:05.501 GPU_Scheduler_1] Admitted 1 requests for model_5
[2026-08-21 17:05:05.598 GPU_Scheduler_1] Admitted 1 requests for model_2
[2026-08-21 17:05:05.636 GPU_Scheduler_0] [V5-LOOP] {"iters": 478, "t_mem": 0.010745607549324632, "t_redis": 0.1632507082540542, "t_admit": 0.004188071237877011, "t_send": 0.000509780365973711, "t_iter": 0.17869416740722954, "admitted": 0, "iter_max": 0.0009280270896852016, "gpu_id": 0, "window_s": 5.000905275344849}
[2026-08-21 17:05:05.662 GPU_Scheduler_1] Admitted 1 requests for model_5
[2026-08-21 17:05:05.759 GPU_Scheduler_1] Admitted 1 requests for model_5
[2026-08-21 17:05:05.780 GPU_Scheduler_1] Admitted 1 requests for model_5
[2026-08-21 17:05:05.962 GPU_Scheduler_1] Admitted 1 requests for model_5
[2026-08-21 17:05:06.037 GPU_Scheduler_1] Admitted 1 requests for model_5
[2026-08-21 17:05:06.048 GPU_Scheduler_1] Admitted 1 requests for model_2
[2026-08-21 17:05:06.134 GPU_Scheduler_1] Admitted 1 requests for model_5
[2026-08-21 17:05:06.177 GPU_Scheduler_1] Admitted 1 requests for model_5
[2026-08-21 17:05:06.220 GPU_Scheduler_1] Admitted 1 requests for model_2
[2026-08-21 17:05:06.306 GPU_Scheduler_1] Admitted 1 requests for model_5
[2026-08-21 17:05:06.424 GPU_Scheduler_1] Admitted 1 requests for model_2
[2026-08-21 17:05:06.797 GPU_Scheduler_1] Admitted 1 requests for model_5
[2026-08-21 17:05:06.851 GPU_Scheduler_1] Admitted 1 requests for model_5
[2026-08-21 17:05:06.883 GPU_Scheduler_1] Admitted 1 requests for model_2
[2026-08-21 17:05:07.086 GPU_Scheduler_1] [V5-LOOP] {"iters": 466, "t_mem": 0.010349581250920892, "t_redis": 0.26452272897586226, "t_admit": 0.0069455043412745, "t_send": 0.01769233215600252, "t_iter": 0.2995101467240602, "admitted": 53, "iter_max": 0.002565600210800767, "gpu_id": 1, "window_s": 5.000674486160278}
[2026-08-21 17:05:07.171 GPU_Scheduler_1] Admitted 1 requests for model_2
[2026-08-21 17:05:07.246 GPU_Scheduler_1] Admitted 1 requests for model_5
[2026-08-21 17:05:07.746 GPU_Scheduler_1] Admitted 1 requests for model_2
[2026-08-21 17:05:07.746 GPU_Scheduler_1] Admitted 1 requests for model_5
[2026-08-21 17:05:07.980 GPU_Scheduler_1] Admitted 1 requests for model_5
[2026-08-21 17:05:08.040 GPU_Scheduler_1] Admitted 1 requests for model_5
[2026-08-21 17:05:08.073 GPU_Scheduler_1] Admitted 1 requests for model_5
[2026-08-21 17:05:08.105 GPU_Scheduler_1] Admitted 1 requests for model_5
[2026-08-21 17:05:08.255 GPU_Scheduler_1] Admitted 1 requests for model_5
[2026-08-21 17:05:08.403 GPU_Scheduler_1] Admitted 1 requests for model_5
[2026-08-21 17:05:08.929 GPU_Scheduler_1] Admitted 1 requests for model_5
[2026-08-21 17:05:09.176 GPU_Scheduler_1] Admitted 1 requests for model_2
[2026-08-21 17:05:09.198 GPU_Scheduler_1] Admitted 1 requests for model_5
[2026-08-21 17:05:09.274 GPU_Scheduler_1] Admitted 1 requests for model_5
[2026-08-21 17:05:09.370 GPU_Scheduler_1] Admitted 1 requests for model_5
[2026-08-21 17:05:09.402 GPU_Scheduler_1] Admitted 1 requests for model_5
[2026-08-21 17:05:09.530 GPU_Scheduler_1] Admitted 1 requests for model_5
[2026-08-21 17:05:09.594 GPU_Scheduler_1] Admitted 1 requests for model_5
[2026-08-21 17:05:09.818 GPU_Scheduler_1] Admitted 1 requests for model_5
[2026-08-21 17:05:09.861 GPU_Scheduler_1] Admitted 1 requests for model_5
[2026-08-21 17:05:10.085 GPU_Scheduler_1] Admitted 1 requests for model_5
[2026-08-21 17:05:10.138 GPU_Scheduler_1] Admitted 1 requests for model_5
[2026-08-21 17:05:10.276 GPU_Scheduler_1] Admitted 1 requests for model_5
[2026-08-21 17:05:10.644 GPU_Scheduler_0] [V5-LOOP] {"iters": 484, "t_mem": 0.009617230389267206, "t_redis": 0.11276610591448843, "t_admit": 0.003566618310287595, "t_send": 0.0004967867862433195, "t_iter": 0.12644674140028656, "admitted": 0, "iter_max": 0.0005727338138967752, "gpu_id": 0, "window_s": 5.007390975952148}
[2026-08-21 17:05:10.809 GPU_Scheduler_1] Admitted 1 requests for model_5
[2026-08-21 17:05:10.986 GPU_Scheduler_0] Received activate request for model model_3
[2026-08-21 17:05:10.987 GPU_Scheduler_0] Received activate request for model_3, model_states: {'model_1': 'deactivated', 'model_2': 'deactivated', 'model_3': 'activating', 'model_4': 'activated', 'model_5': 'deactivated', 'model_6': 'deactivated'}
[2026-08-21 17:05:10.987 GPU_Scheduler_0] Assign worker 2 to model_3. Current model_to_worker: {'model_4': 1, 'model_3': 2}
[2026-08-21 17:05:10.998 GPU_Scheduler_0] Admitted 3 requests for model_3
[2026-08-21 17:05:11.002 GPU_Scheduler_1] Admitted 1 requests for model_5
[2026-08-21 17:05:11.034 GPU_Scheduler_1] Admitted 1 requests for model_5
[2026-08-21 17:05:11.249 GPU_Scheduler_1] Admitted 1 requests for model_5
[2026-08-21 17:05:11.260 GPU_Scheduler_1] Admitted 1 requests for model_2
[2026-08-21 17:05:11.410 GPU_Scheduler_1] Admitted 1 requests for model_2
[2026-08-21 17:05:11.561 GPU_Scheduler_1] Admitted 1 requests for model_5
[2026-08-21 17:05:11.615 GPU_Scheduler_1] Admitted 1 requests for model_5
[2026-08-21 17:05:11.658 GPU_Scheduler_1] Admitted 1 requests for model_5
[2026-08-21 17:05:11.691 GPU_Scheduler_1] Admitted 1 requests for model_5
[2026-08-21 17:05:11.809 GPU_Scheduler_1] Admitted 1 requests for model_2
[2026-08-21 17:05:12.086 GPU_Scheduler_1] [V5-LOOP] {"iters": 467, "t_mem": 0.009772409219294786, "t_redis": 0.2624693422112614, "t_admit": 0.005387091543525457, "t_send": 0.013117619324475527, "t_iter": 0.29074646229855716, "admitted": 34, "iter_max": 0.007999561028555036, "gpu_id": 1, "window_s": 5.000119686126709}
[2026-08-21 17:05:12.140 GPU_Scheduler_1] Admitted 1 requests for model_5
[2026-08-21 17:05:12.204 GPU_Scheduler_1] Admitted 1 requests for model_5
[2026-08-21 17:05:12.226 GPU_Scheduler_1] Admitted 1 requests for model_5
[2026-08-21 17:05:12.237 GPU_Scheduler_1] Admitted 1 requests for model_2
[2026-08-21 17:05:12.258 GPU_Scheduler_1] Admitted 1 requests for model_5
[2026-08-21 17:05:12.333 GPU_Scheduler_1] Admitted 1 requests for model_2
[2026-08-21 17:05:12.437 GPU_Scheduler_0] Model model_3 (instance 0) activation succeeded on GPU 0
[2026-08-21 17:05:12.445 GPU_Scheduler_0] Received activate request for model model_6
[2026-08-21 17:05:12.445 GPU_Scheduler_0] Received activate request for model_6, model_states: {'model_1': 'deactivated', 'model_2': 'deactivated', 'model_3': 'activated', 'model_4': 'activated', 'model_5': 'deactivated', 'model_6': 'preparing'}
[2026-08-21 17:05:12.445 GPU_Scheduler_0] Assign worker 0 to model_6. Current model_to_worker: {'model_4': 1, 'model_3': 2, 'model_6': 0}
[2026-08-21 17:05:12.654 GPU_Scheduler_1] Admitted 1 requests for model_5
[2026-08-21 17:05:12.922 GPU_Scheduler_1] Admitted 1 requests for model_5
[2026-08-21 17:05:12.944 GPU_Scheduler_1] Admitted 1 requests for model_2
[2026-08-21 17:05:12.966 GPU_Scheduler_1] Admitted 1 requests for model_5
[2026-08-21 17:05:13.009 GPU_Scheduler_1] Admitted 1 requests for model_2
[2026-08-21 17:05:13.020 GPU_Scheduler_1] Admitted 1 requests for model_5
[2026-08-21 17:05:13.042 GPU_Scheduler_1] Admitted 1 requests for model_5
[2026-08-21 17:05:13.203 GPU_Scheduler_1] Admitted 1 requests for model_5
[2026-08-21 17:05:13.257 GPU_Scheduler_1] Admitted 1 requests for model_2
[2026-08-21 17:05:13.804 GPU_Scheduler_1] Admitted 1 requests for model_2
[2026-08-21 17:05:13.879 GPU_Scheduler_1] Admitted 1 requests for model_5
[2026-08-21 17:05:14.210 GPU_Scheduler_1] Admitted 1 requests for model_5
[2026-08-21 17:05:14.416 GPU_Scheduler_1] Admitted 1 requests for model_5
[2026-08-21 17:05:14.428 GPU_Scheduler_1] Admitted 1 requests for model_2
[2026-08-21 17:05:14.540 GPU_Scheduler_1] Admitted 1 requests for model_5
[2026-08-21 17:05:14.552 GPU_Scheduler_1] Admitted 2 requests for model_5
[2026-08-21 17:05:14.581 GPU_Scheduler_0] Model model_6 (instance 0) activation succeeded on GPU 0
[2026-08-21 17:05:14.586 GPU_Scheduler_1] Received deactivate request for model model_6
[2026-08-21 17:05:14.587 GPU_Scheduler_1] Received deactivate request for model_6, model_states: {'model_1': 'deactivated', 'model_2': 'activated', 'model_3': 'deactivated', 'model_4': 'deactivated', 'model_5': 'activated', 'model_6': 'deactivating'}
[2026-08-21 17:05:14.587 GPU_Scheduler_1] Release worker 2 from model model_6. Current model_to_worker: {'model_2': 0, 'model_5': 1}
[2026-08-21 17:05:14.653 GPU_Scheduler_1] Admitted 1 requests for model_5
[2026-08-21 17:05:14.865 GPU_Scheduler_1] Admitted 1 requests for model_5
[2026-08-21 17:05:15.339 GPU_Scheduler_1] Admitted 1 requests for model_5
[2026-08-21 17:05:15.427 GPU_Scheduler_1] Admitted 1 requests for model_5
[2026-08-21 17:05:15.515 GPU_Scheduler_1] Admitted 1 requests for model_5
[2026-08-21 17:05:15.591 GPU_Scheduler_1] Model model_6 (instance 1) deactivation succeeded on GPU 1
[2026-08-21 17:05:15.595 GPU_Scheduler_0] Received activate request for model model_6
[2026-08-21 17:05:15.595 GPU_Scheduler_0] Received activate request for model_6, model_states: {'model_1': 'deactivated', 'model_2': 'deactivated', 'model_3': 'activated', 'model_4': 'activated', 'model_5': 'deactivated', 'model_6': 'committing'}
[2026-08-21 17:05:15.595 GPU_Scheduler_0] [PAPER-OVERLAP-V6] commit dispatched model=model_6 gpu=0 worker=0
[2026-08-21 17:05:15.644 GPU_Scheduler_0] [V5-LOOP] {"iters": 472, "t_mem": 0.011285143671557307, "t_redis": 0.22088159690611064, "t_admit": 0.0044032433070242405, "t_send": 0.0013525716494768858, "t_iter": 0.23792255553416908, "admitted": 3, "iter_max": 0.001647312892600894, "gpu_id": 0, "window_s": 5.00050163269043}
[2026-08-21 17:05:15.697 GPU_Scheduler_1] Admitted 1 requests for model_5
[2026-08-21 17:05:15.740 GPU_Scheduler_1] Admitted 2 requests for model_5
[2026-08-21 17:05:15.752 GPU_Scheduler_1] Admitted 1 requests for model_2
[2026-08-21 17:05:15.870 GPU_Scheduler_1] Admitted 1 requests for model_2
[2026-08-21 17:05:15.893 GPU_Scheduler_1] Admitted 1 requests for model_5
[2026-08-21 17:05:15.904 GPU_Scheduler_1] Admitted 1 requests for model_5
[2026-08-21 17:05:15.936 GPU_Scheduler_1] Admitted 1 requests for model_5
[2026-08-21 17:05:16.023 GPU_Scheduler_1] Admitted 1 requests for model_5
[2026-08-21 17:05:16.056 GPU_Scheduler_1] Admitted 1 requests for model_5
[2026-08-21 17:05:16.068 GPU_Scheduler_1] Admitted 1 requests for model_5
[2026-08-21 17:05:16.272 GPU_Scheduler_1] Admitted 1 requests for model_5
[2026-08-21 17:05:16.315 GPU_Scheduler_1] Admitted 1 requests for model_5
[2026-08-21 17:05:16.486 GPU_Scheduler_1] Admitted 1 requests for model_5
[2026-08-21 17:05:16.509 GPU_Scheduler_1] Admitted 1 requests for model_2
[2026-08-21 17:05:16.531 GPU_Scheduler_1] Admitted 2 requests for model_5
[2026-08-21 17:05:16.649 GPU_Scheduler_1] Admitted 1 requests for model_5
[2026-08-21 17:05:16.766 GPU_Scheduler_1] Admitted 1 requests for model_2
[2026-08-21 17:05:16.831 GPU_Scheduler_1] Admitted 1 requests for model_2
[2026-08-21 17:05:16.884 GPU_Scheduler_1] Admitted 1 requests for model_5
[2026-08-21 17:05:17.088 GPU_Scheduler_1] [V5-LOOP] {"iters": 462, "t_mem": 0.008781591895967722, "t_redis": 0.30233434145338833, "t_admit": 0.00607793522067368, "t_send": 0.02348864171653986, "t_iter": 0.3406825102865696, "admitted": 49, "iter_max": 0.00194751494564116, "gpu_id": 1, "window_s": 5.001316547393799}
[2026-08-21 17:05:17.099 GPU_Scheduler_1] Admitted 1 requests for model_2
[2026-08-21 17:05:17.218 GPU_Scheduler_1] Admitted 1 requests for model_5
[2026-08-21 17:05:17.282 GPU_Scheduler_1] Admitted 1 requests for model_5
[2026-08-21 17:05:17.357 GPU_Scheduler_1] Admitted 1 requests for model_5
[2026-08-21 17:05:17.496 GPU_Scheduler_1] Admitted 1 requests for model_2
[2026-08-21 17:05:17.659 GPU_Scheduler_1] Admitted 1 requests for model_5
[2026-08-21 17:05:18.065 GPU_Scheduler_1] Admitted 1 requests for model_5
[2026-08-21 17:05:18.303 GPU_Scheduler_1] Admitted 2 requests for model_5
[2026-08-21 17:05:18.347 GPU_Scheduler_1] Admitted 1 requests for model_5
[2026-08-21 17:05:18.381 GPU_Scheduler_0] Model model_6 (instance 0) activation succeeded on GPU 0
[2026-08-21 17:05:18.465 GPU_Scheduler_1] Admitted 1 requests for model_5
[2026-08-21 17:05:18.540 GPU_Scheduler_1] Admitted 1 requests for model_2
[2026-08-21 17:05:18.562 GPU_Scheduler_1] Admitted 1 requests for model_2
[2026-08-21 17:05:18.669 GPU_Scheduler_1] Admitted 1 requests for model_5
[2026-08-21 17:05:18.926 GPU_Scheduler_0] Admitted 1 requests for model_3
[2026-08-21 17:05:18.992 GPU_Scheduler_1] Admitted 2 requests for model_5
[2026-08-21 17:05:19.003 GPU_Scheduler_1] Admitted 1 requests for model_5
[2026-08-21 17:05:19.047 GPU_Scheduler_1] Admitted 1 requests for model_2
[2026-08-21 17:05:19.182 GPU_Scheduler_1] Admitted 1 requests for model_2
[2026-08-21 17:05:19.204 GPU_Scheduler_1] Admitted 1 requests for model_5
[2026-08-21 17:05:19.259 GPU_Scheduler_1] Admitted 1 requests for model_2
[2026-08-21 17:05:19.314 GPU_Scheduler_1] Admitted 1 requests for model_5
[2026-08-21 17:05:19.431 GPU_Scheduler_1] Admitted 2 requests for model_5
[2026-08-21 17:05:19.464 GPU_Scheduler_1] Admitted 1 requests for model_2
[2026-08-21 17:05:19.475 GPU_Scheduler_1] Admitted 1 requests for model_2
[2026-08-21 17:05:19.594 GPU_Scheduler_1] Admitted 1 requests for model_2
[2026-08-21 17:05:19.669 GPU_Scheduler_1] Admitted 1 requests for model_5
[2026-08-21 17:05:19.713 GPU_Scheduler_1] Admitted 1 requests for model_2
[2026-08-21 17:05:19.798 GPU_Scheduler_1] Admitted 1 requests for model_5
[2026-08-21 17:05:19.863 GPU_Scheduler_1] Admitted 1 requests for model_5
[2026-08-21 17:05:20.149 GPU_Scheduler_1] Admitted 1 requests for model_5
[2026-08-21 17:05:20.518 GPU_Scheduler_1] Admitted 1 requests for model_5
[2026-08-21 17:05:20.614 GPU_Scheduler_1] Admitted 1 requests for model_5
[2026-08-21 17:05:20.649 GPU_Scheduler_0] [V5-LOOP] {"iters": 467, "t_mem": 0.011332226917147636, "t_redis": 0.27552506956271827, "t_admit": 0.004586600931361318, "t_send": 0.0010136081837117672, "t_iter": 0.292457505594939, "admitted": 1, "iter_max": 0.0012202700600028038, "gpu_id": 0, "window_s": 5.004467248916626}
[2026-08-21 17:05:20.720 GPU_Scheduler_1] Admitted 1 requests for model_5
[2026-08-21 17:05:20.763 GPU_Scheduler_1] Admitted 1 requests for model_5
[2026-08-21 17:05:20.965 GPU_Scheduler_1] Admitted 1 requests for model_2
[2026-08-21 17:05:21.261 GPU_Scheduler_1] Admitted 1 requests for model_5
[2026-08-21 17:05:21.282 GPU_Scheduler_1] Admitted 1 requests for model_5
[2026-08-21 17:05:21.730 GPU_Scheduler_1] Admitted 1 requests for model_2
[2026-08-21 17:05:21.762 GPU_Scheduler_1] Admitted 1 requests for model_5
[2026-08-21 17:05:21.774 GPU_Scheduler_1] Admitted 1 requests for model_5
[2026-08-21 17:05:21.838 GPU_Scheduler_1] Admitted 1 requests for model_5
[2026-08-21 17:05:22.037 GPU_Scheduler_0] Admitted 1 requests for model_3
[2026-08-21 17:05:22.053 GPU_Scheduler_1] Admitted 1 requests for model_5
[2026-08-21 17:05:22.096 GPU_Scheduler_1] [V5-LOOP] {"iters": 467, "t_mem": 0.010368382092565298, "t_redis": 0.25570890377275646, "t_admit": 0.007283273385837674, "t_send": 0.02279553422704339, "t_iter": 0.2961560934782028, "admitted": 44, "iter_max": 0.0022075169254094362, "gpu_id": 1, "window_s": 5.007767200469971}
[2026-08-21 17:05:22.138 GPU_Scheduler_1] Admitted 1 requests for model_5
[2026-08-21 17:05:22.192 GPU_Scheduler_1] Admitted 1 requests for model_5
[2026-08-21 17:05:22.342 GPU_Scheduler_1] Admitted 1 requests for model_5
[2026-08-21 17:05:22.481 GPU_Scheduler_1] Admitted 1 requests for model_5
[2026-08-21 17:05:22.556 GPU_Scheduler_1] Admitted 1 requests for model_5
[2026-08-21 17:05:22.588 GPU_Scheduler_1] Admitted 1 requests for model_5
[2026-08-21 17:05:22.866 GPU_Scheduler_1] Admitted 1 requests for model_5
[2026-08-21 17:05:22.931 GPU_Scheduler_1] Admitted 1 requests for model_5
[2026-08-21 17:05:22.963 GPU_Scheduler_1] Admitted 1 requests for model_5
[2026-08-21 17:05:23.187 GPU_Scheduler_1] Admitted 1 requests for model_5
[2026-08-21 17:05:23.305 GPU_Scheduler_1] Admitted 1 requests for model_5
[2026-08-21 17:05:23.678 GPU_Scheduler_1] Admitted 1 requests for model_5
[2026-08-21 17:05:23.785 GPU_Scheduler_1] Admitted 1 requests for model_2
[2026-08-21 17:05:23.945 GPU_Scheduler_1] Admitted 1 requests for model_5
[2026-08-21 17:05:24.216 GPU_Scheduler_1] Admitted 1 requests for model_5
[2026-08-21 17:05:24.313 GPU_Scheduler_1] Admitted 1 requests for model_5
[2026-08-21 17:05:24.519 GPU_Scheduler_1] Admitted 1 requests for model_5
[2026-08-21 17:05:24.583 GPU_Scheduler_1] Admitted 1 requests for model_5
[2026-08-21 17:05:24.616 GPU_Scheduler_1] Admitted 1 requests for model_5
[2026-08-21 17:05:24.714 GPU_Scheduler_1] Admitted 1 requests for model_2
[2026-08-21 17:05:24.725 GPU_Scheduler_1] Admitted 1 requests for model_5
[2026-08-21 17:05:24.982 GPU_Scheduler_1] Admitted 1 requests for model_5
[2026-08-21 17:05:25.091 GPU_Scheduler_1] Admitted 1 requests for model_5
[2026-08-21 17:05:25.113 GPU_Scheduler_1] Admitted 1 requests for model_5
[2026-08-21 17:05:25.210 GPU_Scheduler_1] Admitted 1 requests for model_2
[2026-08-21 17:05:25.210 GPU_Scheduler_1] Admitted 2 requests for model_5
[2026-08-21 17:05:25.361 GPU_Scheduler_1] Admitted 1 requests for model_5
[2026-08-21 17:05:25.533 GPU_Scheduler_1] Admitted 2 requests for model_5
[2026-08-21 17:05:25.588 GPU_Scheduler_1] Admitted 1 requests for model_5
[2026-08-21 17:05:25.655 GPU_Scheduler_0] [V5-LOOP] {"iters": 460, "t_mem": 0.010133707895874977, "t_redis": 0.34912110259756446, "t_admit": 0.004169019404798746, "t_send": 0.001382291316986084, "t_iter": 0.36480612121522427, "admitted": 1, "iter_max": 0.0019474951550364494, "gpu_id": 0, "window_s": 5.004607677459717}
[2026-08-21 17:05:25.687 GPU_Scheduler_0] Admitted 1 requests for model_3
[2026-08-21 17:05:25.727 GPU_Scheduler_1] Admitted 1 requests for model_5
[2026-08-21 17:05:25.738 GPU_Scheduler_1] Admitted 1 requests for model_5
[2026-08-21 17:05:25.760 GPU_Scheduler_1] Admitted 1 requests for model_5
[2026-08-21 17:05:25.825 GPU_Scheduler_1] Admitted 1 requests for model_5
[2026-08-21 17:05:26.309 GPU_Scheduler_1] Admitted 1 requests for model_5
[2026-08-21 17:05:26.395 GPU_Scheduler_1] Admitted 1 requests for model_5
[2026-08-21 17:05:26.449 GPU_Scheduler_1] Admitted 1 requests for model_5
[2026-08-21 17:05:26.481 GPU_Scheduler_1] Admitted 1 requests for model_2
[2026-08-21 17:05:26.821 GPU_Scheduler_1] Admitted 1 requests for model_5
[2026-08-21 17:05:26.832 GPU_Scheduler_1] Admitted 1 requests for model_5
[2026-08-21 17:05:26.959 GPU_Scheduler_1] Admitted 1 requests for model_5
[2026-08-21 17:05:27.097 GPU_Scheduler_1] [V5-LOOP] {"iters": 466, "t_mem": 0.008772409753873944, "t_redis": 0.26376760844141245, "t_admit": 0.006323624402284622, "t_send": 0.021893163211643696, "t_iter": 0.3007568058092147, "admitted": 42, "iter_max": 0.0020674250554293394, "gpu_id": 1, "window_s": 5.001468658447266}
[2026-08-21 17:05:27.139 GPU_Scheduler_1] Admitted 1 requests for model_5
[2026-08-21 17:05:27.182 GPU_Scheduler_1] Admitted 1 requests for model_2
[2026-08-21 17:05:27.182 GPU_Scheduler_1] Admitted 1 requests for model_5
[2026-08-21 17:05:27.543 GPU_Scheduler_1] Admitted 1 requests for model_5
[2026-08-21 17:05:27.607 GPU_Scheduler_1] Admitted 1 requests for model_5
[2026-08-21 17:05:27.682 GPU_Scheduler_1] Admitted 2 requests for model_5
[2026-08-21 17:05:27.831 GPU_Scheduler_1] Admitted 1 requests for model_2
[2026-08-21 17:05:27.917 GPU_Scheduler_1] Admitted 1 requests for model_5
[2026-08-21 17:05:28.045 GPU_Scheduler_1] Admitted 1 requests for model_5
[2026-08-21 17:05:28.187 GPU_Scheduler_1] Admitted 2 requests for model_2
[2026-08-21 17:05:28.294 GPU_Scheduler_1] Admitted 1 requests for model_2
[2026-08-21 17:05:28.294 GPU_Scheduler_1] Admitted 1 requests for model_5
[2026-08-21 17:05:28.551 GPU_Scheduler_1] Admitted 1 requests for model_5
[2026-08-21 17:05:28.648 GPU_Scheduler_1] Admitted 1 requests for model_5
[2026-08-21 17:05:28.734 GPU_Scheduler_1] Admitted 1 requests for model_5
[2026-08-21 17:05:28.755 GPU_Scheduler_1] Admitted 1 requests for model_5
[2026-08-21 17:05:29.002 GPU_Scheduler_1] Admitted 1 requests for model_5
[2026-08-21 17:05:29.216 GPU_Scheduler_1] Admitted 1 requests for model_5
[2026-08-21 17:05:29.238 GPU_Scheduler_1] Admitted 1 requests for model_5
[2026-08-21 17:05:29.345 GPU_Scheduler_1] Admitted 1 requests for model_5
[2026-08-21 17:05:29.357 GPU_Scheduler_1] Admitted 1 requests for model_5
[2026-08-21 17:05:29.432 GPU_Scheduler_1] Admitted 1 requests for model_5
[2026-08-21 17:05:29.582 GPU_Scheduler_1] Admitted 1 requests for model_5
[2026-08-21 17:05:29.753 GPU_Scheduler_1] Admitted 1 requests for model_5
[2026-08-21 17:05:29.774 GPU_Scheduler_1] Admitted 2 requests for model_5
[2026-08-21 17:05:29.829 GPU_Scheduler_1] Admitted 1 requests for model_5
[2026-08-21 17:05:29.949 GPU_Scheduler_1] Admitted 1 requests for model_2
[2026-08-21 17:05:30.408 GPU_Scheduler_1] Admitted 1 requests for model_5
[2026-08-21 17:05:30.440 GPU_Scheduler_1] Admitted 1 requests for model_5
[2026-08-21 17:05:30.506 GPU_Scheduler_1] Admitted 1 requests for model_2
[2026-08-21 17:05:30.506 GPU_Scheduler_1] Admitted 1 requests for model_5
[2026-08-21 17:05:30.593 GPU_Scheduler_1] Admitted 1 requests for model_5
[2026-08-21 17:05:30.665 GPU_Scheduler_0] [V5-LOOP] {"iters": 468, "t_mem": 0.00829091970808804, "t_redis": 0.2772017680108547, "t_admit": 0.003388800658285618, "t_send": 0.0008839599322527647, "t_iter": 0.28976544830948114, "admitted": 1, "iter_max": 0.00123489904217422, "gpu_id": 0, "window_s": 5.009639263153076}
[2026-08-21 17:05:30.867 GPU_Scheduler_0] Admitted 1 requests for model_3
[2026-08-21 17:05:31.134 GPU_Scheduler_1] Admitted 1 requests for model_2
[2026-08-21 17:05:31.189 GPU_Scheduler_1] Admitted 1 requests for model_5
[2026-08-21 17:05:31.200 GPU_Scheduler_1] Admitted 1 requests for model_5
[2026-08-21 17:05:31.362 GPU_Scheduler_1] Admitted 1 requests for model_5
[2026-08-21 17:05:31.373 GPU_Scheduler_1] Admitted 1 requests for model_5
[2026-08-21 17:05:31.568 GPU_Scheduler_1] Admitted 1 requests for model_2
[2026-08-21 17:05:31.667 GPU_Scheduler_1] Admitted 1 requests for model_5
[2026-08-21 17:05:31.721 GPU_Scheduler_1] Admitted 1 requests for model_2
[2026-08-21 17:05:31.860 GPU_Scheduler_1] Admitted 1 requests for model_5
[2026-08-21 17:05:31.968 GPU_Scheduler_1] Admitted 1 requests for model_5
[2026-08-21 17:05:32.012 GPU_Scheduler_1] Admitted 1 requests for model_5
[2026-08-21 17:05:32.077 GPU_Scheduler_1] Admitted 1 requests for model_5
[2026-08-21 17:05:32.089 GPU_Scheduler_1] Admitted 1 requests for model_5
[2026-08-21 17:05:32.101 GPU_Scheduler_1] [V5-LOOP] {"iters": 464, "t_mem": 0.01181887462735176, "t_redis": 0.2770634365733713, "t_admit": 0.007564095314592123, "t_send": 0.02537169144488871, "t_iter": 0.3218180979602039, "admitted": 48, "iter_max": 0.0021822270937263966, "gpu_id": 1, "window_s": 5.003525018692017}
[2026-08-21 17:05:32.188 GPU_Scheduler_1] Admitted 1 requests for model_2
[2026-08-21 17:05:32.188 GPU_Scheduler_1] Admitted 1 requests for model_5
[2026-08-21 17:05:32.210 GPU_Scheduler_1] Admitted 1 requests for model_5
[2026-08-21 17:05:32.415 GPU_Scheduler_1] Admitted 1 requests for model_2
[2026-08-21 17:05:32.448 GPU_Scheduler_1] Admitted 1 requests for model_5
[2026-08-21 17:05:32.621 GPU_Scheduler_1] Admitted 1 requests for model_2
[2026-08-21 17:05:32.729 GPU_Scheduler_1] Admitted 1 requests for model_2
[2026-08-21 17:05:32.729 GPU_Scheduler_1] Admitted 1 requests for model_5
[2026-08-21 17:05:32.826 GPU_Scheduler_1] Admitted 1 requests for model_5
[2026-08-21 17:05:33.072 GPU_Scheduler_1] Admitted 1 requests for model_5
[2026-08-21 17:05:33.105 GPU_Scheduler_1] Admitted 1 requests for model_5
[2026-08-21 17:05:33.203 GPU_Scheduler_1] Admitted 1 requests for model_2
[2026-08-21 17:05:33.248 GPU_Scheduler_1] Admitted 1 requests for model_5
[2026-08-21 17:05:33.259 GPU_Scheduler_1] Admitted 1 requests for model_5
[2026-08-21 17:05:33.409 GPU_Scheduler_1] Admitted 1 requests for model_5
[2026-08-21 17:05:33.463 GPU_Scheduler_1] Admitted 1 requests for model_5
[2026-08-21 17:05:33.645 GPU_Scheduler_1] Admitted 1 requests for model_5
[2026-08-21 17:05:33.677 GPU_Scheduler_1] Admitted 1 requests for model_5
[2026-08-21 17:05:33.689 GPU_Scheduler_1] Admitted 1 requests for model_5
[2026-08-21 17:05:33.722 GPU_Scheduler_1] Admitted 1 requests for model_5
[2026-08-21 17:05:33.798 GPU_Scheduler_1] Admitted 1 requests for model_5
[2026-08-21 17:05:33.894 GPU_Scheduler_1] Admitted 1 requests for model_2
[2026-08-21 17:05:33.938 GPU_Scheduler_1] Admitted 1 requests for model_5
[2026-08-21 17:05:34.025 GPU_Scheduler_1] Admitted 1 requests for model_5
[2026-08-21 17:05:34.058 GPU_Scheduler_1] Admitted 1 requests for model_5
[2026-08-21 17:05:34.133 GPU_Scheduler_1] Admitted 1 requests for model_5
[2026-08-21 17:05:34.155 GPU_Scheduler_1] Admitted 1 requests for model_2
[2026-08-21 17:05:34.286 GPU_Scheduler_1] Admitted 1 requests for model_5
[2026-08-21 17:05:34.361 GPU_Scheduler_1] Admitted 1 requests for model_5
[2026-08-21 17:05:34.522 GPU_Scheduler_1] Admitted 1 requests for model_5
[2026-08-21 17:05:34.630 GPU_Scheduler_1] Admitted 1 requests for model_5
[2026-08-21 17:05:34.684 GPU_Scheduler_1] Admitted 1 requests for model_5
[2026-08-21 17:05:34.877 GPU_Scheduler_1] Admitted 1 requests for model_5
[2026-08-21 17:05:34.899 GPU_Scheduler_1] Admitted 1 requests for model_2
[2026-08-21 17:05:35.415 GPU_Scheduler_1] Admitted 1 requests for model_5
[2026-08-21 17:05:35.512 GPU_Scheduler_1] Admitted 1 requests for model_5
[2026-08-21 17:05:35.556 GPU_Scheduler_1] Admitted 1 requests for model_5
[2026-08-21 17:05:35.599 GPU_Scheduler_1] Admitted 1 requests for model_5
[2026-08-21 17:05:35.670 GPU_Scheduler_0] [V5-LOOP] {"iters": 467, "t_mem": 0.007836088072508574, "t_redis": 0.2847295890096575, "t_admit": 0.0032978616654872894, "t_send": 0.0008686094079166651, "t_iter": 0.29673214815557003, "admitted": 1, "iter_max": 0.0011422978714108467, "gpu_id": 0, "window_s": 5.00513482093811}
[2026-08-21 17:05:35.675 GPU_Scheduler_1] Admitted 2 requests for model_5
[2026-08-21 17:05:35.859 GPU_Scheduler_1] Admitted 1 requests for model_5
[2026-08-21 17:05:35.956 GPU_Scheduler_1] Admitted 1 requests for model_5
[2026-08-21 17:05:35.999 GPU_Scheduler_1] Admitted 1 requests for model_5
[2026-08-21 17:05:36.513 GPU_Scheduler_1] Admitted 1 requests for model_2
[2026-08-21 17:05:36.639 GPU_Scheduler_1] Admitted 1 requests for model_5
[2026-08-21 17:05:36.714 GPU_Scheduler_1] Admitted 1 requests for model_5
[2026-08-21 17:05:36.725 GPU_Scheduler_1] Admitted 1 requests for model_5
[2026-08-21 17:05:36.788 GPU_Scheduler_1] Admitted 1 requests for model_5
[2026-08-21 17:05:36.946 GPU_Scheduler_1] Admitted 2 requests for model_2
[2026-08-21 17:05:37.083 GPU_Scheduler_1] Admitted 1 requests for model_5
[2026-08-21 17:05:37.105 GPU_Scheduler_1] [V5-LOOP] {"iters": 465, "t_mem": 0.010408268310129642, "t_redis": 0.2675330638885498, "t_admit": 0.007336043985560536, "t_send": 0.026930107036605477, "t_iter": 0.31220748322084546, "admitted": 51, "iter_max": 0.0018156638834625483, "gpu_id": 1, "window_s": 5.00368070602417}
[2026-08-21 17:05:37.385 GPU_Scheduler_1] Admitted 1 requests for model_5
[2026-08-21 17:05:37.450 GPU_Scheduler_1] Admitted 1 requests for model_5
[2026-08-21 17:05:37.547 GPU_Scheduler_1] Admitted 1 requests for model_5
[2026-08-21 17:05:37.622 GPU_Scheduler_1] Admitted 1 requests for model_5
[2026-08-21 17:05:37.731 GPU_Scheduler_1] Admitted 1 requests for model_5
[2026-08-21 17:05:37.882 GPU_Scheduler_1] Admitted 1 requests for model_2
[2026-08-21 17:05:38.001 GPU_Scheduler_1] Admitted 1 requests for model_5
[2026-08-21 17:05:38.266 GPU_Scheduler_1] Admitted 1 requests for model_5
[2026-08-21 17:05:38.310 GPU_Scheduler_1] Admitted 1 requests for model_5
[2026-08-21 17:05:38.440 GPU_Scheduler_1] Admitted 1 requests for model_5
[2026-08-21 17:05:38.569 GPU_Scheduler_1] Admitted 1 requests for model_5
[2026-08-21 17:05:38.591 GPU_Scheduler_1] Admitted 1 requests for model_5
[2026-08-21 17:05:39.120 GPU_Scheduler_1] Admitted 1 requests for model_5
[2026-08-21 17:05:39.347 GPU_Scheduler_1] Admitted 1 requests for model_5
[2026-08-21 17:05:39.359 GPU_Scheduler_1] Admitted 1 requests for model_5
[2026-08-21 17:05:39.445 GPU_Scheduler_1] Admitted 1 requests for model_5
[2026-08-21 17:05:39.585 GPU_Scheduler_1] Admitted 1 requests for model_2
[2026-08-21 17:05:39.617 GPU_Scheduler_1] Admitted 1 requests for model_5
[2026-08-21 17:05:40.179 GPU_Scheduler_1] Admitted 1 requests for model_2
[2026-08-21 17:05:40.202 GPU_Scheduler_1] Admitted 1 requests for model_5
[2026-08-21 17:05:40.300 GPU_Scheduler_1] Admitted 1 requests for model_5
[2026-08-21 17:05:40.503 GPU_Scheduler_1] Admitted 1 requests for model_2
[2026-08-21 17:05:40.526 GPU_Scheduler_1] Admitted 1 requests for model_2
[2026-08-21 17:05:40.655 GPU_Scheduler_1] Admitted 1 requests for model_5
[2026-08-21 17:05:40.674 GPU_Scheduler_0] [V5-LOOP] {"iters": 466, "t_mem": 0.007160351378843188, "t_redis": 0.29436791385523975, "t_admit": 0.0029783642385154963, "t_send": 0.00043089035898447037, "t_iter": 0.3049375198315829, "admitted": 0, "iter_max": 0.0015160809271037579, "gpu_id": 0, "window_s": 5.0035319328308105}
[2026-08-21 17:05:41.042 GPU_Scheduler_1] Admitted 1 requests for model_5
[2026-08-21 17:05:41.107 GPU_Scheduler_1] Admitted 1 requests for model_2
[2026-08-21 17:05:41.107 GPU_Scheduler_1] Admitted 1 requests for model_5
[2026-08-21 17:05:41.161 GPU_Scheduler_1] Admitted 1 requests for model_5
[2026-08-21 17:05:41.260 GPU_Scheduler_1] Admitted 1 requests for model_5
[2026-08-21 17:05:41.282 GPU_Scheduler_1] Admitted 1 requests for model_2
[2026-08-21 17:05:41.347 GPU_Scheduler_1] Admitted 1 requests for model_5
[2026-08-21 17:05:41.380 GPU_Scheduler_1] Admitted 1 requests for model_5
[2026-08-21 17:05:41.487 GPU_Scheduler_1] Admitted 1 requests for model_5
[2026-08-21 17:05:41.520 GPU_Scheduler_1] Admitted 1 requests for model_5
[2026-08-21 17:05:41.606 GPU_Scheduler_1] Admitted 1 requests for model_5
[2026-08-21 17:05:41.649 GPU_Scheduler_1] Admitted 1 requests for model_5
[2026-08-21 17:05:41.703 GPU_Scheduler_1] Admitted 1 requests for model_5
[2026-08-21 17:05:41.821 GPU_Scheduler_1] Admitted 1 requests for model_2
[2026-08-21 17:05:42.025 GPU_Scheduler_1] Admitted 1 requests for model_5
[2026-08-21 17:05:42.036 GPU_Scheduler_1] Admitted 1 requests for model_2
[2026-08-21 17:05:42.112 GPU_Scheduler_1] [V5-LOOP] {"iters": 463, "t_mem": 0.01298423227854073, "t_redis": 0.28950142697431147, "t_admit": 0.007579753175377846, "t_send": 0.0238274447619915, "t_iter": 0.33389285719022155, "admitted": 40, "iter_max": 0.0021983468905091286, "gpu_id": 1, "window_s": 5.006344556808472}
[2026-08-21 17:05:42.296 GPU_Scheduler_1] Admitted 1 requests for model_5
[2026-08-21 17:05:42.707 GPU_Scheduler_1] Admitted 1 requests for model_5
[2026-08-21 17:05:42.719 GPU_Scheduler_1] Admitted 1 requests for model_2
[2026-08-21 17:05:42.918 GPU_Scheduler_1] Admitted 1 requests for model_2
[2026-08-21 17:05:43.003 GPU_Scheduler_1] Admitted 1 requests for model_5
[2026-08-21 17:05:43.237 GPU_Scheduler_1] Admitted 1 requests for model_2
[2026-08-21 17:05:43.364 GPU_Scheduler_1] Admitted 1 requests for model_5
[2026-08-21 17:05:43.481 GPU_Scheduler_1] Admitted 1 requests for model_5
[2026-08-21 17:05:43.493 GPU_Scheduler_1] Admitted 1 requests for model_5
[2026-08-21 17:05:43.816 GPU_Scheduler_1] Admitted 1 requests for model_5
[2026-08-21 17:05:43.832 GPU_Scheduler_0] Received activate request for model model_2
[2026-08-21 17:05:43.832 GPU_Scheduler_0] Received activate request for model_2, model_states: {'model_1': 'deactivated', 'model_2': 'preparing', 'model_3': 'activated', 'model_4': 'activated', 'model_5': 'deactivated', 'model_6': 'activated'}
[2026-08-21 17:05:43.833 GPU_Scheduler_0] Assign worker 3 to model_2. Current model_to_worker: {'model_4': 1, 'model_3': 2, 'model_6': 0, 'model_2': 3}
[2026-08-21 17:05:43.837 GPU_Scheduler_1] Admitted 1 requests for model_5
[2026-08-21 17:05:43.923 GPU_Scheduler_1] Admitted 1 requests for model_2
[2026-08-21 17:05:44.168 GPU_Scheduler_1] Admitted 1 requests for model_5
[2026-08-21 17:05:44.189 GPU_Scheduler_1] Admitted 1 requests for model_5
[2026-08-21 17:05:44.232 GPU_Scheduler_1] Admitted 1 requests for model_2
[2026-08-21 17:05:44.389 GPU_Scheduler_1] Admitted 1 requests for model_5
[2026-08-21 17:05:44.600 GPU_Scheduler_1] Admitted 1 requests for model_5
[2026-08-21 17:05:44.684 GPU_Scheduler_1] Admitted 1 requests for model_2
[2026-08-21 17:05:44.690 GPU_Scheduler_0] Admitted 1 requests for model_3
[2026-08-21 17:05:44.780 GPU_Scheduler_1] Admitted 1 requests for model_5
[2026-08-21 17:05:45.033 GPU_Scheduler_1] Admitted 1 requests for model_5
[2026-08-21 17:05:45.203 GPU_Scheduler_1] Admitted 1 requests for model_5
[2026-08-21 17:05:45.505 GPU_Scheduler_0] Model model_2 (instance 0) activation succeeded on GPU 0
[2026-08-21 17:05:45.511 GPU_Scheduler_1] Admitted 2 requests for model_5
[2026-08-21 17:05:45.516 GPU_Scheduler_1] Received deactivate request for model model_2
[2026-08-21 17:05:45.516 GPU_Scheduler_1] Received deactivate request for model_2, model_states: {'model_1': 'deactivated', 'model_2': 'deactivating', 'model_3': 'deactivated', 'model_4': 'deactivated', 'model_5': 'activated', 'model_6': 'deactivated'}
[2026-08-21 17:05:45.517 GPU_Scheduler_1] Release worker 0 from model model_2. Current model_to_worker: {'model_5': 1}
[2026-08-21 17:05:45.609 GPU_Scheduler_1] Admitted 1 requests for model_5
[2026-08-21 17:05:45.653 GPU_Scheduler_1] Admitted 1 requests for model_5
[2026-08-21 17:05:45.683 GPU_Scheduler_0] [V5-LOOP] {"iters": 469, "t_mem": 0.007783810142427683, "t_redis": 0.2686999272555113, "t_admit": 0.0031023474875837564, "t_send": 0.0010137595236301422, "t_iter": 0.28059984440915287, "admitted": 1, "iter_max": 0.0015113719273358583, "gpu_id": 0, "window_s": 5.008291959762573}
[2026-08-21 17:05:45.903 GPU_Scheduler_1] Admitted 1 requests for model_5
[2026-08-21 17:05:46.031 GPU_Scheduler_1] Admitted 1 requests for model_5
[2026-08-21 17:05:46.086 GPU_Scheduler_1] Admitted 1 requests for model_5
[2026-08-21 17:05:46.586 GPU_Scheduler_1] Admitted 1 requests for model_5
[2026-08-21 17:05:46.738 GPU_Scheduler_1] Model model_2 (instance 1) deactivation succeeded on GPU 1
[2026-08-21 17:05:46.745 GPU_Scheduler_0] Received activate request for model model_2
[2026-08-21 17:05:46.745 GPU_Scheduler_0] Received activate request for model_2, model_states: {'model_1': 'deactivated', 'model_2': 'committing', 'model_3': 'activated', 'model_4': 'activated', 'model_5': 'deactivated', 'model_6': 'activated'}
[2026-08-21 17:05:46.745 GPU_Scheduler_0] [PAPER-OVERLAP-V6] commit dispatched model=model_2 gpu=0 worker=3
[2026-08-21 17:05:46.800 GPU_Scheduler_1] Admitted 1 requests for model_5
[2026-08-21 17:05:47.117 GPU_Scheduler_1] Admitted 1 requests for model_5
[2026-08-21 17:05:47.118 GPU_Scheduler_1] [V5-LOOP] {"iters": 469, "t_mem": 0.012595068430528045, "t_redis": 0.23868865496478975, "t_admit": 0.007095210487022996, "t_send": 0.016547816339880228, "t_iter": 0.274926750222221, "admitted": 31, "iter_max": 0.0016178218647837639, "gpu_id": 1, "window_s": 5.006127595901489}
[2026-08-21 17:05:47.150 GPU_Scheduler_1] Admitted 1 requests for model_5
[2026-08-21 17:05:47.171 GPU_Scheduler_1] Admitted 1 requests for model_5
[2026-08-21 17:05:47.951 GPU_Scheduler_1] Admitted 1 requests for model_5
[2026-08-21 17:05:48.109 GPU_Scheduler_1] Admitted 1 requests for model_5
[2026-08-21 17:05:48.447 GPU_Scheduler_1] Admitted 2 requests for model_5
[2026-08-21 17:05:48.627 GPU_Scheduler_1] Admitted 1 requests for model_5
[2026-08-21 17:05:48.701 GPU_Scheduler_1] Admitted 1 requests for model_5
[2026-08-21 17:05:48.901 GPU_Scheduler_1] Admitted 1 requests for model_5
[2026-08-21 17:05:48.965 GPU_Scheduler_1] Admitted 1 requests for model_5
[2026-08-21 17:05:48.997 GPU_Scheduler_1] Admitted 1 requests for model_5
[2026-08-21 17:05:49.144 GPU_Scheduler_1] Admitted 1 requests for model_5
[2026-08-21 17:05:49.228 GPU_Scheduler_1] Admitted 1 requests for model_5
[2026-08-21 17:05:49.276 GPU_Scheduler_0] Model model_2 (instance 0) activation succeeded on GPU 0
[2026-08-21 17:05:49.279 GPU_Scheduler_0] Admitted 7 requests for model_2
[2026-08-21 17:05:49.396 GPU_Scheduler_1] Admitted 1 requests for model_5
[2026-08-21 17:05:49.514 GPU_Scheduler_1] Admitted 1 requests for model_5
[2026-08-21 17:05:49.714 GPU_Scheduler_1] Admitted 1 requests for model_5
[2026-08-21 17:05:49.767 GPU_Scheduler_1] Admitted 1 requests for model_5
[2026-08-21 17:05:49.841 GPU_Scheduler_1] Admitted 1 requests for model_5
[2026-08-21 17:05:49.852 GPU_Scheduler_1] Admitted 1 requests for model_5
[2026-08-21 17:05:49.874 GPU_Scheduler_1] Admitted 1 requests for model_5
[2026-08-21 17:05:49.953 GPU_Scheduler_0] Admitted 1 requests for model_2
[2026-08-21 17:05:50.129 GPU_Scheduler_1] Admitted 1 requests for model_5
[2026-08-21 17:05:50.150 GPU_Scheduler_1] Admitted 1 requests for model_5
[2026-08-21 17:05:50.235 GPU_Scheduler_1] Admitted 1 requests for model_5
[2026-08-21 17:05:50.309 GPU_Scheduler_1] Admitted 1 requests for model_5
[2026-08-21 17:05:50.373 GPU_Scheduler_1] Admitted 1 requests for model_5
[2026-08-21 17:05:50.519 GPU_Scheduler_0] Admitted 1 requests for model_2
[2026-08-21 17:05:50.628 GPU_Scheduler_0] Admitted 1 requests for model_2
[2026-08-21 17:05:50.640 GPU_Scheduler_0] Admitted 1 requests for model_2
[2026-08-21 17:05:50.684 GPU_Scheduler_0] [V5-LOOP] {"iters": 465, "t_mem": 0.007924885489046574, "t_redis": 0.2963302838616073, "t_admit": 0.0036849414464086294, "t_send": 0.004168263636529446, "t_iter": 0.31210837443359196, "admitted": 11, "iter_max": 0.0030470332130789757, "gpu_id": 0, "window_s": 5.001001596450806}
[2026-08-21 17:05:50.742 GPU_Scheduler_1] Admitted 1 requests for model_5
[2026-08-21 17:05:50.878 GPU_Scheduler_1] Admitted 1 requests for model_5
[2026-08-21 17:05:50.900 GPU_Scheduler_1] Admitted 1 requests for model_5
[2026-08-21 17:05:50.953 GPU_Scheduler_1] Admitted 2 requests for model_5
[2026-08-21 17:05:51.069 GPU_Scheduler_1] Admitted 1 requests for model_5
[2026-08-21 17:05:51.366 GPU_Scheduler_1] Admitted 1 requests for model_5
[2026-08-21 17:05:51.451 GPU_Scheduler_1] Admitted 1 requests for model_5
[2026-08-21 17:05:51.495 GPU_Scheduler_0] Admitted 1 requests for model_2
[2026-08-21 17:05:51.536 GPU_Scheduler_1] Admitted 1 requests for model_5
[2026-08-21 17:05:51.885 GPU_Scheduler_1] Admitted 1 requests for model_5
[2026-08-21 17:05:51.992 GPU_Scheduler_1] Admitted 1 requests for model_5
[2026-08-21 17:05:52.024 GPU_Scheduler_1] Admitted 1 requests for model_5
[2026-08-21 17:05:52.118 GPU_Scheduler_1] [V5-LOOP] {"iters": 473, "t_mem": 0.012526380829513073, "t_redis": 0.1818654139060527, "t_admit": 0.00793947372585535, "t_send": 0.02408432587981224, "t_iter": 0.22641559434123337, "admitted": 37, "iter_max": 0.0018648449331521988, "gpu_id": 1, "window_s": 5.00015664100647}
[2026-08-21 17:05:52.233 GPU_Scheduler_1] Admitted 1 requests for model_5
[2026-08-21 17:05:53.237 GPU_Scheduler_1] Admitted 1 requests for model_5
[2026-08-21 17:05:53.267 GPU_Scheduler_0] Admitted 1 requests for model_2
[2026-08-21 17:05:53.364 GPU_Scheduler_1] Admitted 1 requests for model_5
[2026-08-21 17:05:53.516 GPU_Scheduler_0] Admitted 1 requests for model_2
[2026-08-21 17:05:53.777 GPU_Scheduler_0] Admitted 1 requests for model_2
[2026-08-21 17:05:53.943 GPU_Scheduler_1] Admitted 1 requests for model_5
[2026-08-21 17:05:54.322 GPU_Scheduler_0] Received deactivate request for model model_6
[2026-08-21 17:05:54.323 GPU_Scheduler_0] Received deactivate request for model_6, model_states: {'model_1': 'deactivated', 'model_2': 'activated', 'model_3': 'activated', 'model_4': 'activated', 'model_5': 'deactivated', 'model_6': 'deactivating'}
[2026-08-21 17:05:54.323 GPU_Scheduler_0] Release worker 0 from model model_6. Current model_to_worker: {'model_4': 1, 'model_3': 2, 'model_2': 3}
[2026-08-21 17:05:54.323 GPU_Scheduler_0] Received deactivate request for model model_4
[2026-08-21 17:05:54.323 GPU_Scheduler_0] Received deactivate request for model_4, model_states: {'model_1': 'deactivated', 'model_2': 'activated', 'model_3': 'activated', 'model_4': 'deactivating', 'model_5': 'deactivated', 'model_6': 'deactivating'}
[2026-08-21 17:05:54.323 GPU_Scheduler_0] Release worker 1 from model model_4. Current model_to_worker: {'model_3': 2, 'model_2': 3}
[2026-08-21 17:05:54.331 GPU_Scheduler_0] Admitted 1 requests for model_2
[2026-08-21 17:05:54.560 GPU_Scheduler_1] Admitted 1 requests for model_5
[2026-08-21 17:05:54.572 GPU_Scheduler_1] Admitted 1 requests for model_5
[2026-08-21 17:05:54.594 GPU_Scheduler_1] Admitted 1 requests for model_5
[2026-08-21 17:05:54.690 GPU_Scheduler_1] Admitted 1 requests for model_5
[2026-08-21 17:05:54.929 GPU_Scheduler_0] Admitted 1 requests for model_2
[2026-08-21 17:05:54.956 GPU_Scheduler_1] Admitted 1 requests for model_5
[2026-08-21 17:05:55.000 GPU_Scheduler_1] Admitted 1 requests for model_5
[2026-08-21 17:05:55.032 GPU_Scheduler_1] Admitted 1 requests for model_5
[2026-08-21 17:05:55.118 GPU_Scheduler_1] Admitted 1 requests for model_5
[2026-08-21 17:05:55.254 GPU_Scheduler_0] Model model_4 (instance 0) deactivation succeeded on GPU 0
[2026-08-21 17:05:55.277 GPU_Scheduler_1] Admitted 1 requests for model_5
[2026-08-21 17:05:55.288 GPU_Scheduler_1] Admitted 1 requests for model_5
[2026-08-21 17:05:55.290 GPU_Scheduler_0] Model model_6 (instance 0) deactivation succeeded on GPU 0
[2026-08-21 17:05:55.343 GPU_Scheduler_1] Admitted 1 requests for model_5
[2026-08-21 17:05:55.354 GPU_Scheduler_1] Admitted 1 requests for model_5
[2026-08-21 17:05:55.386 GPU_Scheduler_1] Admitted 1 requests for model_5
[2026-08-21 17:05:55.584 GPU_Scheduler_1] Admitted 1 requests for model_5
[2026-08-21 17:05:55.658 GPU_Scheduler_1] Admitted 1 requests for model_5
[2026-08-21 17:05:55.685 GPU_Scheduler_0] [V5-LOOP] {"iters": 460, "t_mem": 0.008114845491945744, "t_redis": 0.3478263246361166, "t_admit": 0.004123591352254152, "t_send": 0.002739217597991228, "t_iter": 0.36280397907830775, "admitted": 6, "iter_max": 0.001825663959607482, "gpu_id": 0, "window_s": 5.0007688999176025}
[2026-08-21 17:05:56.087 GPU_Scheduler_1] Admitted 1 requests for model_5
[2026-08-21 17:05:56.214 GPU_Scheduler_1] Admitted 1 requests for model_5
[2026-08-21 17:05:56.686 GPU_Scheduler_1] Admitted 1 requests for model_5
[2026-08-21 17:05:56.823 GPU_Scheduler_1] Admitted 1 requests for model_5
[2026-08-21 17:05:56.834 GPU_Scheduler_1] Admitted 1 requests for model_5
[2026-08-21 17:05:56.877 GPU_Scheduler_1] Admitted 1 requests for model_5
[2026-08-21 17:05:57.128 GPU_Scheduler_1] [V5-LOOP] {"iters": 475, "t_mem": 0.012162384111434221, "t_redis": 0.18177178804762661, "t_admit": 0.006961245555430651, "t_send": 0.015907136723399162, "t_iter": 0.21680255443789065, "admitted": 25, "iter_max": 0.0014800119679421186, "gpu_id": 1, "window_s": 5.009325742721558}
[2026-08-21 17:05:57.159 GPU_Scheduler_1] Admitted 1 requests for model_5
[2026-08-21 17:05:57.653 GPU_Scheduler_0] Admitted 1 requests for model_2
[2026-08-21 17:05:57.839 GPU_Scheduler_0] Admitted 1 requests for model_2
[2026-08-21 17:05:57.906 GPU_Scheduler_1] Admitted 1 requests for model_5
[2026-08-21 17:05:58.000 GPU_Scheduler_1] Admitted 1 requests for model_5
[2026-08-21 17:05:58.021 GPU_Scheduler_0] Admitted 1 requests for model_2
[2026-08-21 17:05:58.042 GPU_Scheduler_1] Admitted 1 requests for model_5
[2026-08-21 17:05:58.053 GPU_Scheduler_1] Admitted 1 requests for model_5
[2026-08-21 17:05:58.127 GPU_Scheduler_1] Admitted 1 requests for model_5
[2026-08-21 17:05:58.149 GPU_Scheduler_1] Admitted 1 requests for model_5
[2026-08-21 17:05:58.193 GPU_Scheduler_0] Admitted 2 requests for model_2
[2026-08-21 17:05:58.233 GPU_Scheduler_1] Admitted 1 requests for model_5
[2026-08-21 17:05:58.962 GPU_Scheduler_1] Admitted 1 requests for model_5
[2026-08-21 17:05:58.973 GPU_Scheduler_1] Admitted 1 requests for model_5
[2026-08-21 17:05:58.995 GPU_Scheduler_1] Admitted 1 requests for model_5
[2026-08-21 17:05:59.162 GPU_Scheduler_0] Admitted 1 requests for model_2
[2026-08-21 17:05:59.165 GPU_Scheduler_1] Admitted 1 requests for model_5
[2026-08-21 17:05:59.173 GPU_Scheduler_0] Admitted 1 requests for model_2
[2026-08-21 17:05:59.248 GPU_Scheduler_1] Admitted 1 requests for model_5
[2026-08-21 17:05:59.384 GPU_Scheduler_1] Admitted 1 requests for model_5
[2026-08-21 17:05:59.395 GPU_Scheduler_1] Admitted 1 requests for model_5
[2026-08-21 17:05:59.417 GPU_Scheduler_1] Admitted 1 requests for model_5
[2026-08-21 17:05:59.611 GPU_Scheduler_0] Admitted 1 requests for model_2
[2026-08-21 17:05:59.846 GPU_Scheduler_1] Admitted 1 requests for model_5
[2026-08-21 17:06:00.402 GPU_Scheduler_1] Admitted 1 requests for model_5
[2026-08-21 17:06:00.655 GPU_Scheduler_1] Admitted 1 requests for model_5
[2026-08-21 17:06:00.695 GPU_Scheduler_0] [V5-LOOP] {"iters": 467, "t_mem": 0.00990759045816958, "t_redis": 0.27767955930903554, "t_admit": 0.004832752980291843, "t_send": 0.005285296123474836, "t_iter": 0.2977051988709718, "admitted": 8, "iter_max": 0.0021653359290212393, "gpu_id": 0, "window_s": 5.009331226348877}
[2026-08-21 17:06:00.979 GPU_Scheduler_1] Admitted 1 requests for model_5
[2026-08-21 17:06:01.001 GPU_Scheduler_1] Admitted 2 requests for model_5
[2026-08-21 17:06:01.043 GPU_Scheduler_1] Admitted 1 requests for model_5
[2026-08-21 17:06:01.794 GPU_Scheduler_1] Admitted 1 requests for model_5
[2026-08-21 17:06:01.901 GPU_Scheduler_0] Admitted 1 requests for model_2
[2026-08-21 17:06:01.964 GPU_Scheduler_0] Admitted 1 requests for model_2
[2026-08-21 17:06:02.077 GPU_Scheduler_1] Admitted 1 requests for model_5
[2026-08-21 17:06:02.130 GPU_Scheduler_1] [V5-LOOP] {"iters": 476, "t_mem": 0.00984939793124795, "t_redis": 0.16858875495381653, "t_admit": 0.006259614368900657, "t_send": 0.015536756254732609, "t_iter": 0.20023452350869775, "admitted": 25, "iter_max": 0.0017711338587105274, "gpu_id": 1, "window_s": 5.0016930103302}
[2026-08-21 17:06:02.234 GPU_Scheduler_1] Admitted 1 requests for model_5
[2026-08-21 17:06:02.391 GPU_Scheduler_1] Admitted 1 requests for model_5
[2026-08-21 17:06:02.413 GPU_Scheduler_1] Admitted 1 requests for model_5
[2026-08-21 17:06:02.591 GPU_Scheduler_1] Admitted 1 requests for model_5
[2026-08-21 17:06:02.612 GPU_Scheduler_1] Admitted 1 requests for model_5
[2026-08-21 17:06:02.644 GPU_Scheduler_1] Admitted 2 requests for model_5
[2026-08-21 17:06:02.697 GPU_Scheduler_1] Admitted 1 requests for model_5
[2026-08-21 17:06:02.991 GPU_Scheduler_1] Admitted 1 requests for model_5
[2026-08-21 17:06:03.054 GPU_Scheduler_1] Admitted 1 requests for model_5
[2026-08-21 17:06:03.117 GPU_Scheduler_1] Admitted 1 requests for model_5
[2026-08-21 17:06:03.245 GPU_Scheduler_0] Admitted 1 requests for model_2
[2026-08-21 17:06:03.420 GPU_Scheduler_1] Admitted 1 requests for model_5
[2026-08-21 17:06:03.640 GPU_Scheduler_1] Admitted 2 requests for model_5
[2026-08-21 17:06:03.704 GPU_Scheduler_1] Admitted 1 requests for model_5
[2026-08-21 17:06:03.715 GPU_Scheduler_1] Admitted 1 requests for model_5
[2026-08-21 17:06:03.780 GPU_Scheduler_0] Admitted 1 requests for model_3
[2026-08-21 17:06:03.844 GPU_Scheduler_0] Admitted 1 requests for model_2
[2026-08-21 17:06:03.852 GPU_Scheduler_1] Admitted 1 requests for model_5
[2026-08-21 17:06:03.999 GPU_Scheduler_1] Admitted 1 requests for model_5
[2026-08-21 17:06:04.169 GPU_Scheduler_0] Admitted 1 requests for model_2
[2026-08-21 17:06:04.271 GPU_Scheduler_1] Admitted 1 requests for model_5
[2026-08-21 17:06:04.282 GPU_Scheduler_1] Admitted 1 requests for model_5
[2026-08-21 17:06:04.527 GPU_Scheduler_0] Admitted 1 requests for model_2
[2026-08-21 17:06:04.743 GPU_Scheduler_1] Admitted 1 requests for model_5
[2026-08-21 17:06:05.079 GPU_Scheduler_1] Admitted 1 requests for model_5
[2026-08-21 17:06:05.153 GPU_Scheduler_1] Admitted 1 requests for model_5
[2026-08-21 17:06:05.164 GPU_Scheduler_1] Admitted 1 requests for model_5
[2026-08-21 17:06:05.352 GPU_Scheduler_1] Admitted 1 requests for model_5
[2026-08-21 17:06:05.456 GPU_Scheduler_1] Admitted 1 requests for model_5
[2026-08-21 17:06:05.561 GPU_Scheduler_1] Admitted 1 requests for model_5
[2026-08-21 17:06:05.635 GPU_Scheduler_1] Admitted 1 requests for model_5
[2026-08-21 17:06:05.697 GPU_Scheduler_0] [V5-LOOP] {"iters": 477, "t_mem": 0.008054686710238457, "t_redis": 0.1774698756635189, "t_admit": 0.003857706906273961, "t_send": 0.0030897813849151134, "t_iter": 0.19247205066494644, "admitted": 7, "iter_max": 0.001136688981205225, "gpu_id": 0, "window_s": 5.002176523208618}
[2026-08-21 17:06:05.709 GPU_Scheduler_1] Admitted 1 requests for model_5
[2026-08-21 17:06:05.731 GPU_Scheduler_1] Admitted 1 requests for model_5
[2026-08-21 17:06:05.785 GPU_Scheduler_1] Admitted 1 requests for model_5
[2026-08-21 17:06:05.870 GPU_Scheduler_1] Admitted 1 requests for model_5
[2026-08-21 17:06:05.948 GPU_Scheduler_0] Admitted 1 requests for model_2
[2026-08-21 17:06:06.347 GPU_Scheduler_1] Admitted 1 requests for model_5
[2026-08-21 17:06:06.380 GPU_Scheduler_1] Admitted 1 requests for model_5
[2026-08-21 17:06:06.624 GPU_Scheduler_1] Admitted 1 requests for model_5
[2026-08-21 17:06:06.974 GPU_Scheduler_0] Admitted 1 requests for model_2
[2026-08-21 17:06:07.132 GPU_Scheduler_1] [V5-LOOP] {"iters": 475, "t_mem": 0.011948831379413605, "t_redis": 0.17044273717328906, "t_admit": 0.007241630693897605, "t_send": 0.020213465206325054, "t_iter": 0.20984666445292532, "admitted": 35, "iter_max": 0.0015089211519807577, "gpu_id": 1, "window_s": 5.001532554626465}
[2026-08-21 17:06:07.142 GPU_Scheduler_1] Admitted 1 requests for model_5
[2026-08-21 17:06:07.229 GPU_Scheduler_0] Admitted 1 requests for model_2
[2026-08-21 17:06:07.681 GPU_Scheduler_0] Admitted 1 requests for model_2
[2026-08-21 17:06:07.696 GPU_Scheduler_1] Admitted 1 requests for model_5
[2026-08-21 17:06:07.771 GPU_Scheduler_1] Admitted 1 requests for model_5
[2026-08-21 17:06:08.096 GPU_Scheduler_1] Admitted 1 requests for model_5
[2026-08-21 17:06:08.175 GPU_Scheduler_0] Admitted 1 requests for model_2
[2026-08-21 17:06:08.410 GPU_Scheduler_1] Admitted 1 requests for model_5
[2026-08-21 17:06:08.420 GPU_Scheduler_1] Admitted 1 requests for model_5
[2026-08-21 17:06:08.588 GPU_Scheduler_1] Admitted 1 requests for model_5
[2026-08-21 17:06:08.609 GPU_Scheduler_1] Admitted 1 requests for model_5
[2026-08-21 17:06:08.620 GPU_Scheduler_1] Admitted 1 requests for model_5
[2026-08-21 17:06:08.662 GPU_Scheduler_1] Admitted 1 requests for model_5
[2026-08-21 17:06:08.860 GPU_Scheduler_1] Admitted 1 requests for model_5
[2026-08-21 17:06:08.955 GPU_Scheduler_1] Admitted 1 requests for model_5
[2026-08-21 17:06:09.111 GPU_Scheduler_1] Admitted 1 requests for model_5
[2026-08-21 17:06:09.257 GPU_Scheduler_1] Admitted 1 requests for model_5
[2026-08-21 17:06:09.391 GPU_Scheduler_0] Admitted 1 requests for model_2
[2026-08-21 17:06:09.425 GPU_Scheduler_1] Admitted 1 requests for model_5
[2026-08-21 17:06:09.565 GPU_Scheduler_0] Admitted 1 requests for model_2
[2026-08-21 17:06:09.620 GPU_Scheduler_0] Admitted 1 requests for model_2
[2026-08-21 17:06:09.738 GPU_Scheduler_0] Admitted 1 requests for model_2
[2026-08-21 17:06:09.946 GPU_Scheduler_1] Admitted 1 requests for model_5
[2026-08-21 17:06:10.126 GPU_Scheduler_1] Admitted 1 requests for model_5
[2026-08-21 17:06:10.169 GPU_Scheduler_1] Admitted 1 requests for model_5
[2026-08-21 17:06:10.288 GPU_Scheduler_1] Admitted 1 requests for model_5
[2026-08-21 17:06:10.305 GPU_Scheduler_0] Admitted 1 requests for model_3
[2026-08-21 17:06:10.358 GPU_Scheduler_0] Admitted 1 requests for model_2
[2026-08-21 17:06:10.498 GPU_Scheduler_1] Admitted 1 requests for model_5
[2026-08-21 17:06:10.563 GPU_Scheduler_1] Admitted 1 requests for model_5
[2026-08-21 17:06:10.616 GPU_Scheduler_1] Admitted 1 requests for model_5
[2026-08-21 17:06:10.699 GPU_Scheduler_0] [V5-LOOP] {"iters": 461, "t_mem": 0.009836047422140837, "t_redis": 0.32418920029886067, "t_admit": 0.006254729116335511, "t_send": 0.008019954897463322, "t_iter": 0.34829993173480034, "admitted": 11, "iter_max": 0.002603840082883835, "gpu_id": 0, "window_s": 5.001636266708374}
[2026-08-21 17:06:10.746 GPU_Scheduler_1] Admitted 1 requests for model_5
[2026-08-21 17:06:10.788 GPU_Scheduler_1] Admitted 1 requests for model_5
[2026-08-21 17:06:10.936 GPU_Scheduler_1] Admitted 1 requests for model_5
[2026-08-21 17:06:10.968 GPU_Scheduler_1] Admitted 1 requests for model_5
[2026-08-21 17:06:11.052 GPU_Scheduler_1] Admitted 1 requests for model_5
[2026-08-21 17:06:11.126 GPU_Scheduler_1] Admitted 1 requests for model_5
[2026-08-21 17:06:11.137 GPU_Scheduler_1] Admitted 1 requests for model_5
[2026-08-21 17:06:11.159 GPU_Scheduler_1] Admitted 1 requests for model_5
[2026-08-21 17:06:11.454 GPU_Scheduler_1] Admitted 1 requests for model_5
[2026-08-21 17:06:11.549 GPU_Scheduler_1] Admitted 1 requests for model_5
[2026-08-21 17:06:11.686 GPU_Scheduler_1] Admitted 1 requests for model_5
[2026-08-21 17:06:11.771 GPU_Scheduler_1] Admitted 1 requests for model_5
[2026-08-21 17:06:11.960 GPU_Scheduler_1] Admitted 1 requests for model_5
[2026-08-21 17:06:12.024 GPU_Scheduler_1] Admitted 1 requests for model_5
[2026-08-21 17:06:12.098 GPU_Scheduler_1] Admitted 1 requests for model_5
[2026-08-21 17:06:12.125 GPU_Scheduler_0] Admitted 1 requests for model_2
[2026-08-21 17:06:12.142 GPU_Scheduler_1] [V5-LOOP] {"iters": 475, "t_mem": 0.011800575768575072, "t_redis": 0.17296308814547956, "t_admit": 0.00799975311383605, "t_send": 0.022914035711437464, "t_iter": 0.21567745273932815, "admitted": 37, "iter_max": 0.00416817213408649, "gpu_id": 1, "window_s": 5.010000228881836}
[2026-08-21 17:06:12.173 GPU_Scheduler_1] Admitted 1 requests for model_5
[2026-08-21 17:06:12.286 GPU_Scheduler_0] Admitted 1 requests for model_3
[2026-08-21 17:06:12.311 GPU_Scheduler_1] Admitted 1 requests for model_5
[2026-08-21 17:06:12.364 GPU_Scheduler_1] Admitted 1 requests for model_5
[2026-08-21 17:06:12.407 GPU_Scheduler_1] Admitted 1 requests for model_5
[2026-08-21 17:06:12.470 GPU_Scheduler_1] Admitted 1 requests for model_5
[2026-08-21 17:06:12.586 GPU_Scheduler_1] Admitted 1 requests for model_5
[2026-08-21 17:06:12.744 GPU_Scheduler_1] Admitted 1 requests for model_5
[2026-08-21 17:06:12.797 GPU_Scheduler_1] Admitted 1 requests for model_5
[2026-08-21 17:06:12.903 GPU_Scheduler_1] Admitted 1 requests for model_5
[2026-08-21 17:06:13.040 GPU_Scheduler_1] Admitted 1 requests for model_5
[2026-08-21 17:06:13.124 GPU_Scheduler_1] Admitted 2 requests for model_5
[2026-08-21 17:06:13.135 GPU_Scheduler_1] Admitted 1 requests for model_5
[2026-08-21 17:06:13.185 GPU_Scheduler_0] Admitted 1 requests for model_2
[2026-08-21 17:06:13.281 GPU_Scheduler_1] Admitted 1 requests for model_5
[2026-08-21 17:06:13.292 GPU_Scheduler_1] Admitted 1 requests for model_5
[2026-08-21 17:06:13.344 GPU_Scheduler_1] Admitted 1 requests for model_5
[2026-08-21 17:06:13.365 GPU_Scheduler_1] Admitted 1 requests for model_5
[2026-08-21 17:06:13.427 GPU_Scheduler_1] Admitted 1 requests for model_5
[2026-08-21 17:06:13.438 GPU_Scheduler_1] Admitted 1 requests for model_5
[2026-08-21 17:06:13.459 GPU_Scheduler_1] Admitted 1 requests for model_5
[2026-08-21 17:06:13.769 GPU_Scheduler_1] Admitted 1 requests for model_5
[2026-08-21 17:06:13.889 GPU_Scheduler_0] Admitted 1 requests for model_2
[2026-08-21 17:06:13.895 GPU_Scheduler_1] Admitted 1 requests for model_5
[2026-08-21 17:06:13.988 GPU_Scheduler_0] Admitted 1 requests for model_2
[2026-08-21 17:06:14.124 GPU_Scheduler_1] Admitted 1 requests for model_5
[2026-08-21 17:06:14.146 GPU_Scheduler_1] Admitted 1 requests for model_5
[2026-08-21 17:06:14.167 GPU_Scheduler_1] Admitted 1 requests for model_5
[2026-08-21 17:06:14.208 GPU_Scheduler_0] Admitted 1 requests for model_2
[2026-08-21 17:06:14.219 GPU_Scheduler_1] Admitted 1 requests for model_5
[2026-08-21 17:06:14.348 GPU_Scheduler_0] Admitted 1 requests for model_3
[2026-08-21 17:06:14.578 GPU_Scheduler_1] Admitted 2 requests for model_5
[2026-08-21 17:06:14.653 GPU_Scheduler_1] Admitted 1 requests for model_5
[2026-08-21 17:06:14.716 GPU_Scheduler_1] Admitted 1 requests for model_5
[2026-08-21 17:06:14.831 GPU_Scheduler_0] Admitted 1 requests for model_2
[2026-08-21 17:06:15.035 GPU_Scheduler_0] Admitted 1 requests for model_3
[2026-08-21 17:06:15.225 GPU_Scheduler_1] Admitted 1 requests for model_5
[2026-08-21 17:06:15.382 GPU_Scheduler_1] Admitted 1 requests for model_5
[2026-08-21 17:06:15.393 GPU_Scheduler_1] Admitted 1 requests for model_5
[2026-08-21 17:06:15.404 GPU_Scheduler_1] Admitted 1 requests for model_5
[2026-08-21 17:06:15.455 GPU_Scheduler_0] Admitted 1 requests for model_2
[2026-08-21 17:06:15.499 GPU_Scheduler_1] Admitted 1 requests for model_5
[2026-08-21 17:06:15.703 GPU_Scheduler_0] [V5-LOOP] {"iters": 465, "t_mem": 0.011341177392750978, "t_redis": 0.2845895553473383, "t_admit": 0.006406146800145507, "t_send": 0.008503490127623081, "t_iter": 0.3108403696678579, "admitted": 10, "iter_max": 0.003999161068350077, "gpu_id": 0, "window_s": 5.003381013870239}
[2026-08-21 17:06:15.773 GPU_Scheduler_1] Admitted 1 requests for model_5
[2026-08-21 17:06:15.821 GPU_Scheduler_0] Admitted 1 requests for model_2
[2026-08-21 17:06:15.994 GPU_Scheduler_1] Admitted 1 requests for model_5
[2026-08-21 17:06:16.026 GPU_Scheduler_1] Admitted 1 requests for model_5
[2026-08-21 17:06:16.204 GPU_Scheduler_1] Admitted 1 requests for model_5
[2026-08-21 17:06:16.278 GPU_Scheduler_1] Admitted 1 requests for model_5
[2026-08-21 17:06:16.353 GPU_Scheduler_1] Admitted 1 requests for model_5
[2026-08-21 17:06:16.489 GPU_Scheduler_1] Admitted 1 requests for model_5
[2026-08-21 17:06:16.511 GPU_Scheduler_1] Admitted 1 requests for model_5
[2026-08-21 17:06:16.532 GPU_Scheduler_1] Admitted 1 requests for model_5
[2026-08-21 17:06:16.552 GPU_Scheduler_0] Admitted 1 requests for model_2
[2026-08-21 17:06:16.670 GPU_Scheduler_0] Admitted 2 requests for model_2
[2026-08-21 17:06:16.712 GPU_Scheduler_1] Admitted 1 requests for model_5
[2026-08-21 17:06:16.974 GPU_Scheduler_1] Admitted 1 requests for model_5
[2026-08-21 17:06:17.012 GPU_Scheduler_0] Admitted 1 requests for model_2
[2026-08-21 17:06:17.077 GPU_Scheduler_0] Admitted 1 requests for model_2
[2026-08-21 17:06:17.152 GPU_Scheduler_1] [V5-LOOP] {"iters": 476, "t_mem": 0.011392117012292147, "t_redis": 0.16323457355611026, "t_admit": 0.0076831982005387545, "t_send": 0.02495309803634882, "t_iter": 0.20726298680528998, "admitted": 46, "iter_max": 0.001705012982711196, "gpu_id": 1, "window_s": 5.010168075561523}
[2026-08-21 17:06:17.205 GPU_Scheduler_1] Admitted 1 requests for model_5
[2026-08-21 17:06:17.247 GPU_Scheduler_1] Admitted 1 requests for model_5
[2026-08-21 17:06:17.477 GPU_Scheduler_1] Admitted 1 requests for model_5
[2026-08-21 17:06:17.561 GPU_Scheduler_1] Admitted 1 requests for model_5
[2026-08-21 17:06:17.589 GPU_Scheduler_0] Admitted 1 requests for model_2
[2026-08-21 17:06:17.853 GPU_Scheduler_1] Admitted 1 requests for model_5
[2026-08-21 17:06:17.889 GPU_Scheduler_0] Admitted 1 requests for model_2
[2026-08-21 17:06:17.986 GPU_Scheduler_0] Admitted 1 requests for model_2
[2026-08-21 17:06:18.021 GPU_Scheduler_1] Admitted 1 requests for model_5
[2026-08-21 17:06:18.158 GPU_Scheduler_1] Admitted 1 requests for model_5
[2026-08-21 17:06:18.622 GPU_Scheduler_1] Admitted 1 requests for model_5
[2026-08-21 17:06:19.084 GPU_Scheduler_1] Admitted 1 requests for model_5
[2026-08-21 17:06:19.127 GPU_Scheduler_1] Admitted 1 requests for model_5
[2026-08-21 17:06:19.140 GPU_Scheduler_0] Admitted 1 requests for model_2
[2026-08-21 17:06:19.285 GPU_Scheduler_1] Admitted 1 requests for model_5
[2026-08-21 17:06:19.463 GPU_Scheduler_1] Admitted 1 requests for model_5
[2026-08-21 17:06:19.482 GPU_Scheduler_0] Admitted 1 requests for model_2
[2026-08-21 17:06:19.672 GPU_Scheduler_1] Admitted 1 requests for model_5
[2026-08-21 17:06:19.902 GPU_Scheduler_1] Admitted 1 requests for model_5
[2026-08-21 17:06:19.910 GPU_Scheduler_0] Admitted 1 requests for model_2
[2026-08-21 17:06:20.312 GPU_Scheduler_1] Admitted 1 requests for model_5
[2026-08-21 17:06:20.396 GPU_Scheduler_1] Admitted 1 requests for model_5
[2026-08-21 17:06:20.709 GPU_Scheduler_0] [V5-LOOP] {"iters": 467, "t_mem": 0.009119684575125575, "t_redis": 0.2717625144869089, "t_admit": 0.005469695432111621, "t_send": 0.007468776777386665, "t_iter": 0.2938206712715328, "admitted": 12, "iter_max": 0.0016972031444311142, "gpu_id": 0, "window_s": 5.005395889282227}
[2026-08-21 17:06:20.878 GPU_Scheduler_1] Admitted 1 requests for model_5
[2026-08-21 17:06:20.889 GPU_Scheduler_1] Admitted 1 requests for model_5
[2026-08-21 17:06:20.995 GPU_Scheduler_1] Admitted 1 requests for model_5
[2026-08-21 17:06:21.006 GPU_Scheduler_1] Admitted 1 requests for model_5
[2026-08-21 17:06:21.437 GPU_Scheduler_1] Admitted 1 requests for model_5
[2026-08-21 17:06:21.626 GPU_Scheduler_1] Admitted 1 requests for model_5
[2026-08-21 17:06:21.762 GPU_Scheduler_1] Admitted 1 requests for model_5
[2026-08-21 17:06:21.773 GPU_Scheduler_1] Admitted 1 requests for model_5
[2026-08-21 17:06:22.156 GPU_Scheduler_1] [V5-LOOP] {"iters": 477, "t_mem": 0.011008587898686528, "t_redis": 0.15907229506410658, "t_admit": 0.006553113926202059, "t_send": 0.014983360189944506, "t_iter": 0.19161735707893968, "admitted": 24, "iter_max": 0.0013337398413568735, "gpu_id": 1, "window_s": 5.003642559051514}
[2026-08-21 17:06:22.167 GPU_Scheduler_1] Admitted 1 requests for model_5
[2026-08-21 17:06:22.188 GPU_Scheduler_1] Admitted 1 requests for model_5
[2026-08-21 17:06:22.251 GPU_Scheduler_1] Admitted 1 requests for model_5
[2026-08-21 17:06:22.676 GPU_Scheduler_1] Admitted 1 requests for model_5
[2026-08-21 17:06:22.719 GPU_Scheduler_1] Admitted 1 requests for model_5
[2026-08-21 17:06:23.084 GPU_Scheduler_1] Admitted 1 requests for model_5
[2026-08-21 17:06:23.303 GPU_Scheduler_1] Admitted 1 requests for model_5
[2026-08-21 17:06:23.470 GPU_Scheduler_1] Admitted 1 requests for model_5
[2026-08-21 17:06:23.533 GPU_Scheduler_0] Admitted 1 requests for model_3
[2026-08-21 17:06:23.948 GPU_Scheduler_1] Admitted 1 requests for model_5
[2026-08-21 17:06:23.980 GPU_Scheduler_1] Admitted 1 requests for model_5
[2026-08-21 17:06:24.483 GPU_Scheduler_1] Admitted 1 requests for model_5
[2026-08-21 17:06:24.702 GPU_Scheduler_1] Admitted 1 requests for model_5
[2026-08-21 17:06:24.796 GPU_Scheduler_1] Admitted 1 requests for model_5
[2026-08-21 17:06:25.008 GPU_Scheduler_0] Admitted 1 requests for model_2
[2026-08-21 17:06:25.068 GPU_Scheduler_1] Admitted 1 requests for model_5
[2026-08-21 17:06:25.226 GPU_Scheduler_1] Admitted 1 requests for model_5
[2026-08-21 17:06:25.311 GPU_Scheduler_1] Admitted 1 requests for model_5
[2026-08-21 17:06:25.490 GPU_Scheduler_1] Admitted 1 requests for model_5
[2026-08-21 17:06:25.717 GPU_Scheduler_0] [V5-LOOP] {"iters": 465, "t_mem": 0.012507851468399167, "t_redis": 0.29417141270823777, "t_admit": 0.005455068312585354, "t_send": 0.0020887309219688177, "t_iter": 0.3142230634111911, "admitted": 2, "iter_max": 0.002208096906542778, "gpu_id": 0, "window_s": 5.007370948791504}
[2026-08-21 17:06:25.819 GPU_Scheduler_1] Admitted 1 requests for model_5
[2026-08-21 17:06:25.908 GPU_Scheduler_0] Admitted 1 requests for model_2
[2026-08-21 17:06:25.963 GPU_Scheduler_0] Admitted 1 requests for model_2
[2026-08-21 17:06:26.144 GPU_Scheduler_0] Admitted 1 requests for model_3
[2026-08-21 17:06:26.370 GPU_Scheduler_0] Admitted 1 requests for model_3
[2026-08-21 17:06:26.446 GPU_Scheduler_0] Admitted 1 requests for model_3
[2026-08-21 17:06:26.596 GPU_Scheduler_0] Admitted 1 requests for model_3
[2026-08-21 17:06:26.683 GPU_Scheduler_0] Admitted 1 requests for model_3
[2026-08-21 17:06:26.930 GPU_Scheduler_0] Admitted 1 requests for model_3
[2026-08-21 17:06:27.160 GPU_Scheduler_1] [V5-LOOP] {"iters": 478, "t_mem": 0.01233424968086183, "t_redis": 0.1526651969179511, "t_admit": 0.0063051467295736074, "t_send": 0.009213999845087528, "t_iter": 0.18051859317347407, "admitted": 18, "iter_max": 0.0011745891533792019, "gpu_id": 1, "window_s": 5.003905534744263}
[2026-08-21 17:06:27.164 GPU_Scheduler_0] Admitted 1 requests for model_3
[2026-08-21 17:06:28.104 GPU_Scheduler_0] Admitted 1 requests for model_3
[2026-08-21 17:06:28.211 GPU_Scheduler_0] Admitted 1 requests for model_3
[2026-08-21 17:06:29.013 GPU_Scheduler_0] Admitted 1 requests for model_3
[2026-08-21 17:06:29.184 GPU_Scheduler_0] Admitted 1 requests for model_3
[2026-08-21 17:06:29.661 GPU_Scheduler_0] Received activate request for model model_1
[2026-08-21 17:06:29.661 GPU_Scheduler_0] Received activate request for model_1, model_states: {'model_1': 'activating', 'model_2': 'activated', 'model_3': 'activated', 'model_4': 'deactivated', 'model_5': 'deactivated', 'model_6': 'deactivated'}
[2026-08-21 17:06:29.661 GPU_Scheduler_0] Assign worker 0 to model_1. Current model_to_worker: {'model_3': 2, 'model_2': 3, 'model_1': 0}
[2026-08-21 17:06:29.665 GPU_Scheduler_0] Admitted 12 requests for model_1
[2026-08-21 17:06:30.719 GPU_Scheduler_0] [V5-LOOP] {"iters": 464, "t_mem": 0.010205966420471668, "t_redis": 0.2906312628183514, "t_admit": 0.006105180364102125, "t_send": 0.011825492372736335, "t_iter": 0.3187679019756615, "admitted": 25, "iter_max": 0.004813686944544315, "gpu_id": 0, "window_s": 5.001819849014282}
[2026-08-21 17:06:30.949 GPU_Scheduler_0] Model model_1 (instance 0) activation succeeded on GPU 0
[2026-08-21 17:06:30.952 GPU_Scheduler_0] Admitted 5 requests for model_1
[2026-08-21 17:06:30.954 GPU_Scheduler_0] Received activate request for model model_6
[2026-08-21 17:06:30.954 GPU_Scheduler_0] Received activate request for model_6, model_states: {'model_1': 'activated', 'model_2': 'activated', 'model_3': 'activated', 'model_4': 'deactivated', 'model_5': 'deactivated', 'model_6': 'activating'}
[2026-08-21 17:06:30.954 GPU_Scheduler_0] Assign worker 1 to model_6. Current model_to_worker: {'model_3': 2, 'model_2': 3, 'model_1': 0, 'model_6': 1}
[2026-08-21 17:06:30.965 GPU_Scheduler_0] Admitted 14 requests for model_6
[2026-08-21 17:06:31.208 GPU_Scheduler_0] Admitted 1 requests for model_1
[2026-08-21 17:06:31.390 GPU_Scheduler_0] Admitted 1 requests for model_1
[2026-08-21 17:06:31.413 GPU_Scheduler_0] Admitted 1 requests for model_3
[2026-08-21 17:06:31.856 GPU_Scheduler_0] Admitted 1 requests for model_1
[2026-08-21 17:06:31.936 GPU_Scheduler_0] Admitted 1 requests for model_1
[2026-08-21 17:06:31.970 GPU_Scheduler_0] Admitted 1 requests for model_3
[2026-08-21 17:06:32.104 GPU_Scheduler_0] Model model_6 (instance 0) activation succeeded on GPU 0
[2026-08-21 17:06:32.106 GPU_Scheduler_0] Admitted 4 requests for model_6
[2026-08-21 17:06:32.130 GPU_Scheduler_0] Admitted 1 requests for model_6
[2026-08-21 17:06:32.142 GPU_Scheduler_0] Admitted 1 requests for model_6
[2026-08-21 17:06:32.164 GPU_Scheduler_1] [V5-LOOP] {"iters": 476, "t_mem": 0.013290484203025699, "t_redis": 0.1779248178936541, "t_admit": 0.005135948769748211, "t_send": 0.0007686475291848183, "t_iter": 0.19711989839561284, "admitted": 0, "iter_max": 0.001655082916840911, "gpu_id": 1, "window_s": 5.00310492515564}
[2026-08-21 17:06:32.246 GPU_Scheduler_0] Admitted 1 requests for model_6
[2026-08-21 17:06:33.072 GPU_Scheduler_0] Admitted 1 requests for model_1
[2026-08-21 17:06:33.118 GPU_Scheduler_0] Admitted 1 requests for model_6
[2026-08-21 17:06:33.288 GPU_Scheduler_0] Admitted 1 requests for model_1
[2026-08-21 17:06:33.457 GPU_Scheduler_0] Admitted 1 requests for model_6
[2026-08-21 17:06:33.548 GPU_Scheduler_0] Admitted 1 requests for model_1
[2026-08-21 17:06:33.796 GPU_Scheduler_0] Admitted 1 requests for model_6
[2026-08-21 17:06:33.887 GPU_Scheduler_0] Admitted 1 requests for model_6
[2026-08-21 17:06:33.933 GPU_Scheduler_0] Admitted 1 requests for model_3
[2026-08-21 17:06:33.956 GPU_Scheduler_0] Admitted 1 requests for model_3
[2026-08-21 17:06:34.025 GPU_Scheduler_0] Admitted 1 requests for model_3
[2026-08-21 17:06:34.070 GPU_Scheduler_0] Admitted 1 requests for model_6
[2026-08-21 17:06:34.366 GPU_Scheduler_0] Admitted 1 requests for model_6
[2026-08-21 17:06:34.546 GPU_Scheduler_0] Admitted 1 requests for model_6
[2026-08-21 17:06:34.671 GPU_Scheduler_0] Admitted 1 requests for model_6
[2026-08-21 17:06:35.100 GPU_Scheduler_0] Admitted 1 requests for model_3
[2026-08-21 17:06:35.428 GPU_Scheduler_0] Admitted 1 requests for model_1
[2026-08-21 17:06:35.495 GPU_Scheduler_0] Admitted 1 requests for model_3
[2026-08-21 17:06:35.721 GPU_Scheduler_0] [V5-LOOP] {"iters": 441, "t_mem": 0.011224581394344568, "t_redis": 0.5064609413966537, "t_admit": 0.008677791571244597, "t_send": 0.02517714351415634, "t_iter": 0.5515404578763992, "admitted": 49, "iter_max": 0.0057389140129089355, "gpu_id": 0, "window_s": 5.0024254322052}
[2026-08-21 17:06:35.935 GPU_Scheduler_0] Admitted 1 requests for model_3
[2026-08-21 17:06:35.947 GPU_Scheduler_0] Admitted 1 requests for model_1
[2026-08-21 17:06:36.129 GPU_Scheduler_0] Admitted 1 requests for model_3
[2026-08-21 17:06:36.175 GPU_Scheduler_0] Admitted 1 requests for model_3
[2026-08-21 17:06:36.230 GPU_Scheduler_0] Admitted 1 requests for model_1
[2026-08-21 17:06:36.252 GPU_Scheduler_0] Admitted 1 requests for model_1
[2026-08-21 17:06:36.531 GPU_Scheduler_0] Admitted 1 requests for model_6
[2026-08-21 17:06:36.768 GPU_Scheduler_0] Admitted 1 requests for model_6
[2026-08-21 17:06:36.780 GPU_Scheduler_0] Admitted 1 requests for model_6
[2026-08-21 17:06:36.826 GPU_Scheduler_0] Admitted 1 requests for model_3
[2026-08-21 17:06:36.826 GPU_Scheduler_0] Admitted 1 requests for model_6
[2026-08-21 17:06:36.861 GPU_Scheduler_0] Admitted 1 requests for model_3
[2026-08-21 17:06:36.931 GPU_Scheduler_0] Admitted 1 requests for model_3
[2026-08-21 17:06:36.954 GPU_Scheduler_0] Admitted 1 requests for model_6
[2026-08-21 17:06:37.000 GPU_Scheduler_0] Admitted 1 requests for model_6
[2026-08-21 17:06:37.023 GPU_Scheduler_0] Admitted 1 requests for model_1
[2026-08-21 17:06:37.169 GPU_Scheduler_1] [V5-LOOP] {"iters": 478, "t_mem": 0.010757772950455546, "t_redis": 0.16526278387755156, "t_admit": 0.004257107153534889, "t_send": 0.0006776349619030952, "t_iter": 0.1809552989434451, "admitted": 0, "iter_max": 0.0010438580065965652, "gpu_id": 1, "window_s": 5.004194259643555}
[2026-08-21 17:06:37.216 GPU_Scheduler_0] Admitted 1 requests for model_1
[2026-08-21 17:06:37.352 GPU_Scheduler_0] Admitted 1 requests for model_6
[2026-08-21 17:06:37.421 GPU_Scheduler_0] Admitted 1 requests for model_6
[2026-08-21 17:06:37.467 GPU_Scheduler_0] Admitted 1 requests for model_3
[2026-08-21 17:06:37.762 GPU_Scheduler_0] Admitted 1 requests for model_3
[2026-08-21 17:06:38.035 GPU_Scheduler_0] Admitted 1 requests for model_6
[2026-08-21 17:06:38.386 GPU_Scheduler_0] Admitted 1 requests for model_6
[2026-08-21 17:06:38.421 GPU_Scheduler_0] Admitted 1 requests for model_6
[2026-08-21 17:06:38.929 GPU_Scheduler_0] Admitted 1 requests for model_6
[2026-08-21 17:06:38.975 GPU_Scheduler_0] Admitted 1 requests for model_6
[2026-08-21 17:06:39.112 GPU_Scheduler_0] Admitted 1 requests for model_6
[2026-08-21 17:06:39.282 GPU_Scheduler_0] Admitted 1 requests for model_3
[2026-08-21 17:06:39.667 GPU_Scheduler_0] Admitted 1 requests for model_6
[2026-08-21 17:06:39.749 GPU_Scheduler_1] Received activate request for model model_2
[2026-08-21 17:06:39.749 GPU_Scheduler_1] Received activate request for model_2, model_states: {'model_1': 'deactivated', 'model_2': 'preparing', 'model_3': 'deactivated', 'model_4': 'deactivated', 'model_5': 'activated', 'model_6': 'deactivated'}
[2026-08-21 17:06:39.749 GPU_Scheduler_1] Assign worker 3 to model_2. Current model_to_worker: {'model_5': 1, 'model_2': 3}
[2026-08-21 17:06:39.787 GPU_Scheduler_0] Admitted 1 requests for model_6
[2026-08-21 17:06:40.128 GPU_Scheduler_0] Admitted 1 requests for model_1
[2026-08-21 17:06:40.248 GPU_Scheduler_0] Admitted 1 requests for model_3
[2026-08-21 17:06:40.442 GPU_Scheduler_0] Admitted 1 requests for model_6
[2026-08-21 17:06:40.617 GPU_Scheduler_0] Admitted 1 requests for model_6
[2026-08-21 17:06:40.661 GPU_Scheduler_0] Admitted 1 requests for model_1
[2026-08-21 17:06:40.728 GPU_Scheduler_0] [V5-LOOP] {"iters": 446, "t_mem": 0.011109544895589352, "t_redis": 0.46898323483765125, "t_admit": 0.00708736153319478, "t_send": 0.01999357878230512, "t_iter": 0.5071737200487405, "admitted": 35, "iter_max": 0.002502109855413437, "gpu_id": 0, "window_s": 5.006825685501099}
[2026-08-21 17:06:40.751 GPU_Scheduler_0] Admitted 1 requests for model_3
[2026-08-21 17:06:40.762 GPU_Scheduler_0] Admitted 1 requests for model_1
[2026-08-21 17:06:40.952 GPU_Scheduler_0] Admitted 1 requests for model_1
[2026-08-21 17:06:40.964 GPU_Scheduler_0] Admitted 1 requests for model_6
[2026-08-21 17:06:41.123 GPU_Scheduler_0] Admitted 1 requests for model_3
[2026-08-21 17:06:41.302 GPU_Scheduler_1] Model model_2 (instance 1) activation succeeded on GPU 1
[2026-08-21 17:06:41.308 GPU_Scheduler_0] Received deactivate request for model model_2
[2026-08-21 17:06:41.309 GPU_Scheduler_0] Received deactivate request for model_2, model_states: {'model_1': 'activated', 'model_2': 'deactivating', 'model_3': 'activated', 'model_4': 'deactivated', 'model_5': 'deactivated', 'model_6': 'activated'}
[2026-08-21 17:06:41.309 GPU_Scheduler_0] Release worker 3 from model model_2. Current model_to_worker: {'model_3': 2, 'model_1': 0, 'model_6': 1}
[2026-08-21 17:06:41.449 GPU_Scheduler_0] Admitted 1 requests for model_6
[2026-08-21 17:06:41.621 GPU_Scheduler_0] Admitted 1 requests for model_3
[2026-08-21 17:06:41.643 GPU_Scheduler_0] Admitted 1 requests for model_6
[2026-08-21 17:06:41.655 GPU_Scheduler_0] Admitted 1 requests for model_1
[2026-08-21 17:06:41.700 GPU_Scheduler_0] Admitted 1 requests for model_6
[2026-08-21 17:06:41.712 GPU_Scheduler_0] Admitted 1 requests for model_1
[2026-08-21 17:06:41.825 GPU_Scheduler_0] Admitted 1 requests for model_3
[2026-08-21 17:06:41.860 GPU_Scheduler_0] Admitted 1 requests for model_6
[2026-08-21 17:06:41.875 GPU_Scheduler_0] Model model_2 (instance 0) deactivation succeeded on GPU 0
[2026-08-21 17:06:41.880 GPU_Scheduler_1] Received activate request for model model_2
[2026-08-21 17:06:41.881 GPU_Scheduler_1] Received activate request for model_2, model_states: {'model_1': 'deactivated', 'model_2': 'committing', 'model_3': 'deactivated', 'model_4': 'deactivated', 'model_5': 'activated', 'model_6': 'deactivated'}
[2026-08-21 17:06:41.881 GPU_Scheduler_1] [PAPER-OVERLAP-V6] commit dispatched model=model_2 gpu=1 worker=3
[2026-08-21 17:06:41.886 GPU_Scheduler_1] Model model_2 (instance 1) activation succeeded on GPU 1
[2026-08-21 17:06:42.171 GPU_Scheduler_0] Admitted 1 requests for model_3
[2026-08-21 17:06:42.176 GPU_Scheduler_1] [V5-LOOP] {"iters": 476, "t_mem": 0.012610050849616528, "t_redis": 0.1842091861180961, "t_admit": 0.004707865184172988, "t_send": 0.0007126147393137217, "t_iter": 0.20223971689119935, "admitted": 0, "iter_max": 0.003263534978032112, "gpu_id": 1, "window_s": 5.007087230682373}
[2026-08-21 17:06:42.306 GPU_Scheduler_0] Admitted 1 requests for model_3
[2026-08-21 17:06:42.475 GPU_Scheduler_0] Admitted 1 requests for model_6
[2026-08-21 17:06:42.650 GPU_Scheduler_0] Admitted 1 requests for model_6
[2026-08-21 17:06:42.662 GPU_Scheduler_0] Admitted 1 requests for model_6
[2026-08-21 17:06:42.728 GPU_Scheduler_0] Admitted 1 requests for model_6
[2026-08-21 17:06:42.751 GPU_Scheduler_0] Admitted 1 requests for model_6
[2026-08-21 17:06:42.762 GPU_Scheduler_0] Admitted 1 requests for model_1
[2026-08-21 17:06:42.774 GPU_Scheduler_0] Admitted 1 requests for model_3
[2026-08-21 17:06:42.973 GPU_Scheduler_0] Admitted 1 requests for model_6
[2026-08-21 17:06:43.083 GPU_Scheduler_0] Admitted 1 requests for model_3
[2026-08-21 17:06:43.353 GPU_Scheduler_0] Admitted 1 requests for model_6
[2026-08-21 17:06:43.421 GPU_Scheduler_0] Admitted 1 requests for model_1
[2026-08-21 17:06:43.590 GPU_Scheduler_0] Admitted 1 requests for model_6
[2026-08-21 17:06:43.802 GPU_Scheduler_0] Admitted 1 requests for model_6
[2026-08-21 17:06:43.813 GPU_Scheduler_0] Admitted 1 requests for model_6
[2026-08-21 17:06:43.982 GPU_Scheduler_0] Admitted 1 requests for model_1
[2026-08-21 17:06:44.093 GPU_Scheduler_0] Admitted 1 requests for model_6
[2026-08-21 17:06:44.181 GPU_Scheduler_0] Admitted 1 requests for model_3
[2026-08-21 17:06:44.268 GPU_Scheduler_0] Admitted 1 requests for model_6
[2026-08-21 17:06:44.347 GPU_Scheduler_0] Admitted 1 requests for model_6
[2026-08-21 17:06:44.411 GPU_Scheduler_0] Admitted 1 requests for model_1
[2026-08-21 17:06:44.668 GPU_Scheduler_0] Admitted 1 requests for model_3
[2026-08-21 17:06:44.808 GPU_Scheduler_0] Admitted 1 requests for model_3
[2026-08-21 17:06:44.990 GPU_Scheduler_0] Admitted 1 requests for model_3
[2026-08-21 17:06:45.097 GPU_Scheduler_0] Admitted 1 requests for model_3
[2026-08-21 17:06:45.322 GPU_Scheduler_0] Admitted 1 requests for model_6
[2026-08-21 17:06:45.729 GPU_Scheduler_0] [V5-LOOP] {"iters": 452, "t_mem": 0.010701645631343126, "t_redis": 0.39940326986834407, "t_admit": 0.007396981120109558, "t_send": 0.021602084394544363, "t_iter": 0.4391039810143411, "admitted": 40, "iter_max": 0.0025208189617842436, "gpu_id": 0, "window_s": 5.000216484069824}
[2026-08-21 17:06:45.847 GPU_Scheduler_0] Admitted 1 requests for model_6
[2026-08-21 17:06:45.987 GPU_Scheduler_0] Admitted 1 requests for model_3
[2026-08-21 17:06:46.307 GPU_Scheduler_0] Admitted 1 requests for model_6
[2026-08-21 17:06:46.383 GPU_Scheduler_0] Admitted 1 requests for model_6
[2026-08-21 17:06:46.618 GPU_Scheduler_0] Admitted 1 requests for model_6
[2026-08-21 17:06:46.639 GPU_Scheduler_0] Admitted 1 requests for model_6
[2026-08-21 17:06:46.693 GPU_Scheduler_0] Admitted 1 requests for model_1
[2026-08-21 17:06:46.758 GPU_Scheduler_0] Admitted 1 requests for model_3
[2026-08-21 17:06:46.779 GPU_Scheduler_0] Admitted 1 requests for model_1
[2026-08-21 17:06:46.876 GPU_Scheduler_0] Admitted 1 requests for model_1
[2026-08-21 17:06:46.984 GPU_Scheduler_0] Admitted 1 requests for model_1
[2026-08-21 17:06:47.006 GPU_Scheduler_0] Admitted 1 requests for model_3
[2026-08-21 17:06:47.049 GPU_Scheduler_0] Admitted 1 requests for model_1
[2026-08-21 17:06:47.113 GPU_Scheduler_0] Admitted 1 requests for model_3
[2026-08-21 17:06:47.177 GPU_Scheduler_1] [V5-LOOP] {"iters": 466, "t_mem": 0.010429837042465806, "t_redis": 0.2843406870961189, "t_admit": 0.004263889277353883, "t_send": 0.00064275530166924, "t_iter": 0.29967716871760786, "admitted": 0, "iter_max": 0.0012730290181934834, "gpu_id": 1, "window_s": 5.000847578048706}
[2026-08-21 17:06:47.274 GPU_Scheduler_0] Admitted 1 requests for model_6
[2026-08-21 17:06:47.370 GPU_Scheduler_0] Admitted 1 requests for model_3
[2026-08-21 17:06:47.618 GPU_Scheduler_0] Admitted 1 requests for model_1
[2026-08-21 17:06:47.767 GPU_Scheduler_0] Admitted 1 requests for model_6
[2026-08-21 17:06:48.060 GPU_Scheduler_0] Admitted 1 requests for model_6
[2026-08-21 17:06:48.105 GPU_Scheduler_0] Admitted 1 requests for model_6
[2026-08-21 17:06:48.358 GPU_Scheduler_0] Admitted 1 requests for model_6
[2026-08-21 17:06:48.468 GPU_Scheduler_0] Admitted 1 requests for model_6
[2026-08-21 17:06:48.557 GPU_Scheduler_0] Admitted 1 requests for model_6
[2026-08-21 17:06:48.657 GPU_Scheduler_0] Admitted 1 requests for model_1
[2026-08-21 17:06:48.860 GPU_Scheduler_0] Admitted 1 requests for model_6
[2026-08-21 17:06:48.904 GPU_Scheduler_0] Admitted 1 requests for model_6
[2026-08-21 17:06:48.927 GPU_Scheduler_0] Admitted 1 requests for model_6
[2026-08-21 17:06:49.521 GPU_Scheduler_0] Admitted 1 requests for model_6
[2026-08-21 17:06:49.676 GPU_Scheduler_0] Admitted 1 requests for model_6
[2026-08-21 17:06:49.961 GPU_Scheduler_0] Admitted 1 requests for model_6
[2026-08-21 17:06:49.995 GPU_Scheduler_0] Admitted 1 requests for model_3
[2026-08-21 17:06:50.094 GPU_Scheduler_0] Admitted 2 requests for model_3
[2026-08-21 17:06:50.163 GPU_Scheduler_0] Admitted 1 requests for model_6
[2026-08-21 17:06:50.186 GPU_Scheduler_0] Admitted 1 requests for model_3
[2026-08-21 17:06:50.455 GPU_Scheduler_0] Admitted 1 requests for model_6
[2026-08-21 17:06:50.730 GPU_Scheduler_0] [V5-LOOP] {"iters": 456, "t_mem": 0.010768427746370435, "t_redis": 0.364358325721696, "t_admit": 0.007364226737990975, "t_send": 0.01868243096396327, "t_iter": 0.4011734111700207, "admitted": 36, "iter_max": 0.0022306470200419426, "gpu_id": 0, "window_s": 5.00134801864624}
[2026-08-21 17:06:50.742 GPU_Scheduler_0] Admitted 1 requests for model_1
[2026-08-21 17:06:50.863 GPU_Scheduler_0] Admitted 1 requests for model_1
[2026-08-21 17:06:50.919 GPU_Scheduler_0] Admitted 1 requests for model_6
[2026-08-21 17:06:51.007 GPU_Scheduler_0] Admitted 1 requests for model_3
[2026-08-21 17:06:51.085 GPU_Scheduler_0] Admitted 1 requests for model_1
[2026-08-21 17:06:51.240 GPU_Scheduler_0] Admitted 1 requests for model_6
[2026-08-21 17:06:51.296 GPU_Scheduler_0] Admitted 1 requests for model_3
[2026-08-21 17:06:51.484 GPU_Scheduler_0] Admitted 1 requests for model_3
[2026-08-21 17:06:51.595 GPU_Scheduler_0] Admitted 1 requests for model_6
[2026-08-21 17:06:51.684 GPU_Scheduler_0] Admitted 1 requests for model_6
[2026-08-21 17:06:51.828 GPU_Scheduler_0] Admitted 1 requests for model_6
[2026-08-21 17:06:51.894 GPU_Scheduler_0] Admitted 1 requests for model_3
[2026-08-21 17:06:52.005 GPU_Scheduler_0] Admitted 1 requests for model_3
[2026-08-21 17:06:52.082 GPU_Scheduler_0] Admitted 2 requests for model_6
[2026-08-21 17:06:52.116 GPU_Scheduler_0] Admitted 1 requests for model_3
[2026-08-21 17:06:52.188 GPU_Scheduler_1] [V5-LOOP] {"iters": 465, "t_mem": 0.01220158371143043, "t_redis": 0.3004327123053372, "t_admit": 0.004916103091090918, "t_send": 0.0007522460073232651, "t_iter": 0.3183026451151818, "admitted": 0, "iter_max": 0.0017711729742586613, "gpu_id": 1, "window_s": 5.0100836753845215}
[2026-08-21 17:06:52.292 GPU_Scheduler_0] Admitted 1 requests for model_3
[2026-08-21 17:06:52.435 GPU_Scheduler_0] Admitted 1 requests for model_6
[2026-08-21 17:06:52.623 GPU_Scheduler_0] Admitted 1 requests for model_1
[2026-08-21 17:06:52.667 GPU_Scheduler_0] Admitted 1 requests for model_1
[2026-08-21 17:06:52.723 GPU_Scheduler_0] Admitted 1 requests for model_3
[2026-08-21 17:06:52.768 GPU_Scheduler_0] Admitted 1 requests for model_6
[2026-08-21 17:06:52.915 GPU_Scheduler_0] Admitted 1 requests for model_1
[2026-08-21 17:06:52.927 GPU_Scheduler_0] Admitted 1 requests for model_6
[2026-08-21 17:06:53.377 GPU_Scheduler_0] Admitted 1 requests for model_3
[2026-08-21 17:06:53.400 GPU_Scheduler_0] Admitted 1 requests for model_3
[2026-08-21 17:06:53.478 GPU_Scheduler_0] Admitted 1 requests for model_1
[2026-08-21 17:06:53.490 GPU_Scheduler_0] Admitted 1 requests for model_1
[2026-08-21 17:06:53.512 GPU_Scheduler_0] Admitted 1 requests for model_6
[2026-08-21 17:06:53.581 GPU_Scheduler_0] Admitted 1 requests for model_1
[2026-08-21 17:06:53.979 GPU_Scheduler_0] Admitted 1 requests for model_1
[2026-08-21 17:06:54.213 GPU_Scheduler_0] Admitted 2 requests for model_1
[2026-08-21 17:06:54.390 GPU_Scheduler_0] Admitted 1 requests for model_1
[2026-08-21 17:06:54.610 GPU_Scheduler_0] Admitted 2 requests for model_6
[2026-08-21 17:06:54.654 GPU_Scheduler_0] Admitted 1 requests for model_6
[2026-08-21 17:06:54.796 GPU_Scheduler_0] Admitted 1 requests for model_1
[2026-08-21 17:06:54.830 GPU_Scheduler_0] Admitted 1 requests for model_1
[2026-08-21 17:06:54.907 GPU_Scheduler_0] Admitted 1 requests for model_6
[2026-08-21 17:06:54.940 GPU_Scheduler_0] Admitted 1 requests for model_3
[2026-08-21 17:06:55.082 GPU_Scheduler_0] Admitted 1 requests for model_6
[2026-08-21 17:06:55.334 GPU_Scheduler_0] Admitted 1 requests for model_1
[2026-08-21 17:06:55.739 GPU_Scheduler_0] [V5-LOOP] {"iters": 453, "t_mem": 0.010755439754575491, "t_redis": 0.39502515364438295, "t_admit": 0.0075200151186436415, "t_send": 0.0243108537979424, "t_iter": 0.4376114623155445, "admitted": 43, "iter_max": 0.002240138128399849, "gpu_id": 0, "window_s": 5.008056402206421}
[2026-08-21 17:06:55.804 GPU_Scheduler_0] Admitted 1 requests for model_3
[2026-08-21 17:06:55.827 GPU_Scheduler_0] Admitted 1 requests for model_6
[2026-08-21 17:06:55.871 GPU_Scheduler_0] Admitted 1 requests for model_6
[2026-08-21 17:06:56.047 GPU_Scheduler_0] Admitted 1 requests for model_1
[2026-08-21 17:06:56.134 GPU_Scheduler_0] Admitted 1 requests for model_6
[2026-08-21 17:06:56.212 GPU_Scheduler_0] Admitted 1 requests for model_1
[2026-08-21 17:06:56.277 GPU_Scheduler_0] Admitted 1 requests for model_1
[2026-08-21 17:06:56.410 GPU_Scheduler_0] Admitted 1 requests for model_1
[2026-08-21 17:06:56.554 GPU_Scheduler_0] Admitted 1 requests for model_3
[2026-08-21 17:06:56.598 GPU_Scheduler_0] Admitted 1 requests for model_1
[2026-08-21 17:06:56.917 GPU_Scheduler_0] Admitted 1 requests for model_3
[2026-08-21 17:06:56.929 GPU_Scheduler_0] Admitted 1 requests for model_3
[2026-08-21 17:06:56.942 GPU_Scheduler_0] Admitted 2 requests for model_1
[2026-08-21 17:06:57.162 GPU_Scheduler_0] Admitted 1 requests for model_1
[2026-08-21 17:06:57.198 GPU_Scheduler_1] [V5-LOOP] {"iters": 467, "t_mem": 0.010203599464148283, "t_redis": 0.28398168040439487, "t_admit": 0.0044850236736238, "t_send": 0.0006508249789476395, "t_iter": 0.2993211285211146, "admitted": 0, "iter_max": 0.0014991420321166515, "gpu_id": 1, "window_s": 5.010021209716797}
[2026-08-21 17:06:57.493 GPU_Scheduler_0] Admitted 1 requests for model_1
[2026-08-21 17:06:57.505 GPU_Scheduler_0] Admitted 1 requests for model_6
[2026-08-21 17:06:57.605 GPU_Scheduler_0] Admitted 1 requests for model_6
[2026-08-21 17:06:57.880 GPU_Scheduler_0] Admitted 1 requests for model_3
[2026-08-21 17:06:57.891 GPU_Scheduler_0] Admitted 1 requests for model_1
[2026-08-21 17:06:58.002 GPU_Scheduler_0] Admitted 1 requests for model_6
[2026-08-21 17:06:58.091 GPU_Scheduler_0] Admitted 1 requests for model_3
[2026-08-21 17:06:58.391 GPU_Scheduler_0] Admitted 1 requests for model_6
[2026-08-21 17:06:58.425 GPU_Scheduler_0] Admitted 1 requests for model_3
[2026-08-21 17:06:58.527 GPU_Scheduler_0] Admitted 1 requests for model_6
[2026-08-21 17:06:58.563 GPU_Scheduler_0] Admitted 1 requests for model_3
[2026-08-21 17:06:58.598 GPU_Scheduler_0] Admitted 1 requests for model_6
[2026-08-21 17:06:58.765 GPU_Scheduler_0] Admitted 1 requests for model_6
[2026-08-21 17:06:58.810 GPU_Scheduler_0] Admitted 1 requests for model_1
[2026-08-21 17:06:58.844 GPU_Scheduler_0] Admitted 1 requests for model_1
[2026-08-21 17:06:58.889 GPU_Scheduler_0] Admitted 1 requests for model_1
[2026-08-21 17:06:59.145 GPU_Scheduler_0] Admitted 1 requests for model_1
[2026-08-21 17:06:59.189 GPU_Scheduler_0] Admitted 1 requests for model_6
[2026-08-21 17:06:59.477 GPU_Scheduler_0] Admitted 1 requests for model_1
[2026-08-21 17:06:59.723 GPU_Scheduler_0] Admitted 2 requests for model_6
[2026-08-21 17:06:59.857 GPU_Scheduler_0] Admitted 1 requests for model_3
[2026-08-21 17:06:59.947 GPU_Scheduler_0] Admitted 1 requests for model_1
[2026-08-21 17:06:59.959 GPU_Scheduler_0] Admitted 1 requests for model_1
[2026-08-21 17:07:00.092 GPU_Scheduler_0] Admitted 1 requests for model_6
[2026-08-21 17:07:00.515 GPU_Scheduler_0] Admitted 2 requests for model_1
[2026-08-21 17:07:00.571 GPU_Scheduler_0] Admitted 1 requests for model_6
[2026-08-21 17:07:00.605 GPU_Scheduler_0] Admitted 1 requests for model_1
[2026-08-21 17:07:00.682 GPU_Scheduler_0] Admitted 1 requests for model_6
[2026-08-21 17:07:00.749 GPU_Scheduler_0] [V5-LOOP] {"iters": 451, "t_mem": 0.011314520379528403, "t_redis": 0.412318900693208, "t_admit": 0.008420761907473207, "t_send": 0.027615386294201016, "t_iter": 0.4596695692744106, "admitted": 45, "iter_max": 0.0026505799032747746, "gpu_id": 0, "window_s": 5.0101752281188965}
[2026-08-21 17:07:00.827 GPU_Scheduler_0] Admitted 1 requests for model_3
[2026-08-21 17:07:00.915 GPU_Scheduler_0] Admitted 1 requests for model_3
[2026-08-21 17:07:00.993 GPU_Scheduler_0] Admitted 1 requests for model_3
[2026-08-21 17:07:01.060 GPU_Scheduler_0] Admitted 1 requests for model_6
[2026-08-21 17:07:01.217 GPU_Scheduler_0] Admitted 1 requests for model_6
[2026-08-21 17:07:01.295 GPU_Scheduler_0] Admitted 1 requests for model_1
[2026-08-21 17:07:01.363 GPU_Scheduler_0] Admitted 1 requests for model_6
[2026-08-21 17:07:01.430 GPU_Scheduler_0] Admitted 1 requests for model_6
[2026-08-21 17:07:01.507 GPU_Scheduler_0] Admitted 1 requests for model_1
[2026-08-21 17:07:01.718 GPU_Scheduler_0] Admitted 1 requests for model_6
[2026-08-21 17:07:01.785 GPU_Scheduler_0] Admitted 1 requests for model_1
[2026-08-21 17:07:01.873 GPU_Scheduler_0] Admitted 1 requests for model_1
[2026-08-21 17:07:01.873 GPU_Scheduler_0] Admitted 1 requests for model_3
[2026-08-21 17:07:01.918 GPU_Scheduler_0] Admitted 1 requests for model_1
[2026-08-21 17:07:01.974 GPU_Scheduler_0] Admitted 1 requests for model_1
[2026-08-21 17:07:01.974 GPU_Scheduler_0] Admitted 1 requests for model_3
[2026-08-21 17:07:01.997 GPU_Scheduler_0] Admitted 1 requests for model_3
[2026-08-21 17:07:02.042 GPU_Scheduler_0] Admitted 1 requests for model_6
[2026-08-21 17:07:02.054 GPU_Scheduler_0] Admitted 1 requests for model_3
[2026-08-21 17:07:02.131 GPU_Scheduler_0] Admitted 1 requests for model_6
[2026-08-21 17:07:02.142 GPU_Scheduler_0] Admitted 1 requests for model_6
[2026-08-21 17:07:02.207 GPU_Scheduler_1] [V5-LOOP] {"iters": 466, "t_mem": 0.012119103921577334, "t_redis": 0.2906546320300549, "t_admit": 0.0044627077877521515, "t_send": 0.0006877961568534374, "t_iter": 0.30792423989623785, "admitted": 0, "iter_max": 0.0012848300393670797, "gpu_id": 1, "window_s": 5.008763790130615}
[2026-08-21 17:07:02.342 GPU_Scheduler_0] Admitted 1 requests for model_6
[2026-08-21 17:07:02.398 GPU_Scheduler_0] Admitted 1 requests for model_3
[2026-08-21 17:07:02.596 GPU_Scheduler_0] Admitted 1 requests for model_6
[2026-08-21 17:07:02.652 GPU_Scheduler_0] Admitted 1 requests for model_6
[2026-08-21 17:07:02.750 GPU_Scheduler_0] Admitted 1 requests for model_3
[2026-08-21 17:07:02.762 GPU_Scheduler_0] Admitted 1 requests for model_1
[2026-08-21 17:07:02.905 GPU_Scheduler_0] Admitted 1 requests for model_3
[2026-08-21 17:07:02.927 GPU_Scheduler_0] Admitted 1 requests for model_6
[2026-08-21 17:07:02.939 GPU_Scheduler_0] Admitted 1 requests for model_6
[2026-08-21 17:07:02.961 GPU_Scheduler_0] Admitted 1 requests for model_6
[2026-08-21 17:07:03.027 GPU_Scheduler_0] Admitted 1 requests for model_1
[2026-08-21 17:07:03.248 GPU_Scheduler_0] Admitted 1 requests for model_6
[2026-08-21 17:07:03.349 GPU_Scheduler_0] Admitted 1 requests for model_3
[2026-08-21 17:07:03.658 GPU_Scheduler_0] Admitted 1 requests for model_6
[2026-08-21 17:07:03.713 GPU_Scheduler_0] Admitted 1 requests for model_6
[2026-08-21 17:07:03.758 GPU_Scheduler_0] Admitted 1 requests for model_6
[2026-08-21 17:07:03.902 GPU_Scheduler_0] Admitted 1 requests for model_1
[2026-08-21 17:07:04.079 GPU_Scheduler_0] Admitted 1 requests for model_1
[2026-08-21 17:07:04.145 GPU_Scheduler_0] Admitted 1 requests for model_1
[2026-08-21 17:07:04.386 GPU_Scheduler_0] Admitted 1 requests for model_3
[2026-08-21 17:07:04.637 GPU_Scheduler_0] Admitted 1 requests for model_3
[2026-08-21 17:07:04.649 GPU_Scheduler_0] Admitted 1 requests for model_6
[2026-08-21 17:07:04.748 GPU_Scheduler_0] Admitted 1 requests for model_3
[2026-08-21 17:07:04.759 GPU_Scheduler_0] Admitted 1 requests for model_6
[2026-08-21 17:07:04.967 GPU_Scheduler_0] Admitted 1 requests for model_1
[2026-08-21 17:07:05.229 GPU_Scheduler_0] Admitted 1 requests for model_1
[2026-08-21 17:07:05.285 GPU_Scheduler_0] Admitted 1 requests for model_6
[2026-08-21 17:07:05.483 GPU_Scheduler_0] Admitted 1 requests for model_3
[2026-08-21 17:07:05.528 GPU_Scheduler_0] Admitted 1 requests for model_6
[2026-08-21 17:07:05.682 GPU_Scheduler_0] Admitted 1 requests for model_1
[2026-08-21 17:07:05.749 GPU_Scheduler_0] Admitted 1 requests for model_1
[2026-08-21 17:07:05.750 GPU_Scheduler_0] [V5-LOOP] {"iters": 452, "t_mem": 0.009208494797348976, "t_redis": 0.39101927634328604, "t_admit": 0.007556608412414789, "t_send": 0.03100098157301545, "t_iter": 0.43878536112606525, "admitted": 52, "iter_max": 0.0028411420062184334, "gpu_id": 0, "window_s": 5.0000646114349365}
[2026-08-21 17:07:05.761 GPU_Scheduler_0] Admitted 1 requests for model_3
[2026-08-21 17:07:05.838 GPU_Scheduler_0] Admitted 1 requests for model_1
[2026-08-21 17:07:05.861 GPU_Scheduler_0] Admitted 1 requests for model_6
[2026-08-21 17:07:06.114 GPU_Scheduler_0] Admitted 1 requests for model_6
[2026-08-21 17:07:06.126 GPU_Scheduler_0] Admitted 1 requests for model_3
[2026-08-21 17:07:06.258 GPU_Scheduler_0] [PAPER-ALG2] {"rounds": 589.0, "eligible": 650.0, "selected": 609.0, "deferred": 41.0, "late_dispatched": 41.0, "requeued": 0.0, "max_queue_len": 14, "rounds_with_deferral": 6.0, "selected_in_deferral_rounds": 4.0}
[2026-08-21 17:07:06.258 GPU_Scheduler_0] Admitted 1 requests for model_6
[2026-08-21 17:07:06.314 GPU_Scheduler_0] Admitted 1 requests for model_3
[2026-08-21 17:07:06.348 GPU_Scheduler_0] Admitted 1 requests for model_1
[2026-08-21 17:07:06.448 GPU_Scheduler_0] Admitted 1 requests for model_3
[2026-08-21 17:07:06.470 GPU_Scheduler_0] Admitted 1 requests for model_1
[2026-08-21 17:07:06.562 GPU_Scheduler_0] Admitted 1 requests for model_6
[2026-08-21 17:07:06.882 GPU_Scheduler_0] Admitted 1 requests for model_3
[2026-08-21 17:07:07.205 GPU_Scheduler_0] Admitted 1 requests for model_1
[2026-08-21 17:07:07.209 GPU_Scheduler_1] [V5-LOOP] {"iters": 472, "t_mem": 0.008232131600379944, "t_redis": 0.22868190798908472, "t_admit": 0.0033511207439005375, "t_send": 0.0005204638000577688, "t_iter": 0.24078562413342297, "admitted": 0, "iter_max": 0.001433901023119688, "gpu_id": 1, "window_s": 5.0015709400177}
[2026-08-21 17:07:07.217 GPU_Scheduler_0] Admitted 1 requests for model_1
[2026-08-21 17:07:07.439 GPU_Scheduler_0] Admitted 1 requests for model_6
[2026-08-21 17:07:07.473 GPU_Scheduler_0] Admitted 1 requests for model_6
[2026-08-21 17:07:07.506 GPU_Scheduler_0] Admitted 1 requests for model_6
[2026-08-21 17:07:07.650 GPU_Scheduler_0] Admitted 1 requests for model_1
[2026-08-21 17:07:07.815 GPU_Scheduler_0] Admitted 1 requests for model_1
[2026-08-21 17:07:07.904 GPU_Scheduler_0] Admitted 1 requests for model_6
[2026-08-21 17:07:07.938 GPU_Scheduler_0] Admitted 1 requests for model_6
[2026-08-21 17:07:08.201 GPU_Scheduler_0] Admitted 1 requests for model_1
[2026-08-21 17:07:08.279 GPU_Scheduler_0] Admitted 1 requests for model_1
[2026-08-21 17:07:08.291 GPU_Scheduler_0] Admitted 1 requests for model_6
[2026-08-21 17:07:08.501 GPU_Scheduler_0] Admitted 1 requests for model_1
[2026-08-21 17:07:08.513 GPU_Scheduler_0] Admitted 1 requests for model_6
[2026-08-21 17:07:08.569 GPU_Scheduler_0] Admitted 1 requests for model_6
[2026-08-21 17:07:08.692 GPU_Scheduler_0] Admitted 1 requests for model_6
[2026-08-21 17:07:08.726 GPU_Scheduler_0] Admitted 2 requests for model_3
[2026-08-21 17:07:08.726 GPU_Scheduler_0] Admitted 1 requests for model_6
[2026-08-21 17:07:08.913 GPU_Scheduler_0] Admitted 1 requests for model_3
[2026-08-21 17:07:09.210 GPU_Scheduler_0] Admitted 1 requests for model_1
[2026-08-21 17:07:09.255 GPU_Scheduler_0] Admitted 1 requests for model_3
[2026-08-21 17:07:09.300 GPU_Scheduler_0] Admitted 2 requests for model_1
[2026-08-21 17:07:09.465 GPU_Scheduler_0] Admitted 1 requests for model_1
[2026-08-21 17:07:09.634 GPU_Scheduler_0] Admitted 1 requests for model_3
[2026-08-21 17:07:09.999 GPU_Scheduler_0] Admitted 1 requests for model_6
[2026-08-21 17:07:10.032 GPU_Scheduler_0] Admitted 1 requests for model_1
[2026-08-21 17:07:10.087 GPU_Scheduler_0] Admitted 1 requests for model_3
[2026-08-21 17:07:10.171 GPU_Scheduler_1] Received activate request for model model_3
[2026-08-21 17:07:10.171 GPU_Scheduler_1] Received activate request for model_3, model_states: {'model_1': 'deactivated', 'model_2': 'activated', 'model_3': 'preparing', 'model_4': 'deactivated', 'model_5': 'activated', 'model_6': 'deactivated'}
[2026-08-21 17:07:10.171 GPU_Scheduler_1] Assign worker 2 to model_3. Current model_to_worker: {'model_5': 1, 'model_2': 3, 'model_3': 2}
[2026-08-21 17:07:10.175 GPU_Scheduler_0] Admitted 1 requests for model_6
[2026-08-21 17:07:10.581 GPU_Scheduler_0] Admitted 1 requests for model_6
[2026-08-21 17:07:10.592 GPU_Scheduler_0] Admitted 1 requests for model_3
[2026-08-21 17:07:10.603 GPU_Scheduler_0] Admitted 1 requests for model_3
[2026-08-21 17:07:10.636 GPU_Scheduler_0] Admitted 1 requests for model_1
[2026-08-21 17:07:10.754 GPU_Scheduler_0] [V5-LOOP] {"iters": 453, "t_mem": 0.012702761450782418, "t_redis": 0.3860420314595103, "t_admit": 0.008134500356391072, "t_send": 0.02721508382819593, "t_iter": 0.43409437709487975, "admitted": 46, "iter_max": 0.002852841978892684, "gpu_id": 0, "window_s": 5.003745079040527}
[2026-08-21 17:07:11.141 GPU_Scheduler_0] Admitted 1 requests for model_1
[2026-08-21 17:07:11.355 GPU_Scheduler_0] Admitted 1 requests for model_6
[2026-08-21 17:07:11.613 GPU_Scheduler_0] Admitted 1 requests for model_1
[2026-08-21 17:07:11.683 GPU_Scheduler_1] Model model_3 (instance 1) activation succeeded on GPU 1
[2026-08-21 17:07:11.690 GPU_Scheduler_0] Received deactivate request for model model_3
[2026-08-21 17:07:11.691 GPU_Scheduler_0] Received deactivate request for model_3, model_states: {'model_1': 'activated', 'model_2': 'deactivated', 'model_3': 'deactivating', 'model_4': 'deactivated', 'model_5': 'deactivated', 'model_6': 'activated'}
[2026-08-21 17:07:11.691 GPU_Scheduler_0] Release worker 2 from model model_3. Current model_to_worker: {'model_1': 0, 'model_6': 1}
[2026-08-21 17:07:12.103 GPU_Scheduler_0] Admitted 1 requests for model_6
[2026-08-21 17:07:12.219 GPU_Scheduler_1] [V5-LOOP] {"iters": 477, "t_mem": 0.007891580928117037, "t_redis": 0.1876777394209057, "t_admit": 0.0028220403473824263, "t_send": 0.00041563413105905056, "t_iter": 0.19880699482746422, "admitted": 0, "iter_max": 0.0007286248728632927, "gpu_id": 1, "window_s": 5.009490728378296}
[2026-08-21 17:07:12.531 GPU_Scheduler_0] Admitted 1 requests for model_6
[2026-08-21 17:07:12.733 GPU_Scheduler_0] Admitted 1 requests for model_1
[2026-08-21 17:07:12.958 GPU_Scheduler_0] Admitted 1 requests for model_1
[2026-08-21 17:07:12.969 GPU_Scheduler_0] Admitted 1 requests for model_1
[2026-08-21 17:07:13.194 GPU_Scheduler_0] Admitted 1 requests for model_6
[2026-08-21 17:07:13.430 GPU_Scheduler_0] Admitted 1 requests for model_6
[2026-08-21 17:07:13.889 GPU_Scheduler_0] Admitted 1 requests for model_1
[2026-08-21 17:07:13.964 GPU_Scheduler_0] Admitted 1 requests for model_1
[2026-08-21 17:07:14.093 GPU_Scheduler_0] Admitted 1 requests for model_6
[2026-08-21 17:07:14.214 GPU_Scheduler_0] Model model_3 (instance 0) deactivation succeeded on GPU 0
[2026-08-21 17:07:14.222 GPU_Scheduler_1] Received activate request for model model_3
[2026-08-21 17:07:14.222 GPU_Scheduler_1] Received activate request for model_3, model_states: {'model_1': 'deactivated', 'model_2': 'activated', 'model_3': 'committing', 'model_4': 'deactivated', 'model_5': 'activated', 'model_6': 'deactivated'}
[2026-08-21 17:07:14.222 GPU_Scheduler_1] [PAPER-OVERLAP-V6] commit dispatched model=model_3 gpu=1 worker=2
[2026-08-21 17:07:14.232 GPU_Scheduler_0] Admitted 1 requests for model_6
[2026-08-21 17:07:14.295 GPU_Scheduler_0] Admitted 1 requests for model_6
[2026-08-21 17:07:14.463 GPU_Scheduler_0] Admitted 1 requests for model_6
[2026-08-21 17:07:15.020 GPU_Scheduler_0] Admitted 1 requests for model_6
[2026-08-21 17:07:15.104 GPU_Scheduler_0] Admitted 1 requests for model_1
[2026-08-21 17:07:15.177 GPU_Scheduler_0] Admitted 1 requests for model_6
[2026-08-21 17:07:15.273 GPU_Scheduler_0] Admitted 1 requests for model_1
[2026-08-21 17:07:15.411 GPU_Scheduler_0] Admitted 1 requests for model_6
[2026-08-21 17:07:15.465 GPU_Scheduler_0] Admitted 1 requests for model_6
[2026-08-21 17:07:15.739 GPU_Scheduler_0] Admitted 1 requests for model_1
[2026-08-21 17:07:15.761 GPU_Scheduler_0] [V5-LOOP] {"iters": 470, "t_mem": 0.00734256487339735, "t_redis": 0.24595656129531562, "t_admit": 0.0045608351938426495, "t_send": 0.009556483244523406, "t_iter": 0.26741644460707903, "admitted": 23, "iter_max": 0.0015036009717732668, "gpu_id": 0, "window_s": 5.0070672035217285}
[2026-08-21 17:07:16.212 GPU_Scheduler_0] Admitted 1 requests for model_6
[2026-08-21 17:07:16.452 GPU_Scheduler_0] Admitted 1 requests for model_6
[2026-08-21 17:07:16.608 GPU_Scheduler_0] Admitted 1 requests for model_6
[2026-08-21 17:07:16.870 GPU_Scheduler_0] Admitted 1 requests for model_1
[2026-08-21 17:07:17.226 GPU_Scheduler_1] [V5-LOOP] {"iters": 477, "t_mem": 0.006973058916628361, "t_redis": 0.18607111903838813, "t_admit": 0.002614969154819846, "t_send": 0.00038173957727849483, "t_iter": 0.19604088668711483, "admitted": 0, "iter_max": 0.0006870850920677185, "gpu_id": 1, "window_s": 5.006932735443115}
[2026-08-21 17:07:17.556 GPU_Scheduler_1] Model model_3 (instance 1) activation succeeded on GPU 1
[2026-08-21 17:07:17.562 GPU_Scheduler_1] Admitted 12 requests for model_3
[2026-08-21 17:07:17.595 GPU_Scheduler_1] Received activate request for model model_4
[2026-08-21 17:07:17.595 GPU_Scheduler_1] Received activate request for model_4, model_states: {'model_1': 'deactivated', 'model_2': 'activated', 'model_3': 'activated', 'model_4': 'activating', 'model_5': 'activated', 'model_6': 'deactivated'}
[2026-08-21 17:07:17.595 GPU_Scheduler_1] Assign worker 0 to model_4. Current model_to_worker: {'model_5': 1, 'model_2': 3, 'model_3': 2, 'model_4': 0}
[2026-08-21 17:07:17.607 GPU_Scheduler_1] Admitted 6 requests for model_4
[2026-08-21 17:07:17.707 GPU_Scheduler_0] Admitted 1 requests for model_6
[2026-08-21 17:07:17.845 GPU_Scheduler_0] Admitted 1 requests for model_6
[2026-08-21 17:07:17.967 GPU_Scheduler_1] Admitted 1 requests for model_4
[2026-08-21 17:07:18.420 GPU_Scheduler_0] Admitted 2 requests for model_1
[2026-08-21 17:07:18.497 GPU_Scheduler_0] Admitted 1 requests for model_6
[2026-08-21 17:07:18.815 GPU_Scheduler_1] Admitted 1 requests for model_4
[2026-08-21 17:07:19.052 GPU_Scheduler_1] Model model_4 (instance 1) activation succeeded on GPU 1
[2026-08-21 17:07:19.059 GPU_Scheduler_1] Received deactivate request for model model_5
[2026-08-21 17:07:19.059 GPU_Scheduler_1] Received deactivate request for model_5, model_states: {'model_1': 'deactivated', 'model_2': 'activated', 'model_3': 'activated', 'model_4': 'activated', 'model_5': 'deactivating', 'model_6': 'deactivated'}
[2026-08-21 17:07:19.059 GPU_Scheduler_1] Release worker 1 from model model_5. Current model_to_worker: {'model_2': 3, 'model_3': 2, 'model_4': 0}
[2026-08-21 17:07:19.060 GPU_Scheduler_1] Received deactivate request for model model_2
[2026-08-21 17:07:19.060 GPU_Scheduler_1] Received deactivate request for model_2, model_states: {'model_1': 'deactivated', 'model_2': 'deactivating', 'model_3': 'activated', 'model_4': 'activated', 'model_5': 'deactivating', 'model_6': 'deactivated'}
[2026-08-21 17:07:19.060 GPU_Scheduler_1] Release worker 3 from model model_2. Current model_to_worker: {'model_3': 2, 'model_4': 0}
[2026-08-21 17:07:19.174 GPU_Scheduler_1] Admitted 1 requests for model_4
[2026-08-21 17:07:19.417 GPU_Scheduler_1] Admitted 1 requests for model_4
[2026-08-21 17:07:19.490 GPU_Scheduler_0] Admitted 1 requests for model_6
[2026-08-21 17:07:19.606 GPU_Scheduler_0] Admitted 1 requests for model_6
[2026-08-21 17:07:19.613 GPU_Scheduler_1] Admitted 1 requests for model_4
[2026-08-21 17:07:19.638 GPU_Scheduler_0] Admitted 1 requests for model_6
[2026-08-21 17:07:19.900 GPU_Scheduler_1] Admitted 1 requests for model_4
[2026-08-21 17:07:19.971 GPU_Scheduler_1] Admitted 1 requests for model_3
[2026-08-21 17:07:19.983 GPU_Scheduler_1] Admitted 1 requests for model_3
[2026-08-21 17:07:20.268 GPU_Scheduler_1] Admitted 1 requests for model_4
[2026-08-21 17:07:20.386 GPU_Scheduler_1] Model model_2 (instance 1) deactivation succeeded on GPU 1
[2026-08-21 17:07:20.405 GPU_Scheduler_1] Admitted 1 requests for model_4
[2026-08-21 17:07:20.451 GPU_Scheduler_1] Admitted 1 requests for model_3
[2026-08-21 17:07:20.463 GPU_Scheduler_1] Admitted 1 requests for model_4
[2026-08-21 17:07:20.512 GPU_Scheduler_0] Admitted 1 requests for model_1
[2026-08-21 17:07:20.664 GPU_Scheduler_1] Admitted 1 requests for model_4
[2026-08-21 17:07:20.768 GPU_Scheduler_0] [V5-LOOP] {"iters": 472, "t_mem": 0.010017180815339088, "t_redis": 0.22519450751133263, "t_admit": 0.00506687443703413, "t_send": 0.006316822487860918, "t_iter": 0.24659538525156677, "admitted": 13, "iter_max": 0.0020391358993947506, "gpu_id": 0, "window_s": 5.006572961807251}
[2026-08-21 17:07:20.962 GPU_Scheduler_1] Admitted 1 requests for model_4
[2026-08-21 17:07:21.002 GPU_Scheduler_0] Admitted 1 requests for model_6
[2026-08-21 17:07:21.051 GPU_Scheduler_1] Admitted 1 requests for model_4
[2026-08-21 17:07:21.462 GPU_Scheduler_0] Admitted 1 requests for model_6
[2026-08-21 17:07:21.580 GPU_Scheduler_1] Admitted 1 requests for model_4
[2026-08-21 17:07:21.603 GPU_Scheduler_0] Admitted 1 requests for model_6
[2026-08-21 17:07:21.700 GPU_Scheduler_0] Admitted 1 requests for model_6
[2026-08-21 17:07:21.755 GPU_Scheduler_0] Admitted 1 requests for model_6
[2026-08-21 17:07:21.757 GPU_Scheduler_1] Admitted 1 requests for model_4
[2026-08-21 17:07:21.834 GPU_Scheduler_1] Admitted 1 requests for model_4
[2026-08-21 17:07:21.937 GPU_Scheduler_0] Admitted 1 requests for model_6
[2026-08-21 17:07:21.948 GPU_Scheduler_0] Admitted 1 requests for model_6
[2026-08-21 17:07:21.956 GPU_Scheduler_1] Admitted 1 requests for model_4
[2026-08-21 17:07:22.108 GPU_Scheduler_0] Admitted 1 requests for model_6
[2026-08-21 17:07:22.173 GPU_Scheduler_0] Admitted 1 requests for model_1
[2026-08-21 17:07:22.231 GPU_Scheduler_1] [V5-LOOP] {"iters": 448, "t_mem": 0.010218660579994321, "t_redis": 0.45023664156906307, "t_admit": 0.006944635417312384, "t_send": 0.017528059659525752, "t_iter": 0.4849279972258955, "admitted": 37, "iter_max": 0.002990923123434186, "gpu_id": 1, "window_s": 5.004859685897827}
[2026-08-21 17:07:22.233 GPU_Scheduler_1] Model model_5 (instance 1) deactivation succeeded on GPU 1
[2026-08-21 17:07:22.393 GPU_Scheduler_1] Admitted 1 requests for model_4
[2026-08-21 17:07:22.501 GPU_Scheduler_1] Admitted 1 requests for model_3
[2026-08-21 17:07:22.576 GPU_Scheduler_1] Admitted 1 requests for model_4
[2026-08-21 17:07:22.609 GPU_Scheduler_1] Admitted 1 requests for model_4
[2026-08-21 17:07:22.631 GPU_Scheduler_0] Admitted 1 requests for model_1
[2026-08-21 17:07:22.739 GPU_Scheduler_0] Admitted 2 requests for model_6
[2026-08-21 17:07:22.760 GPU_Scheduler_1] Admitted 1 requests for model_4
[2026-08-21 17:07:22.794 GPU_Scheduler_0] Admitted 1 requests for model_1
[2026-08-21 17:07:22.825 GPU_Scheduler_1] Admitted 1 requests for model_4
[2026-08-21 17:07:23.053 GPU_Scheduler_0] Admitted 1 requests for model_6
[2026-08-21 17:07:23.058 GPU_Scheduler_1] Admitted 1 requests for model_4
[2026-08-21 17:07:23.164 GPU_Scheduler_0] Admitted 1 requests for model_6
[2026-08-21 17:07:23.329 GPU_Scheduler_0] Admitted 1 requests for model_6
[2026-08-21 17:07:23.353 GPU_Scheduler_1] Admitted 1 requests for model_4
[2026-08-21 17:07:23.407 GPU_Scheduler_0] Admitted 1 requests for model_6
[2026-08-21 17:07:23.495 GPU_Scheduler_0] Admitted 1 requests for model_6
[2026-08-21 17:07:23.878 GPU_Scheduler_1] Admitted 1 requests for model_4
[2026-08-21 17:07:23.962 GPU_Scheduler_0] Admitted 1 requests for model_6
[2026-08-21 17:07:24.038 GPU_Scheduler_0] Admitted 1 requests for model_6
[2026-08-21 17:07:24.047 GPU_Scheduler_1] Admitted 1 requests for model_4
[2026-08-21 17:07:24.152 GPU_Scheduler_1] Admitted 2 requests for model_4
[2026-08-21 17:07:24.166 GPU_Scheduler_0] Admitted 1 requests for model_6
[2026-08-21 17:07:24.275 GPU_Scheduler_0] Admitted 1 requests for model_6
[2026-08-21 17:07:24.336 GPU_Scheduler_1] Admitted 1 requests for model_4
[2026-08-21 17:07:24.380 GPU_Scheduler_1] Admitted 1 requests for model_4
[2026-08-21 17:07:24.653 GPU_Scheduler_0] Admitted 1 requests for model_1
[2026-08-21 17:07:24.660 GPU_Scheduler_1] Admitted 1 requests for model_4
[2026-08-21 17:07:24.761 GPU_Scheduler_0] Admitted 1 requests for model_1
[2026-08-21 17:07:24.854 GPU_Scheduler_1] Admitted 1 requests for model_4
[2026-08-21 17:07:24.894 GPU_Scheduler_0] Admitted 1 requests for model_6
[2026-08-21 17:07:25.186 GPU_Scheduler_0] Admitted 1 requests for model_6
[2026-08-21 17:07:25.264 GPU_Scheduler_1] Admitted 1 requests for model_4
[2026-08-21 17:07:25.393 GPU_Scheduler_1] Admitted 1 requests for model_4
[2026-08-21 17:07:25.410 GPU_Scheduler_0] Admitted 1 requests for model_6
[2026-08-21 17:07:25.518 GPU_Scheduler_0] Admitted 1 requests for model_6
[2026-08-21 17:07:25.628 GPU_Scheduler_1] Admitted 1 requests for model_3
[2026-08-21 17:07:25.647 GPU_Scheduler_0] Admitted 1 requests for model_6
[2026-08-21 17:07:25.727 GPU_Scheduler_1] Admitted 1 requests for model_3
[2026-08-21 17:07:25.779 GPU_Scheduler_0] [V5-LOOP] {"iters": 464, "t_mem": 0.009581470862030983, "t_redis": 0.2959701132494956, "t_admit": 0.00686487159691751, "t_send": 0.016917612170800567, "t_iter": 0.3293340678792447, "admitted": 29, "iter_max": 0.0017374730668962002, "gpu_id": 0, "window_s": 5.010645151138306}
[2026-08-21 17:07:25.888 GPU_Scheduler_0] Admitted 1 requests for model_6
[2026-08-21 17:07:25.900 GPU_Scheduler_0] Admitted 1 requests for model_6
[2026-08-21 17:07:25.944 GPU_Scheduler_0] Admitted 1 requests for model_6
[2026-08-21 17:07:26.198 GPU_Scheduler_1] Admitted 1 requests for model_4
[2026-08-21 17:07:26.269 GPU_Scheduler_0] Admitted 2 requests for model_6
[2026-08-21 17:07:26.308 GPU_Scheduler_1] Admitted 1 requests for model_3
[2026-08-21 17:07:26.363 GPU_Scheduler_1] Admitted 1 requests for model_4
[2026-08-21 17:07:26.418 GPU_Scheduler_1] Admitted 1 requests for model_3
[2026-08-21 17:07:26.547 GPU_Scheduler_0] Admitted 1 requests for model_6
[2026-08-21 17:07:26.796 GPU_Scheduler_1] Admitted 1 requests for model_3
[2026-08-21 17:07:26.844 GPU_Scheduler_0] Admitted 1 requests for model_1
[2026-08-21 17:07:26.935 GPU_Scheduler_1] Admitted 1 requests for model_3
[2026-08-21 17:07:26.957 GPU_Scheduler_1] Admitted 1 requests for model_4
[2026-08-21 17:07:27.172 GPU_Scheduler_1] Admitted 1 requests for model_4
[2026-08-21 17:07:27.203 GPU_Scheduler_0] Admitted 1 requests for model_6
[2026-08-21 17:07:27.237 GPU_Scheduler_1] Admitted 1 requests for model_4
[2026-08-21 17:07:27.237 GPU_Scheduler_1] [V5-LOOP] {"iters": 466, "t_mem": 0.010820620926097035, "t_redis": 0.26973817544057965, "t_admit": 0.006864172872155905, "t_send": 0.017004263121634722, "t_iter": 0.3044272323604673, "admitted": 29, "iter_max": 0.0019014349672943354, "gpu_id": 1, "window_s": 5.00614333152771}
[2026-08-21 17:07:27.309 GPU_Scheduler_0] Admitted 1 requests for model_6
[2026-08-21 17:07:27.331 GPU_Scheduler_0] Admitted 1 requests for model_1
[2026-08-21 17:07:27.384 GPU_Scheduler_0] Admitted 1 requests for model_6
[2026-08-21 17:07:27.452 GPU_Scheduler_1] Admitted 1 requests for model_4
[2026-08-21 17:07:27.624 GPU_Scheduler_1] Admitted 1 requests for model_3
[2026-08-21 17:07:27.851 GPU_Scheduler_1] Admitted 1 requests for model_4
[2026-08-21 17:07:27.862 GPU_Scheduler_1] Admitted 1 requests for model_4
[2026-08-21 17:07:27.969 GPU_Scheduler_1] Admitted 1 requests for model_4
[2026-08-21 17:07:28.039 GPU_Scheduler_0] Admitted 1 requests for model_6
[2026-08-21 17:07:28.055 GPU_Scheduler_1] Admitted 1 requests for model_4
[2026-08-21 17:07:28.066 GPU_Scheduler_1] Admitted 1 requests for model_4
[2026-08-21 17:07:28.194 GPU_Scheduler_1] Admitted 1 requests for model_4
[2026-08-21 17:07:28.281 GPU_Scheduler_0] Admitted 1 requests for model_1
[2026-08-21 17:07:28.311 GPU_Scheduler_1] Admitted 1 requests for model_4
[2026-08-21 17:07:28.322 GPU_Scheduler_1] Admitted 1 requests for model_4
[2026-08-21 17:07:28.365 GPU_Scheduler_1] Admitted 1 requests for model_4
[2026-08-21 17:07:28.601 GPU_Scheduler_1] Admitted 1 requests for model_4
[2026-08-21 17:07:28.698 GPU_Scheduler_1] Admitted 1 requests for model_4
[2026-08-21 17:07:28.809 GPU_Scheduler_0] Admitted 1 requests for model_6
[2026-08-21 17:07:28.944 GPU_Scheduler_1] Admitted 1 requests for model_4
[2026-08-21 17:07:29.011 GPU_Scheduler_0] Admitted 1 requests for model_6
[2026-08-21 17:07:29.044 GPU_Scheduler_0] Admitted 1 requests for model_6
[2026-08-21 17:07:29.244 GPU_Scheduler_0] Admitted 1 requests for model_6
[2026-08-21 17:07:29.254 GPU_Scheduler_1] Admitted 1 requests for model_4
[2026-08-21 17:07:29.404 GPU_Scheduler_1] Admitted 1 requests for model_4
[2026-08-21 17:07:29.633 GPU_Scheduler_0] Admitted 1 requests for model_1
[2026-08-21 17:07:29.766 GPU_Scheduler_1] Admitted 1 requests for model_4
[2026-08-21 17:07:29.799 GPU_Scheduler_1] Admitted 1 requests for model_3
[2026-08-21 17:07:29.831 GPU_Scheduler_1] Admitted 1 requests for model_3
[2026-08-21 17:07:29.844 GPU_Scheduler_0] Admitted 1 requests for model_1
[2026-08-21 17:07:29.898 GPU_Scheduler_0] Admitted 1 requests for model_6
[2026-08-21 17:07:29.941 GPU_Scheduler_0] Admitted 1 requests for model_6
[2026-08-21 17:07:30.607 GPU_Scheduler_0] Admitted 1 requests for model_6
[2026-08-21 17:07:30.645 GPU_Scheduler_1] Admitted 1 requests for model_4
[2026-08-21 17:07:30.787 GPU_Scheduler_0] [V5-LOOP] {"iters": 472, "t_mem": 0.009735948871821165, "t_redis": 0.21958584361709654, "t_admit": 0.005495640216395259, "t_send": 0.01176756457425654, "t_iter": 0.2465849972795695, "admitted": 22, "iter_max": 0.0018965648487210274, "gpu_id": 0, "window_s": 5.008009672164917}
[2026-08-21 17:07:30.966 GPU_Scheduler_1] Admitted 1 requests for model_4
[2026-08-21 17:07:30.987 GPU_Scheduler_0] Admitted 1 requests for model_6
[2026-08-21 17:07:31.127 GPU_Scheduler_1] Admitted 1 requests for model_4
[2026-08-21 17:07:31.170 GPU_Scheduler_1] Admitted 1 requests for model_4
[2026-08-21 17:07:31.203 GPU_Scheduler_1] Admitted 1 requests for model_3
[2026-08-21 17:07:31.224 GPU_Scheduler_1] Admitted 1 requests for model_4
[2026-08-21 17:07:31.289 GPU_Scheduler_1] Admitted 1 requests for model_3
[2026-08-21 17:07:31.428 GPU_Scheduler_1] Admitted 1 requests for model_4
[2026-08-21 17:07:31.639 GPU_Scheduler_0] Admitted 1 requests for model_1
[2026-08-21 17:07:31.692 GPU_Scheduler_0] Admitted 1 requests for model_6
[2026-08-21 17:07:31.878 GPU_Scheduler_1] Admitted 1 requests for model_3
[2026-08-21 17:07:31.903 GPU_Scheduler_0] Admitted 1 requests for model_6
[2026-08-21 17:07:32.114 GPU_Scheduler_1] Admitted 1 requests for model_4
[2026-08-21 17:07:32.126 GPU_Scheduler_1] Admitted 1 requests for model_4
[2026-08-21 17:07:32.156 GPU_Scheduler_0] Admitted 1 requests for model_6
[2026-08-21 17:07:32.168 GPU_Scheduler_1] Admitted 1 requests for model_4
[2026-08-21 17:07:32.188 GPU_Scheduler_0] Admitted 1 requests for model_1
[2026-08-21 17:07:32.244 GPU_Scheduler_1] [V5-LOOP] {"iters": 467, "t_mem": 0.008758342824876308, "t_redis": 0.26413842127658427, "t_admit": 0.006120962323620915, "t_send": 0.01706611644476652, "t_iter": 0.296083842869848, "admitted": 31, "iter_max": 0.0016530028078705072, "gpu_id": 1, "window_s": 5.006333351135254}
[2026-08-21 17:07:32.303 GPU_Scheduler_0] Admitted 1 requests for model_6
[2026-08-21 17:07:32.340 GPU_Scheduler_1] Admitted 1 requests for model_3
[2026-08-21 17:07:32.345 GPU_Scheduler_0] Admitted 1 requests for model_1
[2026-08-21 17:07:32.352 GPU_Scheduler_1] Admitted 1 requests for model_4
[2026-08-21 17:07:32.385 GPU_Scheduler_1] Admitted 1 requests for model_4
[2026-08-21 17:07:32.472 GPU_Scheduler_0] Admitted 1 requests for model_1
[2026-08-21 17:07:32.514 GPU_Scheduler_0] Admitted 1 requests for model_1
[2026-08-21 17:07:32.546 GPU_Scheduler_1] Admitted 1 requests for model_3
[2026-08-21 17:07:32.675 GPU_Scheduler_1] Admitted 1 requests for model_4
[2026-08-21 17:07:32.804 GPU_Scheduler_1] Admitted 1 requests for model_4
[2026-08-21 17:07:32.943 GPU_Scheduler_0] Admitted 1 requests for model_6
[2026-08-21 17:07:33.093 GPU_Scheduler_1] Admitted 1 requests for model_4
[2026-08-21 17:07:33.125 GPU_Scheduler_1] Admitted 2 requests for model_3
[2026-08-21 17:07:33.164 GPU_Scheduler_0] Admitted 1 requests for model_6
[2026-08-21 17:07:33.217 GPU_Scheduler_0] Admitted 1 requests for model_6
[2026-08-21 17:07:33.254 GPU_Scheduler_1] Admitted 1 requests for model_4
[2026-08-21 17:07:33.553 GPU_Scheduler_1] Admitted 1 requests for model_3
[2026-08-21 17:07:33.586 GPU_Scheduler_1] Admitted 1 requests for model_4
[2026-08-21 17:07:33.595 GPU_Scheduler_0] Admitted 1 requests for model_1
[2026-08-21 17:07:33.704 GPU_Scheduler_1] Admitted 1 requests for model_4
[2026-08-21 17:07:33.784 GPU_Scheduler_0] Admitted 1 requests for model_6
[2026-08-21 17:07:33.837 GPU_Scheduler_0] Admitted 1 requests for model_6
[2026-08-21 17:07:33.901 GPU_Scheduler_0] Admitted 1 requests for model_6
[2026-08-21 17:07:34.361 GPU_Scheduler_1] Admitted 1 requests for model_4
[2026-08-21 17:07:34.823 GPU_Scheduler_1] Admitted 2 requests for model_4
[2026-08-21 17:07:35.188 GPU_Scheduler_0] Admitted 1 requests for model_1
[2026-08-21 17:07:35.274 GPU_Scheduler_1] Admitted 1 requests for model_4
[2026-08-21 17:07:35.351 GPU_Scheduler_1] Admitted 1 requests for model_4
[2026-08-21 17:07:35.608 GPU_Scheduler_1] Admitted 1 requests for model_4
[2026-08-21 17:07:35.648 GPU_Scheduler_0] Admitted 1 requests for model_1
[2026-08-21 17:07:35.692 GPU_Scheduler_0] Admitted 1 requests for model_1
[2026-08-21 17:07:35.758 GPU_Scheduler_1] Admitted 1 requests for model_4
[2026-08-21 17:07:35.790 GPU_Scheduler_0] [V5-LOOP] {"iters": 472, "t_mem": 0.009593748021870852, "t_redis": 0.2178324235137552, "t_admit": 0.005434719612821937, "t_send": 0.009006770327687263, "t_iter": 0.24186766147613525, "admitted": 20, "iter_max": 0.0022257170639932156, "gpu_id": 0, "window_s": 5.003286361694336}
[2026-08-21 17:07:35.813 GPU_Scheduler_1] Admitted 1 requests for model_4
[2026-08-21 17:07:35.824 GPU_Scheduler_1] Admitted 1 requests for model_4
[2026-08-21 17:07:35.857 GPU_Scheduler_1] Admitted 1 requests for model_4
[2026-08-21 17:07:35.857 GPU_Scheduler_1] Admitted 1 requests for model_3
[2026-08-21 17:07:36.125 GPU_Scheduler_1] Admitted 1 requests for model_4
[2026-08-21 17:07:36.240 GPU_Scheduler_0] Admitted 1 requests for model_1
[2026-08-21 17:07:36.243 GPU_Scheduler_1] Admitted 1 requests for model_4
[2026-08-21 17:07:36.503 GPU_Scheduler_1] Admitted 1 requests for model_4
[2026-08-21 17:07:36.535 GPU_Scheduler_1] Admitted 1 requests for model_4
[2026-08-21 17:07:36.643 GPU_Scheduler_1] Admitted 1 requests for model_4
[2026-08-21 17:07:36.751 GPU_Scheduler_1] Admitted 1 requests for model_4
[2026-08-21 17:07:36.902 GPU_Scheduler_1] Admitted 1 requests for model_4
[2026-08-21 17:07:36.981 GPU_Scheduler_0] Admitted 1 requests for model_6
[2026-08-21 17:07:37.035 GPU_Scheduler_0] Admitted 1 requests for model_6
[2026-08-21 17:07:37.053 GPU_Scheduler_1] Admitted 1 requests for model_4
[2026-08-21 17:07:37.247 GPU_Scheduler_1] [V5-LOOP] {"iters": 462, "t_mem": 0.01183570921421051, "t_redis": 0.301651589339599, "t_admit": 0.007239131955429912, "t_send": 0.017973991110920906, "t_iter": 0.33870042162016034, "admitted": 32, "iter_max": 0.0017329531256109476, "gpu_id": 1, "window_s": 5.002533674240112}
[2026-08-21 17:07:37.262 GPU_Scheduler_0] Admitted 1 requests for model_6
[2026-08-21 17:07:37.295 GPU_Scheduler_0] Admitted 1 requests for model_6
[2026-08-21 17:07:37.301 GPU_Scheduler_1] Admitted 1 requests for model_4
[2026-08-21 17:07:37.392 GPU_Scheduler_0] Admitted 1 requests for model_6
[2026-08-21 17:07:37.654 GPU_Scheduler_1] Admitted 1 requests for model_3
[2026-08-21 17:07:37.677 GPU_Scheduler_1] Admitted 1 requests for model_4
[2026-08-21 17:07:37.699 GPU_Scheduler_1] Admitted 1 requests for model_4
[2026-08-21 17:07:37.732 GPU_Scheduler_1] Admitted 1 requests for model_3
[2026-08-21 17:07:38.411 GPU_Scheduler_1] Admitted 2 requests for model_4
[2026-08-21 17:07:38.411 GPU_Scheduler_0] Admitted 2 requests for model_6
[2026-08-21 17:07:38.485 GPU_Scheduler_1] Admitted 1 requests for model_3
[2026-08-21 17:07:38.517 GPU_Scheduler_1] Admitted 2 requests for model_4
[2026-08-21 17:07:38.602 GPU_Scheduler_1] Admitted 1 requests for model_3
[2026-08-21 17:07:38.781 GPU_Scheduler_1] Admitted 1 requests for model_4
[2026-08-21 17:07:38.904 GPU_Scheduler_0] Admitted 1 requests for model_1
[2026-08-21 17:07:39.152 GPU_Scheduler_0] Admitted 1 requests for model_6
[2026-08-21 17:07:39.174 GPU_Scheduler_0] Admitted 1 requests for model_1
[2026-08-21 17:07:39.296 GPU_Scheduler_1] Admitted 1 requests for model_4
[2026-08-21 17:07:39.391 GPU_Scheduler_1] Admitted 1 requests for model_4
[2026-08-21 17:07:39.444 GPU_Scheduler_1] Admitted 1 requests for model_4
[2026-08-21 17:07:39.508 GPU_Scheduler_1] Admitted 1 requests for model_3
[2026-08-21 17:07:39.540 GPU_Scheduler_1] Admitted 1 requests for model_4
[2026-08-21 17:07:39.624 GPU_Scheduler_1] Admitted 1 requests for model_4
[2026-08-21 17:07:39.677 GPU_Scheduler_1] Admitted 1 requests for model_4
[2026-08-21 17:07:39.730 GPU_Scheduler_1] Admitted 1 requests for model_4
[2026-08-21 17:07:39.751 GPU_Scheduler_0] Admitted 1 requests for model_1
[2026-08-21 17:07:39.913 GPU_Scheduler_0] Admitted 1 requests for model_6
[2026-08-21 17:07:40.020 GPU_Scheduler_0] Admitted 1 requests for model_6
[2026-08-21 17:07:40.638 GPU_Scheduler_1] Admitted 1 requests for model_4
[2026-08-21 17:07:40.798 GPU_Scheduler_0] [V5-LOOP] {"iters": 467, "t_mem": 0.0087266496848315, "t_redis": 0.2742309414315969, "t_admit": 0.00517859635874629, "t_send": 0.009217321872711182, "t_iter": 0.29735350934788585, "admitted": 14, "iter_max": 0.001853364985436201, "gpu_id": 0, "window_s": 5.007539510726929}
[2026-08-21 17:07:40.969 GPU_Scheduler_0] Admitted 1 requests for model_6
[2026-08-21 17:07:41.045 GPU_Scheduler_1] Admitted 1 requests for model_4
[2026-08-21 17:07:41.494 GPU_Scheduler_0] Admitted 1 requests for model_6
[2026-08-21 17:07:41.614 GPU_Scheduler_0] Admitted 1 requests for model_6
[2026-08-21 17:07:41.979 GPU_Scheduler_1] Admitted 1 requests for model_4
[2026-08-21 17:07:42.120 GPU_Scheduler_1] Admitted 1 requests for model_4
[2026-08-21 17:07:42.250 GPU_Scheduler_1] [V5-LOOP] {"iters": 469, "t_mem": 0.009010710986331105, "t_redis": 0.24674170999787748, "t_admit": 0.005098668858408928, "t_send": 0.011514071142300963, "t_iter": 0.2723651609849185, "admitted": 24, "iter_max": 0.0018373040948063135, "gpu_id": 1, "window_s": 5.003379583358765}
[2026-08-21 17:07:42.510 GPU_Scheduler_0] Admitted 1 requests for model_6
[2026-08-21 17:07:42.673 GPU_Scheduler_0] Admitted 1 requests for model_1
[2026-08-21 17:07:42.694 GPU_Scheduler_1] Admitted 1 requests for model_4
[2026-08-21 17:07:42.749 GPU_Scheduler_1] Admitted 1 requests for model_4
[2026-08-21 17:07:43.421 GPU_Scheduler_1] Admitted 1 requests for model_4
[2026-08-21 17:07:43.543 GPU_Scheduler_0] Admitted 1 requests for model_1
[2026-08-21 17:07:43.698 GPU_Scheduler_1] Admitted 1 requests for model_3
[2026-08-21 17:07:43.811 GPU_Scheduler_0] Admitted 1 requests for model_6
[2026-08-21 17:07:44.053 GPU_Scheduler_1] Admitted 1 requests for model_4
[2026-08-21 17:07:44.203 GPU_Scheduler_1] Admitted 1 requests for model_4
[2026-08-21 17:07:44.247 GPU_Scheduler_0] Admitted 1 requests for model_6
[2026-08-21 17:07:44.375 GPU_Scheduler_0] Admitted 1 requests for model_6
[2026-08-21 17:07:44.557 GPU_Scheduler_0] Admitted 1 requests for model_6
[2026-08-21 17:07:44.609 GPU_Scheduler_1] Admitted 1 requests for model_3
[2026-08-21 17:07:45.076 GPU_Scheduler_0] Admitted 1 requests for model_6
[2026-08-21 17:07:45.113 GPU_Scheduler_1] Admitted 1 requests for model_4
[2026-08-21 17:07:45.130 GPU_Scheduler_0] Admitted 1 requests for model_1
[2026-08-21 17:07:45.511 GPU_Scheduler_0] Admitted 1 requests for model_1
[2026-08-21 17:07:45.803 GPU_Scheduler_0] [V5-LOOP] {"iters": 464, "t_mem": 0.010529397055506706, "t_redis": 0.29739274992607534, "t_admit": 0.006057587685063481, "t_send": 0.008298301603645086, "t_iter": 0.3222780362702906, "admitted": 13, "iter_max": 0.001897584879770875, "gpu_id": 0, "window_s": 5.004153728485107}
[2026-08-21 17:07:45.825 GPU_Scheduler_0] Admitted 1 requests for model_6
[2026-08-21 17:07:45.919 GPU_Scheduler_1] Admitted 1 requests for model_3
[2026-08-21 17:07:45.996 GPU_Scheduler_1] Admitted 1 requests for model_3
[2026-08-21 17:07:46.051 GPU_Scheduler_1] Admitted 1 requests for model_4
[2026-08-21 17:07:46.149 GPU_Scheduler_1] Admitted 1 requests for model_4
[2026-08-21 17:07:46.325 GPU_Scheduler_1] Admitted 1 requests for model_4
[2026-08-21 17:07:46.582 GPU_Scheduler_1] Admitted 1 requests for model_4
[2026-08-21 17:07:46.604 GPU_Scheduler_1] Admitted 1 requests for model_3
[2026-08-21 17:07:46.745 GPU_Scheduler_1] Admitted 1 requests for model_4
[2026-08-21 17:07:47.175 GPU_Scheduler_1] Admitted 1 requests for model_4
[2026-08-21 17:07:47.229 GPU_Scheduler_1] Admitted 1 requests for model_4
[2026-08-21 17:07:47.261 GPU_Scheduler_1] [V5-LOOP] {"iters": 465, "t_mem": 0.010047694901004434, "t_redis": 0.29174319724552333, "t_admit": 0.006139885867014527, "t_send": 0.011093308450654149, "t_iter": 0.31902408646419644, "admitted": 18, "iter_max": 0.001915095141157508, "gpu_id": 1, "window_s": 5.010385274887085}
[2026-08-21 17:07:47.348 GPU_Scheduler_1] Admitted 1 requests for model_3
[2026-08-21 17:07:47.605 GPU_Scheduler_1] Admitted 1 requests for model_4
[2026-08-21 17:07:47.745 GPU_Scheduler_1] Admitted 1 requests for model_3
[2026-08-21 17:07:47.804 GPU_Scheduler_0] Admitted 1 requests for model_6
[2026-08-21 17:07:47.928 GPU_Scheduler_1] Admitted 1 requests for model_4
[2026-08-21 17:07:48.076 GPU_Scheduler_0] Admitted 1 requests for model_1
[2026-08-21 17:07:48.099 GPU_Scheduler_1] Admitted 1 requests for model_4
[2026-08-21 17:07:48.131 GPU_Scheduler_1] Admitted 1 requests for model_3
[2026-08-21 17:07:48.240 GPU_Scheduler_0] Admitted 1 requests for model_1
[2026-08-21 17:07:48.348 GPU_Scheduler_0] Admitted 1 requests for model_1
[2026-08-21 17:07:48.681 GPU_Scheduler_1] Admitted 1 requests for model_4
[2026-08-21 17:07:48.726 GPU_Scheduler_0] Admitted 1 requests for model_6
[2026-08-21 17:07:48.843 GPU_Scheduler_1] Admitted 1 requests for model_3
[2026-08-21 17:07:48.940 GPU_Scheduler_1] Admitted 1 requests for model_3
[2026-08-21 17:07:49.183 GPU_Scheduler_1] Admitted 1 requests for model_4
[2026-08-21 17:07:49.191 GPU_Scheduler_0] Admitted 1 requests for model_6
[2026-08-21 17:07:49.309 GPU_Scheduler_0] Admitted 1 requests for model_6
[2026-08-21 17:07:49.340 GPU_Scheduler_1] Admitted 1 requests for model_4
[2026-08-21 17:07:49.570 GPU_Scheduler_1] Admitted 1 requests for model_4
[2026-08-21 17:07:49.633 GPU_Scheduler_1] Admitted 1 requests for model_4
[2026-08-21 17:07:49.644 GPU_Scheduler_1] Admitted 1 requests for model_4
[2026-08-21 17:07:49.854 GPU_Scheduler_1] Admitted 1 requests for model_3
[2026-08-21 17:07:49.890 GPU_Scheduler_0] Admitted 1 requests for model_6
[2026-08-21 17:07:50.491 GPU_Scheduler_1] Admitted 1 requests for model_4
[2026-08-21 17:07:50.524 GPU_Scheduler_1] Admitted 1 requests for model_4
[2026-08-21 17:07:50.546 GPU_Scheduler_1] Admitted 1 requests for model_3
[2026-08-21 17:07:50.743 GPU_Scheduler_0] Admitted 1 requests for model_1
[2026-08-21 17:07:50.752 GPU_Scheduler_1] Admitted 1 requests for model_4
[2026-08-21 17:07:50.807 GPU_Scheduler_0] [V5-LOOP] {"iters": 462, "t_mem": 0.011308437446132302, "t_redis": 0.31400385266169906, "t_admit": 0.006630463059991598, "t_send": 0.006654350785538554, "t_iter": 0.3385971039533615, "admitted": 10, "iter_max": 0.0024444779846817255, "gpu_id": 0, "window_s": 5.004199981689453}
[2026-08-21 17:07:51.138 GPU_Scheduler_1] Admitted 1 requests for model_4
[2026-08-21 17:07:51.194 GPU_Scheduler_0] Admitted 1 requests for model_6
[2026-08-21 17:07:51.388 GPU_Scheduler_0] Admitted 1 requests for model_6
[2026-08-21 17:07:51.543 GPU_Scheduler_1] Admitted 1 requests for model_4
[2026-08-21 17:07:51.554 GPU_Scheduler_1] Admitted 1 requests for model_4
[2026-08-21 17:07:51.658 GPU_Scheduler_0] Admitted 1 requests for model_1
[2026-08-21 17:07:51.662 GPU_Scheduler_1] Admitted 1 requests for model_3
[2026-08-21 17:07:51.690 GPU_Scheduler_0] Admitted 1 requests for model_6
[2026-08-21 17:07:51.864 GPU_Scheduler_0] Admitted 1 requests for model_1
[2026-08-21 17:07:52.047 GPU_Scheduler_0] Admitted 1 requests for model_1
[2026-08-21 17:07:52.080 GPU_Scheduler_0] Admitted 1 requests for model_6
[2026-08-21 17:07:52.167 GPU_Scheduler_1] Admitted 1 requests for model_3
[2026-08-21 17:07:52.264 GPU_Scheduler_1] [V5-LOOP] {"iters": 467, "t_mem": 0.010422511491924524, "t_redis": 0.26191180595196784, "t_admit": 0.006163255777209997, "t_send": 0.012348607648164034, "t_iter": 0.2908461808692664, "admitted": 24, "iter_max": 0.0015833629295229912, "gpu_id": 1, "window_s": 5.002306699752808}
[2026-08-21 17:07:52.296 GPU_Scheduler_1] Admitted 1 requests for model_4
[2026-08-21 17:07:52.412 GPU_Scheduler_0] Admitted 1 requests for model_6
[2026-08-21 17:07:52.425 GPU_Scheduler_1] Admitted 1 requests for model_4
[2026-08-21 17:07:52.436 GPU_Scheduler_1] Admitted 1 requests for model_3
[2026-08-21 17:07:52.671 GPU_Scheduler_1] Admitted 1 requests for model_3
[2026-08-21 17:07:52.864 GPU_Scheduler_1] Admitted 1 requests for model_4
[2026-08-21 17:07:52.964 GPU_Scheduler_0] Admitted 1 requests for model_6
[2026-08-21 17:07:53.106 GPU_Scheduler_0] Admitted 1 requests for model_6
[2026-08-21 17:07:53.154 GPU_Scheduler_1] Admitted 1 requests for model_4
[2026-08-21 17:07:53.183 GPU_Scheduler_0] Admitted 1 requests for model_6
[2026-08-21 17:07:53.401 GPU_Scheduler_0] Admitted 1 requests for model_6
[2026-08-21 17:07:53.564 GPU_Scheduler_0] Admitted 1 requests for model_6
[2026-08-21 17:07:53.631 GPU_Scheduler_0] Admitted 1 requests for model_6
[2026-08-21 17:07:53.660 GPU_Scheduler_1] Admitted 1 requests for model_3
[2026-08-21 17:07:53.832 GPU_Scheduler_1] Admitted 1 requests for model_4
[2026-08-21 17:07:53.897 GPU_Scheduler_0] Admitted 1 requests for model_6
[2026-08-21 17:07:53.972 GPU_Scheduler_0] Admitted 1 requests for model_6
[2026-08-21 17:07:54.422 GPU_Scheduler_1] Admitted 1 requests for model_4
[2026-08-21 17:07:54.538 GPU_Scheduler_0] Admitted 1 requests for model_1
[2026-08-21 17:07:54.594 GPU_Scheduler_1] Admitted 1 requests for model_4
[2026-08-21 17:07:54.691 GPU_Scheduler_1] Admitted 1 requests for model_3
[2026-08-21 17:07:55.282 GPU_Scheduler_1] Admitted 1 requests for model_4
[2026-08-21 17:07:55.293 GPU_Scheduler_1] Admitted 1 requests for model_3
[2026-08-21 17:07:55.314 GPU_Scheduler_0] Admitted 1 requests for model_6
[2026-08-21 17:07:55.401 GPU_Scheduler_0] Admitted 1 requests for model_6
[2026-08-21 17:07:55.444 GPU_Scheduler_0] Admitted 1 requests for model_6
[2026-08-21 17:07:55.508 GPU_Scheduler_1] Admitted 1 requests for model_4
[2026-08-21 17:07:55.540 GPU_Scheduler_1] Admitted 1 requests for model_4
[2026-08-21 17:07:55.723 GPU_Scheduler_1] Admitted 1 requests for model_3
[2026-08-21 17:07:55.809 GPU_Scheduler_0] [V5-LOOP] {"iters": 463, "t_mem": 0.01361233601346612, "t_redis": 0.29511574120260775, "t_admit": 0.007024259539321065, "t_send": 0.01279879710637033, "t_iter": 0.32855113386176527, "admitted": 20, "iter_max": 0.002583590103313327, "gpu_id": 0, "window_s": 5.000903606414795}
[2026-08-21 17:07:55.896 GPU_Scheduler_1] Admitted 1 requests for model_4
[2026-08-21 17:07:55.961 GPU_Scheduler_1] Admitted 1 requests for model_4
[2026-08-21 17:07:55.994 GPU_Scheduler_1] Admitted 1 requests for model_4
[2026-08-21 17:07:56.499 GPU_Scheduler_1] Admitted 1 requests for model_3
[2026-08-21 17:07:56.607 GPU_Scheduler_1] Admitted 1 requests for model_4
[2026-08-21 17:07:56.618 GPU_Scheduler_1] Admitted 1 requests for model_4
[2026-08-21 17:07:56.780 GPU_Scheduler_1] Admitted 1 requests for model_3
[2026-08-21 17:07:56.855 GPU_Scheduler_1] Admitted 1 requests for model_4
[2026-08-21 17:07:56.866 GPU_Scheduler_1] Admitted 1 requests for model_4
[2026-08-21 17:07:57.265 GPU_Scheduler_1] [V5-LOOP] {"iters": 466, "t_mem": 0.008113945834338665, "t_redis": 0.27222125814296305, "t_admit": 0.005364243173971772, "t_send": 0.014992387499660254, "t_iter": 0.30069183465093374, "admitted": 25, "iter_max": 0.0018564439378678799, "gpu_id": 1, "window_s": 5.00101900100708}
[2026-08-21 17:07:57.579 GPU_Scheduler_0] Admitted 1 requests for model_6
[2026-08-21 17:07:57.623 GPU_Scheduler_1] Admitted 1 requests for model_3
[2026-08-21 17:07:57.676 GPU_Scheduler_1] Admitted 1 requests for model_4
[2026-08-21 17:07:57.751 GPU_Scheduler_0] Admitted 1 requests for model_6
[2026-08-21 17:07:57.943 GPU_Scheduler_0] Admitted 1 requests for model_6
[2026-08-21 17:07:58.012 GPU_Scheduler_1] Received activate request for model model_1
[2026-08-21 17:07:58.012 GPU_Scheduler_1] Received activate request for model_1, model_states: {'model_1': 'preparing', 'model_2': 'deactivated', 'model_3': 'activated', 'model_4': 'activated', 'model_5': 'deactivated', 'model_6': 'deactivated'}
[2026-08-21 17:07:58.012 GPU_Scheduler_1] Assign worker 1 to model_1. Current model_to_worker: {'model_3': 2, 'model_4': 0, 'model_1': 1}
[2026-08-21 17:07:58.088 GPU_Scheduler_1] Admitted 1 requests for model_4
[2026-08-21 17:07:58.231 GPU_Scheduler_1] Admitted 1 requests for model_4
[2026-08-21 17:07:58.447 GPU_Scheduler_1] Admitted 1 requests for model_4
[2026-08-21 17:07:58.717 GPU_Scheduler_1] Admitted 1 requests for model_4
[2026-08-21 17:07:58.762 GPU_Scheduler_0] Admitted 1 requests for model_6
[2026-08-21 17:07:58.826 GPU_Scheduler_1] Admitted 1 requests for model_4
[2026-08-21 17:07:58.912 GPU_Scheduler_1] Admitted 1 requests for model_4
[2026-08-21 17:07:59.227 GPU_Scheduler_1] Admitted 1 requests for model_3
[2026-08-21 17:07:59.391 GPU_Scheduler_0] Admitted 1 requests for model_1
[2026-08-21 17:07:59.576 GPU_Scheduler_1] Admitted 1 requests for model_3
[2026-08-21 17:07:59.587 GPU_Scheduler_1] Admitted 1 requests for model_4
[2026-08-21 17:07:59.587 GPU_Scheduler_1] Admitted 1 requests for model_3
[2026-08-21 17:07:59.643 GPU_Scheduler_0] Admitted 1 requests for model_6
[2026-08-21 17:07:59.707 GPU_Scheduler_1] Model model_1 (instance 1) activation succeeded on GPU 1
[2026-08-21 17:07:59.714 GPU_Scheduler_0] Received deactivate request for model model_1
[2026-08-21 17:07:59.714 GPU_Scheduler_0] Received deactivate request for model_1, model_states: {'model_1': 'deactivating', 'model_2': 'deactivated', 'model_3': 'deactivated', 'model_4': 'deactivated', 'model_5': 'deactivated', 'model_6': 'activated'}
[2026-08-21 17:07:59.714 GPU_Scheduler_0] Release worker 0 from model model_1. Current model_to_worker: {'model_6': 1}
[2026-08-21 17:07:59.728 GPU_Scheduler_1] Admitted 1 requests for model_4
[2026-08-21 17:07:59.772 GPU_Scheduler_1] Admitted 1 requests for model_4
[2026-08-21 17:07:59.937 GPU_Scheduler_0] Admitted 1 requests for model_6
[2026-08-21 17:07:59.967 GPU_Scheduler_1] Admitted 1 requests for model_4
[2026-08-21 17:08:00.284 GPU_Scheduler_0] Admitted 1 requests for model_6
[2026-08-21 17:08:00.358 GPU_Scheduler_0] Admitted 1 requests for model_6
[2026-08-21 17:08:00.453 GPU_Scheduler_0] Model model_1 (instance 0) deactivation succeeded on GPU 0
[2026-08-21 17:08:00.461 GPU_Scheduler_1] Received activate request for model model_1
[2026-08-21 17:08:00.461 GPU_Scheduler_1] Received activate request for model_1, model_states: {'model_1': 'committing', 'model_2': 'deactivated', 'model_3': 'activated', 'model_4': 'activated', 'model_5': 'deactivated', 'model_6': 'deactivated'}
[2026-08-21 17:08:00.461 GPU_Scheduler_1] [PAPER-OVERLAP-V6] commit dispatched model=model_1 gpu=1 worker=1
[2026-08-21 17:08:00.474 GPU_Scheduler_1] Admitted 1 requests for model_4
[2026-08-21 17:08:00.486 GPU_Scheduler_1] Admitted 1 requests for model_4
[2026-08-21 17:08:00.504 GPU_Scheduler_0] Admitted 1 requests for model_6
[2026-08-21 17:08:00.540 GPU_Scheduler_1] Admitted 1 requests for model_4
[2026-08-21 17:08:00.744 GPU_Scheduler_1] Admitted 1 requests for model_4
[2026-08-21 17:08:00.766 GPU_Scheduler_1] Admitted 1 requests for model_3
[2026-08-21 17:08:00.808 GPU_Scheduler_1] Admitted 1 requests for model_3
[2026-08-21 17:08:00.814 GPU_Scheduler_0] [V5-LOOP] {"iters": 474, "t_mem": 0.007055851863697171, "t_redis": 0.20993756945244968, "t_admit": 0.003944016760215163, "t_send": 0.005098250461742282, "t_iter": 0.2260356885381043, "admitted": 10, "iter_max": 0.0014520010445266962, "gpu_id": 0, "window_s": 5.005325794219971}
[2026-08-21 17:08:01.320 GPU_Scheduler_0] Admitted 1 requests for model_6
[2026-08-21 17:08:01.351 GPU_Scheduler_0] Admitted 1 requests for model_6
[2026-08-21 17:08:01.496 GPU_Scheduler_0] Admitted 1 requests for model_6
[2026-08-21 17:08:01.682 GPU_Scheduler_0] Admitted 1 requests for model_6
[2026-08-21 17:08:01.727 GPU_Scheduler_1] Admitted 1 requests for model_4
[2026-08-21 17:08:01.771 GPU_Scheduler_1] Admitted 1 requests for model_4
[2026-08-21 17:08:01.792 GPU_Scheduler_1] Admitted 1 requests for model_4
[2026-08-21 17:08:01.806 GPU_Scheduler_0] Admitted 1 requests for model_6
[2026-08-21 17:08:02.094 GPU_Scheduler_1] Admitted 1 requests for model_4
[2026-08-21 17:08:02.138 GPU_Scheduler_1] Admitted 1 requests for model_4
[2026-08-21 17:08:02.266 GPU_Scheduler_1] [V5-LOOP] {"iters": 465, "t_mem": 0.011222653090953827, "t_redis": 0.2769785092677921, "t_admit": 0.006215275498107076, "t_send": 0.014762496575713158, "t_iter": 0.30917893443256617, "admitted": 26, "iter_max": 0.001743023982271552, "gpu_id": 1, "window_s": 5.001106262207031}
[2026-08-21 17:08:02.681 GPU_Scheduler_1] Model model_1 (instance 1) activation succeeded on GPU 1
[2026-08-21 17:08:02.683 GPU_Scheduler_1] Admitted 3 requests for model_1
[2026-08-21 17:08:02.817 GPU_Scheduler_1] Admitted 1 requests for model_3
[2026-08-21 17:08:02.921 GPU_Scheduler_0] Admitted 1 requests for model_6
[2026-08-21 17:08:03.293 GPU_Scheduler_1] Admitted 1 requests for model_4
[2026-08-21 17:08:03.355 GPU_Scheduler_0] Admitted 1 requests for model_6
[2026-08-21 17:08:03.370 GPU_Scheduler_1] Admitted 1 requests for model_1
[2026-08-21 17:08:03.554 GPU_Scheduler_1] Admitted 1 requests for model_1
[2026-08-21 17:08:03.631 GPU_Scheduler_1] Admitted 1 requests for model_4
[2026-08-21 17:08:03.805 GPU_Scheduler_1] Admitted 1 requests for model_4
[2026-08-21 17:08:04.151 GPU_Scheduler_0] Admitted 1 requests for model_6
[2026-08-21 17:08:04.172 GPU_Scheduler_1] Admitted 1 requests for model_3
[2026-08-21 17:08:04.195 GPU_Scheduler_1] Admitted 1 requests for model_4
[2026-08-21 17:08:04.250 GPU_Scheduler_1] Admitted 2 requests for model_4
[2026-08-21 17:08:04.349 GPU_Scheduler_1] Admitted 1 requests for model_3
[2026-08-21 17:08:04.372 GPU_Scheduler_1] Admitted 1 requests for model_4
[2026-08-21 17:08:04.389 GPU_Scheduler_0] Admitted 1 requests for model_6
[2026-08-21 17:08:04.471 GPU_Scheduler_1] Admitted 1 requests for model_4
[2026-08-21 17:08:04.503 GPU_Scheduler_0] Admitted 1 requests for model_6
[2026-08-21 17:08:04.723 GPU_Scheduler_1] Admitted 1 requests for model_4
[2026-08-21 17:08:04.745 GPU_Scheduler_1] Admitted 1 requests for model_4
[2026-08-21 17:08:04.814 GPU_Scheduler_0] Admitted 1 requests for model_6
[2026-08-21 17:08:04.966 GPU_Scheduler_1] Admitted 1 requests for model_3
[2026-08-21 17:08:05.618 GPU_Scheduler_1] Admitted 1 requests for model_4
[2026-08-21 17:08:05.674 GPU_Scheduler_1] Admitted 1 requests for model_4
[2026-08-21 17:08:05.762 GPU_Scheduler_1] Admitted 1 requests for model_3
[2026-08-21 17:08:05.818 GPU_Scheduler_0] [V5-LOOP] {"iters": 484, "t_mem": 0.008164676139131188, "t_redis": 0.10530211450532079, "t_admit": 0.0037993681617081165, "t_send": 0.00507634412497282, "t_iter": 0.12234250293113291, "admitted": 11, "iter_max": 0.0009638678748160601, "gpu_id": 0, "window_s": 5.004021883010864}
[2026-08-21 17:08:05.927 GPU_Scheduler_1] Admitted 1 requests for model_4
[2026-08-21 17:08:05.985 GPU_Scheduler_1] Admitted 1 requests for model_3
[2026-08-21 17:08:06.037 GPU_Scheduler_0] Admitted 1 requests for model_6
[2026-08-21 17:08:06.134 GPU_Scheduler_1] Admitted 1 requests for model_3
[2026-08-21 17:08:06.522 GPU_Scheduler_0] Admitted 1 requests for model_6
[2026-08-21 17:08:06.770 GPU_Scheduler_0] Admitted 1 requests for model_6
[2026-08-21 17:08:06.899 GPU_Scheduler_1] Admitted 1 requests for model_4
[2026-08-21 17:08:07.021 GPU_Scheduler_1] Admitted 1 requests for model_1
[2026-08-21 17:08:07.032 GPU_Scheduler_1] Admitted 1 requests for model_3
[2026-08-21 17:08:07.132 GPU_Scheduler_1] Admitted 1 requests for model_4
[2026-08-21 17:08:07.275 GPU_Scheduler_1] [V5-LOOP] {"iters": 454, "t_mem": 0.01130412775091827, "t_redis": 0.39490693900734186, "t_admit": 0.0067164606880396605, "t_send": 0.015810759738087654, "t_iter": 0.42873828718438745, "admitted": 29, "iter_max": 0.002227707067504525, "gpu_id": 1, "window_s": 5.008882522583008}
[2026-08-21 17:08:07.396 GPU_Scheduler_1] Admitted 1 requests for model_4
[2026-08-21 17:08:07.518 GPU_Scheduler_1] Admitted 1 requests for model_4
[2026-08-21 17:08:07.595 GPU_Scheduler_1] Admitted 1 requests for model_3
[2026-08-21 17:08:07.712 GPU_Scheduler_0] Admitted 1 requests for model_6
[2026-08-21 17:08:07.847 GPU_Scheduler_1] Admitted 1 requests for model_4
[2026-08-21 17:08:07.857 GPU_Scheduler_0] Admitted 1 requests for model_6
[2026-08-21 17:08:07.990 GPU_Scheduler_1] Admitted 1 requests for model_4
[2026-08-21 17:08:08.220 GPU_Scheduler_1] Admitted 1 requests for model_4
[2026-08-21 17:08:08.736 GPU_Scheduler_0] Admitted 1 requests for model_6
[2026-08-21 17:08:08.856 GPU_Scheduler_1] Admitted 1 requests for model_1
[2026-08-21 17:08:08.998 GPU_Scheduler_0] Admitted 1 requests for model_6
[2026-08-21 17:08:09.022 GPU_Scheduler_1] Admitted 1 requests for model_3
[2026-08-21 17:08:09.254 GPU_Scheduler_1] Admitted 1 requests for model_3
[2026-08-21 17:08:09.287 GPU_Scheduler_1] Admitted 1 requests for model_4
[2026-08-21 17:08:09.288 GPU_Scheduler_1] Admitted 1 requests for model_3
[2026-08-21 17:08:09.406 GPU_Scheduler_0] Admitted 1 requests for model_6
[2026-08-21 17:08:09.565 GPU_Scheduler_0] Admitted 1 requests for model_6
[2026-08-21 17:08:09.578 GPU_Scheduler_1] Admitted 1 requests for model_4
[2026-08-21 17:08:09.623 GPU_Scheduler_1] Admitted 1 requests for model_4
[2026-08-21 17:08:09.713 GPU_Scheduler_1] Admitted 1 requests for model_4
[2026-08-21 17:08:09.758 GPU_Scheduler_1] Admitted 1 requests for model_4
[2026-08-21 17:08:09.979 GPU_Scheduler_1] Admitted 1 requests for model_1
[2026-08-21 17:08:10.026 GPU_Scheduler_0] Admitted 1 requests for model_6
[2026-08-21 17:08:10.433 GPU_Scheduler_0] Admitted 1 requests for model_6
[2026-08-21 17:08:10.619 GPU_Scheduler_1] Admitted 1 requests for model_4
[2026-08-21 17:08:10.645 GPU_Scheduler_0] Admitted 1 requests for model_6
[2026-08-21 17:08:10.775 GPU_Scheduler_1] Admitted 1 requests for model_1
[2026-08-21 17:08:10.824 GPU_Scheduler_0] [V5-LOOP] {"iters": 480, "t_mem": 0.00818013516254723, "t_redis": 0.14123511221259832, "t_admit": 0.0053034157026559114, "t_send": 0.0072286531794816256, "t_iter": 0.1619473162572831, "admitted": 12, "iter_max": 0.0013975598849356174, "gpu_id": 0, "window_s": 5.005415201187134}
[2026-08-21 17:08:10.887 GPU_Scheduler_1] Admitted 1 requests for model_4
[2026-08-21 17:08:11.046 GPU_Scheduler_1] Admitted 1 requests for model_4
[2026-08-21 17:08:11.418 GPU_Scheduler_1] Admitted 1 requests for model_4
[2026-08-21 17:08:11.483 GPU_Scheduler_1] Admitted 1 requests for model_3
[2026-08-21 17:08:11.526 GPU_Scheduler_1] Admitted 1 requests for model_3
[2026-08-21 17:08:11.580 GPU_Scheduler_1] Admitted 2 requests for model_4
[2026-08-21 17:08:11.699 GPU_Scheduler_0] Admitted 1 requests for model_6
[2026-08-21 17:08:11.732 GPU_Scheduler_0] Admitted 1 requests for model_6
[2026-08-21 17:08:11.870 GPU_Scheduler_1] Admitted 1 requests for model_3
[2026-08-21 17:08:12.075 GPU_Scheduler_1] Admitted 1 requests for model_4
[2026-08-21 17:08:12.187 GPU_Scheduler_1] Admitted 1 requests for model_4
[2026-08-21 17:08:12.276 GPU_Scheduler_1] [V5-LOOP] {"iters": 453, "t_mem": 0.009202081244438887, "t_redis": 0.3986927452497184, "t_admit": 0.006241516210138798, "t_send": 0.015530240722000599, "t_iter": 0.4296665834262967, "admitted": 28, "iter_max": 0.002781432121992111, "gpu_id": 1, "window_s": 5.000820636749268}
[2026-08-21 17:08:12.447 GPU_Scheduler_0] Admitted 1 requests for model_6
[2026-08-21 17:08:12.559 GPU_Scheduler_1] Admitted 1 requests for model_3
[2026-08-21 17:08:12.864 GPU_Scheduler_1] Admitted 1 requests for model_4
[2026-08-21 17:08:13.092 GPU_Scheduler_1] Admitted 1 requests for model_3
[2026-08-21 17:08:13.157 GPU_Scheduler_1] Admitted 1 requests for model_4
[2026-08-21 17:08:13.235 GPU_Scheduler_0] Admitted 1 requests for model_6
[2026-08-21 17:08:13.362 GPU_Scheduler_0] Admitted 1 requests for model_6
[2026-08-21 17:08:13.365 GPU_Scheduler_1] Admitted 1 requests for model_4
[2026-08-21 17:08:13.616 GPU_Scheduler_0] Admitted 1 requests for model_6
[2026-08-21 17:08:13.774 GPU_Scheduler_0] Admitted 1 requests for model_6
[2026-08-21 17:08:13.847 GPU_Scheduler_0] Admitted 1 requests for model_6
[2026-08-21 17:08:13.890 GPU_Scheduler_0] Admitted 1 requests for model_6
[2026-08-21 17:08:13.941 GPU_Scheduler_1] Admitted 1 requests for model_4
[2026-08-21 17:08:14.073 GPU_Scheduler_1] Admitted 1 requests for model_1
[2026-08-21 17:08:14.224 GPU_Scheduler_0] Admitted 1 requests for model_6
[2026-08-21 17:08:14.338 GPU_Scheduler_1] Admitted 1 requests for model_4
[2026-08-21 17:08:14.790 GPU_Scheduler_1] Admitted 1 requests for model_4
[2026-08-21 17:08:14.918 GPU_Scheduler_0] Admitted 1 requests for model_6
[2026-08-21 17:08:14.921 GPU_Scheduler_1] Admitted 1 requests for model_1
[2026-08-21 17:08:14.955 GPU_Scheduler_1] Admitted 1 requests for model_3
[2026-08-21 17:08:15.024 GPU_Scheduler_0] Admitted 1 requests for model_6
[2026-08-21 17:08:15.042 GPU_Scheduler_1] Admitted 1 requests for model_4
[2026-08-21 17:08:15.207 GPU_Scheduler_1] Admitted 1 requests for model_4
[2026-08-21 17:08:15.391 GPU_Scheduler_0] Admitted 1 requests for model_6
[2026-08-21 17:08:15.546 GPU_Scheduler_1] Admitted 1 requests for model_4
[2026-08-21 17:08:15.709 GPU_Scheduler_1] Admitted 1 requests for model_1
[2026-08-21 17:08:15.829 GPU_Scheduler_0] [V5-LOOP] {"iters": 476, "t_mem": 0.012477900367230177, "t_redis": 0.17404197924770415, "t_admit": 0.00607216777279973, "t_send": 0.00875950139015913, "t_iter": 0.20135154877789319, "admitted": 13, "iter_max": 0.0018566050566732883, "gpu_id": 0, "window_s": 5.00484037399292}
[2026-08-21 17:08:16.031 GPU_Scheduler_0] Admitted 1 requests for model_6
[2026-08-21 17:08:16.103 GPU_Scheduler_1] Admitted 1 requests for model_3
[2026-08-21 17:08:16.137 GPU_Scheduler_0] Admitted 1 requests for model_6
[2026-08-21 17:08:16.158 GPU_Scheduler_0] Admitted 1 requests for model_6
[2026-08-21 17:08:16.442 GPU_Scheduler_1] Admitted 1 requests for model_4
[2026-08-21 17:08:16.454 GPU_Scheduler_0] Admitted 1 requests for model_6
[2026-08-21 17:08:16.454 GPU_Scheduler_1] Admitted 1 requests for model_3
[2026-08-21 17:08:16.498 GPU_Scheduler_1] Admitted 1 requests for model_4
[2026-08-21 17:08:16.597 GPU_Scheduler_1] Admitted 1 requests for model_4
[2026-08-21 17:08:16.609 GPU_Scheduler_1] Admitted 1 requests for model_4
[2026-08-21 17:08:16.620 GPU_Scheduler_1] Admitted 1 requests for model_4
[2026-08-21 17:08:16.784 GPU_Scheduler_1] Admitted 1 requests for model_4
[2026-08-21 17:08:16.821 GPU_Scheduler_0] Admitted 1 requests for model_6
[2026-08-21 17:08:17.158 GPU_Scheduler_1] Admitted 1 requests for model_4
[2026-08-21 17:08:17.158 GPU_Scheduler_1] Admitted 1 requests for model_3
[2026-08-21 17:08:17.279 GPU_Scheduler_1] [V5-LOOP] {"iters": 457, "t_mem": 0.009290169924497604, "t_redis": 0.36477368837222457, "t_admit": 0.005767610156908631, "t_send": 0.013863777043297887, "t_iter": 0.3936952454969287, "admitted": 25, "iter_max": 0.001989946002140641, "gpu_id": 1, "window_s": 5.002398490905762}
[2026-08-21 17:08:17.323 GPU_Scheduler_1] Admitted 1 requests for model_4
[2026-08-21 17:08:17.411 GPU_Scheduler_0] Admitted 1 requests for model_6
[2026-08-21 17:08:17.411 GPU_Scheduler_1] Admitted 1 requests for model_4
[2026-08-21 17:08:17.619 GPU_Scheduler_1] Admitted 1 requests for model_1
[2026-08-21 17:08:17.751 GPU_Scheduler_1] Admitted 1 requests for model_3
[2026-08-21 17:08:18.877 GPU_Scheduler_0] Received activate request for model model_2
[2026-08-21 17:08:18.877 GPU_Scheduler_0] Received activate request for model_2, model_states: {'model_1': 'deactivated', 'model_2': 'activating', 'model_3': 'deactivated', 'model_4': 'deactivated', 'model_5': 'deactivated', 'model_6': 'activated'}
[2026-08-21 17:08:18.877 GPU_Scheduler_0] Assign worker 3 to model_2. Current model_to_worker: {'model_6': 1, 'model_2': 3}
[2026-08-21 17:08:18.885 GPU_Scheduler_0] Admitted 6 requests for model_2
[2026-08-21 17:08:19.198 GPU_Scheduler_0] Admitted 1 requests for model_2
[2026-08-21 17:08:19.370 GPU_Scheduler_0] Admitted 1 requests for model_2
[2026-08-21 17:08:19.448 GPU_Scheduler_1] Admitted 1 requests for model_3
[2026-08-21 17:08:19.543 GPU_Scheduler_0] Admitted 1 requests for model_2
[2026-08-21 17:08:19.951 GPU_Scheduler_0] Admitted 1 requests for model_2
[2026-08-21 17:08:20.072 GPU_Scheduler_0] Model model_2 (instance 0) activation succeeded on GPU 0
[2026-08-21 17:08:20.297 GPU_Scheduler_1] Admitted 1 requests for model_3
[2026-08-21 17:08:20.318 GPU_Scheduler_0] Admitted 1 requests for model_2
[2026-08-21 17:08:20.351 GPU_Scheduler_0] Admitted 1 requests for model_2
[2026-08-21 17:08:20.446 GPU_Scheduler_1] Admitted 1 requests for model_3
[2026-08-21 17:08:20.512 GPU_Scheduler_0] Admitted 1 requests for model_2
[2026-08-21 17:08:20.664 GPU_Scheduler_0] Admitted 1 requests for model_2
[2026-08-21 17:08:20.734 GPU_Scheduler_1] Admitted 1 requests for model_1
[2026-08-21 17:08:20.826 GPU_Scheduler_0] Admitted 1 requests for model_2
[2026-08-21 17:08:20.838 GPU_Scheduler_0] [V5-LOOP] {"iters": 472, "t_mem": 0.010528990998864174, "t_redis": 0.2155988491140306, "t_admit": 0.006303891772404313, "t_send": 0.012456366093829274, "t_iter": 0.24488809797912836, "admitted": 21, "iter_max": 0.0027200120966881514, "gpu_id": 0, "window_s": 5.008207082748413}
[2026-08-21 17:08:20.989 GPU_Scheduler_1] Admitted 1 requests for model_3
[2026-08-21 17:08:21.322 GPU_Scheduler_0] Admitted 1 requests for model_2
[2026-08-21 17:08:21.389 GPU_Scheduler_0] Admitted 1 requests for model_2
[2026-08-21 17:08:21.504 GPU_Scheduler_1] Admitted 1 requests for model_3
[2026-08-21 17:08:21.951 GPU_Scheduler_0] Admitted 1 requests for model_2
[2026-08-21 17:08:22.023 GPU_Scheduler_1] Admitted 1 requests for model_3
[2026-08-21 17:08:22.146 GPU_Scheduler_0] Admitted 1 requests for model_2
[2026-08-21 17:08:22.179 GPU_Scheduler_0] Admitted 1 requests for model_2
[2026-08-21 17:08:22.201 GPU_Scheduler_0] Admitted 1 requests for model_2
[2026-08-21 17:08:22.280 GPU_Scheduler_1] [V5-LOOP] {"iters": 459, "t_mem": 0.009589244611561298, "t_redis": 0.35173419350758195, "t_admit": 0.005082921590656042, "t_send": 0.0056143756955862045, "t_iter": 0.3720207354053855, "admitted": 11, "iter_max": 0.0019849848467856646, "gpu_id": 1, "window_s": 5.000964641571045}
[2026-08-21 17:08:22.288 GPU_Scheduler_0] Admitted 1 requests for model_2
[2026-08-21 17:08:22.353 GPU_Scheduler_0] Admitted 1 requests for model_2
[2026-08-21 17:08:22.623 GPU_Scheduler_0] Admitted 1 requests for model_2
[2026-08-21 17:08:22.645 GPU_Scheduler_0] Admitted 1 requests for model_2
[2026-08-21 17:08:22.761 GPU_Scheduler_1] Admitted 1 requests for model_1
[2026-08-21 17:08:22.947 GPU_Scheduler_1] Admitted 1 requests for model_1
[2026-08-21 17:08:23.062 GPU_Scheduler_0] Admitted 1 requests for model_2
[2026-08-21 17:08:23.068 GPU_Scheduler_1] Admitted 1 requests for model_1
[2026-08-21 17:08:23.266 GPU_Scheduler_0] Admitted 1 requests for model_2
[2026-08-21 17:08:23.331 GPU_Scheduler_1] Admitted 1 requests for model_1
[2026-08-21 17:08:23.481 GPU_Scheduler_0] Admitted 1 requests for model_2
[2026-08-21 17:08:23.531 GPU_Scheduler_1] Admitted 1 requests for model_1
[2026-08-21 17:08:23.632 GPU_Scheduler_0] Admitted 1 requests for model_2
[2026-08-21 17:08:23.718 GPU_Scheduler_0] Admitted 1 requests for model_2
[2026-08-21 17:08:23.923 GPU_Scheduler_0] Received activate request for model model_5
[2026-08-21 17:08:23.924 GPU_Scheduler_0] Received activate request for model_5, model_states: {'model_1': 'deactivated', 'model_2': 'activated', 'model_3': 'deactivated', 'model_4': 'deactivated', 'model_5': 'activating', 'model_6': 'activated'}
[2026-08-21 17:08:23.924 GPU_Scheduler_0] Assign worker 2 to model_5. Current model_to_worker: {'model_6': 1, 'model_2': 3, 'model_5': 2}
[2026-08-21 17:08:23.932 GPU_Scheduler_0] Admitted 2 requests for model_5
[2026-08-21 17:08:23.950 GPU_Scheduler_1] Admitted 1 requests for model_1
[2026-08-21 17:08:24.050 GPU_Scheduler_1] Admitted 1 requests for model_3
[2026-08-21 17:08:24.128 GPU_Scheduler_1] Admitted 1 requests for model_3
[2026-08-21 17:08:24.140 GPU_Scheduler_0] Admitted 1 requests for model_5
[2026-08-21 17:08:24.206 GPU_Scheduler_0] Admitted 1 requests for model_2
[2026-08-21 17:08:24.251 GPU_Scheduler_0] Admitted 1 requests for model_2
[2026-08-21 17:08:24.328 GPU_Scheduler_0] Admitted 1 requests for model_2
[2026-08-21 17:08:24.484 GPU_Scheduler_0] Admitted 1 requests for model_2
[2026-08-21 17:08:24.867 GPU_Scheduler_0] Admitted 1 requests for model_2
[2026-08-21 17:08:24.878 GPU_Scheduler_0] Admitted 1 requests for model_2
[2026-08-21 17:08:24.935 GPU_Scheduler_1] Admitted 1 requests for model_3
[2026-08-21 17:08:24.955 GPU_Scheduler_0] Admitted 1 requests for model_2
[2026-08-21 17:08:24.991 GPU_Scheduler_1] Admitted 1 requests for model_3
[2026-08-21 17:08:25.047 GPU_Scheduler_1] Admitted 1 requests for model_1
[2026-08-21 17:08:25.081 GPU_Scheduler_1] Admitted 1 requests for model_3
[2026-08-21 17:08:25.104 GPU_Scheduler_1] Admitted 1 requests for model_3
[2026-08-21 17:08:25.130 GPU_Scheduler_0] Admitted 2 requests for model_2
[2026-08-21 17:08:25.193 GPU_Scheduler_1] Admitted 1 requests for model_1
[2026-08-21 17:08:25.205 GPU_Scheduler_1] Admitted 1 requests for model_1
[2026-08-21 17:08:25.207 GPU_Scheduler_0] Admitted 1 requests for model_2
[2026-08-21 17:08:25.306 GPU_Scheduler_0] Admitted 1 requests for model_2
[2026-08-21 17:08:25.439 GPU_Scheduler_0] Admitted 1 requests for model_2
[2026-08-21 17:08:25.538 GPU_Scheduler_0] Admitted 1 requests for model_2
[2026-08-21 17:08:25.682 GPU_Scheduler_0] Admitted 1 requests for model_2
[2026-08-21 17:08:25.760 GPU_Scheduler_0] Admitted 1 requests for model_2
[2026-08-21 17:08:25.791 GPU_Scheduler_1] Admitted 1 requests for model_3
[2026-08-21 17:08:25.849 GPU_Scheduler_0] [V5-LOOP] {"iters": 461, "t_mem": 0.010130261303856969, "t_redis": 0.3239801505114883, "t_admit": 0.006737305549904704, "t_send": 0.019034272991120815, "t_iter": 0.3598819903563708, "admitted": 33, "iter_max": 0.0017355529125779867, "gpu_id": 0, "window_s": 5.01081109046936}
[2026-08-21 17:08:25.914 GPU_Scheduler_1] Admitted 1 requests for model_3
[2026-08-21 17:08:26.002 GPU_Scheduler_1] Admitted 1 requests for model_3
[2026-08-21 17:08:26.036 GPU_Scheduler_0] Admitted 1 requests for model_2
[2026-08-21 17:08:26.135 GPU_Scheduler_0] Admitted 1 requests for model_2
[2026-08-21 17:08:26.354 GPU_Scheduler_1] Admitted 1 requests for model_3
[2026-08-21 17:08:26.383 GPU_Scheduler_0] Model model_5 (instance 0) activation succeeded on GPU 0
[2026-08-21 17:08:26.609 GPU_Scheduler_0] Admitted 1 requests for model_2
[2026-08-21 17:08:26.686 GPU_Scheduler_1] Admitted 1 requests for model_1
[2026-08-21 17:08:26.732 GPU_Scheduler_1] Admitted 1 requests for model_3
[2026-08-21 17:08:26.854 GPU_Scheduler_0] Admitted 1 requests for model_2
[2026-08-21 17:08:26.866 GPU_Scheduler_0] Admitted 1 requests for model_2
[2026-08-21 17:08:27.019 GPU_Scheduler_0] Admitted 1 requests for model_2
[2026-08-21 17:08:27.129 GPU_Scheduler_0] Admitted 1 requests for model_2
[2026-08-21 17:08:27.261 GPU_Scheduler_0] Admitted 1 requests for model_2
[2026-08-21 17:08:27.284 GPU_Scheduler_1] [V5-LOOP] {"iters": 453, "t_mem": 0.010133461328223348, "t_redis": 0.40490192640572786, "t_admit": 0.005762853426858783, "t_send": 0.012845411663874984, "t_iter": 0.433643652824685, "admitted": 21, "iter_max": 0.0019979248754680157, "gpu_id": 1, "window_s": 5.003232717514038}
[2026-08-21 17:08:27.383 GPU_Scheduler_1] Admitted 1 requests for model_3
[2026-08-21 17:08:27.492 GPU_Scheduler_0] Admitted 1 requests for model_2
[2026-08-21 17:08:27.812 GPU_Scheduler_0] Admitted 1 requests for model_2
[2026-08-21 17:08:27.868 GPU_Scheduler_0] Admitted 1 requests for model_2
[2026-08-21 17:08:27.902 GPU_Scheduler_0] Admitted 1 requests for model_2
[2026-08-21 17:08:27.991 GPU_Scheduler_0] Admitted 1 requests for model_2
[2026-08-21 17:08:28.025 GPU_Scheduler_0] Admitted 1 requests for model_2
[2026-08-21 17:08:28.147 GPU_Scheduler_0] Admitted 1 requests for model_2
[2026-08-21 17:08:28.214 GPU_Scheduler_0] Admitted 1 requests for model_5
[2026-08-21 17:08:28.281 GPU_Scheduler_0] Admitted 1 requests for model_2
[2026-08-21 17:08:28.304 GPU_Scheduler_0] Admitted 1 requests for model_2
[2026-08-21 17:08:28.325 GPU_Scheduler_1] Admitted 1 requests for model_1
[2026-08-21 17:08:28.429 GPU_Scheduler_0] Admitted 1 requests for model_2
[2026-08-21 17:08:28.544 GPU_Scheduler_1] Admitted 1 requests for model_3
[2026-08-21 17:08:28.693 GPU_Scheduler_0] Admitted 1 requests for model_2
[2026-08-21 17:08:28.708 GPU_Scheduler_1] Admitted 1 requests for model_1
[2026-08-21 17:08:28.727 GPU_Scheduler_0] Admitted 1 requests for model_2
[2026-08-21 17:08:28.782 GPU_Scheduler_0] Admitted 1 requests for model_2
[2026-08-21 17:08:28.986 GPU_Scheduler_0] Received activate request for model model_4
[2026-08-21 17:08:28.986 GPU_Scheduler_0] Received activate request for model_4, model_states: {'model_1': 'deactivated', 'model_2': 'activated', 'model_3': 'deactivated', 'model_4': 'preparing', 'model_5': 'activated', 'model_6': 'activated'}
[2026-08-21 17:08:28.986 GPU_Scheduler_0] Assign worker 0 to model_4. Current model_to_worker: {'model_6': 1, 'model_2': 3, 'model_5': 2, 'model_4': 0}
[2026-08-21 17:08:29.050 GPU_Scheduler_1] Admitted 1 requests for model_1
[2026-08-21 17:08:29.156 GPU_Scheduler_0] Admitted 1 requests for model_2
[2026-08-21 17:08:29.168 GPU_Scheduler_0] Admitted 1 requests for model_2
[2026-08-21 17:08:29.246 GPU_Scheduler_0] Admitted 2 requests for model_2
[2026-08-21 17:08:29.622 GPU_Scheduler_0] Admitted 1 requests for model_2
[2026-08-21 17:08:29.711 GPU_Scheduler_0] Admitted 1 requests for model_2
[2026-08-21 17:08:29.792 GPU_Scheduler_1] Admitted 1 requests for model_1
[2026-08-21 17:08:29.821 GPU_Scheduler_0] Admitted 1 requests for model_2
[2026-08-21 17:08:30.031 GPU_Scheduler_0] Admitted 1 requests for model_2
[2026-08-21 17:08:30.112 GPU_Scheduler_1] Admitted 1 requests for model_3
[2026-08-21 17:08:30.517 GPU_Scheduler_0] Admitted 1 requests for model_2
[2026-08-21 17:08:30.684 GPU_Scheduler_1] Admitted 1 requests for model_1
[2026-08-21 17:08:30.759 GPU_Scheduler_0] Admitted 1 requests for model_2
[2026-08-21 17:08:30.817 GPU_Scheduler_0] Admitted 1 requests for model_2
[2026-08-21 17:08:30.853 GPU_Scheduler_0] [V5-LOOP] {"iters": 452, "t_mem": 0.011006255866959691, "t_redis": 0.40455375029705465, "t_admit": 0.0069632213562726974, "t_send": 0.021858246065676212, "t_iter": 0.44438147358596325, "admitted": 33, "iter_max": 0.0026832912117242813, "gpu_id": 0, "window_s": 5.004516363143921}
[2026-08-21 17:08:30.937 GPU_Scheduler_0] Admitted 1 requests for model_2
[2026-08-21 17:08:30.987 GPU_Scheduler_0] Admitted 1 requests for model_2
[2026-08-21 17:08:31.087 GPU_Scheduler_0] Model model_4 (instance 0) activation succeeded on GPU 0
[2026-08-21 17:08:31.093 GPU_Scheduler_1] Received deactivate request for model model_4
[2026-08-21 17:08:31.093 GPU_Scheduler_1] Received deactivate request for model_4, model_states: {'model_1': 'activated', 'model_2': 'deactivated', 'model_3': 'activated', 'model_4': 'deactivating', 'model_5': 'deactivated', 'model_6': 'deactivated'}
[2026-08-21 17:08:31.093 GPU_Scheduler_1] Release worker 0 from model model_4. Current model_to_worker: {'model_3': 2, 'model_1': 1}
[2026-08-21 17:08:31.200 GPU_Scheduler_0] Admitted 1 requests for model_2
[2026-08-21 17:08:31.469 GPU_Scheduler_0] Admitted 1 requests for model_2
[2026-08-21 17:08:31.481 GPU_Scheduler_0] Admitted 1 requests for model_2
[2026-08-21 17:08:31.656 GPU_Scheduler_1] Admitted 1 requests for model_3
[2026-08-21 17:08:31.783 GPU_Scheduler_0] Admitted 1 requests for model_2
[2026-08-21 17:08:31.828 GPU_Scheduler_0] [PAPER-ALG2] {"rounds": 918.0, "eligible": 994.0, "selected": 944.0, "deferred": 50.0, "late_dispatched": 50.0, "requeued": 0.0, "max_queue_len": 14, "rounds_with_deferral": 9.0, "selected_in_deferral_rounds": 5.0}
[2026-08-21 17:08:31.828 GPU_Scheduler_0] Admitted 1 requests for model_2
[2026-08-21 17:08:31.886 GPU_Scheduler_1] Model model_4 (instance 1) deactivation succeeded on GPU 1
[2026-08-21 17:08:31.892 GPU_Scheduler_0] Received activate request for model model_4
[2026-08-21 17:08:31.892 GPU_Scheduler_0] Received activate request for model_4, model_states: {'model_1': 'deactivated', 'model_2': 'activated', 'model_3': 'deactivated', 'model_4': 'committing', 'model_5': 'activated', 'model_6': 'activated'}
[2026-08-21 17:08:31.893 GPU_Scheduler_0] [PAPER-OVERLAP-V6] commit dispatched model=model_4 gpu=0 worker=0
[2026-08-21 17:08:32.153 GPU_Scheduler_0] Model model_4 (instance 0) activation succeeded on GPU 0
[2026-08-21 17:08:32.273 GPU_Scheduler_1] Admitted 1 requests for model_3
[2026-08-21 17:08:32.284 GPU_Scheduler_1] [V5-LOOP] {"iters": 454, "t_mem": 0.01122422912158072, "t_redis": 0.395527912536636, "t_admit": 0.005613723071292043, "t_send": 0.006866006646305323, "t_iter": 0.4192318713758141, "admitted": 10, "iter_max": 0.001963214948773384, "gpu_id": 1, "window_s": 5.000216245651245}
[2026-08-21 17:08:32.451 GPU_Scheduler_0] Admitted 1 requests for model_5
[2026-08-21 17:08:32.486 GPU_Scheduler_0] Admitted 1 requests for model_2
[2026-08-21 17:08:32.487 GPU_Scheduler_1] Admitted 1 requests for model_1
[2026-08-21 17:08:32.554 GPU_Scheduler_0] Admitted 1 requests for model_2
[2026-08-21 17:08:32.656 GPU_Scheduler_0] Admitted 1 requests for model_2
[2026-08-21 17:08:32.743 GPU_Scheduler_1] Admitted 1 requests for model_1
[2026-08-21 17:08:32.998 GPU_Scheduler_1] Admitted 1 requests for model_1
[2026-08-21 17:08:33.127 GPU_Scheduler_1] Admitted 1 requests for model_3
[2026-08-21 17:08:33.243 GPU_Scheduler_0] Admitted 1 requests for model_2
[2026-08-21 17:08:33.424 GPU_Scheduler_0] Admitted 1 requests for model_2
[2026-08-21 17:08:33.629 GPU_Scheduler_0] Admitted 1 requests for model_2
[2026-08-21 17:08:33.843 GPU_Scheduler_0] Admitted 1 requests for model_2
[2026-08-21 17:08:33.888 GPU_Scheduler_0] Admitted 1 requests for model_2
[2026-08-21 17:08:33.900 GPU_Scheduler_0] Admitted 1 requests for model_2
[2026-08-21 17:08:33.979 GPU_Scheduler_0] Admitted 1 requests for model_2
[2026-08-21 17:08:34.224 GPU_Scheduler_1] Admitted 1 requests for model_1
[2026-08-21 17:08:34.224 GPU_Scheduler_1] Admitted 1 requests for model_3
[2026-08-21 17:08:34.226 GPU_Scheduler_0] Admitted 1 requests for model_2
[2026-08-21 17:08:34.279 GPU_Scheduler_1] Admitted 1 requests for model_3
[2026-08-21 17:08:34.282 GPU_Scheduler_0] Admitted 2 requests for model_2
[2026-08-21 17:08:34.306 GPU_Scheduler_0] Admitted 1 requests for model_2
[2026-08-21 17:08:34.553 GPU_Scheduler_0] Admitted 1 requests for model_2
[2026-08-21 17:08:34.576 GPU_Scheduler_0] Admitted 1 requests for model_2
[2026-08-21 17:08:34.632 GPU_Scheduler_1] Admitted 1 requests for model_1
[2026-08-21 17:08:34.721 GPU_Scheduler_0] Admitted 1 requests for model_5
[2026-08-21 17:08:34.729 GPU_Scheduler_1] Admitted 1 requests for model_3
[2026-08-21 17:08:34.891 GPU_Scheduler_1] Admitted 1 requests for model_1
[2026-08-21 17:08:34.902 GPU_Scheduler_1] Admitted 1 requests for model_3
[2026-08-21 17:08:35.080 GPU_Scheduler_0] Admitted 1 requests for model_2
[2026-08-21 17:08:35.372 GPU_Scheduler_0] Admitted 1 requests for model_2
[2026-08-21 17:08:35.712 GPU_Scheduler_0] Admitted 1 requests for model_5
[2026-08-21 17:08:35.747 GPU_Scheduler_0] Admitted 1 requests for model_5
[2026-08-21 17:08:35.770 GPU_Scheduler_0] Admitted 1 requests for model_2
[2026-08-21 17:08:35.858 GPU_Scheduler_0] [V5-LOOP] {"iters": 449, "t_mem": 0.008631318109109998, "t_redis": 0.4402140590827912, "t_admit": 0.007488935254514217, "t_send": 0.018569062696769834, "t_iter": 0.47490337514318526, "admitted": 30, "iter_max": 0.0030534141696989536, "gpu_id": 0, "window_s": 5.004899740219116}
[2026-08-21 17:08:35.902 GPU_Scheduler_0] Admitted 1 requests for model_2
[2026-08-21 17:08:35.913 GPU_Scheduler_1] Admitted 1 requests for model_3
[2026-08-21 17:08:35.925 GPU_Scheduler_0] Admitted 1 requests for model_2
[2026-08-21 17:08:36.140 GPU_Scheduler_1] Admitted 1 requests for model_3
[2026-08-21 17:08:36.294 GPU_Scheduler_0] Admitted 1 requests for model_2
[2026-08-21 17:08:36.348 GPU_Scheduler_0] Admitted 1 requests for model_2
[2026-08-21 17:08:36.548 GPU_Scheduler_0] Admitted 1 requests for model_2
[2026-08-21 17:08:36.570 GPU_Scheduler_1] Admitted 1 requests for model_3
[2026-08-21 17:08:36.703 GPU_Scheduler_0] Admitted 1 requests for model_2
[2026-08-21 17:08:36.784 GPU_Scheduler_1] Admitted 1 requests for model_3
[2026-08-21 17:08:36.913 GPU_Scheduler_1] Admitted 1 requests for model_1
[2026-08-21 17:08:37.095 GPU_Scheduler_1] Admitted 1 requests for model_3
[2026-08-21 17:08:37.190 GPU_Scheduler_0] Admitted 1 requests for model_2
[2026-08-21 17:08:37.287 GPU_Scheduler_1] [V5-LOOP] {"iters": 467, "t_mem": 0.009333848021924496, "t_redis": 0.26719039329327643, "t_admit": 0.005629169289022684, "t_send": 0.010481887962669134, "t_iter": 0.29263529856689274, "admitted": 17, "iter_max": 0.0018175740260630846, "gpu_id": 1, "window_s": 5.002953767776489}
[2026-08-21 17:08:37.481 GPU_Scheduler_1] Admitted 1 requests for model_3
[2026-08-21 17:08:37.564 GPU_Scheduler_0] Admitted 1 requests for model_2
[2026-08-21 17:08:37.825 GPU_Scheduler_1] Admitted 1 requests for model_3
[2026-08-21 17:08:37.885 GPU_Scheduler_0] Admitted 1 requests for model_2
[2026-08-21 17:08:37.997 GPU_Scheduler_0] Admitted 1 requests for model_2
[2026-08-21 17:08:38.163 GPU_Scheduler_0] Admitted 1 requests for model_2
[2026-08-21 17:08:38.208 GPU_Scheduler_0] Admitted 1 requests for model_2
[2026-08-21 17:08:38.333 GPU_Scheduler_0] Admitted 1 requests for model_2
[2026-08-21 17:08:38.499 GPU_Scheduler_1] Admitted 1 requests for model_1
[2026-08-21 17:08:38.499 GPU_Scheduler_1] Admitted 1 requests for model_3
[2026-08-21 17:08:38.564 GPU_Scheduler_1] Admitted 1 requests for model_3
[2026-08-21 17:08:38.667 GPU_Scheduler_0] Admitted 1 requests for model_2
[2026-08-21 17:08:38.705 GPU_Scheduler_1] Admitted 1 requests for model_3
[2026-08-21 17:08:38.727 GPU_Scheduler_1] Admitted 1 requests for model_3
[2026-08-21 17:08:38.799 GPU_Scheduler_0] Admitted 1 requests for model_2
[2026-08-21 17:08:38.909 GPU_Scheduler_0] Admitted 1 requests for model_2
[2026-08-21 17:08:39.039 GPU_Scheduler_1] Admitted 1 requests for model_1
[2026-08-21 17:08:39.104 GPU_Scheduler_0] Admitted 1 requests for model_2
[2026-08-21 17:08:39.104 GPU_Scheduler_0] Admitted 1 requests for model_5
[2026-08-21 17:08:39.300 GPU_Scheduler_0] Admitted 1 requests for model_5
[2026-08-21 17:08:39.484 GPU_Scheduler_0] Admitted 1 requests for model_2
[2026-08-21 17:08:39.550 GPU_Scheduler_0] Admitted 1 requests for model_2
[2026-08-21 17:08:39.565 GPU_Scheduler_1] Admitted 1 requests for model_1
[2026-08-21 17:08:39.734 GPU_Scheduler_0] Admitted 1 requests for model_2
[2026-08-21 17:08:39.759 GPU_Scheduler_1] Admitted 1 requests for model_3
[2026-08-21 17:08:39.811 GPU_Scheduler_0] Admitted 1 requests for model_2
[2026-08-21 17:08:39.865 GPU_Scheduler_0] Admitted 1 requests for model_2
[2026-08-21 17:08:39.887 GPU_Scheduler_1] Admitted 1 requests for model_3
[2026-08-21 17:08:40.264 GPU_Scheduler_0] Admitted 1 requests for model_2
[2026-08-21 17:08:40.664 GPU_Scheduler_0] Admitted 1 requests for model_2
[2026-08-21 17:08:40.730 GPU_Scheduler_0] Admitted 1 requests for model_2
[2026-08-21 17:08:40.784 GPU_Scheduler_0] Admitted 1 requests for model_2
[2026-08-21 17:08:40.839 GPU_Scheduler_0] Admitted 1 requests for model_5
[2026-08-21 17:08:40.861 GPU_Scheduler_0] [V5-LOOP] {"iters": 457, "t_mem": 0.009081886382773519, "t_redis": 0.3635890525765717, "t_admit": 0.00596716464497149, "t_send": 0.014038513647392392, "t_iter": 0.3926766172517091, "admitted": 29, "iter_max": 0.0021436470560729504, "gpu_id": 0, "window_s": 5.002041816711426}
[2026-08-21 17:08:40.937 GPU_Scheduler_0] Admitted 1 requests for model_2
[2026-08-21 17:08:41.012 GPU_Scheduler_1] Admitted 1 requests for model_1
[2026-08-21 17:08:41.034 GPU_Scheduler_1] Admitted 1 requests for model_1
[2026-08-21 17:08:41.442 GPU_Scheduler_1] Admitted 1 requests for model_3
[2026-08-21 17:08:41.454 GPU_Scheduler_1] Admitted 1 requests for model_1
[2026-08-21 17:08:41.604 GPU_Scheduler_1] Admitted 1 requests for model_3
[2026-08-21 17:08:41.626 GPU_Scheduler_1] Admitted 1 requests for model_1
[2026-08-21 17:08:41.910 GPU_Scheduler_0] Admitted 1 requests for model_2
[2026-08-21 17:08:41.943 GPU_Scheduler_0] Admitted 1 requests for model_5
[2026-08-21 17:08:41.965 GPU_Scheduler_0] Admitted 1 requests for model_2
[2026-08-21 17:08:41.976 GPU_Scheduler_0] Admitted 1 requests for model_2
[2026-08-21 17:08:42.052 GPU_Scheduler_0] Admitted 1 requests for model_2
[2026-08-21 17:08:42.096 GPU_Scheduler_0] Admitted 1 requests for model_2
[2026-08-21 17:08:42.182 GPU_Scheduler_0] Admitted 1 requests for model_2
[2026-08-21 17:08:42.226 GPU_Scheduler_1] Admitted 1 requests for model_1
[2026-08-21 17:08:42.291 GPU_Scheduler_1] [V5-LOOP] {"iters": 466, "t_mem": 0.0093813247513026, "t_redis": 0.27731171855702996, "t_admit": 0.0057765585370361805, "t_send": 0.010978661011904478, "t_iter": 0.3034482628572732, "admitted": 18, "iter_max": 0.0017766840755939484, "gpu_id": 1, "window_s": 5.003133773803711}
[2026-08-21 17:08:42.345 GPU_Scheduler_0] Admitted 1 requests for model_2
[2026-08-21 17:08:42.626 GPU_Scheduler_0] Admitted 1 requests for model_2
[2026-08-21 17:08:42.917 GPU_Scheduler_0] Admitted 1 requests for model_2
[2026-08-21 17:08:43.124 GPU_Scheduler_0] Admitted 1 requests for model_2
[2026-08-21 17:08:43.397 GPU_Scheduler_0] Admitted 1 requests for model_2
[2026-08-21 17:08:43.460 GPU_Scheduler_1] Admitted 1 requests for model_1
[2026-08-21 17:08:43.495 GPU_Scheduler_0] Admitted 1 requests for model_2
[2026-08-21 17:08:43.571 GPU_Scheduler_0] Admitted 1 requests for model_2
[2026-08-21 17:08:43.594 GPU_Scheduler_0] Admitted 1 requests for model_2
[2026-08-21 17:08:43.725 GPU_Scheduler_0] Admitted 1 requests for model_2
[2026-08-21 17:08:44.298 GPU_Scheduler_0] Admitted 1 requests for model_2
[2026-08-21 17:08:44.411 GPU_Scheduler_0] Admitted 1 requests for model_2
[2026-08-21 17:08:44.581 GPU_Scheduler_0] Admitted 1 requests for model_2
[2026-08-21 17:08:44.649 GPU_Scheduler_0] Admitted 1 requests for model_5
[2026-08-21 17:08:44.773 GPU_Scheduler_1] Admitted 1 requests for model_3
[2026-08-21 17:08:44.820 GPU_Scheduler_0] Admitted 1 requests for model_2
[2026-08-21 17:08:44.843 GPU_Scheduler_0] Admitted 1 requests for model_2
[2026-08-21 17:08:44.923 GPU_Scheduler_0] Admitted 1 requests for model_2
[2026-08-21 17:08:45.027 GPU_Scheduler_0] Admitted 1 requests for model_2
[2026-08-21 17:08:45.027 GPU_Scheduler_0] Admitted 1 requests for model_5
[2026-08-21 17:08:45.093 GPU_Scheduler_1] Admitted 1 requests for model_1
[2026-08-21 17:08:45.129 GPU_Scheduler_0] Admitted 1 requests for model_2
[2026-08-21 17:08:45.167 GPU_Scheduler_1] Admitted 1 requests for model_3
[2026-08-21 17:08:45.283 GPU_Scheduler_0] Admitted 1 requests for model_2
[2026-08-21 17:08:45.326 GPU_Scheduler_1] Admitted 1 requests for model_3
[2026-08-21 17:08:45.364 GPU_Scheduler_0] Admitted 1 requests for model_2
[2026-08-21 17:08:45.421 GPU_Scheduler_1] Admitted 1 requests for model_3
[2026-08-21 17:08:45.479 GPU_Scheduler_0] Admitted 1 requests for model_2
[2026-08-21 17:08:45.650 GPU_Scheduler_0] Admitted 1 requests for model_2
[2026-08-21 17:08:45.686 GPU_Scheduler_0] Admitted 1 requests for model_2
[2026-08-21 17:08:45.861 GPU_Scheduler_0] [V5-LOOP] {"iters": 452, "t_mem": 0.010584714589640498, "t_redis": 0.4069470630493015, "t_admit": 0.006253860890865326, "t_send": 0.017095269868150353, "t_iter": 0.4408809083979577, "admitted": 32, "iter_max": 0.002541458932682872, "gpu_id": 0, "window_s": 5.000496864318848}
[2026-08-21 17:08:46.065 GPU_Scheduler_0] Admitted 1 requests for model_2
[2026-08-21 17:08:46.134 GPU_Scheduler_0] Admitted 1 requests for model_2
[2026-08-21 17:08:46.394 GPU_Scheduler_0] Admitted 1 requests for model_2
[2026-08-21 17:08:47.018 GPU_Scheduler_0] Admitted 1 requests for model_2
[2026-08-21 17:08:47.048 GPU_Scheduler_1] Admitted 1 requests for model_3
[2026-08-21 17:08:47.142 GPU_Scheduler_0] Admitted 1 requests for model_2
[2026-08-21 17:08:47.187 GPU_Scheduler_0] Admitted 1 requests for model_2
[2026-08-21 17:08:47.252 GPU_Scheduler_1] Admitted 1 requests for model_3
[2026-08-21 17:08:47.289 GPU_Scheduler_0] Admitted 1 requests for model_2
[2026-08-21 17:08:47.296 GPU_Scheduler_1] [V5-LOOP] {"iters": 468, "t_mem": 0.00972350686788559, "t_redis": 0.26536356657743454, "t_admit": 0.004739579977467656, "t_send": 0.004617109429091215, "t_iter": 0.284443762851879, "admitted": 8, "iter_max": 0.001638523070141673, "gpu_id": 1, "window_s": 5.004593372344971}
[2026-08-21 17:08:47.346 GPU_Scheduler_0] Admitted 1 requests for model_2
[2026-08-21 17:08:47.604 GPU_Scheduler_0] Admitted 1 requests for model_2
[2026-08-21 17:08:47.851 GPU_Scheduler_0] Admitted 2 requests for model_2
[2026-08-21 17:08:48.080 GPU_Scheduler_0] Admitted 1 requests for model_2
[2026-08-21 17:08:48.396 GPU_Scheduler_1] Admitted 1 requests for model_1
[2026-08-21 17:08:48.517 GPU_Scheduler_0] Admitted 1 requests for model_2
[2026-08-21 17:08:48.734 GPU_Scheduler_0] Admitted 1 requests for model_2
[2026-08-21 17:08:48.746 GPU_Scheduler_0] Admitted 1 requests for model_2
[2026-08-21 17:08:48.952 GPU_Scheduler_0] Admitted 1 requests for model_2
[2026-08-21 17:08:48.995 GPU_Scheduler_1] Admitted 1 requests for model_1
[2026-08-21 17:08:48.995 GPU_Scheduler_1] Admitted 1 requests for model_3
[2026-08-21 17:08:49.066 GPU_Scheduler_0] Admitted 1 requests for model_2
[2026-08-21 17:08:49.078 GPU_Scheduler_0] Admitted 1 requests for model_2
[2026-08-21 17:08:49.167 GPU_Scheduler_1] Admitted 1 requests for model_3
[2026-08-21 17:08:49.235 GPU_Scheduler_0] Admitted 1 requests for model_2
[2026-08-21 17:08:49.325 GPU_Scheduler_0] Admitted 1 requests for model_5
[2026-08-21 17:08:49.415 GPU_Scheduler_1] Admitted 1 requests for model_3
[2026-08-21 17:08:49.439 GPU_Scheduler_0] Admitted 1 requests for model_2
[2026-08-21 17:08:49.496 GPU_Scheduler_0] Admitted 1 requests for model_2
[2026-08-21 17:08:49.843 GPU_Scheduler_0] Admitted 1 requests for model_5
[2026-08-21 17:08:50.080 GPU_Scheduler_0] Admitted 1 requests for model_5
[2026-08-21 17:08:50.237 GPU_Scheduler_0] Admitted 2 requests for model_5
[2026-08-21 17:08:50.294 GPU_Scheduler_0] Admitted 1 requests for model_4
[2026-08-21 17:08:50.428 GPU_Scheduler_0] Admitted 1 requests for model_5
[2026-08-21 17:08:50.530 GPU_Scheduler_0] Admitted 1 requests for model_5
[2026-08-21 17:08:50.542 GPU_Scheduler_0] Admitted 1 requests for model_5
[2026-08-21 17:08:50.644 GPU_Scheduler_0] Admitted 1 requests for model_5
[2026-08-21 17:08:50.869 GPU_Scheduler_0] [V5-LOOP] {"iters": 443, "t_mem": 0.009202774846926332, "t_redis": 0.5048197968862951, "t_admit": 0.006027697352692485, "t_send": 0.018035955959931016, "t_iter": 0.5380862250458449, "admitted": 31, "iter_max": 0.002322508953511715, "gpu_id": 0, "window_s": 5.0072996616363525}
[2026-08-21 17:08:50.925 GPU_Scheduler_0] Admitted 1 requests for model_5
[2026-08-21 17:08:51.094 GPU_Scheduler_0] Admitted 1 requests for model_5
[2026-08-21 17:08:51.241 GPU_Scheduler_0] Admitted 1 requests for model_5
[2026-08-21 17:08:51.388 GPU_Scheduler_0] Admitted 1 requests for model_5
[2026-08-21 17:08:51.502 GPU_Scheduler_0] Admitted 1 requests for model_5
[2026-08-21 17:08:51.548 GPU_Scheduler_0] Admitted 1 requests for model_5
[2026-08-21 17:08:51.931 GPU_Scheduler_0] Admitted 1 requests for model_5
[2026-08-21 17:08:52.078 GPU_Scheduler_0] Admitted 1 requests for model_5
[2026-08-21 17:08:52.192 GPU_Scheduler_0] Admitted 1 requests for model_5
[2026-08-21 17:08:52.301 GPU_Scheduler_1] [V5-LOOP] {"iters": 468, "t_mem": 0.009523581946268678, "t_redis": 0.26604089164175093, "t_admit": 0.0043169669806957245, "t_send": 0.0032392246648669243, "t_iter": 0.28312066523358226, "admitted": 5, "iter_max": 0.001749234041199088, "gpu_id": 1, "window_s": 5.004849672317505}
[2026-08-21 17:08:52.450 GPU_Scheduler_0] Admitted 1 requests for model_5
[2026-08-21 17:08:52.507 GPU_Scheduler_0] Admitted 1 requests for model_5
[2026-08-21 17:08:52.530 GPU_Scheduler_0] Admitted 1 requests for model_5
[2026-08-21 17:08:52.665 GPU_Scheduler_0] Admitted 1 requests for model_5
[2026-08-21 17:08:52.733 GPU_Scheduler_0] Admitted 1 requests for model_6
[2026-08-21 17:08:52.739 GPU_Scheduler_1] Admitted 1 requests for model_3
[2026-08-21 17:08:52.790 GPU_Scheduler_0] Admitted 1 requests for model_5
[2026-08-21 17:08:52.982 GPU_Scheduler_0] Admitted 1 requests for model_5
[2026-08-21 17:08:53.220 GPU_Scheduler_0] Admitted 1 requests for model_5
[2026-08-21 17:08:53.288 GPU_Scheduler_0] Admitted 1 requests for model_5
[2026-08-21 17:08:53.562 GPU_Scheduler_0] Admitted 1 requests for model_5
[2026-08-21 17:08:53.711 GPU_Scheduler_1] Admitted 1 requests for model_3
[2026-08-21 17:08:53.732 GPU_Scheduler_0] Admitted 1 requests for model_5
[2026-08-21 17:08:53.902 GPU_Scheduler_0] Admitted 1 requests for model_6
[2026-08-21 17:08:54.118 GPU_Scheduler_0] [PAPER-ALG2] {"rounds": 1050.0, "eligible": 1131.0, "selected": 1081.0, "deferred": 50.0, "late_dispatched": 50.0, "requeued": 0.0, "max_queue_len": 14, "rounds_with_deferral": 9.0, "selected_in_deferral_rounds": 5.0}
[2026-08-21 17:08:54.119 GPU_Scheduler_0] Admitted 1 requests for model_5
[2026-08-21 17:08:54.321 GPU_Scheduler_0] Admitted 1 requests for model_5
[2026-08-21 17:08:54.388 GPU_Scheduler_1] Admitted 1 requests for model_3
[2026-08-21 17:08:54.522 GPU_Scheduler_0] Admitted 1 requests for model_5
[2026-08-21 17:08:54.579 GPU_Scheduler_0] Admitted 1 requests for model_5
[2026-08-21 17:08:54.778 GPU_Scheduler_1] Admitted 1 requests for model_3
[2026-08-21 17:08:55.016 GPU_Scheduler_0] Admitted 1 requests for model_5
[2026-08-21 17:08:55.251 GPU_Scheduler_0] Admitted 1 requests for model_5
[2026-08-21 17:08:55.453 GPU_Scheduler_0] Admitted 1 requests for model_5
[2026-08-21 17:08:55.620 GPU_Scheduler_0] Admitted 1 requests for model_6
[2026-08-21 17:08:55.766 GPU_Scheduler_0] Admitted 1 requests for model_5
[2026-08-21 17:08:55.823 GPU_Scheduler_0] Admitted 1 requests for model_5
[2026-08-21 17:08:55.880 GPU_Scheduler_0] [V5-LOOP] {"iters": 444, "t_mem": 0.013142831157892942, "t_redis": 0.4905136495362967, "t_admit": 0.00797134474851191, "t_send": 0.020648455945774913, "t_iter": 0.5322762813884765, "admitted": 31, "iter_max": 0.002571780001744628, "gpu_id": 0, "window_s": 5.011429071426392}
[2026-08-21 17:08:55.951 GPU_Scheduler_0] Admitted 1 requests for model_5
[2026-08-21 17:08:56.099 GPU_Scheduler_0] Admitted 1 requests for model_6
[2026-08-21 17:08:56.099 GPU_Scheduler_0] Admitted 1 requests for model_5
[2026-08-21 17:08:56.168 GPU_Scheduler_0] Admitted 1 requests for model_5
[2026-08-21 17:08:56.258 GPU_Scheduler_0] Admitted 1 requests for model_5
[2026-08-21 17:08:56.732 GPU_Scheduler_0] Admitted 1 requests for model_5
[2026-08-21 17:08:56.756 GPU_Scheduler_0] Admitted 1 requests for model_5
[2026-08-21 17:08:56.894 GPU_Scheduler_0] Admitted 1 requests for model_5
[2026-08-21 17:08:57.143 GPU_Scheduler_0] Admitted 1 requests for model_6
[2026-08-21 17:08:57.189 GPU_Scheduler_0] Admitted 2 requests for model_5
[2026-08-21 17:08:57.310 GPU_Scheduler_1] [V5-LOOP] {"iters": 474, "t_mem": 0.00827268953435123, "t_redis": 0.21398631227202713, "t_admit": 0.003825170686468482, "t_send": 0.002792101353406906, "t_iter": 0.22887627384625375, "admitted": 4, "iter_max": 0.001562241930514574, "gpu_id": 1, "window_s": 5.00851035118103}
[2026-08-21 17:08:57.428 GPU_Scheduler_0] Admitted 1 requests for model_5
[2026-08-21 17:08:57.497 GPU_Scheduler_0] Admitted 1 requests for model_5
[2026-08-21 17:08:57.668 GPU_Scheduler_0] Admitted 1 requests for model_5
[2026-08-21 17:08:57.771 GPU_Scheduler_1] Admitted 1 requests for model_3
[2026-08-21 17:08:58.064 GPU_Scheduler_0] Admitted 1 requests for model_5
[2026-08-21 17:08:58.291 GPU_Scheduler_0] Admitted 1 requests for model_5
[2026-08-21 17:08:58.460 GPU_Scheduler_0] Admitted 1 requests for model_5
[2026-08-21 17:08:58.630 GPU_Scheduler_0] Admitted 1 requests for model_5
[2026-08-21 17:08:58.653 GPU_Scheduler_0] Admitted 1 requests for model_5
[2026-08-21 17:08:58.778 GPU_Scheduler_0] Admitted 2 requests for model_5
[2026-08-21 17:08:58.791 GPU_Scheduler_0] Admitted 1 requests for model_5
[2026-08-21 17:08:59.028 GPU_Scheduler_0] Admitted 1 requests for model_5
[2026-08-21 17:08:59.107 GPU_Scheduler_0] Admitted 1 requests for model_5
[2026-08-21 17:08:59.141 GPU_Scheduler_0] Admitted 1 requests for model_5
[2026-08-21 17:08:59.254 GPU_Scheduler_0] Admitted 2 requests for model_5
[2026-08-21 17:08:59.344 GPU_Scheduler_0] Admitted 1 requests for model_6
[2026-08-21 17:08:59.558 GPU_Scheduler_1] Received activate request for model model_2
[2026-08-21 17:08:59.559 GPU_Scheduler_1] Received activate request for model_2, model_states: {'model_1': 'activated', 'model_2': 'preparing', 'model_3': 'activated', 'model_4': 'deactivated', 'model_5': 'deactivated', 'model_6': 'deactivated'}
[2026-08-21 17:08:59.559 GPU_Scheduler_1] Assign worker 3 to model_2. Current model_to_worker: {'model_3': 2, 'model_1': 1, 'model_2': 3}
[2026-08-21 17:08:59.591 GPU_Scheduler_0] Admitted 1 requests for model_5
[2026-08-21 17:09:00.282 GPU_Scheduler_0] Admitted 1 requests for model_6
[2026-08-21 17:09:00.351 GPU_Scheduler_0] Admitted 1 requests for model_5
[2026-08-21 17:09:00.385 GPU_Scheduler_0] Admitted 1 requests for model_5
[2026-08-21 17:09:00.409 GPU_Scheduler_0] Admitted 1 requests for model_5
[2026-08-21 17:09:00.637 GPU_Scheduler_0] Admitted 1 requests for model_5
[2026-08-21 17:09:00.713 GPU_Scheduler_1] Model model_2 (instance 1) activation succeeded on GPU 1
[2026-08-21 17:09:00.719 GPU_Scheduler_0] Received deactivate request for model model_2
[2026-08-21 17:09:00.719 GPU_Scheduler_0] Received deactivate request for model_2, model_states: {'model_1': 'deactivated', 'model_2': 'deactivating', 'model_3': 'deactivated', 'model_4': 'activated', 'model_5': 'activated', 'model_6': 'activated'}
[2026-08-21 17:09:00.720 GPU_Scheduler_0] Release worker 3 from model model_2. Current model_to_worker: {'model_6': 1, 'model_5': 2, 'model_4': 0}
[2026-08-21 17:09:00.783 GPU_Scheduler_0] Admitted 1 requests for model_5
[2026-08-21 17:09:00.820 GPU_Scheduler_0] Admitted 1 requests for model_5
[2026-08-21 17:09:00.882 GPU_Scheduler_0] [V5-LOOP] {"iters": 439, "t_mem": 0.010139587102457881, "t_redis": 0.52990982378833, "t_admit": 0.007690754486247897, "t_send": 0.024053680943325162, "t_iter": 0.5717938463203609, "admitted": 36, "iter_max": 0.0032430451828986406, "gpu_id": 0, "window_s": 5.001500129699707}
[2026-08-21 17:09:01.372 GPU_Scheduler_0] Admitted 1 requests for model_5
[2026-08-21 17:09:01.428 GPU_Scheduler_0] Admitted 1 requests for model_6
[2026-08-21 17:09:01.558 GPU_Scheduler_0] Admitted 1 requests for model_6
[2026-08-21 17:09:01.656 GPU_Scheduler_0] Admitted 1 requests for model_5
[2026-08-21 17:09:01.832 GPU_Scheduler_0] Admitted 2 requests for model_5
[2026-08-21 17:09:01.868 GPU_Scheduler_0] Model model_2 (instance 0) deactivation succeeded on GPU 0
[2026-08-21 17:09:01.875 GPU_Scheduler_1] Received activate request for model model_2
[2026-08-21 17:09:01.875 GPU_Scheduler_1] Received activate request for model_2, model_states: {'model_1': 'activated', 'model_2': 'committing', 'model_3': 'activated', 'model_4': 'deactivated', 'model_5': 'deactivated', 'model_6': 'deactivated'}
[2026-08-21 17:09:01.875 GPU_Scheduler_1] [PAPER-OVERLAP-V6] commit dispatched model=model_2 gpu=1 worker=3
[2026-08-21 17:09:02.316 GPU_Scheduler_1] [V5-LOOP] {"iters": 467, "t_mem": 0.010953462682664394, "t_redis": 0.2772814389318228, "t_admit": 0.004117798758670688, "t_send": 0.0009532272815704346, "t_iter": 0.2933059276547283, "admitted": 1, "iter_max": 0.0016286529134958982, "gpu_id": 1, "window_s": 5.005589723587036}
[2026-08-21 17:09:02.536 GPU_Scheduler_0] Admitted 1 requests for model_5
[2026-08-21 17:09:02.600 GPU_Scheduler_0] Admitted 1 requests for model_5
[2026-08-21 17:09:02.644 GPU_Scheduler_0] Admitted 1 requests for model_5
[2026-08-21 17:09:03.008 GPU_Scheduler_0] Admitted 1 requests for model_5
[2026-08-21 17:09:03.148 GPU_Scheduler_0] Admitted 1 requests for model_4
[2026-08-21 17:09:03.164 GPU_Scheduler_1] Admitted 1 requests for model_3
[2026-08-21 17:09:03.181 GPU_Scheduler_0] Admitted 1 requests for model_5
[2026-08-21 17:09:03.323 GPU_Scheduler_0] Admitted 1 requests for model_5
[2026-08-21 17:09:03.442 GPU_Scheduler_0] Admitted 1 requests for model_5
[2026-08-21 17:09:03.657 GPU_Scheduler_0] Admitted 1 requests for model_6
[2026-08-21 17:09:04.367 GPU_Scheduler_0] Admitted 1 requests for model_5
[2026-08-21 17:09:04.442 GPU_Scheduler_0] Admitted 1 requests for model_5
[2026-08-21 17:09:04.453 GPU_Scheduler_0] Admitted 1 requests for model_5
[2026-08-21 17:09:04.753 GPU_Scheduler_0] Admitted 1 requests for model_5
[2026-08-21 17:09:04.871 GPU_Scheduler_0] Admitted 1 requests for model_5
[2026-08-21 17:09:04.882 GPU_Scheduler_0] Admitted 2 requests for model_5
[2026-08-21 17:09:05.246 GPU_Scheduler_0] Admitted 1 requests for model_5
[2026-08-21 17:09:05.279 GPU_Scheduler_0] Admitted 1 requests for model_5
[2026-08-21 17:09:05.389 GPU_Scheduler_0] Admitted 1 requests for model_5
[2026-08-21 17:09:05.509 GPU_Scheduler_0] Admitted 1 requests for model_5
[2026-08-21 17:09:05.608 GPU_Scheduler_0] Admitted 1 requests for model_5
[2026-08-21 17:09:05.740 GPU_Scheduler_0] Admitted 1 requests for model_5
[2026-08-21 17:09:05.883 GPU_Scheduler_0] [V5-LOOP] {"iters": 458, "t_mem": 0.00988083053380251, "t_redis": 0.35024502710439265, "t_admit": 0.006194495828822255, "t_send": 0.01366557483561337, "t_iter": 0.3799859283026308, "admitted": 28, "iter_max": 0.0038066089618951082, "gpu_id": 0, "window_s": 5.000253677368164}
[2026-08-21 17:09:05.931 GPU_Scheduler_1] Model model_2 (instance 1) activation succeeded on GPU 1
[2026-08-21 17:09:05.938 GPU_Scheduler_0] Admitted 1 requests for model_5
[2026-08-21 17:09:05.949 GPU_Scheduler_0] Admitted 1 requests for model_5
[2026-08-21 17:09:05.977 GPU_Scheduler_1] Admitted 1 requests for model_3
[2026-08-21 17:09:06.169 GPU_Scheduler_0] Admitted 1 requests for model_5
[2026-08-21 17:09:06.235 GPU_Scheduler_0] Admitted 1 requests for model_4
[2026-08-21 17:09:06.839 GPU_Scheduler_0] Admitted 1 requests for model_5
[2026-08-21 17:09:06.850 GPU_Scheduler_0] Admitted 1 requests for model_5
[2026-08-21 17:09:06.873 GPU_Scheduler_0] Admitted 1 requests for model_6
[2026-08-21 17:09:06.896 GPU_Scheduler_0] Admitted 1 requests for model_5
[2026-08-21 17:09:06.995 GPU_Scheduler_0] Admitted 1 requests for model_6
[2026-08-21 17:09:07.072 GPU_Scheduler_0] Admitted 1 requests for model_6
[2026-08-21 17:09:07.095 GPU_Scheduler_0] Admitted 1 requests for model_5
[2026-08-21 17:09:07.172 GPU_Scheduler_0] Admitted 1 requests for model_6
[2026-08-21 17:09:07.293 GPU_Scheduler_0] Admitted 1 requests for model_5
[2026-08-21 17:09:07.321 GPU_Scheduler_1] [V5-LOOP] {"iters": 469, "t_mem": 0.008768904954195023, "t_redis": 0.25926004094071686, "t_admit": 0.004101443104445934, "t_send": 0.0016451983246952295, "t_iter": 0.27377558732405305, "admitted": 2, "iter_max": 0.0019470348488539457, "gpu_id": 1, "window_s": 5.004732608795166}
[2026-08-21 17:09:07.513 GPU_Scheduler_0] Admitted 1 requests for model_5
[2026-08-21 17:09:07.577 GPU_Scheduler_1] Admitted 1 requests for model_3
[2026-08-21 17:09:07.721 GPU_Scheduler_0] Admitted 1 requests for model_5
[2026-08-21 17:09:08.127 GPU_Scheduler_0] Admitted 1 requests for model_6
[2026-08-21 17:09:08.205 GPU_Scheduler_0] Admitted 1 requests for model_5
[2026-08-21 17:09:08.216 GPU_Scheduler_0] Admitted 1 requests for model_5
[2026-08-21 17:09:08.295 GPU_Scheduler_0] Admitted 1 requests for model_6
[2026-08-21 17:09:08.317 GPU_Scheduler_0] Admitted 1 requests for model_5
[2026-08-21 17:09:08.395 GPU_Scheduler_0] Admitted 1 requests for model_5
[2026-08-21 17:09:08.419 GPU_Scheduler_0] Admitted 1 requests for model_6
[2026-08-21 17:09:08.496 GPU_Scheduler_0] Admitted 1 requests for model_5
[2026-08-21 17:09:08.519 GPU_Scheduler_0] Admitted 1 requests for model_5
[2026-08-21 17:09:08.784 GPU_Scheduler_0] Admitted 2 requests for model_5
[2026-08-21 17:09:09.139 GPU_Scheduler_0] Admitted 1 requests for model_5
[2026-08-21 17:09:09.172 GPU_Scheduler_0] Admitted 1 requests for model_5
[2026-08-21 17:09:09.184 GPU_Scheduler_0] Admitted 1 requests for model_5
[2026-08-21 17:09:09.373 GPU_Scheduler_1] Admitted 1 requests for model_3
[2026-08-21 17:09:09.678 GPU_Scheduler_1] Admitted 1 requests for model_3
[2026-08-21 17:09:09.732 GPU_Scheduler_0] Admitted 1 requests for model_5
[2026-08-21 17:09:09.925 GPU_Scheduler_0] Admitted 1 requests for model_5
[2026-08-21 17:09:09.950 GPU_Scheduler_1] Admitted 1 requests for model_3
[2026-08-21 17:09:09.970 GPU_Scheduler_0] Admitted 1 requests for model_5
[2026-08-21 17:09:10.004 GPU_Scheduler_0] Admitted 1 requests for model_5
[2026-08-21 17:09:10.085 GPU_Scheduler_1] Admitted 1 requests for model_3
[2026-08-21 17:09:10.137 GPU_Scheduler_0] Admitted 1 requests for model_5
[2026-08-21 17:09:10.294 GPU_Scheduler_0] Admitted 1 requests for model_6
[2026-08-21 17:09:10.372 GPU_Scheduler_0] Admitted 1 requests for model_5
[2026-08-21 17:09:10.516 GPU_Scheduler_0] Admitted 1 requests for model_5
[2026-08-21 17:09:10.638 GPU_Scheduler_0] Admitted 1 requests for model_5
[2026-08-21 17:09:10.705 GPU_Scheduler_0] Admitted 2 requests for model_5
[2026-08-21 17:09:10.728 GPU_Scheduler_0] Admitted 1 requests for model_5
[2026-08-21 17:09:10.761 GPU_Scheduler_0] Admitted 1 requests for model_5
[2026-08-21 17:09:10.817 GPU_Scheduler_0] Admitted 1 requests for model_6
[2026-08-21 17:09:10.884 GPU_Scheduler_0] [V5-LOOP] {"iters": 454, "t_mem": 0.009821530664339662, "t_redis": 0.377553140046075, "t_admit": 0.007328353822231293, "t_send": 0.026193603640422225, "t_iter": 0.42089662817306817, "admitted": 43, "iter_max": 0.002308908151462674, "gpu_id": 0, "window_s": 5.00079083442688}
[2026-08-21 17:09:11.246 GPU_Scheduler_0] Admitted 1 requests for model_5
[2026-08-21 17:09:11.258 GPU_Scheduler_0] Admitted 1 requests for model_5
[2026-08-21 17:09:11.325 GPU_Scheduler_0] Admitted 1 requests for model_5
[2026-08-21 17:09:11.479 GPU_Scheduler_0] Admitted 1 requests for model_5
[2026-08-21 17:09:11.549 GPU_Scheduler_1] Admitted 1 requests for model_3
[2026-08-21 17:09:12.145 GPU_Scheduler_0] Admitted 1 requests for model_6
[2026-08-21 17:09:12.259 GPU_Scheduler_0] Admitted 1 requests for model_5
[2026-08-21 17:09:12.330 GPU_Scheduler_1] [V5-LOOP] {"iters": 461, "t_mem": 0.011300328187644482, "t_redis": 0.33893782878294587, "t_admit": 0.004967422923073173, "t_send": 0.0037647210992872715, "t_iter": 0.3589703009929508, "admitted": 6, "iter_max": 0.0020481948740780354, "gpu_id": 1, "window_s": 5.009204387664795}
[2026-08-21 17:09:12.370 GPU_Scheduler_0] Admitted 1 requests for model_5
[2026-08-21 17:09:12.381 GPU_Scheduler_0] Admitted 1 requests for model_5
[2026-08-21 17:09:12.716 GPU_Scheduler_1] Admitted 1 requests for model_3
[2026-08-21 17:09:12.739 GPU_Scheduler_1] Admitted 1 requests for model_3
[2026-08-21 17:09:12.799 GPU_Scheduler_0] Admitted 1 requests for model_5
[2026-08-21 17:09:12.920 GPU_Scheduler_0] Admitted 1 requests for model_5
[2026-08-21 17:09:12.932 GPU_Scheduler_0] Admitted 1 requests for model_5
[2026-08-21 17:09:12.954 GPU_Scheduler_0] Admitted 1 requests for model_5
[2026-08-21 17:09:13.075 GPU_Scheduler_0] Admitted 1 requests for model_5
[2026-08-21 17:09:13.175 GPU_Scheduler_0] Admitted 1 requests for model_5
[2026-08-21 17:09:13.198 GPU_Scheduler_0] Admitted 1 requests for model_5
[2026-08-21 17:09:13.331 GPU_Scheduler_0] Admitted 1 requests for model_5
[2026-08-21 17:09:13.375 GPU_Scheduler_0] Admitted 1 requests for model_5
[2026-08-21 17:09:13.486 GPU_Scheduler_0] Admitted 1 requests for model_6
[2026-08-21 17:09:13.694 GPU_Scheduler_0] Admitted 1 requests for model_5
[2026-08-21 17:09:13.914 GPU_Scheduler_0] Admitted 1 requests for model_5
[2026-08-21 17:09:14.002 GPU_Scheduler_0] Admitted 1 requests for model_5
[2026-08-21 17:09:14.025 GPU_Scheduler_0] Admitted 1 requests for model_5
[2026-08-21 17:09:14.124 GPU_Scheduler_0] Admitted 1 requests for model_5
[2026-08-21 17:09:14.245 GPU_Scheduler_0] Admitted 1 requests for model_5
[2026-08-21 17:09:14.488 GPU_Scheduler_0] Admitted 1 requests for model_6
[2026-08-21 17:09:14.511 GPU_Scheduler_0] Admitted 1 requests for model_5
[2026-08-21 17:09:14.522 GPU_Scheduler_0] Admitted 1 requests for model_5
[2026-08-21 17:09:14.742 GPU_Scheduler_0] Admitted 1 requests for model_5
[2026-08-21 17:09:14.952 GPU_Scheduler_0] Admitted 1 requests for model_6
[2026-08-21 17:09:15.150 GPU_Scheduler_0] Admitted 1 requests for model_5
[2026-08-21 17:09:15.286 GPU_Scheduler_0] Admitted 1 requests for model_5
[2026-08-21 17:09:15.454 GPU_Scheduler_0] Admitted 1 requests for model_6
[2026-08-21 17:09:15.454 GPU_Scheduler_0] Admitted 1 requests for model_5
[2026-08-21 17:09:15.691 GPU_Scheduler_0] Admitted 1 requests for model_5
[2026-08-21 17:09:15.801 GPU_Scheduler_0] Admitted 1 requests for model_5
[2026-08-21 17:09:15.856 GPU_Scheduler_0] Admitted 1 requests for model_5
[2026-08-21 17:09:15.889 GPU_Scheduler_0] [V5-LOOP] {"iters": 452, "t_mem": 0.010224414989352226, "t_redis": 0.40605277474969625, "t_admit": 0.006989198736846447, "t_send": 0.02201945846900344, "t_iter": 0.44528584694489837, "admitted": 36, "iter_max": 0.002743061166256666, "gpu_id": 0, "window_s": 5.005268573760986}
[2026-08-21 17:09:15.999 GPU_Scheduler_0] Admitted 1 requests for model_5
[2026-08-21 17:09:16.063 GPU_Scheduler_0] Admitted 1 requests for model_5
[2026-08-21 17:09:16.127 GPU_Scheduler_0] Admitted 1 requests for model_5
[2026-08-21 17:09:16.170 GPU_Scheduler_0] Admitted 1 requests for model_5
[2026-08-21 17:09:16.182 GPU_Scheduler_0] Admitted 1 requests for model_5
[2026-08-21 17:09:16.193 GPU_Scheduler_0] Admitted 1 requests for model_5
[2026-08-21 17:09:16.332 GPU_Scheduler_0] Admitted 1 requests for model_5
[2026-08-21 17:09:16.536 GPU_Scheduler_0] Admitted 1 requests for model_5
[2026-08-21 17:09:16.547 GPU_Scheduler_0] Admitted 1 requests for model_5
[2026-08-21 17:09:16.975 GPU_Scheduler_0] Admitted 1 requests for model_5
[2026-08-21 17:09:17.208 GPU_Scheduler_0] Admitted 1 requests for model_5
[2026-08-21 17:09:17.286 GPU_Scheduler_0] Admitted 1 requests for model_6
[2026-08-21 17:09:17.297 GPU_Scheduler_0] Admitted 1 requests for model_5
[2026-08-21 17:09:17.337 GPU_Scheduler_1] [V5-LOOP] {"iters": 456, "t_mem": 0.009534415788948536, "t_redis": 0.39161552605219185, "t_admit": 0.004201638977974653, "t_send": 0.0018220972269773483, "t_iter": 0.4071736780460924, "admitted": 2, "iter_max": 0.002137655857950449, "gpu_id": 1, "window_s": 5.0068135261535645}
[2026-08-21 17:09:17.342 GPU_Scheduler_0] Admitted 1 requests for model_5
[2026-08-21 17:09:17.397 GPU_Scheduler_0] Admitted 1 requests for model_6
[2026-08-21 17:09:17.420 GPU_Scheduler_0] Admitted 1 requests for model_6
[2026-08-21 17:09:17.443 GPU_Scheduler_0] Admitted 1 requests for model_5
[2026-08-21 17:09:17.521 GPU_Scheduler_0] Admitted 1 requests for model_4
[2026-08-21 17:09:17.622 GPU_Scheduler_0] Admitted 1 requests for model_5
[2026-08-21 17:09:17.918 GPU_Scheduler_0] Admitted 1 requests for model_5
[2026-08-21 17:09:18.106 GPU_Scheduler_0] Admitted 1 requests for model_5
[2026-08-21 17:09:18.195 GPU_Scheduler_0] Admitted 1 requests for model_5
[2026-08-21 17:09:18.229 GPU_Scheduler_0] Admitted 1 requests for model_6
[2026-08-21 17:09:18.329 GPU_Scheduler_0] Admitted 1 requests for model_6
[2026-08-21 17:09:18.440 GPU_Scheduler_0] Admitted 1 requests for model_5
[2026-08-21 17:09:18.463 GPU_Scheduler_0] Admitted 1 requests for model_5
[2026-08-21 17:09:18.474 GPU_Scheduler_0] Admitted 1 requests for model_5
[2026-08-21 17:09:18.486 GPU_Scheduler_0] Admitted 1 requests for model_4
[2026-08-21 17:09:18.695 GPU_Scheduler_0] Admitted 1 requests for model_5
[2026-08-21 17:09:18.718 GPU_Scheduler_0] Admitted 1 requests for model_6
[2026-08-21 17:09:18.740 GPU_Scheduler_0] Admitted 1 requests for model_5
[2026-08-21 17:09:19.032 GPU_Scheduler_1] Admitted 1 requests for model_3
[2026-08-21 17:09:19.072 GPU_Scheduler_0] Admitted 1 requests for model_5
[2026-08-21 17:09:19.149 GPU_Scheduler_0] Admitted 1 requests for model_5
[2026-08-21 17:09:19.205 GPU_Scheduler_0] Admitted 1 requests for model_6
[2026-08-21 17:09:19.415 GPU_Scheduler_0] Admitted 1 requests for model_5
[2026-08-21 17:09:19.426 GPU_Scheduler_0] Admitted 1 requests for model_5
[2026-08-21 17:09:19.602 GPU_Scheduler_0] Admitted 1 requests for model_5
[2026-08-21 17:09:19.667 GPU_Scheduler_0] Admitted 1 requests for model_5
[2026-08-21 17:09:19.732 GPU_Scheduler_1] Admitted 1 requests for model_3
[2026-08-21 17:09:20.061 GPU_Scheduler_0] Admitted 2 requests for model_5
[2026-08-21 17:09:20.161 GPU_Scheduler_0] Admitted 1 requests for model_5
[2026-08-21 17:09:20.183 GPU_Scheduler_0] Admitted 1 requests for model_5
[2026-08-21 17:09:20.316 GPU_Scheduler_0] Admitted 1 requests for model_5
[2026-08-21 17:09:20.504 GPU_Scheduler_0] Admitted 1 requests for model_5
[2026-08-21 17:09:20.516 GPU_Scheduler_0] Admitted 1 requests for model_5
[2026-08-21 17:09:20.724 GPU_Scheduler_0] Admitted 1 requests for model_5
[2026-08-21 17:09:20.747 GPU_Scheduler_0] Admitted 1 requests for model_6
[2026-08-21 17:09:20.890 GPU_Scheduler_0] [V5-LOOP] {"iters": 455, "t_mem": 0.010336276376619935, "t_redis": 0.36654222314246, "t_admit": 0.007206202019006014, "t_send": 0.02697688853368163, "t_iter": 0.41106159007176757, "admitted": 47, "iter_max": 0.0021038660779595375, "gpu_id": 0, "window_s": 5.000126123428345}
[2026-08-21 17:09:21.011 GPU_Scheduler_0] Admitted 1 requests for model_5
[2026-08-21 17:09:21.100 GPU_Scheduler_0] Admitted 1 requests for model_6
[2026-08-21 17:09:21.189 GPU_Scheduler_0] Admitted 1 requests for model_5
[2026-08-21 17:09:21.420 GPU_Scheduler_0] Admitted 1 requests for model_5
[2026-08-21 17:09:21.519 GPU_Scheduler_0] Admitted 1 requests for model_5
[2026-08-21 17:09:21.787 GPU_Scheduler_0] Admitted 1 requests for model_5
[2026-08-21 17:09:21.830 GPU_Scheduler_0] Admitted 1 requests for model_5
[2026-08-21 17:09:21.851 GPU_Scheduler_0] Admitted 1 requests for model_5
[2026-08-21 17:09:21.958 GPU_Scheduler_0] Admitted 1 requests for model_5
[2026-08-21 17:09:22.155 GPU_Scheduler_0] Admitted 1 requests for model_5
[2026-08-21 17:09:22.232 GPU_Scheduler_0] Admitted 1 requests for model_5
[2026-08-21 17:09:22.344 GPU_Scheduler_1] [V5-LOOP] {"iters": 453, "t_mem": 0.010306005598977208, "t_redis": 0.41926937620155513, "t_admit": 0.004529868718236685, "t_send": 0.001915257889777422, "t_iter": 0.43602050840854645, "admitted": 2, "iter_max": 0.0018929541110992432, "gpu_id": 1, "window_s": 5.006336212158203}
[2026-08-21 17:09:22.376 GPU_Scheduler_0] Admitted 1 requests for model_5
[2026-08-21 17:09:22.445 GPU_Scheduler_0] Admitted 1 requests for model_5
[2026-08-21 17:09:22.522 GPU_Scheduler_0] Admitted 1 requests for model_5
[2026-08-21 17:09:22.578 GPU_Scheduler_0] Admitted 1 requests for model_5
[2026-08-21 17:09:22.633 GPU_Scheduler_0] Admitted 1 requests for model_6
[2026-08-21 17:09:22.677 GPU_Scheduler_0] Admitted 1 requests for model_5
[2026-08-21 17:09:22.809 GPU_Scheduler_0] Admitted 1 requests for model_5
[2026-08-21 17:09:22.820 GPU_Scheduler_0] Admitted 1 requests for model_5
[2026-08-21 17:09:22.921 GPU_Scheduler_0] Admitted 1 requests for model_5
[2026-08-21 17:09:23.014 GPU_Scheduler_0] Admitted 1 requests for model_6
[2026-08-21 17:09:23.142 GPU_Scheduler_0] Admitted 1 requests for model_5
[2026-08-21 17:09:23.304 GPU_Scheduler_0] Admitted 1 requests for model_5
[2026-08-21 17:09:23.363 GPU_Scheduler_0] Admitted 1 requests for model_6
[2026-08-21 17:09:23.708 GPU_Scheduler_0] Admitted 1 requests for model_5
[2026-08-21 17:09:23.764 GPU_Scheduler_0] Admitted 1 requests for model_5
[2026-08-21 17:09:23.897 GPU_Scheduler_0] Admitted 1 requests for model_5
[2026-08-21 17:09:23.909 GPU_Scheduler_0] Admitted 1 requests for model_5
[2026-08-21 17:09:24.053 GPU_Scheduler_0] Admitted 1 requests for model_5
[2026-08-21 17:09:24.087 GPU_Scheduler_0] Admitted 1 requests for model_4
[2026-08-21 17:09:24.099 GPU_Scheduler_0] Admitted 1 requests for model_5
[2026-08-21 17:09:24.177 GPU_Scheduler_0] Admitted 1 requests for model_5
[2026-08-21 17:09:24.486 GPU_Scheduler_0] Admitted 1 requests for model_5
[2026-08-21 17:09:24.498 GPU_Scheduler_0] Admitted 1 requests for model_6
[2026-08-21 17:09:24.939 GPU_Scheduler_0] Admitted 1 requests for model_5
[2026-08-21 17:09:25.039 GPU_Scheduler_0] Admitted 1 requests for model_5
[2026-08-21 17:09:25.481 GPU_Scheduler_0] Admitted 1 requests for model_5
[2026-08-21 17:09:25.671 GPU_Scheduler_0] Admitted 1 requests for model_5
[2026-08-21 17:09:25.716 GPU_Scheduler_0] Admitted 1 requests for model_5
[2026-08-21 17:09:25.760 GPU_Scheduler_0] Admitted 1 requests for model_5
[2026-08-21 17:09:25.838 GPU_Scheduler_0] Admitted 1 requests for model_5
[2026-08-21 17:09:25.882 GPU_Scheduler_0] Admitted 1 requests for model_6
[2026-08-21 17:09:25.894 GPU_Scheduler_0] [V5-LOOP] {"iters": 451, "t_mem": 0.010758575284853578, "t_redis": 0.4090955595020205, "t_admit": 0.007661265088245273, "t_send": 0.024752807337790728, "t_iter": 0.45226820721291006, "admitted": 42, "iter_max": 0.002361177932471037, "gpu_id": 0, "window_s": 5.003873825073242}
[2026-08-21 17:09:25.905 GPU_Scheduler_0] Admitted 1 requests for model_5
[2026-08-21 17:09:25.994 GPU_Scheduler_0] Admitted 1 requests for model_6
[2026-08-21 17:09:26.282 GPU_Scheduler_0] Admitted 1 requests for model_5
[2026-08-21 17:09:26.361 GPU_Scheduler_0] Admitted 1 requests for model_5
[2026-08-21 17:09:26.428 GPU_Scheduler_0] Admitted 1 requests for model_5
[2026-08-21 17:09:26.473 GPU_Scheduler_0] Admitted 1 requests for model_5
[2026-08-21 17:09:26.948 GPU_Scheduler_1] Admitted 1 requests for model_3
[2026-08-21 17:09:27.228 GPU_Scheduler_0] Admitted 1 requests for model_5
[2026-08-21 17:09:27.316 GPU_Scheduler_0] Admitted 1 requests for model_5
[2026-08-21 17:09:27.352 GPU_Scheduler_1] [V5-LOOP] {"iters": 449, "t_mem": 0.0113153918646276, "t_redis": 0.45838199998252094, "t_admit": 0.004720988683402538, "t_send": 0.0013287861365824938, "t_iter": 0.47574716666713357, "admitted": 1, "iter_max": 0.0022740978747606277, "gpu_id": 1, "window_s": 5.007282495498657}
[2026-08-21 17:09:27.427 GPU_Scheduler_0] Admitted 2 requests for model_5
[2026-08-21 17:09:27.526 GPU_Scheduler_0] Admitted 1 requests for model_5
[2026-08-21 17:09:27.570 GPU_Scheduler_0] Admitted 1 requests for model_5
[2026-08-21 17:09:27.712 GPU_Scheduler_0] Admitted 1 requests for model_5
[2026-08-21 17:09:27.756 GPU_Scheduler_0] Admitted 1 requests for model_5
[2026-08-21 17:09:27.876 GPU_Scheduler_0] Admitted 1 requests for model_5
[2026-08-21 17:09:27.952 GPU_Scheduler_0] Admitted 1 requests for model_5
[2026-08-21 17:09:28.083 GPU_Scheduler_0] Admitted 1 requests for model_6
[2026-08-21 17:09:28.138 GPU_Scheduler_0] Admitted 1 requests for model_5
[2026-08-21 17:09:28.160 GPU_Scheduler_0] Admitted 1 requests for model_4
[2026-08-21 17:09:28.183 GPU_Scheduler_0] Admitted 1 requests for model_5
[2026-08-21 17:09:28.325 GPU_Scheduler_0] Admitted 1 requests for model_5
[2026-08-21 17:09:28.521 GPU_Scheduler_0] Admitted 1 requests for model_5
[2026-08-21 17:09:28.708 GPU_Scheduler_0] Admitted 1 requests for model_5
[2026-08-21 17:09:28.969 GPU_Scheduler_0] Admitted 1 requests for model_6
[2026-08-21 17:09:28.998 GPU_Scheduler_1] Admitted 1 requests for model_3
[2026-08-21 17:09:29.172 GPU_Scheduler_0] Admitted 1 requests for model_6
[2026-08-21 17:09:29.226 GPU_Scheduler_0] Admitted 1 requests for model_5
[2026-08-21 17:09:29.258 GPU_Scheduler_0] Admitted 1 requests for model_6
[2026-08-21 17:09:29.322 GPU_Scheduler_0] Admitted 1 requests for model_5
[2026-08-21 17:09:29.396 GPU_Scheduler_0] Admitted 1 requests for model_5
[2026-08-21 17:09:29.641 GPU_Scheduler_0] Admitted 2 requests for model_5
[2026-08-21 17:09:29.673 GPU_Scheduler_0] Admitted 1 requests for model_5
[2026-08-21 17:09:29.865 GPU_Scheduler_0] Admitted 1 requests for model_6
[2026-08-21 17:09:29.984 GPU_Scheduler_0] Admitted 1 requests for model_5
[2026-08-21 17:09:30.037 GPU_Scheduler_0] Admitted 1 requests for model_5
[2026-08-21 17:09:30.091 GPU_Scheduler_0] Admitted 1 requests for model_5
[2026-08-21 17:09:30.102 GPU_Scheduler_0] Admitted 1 requests for model_5
[2026-08-21 17:09:30.166 GPU_Scheduler_0] Admitted 1 requests for model_5
[2026-08-21 17:09:30.284 GPU_Scheduler_0] Admitted 2 requests for model_5
[2026-08-21 17:09:30.435 GPU_Scheduler_0] Admitted 3 requests for model_5
[2026-08-21 17:09:30.691 GPU_Scheduler_0] Admitted 1 requests for model_5
[2026-08-21 17:09:30.904 GPU_Scheduler_0] [V5-LOOP] {"iters": 461, "t_mem": 0.00949123757891357, "t_redis": 0.3246959669049829, "t_admit": 0.006189832463860512, "t_send": 0.01963470666669309, "t_iter": 0.3600117436144501, "admitted": 44, "iter_max": 0.0020921758841723204, "gpu_id": 0, "window_s": 5.009668350219727}
[2026-08-21 17:09:30.936 GPU_Scheduler_0] Admitted 1 requests for model_5
[2026-08-21 17:09:31.011 GPU_Scheduler_0] Admitted 1 requests for model_6
[2026-08-21 17:09:31.407 GPU_Scheduler_0] Admitted 1 requests for model_5
[2026-08-21 17:09:31.496 GPU_Scheduler_0] Admitted 1 requests for model_5
[2026-08-21 17:09:31.618 GPU_Scheduler_0] Admitted 1 requests for model_5
[2026-08-21 17:09:31.652 GPU_Scheduler_0] Admitted 1 requests for model_4
[2026-08-21 17:09:31.785 GPU_Scheduler_0] Admitted 1 requests for model_5
[2026-08-21 17:09:31.852 GPU_Scheduler_0] Admitted 1 requests for model_6
[2026-08-21 17:09:31.864 GPU_Scheduler_0] Admitted 1 requests for model_5
[2026-08-21 17:09:31.930 GPU_Scheduler_0] Admitted 1 requests for model_5
[2026-08-21 17:09:32.168 GPU_Scheduler_1] Received activate request for model model_6
[2026-08-21 17:09:32.168 GPU_Scheduler_1] Received activate request for model_6, model_states: {'model_1': 'activated', 'model_2': 'activated', 'model_3': 'activated', 'model_4': 'deactivated', 'model_5': 'deactivated', 'model_6': 'preparing'}
[2026-08-21 17:09:32.169 GPU_Scheduler_1] Assign worker 0 to model_6. Current model_to_worker: {'model_3': 2, 'model_1': 1, 'model_2': 3, 'model_6': 0}
[2026-08-21 17:09:32.207 GPU_Scheduler_0] Admitted 1 requests for model_5
[2026-08-21 17:09:32.317 GPU_Scheduler_0] Admitted 1 requests for model_5
[2026-08-21 17:09:32.362 GPU_Scheduler_0] Admitted 1 requests for model_5
[2026-08-21 17:09:32.363 GPU_Scheduler_1] [V5-LOOP] {"iters": 455, "t_mem": 0.011509702075272799, "t_redis": 0.4029724739957601, "t_admit": 0.004677346907556057, "t_send": 0.0011888202279806137, "t_iter": 0.42034834320656955, "admitted": 1, "iter_max": 0.0023095880169421434, "gpu_id": 1, "window_s": 5.010726451873779}
[2026-08-21 17:09:32.428 GPU_Scheduler_0] Admitted 1 requests for model_5
[2026-08-21 17:09:32.893 GPU_Scheduler_0] Admitted 1 requests for model_5
[2026-08-21 17:09:33.168 GPU_Scheduler_0] Admitted 2 requests for model_5
[2026-08-21 17:09:33.191 GPU_Scheduler_0] Admitted 1 requests for model_6
[2026-08-21 17:09:33.380 GPU_Scheduler_0] Admitted 3 requests for model_5
[2026-08-21 17:09:33.449 GPU_Scheduler_0] Admitted 1 requests for model_6
[2026-08-21 17:09:33.615 GPU_Scheduler_0] Admitted 2 requests for model_5
[2026-08-21 17:09:33.759 GPU_Scheduler_0] Admitted 1 requests for model_6
[2026-08-21 17:09:33.814 GPU_Scheduler_0] Admitted 1 requests for model_4
[2026-08-21 17:09:34.122 GPU_Scheduler_0] Admitted 1 requests for model_5
[2026-08-21 17:09:34.145 GPU_Scheduler_0] Admitted 1 requests for model_5
[2026-08-21 17:09:34.167 GPU_Scheduler_0] Admitted 1 requests for model_5
[2026-08-21 17:09:34.344 GPU_Scheduler_0] Admitted 1 requests for model_5
[2026-08-21 17:09:34.388 GPU_Scheduler_0] Admitted 1 requests for model_6
[2026-08-21 17:09:34.532 GPU_Scheduler_0] Admitted 1 requests for model_5
[2026-08-21 17:09:34.624 GPU_Scheduler_0] Admitted 1 requests for model_5
[2026-08-21 17:09:34.767 GPU_Scheduler_0] Admitted 1 requests for model_5
[2026-08-21 17:09:35.029 GPU_Scheduler_1] Model model_6 (instance 1) activation succeeded on GPU 1
[2026-08-21 17:09:35.037 GPU_Scheduler_0] Received deactivate request for model model_6
[2026-08-21 17:09:35.037 GPU_Scheduler_0] Received deactivate request for model_6, model_states: {'model_1': 'deactivated', 'model_2': 'deactivated', 'model_3': 'deactivated', 'model_4': 'activated', 'model_5': 'activated', 'model_6': 'deactivating'}
[2026-08-21 17:09:35.037 GPU_Scheduler_0] Release worker 1 from model model_6. Current model_to_worker: {'model_5': 2, 'model_4': 0}
[2026-08-21 17:09:35.913 GPU_Scheduler_0] [V5-LOOP] {"iters": 452, "t_mem": 0.012089911615476012, "t_redis": 0.4082342635374516, "t_admit": 0.007905167294666171, "t_send": 0.01987057412043214, "t_iter": 0.44809991656802595, "admitted": 34, "iter_max": 0.002469429047778249, "gpu_id": 0, "window_s": 5.008816480636597}
[2026-08-21 17:09:36.058 GPU_Scheduler_0] Admitted 10 requests for model_5
[2026-08-21 17:09:37.164 GPU_Scheduler_0] Model model_6 (instance 0) deactivation succeeded on GPU 0
[2026-08-21 17:09:37.171 GPU_Scheduler_1] Received activate request for model model_6
[2026-08-21 17:09:37.171 GPU_Scheduler_1] Received activate request for model_6, model_states: {'model_1': 'activated', 'model_2': 'activated', 'model_3': 'activated', 'model_4': 'deactivated', 'model_5': 'deactivated', 'model_6': 'committing'}
[2026-08-21 17:09:37.171 GPU_Scheduler_1] [PAPER-OVERLAP-V6] commit dispatched model=model_6 gpu=1 worker=0
[2026-08-21 17:09:37.363 GPU_Scheduler_1] [V5-LOOP] {"iters": 456, "t_mem": 0.011030144058167934, "t_redis": 0.385899604531005, "t_admit": 0.004069386748597026, "t_send": 0.0006013510283082724, "t_iter": 0.40160048636607826, "admitted": 0, "iter_max": 0.0024019188713282347, "gpu_id": 1, "window_s": 5.000524282455444}
[2026-08-21 17:09:40.213 GPU_Scheduler_1] Model model_6 (instance 1) activation succeeded on GPU 1
[2026-08-21 17:09:40.224 GPU_Scheduler_1] Admitted 7 requests for model_6
[2026-08-21 17:09:40.289 GPU_Scheduler_1] Received deactivate request for model model_1
[2026-08-21 17:09:40.289 GPU_Scheduler_1] Received deactivate request for model_1, model_states: {'model_1': 'deactivating', 'model_2': 'activated', 'model_3': 'activated', 'model_4': 'deactivated', 'model_5': 'deactivated', 'model_6': 'activated'}
[2026-08-21 17:09:40.289 GPU_Scheduler_1] Release worker 1 from model model_1. Current model_to_worker: {'model_3': 2, 'model_2': 3, 'model_6': 0}
[2026-08-21 17:09:40.290 GPU_Scheduler_1] Received deactivate request for model model_2
[2026-08-21 17:09:40.290 GPU_Scheduler_1] Received deactivate request for model_2, model_states: {'model_1': 'deactivating', 'model_2': 'deactivating', 'model_3': 'activated', 'model_4': 'deactivated', 'model_5': 'deactivated', 'model_6': 'activated'}
[2026-08-21 17:09:40.290 GPU_Scheduler_1] Release worker 3 from model model_2. Current model_to_worker: {'model_3': 2, 'model_6': 0}
[2026-08-21 17:09:40.417 GPU_Scheduler_0] Admitted 39 requests for model_5
[2026-08-21 17:09:40.915 GPU_Scheduler_0] [V5-LOOP] {"iters": 465, "t_mem": 0.008266375865787268, "t_redis": 0.28323858557268977, "t_admit": 0.009340278338640928, "t_send": 0.010767411440610886, "t_iter": 0.31161265121772885, "admitted": 49, "iter_max": 0.008107932982966304, "gpu_id": 0, "window_s": 5.002227544784546}
[2026-08-21 17:09:41.375 GPU_Scheduler_1] Admitted 1 requests for model_6
[2026-08-21 17:09:41.514 GPU_Scheduler_1] Model model_1 (instance 1) deactivation succeeded on GPU 1
[2026-08-21 17:09:41.795 GPU_Scheduler_0] Admitted 1 requests for model_4
[2026-08-21 17:09:42.226 GPU_Scheduler_1] Model model_2 (instance 1) deactivation succeeded on GPU 1
[2026-08-21 17:09:42.370 GPU_Scheduler_1] [V5-LOOP] {"iters": 459, "t_mem": 0.009896168485283852, "t_redis": 0.358749111648649, "t_admit": 0.004380008904263377, "t_send": 0.003352309577167034, "t_iter": 0.37637759861536324, "admitted": 8, "iter_max": 0.0035312369000166655, "gpu_id": 1, "window_s": 5.00635290145874}
[2026-08-21 17:09:43.326 GPU_Scheduler_0] Admitted 16 requests for model_5
[2026-08-21 17:09:43.723 GPU_Scheduler_1] Admitted 1 requests for model_6
[2026-08-21 17:09:43.874 GPU_Scheduler_0] Admitted 3 requests for model_5
[2026-08-21 17:09:43.929 GPU_Scheduler_0] Admitted 1 requests for model_5
[2026-08-21 17:09:43.982 GPU_Scheduler_0] Admitted 1 requests for model_5
[2026-08-21 17:09:44.004 GPU_Scheduler_0] Admitted 1 requests for model_5
[2026-08-21 17:09:44.101 GPU_Scheduler_0] Admitted 1 requests for model_5
[2026-08-21 17:09:44.412 GPU_Scheduler_0] Admitted 1 requests for model_5
[2026-08-21 17:09:44.466 GPU_Scheduler_0] Admitted 1 requests for model_4
[2026-08-21 17:09:45.024 GPU_Scheduler_0] Admitted 1 requests for model_5
[2026-08-21 17:09:45.343 GPU_Scheduler_1] Admitted 1 requests for model_3
[2026-08-21 17:09:45.365 GPU_Scheduler_1] Admitted 1 requests for model_6
[2026-08-21 17:09:45.454 GPU_Scheduler_0] Admitted 1 requests for model_5
[2026-08-21 17:09:45.476 GPU_Scheduler_0] Admitted 1 requests for model_5
[2026-08-21 17:09:45.815 GPU_Scheduler_1] Admitted 1 requests for model_6
[2026-08-21 17:09:45.840 GPU_Scheduler_0] Admitted 1 requests for model_5
[2026-08-21 17:09:45.926 GPU_Scheduler_0] [V5-LOOP] {"iters": 468, "t_mem": 0.009150381898507476, "t_redis": 0.2605076925829053, "t_admit": 0.007317712297663093, "t_send": 0.012915368191897869, "t_iter": 0.28989115497097373, "admitted": 30, "iter_max": 0.005307231098413467, "gpu_id": 0, "window_s": 5.010134696960449}
[2026-08-21 17:09:46.020 GPU_Scheduler_1] Admitted 1 requests for model_3
[2026-08-21 17:09:46.108 GPU_Scheduler_0] Admitted 1 requests for model_5
[2026-08-21 17:09:46.163 GPU_Scheduler_0] Admitted 1 requests for model_5
[2026-08-21 17:09:46.228 GPU_Scheduler_0] Admitted 1 requests for model_5
[2026-08-21 17:09:46.335 GPU_Scheduler_0] Admitted 2 requests for model_5
[2026-08-21 17:09:46.486 GPU_Scheduler_0] Admitted 1 requests for model_5
[2026-08-21 17:09:46.497 GPU_Scheduler_0] Admitted 1 requests for model_5
[2026-08-21 17:09:46.733 GPU_Scheduler_0] Admitted 1 requests for model_5
[2026-08-21 17:09:47.013 GPU_Scheduler_0] Admitted 1 requests for model_5
[2026-08-21 17:09:47.046 GPU_Scheduler_0] Admitted 1 requests for model_5
[2026-08-21 17:09:47.057 GPU_Scheduler_0] Admitted 1 requests for model_5
[2026-08-21 17:09:47.068 GPU_Scheduler_0] Admitted 1 requests for model_5
[2026-08-21 17:09:47.122 GPU_Scheduler_0] Admitted 1 requests for model_5
[2026-08-21 17:09:47.186 GPU_Scheduler_0] Admitted 1 requests for model_5
[2026-08-21 17:09:47.229 GPU_Scheduler_0] Admitted 1 requests for model_5
[2026-08-21 17:09:47.283 GPU_Scheduler_0] Admitted 1 requests for model_5
[2026-08-21 17:09:47.308 GPU_Scheduler_1] Admitted 1 requests for model_6
[2026-08-21 17:09:47.372 GPU_Scheduler_1] [V5-LOOP] {"iters": 466, "t_mem": 0.009368235478177667, "t_redis": 0.28315873979590833, "t_admit": 0.00466889888048172, "t_send": 0.00414943671785295, "t_iter": 0.30134531087242067, "admitted": 6, "iter_max": 0.0014575410168617964, "gpu_id": 1, "window_s": 5.002046823501587}
[2026-08-21 17:09:47.763 GPU_Scheduler_0] Admitted 1 requests for model_5
[2026-08-21 17:09:47.795 GPU_Scheduler_0] Admitted 1 requests for model_5
[2026-08-21 17:09:48.076 GPU_Scheduler_0] Admitted 1 requests for model_5
[2026-08-21 17:09:48.151 GPU_Scheduler_0] Admitted 1 requests for model_5
[2026-08-21 17:09:48.366 GPU_Scheduler_0] Admitted 1 requests for model_5
[2026-08-21 17:09:48.431 GPU_Scheduler_0] Admitted 1 requests for model_5
[2026-08-21 17:09:48.495 GPU_Scheduler_0] Admitted 1 requests for model_5
[2026-08-21 17:09:48.711 GPU_Scheduler_0] Admitted 1 requests for model_5
[2026-08-21 17:09:48.727 GPU_Scheduler_1] Admitted 1 requests for model_3
[2026-08-21 17:09:49.002 GPU_Scheduler_0] Admitted 1 requests for model_5
[2026-08-21 17:09:49.255 GPU_Scheduler_1] Admitted 1 requests for model_6
[2026-08-21 17:09:49.503 GPU_Scheduler_1] Admitted 1 requests for model_6
[2026-08-21 17:09:49.531 GPU_Scheduler_0] Admitted 1 requests for model_5
[2026-08-21 17:09:49.628 GPU_Scheduler_0] Admitted 1 requests for model_5
[2026-08-21 17:09:49.740 GPU_Scheduler_1] Admitted 1 requests for model_3
[2026-08-21 17:09:49.780 GPU_Scheduler_0] Admitted 1 requests for model_5
[2026-08-21 17:09:49.899 GPU_Scheduler_0] Admitted 2 requests for model_5
[2026-08-21 17:09:49.975 GPU_Scheduler_0] Admitted 1 requests for model_5
[2026-08-21 17:09:49.986 GPU_Scheduler_0] Admitted 1 requests for model_5
[2026-08-21 17:09:50.029 GPU_Scheduler_0] Admitted 1 requests for model_5
[2026-08-21 17:09:50.222 GPU_Scheduler_0] Admitted 1 requests for model_5
[2026-08-21 17:09:50.244 GPU_Scheduler_0] Admitted 1 requests for model_5
[2026-08-21 17:09:50.319 GPU_Scheduler_1] Admitted 1 requests for model_6
[2026-08-21 17:09:50.532 GPU_Scheduler_0] Admitted 1 requests for model_5
[2026-08-21 17:09:50.554 GPU_Scheduler_0] Admitted 1 requests for model_5
[2026-08-21 17:09:50.586 GPU_Scheduler_0] Admitted 1 requests for model_5
[2026-08-21 17:09:50.640 GPU_Scheduler_0] Admitted 1 requests for model_5
[2026-08-21 17:09:50.649 GPU_Scheduler_1] Admitted 1 requests for model_3
[2026-08-21 17:09:50.693 GPU_Scheduler_1] Admitted 1 requests for model_6
[2026-08-21 17:09:50.747 GPU_Scheduler_1] Admitted 1 requests for model_6
[2026-08-21 17:09:50.843 GPU_Scheduler_1] Admitted 1 requests for model_3
[2026-08-21 17:09:50.906 GPU_Scheduler_0] Admitted 1 requests for model_5
[2026-08-21 17:09:50.928 GPU_Scheduler_0] [V5-LOOP] {"iters": 465, "t_mem": 0.010687777772545815, "t_redis": 0.2708765915594995, "t_admit": 0.007020612247288227, "t_send": 0.02273732773028314, "t_iter": 0.3113223093096167, "admitted": 40, "iter_max": 0.0018657639157027006, "gpu_id": 0, "window_s": 5.002397060394287}
[2026-08-21 17:09:51.036 GPU_Scheduler_0] Admitted 1 requests for model_5
[2026-08-21 17:09:51.165 GPU_Scheduler_0] Admitted 1 requests for model_5
[2026-08-21 17:09:51.230 GPU_Scheduler_0] Admitted 1 requests for model_5
[2026-08-21 17:09:51.370 GPU_Scheduler_0] Admitted 1 requests for model_5
[2026-08-21 17:09:51.403 GPU_Scheduler_0] Admitted 1 requests for model_5
[2026-08-21 17:09:51.894 GPU_Scheduler_1] Admitted 1 requests for model_6
[2026-08-21 17:09:51.927 GPU_Scheduler_1] Admitted 1 requests for model_6
[2026-08-21 17:09:51.956 GPU_Scheduler_0] Admitted 2 requests for model_5
[2026-08-21 17:09:51.999 GPU_Scheduler_0] Admitted 1 requests for model_5
[2026-08-21 17:09:52.315 GPU_Scheduler_0] Admitted 1 requests for model_5
[2026-08-21 17:09:52.382 GPU_Scheduler_1] [V5-LOOP] {"iters": 467, "t_mem": 0.010479955933988094, "t_redis": 0.27646356099285185, "t_admit": 0.0056670536287128925, "t_send": 0.006724427454173565, "t_iter": 0.2993349980097264, "admitted": 11, "iter_max": 0.0016089929267764091, "gpu_id": 1, "window_s": 5.00945782661438}
[2026-08-21 17:09:52.474 GPU_Scheduler_0] Admitted 1 requests for model_5
[2026-08-21 17:09:52.560 GPU_Scheduler_0] Admitted 1 requests for model_5
[2026-08-21 17:09:52.810 GPU_Scheduler_1] Admitted 1 requests for model_6
[2026-08-21 17:09:52.892 GPU_Scheduler_0] Admitted 1 requests for model_5
[2026-08-21 17:09:52.903 GPU_Scheduler_0] Admitted 1 requests for model_5
[2026-08-21 17:09:52.980 GPU_Scheduler_0] Admitted 1 requests for model_5
[2026-08-21 17:09:53.178 GPU_Scheduler_1] Admitted 1 requests for model_6
[2026-08-21 17:09:53.239 GPU_Scheduler_0] Admitted 1 requests for model_5
[2026-08-21 17:09:53.317 GPU_Scheduler_0] Admitted 1 requests for model_5
[2026-08-21 17:09:53.384 GPU_Scheduler_0] Admitted 1 requests for model_5
[2026-08-21 17:09:53.482 GPU_Scheduler_0] Admitted 1 requests for model_5
[2026-08-21 17:09:53.568 GPU_Scheduler_0] Admitted 1 requests for model_5
[2026-08-21 17:09:53.771 GPU_Scheduler_0] Admitted 1 requests for model_5
[2026-08-21 17:09:53.817 GPU_Scheduler_1] Admitted 1 requests for model_6
[2026-08-21 17:09:53.828 GPU_Scheduler_1] Admitted 1 requests for model_3
[2026-08-21 17:09:54.071 GPU_Scheduler_0] Admitted 1 requests for model_5
[2026-08-21 17:09:54.163 GPU_Scheduler_1] Admitted 1 requests for model_6
[2026-08-21 17:09:54.363 GPU_Scheduler_1] Admitted 1 requests for model_3
[2026-08-21 17:09:54.413 GPU_Scheduler_0] Admitted 1 requests for model_5
[2026-08-21 17:09:54.541 GPU_Scheduler_1] Admitted 1 requests for model_6
[2026-08-21 17:09:54.594 GPU_Scheduler_1] Admitted 1 requests for model_6
[2026-08-21 17:09:54.744 GPU_Scheduler_0] Admitted 1 requests for model_5
[2026-08-21 17:09:55.260 GPU_Scheduler_0] Admitted 1 requests for model_5
[2026-08-21 17:09:55.359 GPU_Scheduler_0] Admitted 1 requests for model_5
[2026-08-21 17:09:55.371 GPU_Scheduler_0] Admitted 1 requests for model_5
[2026-08-21 17:09:55.548 GPU_Scheduler_0] Admitted 1 requests for model_5
[2026-08-21 17:09:55.769 GPU_Scheduler_0] Admitted 1 requests for model_5
[2026-08-21 17:09:55.778 GPU_Scheduler_1] Admitted 1 requests for model_3
[2026-08-21 17:09:55.879 GPU_Scheduler_0] Admitted 1 requests for model_5
[2026-08-21 17:09:55.935 GPU_Scheduler_0] Admitted 1 requests for model_5
[2026-08-21 17:09:55.935 GPU_Scheduler_0] [V5-LOOP] {"iters": 465, "t_mem": 0.010740209836512804, "t_redis": 0.2811645215842873, "t_admit": 0.006844212766736746, "t_send": 0.016841648379340768, "t_iter": 0.3155905925668776, "admitted": 30, "iter_max": 0.002001415006816387, "gpu_id": 0, "window_s": 5.0067298412323}
[2026-08-21 17:09:56.129 GPU_Scheduler_0] Admitted 1 requests for model_5
[2026-08-21 17:09:56.238 GPU_Scheduler_1] Admitted 1 requests for model_6
[2026-08-21 17:09:56.790 GPU_Scheduler_0] Admitted 1 requests for model_5
[2026-08-21 17:09:56.844 GPU_Scheduler_0] Admitted 1 requests for model_5
[2026-08-21 17:09:57.022 GPU_Scheduler_1] Admitted 1 requests for model_6
[2026-08-21 17:09:57.069 GPU_Scheduler_0] Admitted 1 requests for model_5
[2026-08-21 17:09:57.255 GPU_Scheduler_0] Admitted 1 requests for model_5
[2026-08-21 17:09:57.266 GPU_Scheduler_0] Admitted 1 requests for model_5
[2026-08-21 17:09:57.388 GPU_Scheduler_1] [V5-LOOP] {"iters": 478, "t_mem": 0.007016743300482631, "t_redis": 0.17101975879631937, "t_admit": 0.0035591667983680964, "t_send": 0.004391631111502647, "t_iter": 0.18598730000667274, "admitted": 11, "iter_max": 0.0009990481194108725, "gpu_id": 1, "window_s": 5.005774259567261}
[2026-08-21 17:09:57.651 GPU_Scheduler_0] Admitted 1 requests for model_5
[2026-08-21 17:09:57.875 GPU_Scheduler_0] Admitted 1 requests for model_5
[2026-08-21 17:09:58.155 GPU_Scheduler_0] Admitted 1 requests for model_5
[2026-08-21 17:09:58.252 GPU_Scheduler_0] Admitted 1 requests for model_5
[2026-08-21 17:09:58.348 GPU_Scheduler_0] Admitted 1 requests for model_5
[2026-08-21 17:09:58.445 GPU_Scheduler_0] Admitted 1 requests for model_5
[2026-08-21 17:09:58.467 GPU_Scheduler_0] Admitted 1 requests for model_5
[2026-08-21 17:09:58.563 GPU_Scheduler_0] Admitted 1 requests for model_5
[2026-08-21 17:09:58.595 GPU_Scheduler_0] Admitted 1 requests for model_5
[2026-08-21 17:09:58.617 GPU_Scheduler_0] Admitted 1 requests for model_5
[2026-08-21 17:09:58.628 GPU_Scheduler_0] Admitted 1 requests for model_5
[2026-08-21 17:09:59.051 GPU_Scheduler_1] Admitted 1 requests for model_6
[2026-08-21 17:09:59.270 GPU_Scheduler_0] Admitted 1 requests for model_5
[2026-08-21 17:09:59.514 GPU_Scheduler_0] Admitted 1 requests for model_5
[2026-08-21 17:09:59.769 GPU_Scheduler_0] [PAPER-ALG2] {"rounds": 1452.0, "eligible": 1619.0, "selected": 1519.0, "deferred": 100.0, "late_dispatched": 100.0, "requeued": 0.0, "max_queue_len": 39, "rounds_with_deferral": 12.0, "selected_in_deferral_rounds": 20.0}
[2026-08-21 17:09:59.769 GPU_Scheduler_0] Admitted 1 requests for model_5
[2026-08-21 17:09:59.800 GPU_Scheduler_1] Admitted 1 requests for model_6
[2026-08-21 17:09:59.844 GPU_Scheduler_0] Admitted 2 requests for model_5
[2026-08-21 17:09:59.853 GPU_Scheduler_1] Admitted 1 requests for model_6
[2026-08-21 17:09:59.958 GPU_Scheduler_1] Admitted 1 requests for model_6
[2026-08-21 17:10:00.090 GPU_Scheduler_0] Admitted 1 requests for model_5
[2026-08-21 17:10:00.165 GPU_Scheduler_0] Admitted 1 requests for model_5
[2026-08-21 17:10:00.596 GPU_Scheduler_1] Admitted 1 requests for model_6
[2026-08-21 17:10:00.743 GPU_Scheduler_1] Admitted 1 requests for model_6
[2026-08-21 17:10:00.848 GPU_Scheduler_1] Admitted 1 requests for model_6
[2026-08-21 17:10:00.946 GPU_Scheduler_0] [V5-LOOP] {"iters": 468, "t_mem": 0.010928763076663017, "t_redis": 0.2603521978016943, "t_admit": 0.006435605231672525, "t_send": 0.012599735520780087, "t_iter": 0.2903163016308099, "admitted": 24, "iter_max": 0.001632843166589737, "gpu_id": 0, "window_s": 5.010453939437866}
[2026-08-21 17:10:01.005 GPU_Scheduler_1] Admitted 1 requests for model_3
[2026-08-21 17:10:01.143 GPU_Scheduler_1] Admitted 1 requests for model_6
[2026-08-21 17:10:01.154 GPU_Scheduler_1] Admitted 1 requests for model_6
[2026-08-21 17:10:01.270 GPU_Scheduler_1] Admitted 1 requests for model_3
[2026-08-21 17:10:01.533 GPU_Scheduler_0] Admitted 1 requests for model_5
[2026-08-21 17:10:01.544 GPU_Scheduler_0] Admitted 1 requests for model_5
[2026-08-21 17:10:01.609 GPU_Scheduler_0] Admitted 1 requests for model_5
[2026-08-21 17:10:01.971 GPU_Scheduler_0] Admitted 1 requests for model_5
[2026-08-21 17:10:02.247 GPU_Scheduler_0] Admitted 1 requests for model_4
[2026-08-21 17:10:02.269 GPU_Scheduler_0] Admitted 2 requests for model_5
[2026-08-21 17:10:02.356 GPU_Scheduler_0] Admitted 1 requests for model_5
[2026-08-21 17:10:02.390 GPU_Scheduler_1] [V5-LOOP] {"iters": 477, "t_mem": 0.008768104249611497, "t_redis": 0.17397166742011905, "t_admit": 0.004178050439804792, "t_send": 0.005110295722261071, "t_iter": 0.1920281178317964, "admitted": 11, "iter_max": 0.0011823689565062523, "gpu_id": 1, "window_s": 5.001924991607666}
[2026-08-21 17:10:02.400 GPU_Scheduler_0] Admitted 1 requests for model_5
[2026-08-21 17:10:02.433 GPU_Scheduler_0] Admitted 1 requests for model_5
[2026-08-21 17:10:02.541 GPU_Scheduler_0] Admitted 1 requests for model_5
[2026-08-21 17:10:02.563 GPU_Scheduler_0] Admitted 1 requests for model_5
[2026-08-21 17:10:02.711 GPU_Scheduler_0] Admitted 1 requests for model_5
[2026-08-21 17:10:02.879 GPU_Scheduler_0] Admitted 1 requests for model_5
[2026-08-21 17:10:02.901 GPU_Scheduler_0] Admitted 1 requests for model_5
[2026-08-21 17:10:03.279 GPU_Scheduler_0] Admitted 1 requests for model_5
[2026-08-21 17:10:03.446 GPU_Scheduler_1] Admitted 1 requests for model_3
[2026-08-21 17:10:03.728 GPU_Scheduler_1] Admitted 1 requests for model_6
[2026-08-21 17:10:03.741 GPU_Scheduler_0] Admitted 1 requests for model_5
[2026-08-21 17:10:03.781 GPU_Scheduler_1] Admitted 1 requests for model_6
[2026-08-21 17:10:03.877 GPU_Scheduler_0] Admitted 1 requests for model_5
[2026-08-21 17:10:04.391 GPU_Scheduler_0] Admitted 1 requests for model_5
[2026-08-21 17:10:04.513 GPU_Scheduler_1] Admitted 1 requests for model_6
[2026-08-21 17:10:04.545 GPU_Scheduler_1] Admitted 1 requests for model_6
[2026-08-21 17:10:04.576 GPU_Scheduler_1] Admitted 1 requests for model_6
[2026-08-21 17:10:04.859 GPU_Scheduler_1] Admitted 1 requests for model_6
[2026-08-21 17:10:04.864 GPU_Scheduler_0] Admitted 1 requests for model_5
[2026-08-21 17:10:04.896 GPU_Scheduler_0] Admitted 1 requests for model_5
[2026-08-21 17:10:04.949 GPU_Scheduler_0] Admitted 1 requests for model_5
[2026-08-21 17:10:05.079 GPU_Scheduler_1] Admitted 1 requests for model_6
[2026-08-21 17:10:05.087 GPU_Scheduler_0] Admitted 1 requests for model_5
[2026-08-21 17:10:05.098 GPU_Scheduler_0] Admitted 1 requests for model_4
[2026-08-21 17:10:05.403 GPU_Scheduler_1] Admitted 1 requests for model_6
[2026-08-21 17:10:05.498 GPU_Scheduler_0] Admitted 1 requests for model_5
[2026-08-21 17:10:05.508 GPU_Scheduler_1] Admitted 1 requests for model_3
[2026-08-21 17:10:05.748 GPU_Scheduler_1] Received activate request for model model_4
[2026-08-21 17:10:05.748 GPU_Scheduler_1] Received activate request for model_4, model_states: {'model_1': 'deactivated', 'model_2': 'deactivated', 'model_3': 'activated', 'model_4': 'preparing', 'model_5': 'deactivated', 'model_6': 'activated'}
[2026-08-21 17:10:05.749 GPU_Scheduler_1] Assign worker 1 to model_4. Current model_to_worker: {'model_3': 2, 'model_6': 0, 'model_4': 1}
[2026-08-21 17:10:05.867 GPU_Scheduler_0] Admitted 1 requests for model_5
[2026-08-21 17:10:05.953 GPU_Scheduler_0] [V5-LOOP] {"iters": 472, "t_mem": 0.011017351178452373, "t_redis": 0.21673264866694808, "t_admit": 0.005765399429947138, "t_send": 0.012702326523140073, "t_iter": 0.24621772579848766, "admitted": 26, "iter_max": 0.0014172799419611692, "gpu_id": 0, "window_s": 5.006823539733887}
[2026-08-21 17:10:05.964 GPU_Scheduler_0] Admitted 1 requests for model_4
[2026-08-21 17:10:06.071 GPU_Scheduler_0] Admitted 1 requests for model_5
[2026-08-21 17:10:06.146 GPU_Scheduler_0] Admitted 1 requests for model_5
[2026-08-21 17:10:06.253 GPU_Scheduler_0] Admitted 1 requests for model_5
[2026-08-21 17:10:06.501 GPU_Scheduler_0] Admitted 1 requests for model_5
[2026-08-21 17:10:06.694 GPU_Scheduler_0] Admitted 1 requests for model_5
[2026-08-21 17:10:06.919 GPU_Scheduler_1] Admitted 1 requests for model_6
[2026-08-21 17:10:07.158 GPU_Scheduler_1] Model model_4 (instance 1) activation succeeded on GPU 1
[2026-08-21 17:10:07.166 GPU_Scheduler_0] Received deactivate request for model model_4
[2026-08-21 17:10:07.166 GPU_Scheduler_0] Received deactivate request for model_4, model_states: {'model_1': 'deactivated', 'model_2': 'deactivated', 'model_3': 'deactivated', 'model_4': 'deactivating', 'model_5': 'activated', 'model_6': 'deactivated'}
[2026-08-21 17:10:07.166 GPU_Scheduler_0] Release worker 0 from model model_4. Current model_to_worker: {'model_5': 2}
[2026-08-21 17:10:07.220 GPU_Scheduler_0] Admitted 1 requests for model_5
[2026-08-21 17:10:07.274 GPU_Scheduler_0] Admitted 1 requests for model_5
[2026-08-21 17:10:07.394 GPU_Scheduler_1] [V5-LOOP] {"iters": 478, "t_mem": 0.006384333362802863, "t_redis": 0.17000996903516352, "t_admit": 0.0033484383020550013, "t_send": 0.004064447712153196, "t_iter": 0.18380718841217458, "admitted": 11, "iter_max": 0.000927007058635354, "gpu_id": 1, "window_s": 5.003338098526001}
[2026-08-21 17:10:07.405 GPU_Scheduler_1] Admitted 1 requests for model_3
[2026-08-21 17:10:07.611 GPU_Scheduler_0] Admitted 1 requests for model_5
[2026-08-21 17:10:07.666 GPU_Scheduler_0] Admitted 1 requests for model_5
[2026-08-21 17:10:07.907 GPU_Scheduler_0] Admitted 1 requests for model_5
[2026-08-21 17:10:08.121 GPU_Scheduler_0] Model model_4 (instance 0) deactivation succeeded on GPU 0
[2026-08-21 17:10:08.127 GPU_Scheduler_1] Received activate request for model model_4
[2026-08-21 17:10:08.128 GPU_Scheduler_1] Received activate request for model_4, model_states: {'model_1': 'deactivated', 'model_2': 'deactivated', 'model_3': 'activated', 'model_4': 'committing', 'model_5': 'deactivated', 'model_6': 'activated'}
[2026-08-21 17:10:08.128 GPU_Scheduler_1] [PAPER-OVERLAP-V6] commit dispatched model=model_4 gpu=1 worker=1
[2026-08-21 17:10:08.452 GPU_Scheduler_1] Model model_4 (instance 1) activation succeeded on GPU 1
[2026-08-21 17:10:08.507 GPU_Scheduler_1] Admitted 1 requests for model_3
[2026-08-21 17:10:08.528 GPU_Scheduler_0] Admitted 1 requests for model_5
[2026-08-21 17:10:08.643 GPU_Scheduler_0] Admitted 1 requests for model_5
[2026-08-21 17:10:08.863 GPU_Scheduler_0] Admitted 2 requests for model_5
[2026-08-21 17:10:08.906 GPU_Scheduler_0] Admitted 1 requests for model_5
[2026-08-21 17:10:08.948 GPU_Scheduler_0] Admitted 1 requests for model_5
[2026-08-21 17:10:09.092 GPU_Scheduler_1] Admitted 1 requests for model_3
[2026-08-21 17:10:09.124 GPU_Scheduler_1] Admitted 1 requests for model_6
[2026-08-21 17:10:09.168 GPU_Scheduler_0] Admitted 1 requests for model_5
[2026-08-21 17:10:09.389 GPU_Scheduler_0] Admitted 1 requests for model_5
[2026-08-21 17:10:09.475 GPU_Scheduler_0] Admitted 1 requests for model_5
[2026-08-21 17:10:09.528 GPU_Scheduler_0] Admitted 1 requests for model_5
[2026-08-21 17:10:09.955 GPU_Scheduler_0] Admitted 1 requests for model_5
[2026-08-21 17:10:10.028 GPU_Scheduler_1] Admitted 1 requests for model_6
[2026-08-21 17:10:10.199 GPU_Scheduler_1] Admitted 1 requests for model_6
[2026-08-21 17:10:10.288 GPU_Scheduler_0] Admitted 1 requests for model_5
[2026-08-21 17:10:10.341 GPU_Scheduler_0] Admitted 1 requests for model_5
[2026-08-21 17:10:10.415 GPU_Scheduler_0] Admitted 1 requests for model_5
[2026-08-21 17:10:10.541 GPU_Scheduler_0] Admitted 1 requests for model_5
[2026-08-21 17:10:10.699 GPU_Scheduler_0] Admitted 1 requests for model_5
[2026-08-21 17:10:10.794 GPU_Scheduler_0] Admitted 1 requests for model_5
[2026-08-21 17:10:10.836 GPU_Scheduler_0] Admitted 1 requests for model_5
[2026-08-21 17:10:10.881 GPU_Scheduler_1] Admitted 1 requests for model_6
[2026-08-21 17:10:10.962 GPU_Scheduler_0] [V5-LOOP] {"iters": 472, "t_mem": 0.00988295185379684, "t_redis": 0.2149538767989725, "t_admit": 0.006450215121731162, "t_send": 0.016616697423160076, "t_iter": 0.24790374119766057, "admitted": 29, "iter_max": 0.00165913300588727, "gpu_id": 0, "window_s": 5.008525609970093}
[2026-08-21 17:10:11.078 GPU_Scheduler_0] Admitted 1 requests for model_5
[2026-08-21 17:10:11.137 GPU_Scheduler_1] Admitted 1 requests for model_3
[2026-08-21 17:10:11.286 GPU_Scheduler_1] Admitted 1 requests for model_4
[2026-08-21 17:10:11.511 GPU_Scheduler_0] Admitted 1 requests for model_5
[2026-08-21 17:10:11.608 GPU_Scheduler_0] Admitted 1 requests for model_5
[2026-08-21 17:10:11.715 GPU_Scheduler_0] Admitted 1 requests for model_5
[2026-08-21 17:10:11.747 GPU_Scheduler_0] Admitted 1 requests for model_5
[2026-08-21 17:10:11.758 GPU_Scheduler_0] Admitted 1 requests for model_5
[2026-08-21 17:10:11.808 GPU_Scheduler_1] Admitted 1 requests for model_6
[2026-08-21 17:10:11.831 GPU_Scheduler_0] Admitted 1 requests for model_5
[2026-08-21 17:10:12.177 GPU_Scheduler_0] Admitted 2 requests for model_5
[2026-08-21 17:10:12.209 GPU_Scheduler_0] Admitted 1 requests for model_5
[2026-08-21 17:10:12.314 GPU_Scheduler_0] Admitted 1 requests for model_5
[2026-08-21 17:10:12.398 GPU_Scheduler_1] [V5-LOOP] {"iters": 470, "t_mem": 0.008225539699196815, "t_redis": 0.24805894447490573, "t_admit": 0.0039937784895300865, "t_send": 0.0038717337884008884, "t_iter": 0.2641499964520335, "admitted": 10, "iter_max": 0.0015397521201521158, "gpu_id": 1, "window_s": 5.004148721694946}
[2026-08-21 17:10:12.474 GPU_Scheduler_1] Admitted 1 requests for model_3
[2026-08-21 17:10:12.608 GPU_Scheduler_0] Admitted 1 requests for model_5
[2026-08-21 17:10:12.714 GPU_Scheduler_0] Admitted 1 requests for model_5
[2026-08-21 17:10:12.733 GPU_Scheduler_1] Admitted 1 requests for model_3
[2026-08-21 17:10:12.809 GPU_Scheduler_0] Admitted 1 requests for model_5
[2026-08-21 17:10:12.883 GPU_Scheduler_0] Admitted 1 requests for model_5
[2026-08-21 17:10:12.957 GPU_Scheduler_0] Admitted 1 requests for model_5
[2026-08-21 17:10:12.968 GPU_Scheduler_0] Admitted 1 requests for model_5
[2026-08-21 17:10:13.357 GPU_Scheduler_0] Admitted 1 requests for model_5
[2026-08-21 17:10:13.831 GPU_Scheduler_1] Admitted 1 requests for model_6
[2026-08-21 17:10:14.366 GPU_Scheduler_1] Admitted 1 requests for model_6
[2026-08-21 17:10:14.634 GPU_Scheduler_1] Admitted 1 requests for model_6
[2026-08-21 17:10:15.277 GPU_Scheduler_1] Admitted 1 requests for model_6
[2026-08-21 17:10:15.589 GPU_Scheduler_1] Admitted 1 requests for model_6
[2026-08-21 17:10:15.806 GPU_Scheduler_1] Admitted 1 requests for model_6
[2026-08-21 17:10:15.906 GPU_Scheduler_1] Received activate request for model model_1
[2026-08-21 17:10:15.906 GPU_Scheduler_1] Received activate request for model_1, model_states: {'model_1': 'activating', 'model_2': 'deactivated', 'model_3': 'activated', 'model_4': 'activated', 'model_5': 'deactivated', 'model_6': 'activated'}
[2026-08-21 17:10:15.906 GPU_Scheduler_1] Assign worker 3 to model_1. Current model_to_worker: {'model_3': 2, 'model_6': 0, 'model_4': 1, 'model_1': 3}
[2026-08-21 17:10:15.914 GPU_Scheduler_1] Admitted 9 requests for model_1
[2026-08-21 17:10:15.971 GPU_Scheduler_0] [V5-LOOP] {"iters": 477, "t_mem": 0.011340060271322727, "t_redis": 0.16676222858950496, "t_admit": 0.0060552062932401896, "t_send": 0.010729439556598663, "t_iter": 0.19488693471066654, "admitted": 18, "iter_max": 0.0017047729343175888, "gpu_id": 0, "window_s": 5.0083959102630615}
[2026-08-21 17:10:16.515 GPU_Scheduler_1] Admitted 1 requests for model_6
[2026-08-21 17:10:16.888 GPU_Scheduler_1] Model model_1 (instance 1) activation succeeded on GPU 1
[2026-08-21 17:10:16.893 GPU_Scheduler_0] Received activate request for model model_2
[2026-08-21 17:10:16.893 GPU_Scheduler_0] Received activate request for model_2, model_states: {'model_1': 'deactivated', 'model_2': 'activating', 'model_3': 'deactivated', 'model_4': 'deactivated', 'model_5': 'activated', 'model_6': 'deactivated'}
[2026-08-21 17:10:16.893 GPU_Scheduler_0] Assign worker 3 to model_2. Current model_to_worker: {'model_5': 2, 'model_2': 3}
[2026-08-21 17:10:16.900 GPU_Scheduler_0] Admitted 8 requests for model_2
[2026-08-21 17:10:16.917 GPU_Scheduler_1] Admitted 1 requests for model_6
[2026-08-21 17:10:17.376 GPU_Scheduler_0] Admitted 1 requests for model_2
[2026-08-21 17:10:17.406 GPU_Scheduler_1] [V5-LOOP] {"iters": 464, "t_mem": 0.007333324057981372, "t_redis": 0.310066977981478, "t_admit": 0.00413680518977344, "t_send": 0.006645713234320283, "t_iter": 0.32818282046355307, "admitted": 19, "iter_max": 0.003210713854059577, "gpu_id": 1, "window_s": 5.007579565048218}
[2026-08-21 17:10:17.409 GPU_Scheduler_0] Admitted 1 requests for model_2
[2026-08-21 17:10:17.417 GPU_Scheduler_1] Admitted 1 requests for model_6
[2026-08-21 17:10:17.428 GPU_Scheduler_1] Admitted 1 requests for model_6
[2026-08-21 17:10:17.440 GPU_Scheduler_1] Admitted 1 requests for model_6
[2026-08-21 17:10:17.441 GPU_Scheduler_0] Admitted 1 requests for model_2
[2026-08-21 17:10:17.843 GPU_Scheduler_1] Admitted 1 requests for model_6
[2026-08-21 17:10:17.994 GPU_Scheduler_1] Admitted 1 requests for model_1
[2026-08-21 17:10:18.006 GPU_Scheduler_1] Admitted 1 requests for model_6
[2026-08-21 17:10:18.222 GPU_Scheduler_1] Admitted 1 requests for model_1
[2026-08-21 17:10:18.342 GPU_Scheduler_1] Admitted 1 requests for model_1
[2026-08-21 17:10:18.453 GPU_Scheduler_0] Model model_2 (instance 0) activation succeeded on GPU 0
[2026-08-21 17:10:18.454 GPU_Scheduler_0] Admitted 3 requests for model_2
[2026-08-21 17:10:18.505 GPU_Scheduler_1] Admitted 1 requests for model_1
[2026-08-21 17:10:18.767 GPU_Scheduler_1] Admitted 1 requests for model_6
[2026-08-21 17:10:19.069 GPU_Scheduler_0] Admitted 1 requests for model_2
[2026-08-21 17:10:19.386 GPU_Scheduler_1] Admitted 1 requests for model_1
[2026-08-21 17:10:19.496 GPU_Scheduler_1] Admitted 1 requests for model_6
[2026-08-21 17:10:19.617 GPU_Scheduler_1] Admitted 1 requests for model_1
[2026-08-21 17:10:19.724 GPU_Scheduler_0] Admitted 1 requests for model_2
[2026-08-21 17:10:19.792 GPU_Scheduler_1] Admitted 1 requests for model_1
[2026-08-21 17:10:19.901 GPU_Scheduler_1] Admitted 1 requests for model_6
[2026-08-21 17:10:20.204 GPU_Scheduler_1] Admitted 1 requests for model_1
[2026-08-21 17:10:20.346 GPU_Scheduler_0] Admitted 1 requests for model_2
[2026-08-21 17:10:20.399 GPU_Scheduler_1] Admitted 1 requests for model_6
[2026-08-21 17:10:20.411 GPU_Scheduler_1] Admitted 1 requests for model_6
[2026-08-21 17:10:20.509 GPU_Scheduler_1] Admitted 1 requests for model_1
[2026-08-21 17:10:20.531 GPU_Scheduler_1] Admitted 1 requests for model_6
[2026-08-21 17:10:20.759 GPU_Scheduler_1] Admitted 1 requests for model_6
[2026-08-21 17:10:20.922 GPU_Scheduler_1] Admitted 1 requests for model_6
[2026-08-21 17:10:20.972 GPU_Scheduler_0] [V5-LOOP] {"iters": 468, "t_mem": 0.011433110572397709, "t_redis": 0.25435217982158065, "t_admit": 0.006038288818672299, "t_send": 0.007770952535793185, "t_iter": 0.27959453174844384, "admitted": 17, "iter_max": 0.003813609015196562, "gpu_id": 0, "window_s": 5.000932693481445}
[2026-08-21 17:10:21.042 GPU_Scheduler_1] Admitted 1 requests for model_1
[2026-08-21 17:10:21.140 GPU_Scheduler_1] Admitted 1 requests for model_1
[2026-08-21 17:10:21.155 GPU_Scheduler_0] Admitted 1 requests for model_2
[2026-08-21 17:10:21.173 GPU_Scheduler_1] Admitted 1 requests for model_1
[2026-08-21 17:10:21.195 GPU_Scheduler_1] Admitted 1 requests for model_6
[2026-08-21 17:10:21.564 GPU_Scheduler_0] Admitted 1 requests for model_2
[2026-08-21 17:10:21.684 GPU_Scheduler_1] Admitted 1 requests for model_6
[2026-08-21 17:10:21.695 GPU_Scheduler_1] Admitted 1 requests for model_6
[2026-08-21 17:10:21.725 GPU_Scheduler_0] Admitted 1 requests for model_2
[2026-08-21 17:10:21.804 GPU_Scheduler_1] Admitted 1 requests for model_1
[2026-08-21 17:10:21.811 GPU_Scheduler_0] Admitted 1 requests for model_2
[2026-08-21 17:10:21.945 GPU_Scheduler_1] Admitted 1 requests for model_6
[2026-08-21 17:10:22.315 GPU_Scheduler_1] Admitted 1 requests for model_1
[2026-08-21 17:10:22.369 GPU_Scheduler_1] Admitted 1 requests for model_6
[2026-08-21 17:10:22.413 GPU_Scheduler_1] [V5-LOOP] {"iters": 460, "t_mem": 0.010049312142655253, "t_redis": 0.33830742980353534, "t_admit": 0.005479289684444666, "t_send": 0.012987400637939572, "t_iter": 0.36682343226857483, "admitted": 32, "iter_max": 0.0015966631472110748, "gpu_id": 1, "window_s": 5.006886720657349}
[2026-08-21 17:10:22.444 GPU_Scheduler_0] Admitted 1 requests for model_2
[2026-08-21 17:10:22.543 GPU_Scheduler_0] Admitted 1 requests for model_2
[2026-08-21 17:10:22.586 GPU_Scheduler_1] Admitted 1 requests for model_6
[2026-08-21 17:10:22.692 GPU_Scheduler_0] Admitted 1 requests for model_2
[2026-08-21 17:10:22.986 GPU_Scheduler_1] Admitted 1 requests for model_6
[2026-08-21 17:10:22.992 GPU_Scheduler_0] Admitted 1 requests for model_2
[2026-08-21 17:10:23.238 GPU_Scheduler_0] Admitted 1 requests for model_2
[2026-08-21 17:10:23.570 GPU_Scheduler_1] Admitted 1 requests for model_6
[2026-08-21 17:10:23.580 GPU_Scheduler_0] Admitted 1 requests for model_2
[2026-08-21 17:10:23.689 GPU_Scheduler_1] Admitted 1 requests for model_6
[2026-08-21 17:10:23.808 GPU_Scheduler_1] Admitted 1 requests for model_1
[2026-08-21 17:10:24.045 GPU_Scheduler_1] Admitted 1 requests for model_6
[2026-08-21 17:10:24.078 GPU_Scheduler_1] Admitted 1 requests for model_6
[2026-08-21 17:10:24.111 GPU_Scheduler_1] Admitted 1 requests for model_6
[2026-08-21 17:10:24.208 GPU_Scheduler_1] Admitted 1 requests for model_6
[2026-08-21 17:10:24.443 GPU_Scheduler_0] Admitted 1 requests for model_2
[2026-08-21 17:10:24.457 GPU_Scheduler_1] Admitted 1 requests for model_1
[2026-08-21 17:10:24.490 GPU_Scheduler_1] Admitted 1 requests for model_1
[2026-08-21 17:10:24.656 GPU_Scheduler_1] Admitted 1 requests for model_1
[2026-08-21 17:10:24.721 GPU_Scheduler_1] Admitted 1 requests for model_1
[2026-08-21 17:10:24.948 GPU_Scheduler_1] Admitted 1 requests for model_1
[2026-08-21 17:10:24.992 GPU_Scheduler_1] Admitted 1 requests for model_1
[2026-08-21 17:10:25.052 GPU_Scheduler_0] Admitted 1 requests for model_2
[2026-08-21 17:10:25.111 GPU_Scheduler_1] Admitted 1 requests for model_6
[2026-08-21 17:10:25.155 GPU_Scheduler_1] Admitted 1 requests for model_6
[2026-08-21 17:10:25.188 GPU_Scheduler_1] Admitted 1 requests for model_6
[2026-08-21 17:10:25.307 GPU_Scheduler_1] Admitted 1 requests for model_6
[2026-08-21 17:10:25.319 GPU_Scheduler_0] Admitted 1 requests for model_2
[2026-08-21 17:10:25.480 GPU_Scheduler_1] Admitted 2 requests for model_1
[2026-08-21 17:10:25.564 GPU_Scheduler_0] Admitted 1 requests for model_2
[2026-08-21 17:10:25.922 GPU_Scheduler_1] Admitted 1 requests for model_6
[2026-08-21 17:10:25.980 GPU_Scheduler_0] [V5-LOOP] {"iters": 468, "t_mem": 0.009266066364943981, "t_redis": 0.2627939076628536, "t_admit": 0.005926149431616068, "t_send": 0.008406284498050809, "t_iter": 0.28639240795746446, "admitted": 14, "iter_max": 0.0020350259728729725, "gpu_id": 0, "window_s": 5.007433891296387}
[2026-08-21 17:10:26.087 GPU_Scheduler_0] Admitted 1 requests for model_2
[2026-08-21 17:10:26.095 GPU_Scheduler_1] Admitted 1 requests for model_1
[2026-08-21 17:10:26.182 GPU_Scheduler_1] Admitted 1 requests for model_6
[2026-08-21 17:10:26.237 GPU_Scheduler_1] Admitted 1 requests for model_6
[2026-08-21 17:10:26.496 GPU_Scheduler_1] Admitted 1 requests for model_1
[2026-08-21 17:10:26.627 GPU_Scheduler_1] Admitted 1 requests for model_6
[2026-08-21 17:10:26.800 GPU_Scheduler_0] Admitted 1 requests for model_2
[2026-08-21 17:10:27.016 GPU_Scheduler_1] Admitted 1 requests for model_6
[2026-08-21 17:10:27.276 GPU_Scheduler_1] Admitted 1 requests for model_1
[2026-08-21 17:10:27.287 GPU_Scheduler_1] Admitted 1 requests for model_6
[2026-08-21 17:10:27.397 GPU_Scheduler_1] Admitted 1 requests for model_1
[2026-08-21 17:10:27.420 GPU_Scheduler_1] [V5-LOOP] {"iters": 462, "t_mem": 0.008233191212639213, "t_redis": 0.3228153728414327, "t_admit": 0.004875802900642157, "t_send": 0.012049913173541427, "t_iter": 0.3479742801282555, "admitted": 31, "iter_max": 0.003629228100180626, "gpu_id": 1, "window_s": 5.006587505340576}
[2026-08-21 17:10:27.475 GPU_Scheduler_1] Admitted 1 requests for model_6
[2026-08-21 17:10:27.552 GPU_Scheduler_1] Admitted 1 requests for model_6
[2026-08-21 17:10:27.685 GPU_Scheduler_1] Admitted 1 requests for model_6
[2026-08-21 17:10:28.439 GPU_Scheduler_1] Admitted 1 requests for model_1
[2026-08-21 17:10:28.801 GPU_Scheduler_1] Admitted 1 requests for model_6
[2026-08-21 17:10:28.989 GPU_Scheduler_1] Admitted 1 requests for model_6
[2026-08-21 17:10:29.311 GPU_Scheduler_1] Admitted 1 requests for model_6
[2026-08-21 17:10:29.356 GPU_Scheduler_1] Admitted 1 requests for model_1
[2026-08-21 17:10:29.367 GPU_Scheduler_1] Admitted 2 requests for model_6
[2026-08-21 17:10:29.506 GPU_Scheduler_0] Admitted 1 requests for model_2
[2026-08-21 17:10:29.590 GPU_Scheduler_0] Admitted 1 requests for model_2
[2026-08-21 17:10:29.671 GPU_Scheduler_1] Admitted 1 requests for model_6
[2026-08-21 17:10:29.683 GPU_Scheduler_1] Admitted 1 requests for model_6
[2026-08-21 17:10:29.845 GPU_Scheduler_1] Admitted 1 requests for model_6
[2026-08-21 17:10:30.039 GPU_Scheduler_1] Admitted 1 requests for model_6
[2026-08-21 17:10:30.094 GPU_Scheduler_1] Admitted 1 requests for model_1
[2026-08-21 17:10:30.214 GPU_Scheduler_1] Admitted 1 requests for model_6
[2026-08-21 17:10:30.301 GPU_Scheduler_1] Admitted 1 requests for model_6
[2026-08-21 17:10:30.788 GPU_Scheduler_1] Admitted 1 requests for model_6
[2026-08-21 17:10:30.810 GPU_Scheduler_1] Admitted 1 requests for model_6
[2026-08-21 17:10:30.842 GPU_Scheduler_1] Admitted 1 requests for model_6
[2026-08-21 17:10:30.987 GPU_Scheduler_0] [V5-LOOP] {"iters": 479, "t_mem": 0.006302815396338701, "t_redis": 0.16725245909765363, "t_admit": 0.0031702194828540087, "t_send": 0.002048795809969306, "t_iter": 0.17877428978681564, "admitted": 4, "iter_max": 0.001123339170590043, "gpu_id": 0, "window_s": 5.006554841995239}
[2026-08-21 17:10:31.057 GPU_Scheduler_1] Admitted 1 requests for model_6
[2026-08-21 17:10:31.240 GPU_Scheduler_1] Admitted 1 requests for model_6
[2026-08-21 17:10:31.273 GPU_Scheduler_1] Admitted 1 requests for model_1
[2026-08-21 17:10:31.618 GPU_Scheduler_1] Admitted 1 requests for model_6
[2026-08-21 17:10:31.737 GPU_Scheduler_1] Admitted 1 requests for model_6
[2026-08-21 17:10:31.942 GPU_Scheduler_1] Admitted 1 requests for model_3
[2026-08-21 17:10:32.318 GPU_Scheduler_1] Admitted 1 requests for model_6
[2026-08-21 17:10:32.367 GPU_Scheduler_0] Admitted 1 requests for model_2
[2026-08-21 17:10:32.409 GPU_Scheduler_0] Admitted 1 requests for model_2
[2026-08-21 17:10:32.427 GPU_Scheduler_1] [V5-LOOP] {"iters": 460, "t_mem": 0.008768087020143867, "t_redis": 0.34302249480970204, "t_admit": 0.005030183820053935, "t_send": 0.010910395300015807, "t_iter": 0.36773116094991565, "admitted": 27, "iter_max": 0.0017609531059861183, "gpu_id": 1, "window_s": 5.006702899932861}
[2026-08-21 17:10:32.481 GPU_Scheduler_1] Admitted 1 requests for model_6
[2026-08-21 17:10:32.676 GPU_Scheduler_1] Admitted 1 requests for model_6
[2026-08-21 17:10:32.713 GPU_Scheduler_0] Admitted 1 requests for model_2
[2026-08-21 17:10:32.752 GPU_Scheduler_1] Admitted 1 requests for model_6
[2026-08-21 17:10:32.776 GPU_Scheduler_0] Admitted 2 requests for model_2
[2026-08-21 17:10:32.958 GPU_Scheduler_1] Admitted 1 requests for model_6
[2026-08-21 17:10:32.991 GPU_Scheduler_1] Admitted 1 requests for model_6
[2026-08-21 17:10:32.996 GPU_Scheduler_0] Admitted 1 requests for model_2
[2026-08-21 17:10:33.045 GPU_Scheduler_1] Admitted 1 requests for model_6
[2026-08-21 17:10:33.176 GPU_Scheduler_1] Admitted 1 requests for model_6
[2026-08-21 17:10:33.381 GPU_Scheduler_1] Admitted 1 requests for model_6
[2026-08-21 17:10:33.619 GPU_Scheduler_1] Admitted 1 requests for model_1
[2026-08-21 17:10:33.780 GPU_Scheduler_1] Admitted 1 requests for model_6
[2026-08-21 17:10:33.791 GPU_Scheduler_1] Admitted 1 requests for model_1
[2026-08-21 17:10:33.835 GPU_Scheduler_1] Admitted 1 requests for model_1
[2026-08-21 17:10:33.867 GPU_Scheduler_1] Admitted 1 requests for model_6
[2026-08-21 17:10:33.900 GPU_Scheduler_1] Admitted 1 requests for model_6
[2026-08-21 17:10:34.159 GPU_Scheduler_1] Admitted 1 requests for model_6
[2026-08-21 17:10:34.238 GPU_Scheduler_0] Admitted 1 requests for model_2
[2026-08-21 17:10:34.430 GPU_Scheduler_1] Admitted 1 requests for model_1
[2026-08-21 17:10:34.478 GPU_Scheduler_0] Admitted 1 requests for model_2
[2026-08-21 17:10:34.884 GPU_Scheduler_1] Admitted 1 requests for model_1
[2026-08-21 17:10:34.982 GPU_Scheduler_1] Admitted 1 requests for model_6
[2026-08-21 17:10:35.210 GPU_Scheduler_0] Admitted 1 requests for model_2
[2026-08-21 17:10:35.446 GPU_Scheduler_1] Admitted 1 requests for model_1
[2026-08-21 17:10:35.501 GPU_Scheduler_1] Admitted 1 requests for model_1
[2026-08-21 17:10:35.856 GPU_Scheduler_1] Admitted 1 requests for model_1
[2026-08-21 17:10:35.878 GPU_Scheduler_0] Admitted 1 requests for model_2
[2026-08-21 17:10:35.921 GPU_Scheduler_0] Admitted 1 requests for model_2
[2026-08-21 17:10:35.994 GPU_Scheduler_0] [V5-LOOP] {"iters": 479, "t_mem": 0.007142580579966307, "t_redis": 0.16212712903507054, "t_admit": 0.003934989916160703, "t_send": 0.004396394127979875, "t_iter": 0.17760109365917742, "admitted": 11, "iter_max": 0.001063997857272625, "gpu_id": 0, "window_s": 5.00710916519165}
[2026-08-21 17:10:36.094 GPU_Scheduler_1] Admitted 1 requests for model_6
[2026-08-21 17:10:36.194 GPU_Scheduler_0] Received activate request for model model_3
[2026-08-21 17:10:36.195 GPU_Scheduler_0] Received activate request for model_3, model_states: {'model_1': 'deactivated', 'model_2': 'activated', 'model_3': 'preparing', 'model_4': 'deactivated', 'model_5': 'activated', 'model_6': 'deactivated'}
[2026-08-21 17:10:36.195 GPU_Scheduler_0] Assign worker 1 to model_3. Current model_to_worker: {'model_5': 2, 'model_2': 3, 'model_3': 1}
[2026-08-21 17:10:36.297 GPU_Scheduler_1] Admitted 1 requests for model_6
[2026-08-21 17:10:36.373 GPU_Scheduler_1] Admitted 1 requests for model_6
[2026-08-21 17:10:36.450 GPU_Scheduler_1] Admitted 1 requests for model_3
[2026-08-21 17:10:36.613 GPU_Scheduler_1] Admitted 1 requests for model_6
[2026-08-21 17:10:36.690 GPU_Scheduler_1] Admitted 1 requests for model_1
[2026-08-21 17:10:36.841 GPU_Scheduler_1] Admitted 1 requests for model_6
[2026-08-21 17:10:36.871 GPU_Scheduler_0] Admitted 1 requests for model_2
[2026-08-21 17:10:37.189 GPU_Scheduler_0] Model model_3 (instance 0) activation succeeded on GPU 0
[2026-08-21 17:10:37.195 GPU_Scheduler_1] Received deactivate request for model model_3
[2026-08-21 17:10:37.195 GPU_Scheduler_1] Received deactivate request for model_3, model_states: {'model_1': 'activated', 'model_2': 'deactivated', 'model_3': 'deactivating', 'model_4': 'activated', 'model_5': 'deactivated', 'model_6': 'activated'}
[2026-08-21 17:10:37.195 GPU_Scheduler_1] Release worker 2 from model model_3. Current model_to_worker: {'model_6': 0, 'model_4': 1, 'model_1': 3}
[2026-08-21 17:10:37.351 GPU_Scheduler_1] Admitted 1 requests for model_6
[2026-08-21 17:10:37.430 GPU_Scheduler_1] [V5-LOOP] {"iters": 461, "t_mem": 0.009826683904975653, "t_redis": 0.32836076035164297, "t_admit": 0.0052247196435928345, "t_send": 0.012114312965422869, "t_iter": 0.3555264768656343, "admitted": 29, "iter_max": 0.0024033980444073677, "gpu_id": 1, "window_s": 5.003570795059204}
[2026-08-21 17:10:37.699 GPU_Scheduler_1] Admitted 1 requests for model_1
[2026-08-21 17:10:37.845 GPU_Scheduler_1] Admitted 1 requests for model_6
[2026-08-21 17:10:37.878 GPU_Scheduler_1] Admitted 1 requests for model_6
[2026-08-21 17:10:38.133 GPU_Scheduler_1] Admitted 1 requests for model_6
[2026-08-21 17:10:38.292 GPU_Scheduler_0] Admitted 1 requests for model_2
[2026-08-21 17:10:38.310 GPU_Scheduler_1] Admitted 1 requests for model_6
[2026-08-21 17:10:38.489 GPU_Scheduler_1] Admitted 1 requests for model_6
[2026-08-21 17:10:38.567 GPU_Scheduler_1] Admitted 1 requests for model_6
[2026-08-21 17:10:38.584 GPU_Scheduler_0] Admitted 1 requests for model_2
[2026-08-21 17:10:38.605 GPU_Scheduler_1] Model model_3 (instance 1) deactivation succeeded on GPU 1
[2026-08-21 17:10:38.614 GPU_Scheduler_0] Received activate request for model model_3
[2026-08-21 17:10:38.614 GPU_Scheduler_0] Received activate request for model_3, model_states: {'model_1': 'deactivated', 'model_2': 'activated', 'model_3': 'committing', 'model_4': 'deactivated', 'model_5': 'activated', 'model_6': 'deactivated'}
[2026-08-21 17:10:38.614 GPU_Scheduler_0] [PAPER-OVERLAP-V6] commit dispatched model=model_3 gpu=0 worker=1
[2026-08-21 17:10:38.687 GPU_Scheduler_1] Admitted 1 requests for model_1
[2026-08-21 17:10:38.807 GPU_Scheduler_1] Admitted 1 requests for model_1
[2026-08-21 17:10:38.960 GPU_Scheduler_0] Admitted 1 requests for model_2
[2026-08-21 17:10:39.089 GPU_Scheduler_1] Admitted 1 requests for model_1
[2026-08-21 17:10:39.198 GPU_Scheduler_1] Admitted 1 requests for model_1
[2026-08-21 17:10:39.458 GPU_Scheduler_1] Admitted 1 requests for model_6
[2026-08-21 17:10:39.513 GPU_Scheduler_1] Admitted 1 requests for model_1
[2026-08-21 17:10:39.698 GPU_Scheduler_1] Admitted 1 requests for model_1
[2026-08-21 17:10:39.710 GPU_Scheduler_1] Admitted 1 requests for model_6
[2026-08-21 17:10:39.811 GPU_Scheduler_1] Admitted 1 requests for model_6
[2026-08-21 17:10:39.952 GPU_Scheduler_0] Admitted 1 requests for model_2
[2026-08-21 17:10:39.956 GPU_Scheduler_1] Admitted 1 requests for model_6
[2026-08-21 17:10:39.967 GPU_Scheduler_1] Admitted 1 requests for model_1
[2026-08-21 17:10:40.001 GPU_Scheduler_1] Admitted 1 requests for model_6
[2026-08-21 17:10:40.013 GPU_Scheduler_1] Admitted 1 requests for model_6
[2026-08-21 17:10:40.125 GPU_Scheduler_1] Admitted 1 requests for model_6
[2026-08-21 17:10:40.192 GPU_Scheduler_1] Admitted 1 requests for model_6
[2026-08-21 17:10:40.215 GPU_Scheduler_1] Admitted 1 requests for model_1
[2026-08-21 17:10:40.368 GPU_Scheduler_1] Admitted 1 requests for model_6
[2026-08-21 17:10:40.654 GPU_Scheduler_0] Admitted 1 requests for model_2
[2026-08-21 17:10:40.677 GPU_Scheduler_1] Admitted 1 requests for model_6
[2026-08-21 17:10:40.976 GPU_Scheduler_0] Model model_3 (instance 0) activation succeeded on GPU 0
[2026-08-21 17:10:40.999 GPU_Scheduler_0] [V5-LOOP] {"iters": 479, "t_mem": 0.007143542869016528, "t_redis": 0.16399580682627857, "t_admit": 0.0036594350822269917, "t_send": 0.0026557680685073137, "t_iter": 0.1774545528460294, "admitted": 6, "iter_max": 0.0011809691786766052, "gpu_id": 0, "window_s": 5.0053324699401855}
[2026-08-21 17:10:41.042 GPU_Scheduler_0] Admitted 1 requests for model_2
[2026-08-21 17:10:41.474 GPU_Scheduler_1] Admitted 1 requests for model_6
[2026-08-21 17:10:41.487 GPU_Scheduler_0] Admitted 1 requests for model_2
[2026-08-21 17:10:41.529 GPU_Scheduler_0] Admitted 1 requests for model_2
[2026-08-21 17:10:41.702 GPU_Scheduler_1] Admitted 1 requests for model_1
[2026-08-21 17:10:41.736 GPU_Scheduler_1] Admitted 1 requests for model_6
[2026-08-21 17:10:41.741 GPU_Scheduler_0] Admitted 1 requests for model_2
[2026-08-21 17:10:41.801 GPU_Scheduler_1] Admitted 1 requests for model_1
[2026-08-21 17:10:41.805 GPU_Scheduler_0] Admitted 1 requests for model_2
[2026-08-21 17:10:41.848 GPU_Scheduler_0] Admitted 1 requests for model_2
[2026-08-21 17:10:41.857 GPU_Scheduler_1] Admitted 1 requests for model_6
[2026-08-21 17:10:41.890 GPU_Scheduler_1] Admitted 1 requests for model_1
[2026-08-21 17:10:41.988 GPU_Scheduler_1] Admitted 1 requests for model_6
[2026-08-21 17:10:42.031 GPU_Scheduler_1] Admitted 1 requests for model_6
[2026-08-21 17:10:42.183 GPU_Scheduler_1] Admitted 1 requests for model_6
[2026-08-21 17:10:42.357 GPU_Scheduler_1] Admitted 1 requests for model_6
[2026-08-21 17:10:42.419 GPU_Scheduler_0] Admitted 1 requests for model_2
[2026-08-21 17:10:42.433 GPU_Scheduler_1] [V5-LOOP] {"iters": 455, "t_mem": 0.009161627851426601, "t_redis": 0.3802426368929446, "t_admit": 0.005902978591620922, "t_send": 0.018698872067034245, "t_iter": 0.41400611540302634, "admitted": 35, "iter_max": 0.0018874849192798138, "gpu_id": 1, "window_s": 5.003003358840942}
[2026-08-21 17:10:42.455 GPU_Scheduler_1] Admitted 1 requests for model_6
[2026-08-21 17:10:42.478 GPU_Scheduler_1] Admitted 1 requests for model_6
[2026-08-21 17:10:42.511 GPU_Scheduler_1] Admitted 1 requests for model_6
[2026-08-21 17:10:42.705 GPU_Scheduler_0] Admitted 1 requests for model_2
[2026-08-21 17:10:42.718 GPU_Scheduler_1] Admitted 1 requests for model_6
[2026-08-21 17:10:42.871 GPU_Scheduler_1] Admitted 1 requests for model_1
[2026-08-21 17:10:42.871 GPU_Scheduler_1] Admitted 1 requests for model_6
[2026-08-21 17:10:42.883 GPU_Scheduler_1] Admitted 1 requests for model_6
[2026-08-21 17:10:42.915 GPU_Scheduler_1] Admitted 1 requests for model_1
[2026-08-21 17:10:42.927 GPU_Scheduler_1] Admitted 1 requests for model_1
[2026-08-21 17:10:42.982 GPU_Scheduler_1] Admitted 1 requests for model_1
[2026-08-21 17:10:43.044 GPU_Scheduler_0] Admitted 1 requests for model_2
[2026-08-21 17:10:43.231 GPU_Scheduler_1] Admitted 1 requests for model_6
[2026-08-21 17:10:43.481 GPU_Scheduler_1] Admitted 1 requests for model_6
[2026-08-21 17:10:43.504 GPU_Scheduler_1] Admitted 1 requests for model_6
[2026-08-21 17:10:43.573 GPU_Scheduler_0] Admitted 1 requests for model_2
[2026-08-21 17:10:43.688 GPU_Scheduler_1] Admitted 1 requests for model_1
[2026-08-21 17:10:43.765 GPU_Scheduler_1] Admitted 1 requests for model_6
[2026-08-21 17:10:44.136 GPU_Scheduler_1] Admitted 2 requests for model_1
[2026-08-21 17:10:44.278 GPU_Scheduler_1] Admitted 1 requests for model_1
[2026-08-21 17:10:44.387 GPU_Scheduler_1] Admitted 1 requests for model_1
[2026-08-21 17:10:44.453 GPU_Scheduler_1] Admitted 1 requests for model_6
[2026-08-21 17:10:44.595 GPU_Scheduler_1] Admitted 2 requests for model_6
[2026-08-21 17:10:44.672 GPU_Scheduler_1] Admitted 1 requests for model_6
[2026-08-21 17:10:44.705 GPU_Scheduler_1] Admitted 1 requests for model_1
[2026-08-21 17:10:44.988 GPU_Scheduler_1] Admitted 1 requests for model_1
[2026-08-21 17:10:45.298 GPU_Scheduler_0] Admitted 1 requests for model_2
[2026-08-21 17:10:45.446 GPU_Scheduler_1] Admitted 1 requests for model_6
[2026-08-21 17:10:45.491 GPU_Scheduler_1] Admitted 1 requests for model_1
[2026-08-21 17:10:45.621 GPU_Scheduler_1] Admitted 1 requests for model_6
[2026-08-21 17:10:45.851 GPU_Scheduler_0] Admitted 1 requests for model_2
[2026-08-21 17:10:45.936 GPU_Scheduler_0] Admitted 1 requests for model_3
[2026-08-21 17:10:45.938 GPU_Scheduler_1] Admitted 1 requests for model_6
[2026-08-21 17:10:45.982 GPU_Scheduler_1] Admitted 1 requests for model_1
[2026-08-21 17:10:46.000 GPU_Scheduler_0] [V5-LOOP] {"iters": 472, "t_mem": 0.006251493934541941, "t_redis": 0.22784914285875857, "t_admit": 0.0037666771095246077, "t_send": 0.004479343071579933, "t_iter": 0.24234665697440505, "admitted": 13, "iter_max": 0.0011579690035432577, "gpu_id": 0, "window_s": 5.000082492828369}
[2026-08-21 17:10:46.380 GPU_Scheduler_0] Admitted 1 requests for model_2
[2026-08-21 17:10:46.667 GPU_Scheduler_1] Admitted 1 requests for model_6
[2026-08-21 17:10:46.809 GPU_Scheduler_1] Admitted 1 requests for model_6
[2026-08-21 17:10:47.048 GPU_Scheduler_1] Admitted 1 requests for model_1
[2026-08-21 17:10:47.100 GPU_Scheduler_0] Admitted 1 requests for model_2
[2026-08-21 17:10:47.439 GPU_Scheduler_1] [V5-LOOP] {"iters": 459, "t_mem": 0.007406014483422041, "t_redis": 0.3477777319494635, "t_admit": 0.005080383736640215, "t_send": 0.015827462077140808, "t_iter": 0.37609159224666655, "admitted": 33, "iter_max": 0.001574043184518814, "gpu_id": 1, "window_s": 5.005124092102051}
[2026-08-21 17:10:47.635 GPU_Scheduler_1] Admitted 1 requests for model_6
[2026-08-21 17:10:47.755 GPU_Scheduler_1] Admitted 1 requests for model_1
[2026-08-21 17:10:47.788 GPU_Scheduler_1] Admitted 1 requests for model_6
[2026-08-21 17:10:48.160 GPU_Scheduler_1] Admitted 1 requests for model_6
[2026-08-21 17:10:48.618 GPU_Scheduler_1] Admitted 1 requests for model_1
[2026-08-21 17:10:48.935 GPU_Scheduler_1] Admitted 1 requests for model_6
[2026-08-21 17:10:49.111 GPU_Scheduler_1] Admitted 1 requests for model_6
[2026-08-21 17:10:49.416 GPU_Scheduler_1] Admitted 1 requests for model_6
[2026-08-21 17:10:49.472 GPU_Scheduler_1] Admitted 1 requests for model_6
[2026-08-21 17:10:49.762 GPU_Scheduler_0] Admitted 1 requests for model_2
[2026-08-21 17:10:49.837 GPU_Scheduler_0] Admitted 1 requests for model_2
[2026-08-21 17:10:49.890 GPU_Scheduler_0] Admitted 1 requests for model_2
[2026-08-21 17:10:49.994 GPU_Scheduler_1] Admitted 1 requests for model_6
[2026-08-21 17:10:50.310 GPU_Scheduler_1] Admitted 1 requests for model_6
[2026-08-21 17:10:50.473 GPU_Scheduler_1] Admitted 1 requests for model_6
[2026-08-21 17:10:50.485 GPU_Scheduler_1] Admitted 1 requests for model_1
[2026-08-21 17:10:50.673 GPU_Scheduler_1] Admitted 1 requests for model_1
[2026-08-21 17:10:50.696 GPU_Scheduler_0] Admitted 1 requests for model_2
[2026-08-21 17:10:50.728 GPU_Scheduler_1] Admitted 1 requests for model_6
[2026-08-21 17:10:50.740 GPU_Scheduler_1] Admitted 1 requests for model_6
[2026-08-21 17:10:50.881 GPU_Scheduler_1] Admitted 1 requests for model_6
[2026-08-21 17:10:51.004 GPU_Scheduler_0] [V5-LOOP] {"iters": 472, "t_mem": 0.00729083945043385, "t_redis": 0.23284778138622642, "t_admit": 0.003515656339004636, "t_send": 0.0024948876816779375, "t_iter": 0.24614916485734284, "admitted": 6, "iter_max": 0.0012006389442831278, "gpu_id": 0, "window_s": 5.004213333129883}
[2026-08-21 17:10:51.290 GPU_Scheduler_0] Admitted 1 requests for model_2
[2026-08-21 17:10:51.403 GPU_Scheduler_1] Admitted 1 requests for model_1
[2026-08-21 17:10:51.915 GPU_Scheduler_1] Admitted 1 requests for model_6
[2026-08-21 17:10:52.014 GPU_Scheduler_1] Admitted 1 requests for model_1
[2026-08-21 17:10:52.014 GPU_Scheduler_1] Admitted 1 requests for model_6
[2026-08-21 17:10:52.450 GPU_Scheduler_1] [V5-LOOP] {"iters": 459, "t_mem": 0.008569052210077643, "t_redis": 0.3568602120503783, "t_admit": 0.005685062846168876, "t_send": 0.010798602364957333, "t_iter": 0.3819129294715822, "admitted": 21, "iter_max": 0.0018771740142256021, "gpu_id": 1, "window_s": 5.01082444190979}
[2026-08-21 17:10:52.590 GPU_Scheduler_1] Admitted 1 requests for model_6
[2026-08-21 17:10:52.612 GPU_Scheduler_1] Admitted 1 requests for model_6
[2026-08-21 17:10:52.656 GPU_Scheduler_1] Admitted 1 requests for model_6
[2026-08-21 17:10:52.697 GPU_Scheduler_0] Admitted 1 requests for model_2
[2026-08-21 17:10:52.851 GPU_Scheduler_1] Admitted 1 requests for model_1
[2026-08-21 17:10:52.949 GPU_Scheduler_1] Admitted 1 requests for model_1
[2026-08-21 17:10:53.092 GPU_Scheduler_1] Admitted 1 requests for model_6
[2026-08-21 17:10:53.227 GPU_Scheduler_0] Admitted 1 requests for model_2
[2026-08-21 17:10:53.417 GPU_Scheduler_0] Admitted 1 requests for model_2
[2026-08-21 17:10:53.452 GPU_Scheduler_1] Admitted 1 requests for model_6
[2026-08-21 17:10:53.814 GPU_Scheduler_1] Admitted 1 requests for model_6
[2026-08-21 17:10:53.966 GPU_Scheduler_0] Admitted 1 requests for model_2
[2026-08-21 17:10:54.089 GPU_Scheduler_0] Admitted 1 requests for model_2
[2026-08-21 17:10:54.136 GPU_Scheduler_1] Admitted 1 requests for model_6
[2026-08-21 17:10:54.158 GPU_Scheduler_1] Admitted 1 requests for model_6
[2026-08-21 17:10:54.224 GPU_Scheduler_1] Admitted 1 requests for model_1
[2026-08-21 17:10:54.463 GPU_Scheduler_0] Admitted 1 requests for model_2
[2026-08-21 17:10:54.740 GPU_Scheduler_1] Admitted 1 requests for model_6
[2026-08-21 17:10:54.762 GPU_Scheduler_1] Admitted 1 requests for model_6
[2026-08-21 17:10:54.971 GPU_Scheduler_1] Admitted 1 requests for model_1
[2026-08-21 17:10:55.026 GPU_Scheduler_1] Admitted 1 requests for model_6
[2026-08-21 17:10:55.213 GPU_Scheduler_1] Admitted 1 requests for model_6
[2026-08-21 17:10:55.403 GPU_Scheduler_1] Admitted 1 requests for model_1
[2026-08-21 17:10:55.425 GPU_Scheduler_1] Admitted 1 requests for model_6
[2026-08-21 17:10:55.598 GPU_Scheduler_1] Admitted 1 requests for model_1
[2026-08-21 17:10:55.749 GPU_Scheduler_0] Admitted 1 requests for model_2
[2026-08-21 17:10:55.939 GPU_Scheduler_1] Admitted 1 requests for model_1
[2026-08-21 17:10:55.950 GPU_Scheduler_1] Admitted 1 requests for model_1
[2026-08-21 17:10:55.994 GPU_Scheduler_1] Admitted 1 requests for model_6
[2026-08-21 17:10:56.006 GPU_Scheduler_0] [V5-LOOP] {"iters": 455, "t_mem": 0.008378599304705858, "t_redis": 0.3907376150600612, "t_admit": 0.005429563345387578, "t_send": 0.006518099689856172, "t_iter": 0.4110638774000108, "admitted": 8, "iter_max": 0.004629765870049596, "gpu_id": 0, "window_s": 5.001457691192627}
[2026-08-21 17:10:56.027 GPU_Scheduler_1] Admitted 1 requests for model_1
[2026-08-21 17:10:56.039 GPU_Scheduler_1] Admitted 1 requests for model_6
[2026-08-21 17:10:56.428 GPU_Scheduler_0] Admitted 1 requests for model_2
[2026-08-21 17:10:56.554 GPU_Scheduler_0] Admitted 1 requests for model_2
[2026-08-21 17:10:56.598 GPU_Scheduler_1] Admitted 1 requests for model_6
[2026-08-21 17:10:56.697 GPU_Scheduler_1] Admitted 1 requests for model_1
[2026-08-21 17:10:56.752 GPU_Scheduler_1] Admitted 1 requests for model_6
[2026-08-21 17:10:56.906 GPU_Scheduler_1] Admitted 1 requests for model_6
[2026-08-21 17:10:57.137 GPU_Scheduler_0] Admitted 1 requests for model_2
[2026-08-21 17:10:57.236 GPU_Scheduler_0] Admitted 1 requests for model_2
[2026-08-21 17:10:57.343 GPU_Scheduler_1] Admitted 1 requests for model_1
[2026-08-21 17:10:57.347 GPU_Scheduler_0] Admitted 1 requests for model_3
[2026-08-21 17:10:57.453 GPU_Scheduler_1] [V5-LOOP] {"iters": 454, "t_mem": 0.009747758274897933, "t_redis": 0.39099934860132635, "t_admit": 0.0062659194227308035, "t_send": 0.015730953309684992, "t_iter": 0.4227439796086401, "admitted": 29, "iter_max": 0.002337127923965454, "gpu_id": 1, "window_s": 5.002973556518555}
[2026-08-21 17:10:57.497 GPU_Scheduler_1] Admitted 1 requests for model_1
[2026-08-21 17:10:57.542 GPU_Scheduler_1] Admitted 1 requests for model_1
[2026-08-21 17:10:57.557 GPU_Scheduler_0] Admitted 1 requests for model_2
[2026-08-21 17:10:57.815 GPU_Scheduler_1] Admitted 1 requests for model_6
[2026-08-21 17:10:57.886 GPU_Scheduler_0] Admitted 1 requests for model_3
[2026-08-21 17:10:58.000 GPU_Scheduler_1] Admitted 1 requests for model_1
[2026-08-21 17:10:58.022 GPU_Scheduler_1] Admitted 1 requests for model_1
[2026-08-21 17:10:58.064 GPU_Scheduler_1] Admitted 1 requests for model_1
[2026-08-21 17:10:58.278 GPU_Scheduler_1] Admitted 1 requests for model_6
[2026-08-21 17:10:58.553 GPU_Scheduler_1] Admitted 1 requests for model_6
[2026-08-21 17:10:58.705 GPU_Scheduler_1] Admitted 1 requests for model_1
[2026-08-21 17:10:58.796 GPU_Scheduler_1] Admitted 1 requests for model_1
[2026-08-21 17:10:59.240 GPU_Scheduler_1] Admitted 1 requests for model_6
[2026-08-21 17:10:59.371 GPU_Scheduler_1] Admitted 1 requests for model_1
[2026-08-21 17:10:59.492 GPU_Scheduler_0] Admitted 1 requests for model_2
[2026-08-21 17:10:59.940 GPU_Scheduler_1] Admitted 1 requests for model_6
[2026-08-21 17:11:00.289 GPU_Scheduler_1] Admitted 1 requests for model_1
[2026-08-21 17:11:00.585 GPU_Scheduler_1] Admitted 1 requests for model_1
[2026-08-21 17:11:00.629 GPU_Scheduler_1] Admitted 1 requests for model_1
[2026-08-21 17:11:00.718 GPU_Scheduler_1] Admitted 1 requests for model_1
[2026-08-21 17:11:00.888 GPU_Scheduler_0] Admitted 1 requests for model_2
[2026-08-21 17:11:00.947 GPU_Scheduler_0] Admitted 1 requests for model_2
[2026-08-21 17:11:01.005 GPU_Scheduler_0] Admitted 1 requests for model_2
[2026-08-21 17:11:01.017 GPU_Scheduler_0] [V5-LOOP] {"iters": 451, "t_mem": 0.01104002189822495, "t_redis": 0.43239247845485806, "t_admit": 0.007810322102159262, "t_send": 0.009179633110761642, "t_iter": 0.4604224555660039, "admitted": 11, "iter_max": 0.0031511648558080196, "gpu_id": 0, "window_s": 5.011334657669067}
[2026-08-21 17:11:01.041 GPU_Scheduler_0] Admitted 1 requests for model_2
[2026-08-21 17:11:01.064 GPU_Scheduler_0] Admitted 1 requests for model_2
[2026-08-21 17:11:01.176 GPU_Scheduler_0] Admitted 1 requests for model_2
[2026-08-21 17:11:01.335 GPU_Scheduler_1] Admitted 1 requests for model_6
[2026-08-21 17:11:01.495 GPU_Scheduler_0] Admitted 1 requests for model_2
[2026-08-21 17:11:01.588 GPU_Scheduler_1] Received deactivate request for model model_4
[2026-08-21 17:11:01.588 GPU_Scheduler_1] Received deactivate request for model_4, model_states: {'model_1': 'activated', 'model_2': 'deactivated', 'model_3': 'deactivated', 'model_4': 'deactivating', 'model_5': 'deactivated', 'model_6': 'activated'}
[2026-08-21 17:11:01.588 GPU_Scheduler_1] Release worker 1 from model model_4. Current model_to_worker: {'model_6': 0, 'model_1': 3}
[2026-08-21 17:11:01.773 GPU_Scheduler_1] Admitted 1 requests for model_1
[2026-08-21 17:11:01.806 GPU_Scheduler_1] Admitted 1 requests for model_1
[2026-08-21 17:11:01.851 GPU_Scheduler_1] Admitted 1 requests for model_6
[2026-08-21 17:11:02.070 GPU_Scheduler_1] Admitted 1 requests for model_1
[2026-08-21 17:11:02.278 GPU_Scheduler_1] Admitted 1 requests for model_1
[2026-08-21 17:11:02.318 GPU_Scheduler_1] Model model_4 (instance 1) deactivation succeeded on GPU 1
[2026-08-21 17:11:02.369 GPU_Scheduler_0] Admitted 1 requests for model_2
[2026-08-21 17:11:02.385 GPU_Scheduler_1] Admitted 1 requests for model_1
[2026-08-21 17:11:02.460 GPU_Scheduler_1] [V5-LOOP] {"iters": 457, "t_mem": 0.009820826584473252, "t_redis": 0.3688975111581385, "t_admit": 0.005985289113596082, "t_send": 0.012223224388435483, "t_iter": 0.39692685124464333, "admitted": 24, "iter_max": 0.002136626048013568, "gpu_id": 1, "window_s": 5.006633520126343}
[2026-08-21 17:11:02.802 GPU_Scheduler_1] Admitted 1 requests for model_6
[2026-08-21 17:11:02.867 GPU_Scheduler_1] Admitted 1 requests for model_1
[2026-08-21 17:11:02.878 GPU_Scheduler_1] Admitted 1 requests for model_6
[2026-08-21 17:11:03.098 GPU_Scheduler_1] Admitted 1 requests for model_1
[2026-08-21 17:11:03.110 GPU_Scheduler_1] Admitted 1 requests for model_6
[2026-08-21 17:11:03.156 GPU_Scheduler_0] Admitted 1 requests for model_2
[2026-08-21 17:11:03.224 GPU_Scheduler_0] Admitted 1 requests for model_2
[2026-08-21 17:11:03.329 GPU_Scheduler_1] Admitted 1 requests for model_6
[2026-08-21 17:11:03.397 GPU_Scheduler_1] Admitted 1 requests for model_1
[2026-08-21 17:11:03.624 GPU_Scheduler_1] Admitted 1 requests for model_1
[2026-08-21 17:11:03.624 GPU_Scheduler_1] Admitted 1 requests for model_6
[2026-08-21 17:11:03.635 GPU_Scheduler_1] Admitted 1 requests for model_1
[2026-08-21 17:11:03.700 GPU_Scheduler_1] Admitted 1 requests for model_6
[2026-08-21 17:11:03.775 GPU_Scheduler_1] Admitted 1 requests for model_6
[2026-08-21 17:11:03.957 GPU_Scheduler_1] Admitted 1 requests for model_6
[2026-08-21 17:11:04.074 GPU_Scheduler_1] Admitted 1 requests for model_6
[2026-08-21 17:11:04.175 GPU_Scheduler_0] Admitted 1 requests for model_2
[2026-08-21 17:11:04.253 GPU_Scheduler_0] Admitted 1 requests for model_2
[2026-08-21 17:11:04.682 GPU_Scheduler_1] Admitted 1 requests for model_1
[2026-08-21 17:11:04.715 GPU_Scheduler_1] Admitted 1 requests for model_6
[2026-08-21 17:11:04.921 GPU_Scheduler_0] Admitted 1 requests for model_2
[2026-08-21 17:11:04.929 GPU_Scheduler_1] Admitted 1 requests for model_1
[2026-08-21 17:11:04.972 GPU_Scheduler_1] Admitted 1 requests for model_1
[2026-08-21 17:11:04.975 GPU_Scheduler_0] Admitted 1 requests for model_2
[2026-08-21 17:11:05.039 GPU_Scheduler_0] Admitted 1 requests for model_2
[2026-08-21 17:11:05.176 GPU_Scheduler_1] Admitted 1 requests for model_6
[2026-08-21 17:11:05.286 GPU_Scheduler_0] Admitted 1 requests for model_2
[2026-08-21 17:11:05.425 GPU_Scheduler_1] Admitted 1 requests for model_6
[2026-08-21 17:11:06.024 GPU_Scheduler_0] [V5-LOOP] {"iters": 453, "t_mem": 0.010790744796395302, "t_redis": 0.40529395919293165, "t_admit": 0.006826287368312478, "t_send": 0.009252928430214524, "t_iter": 0.43216391978785396, "admitted": 13, "iter_max": 0.004928078036755323, "gpu_id": 0, "window_s": 5.005840301513672}
[2026-08-21 17:11:06.689 GPU_Scheduler_0] Received activate request for model model_1
[2026-08-21 17:11:06.691 GPU_Scheduler_0] Received activate request for model_1, model_states: {'model_1': 'preparing', 'model_2': 'activated', 'model_3': 'activated', 'model_4': 'deactivated', 'model_5': 'activated', 'model_6': 'deactivated'}
[2026-08-21 17:11:06.692 GPU_Scheduler_0] Assign worker 0 to model_1. Current model_to_worker: {'model_5': 2, 'model_2': 3, 'model_3': 1, 'model_1': 0}
[2026-08-21 17:11:07.464 GPU_Scheduler_1] [V5-LOOP] {"iters": 463, "t_mem": 0.010328507516533136, "t_redis": 0.3050744200590998, "t_admit": 0.005467577371746302, "t_send": 0.011545233195647597, "t_iter": 0.33241573814302683, "admitted": 20, "iter_max": 0.004740426084026694, "gpu_id": 1, "window_s": 5.004253387451172}
[2026-08-21 17:11:08.544 GPU_Scheduler_0] Model model_1 (instance 0) activation succeeded on GPU 0
[2026-08-21 17:11:08.551 GPU_Scheduler_0] Received deactivate request for model model_5
[2026-08-21 17:11:08.551 GPU_Scheduler_0] Received deactivate request for model_5, model_states: {'model_1': 'prepared', 'model_2': 'activated', 'model_3': 'activated', 'model_4': 'deactivated', 'model_5': 'deactivating', 'model_6': 'deactivated'}
[2026-08-21 17:11:08.551 GPU_Scheduler_0] Release worker 2 from model model_5. Current model_to_worker: {'model_2': 3, 'model_3': 1, 'model_1': 0}
[2026-08-21 17:11:08.551 GPU_Scheduler_1] Received deactivate request for model model_1
[2026-08-21 17:11:08.551 GPU_Scheduler_1] Received deactivate request for model_1, model_states: {'model_1': 'deactivating', 'model_2': 'deactivated', 'model_3': 'deactivated', 'model_4': 'deactivated', 'model_5': 'deactivated', 'model_6': 'activated'}
[2026-08-21 17:11:08.551 GPU_Scheduler_1] Release worker 3 from model model_1. Current model_to_worker: {'model_6': 0}
[2026-08-21 17:11:09.467 GPU_Scheduler_1] Model model_1 (instance 1) deactivation succeeded on GPU 1
[2026-08-21 17:11:09.477 GPU_Scheduler_0] Model model_5 (instance 0) deactivation succeeded on GPU 0
[2026-08-21 17:11:09.481 GPU_Scheduler_0] Received activate request for model model_1
[2026-08-21 17:11:09.481 GPU_Scheduler_0] Received activate request for model_1, model_states: {'model_1': 'committing', 'model_2': 'activated', 'model_3': 'activated', 'model_4': 'deactivated', 'model_5': 'deactivated', 'model_6': 'deactivated'}
[2026-08-21 17:11:09.481 GPU_Scheduler_0] [PAPER-OVERLAP-V6] commit dispatched model=model_1 gpu=0 worker=0
[2026-08-21 17:11:09.906 GPU_Scheduler_0] Model model_1 (instance 0) activation succeeded on GPU 0
[2026-08-21 17:11:11.027 GPU_Scheduler_0] [V5-LOOP] {"iters": 448, "t_mem": 0.009936729213222861, "t_redis": 0.46085780928842723, "t_admit": 0.004654147196561098, "t_send": 0.0005810458678752184, "t_iter": 0.4760297315660864, "admitted": 0, "iter_max": 0.0024603588972240686, "gpu_id": 0, "window_s": 5.00275993347168}
[2026-08-21 17:11:12.471 GPU_Scheduler_1] [V5-LOOP] {"iters": 480, "t_mem": 0.008955002762377262, "t_redis": 0.15124253346584737, "t_admit": 0.002999546006321907, "t_send": 0.00046187243424355984, "t_iter": 0.1636589546687901, "admitted": 0, "iter_max": 0.000947148073464632, "gpu_id": 1, "window_s": 5.005546569824219}
[2026-08-21 17:11:16.033 GPU_Scheduler_0] [V5-LOOP] {"iters": 457, "t_mem": 0.016305274097248912, "t_redis": 0.3716225093230605, "t_admit": 0.004948042333126068, "t_send": 0.0006576271262019873, "t_iter": 0.3935334528796375, "admitted": 0, "iter_max": 0.0020960860420018435, "gpu_id": 0, "window_s": 5.004759788513184}
[2026-08-21 17:11:17.476 GPU_Scheduler_1] [V5-LOOP] {"iters": 484, "t_mem": 0.008526470512151718, "t_redis": 0.1111796498298645, "t_admit": 0.0030786150600761175, "t_send": 0.00046941335313022137, "t_iter": 0.12325414875522256, "admitted": 0, "iter_max": 0.000481543131172657, "gpu_id": 1, "window_s": 5.005424737930298}
