[2026-08-21 22:36:17.491 GPU_Scheduler_0] starting GPU scheduler for GPU 0
[2026-08-21 22:36:17.492 GPU_Scheduler_0] [PAPER-ALG2] enabled=True prefill_speed_entries=6 log=/workspace/prism-merge/exp/results/final-prototype-vs-paper-faithful/raw/armC-final-overlap/raw/paper-faithful-v6/bursty/rate_20/seed_1/server-logs/server.log.alg2_gpu0.jsonl
[2026-08-21 22:36:17.493 GPU_Scheduler_0] Model states init: {'model_1': 'deactivated', 'model_2': 'deactivated', 'model_3': 'deactivated', 'model_4': 'deactivated', 'model_5': 'deactivated', 'model_6': 'deactivated'}
[2026-08-21 22:36:17.493 GPU_Scheduler_0] [PAPER-TP] WorkerPool gpu=0 owned=[0, 1, 2, 3] shadow=[] {0: 1, 1: 1, 2: 1, 3: 1}
[2026-08-21 22:36:18.316 GPU_Scheduler_0] Assign worker 0 to model_1. Current model_to_worker: {'model_1': 0}
[2026-08-21 22:36:18.317 GPU_Scheduler_0] Assign worker 1 to model_5. Current model_to_worker: {'model_1': 0, 'model_5': 1}
[2026-08-21 22:36:18.317 GPU_Scheduler_0] Assign worker 2 to model_4. Current model_to_worker: {'model_1': 0, 'model_5': 1, 'model_4': 2}
[2026-08-21 22:36:18.320 GPU_Scheduler_0] Waiting for models to be activated: {'model_1': 'activating', 'model_2': 'deactivated', 'model_3': 'deactivated', 'model_4': 'activating', 'model_5': 'activating', 'model_6': 'deactivated'}
[2026-08-21 22:36:18.330 GPU_Scheduler_0] Waiting for models to be activated: {'model_1': 'activating', 'model_2': 'deactivated', 'model_3': 'deactivated', 'model_4': 'activating', 'model_5': 'activating', 'model_6': 'deactivated'}
[2026-08-21 22:36:18.340 GPU_Scheduler_0] Waiting for models to be activated: {'model_1': 'activating', 'model_2': 'deactivated', 'model_3': 'deactivated', 'model_4': 'activating', 'model_5': 'activating', 'model_6': 'deactivated'}
[2026-08-21 22:36:18.351 GPU_Scheduler_0] Waiting for models to be activated: {'model_1': 'activating', 'model_2': 'deactivated', 'model_3': 'deactivated', 'model_4': 'activating', 'model_5': 'activating', 'model_6': 'deactivated'}
[2026-08-21 22:36:18.361 GPU_Scheduler_0] Waiting for models to be activated: {'model_1': 'activating', 'model_2': 'deactivated', 'model_3': 'deactivated', 'model_4': 'activating', 'model_5': 'activating', 'model_6': 'deactivated'}
[2026-08-21 22:36:18.371 GPU_Scheduler_0] Waiting for models to be activated: {'model_1': 'activating', 'model_2': 'deactivated', 'model_3': 'deactivated', 'model_4': 'activating', 'model_5': 'activating', 'model_6': 'deactivated'}
[2026-08-21 22:36:18.382 GPU_Scheduler_0] Waiting for models to be activated: {'model_1': 'activating', 'model_2': 'deactivated', 'model_3': 'deactivated', 'model_4': 'activating', 'model_5': 'activating', 'model_6': 'deactivated'}
[2026-08-21 22:36:18.392 GPU_Scheduler_0] Waiting for models to be activated: {'model_1': 'activating', 'model_2': 'deactivated', 'model_3': 'deactivated', 'model_4': 'activating', 'model_5': 'activating', 'model_6': 'deactivated'}
[2026-08-21 22:36:18.402 GPU_Scheduler_0] Waiting for models to be activated: {'model_1': 'activating', 'model_2': 'deactivated', 'model_3': 'deactivated', 'model_4': 'activating', 'model_5': 'activating', 'model_6': 'deactivated'}
[2026-08-21 22:36:18.413 GPU_Scheduler_0] Waiting for models to be activated: {'model_1': 'activating', 'model_2': 'deactivated', 'model_3': 'deactivated', 'model_4': 'activating', 'model_5': 'activating', 'model_6': 'deactivated'}
[2026-08-21 22:36:18.423 GPU_Scheduler_0] Waiting for models to be activated: {'model_1': 'activating', 'model_2': 'deactivated', 'model_3': 'deactivated', 'model_4': 'activating', 'model_5': 'activating', 'model_6': 'deactivated'}
[2026-08-21 22:36:18.433 GPU_Scheduler_0] Waiting for models to be activated: {'model_1': 'activating', 'model_2': 'deactivated', 'model_3': 'deactivated', 'model_4': 'activating', 'model_5': 'activating', 'model_6': 'deactivated'}
[2026-08-21 22:36:18.444 GPU_Scheduler_0] Waiting for models to be activated: {'model_1': 'activating', 'model_2': 'deactivated', 'model_3': 'deactivated', 'model_4': 'activating', 'model_5': 'activating', 'model_6': 'deactivated'}
[2026-08-21 22:36:18.454 GPU_Scheduler_0] Waiting for models to be activated: {'model_1': 'activating', 'model_2': 'deactivated', 'model_3': 'deactivated', 'model_4': 'activating', 'model_5': 'activating', 'model_6': 'deactivated'}
[2026-08-21 22:36:18.464 GPU_Scheduler_0] Waiting for models to be activated: {'model_1': 'activating', 'model_2': 'deactivated', 'model_3': 'deactivated', 'model_4': 'activating', 'model_5': 'activating', 'model_6': 'deactivated'}
[2026-08-21 22:36:18.475 GPU_Scheduler_0] Waiting for models to be activated: {'model_1': 'activating', 'model_2': 'deactivated', 'model_3': 'deactivated', 'model_4': 'activating', 'model_5': 'activating', 'model_6': 'deactivated'}
[2026-08-21 22:36:18.485 GPU_Scheduler_0] Waiting for models to be activated: {'model_1': 'activating', 'model_2': 'deactivated', 'model_3': 'deactivated', 'model_4': 'activating', 'model_5': 'activating', 'model_6': 'deactivated'}
[2026-08-21 22:36:18.495 GPU_Scheduler_0] Waiting for models to be activated: {'model_1': 'activating', 'model_2': 'deactivated', 'model_3': 'deactivated', 'model_4': 'activating', 'model_5': 'activating', 'model_6': 'deactivated'}
[2026-08-21 22:36:18.506 GPU_Scheduler_0] Waiting for models to be activated: {'model_1': 'activating', 'model_2': 'deactivated', 'model_3': 'deactivated', 'model_4': 'activating', 'model_5': 'activating', 'model_6': 'deactivated'}
[2026-08-21 22:36:18.516 GPU_Scheduler_0] Waiting for models to be activated: {'model_1': 'activating', 'model_2': 'deactivated', 'model_3': 'deactivated', 'model_4': 'activating', 'model_5': 'activating', 'model_6': 'deactivated'}
[2026-08-21 22:36:18.527 GPU_Scheduler_0] Waiting for models to be activated: {'model_1': 'activating', 'model_2': 'deactivated', 'model_3': 'deactivated', 'model_4': 'activating', 'model_5': 'activating', 'model_6': 'deactivated'}
[2026-08-21 22:36:18.537 GPU_Scheduler_0] Waiting for models to be activated: {'model_1': 'activating', 'model_2': 'deactivated', 'model_3': 'deactivated', 'model_4': 'activating', 'model_5': 'activating', 'model_6': 'deactivated'}
[2026-08-21 22:36:18.547 GPU_Scheduler_0] Waiting for models to be activated: {'model_1': 'activating', 'model_2': 'deactivated', 'model_3': 'deactivated', 'model_4': 'activating', 'model_5': 'activating', 'model_6': 'deactivated'}
[2026-08-21 22:36:18.558 GPU_Scheduler_0] Waiting for models to be activated: {'model_1': 'activating', 'model_2': 'deactivated', 'model_3': 'deactivated', 'model_4': 'activating', 'model_5': 'activating', 'model_6': 'deactivated'}
[2026-08-21 22:36:18.568 GPU_Scheduler_0] Waiting for models to be activated: {'model_1': 'activating', 'model_2': 'deactivated', 'model_3': 'deactivated', 'model_4': 'activating', 'model_5': 'activating', 'model_6': 'deactivated'}
[2026-08-21 22:36:18.579 GPU_Scheduler_0] Waiting for models to be activated: {'model_1': 'activating', 'model_2': 'deactivated', 'model_3': 'deactivated', 'model_4': 'activating', 'model_5': 'activating', 'model_6': 'deactivated'}
[2026-08-21 22:36:18.589 GPU_Scheduler_0] Waiting for models to be activated: {'model_1': 'activating', 'model_2': 'deactivated', 'model_3': 'deactivated', 'model_4': 'activating', 'model_5': 'activating', 'model_6': 'deactivated'}
[2026-08-21 22:36:18.600 GPU_Scheduler_0] Waiting for models to be activated: {'model_1': 'activating', 'model_2': 'deactivated', 'model_3': 'deactivated', 'model_4': 'activating', 'model_5': 'activating', 'model_6': 'deactivated'}
[2026-08-21 22:36:18.610 GPU_Scheduler_0] Waiting for models to be activated: {'model_1': 'activating', 'model_2': 'deactivated', 'model_3': 'deactivated', 'model_4': 'activating', 'model_5': 'activating', 'model_6': 'deactivated'}
[2026-08-21 22:36:18.621 GPU_Scheduler_0] Waiting for models to be activated: {'model_1': 'activating', 'model_2': 'deactivated', 'model_3': 'deactivated', 'model_4': 'activating', 'model_5': 'activating', 'model_6': 'deactivated'}
[2026-08-21 22:36:18.631 GPU_Scheduler_0] Waiting for models to be activated: {'model_1': 'activating', 'model_2': 'deactivated', 'model_3': 'deactivated', 'model_4': 'activating', 'model_5': 'activating', 'model_6': 'deactivated'}
[2026-08-21 22:36:18.642 GPU_Scheduler_0] Waiting for models to be activated: {'model_1': 'activating', 'model_2': 'deactivated', 'model_3': 'deactivated', 'model_4': 'activating', 'model_5': 'activating', 'model_6': 'deactivated'}
[2026-08-21 22:36:18.652 GPU_Scheduler_0] Waiting for models to be activated: {'model_1': 'activating', 'model_2': 'deactivated', 'model_3': 'deactivated', 'model_4': 'activating', 'model_5': 'activating', 'model_6': 'deactivated'}
[2026-08-21 22:36:18.663 GPU_Scheduler_0] Waiting for models to be activated: {'model_1': 'activating', 'model_2': 'deactivated', 'model_3': 'deactivated', 'model_4': 'activating', 'model_5': 'activating', 'model_6': 'deactivated'}
[2026-08-21 22:36:18.673 GPU_Scheduler_0] Waiting for models to be activated: {'model_1': 'activating', 'model_2': 'deactivated', 'model_3': 'deactivated', 'model_4': 'activating', 'model_5': 'activating', 'model_6': 'deactivated'}
[2026-08-21 22:36:18.684 GPU_Scheduler_0] Waiting for models to be activated: {'model_1': 'activating', 'model_2': 'deactivated', 'model_3': 'deactivated', 'model_4': 'activating', 'model_5': 'activating', 'model_6': 'deactivated'}
[2026-08-21 22:36:18.694 GPU_Scheduler_0] Waiting for models to be activated: {'model_1': 'activating', 'model_2': 'deactivated', 'model_3': 'deactivated', 'model_4': 'activating', 'model_5': 'activating', 'model_6': 'deactivated'}
[2026-08-21 22:36:18.705 GPU_Scheduler_0] Waiting for models to be activated: {'model_1': 'activating', 'model_2': 'deactivated', 'model_3': 'deactivated', 'model_4': 'activating', 'model_5': 'activating', 'model_6': 'deactivated'}
[2026-08-21 22:36:18.715 GPU_Scheduler_0] Waiting for models to be activated: {'model_1': 'activating', 'model_2': 'deactivated', 'model_3': 'deactivated', 'model_4': 'activating', 'model_5': 'activating', 'model_6': 'deactivated'}
[2026-08-21 22:36:18.726 GPU_Scheduler_0] Waiting for models to be activated: {'model_1': 'activating', 'model_2': 'deactivated', 'model_3': 'deactivated', 'model_4': 'activating', 'model_5': 'activating', 'model_6': 'deactivated'}
[2026-08-21 22:36:18.736 GPU_Scheduler_0] Waiting for models to be activated: {'model_1': 'activating', 'model_2': 'deactivated', 'model_3': 'deactivated', 'model_4': 'activating', 'model_5': 'activating', 'model_6': 'deactivated'}
[2026-08-21 22:36:18.746 GPU_Scheduler_0] Waiting for models to be activated: {'model_1': 'activating', 'model_2': 'deactivated', 'model_3': 'deactivated', 'model_4': 'activating', 'model_5': 'activating', 'model_6': 'deactivated'}
[2026-08-21 22:36:18.757 GPU_Scheduler_0] Waiting for models to be activated: {'model_1': 'activating', 'model_2': 'deactivated', 'model_3': 'deactivated', 'model_4': 'activating', 'model_5': 'activating', 'model_6': 'deactivated'}
[2026-08-21 22:36:18.767 GPU_Scheduler_0] Waiting for models to be activated: {'model_1': 'activating', 'model_2': 'deactivated', 'model_3': 'deactivated', 'model_4': 'activating', 'model_5': 'activating', 'model_6': 'deactivated'}
[2026-08-21 22:36:18.778 GPU_Scheduler_0] Waiting for models to be activated: {'model_1': 'activating', 'model_2': 'deactivated', 'model_3': 'deactivated', 'model_4': 'activating', 'model_5': 'activating', 'model_6': 'deactivated'}
[2026-08-21 22:36:18.788 GPU_Scheduler_0] Waiting for models to be activated: {'model_1': 'activating', 'model_2': 'deactivated', 'model_3': 'deactivated', 'model_4': 'activating', 'model_5': 'activating', 'model_6': 'deactivated'}
[2026-08-21 22:36:18.798 GPU_Scheduler_0] Waiting for models to be activated: {'model_1': 'activating', 'model_2': 'deactivated', 'model_3': 'deactivated', 'model_4': 'activating', 'model_5': 'activating', 'model_6': 'deactivated'}
[2026-08-21 22:36:18.809 GPU_Scheduler_0] Waiting for models to be activated: {'model_1': 'activating', 'model_2': 'deactivated', 'model_3': 'deactivated', 'model_4': 'activating', 'model_5': 'activating', 'model_6': 'deactivated'}
[2026-08-21 22:36:18.819 GPU_Scheduler_0] Waiting for models to be activated: {'model_1': 'activating', 'model_2': 'deactivated', 'model_3': 'deactivated', 'model_4': 'activating', 'model_5': 'activating', 'model_6': 'deactivated'}
[2026-08-21 22:36:18.829 GPU_Scheduler_0] Waiting for models to be activated: {'model_1': 'activating', 'model_2': 'deactivated', 'model_3': 'deactivated', 'model_4': 'activating', 'model_5': 'activating', 'model_6': 'deactivated'}
[2026-08-21 22:36:18.840 GPU_Scheduler_0] Waiting for models to be activated: {'model_1': 'activating', 'model_2': 'deactivated', 'model_3': 'deactivated', 'model_4': 'activating', 'model_5': 'activating', 'model_6': 'deactivated'}
[2026-08-21 22:36:18.850 GPU_Scheduler_0] Waiting for models to be activated: {'model_1': 'activating', 'model_2': 'deactivated', 'model_3': 'deactivated', 'model_4': 'activating', 'model_5': 'activating', 'model_6': 'deactivated'}
[2026-08-21 22:36:18.860 GPU_Scheduler_0] Waiting for models to be activated: {'model_1': 'activating', 'model_2': 'deactivated', 'model_3': 'deactivated', 'model_4': 'activating', 'model_5': 'activating', 'model_6': 'deactivated'}
[2026-08-21 22:36:18.871 GPU_Scheduler_0] Waiting for models to be activated: {'model_1': 'activating', 'model_2': 'deactivated', 'model_3': 'deactivated', 'model_4': 'activating', 'model_5': 'activating', 'model_6': 'deactivated'}
[2026-08-21 22:36:18.881 GPU_Scheduler_0] Waiting for models to be activated: {'model_1': 'activating', 'model_2': 'deactivated', 'model_3': 'deactivated', 'model_4': 'activating', 'model_5': 'activating', 'model_6': 'deactivated'}
[2026-08-21 22:36:18.891 GPU_Scheduler_0] Waiting for models to be activated: {'model_1': 'activating', 'model_2': 'deactivated', 'model_3': 'deactivated', 'model_4': 'activating', 'model_5': 'activating', 'model_6': 'deactivated'}
[2026-08-21 22:36:18.902 GPU_Scheduler_0] Waiting for models to be activated: {'model_1': 'activating', 'model_2': 'deactivated', 'model_3': 'deactivated', 'model_4': 'activating', 'model_5': 'activating', 'model_6': 'deactivated'}
[2026-08-21 22:36:18.912 GPU_Scheduler_0] Waiting for models to be activated: {'model_1': 'activating', 'model_2': 'deactivated', 'model_3': 'deactivated', 'model_4': 'activating', 'model_5': 'activating', 'model_6': 'deactivated'}
[2026-08-21 22:36:18.922 GPU_Scheduler_0] Waiting for models to be activated: {'model_1': 'activating', 'model_2': 'deactivated', 'model_3': 'deactivated', 'model_4': 'activating', 'model_5': 'activating', 'model_6': 'deactivated'}
[2026-08-21 22:36:18.933 GPU_Scheduler_0] Waiting for models to be activated: {'model_1': 'activating', 'model_2': 'deactivated', 'model_3': 'deactivated', 'model_4': 'activating', 'model_5': 'activating', 'model_6': 'deactivated'}
[2026-08-21 22:36:18.943 GPU_Scheduler_0] Waiting for models to be activated: {'model_1': 'activating', 'model_2': 'deactivated', 'model_3': 'deactivated', 'model_4': 'activating', 'model_5': 'activating', 'model_6': 'deactivated'}
[2026-08-21 22:36:18.953 GPU_Scheduler_0] Waiting for models to be activated: {'model_1': 'activating', 'model_2': 'deactivated', 'model_3': 'deactivated', 'model_4': 'activating', 'model_5': 'activating', 'model_6': 'deactivated'}
[2026-08-21 22:36:18.964 GPU_Scheduler_0] Waiting for models to be activated: {'model_1': 'activating', 'model_2': 'deactivated', 'model_3': 'deactivated', 'model_4': 'activating', 'model_5': 'activating', 'model_6': 'deactivated'}
[2026-08-21 22:36:18.974 GPU_Scheduler_0] Waiting for models to be activated: {'model_1': 'activating', 'model_2': 'deactivated', 'model_3': 'deactivated', 'model_4': 'activating', 'model_5': 'activating', 'model_6': 'deactivated'}
[2026-08-21 22:36:18.985 GPU_Scheduler_0] Waiting for models to be activated: {'model_1': 'activating', 'model_2': 'deactivated', 'model_3': 'deactivated', 'model_4': 'activating', 'model_5': 'activating', 'model_6': 'deactivated'}
[2026-08-21 22:36:18.995 GPU_Scheduler_0] Waiting for models to be activated: {'model_1': 'activating', 'model_2': 'deactivated', 'model_3': 'deactivated', 'model_4': 'activating', 'model_5': 'activating', 'model_6': 'deactivated'}
[2026-08-21 22:36:19.006 GPU_Scheduler_0] Waiting for models to be activated: {'model_1': 'activating', 'model_2': 'deactivated', 'model_3': 'deactivated', 'model_4': 'activating', 'model_5': 'activating', 'model_6': 'deactivated'}
[2026-08-21 22:36:19.018 GPU_Scheduler_0] Waiting for models to be activated: {'model_1': 'activating', 'model_2': 'deactivated', 'model_3': 'deactivated', 'model_4': 'activating', 'model_5': 'activating', 'model_6': 'deactivated'}
[2026-08-21 22:36:19.028 GPU_Scheduler_0] Waiting for models to be activated: {'model_1': 'activating', 'model_2': 'deactivated', 'model_3': 'deactivated', 'model_4': 'activating', 'model_5': 'activating', 'model_6': 'deactivated'}
[2026-08-21 22:36:19.039 GPU_Scheduler_0] Waiting for models to be activated: {'model_1': 'activating', 'model_2': 'deactivated', 'model_3': 'deactivated', 'model_4': 'activating', 'model_5': 'activating', 'model_6': 'deactivated'}
[2026-08-21 22:36:19.049 GPU_Scheduler_0] Waiting for models to be activated: {'model_1': 'activating', 'model_2': 'deactivated', 'model_3': 'deactivated', 'model_4': 'activating', 'model_5': 'activating', 'model_6': 'deactivated'}
[2026-08-21 22:36:19.059 GPU_Scheduler_0] Waiting for models to be activated: {'model_1': 'activating', 'model_2': 'deactivated', 'model_3': 'deactivated', 'model_4': 'activating', 'model_5': 'activating', 'model_6': 'deactivated'}
[2026-08-21 22:36:19.069 GPU_Scheduler_0] Waiting for models to be activated: {'model_1': 'activating', 'model_2': 'deactivated', 'model_3': 'deactivated', 'model_4': 'activating', 'model_5': 'activating', 'model_6': 'deactivated'}
[2026-08-21 22:36:19.080 GPU_Scheduler_0] Waiting for models to be activated: {'model_1': 'activating', 'model_2': 'deactivated', 'model_3': 'deactivated', 'model_4': 'activating', 'model_5': 'activating', 'model_6': 'deactivated'}
[2026-08-21 22:36:19.090 GPU_Scheduler_0] Waiting for models to be activated: {'model_1': 'activating', 'model_2': 'deactivated', 'model_3': 'deactivated', 'model_4': 'activating', 'model_5': 'activating', 'model_6': 'deactivated'}
[2026-08-21 22:36:19.100 GPU_Scheduler_0] Waiting for models to be activated: {'model_1': 'activating', 'model_2': 'deactivated', 'model_3': 'deactivated', 'model_4': 'activating', 'model_5': 'activating', 'model_6': 'deactivated'}
[2026-08-21 22:36:19.111 GPU_Scheduler_0] Waiting for models to be activated: {'model_1': 'activating', 'model_2': 'deactivated', 'model_3': 'deactivated', 'model_4': 'activating', 'model_5': 'activating', 'model_6': 'deactivated'}
[2026-08-21 22:36:19.121 GPU_Scheduler_0] Waiting for models to be activated: {'model_1': 'activating', 'model_2': 'deactivated', 'model_3': 'deactivated', 'model_4': 'activating', 'model_5': 'activating', 'model_6': 'deactivated'}
[2026-08-21 22:36:19.131 GPU_Scheduler_0] Waiting for models to be activated: {'model_1': 'activating', 'model_2': 'deactivated', 'model_3': 'deactivated', 'model_4': 'activating', 'model_5': 'activating', 'model_6': 'deactivated'}
[2026-08-21 22:36:19.142 GPU_Scheduler_0] Waiting for models to be activated: {'model_1': 'activating', 'model_2': 'deactivated', 'model_3': 'deactivated', 'model_4': 'activating', 'model_5': 'activating', 'model_6': 'deactivated'}
[2026-08-21 22:36:19.152 GPU_Scheduler_0] Waiting for models to be activated: {'model_1': 'activating', 'model_2': 'deactivated', 'model_3': 'deactivated', 'model_4': 'activating', 'model_5': 'activating', 'model_6': 'deactivated'}
[2026-08-21 22:36:19.162 GPU_Scheduler_0] Waiting for models to be activated: {'model_1': 'activating', 'model_2': 'deactivated', 'model_3': 'deactivated', 'model_4': 'activating', 'model_5': 'activating', 'model_6': 'deactivated'}
[2026-08-21 22:36:19.173 GPU_Scheduler_0] Waiting for models to be activated: {'model_1': 'activating', 'model_2': 'deactivated', 'model_3': 'deactivated', 'model_4': 'activating', 'model_5': 'activating', 'model_6': 'deactivated'}
[2026-08-21 22:36:19.183 GPU_Scheduler_0] Waiting for models to be activated: {'model_1': 'activating', 'model_2': 'deactivated', 'model_3': 'deactivated', 'model_4': 'activating', 'model_5': 'activating', 'model_6': 'deactivated'}
[2026-08-21 22:36:19.194 GPU_Scheduler_0] Waiting for models to be activated: {'model_1': 'activating', 'model_2': 'deactivated', 'model_3': 'deactivated', 'model_4': 'activating', 'model_5': 'activating', 'model_6': 'deactivated'}
[2026-08-21 22:36:19.205 GPU_Scheduler_0] Waiting for models to be activated: {'model_1': 'activating', 'model_2': 'deactivated', 'model_3': 'deactivated', 'model_4': 'activating', 'model_5': 'activating', 'model_6': 'deactivated'}
[2026-08-21 22:36:19.215 GPU_Scheduler_0] Waiting for models to be activated: {'model_1': 'activating', 'model_2': 'deactivated', 'model_3': 'deactivated', 'model_4': 'activating', 'model_5': 'activating', 'model_6': 'deactivated'}
[2026-08-21 22:36:19.225 GPU_Scheduler_0] Waiting for models to be activated: {'model_1': 'activating', 'model_2': 'deactivated', 'model_3': 'deactivated', 'model_4': 'activating', 'model_5': 'activating', 'model_6': 'deactivated'}
[2026-08-21 22:36:19.236 GPU_Scheduler_0] Waiting for models to be activated: {'model_1': 'activating', 'model_2': 'deactivated', 'model_3': 'deactivated', 'model_4': 'activating', 'model_5': 'activating', 'model_6': 'deactivated'}
[2026-08-21 22:36:19.246 GPU_Scheduler_0] Waiting for models to be activated: {'model_1': 'activating', 'model_2': 'deactivated', 'model_3': 'deactivated', 'model_4': 'activating', 'model_5': 'activating', 'model_6': 'deactivated'}
[2026-08-21 22:36:19.257 GPU_Scheduler_0] Waiting for models to be activated: {'model_1': 'activating', 'model_2': 'deactivated', 'model_3': 'deactivated', 'model_4': 'activating', 'model_5': 'activating', 'model_6': 'deactivated'}
[2026-08-21 22:36:19.267 GPU_Scheduler_0] Waiting for models to be activated: {'model_1': 'activating', 'model_2': 'deactivated', 'model_3': 'deactivated', 'model_4': 'activating', 'model_5': 'activating', 'model_6': 'deactivated'}
[2026-08-21 22:36:19.277 GPU_Scheduler_0] Waiting for models to be activated: {'model_1': 'activating', 'model_2': 'deactivated', 'model_3': 'deactivated', 'model_4': 'activating', 'model_5': 'activating', 'model_6': 'deactivated'}
[2026-08-21 22:36:19.288 GPU_Scheduler_0] Waiting for models to be activated: {'model_1': 'activating', 'model_2': 'deactivated', 'model_3': 'deactivated', 'model_4': 'activating', 'model_5': 'activating', 'model_6': 'deactivated'}
[2026-08-21 22:36:19.298 GPU_Scheduler_0] Waiting for models to be activated: {'model_1': 'activating', 'model_2': 'deactivated', 'model_3': 'deactivated', 'model_4': 'activating', 'model_5': 'activating', 'model_6': 'deactivated'}
[2026-08-21 22:36:19.309 GPU_Scheduler_0] Waiting for models to be activated: {'model_1': 'activating', 'model_2': 'deactivated', 'model_3': 'deactivated', 'model_4': 'activating', 'model_5': 'activating', 'model_6': 'deactivated'}
[2026-08-21 22:36:19.319 GPU_Scheduler_0] Waiting for models to be activated: {'model_1': 'activating', 'model_2': 'deactivated', 'model_3': 'deactivated', 'model_4': 'activating', 'model_5': 'activating', 'model_6': 'deactivated'}
[2026-08-21 22:36:19.329 GPU_Scheduler_0] Waiting for models to be activated: {'model_1': 'activating', 'model_2': 'deactivated', 'model_3': 'deactivated', 'model_4': 'activating', 'model_5': 'activating', 'model_6': 'deactivated'}
[2026-08-21 22:36:19.340 GPU_Scheduler_0] Waiting for models to be activated: {'model_1': 'activating', 'model_2': 'deactivated', 'model_3': 'deactivated', 'model_4': 'activating', 'model_5': 'activating', 'model_6': 'deactivated'}
[2026-08-21 22:36:19.350 GPU_Scheduler_0] Waiting for models to be activated: {'model_1': 'activating', 'model_2': 'deactivated', 'model_3': 'deactivated', 'model_4': 'activating', 'model_5': 'activating', 'model_6': 'deactivated'}
[2026-08-21 22:36:19.360 GPU_Scheduler_0] Waiting for models to be activated: {'model_1': 'activating', 'model_2': 'deactivated', 'model_3': 'deactivated', 'model_4': 'activating', 'model_5': 'activating', 'model_6': 'deactivated'}
[2026-08-21 22:36:19.371 GPU_Scheduler_0] Waiting for models to be activated: {'model_1': 'activating', 'model_2': 'deactivated', 'model_3': 'deactivated', 'model_4': 'activating', 'model_5': 'activating', 'model_6': 'deactivated'}
[2026-08-21 22:36:19.381 GPU_Scheduler_0] Waiting for models to be activated: {'model_1': 'activating', 'model_2': 'deactivated', 'model_3': 'deactivated', 'model_4': 'activating', 'model_5': 'activating', 'model_6': 'deactivated'}
[2026-08-21 22:36:19.391 GPU_Scheduler_0] Waiting for models to be activated: {'model_1': 'activating', 'model_2': 'deactivated', 'model_3': 'deactivated', 'model_4': 'activating', 'model_5': 'activating', 'model_6': 'deactivated'}
[2026-08-21 22:36:19.402 GPU_Scheduler_0] Waiting for models to be activated: {'model_1': 'activating', 'model_2': 'deactivated', 'model_3': 'deactivated', 'model_4': 'activating', 'model_5': 'activating', 'model_6': 'deactivated'}
[2026-08-21 22:36:19.412 GPU_Scheduler_0] Waiting for models to be activated: {'model_1': 'activating', 'model_2': 'deactivated', 'model_3': 'deactivated', 'model_4': 'activating', 'model_5': 'activating', 'model_6': 'deactivated'}
[2026-08-21 22:36:19.422 GPU_Scheduler_0] Waiting for models to be activated: {'model_1': 'activating', 'model_2': 'deactivated', 'model_3': 'deactivated', 'model_4': 'activating', 'model_5': 'activating', 'model_6': 'deactivated'}
[2026-08-21 22:36:19.433 GPU_Scheduler_0] Waiting for models to be activated: {'model_1': 'activating', 'model_2': 'deactivated', 'model_3': 'deactivated', 'model_4': 'activating', 'model_5': 'activating', 'model_6': 'deactivated'}
[2026-08-21 22:36:19.443 GPU_Scheduler_0] Waiting for models to be activated: {'model_1': 'activating', 'model_2': 'deactivated', 'model_3': 'deactivated', 'model_4': 'activating', 'model_5': 'activating', 'model_6': 'deactivated'}
[2026-08-21 22:36:19.454 GPU_Scheduler_0] Waiting for models to be activated: {'model_1': 'activating', 'model_2': 'deactivated', 'model_3': 'deactivated', 'model_4': 'activating', 'model_5': 'activating', 'model_6': 'deactivated'}
[2026-08-21 22:36:19.464 GPU_Scheduler_0] Waiting for models to be activated: {'model_1': 'activating', 'model_2': 'deactivated', 'model_3': 'deactivated', 'model_4': 'activating', 'model_5': 'activating', 'model_6': 'deactivated'}
[2026-08-21 22:36:19.475 GPU_Scheduler_0] Waiting for models to be activated: {'model_1': 'activating', 'model_2': 'deactivated', 'model_3': 'deactivated', 'model_4': 'activating', 'model_5': 'activating', 'model_6': 'deactivated'}
[2026-08-21 22:36:19.485 GPU_Scheduler_0] Waiting for models to be activated: {'model_1': 'activating', 'model_2': 'deactivated', 'model_3': 'deactivated', 'model_4': 'activating', 'model_5': 'activating', 'model_6': 'deactivated'}
[2026-08-21 22:36:19.495 GPU_Scheduler_0] Waiting for models to be activated: {'model_1': 'activating', 'model_2': 'deactivated', 'model_3': 'deactivated', 'model_4': 'activating', 'model_5': 'activating', 'model_6': 'deactivated'}
[2026-08-21 22:36:19.506 GPU_Scheduler_0] Waiting for models to be activated: {'model_1': 'activating', 'model_2': 'deactivated', 'model_3': 'deactivated', 'model_4': 'activating', 'model_5': 'activating', 'model_6': 'deactivated'}
[2026-08-21 22:36:19.516 GPU_Scheduler_0] Waiting for models to be activated: {'model_1': 'activating', 'model_2': 'deactivated', 'model_3': 'deactivated', 'model_4': 'activating', 'model_5': 'activating', 'model_6': 'deactivated'}
[2026-08-21 22:36:19.526 GPU_Scheduler_0] Waiting for models to be activated: {'model_1': 'activating', 'model_2': 'deactivated', 'model_3': 'deactivated', 'model_4': 'activating', 'model_5': 'activating', 'model_6': 'deactivated'}
[2026-08-21 22:36:19.537 GPU_Scheduler_0] Waiting for models to be activated: {'model_1': 'activating', 'model_2': 'deactivated', 'model_3': 'deactivated', 'model_4': 'activating', 'model_5': 'activating', 'model_6': 'deactivated'}
[2026-08-21 22:36:19.547 GPU_Scheduler_0] Waiting for models to be activated: {'model_1': 'activating', 'model_2': 'deactivated', 'model_3': 'deactivated', 'model_4': 'activating', 'model_5': 'activating', 'model_6': 'deactivated'}
[2026-08-21 22:36:19.557 GPU_Scheduler_0] Waiting for models to be activated: {'model_1': 'activating', 'model_2': 'deactivated', 'model_3': 'deactivated', 'model_4': 'activating', 'model_5': 'activating', 'model_6': 'deactivated'}
[2026-08-21 22:36:19.568 GPU_Scheduler_0] Waiting for models to be activated: {'model_1': 'activating', 'model_2': 'deactivated', 'model_3': 'deactivated', 'model_4': 'activating', 'model_5': 'activating', 'model_6': 'deactivated'}
[2026-08-21 22:36:19.578 GPU_Scheduler_0] Waiting for models to be activated: {'model_1': 'activating', 'model_2': 'deactivated', 'model_3': 'deactivated', 'model_4': 'activating', 'model_5': 'activating', 'model_6': 'deactivated'}
[2026-08-21 22:36:19.588 GPU_Scheduler_0] Waiting for models to be activated: {'model_1': 'activating', 'model_2': 'deactivated', 'model_3': 'deactivated', 'model_4': 'activating', 'model_5': 'activating', 'model_6': 'deactivated'}
[2026-08-21 22:36:19.599 GPU_Scheduler_0] Waiting for models to be activated: {'model_1': 'activating', 'model_2': 'deactivated', 'model_3': 'deactivated', 'model_4': 'activating', 'model_5': 'activating', 'model_6': 'deactivated'}
[2026-08-21 22:36:19.609 GPU_Scheduler_0] Waiting for models to be activated: {'model_1': 'activating', 'model_2': 'deactivated', 'model_3': 'deactivated', 'model_4': 'activating', 'model_5': 'activating', 'model_6': 'deactivated'}
[2026-08-21 22:36:19.619 GPU_Scheduler_0] Waiting for models to be activated: {'model_1': 'activating', 'model_2': 'deactivated', 'model_3': 'deactivated', 'model_4': 'activating', 'model_5': 'activating', 'model_6': 'deactivated'}
[2026-08-21 22:36:19.629 GPU_Scheduler_0] Waiting for models to be activated: {'model_1': 'activating', 'model_2': 'deactivated', 'model_3': 'deactivated', 'model_4': 'activating', 'model_5': 'activating', 'model_6': 'deactivated'}
[2026-08-21 22:36:19.640 GPU_Scheduler_0] Waiting for models to be activated: {'model_1': 'activating', 'model_2': 'deactivated', 'model_3': 'deactivated', 'model_4': 'activating', 'model_5': 'activating', 'model_6': 'deactivated'}
[2026-08-21 22:36:19.650 GPU_Scheduler_0] Waiting for models to be activated: {'model_1': 'activating', 'model_2': 'deactivated', 'model_3': 'deactivated', 'model_4': 'activating', 'model_5': 'activating', 'model_6': 'deactivated'}
[2026-08-21 22:36:19.660 GPU_Scheduler_0] Waiting for models to be activated: {'model_1': 'activating', 'model_2': 'deactivated', 'model_3': 'deactivated', 'model_4': 'activating', 'model_5': 'activating', 'model_6': 'deactivated'}
[2026-08-21 22:36:19.671 GPU_Scheduler_0] Waiting for models to be activated: {'model_1': 'activating', 'model_2': 'deactivated', 'model_3': 'deactivated', 'model_4': 'activating', 'model_5': 'activating', 'model_6': 'deactivated'}
[2026-08-21 22:36:19.681 GPU_Scheduler_0] Waiting for models to be activated: {'model_1': 'activating', 'model_2': 'deactivated', 'model_3': 'deactivated', 'model_4': 'activating', 'model_5': 'activating', 'model_6': 'deactivated'}
[2026-08-21 22:36:19.691 GPU_Scheduler_0] Waiting for models to be activated: {'model_1': 'activating', 'model_2': 'deactivated', 'model_3': 'deactivated', 'model_4': 'activating', 'model_5': 'activating', 'model_6': 'deactivated'}
[2026-08-21 22:36:19.701 GPU_Scheduler_0] Waiting for models to be activated: {'model_1': 'activating', 'model_2': 'deactivated', 'model_3': 'deactivated', 'model_4': 'activating', 'model_5': 'activating', 'model_6': 'deactivated'}
[2026-08-21 22:36:19.712 GPU_Scheduler_0] Waiting for models to be activated: {'model_1': 'activating', 'model_2': 'deactivated', 'model_3': 'deactivated', 'model_4': 'activating', 'model_5': 'activating', 'model_6': 'deactivated'}
[2026-08-21 22:36:19.722 GPU_Scheduler_0] Waiting for models to be activated: {'model_1': 'activating', 'model_2': 'deactivated', 'model_3': 'deactivated', 'model_4': 'activating', 'model_5': 'activating', 'model_6': 'deactivated'}
[2026-08-21 22:36:19.733 GPU_Scheduler_0] Waiting for models to be activated: {'model_1': 'activating', 'model_2': 'deactivated', 'model_3': 'deactivated', 'model_4': 'activating', 'model_5': 'activating', 'model_6': 'deactivated'}
[2026-08-21 22:36:19.743 GPU_Scheduler_0] Waiting for models to be activated: {'model_1': 'activating', 'model_2': 'deactivated', 'model_3': 'deactivated', 'model_4': 'activating', 'model_5': 'activating', 'model_6': 'deactivated'}
[2026-08-21 22:36:19.753 GPU_Scheduler_0] Waiting for models to be activated: {'model_1': 'activating', 'model_2': 'deactivated', 'model_3': 'deactivated', 'model_4': 'activating', 'model_5': 'activating', 'model_6': 'deactivated'}
[2026-08-21 22:36:19.764 GPU_Scheduler_0] Waiting for models to be activated: {'model_1': 'activating', 'model_2': 'deactivated', 'model_3': 'deactivated', 'model_4': 'activating', 'model_5': 'activating', 'model_6': 'deactivated'}
[2026-08-21 22:36:19.774 GPU_Scheduler_0] Waiting for models to be activated: {'model_1': 'activating', 'model_2': 'deactivated', 'model_3': 'deactivated', 'model_4': 'activating', 'model_5': 'activating', 'model_6': 'deactivated'}
[2026-08-21 22:36:19.785 GPU_Scheduler_0] Waiting for models to be activated: {'model_1': 'activating', 'model_2': 'deactivated', 'model_3': 'deactivated', 'model_4': 'activating', 'model_5': 'activating', 'model_6': 'deactivated'}
[2026-08-21 22:36:19.795 GPU_Scheduler_0] Waiting for models to be activated: {'model_1': 'activating', 'model_2': 'deactivated', 'model_3': 'deactivated', 'model_4': 'activating', 'model_5': 'activating', 'model_6': 'deactivated'}
[2026-08-21 22:36:19.805 GPU_Scheduler_0] Waiting for models to be activated: {'model_1': 'activating', 'model_2': 'deactivated', 'model_3': 'deactivated', 'model_4': 'activating', 'model_5': 'activating', 'model_6': 'deactivated'}
[2026-08-21 22:36:19.816 GPU_Scheduler_0] Waiting for models to be activated: {'model_1': 'activating', 'model_2': 'deactivated', 'model_3': 'deactivated', 'model_4': 'activating', 'model_5': 'activating', 'model_6': 'deactivated'}
[2026-08-21 22:36:19.826 GPU_Scheduler_0] Waiting for models to be activated: {'model_1': 'activating', 'model_2': 'deactivated', 'model_3': 'deactivated', 'model_4': 'activating', 'model_5': 'activating', 'model_6': 'deactivated'}
[2026-08-21 22:36:19.836 GPU_Scheduler_0] Waiting for models to be activated: {'model_1': 'activating', 'model_2': 'deactivated', 'model_3': 'deactivated', 'model_4': 'activating', 'model_5': 'activating', 'model_6': 'deactivated'}
[2026-08-21 22:36:19.847 GPU_Scheduler_0] Waiting for models to be activated: {'model_1': 'activating', 'model_2': 'deactivated', 'model_3': 'deactivated', 'model_4': 'activating', 'model_5': 'activating', 'model_6': 'deactivated'}
[2026-08-21 22:36:19.857 GPU_Scheduler_0] Waiting for models to be activated: {'model_1': 'activating', 'model_2': 'deactivated', 'model_3': 'deactivated', 'model_4': 'activating', 'model_5': 'activating', 'model_6': 'deactivated'}
[2026-08-21 22:36:19.868 GPU_Scheduler_0] Waiting for models to be activated: {'model_1': 'activating', 'model_2': 'deactivated', 'model_3': 'deactivated', 'model_4': 'activating', 'model_5': 'activating', 'model_6': 'deactivated'}
[2026-08-21 22:36:19.878 GPU_Scheduler_0] Waiting for models to be activated: {'model_1': 'activating', 'model_2': 'deactivated', 'model_3': 'deactivated', 'model_4': 'activating', 'model_5': 'activating', 'model_6': 'deactivated'}
[2026-08-21 22:36:19.888 GPU_Scheduler_0] Waiting for models to be activated: {'model_1': 'activating', 'model_2': 'deactivated', 'model_3': 'deactivated', 'model_4': 'activating', 'model_5': 'activating', 'model_6': 'deactivated'}
[2026-08-21 22:36:19.899 GPU_Scheduler_0] Waiting for models to be activated: {'model_1': 'activating', 'model_2': 'deactivated', 'model_3': 'deactivated', 'model_4': 'activating', 'model_5': 'activating', 'model_6': 'deactivated'}
[2026-08-21 22:36:19.909 GPU_Scheduler_0] Waiting for models to be activated: {'model_1': 'activating', 'model_2': 'deactivated', 'model_3': 'deactivated', 'model_4': 'activating', 'model_5': 'activating', 'model_6': 'deactivated'}
[2026-08-21 22:36:19.919 GPU_Scheduler_0] Waiting for models to be activated: {'model_1': 'activating', 'model_2': 'deactivated', 'model_3': 'deactivated', 'model_4': 'activating', 'model_5': 'activating', 'model_6': 'deactivated'}
[2026-08-21 22:36:19.930 GPU_Scheduler_0] Waiting for models to be activated: {'model_1': 'activating', 'model_2': 'deactivated', 'model_3': 'deactivated', 'model_4': 'activating', 'model_5': 'activating', 'model_6': 'deactivated'}
[2026-08-21 22:36:19.940 GPU_Scheduler_0] Waiting for models to be activated: {'model_1': 'activating', 'model_2': 'deactivated', 'model_3': 'deactivated', 'model_4': 'activating', 'model_5': 'activating', 'model_6': 'deactivated'}
[2026-08-21 22:36:19.951 GPU_Scheduler_0] Waiting for models to be activated: {'model_1': 'activating', 'model_2': 'deactivated', 'model_3': 'deactivated', 'model_4': 'activating', 'model_5': 'activating', 'model_6': 'deactivated'}
[2026-08-21 22:36:19.961 GPU_Scheduler_0] Waiting for models to be activated: {'model_1': 'activating', 'model_2': 'deactivated', 'model_3': 'deactivated', 'model_4': 'activating', 'model_5': 'activating', 'model_6': 'deactivated'}
[2026-08-21 22:36:19.971 GPU_Scheduler_0] Waiting for models to be activated: {'model_1': 'activating', 'model_2': 'deactivated', 'model_3': 'deactivated', 'model_4': 'activating', 'model_5': 'activating', 'model_6': 'deactivated'}
[2026-08-21 22:36:19.982 GPU_Scheduler_0] Waiting for models to be activated: {'model_1': 'activating', 'model_2': 'deactivated', 'model_3': 'deactivated', 'model_4': 'activating', 'model_5': 'activating', 'model_6': 'deactivated'}
[2026-08-21 22:36:19.992 GPU_Scheduler_0] Waiting for models to be activated: {'model_1': 'activating', 'model_2': 'deactivated', 'model_3': 'deactivated', 'model_4': 'activating', 'model_5': 'activating', 'model_6': 'deactivated'}
[2026-08-21 22:36:20.002 GPU_Scheduler_0] Waiting for models to be activated: {'model_1': 'activating', 'model_2': 'deactivated', 'model_3': 'deactivated', 'model_4': 'activating', 'model_5': 'activating', 'model_6': 'deactivated'}
[2026-08-21 22:36:20.013 GPU_Scheduler_0] Waiting for models to be activated: {'model_1': 'activating', 'model_2': 'deactivated', 'model_3': 'deactivated', 'model_4': 'activating', 'model_5': 'activating', 'model_6': 'deactivated'}
[2026-08-21 22:36:20.023 GPU_Scheduler_0] Waiting for models to be activated: {'model_1': 'activating', 'model_2': 'deactivated', 'model_3': 'deactivated', 'model_4': 'activating', 'model_5': 'activating', 'model_6': 'deactivated'}
[2026-08-21 22:36:20.033 GPU_Scheduler_0] Waiting for models to be activated: {'model_1': 'activating', 'model_2': 'deactivated', 'model_3': 'deactivated', 'model_4': 'activating', 'model_5': 'activating', 'model_6': 'deactivated'}
[2026-08-21 22:36:20.044 GPU_Scheduler_0] Waiting for models to be activated: {'model_1': 'activating', 'model_2': 'deactivated', 'model_3': 'deactivated', 'model_4': 'activating', 'model_5': 'activating', 'model_6': 'deactivated'}
[2026-08-21 22:36:20.054 GPU_Scheduler_0] Waiting for models to be activated: {'model_1': 'activating', 'model_2': 'deactivated', 'model_3': 'deactivated', 'model_4': 'activating', 'model_5': 'activating', 'model_6': 'deactivated'}
[2026-08-21 22:36:20.064 GPU_Scheduler_0] Waiting for models to be activated: {'model_1': 'activating', 'model_2': 'deactivated', 'model_3': 'deactivated', 'model_4': 'activating', 'model_5': 'activating', 'model_6': 'deactivated'}
[2026-08-21 22:36:20.075 GPU_Scheduler_0] Waiting for models to be activated: {'model_1': 'activating', 'model_2': 'deactivated', 'model_3': 'deactivated', 'model_4': 'activating', 'model_5': 'activating', 'model_6': 'deactivated'}
[2026-08-21 22:36:20.085 GPU_Scheduler_0] Waiting for models to be activated: {'model_1': 'activating', 'model_2': 'deactivated', 'model_3': 'deactivated', 'model_4': 'activating', 'model_5': 'activating', 'model_6': 'deactivated'}
[2026-08-21 22:36:20.095 GPU_Scheduler_0] Waiting for models to be activated: {'model_1': 'activating', 'model_2': 'deactivated', 'model_3': 'deactivated', 'model_4': 'activating', 'model_5': 'activating', 'model_6': 'deactivated'}
[2026-08-21 22:36:20.106 GPU_Scheduler_0] Waiting for models to be activated: {'model_1': 'activating', 'model_2': 'deactivated', 'model_3': 'deactivated', 'model_4': 'activating', 'model_5': 'activating', 'model_6': 'deactivated'}
[2026-08-21 22:36:20.116 GPU_Scheduler_0] Waiting for models to be activated: {'model_1': 'activating', 'model_2': 'deactivated', 'model_3': 'deactivated', 'model_4': 'activating', 'model_5': 'activating', 'model_6': 'deactivated'}
[2026-08-21 22:36:20.126 GPU_Scheduler_0] Waiting for models to be activated: {'model_1': 'activating', 'model_2': 'deactivated', 'model_3': 'deactivated', 'model_4': 'activating', 'model_5': 'activating', 'model_6': 'deactivated'}
[2026-08-21 22:36:20.137 GPU_Scheduler_0] Waiting for models to be activated: {'model_1': 'activating', 'model_2': 'deactivated', 'model_3': 'deactivated', 'model_4': 'activating', 'model_5': 'activating', 'model_6': 'deactivated'}
[2026-08-21 22:36:20.147 GPU_Scheduler_0] Waiting for models to be activated: {'model_1': 'activating', 'model_2': 'deactivated', 'model_3': 'deactivated', 'model_4': 'activating', 'model_5': 'activating', 'model_6': 'deactivated'}
[2026-08-21 22:36:20.157 GPU_Scheduler_0] Waiting for models to be activated: {'model_1': 'activating', 'model_2': 'deactivated', 'model_3': 'deactivated', 'model_4': 'activating', 'model_5': 'activating', 'model_6': 'deactivated'}
[2026-08-21 22:36:20.168 GPU_Scheduler_0] Waiting for models to be activated: {'model_1': 'activating', 'model_2': 'deactivated', 'model_3': 'deactivated', 'model_4': 'activating', 'model_5': 'activating', 'model_6': 'deactivated'}
[2026-08-21 22:36:20.178 GPU_Scheduler_0] Waiting for models to be activated: {'model_1': 'activating', 'model_2': 'deactivated', 'model_3': 'deactivated', 'model_4': 'activating', 'model_5': 'activating', 'model_6': 'deactivated'}
[2026-08-21 22:36:20.188 GPU_Scheduler_0] Waiting for models to be activated: {'model_1': 'activating', 'model_2': 'deactivated', 'model_3': 'deactivated', 'model_4': 'activating', 'model_5': 'activating', 'model_6': 'deactivated'}
[2026-08-21 22:36:20.199 GPU_Scheduler_0] Waiting for models to be activated: {'model_1': 'activating', 'model_2': 'deactivated', 'model_3': 'deactivated', 'model_4': 'activating', 'model_5': 'activating', 'model_6': 'deactivated'}
[2026-08-21 22:36:20.209 GPU_Scheduler_0] Waiting for models to be activated: {'model_1': 'activating', 'model_2': 'deactivated', 'model_3': 'deactivated', 'model_4': 'activating', 'model_5': 'activating', 'model_6': 'deactivated'}
[2026-08-21 22:36:20.219 GPU_Scheduler_0] Waiting for models to be activated: {'model_1': 'activating', 'model_2': 'deactivated', 'model_3': 'deactivated', 'model_4': 'activating', 'model_5': 'activating', 'model_6': 'deactivated'}
[2026-08-21 22:36:20.230 GPU_Scheduler_0] Waiting for models to be activated: {'model_1': 'activating', 'model_2': 'deactivated', 'model_3': 'deactivated', 'model_4': 'activating', 'model_5': 'activating', 'model_6': 'deactivated'}
[2026-08-21 22:36:20.240 GPU_Scheduler_0] Waiting for models to be activated: {'model_1': 'activating', 'model_2': 'deactivated', 'model_3': 'deactivated', 'model_4': 'activating', 'model_5': 'activating', 'model_6': 'deactivated'}
[2026-08-21 22:36:20.250 GPU_Scheduler_0] Waiting for models to be activated: {'model_1': 'activating', 'model_2': 'deactivated', 'model_3': 'deactivated', 'model_4': 'activating', 'model_5': 'activating', 'model_6': 'deactivated'}
[2026-08-21 22:36:20.261 GPU_Scheduler_0] Waiting for models to be activated: {'model_1': 'activating', 'model_2': 'deactivated', 'model_3': 'deactivated', 'model_4': 'activating', 'model_5': 'activating', 'model_6': 'deactivated'}
[2026-08-21 22:36:20.272 GPU_Scheduler_0] Waiting for models to be activated: {'model_1': 'activating', 'model_2': 'deactivated', 'model_3': 'deactivated', 'model_4': 'activating', 'model_5': 'activating', 'model_6': 'deactivated'}
[2026-08-21 22:36:20.282 GPU_Scheduler_0] Waiting for models to be activated: {'model_1': 'activating', 'model_2': 'deactivated', 'model_3': 'deactivated', 'model_4': 'activating', 'model_5': 'activating', 'model_6': 'deactivated'}
[2026-08-21 22:36:20.292 GPU_Scheduler_0] Waiting for models to be activated: {'model_1': 'activating', 'model_2': 'deactivated', 'model_3': 'deactivated', 'model_4': 'activating', 'model_5': 'activating', 'model_6': 'deactivated'}
[2026-08-21 22:36:20.303 GPU_Scheduler_0] Waiting for models to be activated: {'model_1': 'activating', 'model_2': 'deactivated', 'model_3': 'deactivated', 'model_4': 'activating', 'model_5': 'activating', 'model_6': 'deactivated'}
[2026-08-21 22:36:20.313 GPU_Scheduler_0] Waiting for models to be activated: {'model_1': 'activating', 'model_2': 'deactivated', 'model_3': 'deactivated', 'model_4': 'activating', 'model_5': 'activating', 'model_6': 'deactivated'}
[2026-08-21 22:36:20.323 GPU_Scheduler_0] Waiting for models to be activated: {'model_1': 'activating', 'model_2': 'deactivated', 'model_3': 'deactivated', 'model_4': 'activating', 'model_5': 'activating', 'model_6': 'deactivated'}
[2026-08-21 22:36:20.334 GPU_Scheduler_0] Waiting for models to be activated: {'model_1': 'activating', 'model_2': 'deactivated', 'model_3': 'deactivated', 'model_4': 'activating', 'model_5': 'activating', 'model_6': 'deactivated'}
[2026-08-21 22:36:20.344 GPU_Scheduler_0] Waiting for models to be activated: {'model_1': 'activating', 'model_2': 'deactivated', 'model_3': 'deactivated', 'model_4': 'activating', 'model_5': 'activating', 'model_6': 'deactivated'}
[2026-08-21 22:36:20.354 GPU_Scheduler_0] Waiting for models to be activated: {'model_1': 'activating', 'model_2': 'deactivated', 'model_3': 'deactivated', 'model_4': 'activating', 'model_5': 'activating', 'model_6': 'deactivated'}
[2026-08-21 22:36:20.366 GPU_Scheduler_0] Waiting for models to be activated: {'model_1': 'activating', 'model_2': 'deactivated', 'model_3': 'deactivated', 'model_4': 'activating', 'model_5': 'activating', 'model_6': 'deactivated'}
[2026-08-21 22:36:20.376 GPU_Scheduler_0] Waiting for models to be activated: {'model_1': 'activating', 'model_2': 'deactivated', 'model_3': 'deactivated', 'model_4': 'activating', 'model_5': 'activating', 'model_6': 'deactivated'}
[2026-08-21 22:36:20.386 GPU_Scheduler_0] Waiting for models to be activated: {'model_1': 'activating', 'model_2': 'deactivated', 'model_3': 'deactivated', 'model_4': 'activating', 'model_5': 'activating', 'model_6': 'deactivated'}
[2026-08-21 22:36:20.397 GPU_Scheduler_0] Waiting for models to be activated: {'model_1': 'activating', 'model_2': 'deactivated', 'model_3': 'deactivated', 'model_4': 'activating', 'model_5': 'activating', 'model_6': 'deactivated'}
[2026-08-21 22:36:20.407 GPU_Scheduler_0] Waiting for models to be activated: {'model_1': 'activating', 'model_2': 'deactivated', 'model_3': 'deactivated', 'model_4': 'activating', 'model_5': 'activating', 'model_6': 'deactivated'}
[2026-08-21 22:36:20.417 GPU_Scheduler_0] Waiting for models to be activated: {'model_1': 'activating', 'model_2': 'deactivated', 'model_3': 'deactivated', 'model_4': 'activating', 'model_5': 'activating', 'model_6': 'deactivated'}
[2026-08-21 22:36:20.428 GPU_Scheduler_0] Waiting for models to be activated: {'model_1': 'activating', 'model_2': 'deactivated', 'model_3': 'deactivated', 'model_4': 'activating', 'model_5': 'activating', 'model_6': 'deactivated'}
[2026-08-21 22:36:20.438 GPU_Scheduler_0] Waiting for models to be activated: {'model_1': 'activating', 'model_2': 'deactivated', 'model_3': 'deactivated', 'model_4': 'activating', 'model_5': 'activating', 'model_6': 'deactivated'}
[2026-08-21 22:36:20.448 GPU_Scheduler_0] Waiting for models to be activated: {'model_1': 'activating', 'model_2': 'deactivated', 'model_3': 'deactivated', 'model_4': 'activating', 'model_5': 'activating', 'model_6': 'deactivated'}
[2026-08-21 22:36:20.459 GPU_Scheduler_0] Waiting for models to be activated: {'model_1': 'activating', 'model_2': 'deactivated', 'model_3': 'deactivated', 'model_4': 'activating', 'model_5': 'activating', 'model_6': 'deactivated'}
[2026-08-21 22:36:20.469 GPU_Scheduler_0] Waiting for models to be activated: {'model_1': 'activating', 'model_2': 'deactivated', 'model_3': 'deactivated', 'model_4': 'activating', 'model_5': 'activating', 'model_6': 'deactivated'}
[2026-08-21 22:36:20.479 GPU_Scheduler_0] Waiting for models to be activated: {'model_1': 'activating', 'model_2': 'deactivated', 'model_3': 'deactivated', 'model_4': 'activating', 'model_5': 'activating', 'model_6': 'deactivated'}
[2026-08-21 22:36:20.490 GPU_Scheduler_0] Waiting for models to be activated: {'model_1': 'activating', 'model_2': 'deactivated', 'model_3': 'deactivated', 'model_4': 'activating', 'model_5': 'activating', 'model_6': 'deactivated'}
[2026-08-21 22:36:20.500 GPU_Scheduler_0] Waiting for models to be activated: {'model_1': 'activating', 'model_2': 'deactivated', 'model_3': 'deactivated', 'model_4': 'activating', 'model_5': 'activating', 'model_6': 'deactivated'}
[2026-08-21 22:36:20.511 GPU_Scheduler_0] Waiting for models to be activated: {'model_1': 'activating', 'model_2': 'deactivated', 'model_3': 'deactivated', 'model_4': 'activating', 'model_5': 'activating', 'model_6': 'deactivated'}
[2026-08-21 22:36:20.521 GPU_Scheduler_0] Waiting for models to be activated: {'model_1': 'activating', 'model_2': 'deactivated', 'model_3': 'deactivated', 'model_4': 'activating', 'model_5': 'activating', 'model_6': 'deactivated'}
[2026-08-21 22:36:20.531 GPU_Scheduler_0] Waiting for models to be activated: {'model_1': 'activating', 'model_2': 'deactivated', 'model_3': 'deactivated', 'model_4': 'activating', 'model_5': 'activating', 'model_6': 'deactivated'}
[2026-08-21 22:36:20.542 GPU_Scheduler_0] Waiting for models to be activated: {'model_1': 'activating', 'model_2': 'deactivated', 'model_3': 'deactivated', 'model_4': 'activating', 'model_5': 'activating', 'model_6': 'deactivated'}
[2026-08-21 22:36:20.552 GPU_Scheduler_0] Waiting for models to be activated: {'model_1': 'activating', 'model_2': 'deactivated', 'model_3': 'deactivated', 'model_4': 'activating', 'model_5': 'activating', 'model_6': 'deactivated'}
[2026-08-21 22:36:20.562 GPU_Scheduler_0] Waiting for models to be activated: {'model_1': 'activating', 'model_2': 'deactivated', 'model_3': 'deactivated', 'model_4': 'activating', 'model_5': 'activating', 'model_6': 'deactivated'}
[2026-08-21 22:36:20.573 GPU_Scheduler_0] Waiting for models to be activated: {'model_1': 'activating', 'model_2': 'deactivated', 'model_3': 'deactivated', 'model_4': 'activating', 'model_5': 'activating', 'model_6': 'deactivated'}
[2026-08-21 22:36:20.583 GPU_Scheduler_0] Waiting for models to be activated: {'model_1': 'activating', 'model_2': 'deactivated', 'model_3': 'deactivated', 'model_4': 'activating', 'model_5': 'activating', 'model_6': 'deactivated'}
[2026-08-21 22:36:20.593 GPU_Scheduler_0] Waiting for models to be activated: {'model_1': 'activating', 'model_2': 'deactivated', 'model_3': 'deactivated', 'model_4': 'activating', 'model_5': 'activating', 'model_6': 'deactivated'}
[2026-08-21 22:36:20.604 GPU_Scheduler_0] Waiting for models to be activated: {'model_1': 'activating', 'model_2': 'deactivated', 'model_3': 'deactivated', 'model_4': 'activating', 'model_5': 'activating', 'model_6': 'deactivated'}
[2026-08-21 22:36:20.614 GPU_Scheduler_0] Waiting for models to be activated: {'model_1': 'activating', 'model_2': 'deactivated', 'model_3': 'deactivated', 'model_4': 'activating', 'model_5': 'activating', 'model_6': 'deactivated'}
[2026-08-21 22:36:20.624 GPU_Scheduler_0] Waiting for models to be activated: {'model_1': 'activating', 'model_2': 'deactivated', 'model_3': 'deactivated', 'model_4': 'activating', 'model_5': 'activating', 'model_6': 'deactivated'}
[2026-08-21 22:36:20.635 GPU_Scheduler_0] Waiting for models to be activated: {'model_1': 'activating', 'model_2': 'deactivated', 'model_3': 'deactivated', 'model_4': 'activating', 'model_5': 'activating', 'model_6': 'deactivated'}
[2026-08-21 22:36:20.645 GPU_Scheduler_0] Waiting for models to be activated: {'model_1': 'activating', 'model_2': 'deactivated', 'model_3': 'deactivated', 'model_4': 'activating', 'model_5': 'activating', 'model_6': 'deactivated'}
[2026-08-21 22:36:20.655 GPU_Scheduler_0] Waiting for models to be activated: {'model_1': 'activating', 'model_2': 'deactivated', 'model_3': 'deactivated', 'model_4': 'activating', 'model_5': 'activating', 'model_6': 'deactivated'}
[2026-08-21 22:36:20.666 GPU_Scheduler_0] Waiting for models to be activated: {'model_1': 'activating', 'model_2': 'deactivated', 'model_3': 'deactivated', 'model_4': 'activating', 'model_5': 'activating', 'model_6': 'deactivated'}
[2026-08-21 22:36:20.676 GPU_Scheduler_0] Waiting for models to be activated: {'model_1': 'activating', 'model_2': 'deactivated', 'model_3': 'deactivated', 'model_4': 'activating', 'model_5': 'activating', 'model_6': 'deactivated'}
[2026-08-21 22:36:20.686 GPU_Scheduler_0] Waiting for models to be activated: {'model_1': 'activating', 'model_2': 'deactivated', 'model_3': 'deactivated', 'model_4': 'activating', 'model_5': 'activating', 'model_6': 'deactivated'}
[2026-08-21 22:36:20.697 GPU_Scheduler_0] Waiting for models to be activated: {'model_1': 'activating', 'model_2': 'deactivated', 'model_3': 'deactivated', 'model_4': 'activating', 'model_5': 'activating', 'model_6': 'deactivated'}
[2026-08-21 22:36:20.707 GPU_Scheduler_0] Waiting for models to be activated: {'model_1': 'activating', 'model_2': 'deactivated', 'model_3': 'deactivated', 'model_4': 'activating', 'model_5': 'activating', 'model_6': 'deactivated'}
[2026-08-21 22:36:20.717 GPU_Scheduler_0] Waiting for models to be activated: {'model_1': 'activating', 'model_2': 'deactivated', 'model_3': 'deactivated', 'model_4': 'activating', 'model_5': 'activating', 'model_6': 'deactivated'}
[2026-08-21 22:36:20.728 GPU_Scheduler_0] Waiting for models to be activated: {'model_1': 'activating', 'model_2': 'deactivated', 'model_3': 'deactivated', 'model_4': 'activating', 'model_5': 'activating', 'model_6': 'deactivated'}
[2026-08-21 22:36:20.738 GPU_Scheduler_0] Model model_1 (instance 0) activation succeeded on GPU 0
[2026-08-21 22:36:20.738 GPU_Scheduler_0] Waiting for models to be activated: {'model_1': 'activated', 'model_2': 'deactivated', 'model_3': 'deactivated', 'model_4': 'activating', 'model_5': 'activating', 'model_6': 'deactivated'}
[2026-08-21 22:36:20.749 GPU_Scheduler_0] Waiting for models to be activated: {'model_1': 'activated', 'model_2': 'deactivated', 'model_3': 'deactivated', 'model_4': 'activating', 'model_5': 'activating', 'model_6': 'deactivated'}
[2026-08-21 22:36:20.759 GPU_Scheduler_0] Waiting for models to be activated: {'model_1': 'activated', 'model_2': 'deactivated', 'model_3': 'deactivated', 'model_4': 'activating', 'model_5': 'activating', 'model_6': 'deactivated'}
[2026-08-21 22:36:20.769 GPU_Scheduler_0] Waiting for models to be activated: {'model_1': 'activated', 'model_2': 'deactivated', 'model_3': 'deactivated', 'model_4': 'activating', 'model_5': 'activating', 'model_6': 'deactivated'}
[2026-08-21 22:36:20.779 GPU_Scheduler_0] Waiting for models to be activated: {'model_1': 'activated', 'model_2': 'deactivated', 'model_3': 'deactivated', 'model_4': 'activating', 'model_5': 'activating', 'model_6': 'deactivated'}
[2026-08-21 22:36:20.790 GPU_Scheduler_0] Waiting for models to be activated: {'model_1': 'activated', 'model_2': 'deactivated', 'model_3': 'deactivated', 'model_4': 'activating', 'model_5': 'activating', 'model_6': 'deactivated'}
[2026-08-21 22:36:20.800 GPU_Scheduler_0] Waiting for models to be activated: {'model_1': 'activated', 'model_2': 'deactivated', 'model_3': 'deactivated', 'model_4': 'activating', 'model_5': 'activating', 'model_6': 'deactivated'}
[2026-08-21 22:36:20.810 GPU_Scheduler_0] Waiting for models to be activated: {'model_1': 'activated', 'model_2': 'deactivated', 'model_3': 'deactivated', 'model_4': 'activating', 'model_5': 'activating', 'model_6': 'deactivated'}
[2026-08-21 22:36:20.820 GPU_Scheduler_0] Waiting for models to be activated: {'model_1': 'activated', 'model_2': 'deactivated', 'model_3': 'deactivated', 'model_4': 'activating', 'model_5': 'activating', 'model_6': 'deactivated'}
[2026-08-21 22:36:20.831 GPU_Scheduler_0] Waiting for models to be activated: {'model_1': 'activated', 'model_2': 'deactivated', 'model_3': 'deactivated', 'model_4': 'activating', 'model_5': 'activating', 'model_6': 'deactivated'}
[2026-08-21 22:36:20.841 GPU_Scheduler_0] Waiting for models to be activated: {'model_1': 'activated', 'model_2': 'deactivated', 'model_3': 'deactivated', 'model_4': 'activating', 'model_5': 'activating', 'model_6': 'deactivated'}
[2026-08-21 22:36:20.851 GPU_Scheduler_0] Waiting for models to be activated: {'model_1': 'activated', 'model_2': 'deactivated', 'model_3': 'deactivated', 'model_4': 'activating', 'model_5': 'activating', 'model_6': 'deactivated'}
[2026-08-21 22:36:20.861 GPU_Scheduler_0] Waiting for models to be activated: {'model_1': 'activated', 'model_2': 'deactivated', 'model_3': 'deactivated', 'model_4': 'activating', 'model_5': 'activating', 'model_6': 'deactivated'}
[2026-08-21 22:36:20.872 GPU_Scheduler_0] Waiting for models to be activated: {'model_1': 'activated', 'model_2': 'deactivated', 'model_3': 'deactivated', 'model_4': 'activating', 'model_5': 'activating', 'model_6': 'deactivated'}
[2026-08-21 22:36:20.882 GPU_Scheduler_0] Waiting for models to be activated: {'model_1': 'activated', 'model_2': 'deactivated', 'model_3': 'deactivated', 'model_4': 'activating', 'model_5': 'activating', 'model_6': 'deactivated'}
[2026-08-21 22:36:20.892 GPU_Scheduler_0] Waiting for models to be activated: {'model_1': 'activated', 'model_2': 'deactivated', 'model_3': 'deactivated', 'model_4': 'activating', 'model_5': 'activating', 'model_6': 'deactivated'}
[2026-08-21 22:36:20.902 GPU_Scheduler_0] Waiting for models to be activated: {'model_1': 'activated', 'model_2': 'deactivated', 'model_3': 'deactivated', 'model_4': 'activating', 'model_5': 'activating', 'model_6': 'deactivated'}
[2026-08-21 22:36:20.913 GPU_Scheduler_0] Waiting for models to be activated: {'model_1': 'activated', 'model_2': 'deactivated', 'model_3': 'deactivated', 'model_4': 'activating', 'model_5': 'activating', 'model_6': 'deactivated'}
[2026-08-21 22:36:20.923 GPU_Scheduler_0] Waiting for models to be activated: {'model_1': 'activated', 'model_2': 'deactivated', 'model_3': 'deactivated', 'model_4': 'activating', 'model_5': 'activating', 'model_6': 'deactivated'}
[2026-08-21 22:36:20.933 GPU_Scheduler_0] Waiting for models to be activated: {'model_1': 'activated', 'model_2': 'deactivated', 'model_3': 'deactivated', 'model_4': 'activating', 'model_5': 'activating', 'model_6': 'deactivated'}
[2026-08-21 22:36:20.944 GPU_Scheduler_0] Waiting for models to be activated: {'model_1': 'activated', 'model_2': 'deactivated', 'model_3': 'deactivated', 'model_4': 'activating', 'model_5': 'activating', 'model_6': 'deactivated'}
[2026-08-21 22:36:20.954 GPU_Scheduler_0] Waiting for models to be activated: {'model_1': 'activated', 'model_2': 'deactivated', 'model_3': 'deactivated', 'model_4': 'activating', 'model_5': 'activating', 'model_6': 'deactivated'}
[2026-08-21 22:36:20.964 GPU_Scheduler_0] Waiting for models to be activated: {'model_1': 'activated', 'model_2': 'deactivated', 'model_3': 'deactivated', 'model_4': 'activating', 'model_5': 'activating', 'model_6': 'deactivated'}
[2026-08-21 22:36:20.974 GPU_Scheduler_0] Waiting for models to be activated: {'model_1': 'activated', 'model_2': 'deactivated', 'model_3': 'deactivated', 'model_4': 'activating', 'model_5': 'activating', 'model_6': 'deactivated'}
[2026-08-21 22:36:20.985 GPU_Scheduler_0] Waiting for models to be activated: {'model_1': 'activated', 'model_2': 'deactivated', 'model_3': 'deactivated', 'model_4': 'activating', 'model_5': 'activating', 'model_6': 'deactivated'}
[2026-08-21 22:36:20.995 GPU_Scheduler_0] Waiting for models to be activated: {'model_1': 'activated', 'model_2': 'deactivated', 'model_3': 'deactivated', 'model_4': 'activating', 'model_5': 'activating', 'model_6': 'deactivated'}
[2026-08-21 22:36:21.005 GPU_Scheduler_0] Waiting for models to be activated: {'model_1': 'activated', 'model_2': 'deactivated', 'model_3': 'deactivated', 'model_4': 'activating', 'model_5': 'activating', 'model_6': 'deactivated'}
[2026-08-21 22:36:21.015 GPU_Scheduler_0] Waiting for models to be activated: {'model_1': 'activated', 'model_2': 'deactivated', 'model_3': 'deactivated', 'model_4': 'activating', 'model_5': 'activating', 'model_6': 'deactivated'}
[2026-08-21 22:36:21.026 GPU_Scheduler_0] Waiting for models to be activated: {'model_1': 'activated', 'model_2': 'deactivated', 'model_3': 'deactivated', 'model_4': 'activating', 'model_5': 'activating', 'model_6': 'deactivated'}
[2026-08-21 22:36:21.036 GPU_Scheduler_0] Waiting for models to be activated: {'model_1': 'activated', 'model_2': 'deactivated', 'model_3': 'deactivated', 'model_4': 'activating', 'model_5': 'activating', 'model_6': 'deactivated'}
[2026-08-21 22:36:21.046 GPU_Scheduler_0] Waiting for models to be activated: {'model_1': 'activated', 'model_2': 'deactivated', 'model_3': 'deactivated', 'model_4': 'activating', 'model_5': 'activating', 'model_6': 'deactivated'}
[2026-08-21 22:36:21.057 GPU_Scheduler_0] Waiting for models to be activated: {'model_1': 'activated', 'model_2': 'deactivated', 'model_3': 'deactivated', 'model_4': 'activating', 'model_5': 'activating', 'model_6': 'deactivated'}
[2026-08-21 22:36:21.067 GPU_Scheduler_0] Waiting for models to be activated: {'model_1': 'activated', 'model_2': 'deactivated', 'model_3': 'deactivated', 'model_4': 'activating', 'model_5': 'activating', 'model_6': 'deactivated'}
[2026-08-21 22:36:21.077 GPU_Scheduler_0] Waiting for models to be activated: {'model_1': 'activated', 'model_2': 'deactivated', 'model_3': 'deactivated', 'model_4': 'activating', 'model_5': 'activating', 'model_6': 'deactivated'}
[2026-08-21 22:36:21.088 GPU_Scheduler_0] Waiting for models to be activated: {'model_1': 'activated', 'model_2': 'deactivated', 'model_3': 'deactivated', 'model_4': 'activating', 'model_5': 'activating', 'model_6': 'deactivated'}
[2026-08-21 22:36:21.098 GPU_Scheduler_0] Waiting for models to be activated: {'model_1': 'activated', 'model_2': 'deactivated', 'model_3': 'deactivated', 'model_4': 'activating', 'model_5': 'activating', 'model_6': 'deactivated'}
[2026-08-21 22:36:21.109 GPU_Scheduler_0] Waiting for models to be activated: {'model_1': 'activated', 'model_2': 'deactivated', 'model_3': 'deactivated', 'model_4': 'activating', 'model_5': 'activating', 'model_6': 'deactivated'}
[2026-08-21 22:36:21.119 GPU_Scheduler_0] Waiting for models to be activated: {'model_1': 'activated', 'model_2': 'deactivated', 'model_3': 'deactivated', 'model_4': 'activating', 'model_5': 'activating', 'model_6': 'deactivated'}
[2026-08-21 22:36:21.130 GPU_Scheduler_0] Waiting for models to be activated: {'model_1': 'activated', 'model_2': 'deactivated', 'model_3': 'deactivated', 'model_4': 'activating', 'model_5': 'activating', 'model_6': 'deactivated'}
[2026-08-21 22:36:21.140 GPU_Scheduler_0] Waiting for models to be activated: {'model_1': 'activated', 'model_2': 'deactivated', 'model_3': 'deactivated', 'model_4': 'activating', 'model_5': 'activating', 'model_6': 'deactivated'}
[2026-08-21 22:36:21.150 GPU_Scheduler_0] Waiting for models to be activated: {'model_1': 'activated', 'model_2': 'deactivated', 'model_3': 'deactivated', 'model_4': 'activating', 'model_5': 'activating', 'model_6': 'deactivated'}
[2026-08-21 22:36:21.160 GPU_Scheduler_0] Waiting for models to be activated: {'model_1': 'activated', 'model_2': 'deactivated', 'model_3': 'deactivated', 'model_4': 'activating', 'model_5': 'activating', 'model_6': 'deactivated'}
[2026-08-21 22:36:21.171 GPU_Scheduler_0] Waiting for models to be activated: {'model_1': 'activated', 'model_2': 'deactivated', 'model_3': 'deactivated', 'model_4': 'activating', 'model_5': 'activating', 'model_6': 'deactivated'}
[2026-08-21 22:36:21.181 GPU_Scheduler_0] Waiting for models to be activated: {'model_1': 'activated', 'model_2': 'deactivated', 'model_3': 'deactivated', 'model_4': 'activating', 'model_5': 'activating', 'model_6': 'deactivated'}
[2026-08-21 22:36:21.191 GPU_Scheduler_0] Waiting for models to be activated: {'model_1': 'activated', 'model_2': 'deactivated', 'model_3': 'deactivated', 'model_4': 'activating', 'model_5': 'activating', 'model_6': 'deactivated'}
[2026-08-21 22:36:21.201 GPU_Scheduler_0] Waiting for models to be activated: {'model_1': 'activated', 'model_2': 'deactivated', 'model_3': 'deactivated', 'model_4': 'activating', 'model_5': 'activating', 'model_6': 'deactivated'}
[2026-08-21 22:36:21.211 GPU_Scheduler_0] Waiting for models to be activated: {'model_1': 'activated', 'model_2': 'deactivated', 'model_3': 'deactivated', 'model_4': 'activating', 'model_5': 'activating', 'model_6': 'deactivated'}
[2026-08-21 22:36:21.222 GPU_Scheduler_0] Waiting for models to be activated: {'model_1': 'activated', 'model_2': 'deactivated', 'model_3': 'deactivated', 'model_4': 'activating', 'model_5': 'activating', 'model_6': 'deactivated'}
[2026-08-21 22:36:21.232 GPU_Scheduler_0] Waiting for models to be activated: {'model_1': 'activated', 'model_2': 'deactivated', 'model_3': 'deactivated', 'model_4': 'activating', 'model_5': 'activating', 'model_6': 'deactivated'}
[2026-08-21 22:36:21.242 GPU_Scheduler_0] Waiting for models to be activated: {'model_1': 'activated', 'model_2': 'deactivated', 'model_3': 'deactivated', 'model_4': 'activating', 'model_5': 'activating', 'model_6': 'deactivated'}
[2026-08-21 22:36:21.252 GPU_Scheduler_0] Waiting for models to be activated: {'model_1': 'activated', 'model_2': 'deactivated', 'model_3': 'deactivated', 'model_4': 'activating', 'model_5': 'activating', 'model_6': 'deactivated'}
[2026-08-21 22:36:21.263 GPU_Scheduler_0] Waiting for models to be activated: {'model_1': 'activated', 'model_2': 'deactivated', 'model_3': 'deactivated', 'model_4': 'activating', 'model_5': 'activating', 'model_6': 'deactivated'}
[2026-08-21 22:36:21.273 GPU_Scheduler_0] Waiting for models to be activated: {'model_1': 'activated', 'model_2': 'deactivated', 'model_3': 'deactivated', 'model_4': 'activating', 'model_5': 'activating', 'model_6': 'deactivated'}
[2026-08-21 22:36:21.283 GPU_Scheduler_0] Waiting for models to be activated: {'model_1': 'activated', 'model_2': 'deactivated', 'model_3': 'deactivated', 'model_4': 'activating', 'model_5': 'activating', 'model_6': 'deactivated'}
[2026-08-21 22:36:21.294 GPU_Scheduler_0] Waiting for models to be activated: {'model_1': 'activated', 'model_2': 'deactivated', 'model_3': 'deactivated', 'model_4': 'activating', 'model_5': 'activating', 'model_6': 'deactivated'}
[2026-08-21 22:36:21.304 GPU_Scheduler_0] Waiting for models to be activated: {'model_1': 'activated', 'model_2': 'deactivated', 'model_3': 'deactivated', 'model_4': 'activating', 'model_5': 'activating', 'model_6': 'deactivated'}
[2026-08-21 22:36:21.314 GPU_Scheduler_0] Waiting for models to be activated: {'model_1': 'activated', 'model_2': 'deactivated', 'model_3': 'deactivated', 'model_4': 'activating', 'model_5': 'activating', 'model_6': 'deactivated'}
[2026-08-21 22:36:21.325 GPU_Scheduler_0] Waiting for models to be activated: {'model_1': 'activated', 'model_2': 'deactivated', 'model_3': 'deactivated', 'model_4': 'activating', 'model_5': 'activating', 'model_6': 'deactivated'}
[2026-08-21 22:36:21.335 GPU_Scheduler_0] Waiting for models to be activated: {'model_1': 'activated', 'model_2': 'deactivated', 'model_3': 'deactivated', 'model_4': 'activating', 'model_5': 'activating', 'model_6': 'deactivated'}
[2026-08-21 22:36:21.345 GPU_Scheduler_0] Waiting for models to be activated: {'model_1': 'activated', 'model_2': 'deactivated', 'model_3': 'deactivated', 'model_4': 'activating', 'model_5': 'activating', 'model_6': 'deactivated'}
[2026-08-21 22:36:21.355 GPU_Scheduler_0] Waiting for models to be activated: {'model_1': 'activated', 'model_2': 'deactivated', 'model_3': 'deactivated', 'model_4': 'activating', 'model_5': 'activating', 'model_6': 'deactivated'}
[2026-08-21 22:36:21.366 GPU_Scheduler_0] Waiting for models to be activated: {'model_1': 'activated', 'model_2': 'deactivated', 'model_3': 'deactivated', 'model_4': 'activating', 'model_5': 'activating', 'model_6': 'deactivated'}
[2026-08-21 22:36:21.376 GPU_Scheduler_0] Waiting for models to be activated: {'model_1': 'activated', 'model_2': 'deactivated', 'model_3': 'deactivated', 'model_4': 'activating', 'model_5': 'activating', 'model_6': 'deactivated'}
[2026-08-21 22:36:21.386 GPU_Scheduler_0] Waiting for models to be activated: {'model_1': 'activated', 'model_2': 'deactivated', 'model_3': 'deactivated', 'model_4': 'activating', 'model_5': 'activating', 'model_6': 'deactivated'}
[2026-08-21 22:36:21.397 GPU_Scheduler_0] Waiting for models to be activated: {'model_1': 'activated', 'model_2': 'deactivated', 'model_3': 'deactivated', 'model_4': 'activating', 'model_5': 'activating', 'model_6': 'deactivated'}
[2026-08-21 22:36:21.407 GPU_Scheduler_0] Waiting for models to be activated: {'model_1': 'activated', 'model_2': 'deactivated', 'model_3': 'deactivated', 'model_4': 'activating', 'model_5': 'activating', 'model_6': 'deactivated'}
[2026-08-21 22:36:21.417 GPU_Scheduler_0] Waiting for models to be activated: {'model_1': 'activated', 'model_2': 'deactivated', 'model_3': 'deactivated', 'model_4': 'activating', 'model_5': 'activating', 'model_6': 'deactivated'}
[2026-08-21 22:36:21.427 GPU_Scheduler_0] Waiting for models to be activated: {'model_1': 'activated', 'model_2': 'deactivated', 'model_3': 'deactivated', 'model_4': 'activating', 'model_5': 'activating', 'model_6': 'deactivated'}
[2026-08-21 22:36:21.438 GPU_Scheduler_0] Waiting for models to be activated: {'model_1': 'activated', 'model_2': 'deactivated', 'model_3': 'deactivated', 'model_4': 'activating', 'model_5': 'activating', 'model_6': 'deactivated'}
[2026-08-21 22:36:21.448 GPU_Scheduler_0] Waiting for models to be activated: {'model_1': 'activated', 'model_2': 'deactivated', 'model_3': 'deactivated', 'model_4': 'activating', 'model_5': 'activating', 'model_6': 'deactivated'}
[2026-08-21 22:36:21.458 GPU_Scheduler_0] Waiting for models to be activated: {'model_1': 'activated', 'model_2': 'deactivated', 'model_3': 'deactivated', 'model_4': 'activating', 'model_5': 'activating', 'model_6': 'deactivated'}
[2026-08-21 22:36:21.469 GPU_Scheduler_0] Waiting for models to be activated: {'model_1': 'activated', 'model_2': 'deactivated', 'model_3': 'deactivated', 'model_4': 'activating', 'model_5': 'activating', 'model_6': 'deactivated'}
[2026-08-21 22:36:21.479 GPU_Scheduler_0] Waiting for models to be activated: {'model_1': 'activated', 'model_2': 'deactivated', 'model_3': 'deactivated', 'model_4': 'activating', 'model_5': 'activating', 'model_6': 'deactivated'}
[2026-08-21 22:36:21.489 GPU_Scheduler_0] Waiting for models to be activated: {'model_1': 'activated', 'model_2': 'deactivated', 'model_3': 'deactivated', 'model_4': 'activating', 'model_5': 'activating', 'model_6': 'deactivated'}
[2026-08-21 22:36:21.499 GPU_Scheduler_0] Waiting for models to be activated: {'model_1': 'activated', 'model_2': 'deactivated', 'model_3': 'deactivated', 'model_4': 'activating', 'model_5': 'activating', 'model_6': 'deactivated'}
[2026-08-21 22:36:21.510 GPU_Scheduler_0] Waiting for models to be activated: {'model_1': 'activated', 'model_2': 'deactivated', 'model_3': 'deactivated', 'model_4': 'activating', 'model_5': 'activating', 'model_6': 'deactivated'}
[2026-08-21 22:36:21.520 GPU_Scheduler_0] Waiting for models to be activated: {'model_1': 'activated', 'model_2': 'deactivated', 'model_3': 'deactivated', 'model_4': 'activating', 'model_5': 'activating', 'model_6': 'deactivated'}
[2026-08-21 22:36:21.530 GPU_Scheduler_0] Waiting for models to be activated: {'model_1': 'activated', 'model_2': 'deactivated', 'model_3': 'deactivated', 'model_4': 'activating', 'model_5': 'activating', 'model_6': 'deactivated'}
[2026-08-21 22:36:21.541 GPU_Scheduler_0] Waiting for models to be activated: {'model_1': 'activated', 'model_2': 'deactivated', 'model_3': 'deactivated', 'model_4': 'activating', 'model_5': 'activating', 'model_6': 'deactivated'}
[2026-08-21 22:36:21.551 GPU_Scheduler_0] Waiting for models to be activated: {'model_1': 'activated', 'model_2': 'deactivated', 'model_3': 'deactivated', 'model_4': 'activating', 'model_5': 'activating', 'model_6': 'deactivated'}
[2026-08-21 22:36:21.561 GPU_Scheduler_0] Waiting for models to be activated: {'model_1': 'activated', 'model_2': 'deactivated', 'model_3': 'deactivated', 'model_4': 'activating', 'model_5': 'activating', 'model_6': 'deactivated'}
[2026-08-21 22:36:21.571 GPU_Scheduler_0] Waiting for models to be activated: {'model_1': 'activated', 'model_2': 'deactivated', 'model_3': 'deactivated', 'model_4': 'activating', 'model_5': 'activating', 'model_6': 'deactivated'}
[2026-08-21 22:36:21.582 GPU_Scheduler_0] Waiting for models to be activated: {'model_1': 'activated', 'model_2': 'deactivated', 'model_3': 'deactivated', 'model_4': 'activating', 'model_5': 'activating', 'model_6': 'deactivated'}
[2026-08-21 22:36:21.593 GPU_Scheduler_0] Waiting for models to be activated: {'model_1': 'activated', 'model_2': 'deactivated', 'model_3': 'deactivated', 'model_4': 'activating', 'model_5': 'activating', 'model_6': 'deactivated'}
[2026-08-21 22:36:21.603 GPU_Scheduler_0] Waiting for models to be activated: {'model_1': 'activated', 'model_2': 'deactivated', 'model_3': 'deactivated', 'model_4': 'activating', 'model_5': 'activating', 'model_6': 'deactivated'}
[2026-08-21 22:36:21.613 GPU_Scheduler_0] Waiting for models to be activated: {'model_1': 'activated', 'model_2': 'deactivated', 'model_3': 'deactivated', 'model_4': 'activating', 'model_5': 'activating', 'model_6': 'deactivated'}
[2026-08-21 22:36:21.623 GPU_Scheduler_0] Waiting for models to be activated: {'model_1': 'activated', 'model_2': 'deactivated', 'model_3': 'deactivated', 'model_4': 'activating', 'model_5': 'activating', 'model_6': 'deactivated'}
[2026-08-21 22:36:21.634 GPU_Scheduler_0] Waiting for models to be activated: {'model_1': 'activated', 'model_2': 'deactivated', 'model_3': 'deactivated', 'model_4': 'activating', 'model_5': 'activating', 'model_6': 'deactivated'}
[2026-08-21 22:36:21.644 GPU_Scheduler_0] Waiting for models to be activated: {'model_1': 'activated', 'model_2': 'deactivated', 'model_3': 'deactivated', 'model_4': 'activating', 'model_5': 'activating', 'model_6': 'deactivated'}
[2026-08-21 22:36:21.654 GPU_Scheduler_0] Waiting for models to be activated: {'model_1': 'activated', 'model_2': 'deactivated', 'model_3': 'deactivated', 'model_4': 'activating', 'model_5': 'activating', 'model_6': 'deactivated'}
[2026-08-21 22:36:21.665 GPU_Scheduler_0] Model model_4 (instance 0) activation succeeded on GPU 0
[2026-08-21 22:36:21.665 GPU_Scheduler_0] Waiting for models to be activated: {'model_1': 'activated', 'model_2': 'deactivated', 'model_3': 'deactivated', 'model_4': 'activated', 'model_5': 'activating', 'model_6': 'deactivated'}
[2026-08-21 22:36:21.675 GPU_Scheduler_0] Waiting for models to be activated: {'model_1': 'activated', 'model_2': 'deactivated', 'model_3': 'deactivated', 'model_4': 'activated', 'model_5': 'activating', 'model_6': 'deactivated'}
[2026-08-21 22:36:21.686 GPU_Scheduler_0] Waiting for models to be activated: {'model_1': 'activated', 'model_2': 'deactivated', 'model_3': 'deactivated', 'model_4': 'activated', 'model_5': 'activating', 'model_6': 'deactivated'}
[2026-08-21 22:36:21.696 GPU_Scheduler_0] Waiting for models to be activated: {'model_1': 'activated', 'model_2': 'deactivated', 'model_3': 'deactivated', 'model_4': 'activated', 'model_5': 'activating', 'model_6': 'deactivated'}
[2026-08-21 22:36:21.706 GPU_Scheduler_0] Waiting for models to be activated: {'model_1': 'activated', 'model_2': 'deactivated', 'model_3': 'deactivated', 'model_4': 'activated', 'model_5': 'activating', 'model_6': 'deactivated'}
[2026-08-21 22:36:21.716 GPU_Scheduler_0] Waiting for models to be activated: {'model_1': 'activated', 'model_2': 'deactivated', 'model_3': 'deactivated', 'model_4': 'activated', 'model_5': 'activating', 'model_6': 'deactivated'}
[2026-08-21 22:36:21.727 GPU_Scheduler_0] Waiting for models to be activated: {'model_1': 'activated', 'model_2': 'deactivated', 'model_3': 'deactivated', 'model_4': 'activated', 'model_5': 'activating', 'model_6': 'deactivated'}
[2026-08-21 22:36:21.737 GPU_Scheduler_0] Waiting for models to be activated: {'model_1': 'activated', 'model_2': 'deactivated', 'model_3': 'deactivated', 'model_4': 'activated', 'model_5': 'activating', 'model_6': 'deactivated'}
[2026-08-21 22:36:21.747 GPU_Scheduler_0] Waiting for models to be activated: {'model_1': 'activated', 'model_2': 'deactivated', 'model_3': 'deactivated', 'model_4': 'activated', 'model_5': 'activating', 'model_6': 'deactivated'}
[2026-08-21 22:36:21.758 GPU_Scheduler_0] Waiting for models to be activated: {'model_1': 'activated', 'model_2': 'deactivated', 'model_3': 'deactivated', 'model_4': 'activated', 'model_5': 'activating', 'model_6': 'deactivated'}
[2026-08-21 22:36:21.768 GPU_Scheduler_0] Waiting for models to be activated: {'model_1': 'activated', 'model_2': 'deactivated', 'model_3': 'deactivated', 'model_4': 'activated', 'model_5': 'activating', 'model_6': 'deactivated'}
[2026-08-21 22:36:21.779 GPU_Scheduler_0] Waiting for models to be activated: {'model_1': 'activated', 'model_2': 'deactivated', 'model_3': 'deactivated', 'model_4': 'activated', 'model_5': 'activating', 'model_6': 'deactivated'}
[2026-08-21 22:36:21.789 GPU_Scheduler_0] Waiting for models to be activated: {'model_1': 'activated', 'model_2': 'deactivated', 'model_3': 'deactivated', 'model_4': 'activated', 'model_5': 'activating', 'model_6': 'deactivated'}
[2026-08-21 22:36:21.800 GPU_Scheduler_0] Waiting for models to be activated: {'model_1': 'activated', 'model_2': 'deactivated', 'model_3': 'deactivated', 'model_4': 'activated', 'model_5': 'activating', 'model_6': 'deactivated'}
[2026-08-21 22:36:21.810 GPU_Scheduler_0] Waiting for models to be activated: {'model_1': 'activated', 'model_2': 'deactivated', 'model_3': 'deactivated', 'model_4': 'activated', 'model_5': 'activating', 'model_6': 'deactivated'}
[2026-08-21 22:36:21.820 GPU_Scheduler_0] Waiting for models to be activated: {'model_1': 'activated', 'model_2': 'deactivated', 'model_3': 'deactivated', 'model_4': 'activated', 'model_5': 'activating', 'model_6': 'deactivated'}
[2026-08-21 22:36:21.830 GPU_Scheduler_0] Waiting for models to be activated: {'model_1': 'activated', 'model_2': 'deactivated', 'model_3': 'deactivated', 'model_4': 'activated', 'model_5': 'activating', 'model_6': 'deactivated'}
[2026-08-21 22:36:21.841 GPU_Scheduler_0] Waiting for models to be activated: {'model_1': 'activated', 'model_2': 'deactivated', 'model_3': 'deactivated', 'model_4': 'activated', 'model_5': 'activating', 'model_6': 'deactivated'}
[2026-08-21 22:36:21.851 GPU_Scheduler_0] Waiting for models to be activated: {'model_1': 'activated', 'model_2': 'deactivated', 'model_3': 'deactivated', 'model_4': 'activated', 'model_5': 'activating', 'model_6': 'deactivated'}
[2026-08-21 22:36:21.861 GPU_Scheduler_0] Waiting for models to be activated: {'model_1': 'activated', 'model_2': 'deactivated', 'model_3': 'deactivated', 'model_4': 'activated', 'model_5': 'activating', 'model_6': 'deactivated'}
[2026-08-21 22:36:21.871 GPU_Scheduler_0] Waiting for models to be activated: {'model_1': 'activated', 'model_2': 'deactivated', 'model_3': 'deactivated', 'model_4': 'activated', 'model_5': 'activating', 'model_6': 'deactivated'}
[2026-08-21 22:36:21.882 GPU_Scheduler_0] Waiting for models to be activated: {'model_1': 'activated', 'model_2': 'deactivated', 'model_3': 'deactivated', 'model_4': 'activated', 'model_5': 'activating', 'model_6': 'deactivated'}
[2026-08-21 22:36:21.892 GPU_Scheduler_0] Waiting for models to be activated: {'model_1': 'activated', 'model_2': 'deactivated', 'model_3': 'deactivated', 'model_4': 'activated', 'model_5': 'activating', 'model_6': 'deactivated'}
[2026-08-21 22:36:21.902 GPU_Scheduler_0] Waiting for models to be activated: {'model_1': 'activated', 'model_2': 'deactivated', 'model_3': 'deactivated', 'model_4': 'activated', 'model_5': 'activating', 'model_6': 'deactivated'}
[2026-08-21 22:36:21.913 GPU_Scheduler_0] Waiting for models to be activated: {'model_1': 'activated', 'model_2': 'deactivated', 'model_3': 'deactivated', 'model_4': 'activated', 'model_5': 'activating', 'model_6': 'deactivated'}
[2026-08-21 22:36:21.923 GPU_Scheduler_0] Waiting for models to be activated: {'model_1': 'activated', 'model_2': 'deactivated', 'model_3': 'deactivated', 'model_4': 'activated', 'model_5': 'activating', 'model_6': 'deactivated'}
[2026-08-21 22:36:21.933 GPU_Scheduler_0] Waiting for models to be activated: {'model_1': 'activated', 'model_2': 'deactivated', 'model_3': 'deactivated', 'model_4': 'activated', 'model_5': 'activating', 'model_6': 'deactivated'}
[2026-08-21 22:36:21.943 GPU_Scheduler_0] Waiting for models to be activated: {'model_1': 'activated', 'model_2': 'deactivated', 'model_3': 'deactivated', 'model_4': 'activated', 'model_5': 'activating', 'model_6': 'deactivated'}
[2026-08-21 22:36:21.954 GPU_Scheduler_0] Waiting for models to be activated: {'model_1': 'activated', 'model_2': 'deactivated', 'model_3': 'deactivated', 'model_4': 'activated', 'model_5': 'activating', 'model_6': 'deactivated'}
[2026-08-21 22:36:21.964 GPU_Scheduler_0] Waiting for models to be activated: {'model_1': 'activated', 'model_2': 'deactivated', 'model_3': 'deactivated', 'model_4': 'activated', 'model_5': 'activating', 'model_6': 'deactivated'}
[2026-08-21 22:36:21.974 GPU_Scheduler_0] Waiting for models to be activated: {'model_1': 'activated', 'model_2': 'deactivated', 'model_3': 'deactivated', 'model_4': 'activated', 'model_5': 'activating', 'model_6': 'deactivated'}
[2026-08-21 22:36:21.984 GPU_Scheduler_0] Waiting for models to be activated: {'model_1': 'activated', 'model_2': 'deactivated', 'model_3': 'deactivated', 'model_4': 'activated', 'model_5': 'activating', 'model_6': 'deactivated'}
[2026-08-21 22:36:21.995 GPU_Scheduler_0] Waiting for models to be activated: {'model_1': 'activated', 'model_2': 'deactivated', 'model_3': 'deactivated', 'model_4': 'activated', 'model_5': 'activating', 'model_6': 'deactivated'}
[2026-08-21 22:36:22.005 GPU_Scheduler_0] Waiting for models to be activated: {'model_1': 'activated', 'model_2': 'deactivated', 'model_3': 'deactivated', 'model_4': 'activated', 'model_5': 'activating', 'model_6': 'deactivated'}
[2026-08-21 22:36:22.016 GPU_Scheduler_0] Model model_5 (instance 0) activation succeeded on GPU 0
[2026-08-21 22:36:27.024 GPU_Scheduler_0] [V5-LOOP] {"iters": 465, "t_mem": 0.007291116053238511, "t_redis": 0.31517333211377263, "t_admit": 0.003305476624518633, "t_send": 0.00039924471639096737, "t_iter": 0.32616916950792074, "admitted": 0, "iter_max": 0.002575976075604558, "gpu_id": 0, "window_s": 5.007562160491943}
[2026-08-21 22:36:29.749 GPU_Scheduler_1] starting GPU scheduler for GPU 1
[2026-08-21 22:36:29.752 GPU_Scheduler_1] [PAPER-ALG2] enabled=True prefill_speed_entries=6 log=/workspace/prism-merge/exp/results/final-prototype-vs-paper-faithful/raw/armC-final-overlap/raw/paper-faithful-v6/bursty/rate_20/seed_1/server-logs/server.log.alg2_gpu1.jsonl
[2026-08-21 22:36:29.753 GPU_Scheduler_1] Model states init: {'model_1': 'deactivated', 'model_2': 'deactivated', 'model_3': 'deactivated', 'model_4': 'deactivated', 'model_5': 'deactivated', 'model_6': 'deactivated'}
[2026-08-21 22:36:29.753 GPU_Scheduler_1] [PAPER-TP] WorkerPool gpu=1 owned=[0, 1, 2, 3] shadow=[] {0: 1, 1: 1, 2: 1, 3: 1}
[2026-08-21 22:36:30.277 GPU_Scheduler_1] Assign worker 0 to model_2. Current model_to_worker: {'model_2': 0}
[2026-08-21 22:36:30.278 GPU_Scheduler_1] Assign worker 1 to model_3. Current model_to_worker: {'model_2': 0, 'model_3': 1}
[2026-08-21 22:36:30.278 GPU_Scheduler_1] Assign worker 2 to model_6. Current model_to_worker: {'model_2': 0, 'model_3': 1, 'model_6': 2}
[2026-08-21 22:36:30.280 GPU_Scheduler_1] Waiting for models to be activated: {'model_1': 'deactivated', 'model_2': 'activating', 'model_3': 'activating', 'model_4': 'deactivated', 'model_5': 'deactivated', 'model_6': 'activating'}
[2026-08-21 22:36:30.291 GPU_Scheduler_1] Waiting for models to be activated: {'model_1': 'deactivated', 'model_2': 'activating', 'model_3': 'activating', 'model_4': 'deactivated', 'model_5': 'deactivated', 'model_6': 'activating'}
[2026-08-21 22:36:30.301 GPU_Scheduler_1] Waiting for models to be activated: {'model_1': 'deactivated', 'model_2': 'activating', 'model_3': 'activating', 'model_4': 'deactivated', 'model_5': 'deactivated', 'model_6': 'activating'}
[2026-08-21 22:36:30.312 GPU_Scheduler_1] Waiting for models to be activated: {'model_1': 'deactivated', 'model_2': 'activating', 'model_3': 'activating', 'model_4': 'deactivated', 'model_5': 'deactivated', 'model_6': 'activating'}
[2026-08-21 22:36:30.322 GPU_Scheduler_1] Waiting for models to be activated: {'model_1': 'deactivated', 'model_2': 'activating', 'model_3': 'activating', 'model_4': 'deactivated', 'model_5': 'deactivated', 'model_6': 'activating'}
[2026-08-21 22:36:30.332 GPU_Scheduler_1] Waiting for models to be activated: {'model_1': 'deactivated', 'model_2': 'activating', 'model_3': 'activating', 'model_4': 'deactivated', 'model_5': 'deactivated', 'model_6': 'activating'}
[2026-08-21 22:36:30.342 GPU_Scheduler_1] Waiting for models to be activated: {'model_1': 'deactivated', 'model_2': 'activating', 'model_3': 'activating', 'model_4': 'deactivated', 'model_5': 'deactivated', 'model_6': 'activating'}
[2026-08-21 22:36:30.353 GPU_Scheduler_1] Waiting for models to be activated: {'model_1': 'deactivated', 'model_2': 'activating', 'model_3': 'activating', 'model_4': 'deactivated', 'model_5': 'deactivated', 'model_6': 'activating'}
[2026-08-21 22:36:30.363 GPU_Scheduler_1] Waiting for models to be activated: {'model_1': 'deactivated', 'model_2': 'activating', 'model_3': 'activating', 'model_4': 'deactivated', 'model_5': 'deactivated', 'model_6': 'activating'}
[2026-08-21 22:36:30.373 GPU_Scheduler_1] Waiting for models to be activated: {'model_1': 'deactivated', 'model_2': 'activating', 'model_3': 'activating', 'model_4': 'deactivated', 'model_5': 'deactivated', 'model_6': 'activating'}
[2026-08-21 22:36:30.383 GPU_Scheduler_1] Waiting for models to be activated: {'model_1': 'deactivated', 'model_2': 'activating', 'model_3': 'activating', 'model_4': 'deactivated', 'model_5': 'deactivated', 'model_6': 'activating'}
[2026-08-21 22:36:30.393 GPU_Scheduler_1] Waiting for models to be activated: {'model_1': 'deactivated', 'model_2': 'activating', 'model_3': 'activating', 'model_4': 'deactivated', 'model_5': 'deactivated', 'model_6': 'activating'}
[2026-08-21 22:36:30.404 GPU_Scheduler_1] Waiting for models to be activated: {'model_1': 'deactivated', 'model_2': 'activating', 'model_3': 'activating', 'model_4': 'deactivated', 'model_5': 'deactivated', 'model_6': 'activating'}
[2026-08-21 22:36:30.414 GPU_Scheduler_1] Waiting for models to be activated: {'model_1': 'deactivated', 'model_2': 'activating', 'model_3': 'activating', 'model_4': 'deactivated', 'model_5': 'deactivated', 'model_6': 'activating'}
[2026-08-21 22:36:30.424 GPU_Scheduler_1] Waiting for models to be activated: {'model_1': 'deactivated', 'model_2': 'activating', 'model_3': 'activating', 'model_4': 'deactivated', 'model_5': 'deactivated', 'model_6': 'activating'}
[2026-08-21 22:36:30.435 GPU_Scheduler_1] Waiting for models to be activated: {'model_1': 'deactivated', 'model_2': 'activating', 'model_3': 'activating', 'model_4': 'deactivated', 'model_5': 'deactivated', 'model_6': 'activating'}
[2026-08-21 22:36:30.445 GPU_Scheduler_1] Waiting for models to be activated: {'model_1': 'deactivated', 'model_2': 'activating', 'model_3': 'activating', 'model_4': 'deactivated', 'model_5': 'deactivated', 'model_6': 'activating'}
[2026-08-21 22:36:30.456 GPU_Scheduler_1] Waiting for models to be activated: {'model_1': 'deactivated', 'model_2': 'activating', 'model_3': 'activating', 'model_4': 'deactivated', 'model_5': 'deactivated', 'model_6': 'activating'}
[2026-08-21 22:36:30.466 GPU_Scheduler_1] Waiting for models to be activated: {'model_1': 'deactivated', 'model_2': 'activating', 'model_3': 'activating', 'model_4': 'deactivated', 'model_5': 'deactivated', 'model_6': 'activating'}
[2026-08-21 22:36:30.476 GPU_Scheduler_1] Waiting for models to be activated: {'model_1': 'deactivated', 'model_2': 'activating', 'model_3': 'activating', 'model_4': 'deactivated', 'model_5': 'deactivated', 'model_6': 'activating'}
[2026-08-21 22:36:30.486 GPU_Scheduler_1] Waiting for models to be activated: {'model_1': 'deactivated', 'model_2': 'activating', 'model_3': 'activating', 'model_4': 'deactivated', 'model_5': 'deactivated', 'model_6': 'activating'}
[2026-08-21 22:36:30.497 GPU_Scheduler_1] Waiting for models to be activated: {'model_1': 'deactivated', 'model_2': 'activating', 'model_3': 'activating', 'model_4': 'deactivated', 'model_5': 'deactivated', 'model_6': 'activating'}
[2026-08-21 22:36:30.507 GPU_Scheduler_1] Waiting for models to be activated: {'model_1': 'deactivated', 'model_2': 'activating', 'model_3': 'activating', 'model_4': 'deactivated', 'model_5': 'deactivated', 'model_6': 'activating'}
[2026-08-21 22:36:30.517 GPU_Scheduler_1] Waiting for models to be activated: {'model_1': 'deactivated', 'model_2': 'activating', 'model_3': 'activating', 'model_4': 'deactivated', 'model_5': 'deactivated', 'model_6': 'activating'}
[2026-08-21 22:36:30.528 GPU_Scheduler_1] Waiting for models to be activated: {'model_1': 'deactivated', 'model_2': 'activating', 'model_3': 'activating', 'model_4': 'deactivated', 'model_5': 'deactivated', 'model_6': 'activating'}
[2026-08-21 22:36:30.538 GPU_Scheduler_1] Waiting for models to be activated: {'model_1': 'deactivated', 'model_2': 'activating', 'model_3': 'activating', 'model_4': 'deactivated', 'model_5': 'deactivated', 'model_6': 'activating'}
[2026-08-21 22:36:30.549 GPU_Scheduler_1] Waiting for models to be activated: {'model_1': 'deactivated', 'model_2': 'activating', 'model_3': 'activating', 'model_4': 'deactivated', 'model_5': 'deactivated', 'model_6': 'activating'}
[2026-08-21 22:36:30.559 GPU_Scheduler_1] Waiting for models to be activated: {'model_1': 'deactivated', 'model_2': 'activating', 'model_3': 'activating', 'model_4': 'deactivated', 'model_5': 'deactivated', 'model_6': 'activating'}
[2026-08-21 22:36:30.569 GPU_Scheduler_1] Waiting for models to be activated: {'model_1': 'deactivated', 'model_2': 'activating', 'model_3': 'activating', 'model_4': 'deactivated', 'model_5': 'deactivated', 'model_6': 'activating'}
[2026-08-21 22:36:30.580 GPU_Scheduler_1] Waiting for models to be activated: {'model_1': 'deactivated', 'model_2': 'activating', 'model_3': 'activating', 'model_4': 'deactivated', 'model_5': 'deactivated', 'model_6': 'activating'}
[2026-08-21 22:36:30.590 GPU_Scheduler_1] Waiting for models to be activated: {'model_1': 'deactivated', 'model_2': 'activating', 'model_3': 'activating', 'model_4': 'deactivated', 'model_5': 'deactivated', 'model_6': 'activating'}
[2026-08-21 22:36:30.601 GPU_Scheduler_1] Waiting for models to be activated: {'model_1': 'deactivated', 'model_2': 'activating', 'model_3': 'activating', 'model_4': 'deactivated', 'model_5': 'deactivated', 'model_6': 'activating'}
[2026-08-21 22:36:30.611 GPU_Scheduler_1] Waiting for models to be activated: {'model_1': 'deactivated', 'model_2': 'activating', 'model_3': 'activating', 'model_4': 'deactivated', 'model_5': 'deactivated', 'model_6': 'activating'}
[2026-08-21 22:36:30.621 GPU_Scheduler_1] Waiting for models to be activated: {'model_1': 'deactivated', 'model_2': 'activating', 'model_3': 'activating', 'model_4': 'deactivated', 'model_5': 'deactivated', 'model_6': 'activating'}
[2026-08-21 22:36:30.632 GPU_Scheduler_1] Waiting for models to be activated: {'model_1': 'deactivated', 'model_2': 'activating', 'model_3': 'activating', 'model_4': 'deactivated', 'model_5': 'deactivated', 'model_6': 'activating'}
[2026-08-21 22:36:30.642 GPU_Scheduler_1] Waiting for models to be activated: {'model_1': 'deactivated', 'model_2': 'activating', 'model_3': 'activating', 'model_4': 'deactivated', 'model_5': 'deactivated', 'model_6': 'activating'}
[2026-08-21 22:36:30.653 GPU_Scheduler_1] Waiting for models to be activated: {'model_1': 'deactivated', 'model_2': 'activating', 'model_3': 'activating', 'model_4': 'deactivated', 'model_5': 'deactivated', 'model_6': 'activating'}
[2026-08-21 22:36:30.663 GPU_Scheduler_1] Waiting for models to be activated: {'model_1': 'deactivated', 'model_2': 'activating', 'model_3': 'activating', 'model_4': 'deactivated', 'model_5': 'deactivated', 'model_6': 'activating'}
[2026-08-21 22:36:30.673 GPU_Scheduler_1] Waiting for models to be activated: {'model_1': 'deactivated', 'model_2': 'activating', 'model_3': 'activating', 'model_4': 'deactivated', 'model_5': 'deactivated', 'model_6': 'activating'}
[2026-08-21 22:36:30.684 GPU_Scheduler_1] Waiting for models to be activated: {'model_1': 'deactivated', 'model_2': 'activating', 'model_3': 'activating', 'model_4': 'deactivated', 'model_5': 'deactivated', 'model_6': 'activating'}
[2026-08-21 22:36:30.694 GPU_Scheduler_1] Waiting for models to be activated: {'model_1': 'deactivated', 'model_2': 'activating', 'model_3': 'activating', 'model_4': 'deactivated', 'model_5': 'deactivated', 'model_6': 'activating'}
[2026-08-21 22:36:30.704 GPU_Scheduler_1] Waiting for models to be activated: {'model_1': 'deactivated', 'model_2': 'activating', 'model_3': 'activating', 'model_4': 'deactivated', 'model_5': 'deactivated', 'model_6': 'activating'}
[2026-08-21 22:36:30.715 GPU_Scheduler_1] Waiting for models to be activated: {'model_1': 'deactivated', 'model_2': 'activating', 'model_3': 'activating', 'model_4': 'deactivated', 'model_5': 'deactivated', 'model_6': 'activating'}
[2026-08-21 22:36:30.725 GPU_Scheduler_1] Waiting for models to be activated: {'model_1': 'deactivated', 'model_2': 'activating', 'model_3': 'activating', 'model_4': 'deactivated', 'model_5': 'deactivated', 'model_6': 'activating'}
[2026-08-21 22:36:30.735 GPU_Scheduler_1] Waiting for models to be activated: {'model_1': 'deactivated', 'model_2': 'activating', 'model_3': 'activating', 'model_4': 'deactivated', 'model_5': 'deactivated', 'model_6': 'activating'}
[2026-08-21 22:36:30.746 GPU_Scheduler_1] Waiting for models to be activated: {'model_1': 'deactivated', 'model_2': 'activating', 'model_3': 'activating', 'model_4': 'deactivated', 'model_5': 'deactivated', 'model_6': 'activating'}
[2026-08-21 22:36:30.756 GPU_Scheduler_1] Waiting for models to be activated: {'model_1': 'deactivated', 'model_2': 'activating', 'model_3': 'activating', 'model_4': 'deactivated', 'model_5': 'deactivated', 'model_6': 'activating'}
[2026-08-21 22:36:30.767 GPU_Scheduler_1] Waiting for models to be activated: {'model_1': 'deactivated', 'model_2': 'activating', 'model_3': 'activating', 'model_4': 'deactivated', 'model_5': 'deactivated', 'model_6': 'activating'}
[2026-08-21 22:36:30.777 GPU_Scheduler_1] Waiting for models to be activated: {'model_1': 'deactivated', 'model_2': 'activating', 'model_3': 'activating', 'model_4': 'deactivated', 'model_5': 'deactivated', 'model_6': 'activating'}
[2026-08-21 22:36:30.788 GPU_Scheduler_1] Waiting for models to be activated: {'model_1': 'deactivated', 'model_2': 'activating', 'model_3': 'activating', 'model_4': 'deactivated', 'model_5': 'deactivated', 'model_6': 'activating'}
[2026-08-21 22:36:30.798 GPU_Scheduler_1] Waiting for models to be activated: {'model_1': 'deactivated', 'model_2': 'activating', 'model_3': 'activating', 'model_4': 'deactivated', 'model_5': 'deactivated', 'model_6': 'activating'}
[2026-08-21 22:36:30.808 GPU_Scheduler_1] Waiting for models to be activated: {'model_1': 'deactivated', 'model_2': 'activating', 'model_3': 'activating', 'model_4': 'deactivated', 'model_5': 'deactivated', 'model_6': 'activating'}
[2026-08-21 22:36:30.819 GPU_Scheduler_1] Waiting for models to be activated: {'model_1': 'deactivated', 'model_2': 'activating', 'model_3': 'activating', 'model_4': 'deactivated', 'model_5': 'deactivated', 'model_6': 'activating'}
[2026-08-21 22:36:30.829 GPU_Scheduler_1] Waiting for models to be activated: {'model_1': 'deactivated', 'model_2': 'activating', 'model_3': 'activating', 'model_4': 'deactivated', 'model_5': 'deactivated', 'model_6': 'activating'}
[2026-08-21 22:36:30.840 GPU_Scheduler_1] Waiting for models to be activated: {'model_1': 'deactivated', 'model_2': 'activating', 'model_3': 'activating', 'model_4': 'deactivated', 'model_5': 'deactivated', 'model_6': 'activating'}
[2026-08-21 22:36:30.850 GPU_Scheduler_1] Waiting for models to be activated: {'model_1': 'deactivated', 'model_2': 'activating', 'model_3': 'activating', 'model_4': 'deactivated', 'model_5': 'deactivated', 'model_6': 'activating'}
[2026-08-21 22:36:30.861 GPU_Scheduler_1] Waiting for models to be activated: {'model_1': 'deactivated', 'model_2': 'activating', 'model_3': 'activating', 'model_4': 'deactivated', 'model_5': 'deactivated', 'model_6': 'activating'}
[2026-08-21 22:36:30.871 GPU_Scheduler_1] Waiting for models to be activated: {'model_1': 'deactivated', 'model_2': 'activating', 'model_3': 'activating', 'model_4': 'deactivated', 'model_5': 'deactivated', 'model_6': 'activating'}
[2026-08-21 22:36:30.882 GPU_Scheduler_1] Waiting for models to be activated: {'model_1': 'deactivated', 'model_2': 'activating', 'model_3': 'activating', 'model_4': 'deactivated', 'model_5': 'deactivated', 'model_6': 'activating'}
[2026-08-21 22:36:30.892 GPU_Scheduler_1] Waiting for models to be activated: {'model_1': 'deactivated', 'model_2': 'activating', 'model_3': 'activating', 'model_4': 'deactivated', 'model_5': 'deactivated', 'model_6': 'activating'}
[2026-08-21 22:36:30.903 GPU_Scheduler_1] Waiting for models to be activated: {'model_1': 'deactivated', 'model_2': 'activating', 'model_3': 'activating', 'model_4': 'deactivated', 'model_5': 'deactivated', 'model_6': 'activating'}
[2026-08-21 22:36:30.913 GPU_Scheduler_1] Waiting for models to be activated: {'model_1': 'deactivated', 'model_2': 'activating', 'model_3': 'activating', 'model_4': 'deactivated', 'model_5': 'deactivated', 'model_6': 'activating'}
[2026-08-21 22:36:30.924 GPU_Scheduler_1] Waiting for models to be activated: {'model_1': 'deactivated', 'model_2': 'activating', 'model_3': 'activating', 'model_4': 'deactivated', 'model_5': 'deactivated', 'model_6': 'activating'}
[2026-08-21 22:36:30.934 GPU_Scheduler_1] Waiting for models to be activated: {'model_1': 'deactivated', 'model_2': 'activating', 'model_3': 'activating', 'model_4': 'deactivated', 'model_5': 'deactivated', 'model_6': 'activating'}
[2026-08-21 22:36:30.944 GPU_Scheduler_1] Waiting for models to be activated: {'model_1': 'deactivated', 'model_2': 'activating', 'model_3': 'activating', 'model_4': 'deactivated', 'model_5': 'deactivated', 'model_6': 'activating'}
[2026-08-21 22:36:30.955 GPU_Scheduler_1] Waiting for models to be activated: {'model_1': 'deactivated', 'model_2': 'activating', 'model_3': 'activating', 'model_4': 'deactivated', 'model_5': 'deactivated', 'model_6': 'activating'}
[2026-08-21 22:36:30.965 GPU_Scheduler_1] Waiting for models to be activated: {'model_1': 'deactivated', 'model_2': 'activating', 'model_3': 'activating', 'model_4': 'deactivated', 'model_5': 'deactivated', 'model_6': 'activating'}
[2026-08-21 22:36:30.975 GPU_Scheduler_1] Waiting for models to be activated: {'model_1': 'deactivated', 'model_2': 'activating', 'model_3': 'activating', 'model_4': 'deactivated', 'model_5': 'deactivated', 'model_6': 'activating'}
[2026-08-21 22:36:30.986 GPU_Scheduler_1] Waiting for models to be activated: {'model_1': 'deactivated', 'model_2': 'activating', 'model_3': 'activating', 'model_4': 'deactivated', 'model_5': 'deactivated', 'model_6': 'activating'}
[2026-08-21 22:36:30.996 GPU_Scheduler_1] Waiting for models to be activated: {'model_1': 'deactivated', 'model_2': 'activating', 'model_3': 'activating', 'model_4': 'deactivated', 'model_5': 'deactivated', 'model_6': 'activating'}
[2026-08-21 22:36:31.007 GPU_Scheduler_1] Waiting for models to be activated: {'model_1': 'deactivated', 'model_2': 'activating', 'model_3': 'activating', 'model_4': 'deactivated', 'model_5': 'deactivated', 'model_6': 'activating'}
[2026-08-21 22:36:31.017 GPU_Scheduler_1] Waiting for models to be activated: {'model_1': 'deactivated', 'model_2': 'activating', 'model_3': 'activating', 'model_4': 'deactivated', 'model_5': 'deactivated', 'model_6': 'activating'}
[2026-08-21 22:36:31.027 GPU_Scheduler_1] Waiting for models to be activated: {'model_1': 'deactivated', 'model_2': 'activating', 'model_3': 'activating', 'model_4': 'deactivated', 'model_5': 'deactivated', 'model_6': 'activating'}
[2026-08-21 22:36:31.038 GPU_Scheduler_1] Waiting for models to be activated: {'model_1': 'deactivated', 'model_2': 'activating', 'model_3': 'activating', 'model_4': 'deactivated', 'model_5': 'deactivated', 'model_6': 'activating'}
[2026-08-21 22:36:31.048 GPU_Scheduler_1] Waiting for models to be activated: {'model_1': 'deactivated', 'model_2': 'activating', 'model_3': 'activating', 'model_4': 'deactivated', 'model_5': 'deactivated', 'model_6': 'activating'}
[2026-08-21 22:36:31.058 GPU_Scheduler_1] Waiting for models to be activated: {'model_1': 'deactivated', 'model_2': 'activating', 'model_3': 'activating', 'model_4': 'deactivated', 'model_5': 'deactivated', 'model_6': 'activating'}
[2026-08-21 22:36:31.069 GPU_Scheduler_1] Waiting for models to be activated: {'model_1': 'deactivated', 'model_2': 'activating', 'model_3': 'activating', 'model_4': 'deactivated', 'model_5': 'deactivated', 'model_6': 'activating'}
[2026-08-21 22:36:31.079 GPU_Scheduler_1] Waiting for models to be activated: {'model_1': 'deactivated', 'model_2': 'activating', 'model_3': 'activating', 'model_4': 'deactivated', 'model_5': 'deactivated', 'model_6': 'activating'}
[2026-08-21 22:36:31.089 GPU_Scheduler_1] Waiting for models to be activated: {'model_1': 'deactivated', 'model_2': 'activating', 'model_3': 'activating', 'model_4': 'deactivated', 'model_5': 'deactivated', 'model_6': 'activating'}
[2026-08-21 22:36:31.100 GPU_Scheduler_1] Waiting for models to be activated: {'model_1': 'deactivated', 'model_2': 'activating', 'model_3': 'activating', 'model_4': 'deactivated', 'model_5': 'deactivated', 'model_6': 'activating'}
[2026-08-21 22:36:31.110 GPU_Scheduler_1] Waiting for models to be activated: {'model_1': 'deactivated', 'model_2': 'activating', 'model_3': 'activating', 'model_4': 'deactivated', 'model_5': 'deactivated', 'model_6': 'activating'}
[2026-08-21 22:36:31.120 GPU_Scheduler_1] Waiting for models to be activated: {'model_1': 'deactivated', 'model_2': 'activating', 'model_3': 'activating', 'model_4': 'deactivated', 'model_5': 'deactivated', 'model_6': 'activating'}
[2026-08-21 22:36:31.130 GPU_Scheduler_1] Waiting for models to be activated: {'model_1': 'deactivated', 'model_2': 'activating', 'model_3': 'activating', 'model_4': 'deactivated', 'model_5': 'deactivated', 'model_6': 'activating'}
[2026-08-21 22:36:31.141 GPU_Scheduler_1] Waiting for models to be activated: {'model_1': 'deactivated', 'model_2': 'activating', 'model_3': 'activating', 'model_4': 'deactivated', 'model_5': 'deactivated', 'model_6': 'activating'}
[2026-08-21 22:36:31.151 GPU_Scheduler_1] Waiting for models to be activated: {'model_1': 'deactivated', 'model_2': 'activating', 'model_3': 'activating', 'model_4': 'deactivated', 'model_5': 'deactivated', 'model_6': 'activating'}
[2026-08-21 22:36:31.161 GPU_Scheduler_1] Waiting for models to be activated: {'model_1': 'deactivated', 'model_2': 'activating', 'model_3': 'activating', 'model_4': 'deactivated', 'model_5': 'deactivated', 'model_6': 'activating'}
[2026-08-21 22:36:31.172 GPU_Scheduler_1] Waiting for models to be activated: {'model_1': 'deactivated', 'model_2': 'activating', 'model_3': 'activating', 'model_4': 'deactivated', 'model_5': 'deactivated', 'model_6': 'activating'}
[2026-08-21 22:36:31.182 GPU_Scheduler_1] Waiting for models to be activated: {'model_1': 'deactivated', 'model_2': 'activating', 'model_3': 'activating', 'model_4': 'deactivated', 'model_5': 'deactivated', 'model_6': 'activating'}
[2026-08-21 22:36:31.192 GPU_Scheduler_1] Waiting for models to be activated: {'model_1': 'deactivated', 'model_2': 'activating', 'model_3': 'activating', 'model_4': 'deactivated', 'model_5': 'deactivated', 'model_6': 'activating'}
[2026-08-21 22:36:31.202 GPU_Scheduler_1] Waiting for models to be activated: {'model_1': 'deactivated', 'model_2': 'activating', 'model_3': 'activating', 'model_4': 'deactivated', 'model_5': 'deactivated', 'model_6': 'activating'}
[2026-08-21 22:36:31.213 GPU_Scheduler_1] Waiting for models to be activated: {'model_1': 'deactivated', 'model_2': 'activating', 'model_3': 'activating', 'model_4': 'deactivated', 'model_5': 'deactivated', 'model_6': 'activating'}
[2026-08-21 22:36:31.223 GPU_Scheduler_1] Waiting for models to be activated: {'model_1': 'deactivated', 'model_2': 'activating', 'model_3': 'activating', 'model_4': 'deactivated', 'model_5': 'deactivated', 'model_6': 'activating'}
[2026-08-21 22:36:31.233 GPU_Scheduler_1] Waiting for models to be activated: {'model_1': 'deactivated', 'model_2': 'activating', 'model_3': 'activating', 'model_4': 'deactivated', 'model_5': 'deactivated', 'model_6': 'activating'}
[2026-08-21 22:36:31.244 GPU_Scheduler_1] Waiting for models to be activated: {'model_1': 'deactivated', 'model_2': 'activating', 'model_3': 'activating', 'model_4': 'deactivated', 'model_5': 'deactivated', 'model_6': 'activating'}
[2026-08-21 22:36:31.254 GPU_Scheduler_1] Waiting for models to be activated: {'model_1': 'deactivated', 'model_2': 'activating', 'model_3': 'activating', 'model_4': 'deactivated', 'model_5': 'deactivated', 'model_6': 'activating'}
[2026-08-21 22:36:31.264 GPU_Scheduler_1] Waiting for models to be activated: {'model_1': 'deactivated', 'model_2': 'activating', 'model_3': 'activating', 'model_4': 'deactivated', 'model_5': 'deactivated', 'model_6': 'activating'}
[2026-08-21 22:36:31.274 GPU_Scheduler_1] Waiting for models to be activated: {'model_1': 'deactivated', 'model_2': 'activating', 'model_3': 'activating', 'model_4': 'deactivated', 'model_5': 'deactivated', 'model_6': 'activating'}
[2026-08-21 22:36:31.285 GPU_Scheduler_1] Waiting for models to be activated: {'model_1': 'deactivated', 'model_2': 'activating', 'model_3': 'activating', 'model_4': 'deactivated', 'model_5': 'deactivated', 'model_6': 'activating'}
[2026-08-21 22:36:31.295 GPU_Scheduler_1] Waiting for models to be activated: {'model_1': 'deactivated', 'model_2': 'activating', 'model_3': 'activating', 'model_4': 'deactivated', 'model_5': 'deactivated', 'model_6': 'activating'}
[2026-08-21 22:36:31.305 GPU_Scheduler_1] Waiting for models to be activated: {'model_1': 'deactivated', 'model_2': 'activating', 'model_3': 'activating', 'model_4': 'deactivated', 'model_5': 'deactivated', 'model_6': 'activating'}
[2026-08-21 22:36:31.316 GPU_Scheduler_1] Waiting for models to be activated: {'model_1': 'deactivated', 'model_2': 'activating', 'model_3': 'activating', 'model_4': 'deactivated', 'model_5': 'deactivated', 'model_6': 'activating'}
[2026-08-21 22:36:31.326 GPU_Scheduler_1] Waiting for models to be activated: {'model_1': 'deactivated', 'model_2': 'activating', 'model_3': 'activating', 'model_4': 'deactivated', 'model_5': 'deactivated', 'model_6': 'activating'}
[2026-08-21 22:36:31.336 GPU_Scheduler_1] Waiting for models to be activated: {'model_1': 'deactivated', 'model_2': 'activating', 'model_3': 'activating', 'model_4': 'deactivated', 'model_5': 'deactivated', 'model_6': 'activating'}
[2026-08-21 22:36:31.346 GPU_Scheduler_1] Waiting for models to be activated: {'model_1': 'deactivated', 'model_2': 'activating', 'model_3': 'activating', 'model_4': 'deactivated', 'model_5': 'deactivated', 'model_6': 'activating'}
[2026-08-21 22:36:31.357 GPU_Scheduler_1] Waiting for models to be activated: {'model_1': 'deactivated', 'model_2': 'activating', 'model_3': 'activating', 'model_4': 'deactivated', 'model_5': 'deactivated', 'model_6': 'activating'}
[2026-08-21 22:36:31.367 GPU_Scheduler_1] Waiting for models to be activated: {'model_1': 'deactivated', 'model_2': 'activating', 'model_3': 'activating', 'model_4': 'deactivated', 'model_5': 'deactivated', 'model_6': 'activating'}
[2026-08-21 22:36:31.377 GPU_Scheduler_1] Waiting for models to be activated: {'model_1': 'deactivated', 'model_2': 'activating', 'model_3': 'activating', 'model_4': 'deactivated', 'model_5': 'deactivated', 'model_6': 'activating'}
[2026-08-21 22:36:31.388 GPU_Scheduler_1] Waiting for models to be activated: {'model_1': 'deactivated', 'model_2': 'activating', 'model_3': 'activating', 'model_4': 'deactivated', 'model_5': 'deactivated', 'model_6': 'activating'}
[2026-08-21 22:36:31.398 GPU_Scheduler_1] Waiting for models to be activated: {'model_1': 'deactivated', 'model_2': 'activating', 'model_3': 'activating', 'model_4': 'deactivated', 'model_5': 'deactivated', 'model_6': 'activating'}
[2026-08-21 22:36:31.408 GPU_Scheduler_1] Waiting for models to be activated: {'model_1': 'deactivated', 'model_2': 'activating', 'model_3': 'activating', 'model_4': 'deactivated', 'model_5': 'deactivated', 'model_6': 'activating'}
[2026-08-21 22:36:31.418 GPU_Scheduler_1] Waiting for models to be activated: {'model_1': 'deactivated', 'model_2': 'activating', 'model_3': 'activating', 'model_4': 'deactivated', 'model_5': 'deactivated', 'model_6': 'activating'}
[2026-08-21 22:36:31.429 GPU_Scheduler_1] Waiting for models to be activated: {'model_1': 'deactivated', 'model_2': 'activating', 'model_3': 'activating', 'model_4': 'deactivated', 'model_5': 'deactivated', 'model_6': 'activating'}
[2026-08-21 22:36:31.439 GPU_Scheduler_1] Waiting for models to be activated: {'model_1': 'deactivated', 'model_2': 'activating', 'model_3': 'activating', 'model_4': 'deactivated', 'model_5': 'deactivated', 'model_6': 'activating'}
[2026-08-21 22:36:31.449 GPU_Scheduler_1] Waiting for models to be activated: {'model_1': 'deactivated', 'model_2': 'activating', 'model_3': 'activating', 'model_4': 'deactivated', 'model_5': 'deactivated', 'model_6': 'activating'}
[2026-08-21 22:36:31.460 GPU_Scheduler_1] Waiting for models to be activated: {'model_1': 'deactivated', 'model_2': 'activating', 'model_3': 'activating', 'model_4': 'deactivated', 'model_5': 'deactivated', 'model_6': 'activating'}
[2026-08-21 22:36:31.470 GPU_Scheduler_1] Waiting for models to be activated: {'model_1': 'deactivated', 'model_2': 'activating', 'model_3': 'activating', 'model_4': 'deactivated', 'model_5': 'deactivated', 'model_6': 'activating'}
[2026-08-21 22:36:31.480 GPU_Scheduler_1] Waiting for models to be activated: {'model_1': 'deactivated', 'model_2': 'activating', 'model_3': 'activating', 'model_4': 'deactivated', 'model_5': 'deactivated', 'model_6': 'activating'}
[2026-08-21 22:36:31.491 GPU_Scheduler_1] Waiting for models to be activated: {'model_1': 'deactivated', 'model_2': 'activating', 'model_3': 'activating', 'model_4': 'deactivated', 'model_5': 'deactivated', 'model_6': 'activating'}
[2026-08-21 22:36:31.501 GPU_Scheduler_1] Waiting for models to be activated: {'model_1': 'deactivated', 'model_2': 'activating', 'model_3': 'activating', 'model_4': 'deactivated', 'model_5': 'deactivated', 'model_6': 'activating'}
[2026-08-21 22:36:31.511 GPU_Scheduler_1] Waiting for models to be activated: {'model_1': 'deactivated', 'model_2': 'activating', 'model_3': 'activating', 'model_4': 'deactivated', 'model_5': 'deactivated', 'model_6': 'activating'}
[2026-08-21 22:36:31.521 GPU_Scheduler_1] Waiting for models to be activated: {'model_1': 'deactivated', 'model_2': 'activating', 'model_3': 'activating', 'model_4': 'deactivated', 'model_5': 'deactivated', 'model_6': 'activating'}
[2026-08-21 22:36:31.532 GPU_Scheduler_1] Waiting for models to be activated: {'model_1': 'deactivated', 'model_2': 'activating', 'model_3': 'activating', 'model_4': 'deactivated', 'model_5': 'deactivated', 'model_6': 'activating'}
[2026-08-21 22:36:31.542 GPU_Scheduler_1] Waiting for models to be activated: {'model_1': 'deactivated', 'model_2': 'activating', 'model_3': 'activating', 'model_4': 'deactivated', 'model_5': 'deactivated', 'model_6': 'activating'}
[2026-08-21 22:36:31.553 GPU_Scheduler_1] Waiting for models to be activated: {'model_1': 'deactivated', 'model_2': 'activating', 'model_3': 'activating', 'model_4': 'deactivated', 'model_5': 'deactivated', 'model_6': 'activating'}
[2026-08-21 22:36:31.563 GPU_Scheduler_1] Waiting for models to be activated: {'model_1': 'deactivated', 'model_2': 'activating', 'model_3': 'activating', 'model_4': 'deactivated', 'model_5': 'deactivated', 'model_6': 'activating'}
[2026-08-21 22:36:31.573 GPU_Scheduler_1] Waiting for models to be activated: {'model_1': 'deactivated', 'model_2': 'activating', 'model_3': 'activating', 'model_4': 'deactivated', 'model_5': 'deactivated', 'model_6': 'activating'}
[2026-08-21 22:36:31.584 GPU_Scheduler_1] Waiting for models to be activated: {'model_1': 'deactivated', 'model_2': 'activating', 'model_3': 'activating', 'model_4': 'deactivated', 'model_5': 'deactivated', 'model_6': 'activating'}
[2026-08-21 22:36:31.594 GPU_Scheduler_1] Waiting for models to be activated: {'model_1': 'deactivated', 'model_2': 'activating', 'model_3': 'activating', 'model_4': 'deactivated', 'model_5': 'deactivated', 'model_6': 'activating'}
[2026-08-21 22:36:31.604 GPU_Scheduler_1] Waiting for models to be activated: {'model_1': 'deactivated', 'model_2': 'activating', 'model_3': 'activating', 'model_4': 'deactivated', 'model_5': 'deactivated', 'model_6': 'activating'}
[2026-08-21 22:36:31.615 GPU_Scheduler_1] Waiting for models to be activated: {'model_1': 'deactivated', 'model_2': 'activating', 'model_3': 'activating', 'model_4': 'deactivated', 'model_5': 'deactivated', 'model_6': 'activating'}
[2026-08-21 22:36:31.625 GPU_Scheduler_1] Waiting for models to be activated: {'model_1': 'deactivated', 'model_2': 'activating', 'model_3': 'activating', 'model_4': 'deactivated', 'model_5': 'deactivated', 'model_6': 'activating'}
[2026-08-21 22:36:31.635 GPU_Scheduler_1] Waiting for models to be activated: {'model_1': 'deactivated', 'model_2': 'activating', 'model_3': 'activating', 'model_4': 'deactivated', 'model_5': 'deactivated', 'model_6': 'activating'}
[2026-08-21 22:36:31.645 GPU_Scheduler_1] Waiting for models to be activated: {'model_1': 'deactivated', 'model_2': 'activating', 'model_3': 'activating', 'model_4': 'deactivated', 'model_5': 'deactivated', 'model_6': 'activating'}
[2026-08-21 22:36:31.656 GPU_Scheduler_1] Waiting for models to be activated: {'model_1': 'deactivated', 'model_2': 'activating', 'model_3': 'activating', 'model_4': 'deactivated', 'model_5': 'deactivated', 'model_6': 'activating'}
[2026-08-21 22:36:31.666 GPU_Scheduler_1] Waiting for models to be activated: {'model_1': 'deactivated', 'model_2': 'activating', 'model_3': 'activating', 'model_4': 'deactivated', 'model_5': 'deactivated', 'model_6': 'activating'}
[2026-08-21 22:36:31.676 GPU_Scheduler_1] Waiting for models to be activated: {'model_1': 'deactivated', 'model_2': 'activating', 'model_3': 'activating', 'model_4': 'deactivated', 'model_5': 'deactivated', 'model_6': 'activating'}
[2026-08-21 22:36:31.687 GPU_Scheduler_1] Model model_2 (instance 1) activation succeeded on GPU 1
[2026-08-21 22:36:31.687 GPU_Scheduler_1] Waiting for models to be activated: {'model_1': 'deactivated', 'model_2': 'activated', 'model_3': 'activating', 'model_4': 'deactivated', 'model_5': 'deactivated', 'model_6': 'activating'}
[2026-08-21 22:36:31.698 GPU_Scheduler_1] Waiting for models to be activated: {'model_1': 'deactivated', 'model_2': 'activated', 'model_3': 'activating', 'model_4': 'deactivated', 'model_5': 'deactivated', 'model_6': 'activating'}
[2026-08-21 22:36:31.708 GPU_Scheduler_1] Waiting for models to be activated: {'model_1': 'deactivated', 'model_2': 'activated', 'model_3': 'activating', 'model_4': 'deactivated', 'model_5': 'deactivated', 'model_6': 'activating'}
[2026-08-21 22:36:31.719 GPU_Scheduler_1] Waiting for models to be activated: {'model_1': 'deactivated', 'model_2': 'activated', 'model_3': 'activating', 'model_4': 'deactivated', 'model_5': 'deactivated', 'model_6': 'activating'}
[2026-08-21 22:36:31.729 GPU_Scheduler_1] Waiting for models to be activated: {'model_1': 'deactivated', 'model_2': 'activated', 'model_3': 'activating', 'model_4': 'deactivated', 'model_5': 'deactivated', 'model_6': 'activating'}
[2026-08-21 22:36:31.739 GPU_Scheduler_1] Waiting for models to be activated: {'model_1': 'deactivated', 'model_2': 'activated', 'model_3': 'activating', 'model_4': 'deactivated', 'model_5': 'deactivated', 'model_6': 'activating'}
[2026-08-21 22:36:31.750 GPU_Scheduler_1] Waiting for models to be activated: {'model_1': 'deactivated', 'model_2': 'activated', 'model_3': 'activating', 'model_4': 'deactivated', 'model_5': 'deactivated', 'model_6': 'activating'}
[2026-08-21 22:36:31.760 GPU_Scheduler_1] Waiting for models to be activated: {'model_1': 'deactivated', 'model_2': 'activated', 'model_3': 'activating', 'model_4': 'deactivated', 'model_5': 'deactivated', 'model_6': 'activating'}
[2026-08-21 22:36:31.771 GPU_Scheduler_1] Waiting for models to be activated: {'model_1': 'deactivated', 'model_2': 'activated', 'model_3': 'activating', 'model_4': 'deactivated', 'model_5': 'deactivated', 'model_6': 'activating'}
[2026-08-21 22:36:31.781 GPU_Scheduler_1] Waiting for models to be activated: {'model_1': 'deactivated', 'model_2': 'activated', 'model_3': 'activating', 'model_4': 'deactivated', 'model_5': 'deactivated', 'model_6': 'activating'}
[2026-08-21 22:36:31.792 GPU_Scheduler_1] Waiting for models to be activated: {'model_1': 'deactivated', 'model_2': 'activated', 'model_3': 'activating', 'model_4': 'deactivated', 'model_5': 'deactivated', 'model_6': 'activating'}
[2026-08-21 22:36:31.802 GPU_Scheduler_1] Waiting for models to be activated: {'model_1': 'deactivated', 'model_2': 'activated', 'model_3': 'activating', 'model_4': 'deactivated', 'model_5': 'deactivated', 'model_6': 'activating'}
[2026-08-21 22:36:31.813 GPU_Scheduler_1] Waiting for models to be activated: {'model_1': 'deactivated', 'model_2': 'activated', 'model_3': 'activating', 'model_4': 'deactivated', 'model_5': 'deactivated', 'model_6': 'activating'}
[2026-08-21 22:36:31.823 GPU_Scheduler_1] Waiting for models to be activated: {'model_1': 'deactivated', 'model_2': 'activated', 'model_3': 'activating', 'model_4': 'deactivated', 'model_5': 'deactivated', 'model_6': 'activating'}
[2026-08-21 22:36:31.834 GPU_Scheduler_1] Waiting for models to be activated: {'model_1': 'deactivated', 'model_2': 'activated', 'model_3': 'activating', 'model_4': 'deactivated', 'model_5': 'deactivated', 'model_6': 'activating'}
[2026-08-21 22:36:31.845 GPU_Scheduler_1] Waiting for models to be activated: {'model_1': 'deactivated', 'model_2': 'activated', 'model_3': 'activating', 'model_4': 'deactivated', 'model_5': 'deactivated', 'model_6': 'activating'}
[2026-08-21 22:36:31.855 GPU_Scheduler_1] Waiting for models to be activated: {'model_1': 'deactivated', 'model_2': 'activated', 'model_3': 'activating', 'model_4': 'deactivated', 'model_5': 'deactivated', 'model_6': 'activating'}
[2026-08-21 22:36:31.866 GPU_Scheduler_1] Waiting for models to be activated: {'model_1': 'deactivated', 'model_2': 'activated', 'model_3': 'activating', 'model_4': 'deactivated', 'model_5': 'deactivated', 'model_6': 'activating'}
[2026-08-21 22:36:31.876 GPU_Scheduler_1] Waiting for models to be activated: {'model_1': 'deactivated', 'model_2': 'activated', 'model_3': 'activating', 'model_4': 'deactivated', 'model_5': 'deactivated', 'model_6': 'activating'}
[2026-08-21 22:36:31.887 GPU_Scheduler_1] Waiting for models to be activated: {'model_1': 'deactivated', 'model_2': 'activated', 'model_3': 'activating', 'model_4': 'deactivated', 'model_5': 'deactivated', 'model_6': 'activating'}
[2026-08-21 22:36:31.897 GPU_Scheduler_1] Waiting for models to be activated: {'model_1': 'deactivated', 'model_2': 'activated', 'model_3': 'activating', 'model_4': 'deactivated', 'model_5': 'deactivated', 'model_6': 'activating'}
[2026-08-21 22:36:31.908 GPU_Scheduler_1] Waiting for models to be activated: {'model_1': 'deactivated', 'model_2': 'activated', 'model_3': 'activating', 'model_4': 'deactivated', 'model_5': 'deactivated', 'model_6': 'activating'}
[2026-08-21 22:36:31.918 GPU_Scheduler_1] Waiting for models to be activated: {'model_1': 'deactivated', 'model_2': 'activated', 'model_3': 'activating', 'model_4': 'deactivated', 'model_5': 'deactivated', 'model_6': 'activating'}
[2026-08-21 22:36:31.929 GPU_Scheduler_1] Waiting for models to be activated: {'model_1': 'deactivated', 'model_2': 'activated', 'model_3': 'activating', 'model_4': 'deactivated', 'model_5': 'deactivated', 'model_6': 'activating'}
[2026-08-21 22:36:31.939 GPU_Scheduler_1] Waiting for models to be activated: {'model_1': 'deactivated', 'model_2': 'activated', 'model_3': 'activating', 'model_4': 'deactivated', 'model_5': 'deactivated', 'model_6': 'activating'}
[2026-08-21 22:36:31.950 GPU_Scheduler_1] Waiting for models to be activated: {'model_1': 'deactivated', 'model_2': 'activated', 'model_3': 'activating', 'model_4': 'deactivated', 'model_5': 'deactivated', 'model_6': 'activating'}
[2026-08-21 22:36:31.960 GPU_Scheduler_1] Waiting for models to be activated: {'model_1': 'deactivated', 'model_2': 'activated', 'model_3': 'activating', 'model_4': 'deactivated', 'model_5': 'deactivated', 'model_6': 'activating'}
[2026-08-21 22:36:31.971 GPU_Scheduler_1] Waiting for models to be activated: {'model_1': 'deactivated', 'model_2': 'activated', 'model_3': 'activating', 'model_4': 'deactivated', 'model_5': 'deactivated', 'model_6': 'activating'}
[2026-08-21 22:36:31.982 GPU_Scheduler_1] Waiting for models to be activated: {'model_1': 'deactivated', 'model_2': 'activated', 'model_3': 'activating', 'model_4': 'deactivated', 'model_5': 'deactivated', 'model_6': 'activating'}
[2026-08-21 22:36:31.992 GPU_Scheduler_1] Waiting for models to be activated: {'model_1': 'deactivated', 'model_2': 'activated', 'model_3': 'activating', 'model_4': 'deactivated', 'model_5': 'deactivated', 'model_6': 'activating'}
[2026-08-21 22:36:32.003 GPU_Scheduler_1] Waiting for models to be activated: {'model_1': 'deactivated', 'model_2': 'activated', 'model_3': 'activating', 'model_4': 'deactivated', 'model_5': 'deactivated', 'model_6': 'activating'}
[2026-08-21 22:36:32.013 GPU_Scheduler_1] Waiting for models to be activated: {'model_1': 'deactivated', 'model_2': 'activated', 'model_3': 'activating', 'model_4': 'deactivated', 'model_5': 'deactivated', 'model_6': 'activating'}
[2026-08-21 22:36:32.023 GPU_Scheduler_1] Waiting for models to be activated: {'model_1': 'deactivated', 'model_2': 'activated', 'model_3': 'activating', 'model_4': 'deactivated', 'model_5': 'deactivated', 'model_6': 'activating'}
[2026-08-21 22:36:32.028 GPU_Scheduler_0] [V5-LOOP] {"iters": 465, "t_mem": 0.007112110266461968, "t_redis": 0.2994902762584388, "t_admit": 0.0030427230522036552, "t_send": 0.00039434153586626053, "t_iter": 0.3100394511129707, "admitted": 0, "iter_max": 0.002239423803985119, "gpu_id": 0, "window_s": 5.002892255783081}
[2026-08-21 22:36:32.034 GPU_Scheduler_1] Waiting for models to be activated: {'model_1': 'deactivated', 'model_2': 'activated', 'model_3': 'activating', 'model_4': 'deactivated', 'model_5': 'deactivated', 'model_6': 'activating'}
[2026-08-21 22:36:32.044 GPU_Scheduler_1] Waiting for models to be activated: {'model_1': 'deactivated', 'model_2': 'activated', 'model_3': 'activating', 'model_4': 'deactivated', 'model_5': 'deactivated', 'model_6': 'activating'}
[2026-08-21 22:36:32.054 GPU_Scheduler_1] Waiting for models to be activated: {'model_1': 'deactivated', 'model_2': 'activated', 'model_3': 'activating', 'model_4': 'deactivated', 'model_5': 'deactivated', 'model_6': 'activating'}
[2026-08-21 22:36:32.065 GPU_Scheduler_1] Waiting for models to be activated: {'model_1': 'deactivated', 'model_2': 'activated', 'model_3': 'activating', 'model_4': 'deactivated', 'model_5': 'deactivated', 'model_6': 'activating'}
[2026-08-21 22:36:32.076 GPU_Scheduler_1] Waiting for models to be activated: {'model_1': 'deactivated', 'model_2': 'activated', 'model_3': 'activating', 'model_4': 'deactivated', 'model_5': 'deactivated', 'model_6': 'activating'}
[2026-08-21 22:36:32.086 GPU_Scheduler_1] Waiting for models to be activated: {'model_1': 'deactivated', 'model_2': 'activated', 'model_3': 'activating', 'model_4': 'deactivated', 'model_5': 'deactivated', 'model_6': 'activating'}
[2026-08-21 22:36:32.097 GPU_Scheduler_1] Waiting for models to be activated: {'model_1': 'deactivated', 'model_2': 'activated', 'model_3': 'activating', 'model_4': 'deactivated', 'model_5': 'deactivated', 'model_6': 'activating'}
[2026-08-21 22:36:32.107 GPU_Scheduler_1] Waiting for models to be activated: {'model_1': 'deactivated', 'model_2': 'activated', 'model_3': 'activating', 'model_4': 'deactivated', 'model_5': 'deactivated', 'model_6': 'activating'}
[2026-08-21 22:36:32.117 GPU_Scheduler_1] Waiting for models to be activated: {'model_1': 'deactivated', 'model_2': 'activated', 'model_3': 'activating', 'model_4': 'deactivated', 'model_5': 'deactivated', 'model_6': 'activating'}
[2026-08-21 22:36:32.128 GPU_Scheduler_1] Waiting for models to be activated: {'model_1': 'deactivated', 'model_2': 'activated', 'model_3': 'activating', 'model_4': 'deactivated', 'model_5': 'deactivated', 'model_6': 'activating'}
[2026-08-21 22:36:32.138 GPU_Scheduler_1] Waiting for models to be activated: {'model_1': 'deactivated', 'model_2': 'activated', 'model_3': 'activating', 'model_4': 'deactivated', 'model_5': 'deactivated', 'model_6': 'activating'}
[2026-08-21 22:36:32.149 GPU_Scheduler_1] Model model_3 (instance 1) activation succeeded on GPU 1
[2026-08-21 22:36:32.149 GPU_Scheduler_1] Waiting for models to be activated: {'model_1': 'deactivated', 'model_2': 'activated', 'model_3': 'activated', 'model_4': 'deactivated', 'model_5': 'deactivated', 'model_6': 'activating'}
[2026-08-21 22:36:32.159 GPU_Scheduler_1] Waiting for models to be activated: {'model_1': 'deactivated', 'model_2': 'activated', 'model_3': 'activated', 'model_4': 'deactivated', 'model_5': 'deactivated', 'model_6': 'activating'}
[2026-08-21 22:36:32.169 GPU_Scheduler_1] Waiting for models to be activated: {'model_1': 'deactivated', 'model_2': 'activated', 'model_3': 'activated', 'model_4': 'deactivated', 'model_5': 'deactivated', 'model_6': 'activating'}
[2026-08-21 22:36:32.180 GPU_Scheduler_1] Waiting for models to be activated: {'model_1': 'deactivated', 'model_2': 'activated', 'model_3': 'activated', 'model_4': 'deactivated', 'model_5': 'deactivated', 'model_6': 'activating'}
[2026-08-21 22:36:32.190 GPU_Scheduler_1] Waiting for models to be activated: {'model_1': 'deactivated', 'model_2': 'activated', 'model_3': 'activated', 'model_4': 'deactivated', 'model_5': 'deactivated', 'model_6': 'activating'}
[2026-08-21 22:36:32.201 GPU_Scheduler_1] Waiting for models to be activated: {'model_1': 'deactivated', 'model_2': 'activated', 'model_3': 'activated', 'model_4': 'deactivated', 'model_5': 'deactivated', 'model_6': 'activating'}
[2026-08-21 22:36:32.211 GPU_Scheduler_1] Waiting for models to be activated: {'model_1': 'deactivated', 'model_2': 'activated', 'model_3': 'activated', 'model_4': 'deactivated', 'model_5': 'deactivated', 'model_6': 'activating'}
[2026-08-21 22:36:32.222 GPU_Scheduler_1] Waiting for models to be activated: {'model_1': 'deactivated', 'model_2': 'activated', 'model_3': 'activated', 'model_4': 'deactivated', 'model_5': 'deactivated', 'model_6': 'activating'}
[2026-08-21 22:36:32.232 GPU_Scheduler_1] Waiting for models to be activated: {'model_1': 'deactivated', 'model_2': 'activated', 'model_3': 'activated', 'model_4': 'deactivated', 'model_5': 'deactivated', 'model_6': 'activating'}
[2026-08-21 22:36:32.242 GPU_Scheduler_1] Waiting for models to be activated: {'model_1': 'deactivated', 'model_2': 'activated', 'model_3': 'activated', 'model_4': 'deactivated', 'model_5': 'deactivated', 'model_6': 'activating'}
[2026-08-21 22:36:32.253 GPU_Scheduler_1] Waiting for models to be activated: {'model_1': 'deactivated', 'model_2': 'activated', 'model_3': 'activated', 'model_4': 'deactivated', 'model_5': 'deactivated', 'model_6': 'activating'}
[2026-08-21 22:36:32.263 GPU_Scheduler_1] Waiting for models to be activated: {'model_1': 'deactivated', 'model_2': 'activated', 'model_3': 'activated', 'model_4': 'deactivated', 'model_5': 'deactivated', 'model_6': 'activating'}
[2026-08-21 22:36:32.274 GPU_Scheduler_1] Waiting for models to be activated: {'model_1': 'deactivated', 'model_2': 'activated', 'model_3': 'activated', 'model_4': 'deactivated', 'model_5': 'deactivated', 'model_6': 'activating'}
[2026-08-21 22:36:32.284 GPU_Scheduler_1] Waiting for models to be activated: {'model_1': 'deactivated', 'model_2': 'activated', 'model_3': 'activated', 'model_4': 'deactivated', 'model_5': 'deactivated', 'model_6': 'activating'}
[2026-08-21 22:36:32.295 GPU_Scheduler_1] Waiting for models to be activated: {'model_1': 'deactivated', 'model_2': 'activated', 'model_3': 'activated', 'model_4': 'deactivated', 'model_5': 'deactivated', 'model_6': 'activating'}
[2026-08-21 22:36:32.305 GPU_Scheduler_1] Waiting for models to be activated: {'model_1': 'deactivated', 'model_2': 'activated', 'model_3': 'activated', 'model_4': 'deactivated', 'model_5': 'deactivated', 'model_6': 'activating'}
[2026-08-21 22:36:32.316 GPU_Scheduler_1] Waiting for models to be activated: {'model_1': 'deactivated', 'model_2': 'activated', 'model_3': 'activated', 'model_4': 'deactivated', 'model_5': 'deactivated', 'model_6': 'activating'}
[2026-08-21 22:36:32.326 GPU_Scheduler_1] Waiting for models to be activated: {'model_1': 'deactivated', 'model_2': 'activated', 'model_3': 'activated', 'model_4': 'deactivated', 'model_5': 'deactivated', 'model_6': 'activating'}
[2026-08-21 22:36:32.337 GPU_Scheduler_1] Waiting for models to be activated: {'model_1': 'deactivated', 'model_2': 'activated', 'model_3': 'activated', 'model_4': 'deactivated', 'model_5': 'deactivated', 'model_6': 'activating'}
[2026-08-21 22:36:32.347 GPU_Scheduler_1] Waiting for models to be activated: {'model_1': 'deactivated', 'model_2': 'activated', 'model_3': 'activated', 'model_4': 'deactivated', 'model_5': 'deactivated', 'model_6': 'activating'}
[2026-08-21 22:36:32.358 GPU_Scheduler_1] Waiting for models to be activated: {'model_1': 'deactivated', 'model_2': 'activated', 'model_3': 'activated', 'model_4': 'deactivated', 'model_5': 'deactivated', 'model_6': 'activating'}
[2026-08-21 22:36:32.368 GPU_Scheduler_1] Waiting for models to be activated: {'model_1': 'deactivated', 'model_2': 'activated', 'model_3': 'activated', 'model_4': 'deactivated', 'model_5': 'deactivated', 'model_6': 'activating'}
[2026-08-21 22:36:32.379 GPU_Scheduler_1] Waiting for models to be activated: {'model_1': 'deactivated', 'model_2': 'activated', 'model_3': 'activated', 'model_4': 'deactivated', 'model_5': 'deactivated', 'model_6': 'activating'}
[2026-08-21 22:36:32.389 GPU_Scheduler_1] Waiting for models to be activated: {'model_1': 'deactivated', 'model_2': 'activated', 'model_3': 'activated', 'model_4': 'deactivated', 'model_5': 'deactivated', 'model_6': 'activating'}
[2026-08-21 22:36:32.400 GPU_Scheduler_1] Waiting for models to be activated: {'model_1': 'deactivated', 'model_2': 'activated', 'model_3': 'activated', 'model_4': 'deactivated', 'model_5': 'deactivated', 'model_6': 'activating'}
[2026-08-21 22:36:32.410 GPU_Scheduler_1] Waiting for models to be activated: {'model_1': 'deactivated', 'model_2': 'activated', 'model_3': 'activated', 'model_4': 'deactivated', 'model_5': 'deactivated', 'model_6': 'activating'}
[2026-08-21 22:36:32.421 GPU_Scheduler_1] Waiting for models to be activated: {'model_1': 'deactivated', 'model_2': 'activated', 'model_3': 'activated', 'model_4': 'deactivated', 'model_5': 'deactivated', 'model_6': 'activating'}
[2026-08-21 22:36:32.431 GPU_Scheduler_1] Waiting for models to be activated: {'model_1': 'deactivated', 'model_2': 'activated', 'model_3': 'activated', 'model_4': 'deactivated', 'model_5': 'deactivated', 'model_6': 'activating'}
[2026-08-21 22:36:32.442 GPU_Scheduler_1] Waiting for models to be activated: {'model_1': 'deactivated', 'model_2': 'activated', 'model_3': 'activated', 'model_4': 'deactivated', 'model_5': 'deactivated', 'model_6': 'activating'}
[2026-08-21 22:36:32.452 GPU_Scheduler_1] Waiting for models to be activated: {'model_1': 'deactivated', 'model_2': 'activated', 'model_3': 'activated', 'model_4': 'deactivated', 'model_5': 'deactivated', 'model_6': 'activating'}
[2026-08-21 22:36:32.463 GPU_Scheduler_1] Waiting for models to be activated: {'model_1': 'deactivated', 'model_2': 'activated', 'model_3': 'activated', 'model_4': 'deactivated', 'model_5': 'deactivated', 'model_6': 'activating'}
[2026-08-21 22:36:32.473 GPU_Scheduler_1] Waiting for models to be activated: {'model_1': 'deactivated', 'model_2': 'activated', 'model_3': 'activated', 'model_4': 'deactivated', 'model_5': 'deactivated', 'model_6': 'activating'}
[2026-08-21 22:36:32.484 GPU_Scheduler_1] Waiting for models to be activated: {'model_1': 'deactivated', 'model_2': 'activated', 'model_3': 'activated', 'model_4': 'deactivated', 'model_5': 'deactivated', 'model_6': 'activating'}
[2026-08-21 22:36:32.494 GPU_Scheduler_1] Waiting for models to be activated: {'model_1': 'deactivated', 'model_2': 'activated', 'model_3': 'activated', 'model_4': 'deactivated', 'model_5': 'deactivated', 'model_6': 'activating'}
[2026-08-21 22:36:32.505 GPU_Scheduler_1] Waiting for models to be activated: {'model_1': 'deactivated', 'model_2': 'activated', 'model_3': 'activated', 'model_4': 'deactivated', 'model_5': 'deactivated', 'model_6': 'activating'}
[2026-08-21 22:36:32.515 GPU_Scheduler_1] Waiting for models to be activated: {'model_1': 'deactivated', 'model_2': 'activated', 'model_3': 'activated', 'model_4': 'deactivated', 'model_5': 'deactivated', 'model_6': 'activating'}
[2026-08-21 22:36:32.526 GPU_Scheduler_1] Waiting for models to be activated: {'model_1': 'deactivated', 'model_2': 'activated', 'model_3': 'activated', 'model_4': 'deactivated', 'model_5': 'deactivated', 'model_6': 'activating'}
[2026-08-21 22:36:32.536 GPU_Scheduler_1] Waiting for models to be activated: {'model_1': 'deactivated', 'model_2': 'activated', 'model_3': 'activated', 'model_4': 'deactivated', 'model_5': 'deactivated', 'model_6': 'activating'}
[2026-08-21 22:36:32.547 GPU_Scheduler_1] Waiting for models to be activated: {'model_1': 'deactivated', 'model_2': 'activated', 'model_3': 'activated', 'model_4': 'deactivated', 'model_5': 'deactivated', 'model_6': 'activating'}
[2026-08-21 22:36:32.557 GPU_Scheduler_1] Waiting for models to be activated: {'model_1': 'deactivated', 'model_2': 'activated', 'model_3': 'activated', 'model_4': 'deactivated', 'model_5': 'deactivated', 'model_6': 'activating'}
[2026-08-21 22:36:32.568 GPU_Scheduler_1] Waiting for models to be activated: {'model_1': 'deactivated', 'model_2': 'activated', 'model_3': 'activated', 'model_4': 'deactivated', 'model_5': 'deactivated', 'model_6': 'activating'}
[2026-08-21 22:36:32.578 GPU_Scheduler_1] Waiting for models to be activated: {'model_1': 'deactivated', 'model_2': 'activated', 'model_3': 'activated', 'model_4': 'deactivated', 'model_5': 'deactivated', 'model_6': 'activating'}
[2026-08-21 22:36:32.589 GPU_Scheduler_1] Waiting for models to be activated: {'model_1': 'deactivated', 'model_2': 'activated', 'model_3': 'activated', 'model_4': 'deactivated', 'model_5': 'deactivated', 'model_6': 'activating'}
[2026-08-21 22:36:32.599 GPU_Scheduler_1] Waiting for models to be activated: {'model_1': 'deactivated', 'model_2': 'activated', 'model_3': 'activated', 'model_4': 'deactivated', 'model_5': 'deactivated', 'model_6': 'activating'}
[2026-08-21 22:36:32.610 GPU_Scheduler_1] Waiting for models to be activated: {'model_1': 'deactivated', 'model_2': 'activated', 'model_3': 'activated', 'model_4': 'deactivated', 'model_5': 'deactivated', 'model_6': 'activating'}
[2026-08-21 22:36:32.620 GPU_Scheduler_1] Waiting for models to be activated: {'model_1': 'deactivated', 'model_2': 'activated', 'model_3': 'activated', 'model_4': 'deactivated', 'model_5': 'deactivated', 'model_6': 'activating'}
[2026-08-21 22:36:32.631 GPU_Scheduler_1] Waiting for models to be activated: {'model_1': 'deactivated', 'model_2': 'activated', 'model_3': 'activated', 'model_4': 'deactivated', 'model_5': 'deactivated', 'model_6': 'activating'}
[2026-08-21 22:36:32.641 GPU_Scheduler_1] Waiting for models to be activated: {'model_1': 'deactivated', 'model_2': 'activated', 'model_3': 'activated', 'model_4': 'deactivated', 'model_5': 'deactivated', 'model_6': 'activating'}
[2026-08-21 22:36:32.651 GPU_Scheduler_1] Waiting for models to be activated: {'model_1': 'deactivated', 'model_2': 'activated', 'model_3': 'activated', 'model_4': 'deactivated', 'model_5': 'deactivated', 'model_6': 'activating'}
[2026-08-21 22:36:32.661 GPU_Scheduler_1] Waiting for models to be activated: {'model_1': 'deactivated', 'model_2': 'activated', 'model_3': 'activated', 'model_4': 'deactivated', 'model_5': 'deactivated', 'model_6': 'activating'}
[2026-08-21 22:36:32.672 GPU_Scheduler_1] Waiting for models to be activated: {'model_1': 'deactivated', 'model_2': 'activated', 'model_3': 'activated', 'model_4': 'deactivated', 'model_5': 'deactivated', 'model_6': 'activating'}
[2026-08-21 22:36:32.682 GPU_Scheduler_1] Waiting for models to be activated: {'model_1': 'deactivated', 'model_2': 'activated', 'model_3': 'activated', 'model_4': 'deactivated', 'model_5': 'deactivated', 'model_6': 'activating'}
[2026-08-21 22:36:32.692 GPU_Scheduler_1] Waiting for models to be activated: {'model_1': 'deactivated', 'model_2': 'activated', 'model_3': 'activated', 'model_4': 'deactivated', 'model_5': 'deactivated', 'model_6': 'activating'}
[2026-08-21 22:36:32.703 GPU_Scheduler_1] Waiting for models to be activated: {'model_1': 'deactivated', 'model_2': 'activated', 'model_3': 'activated', 'model_4': 'deactivated', 'model_5': 'deactivated', 'model_6': 'activating'}
[2026-08-21 22:36:32.713 GPU_Scheduler_1] Waiting for models to be activated: {'model_1': 'deactivated', 'model_2': 'activated', 'model_3': 'activated', 'model_4': 'deactivated', 'model_5': 'deactivated', 'model_6': 'activating'}
[2026-08-21 22:36:32.723 GPU_Scheduler_1] Waiting for models to be activated: {'model_1': 'deactivated', 'model_2': 'activated', 'model_3': 'activated', 'model_4': 'deactivated', 'model_5': 'deactivated', 'model_6': 'activating'}
[2026-08-21 22:36:32.734 GPU_Scheduler_1] Waiting for models to be activated: {'model_1': 'deactivated', 'model_2': 'activated', 'model_3': 'activated', 'model_4': 'deactivated', 'model_5': 'deactivated', 'model_6': 'activating'}
[2026-08-21 22:36:32.744 GPU_Scheduler_1] Waiting for models to be activated: {'model_1': 'deactivated', 'model_2': 'activated', 'model_3': 'activated', 'model_4': 'deactivated', 'model_5': 'deactivated', 'model_6': 'activating'}
[2026-08-21 22:36:32.754 GPU_Scheduler_1] Waiting for models to be activated: {'model_1': 'deactivated', 'model_2': 'activated', 'model_3': 'activated', 'model_4': 'deactivated', 'model_5': 'deactivated', 'model_6': 'activating'}
[2026-08-21 22:36:32.765 GPU_Scheduler_1] Waiting for models to be activated: {'model_1': 'deactivated', 'model_2': 'activated', 'model_3': 'activated', 'model_4': 'deactivated', 'model_5': 'deactivated', 'model_6': 'activating'}
[2026-08-21 22:36:32.775 GPU_Scheduler_1] Waiting for models to be activated: {'model_1': 'deactivated', 'model_2': 'activated', 'model_3': 'activated', 'model_4': 'deactivated', 'model_5': 'deactivated', 'model_6': 'activating'}
[2026-08-21 22:36:32.786 GPU_Scheduler_1] Waiting for models to be activated: {'model_1': 'deactivated', 'model_2': 'activated', 'model_3': 'activated', 'model_4': 'deactivated', 'model_5': 'deactivated', 'model_6': 'activating'}
[2026-08-21 22:36:32.796 GPU_Scheduler_1] Waiting for models to be activated: {'model_1': 'deactivated', 'model_2': 'activated', 'model_3': 'activated', 'model_4': 'deactivated', 'model_5': 'deactivated', 'model_6': 'activating'}
[2026-08-21 22:36:32.807 GPU_Scheduler_1] Waiting for models to be activated: {'model_1': 'deactivated', 'model_2': 'activated', 'model_3': 'activated', 'model_4': 'deactivated', 'model_5': 'deactivated', 'model_6': 'activating'}
[2026-08-21 22:36:32.817 GPU_Scheduler_1] Waiting for models to be activated: {'model_1': 'deactivated', 'model_2': 'activated', 'model_3': 'activated', 'model_4': 'deactivated', 'model_5': 'deactivated', 'model_6': 'activating'}
[2026-08-21 22:36:32.827 GPU_Scheduler_1] Waiting for models to be activated: {'model_1': 'deactivated', 'model_2': 'activated', 'model_3': 'activated', 'model_4': 'deactivated', 'model_5': 'deactivated', 'model_6': 'activating'}
[2026-08-21 22:36:32.838 GPU_Scheduler_1] Waiting for models to be activated: {'model_1': 'deactivated', 'model_2': 'activated', 'model_3': 'activated', 'model_4': 'deactivated', 'model_5': 'deactivated', 'model_6': 'activating'}
[2026-08-21 22:36:32.848 GPU_Scheduler_1] Waiting for models to be activated: {'model_1': 'deactivated', 'model_2': 'activated', 'model_3': 'activated', 'model_4': 'deactivated', 'model_5': 'deactivated', 'model_6': 'activating'}
[2026-08-21 22:36:32.859 GPU_Scheduler_1] Waiting for models to be activated: {'model_1': 'deactivated', 'model_2': 'activated', 'model_3': 'activated', 'model_4': 'deactivated', 'model_5': 'deactivated', 'model_6': 'activating'}
[2026-08-21 22:36:32.869 GPU_Scheduler_1] Waiting for models to be activated: {'model_1': 'deactivated', 'model_2': 'activated', 'model_3': 'activated', 'model_4': 'deactivated', 'model_5': 'deactivated', 'model_6': 'activating'}
[2026-08-21 22:36:32.880 GPU_Scheduler_1] Model model_6 (instance 1) activation succeeded on GPU 1
[2026-08-21 22:36:33.935 GPU_Scheduler_0] Admitted 1 requests for model_1
[2026-08-21 22:36:33.935 GPU_Scheduler_0] Admitted 1 requests for model_4
[2026-08-21 22:36:33.936 GPU_Scheduler_0] Admitted 1 requests for model_5
[2026-08-21 22:36:33.939 GPU_Scheduler_1] Admitted 1 requests for model_3
[2026-08-21 22:36:33.939 GPU_Scheduler_1] Admitted 1 requests for model_6
[2026-08-21 22:36:33.939 GPU_Scheduler_1] Admitted 1 requests for model_2
[2026-08-21 22:36:36.844 GPU_Scheduler_1] Admitted 1 requests for model_2
[2026-08-21 22:36:36.878 GPU_Scheduler_1] Admitted 1 requests for model_6
[2026-08-21 22:36:37.006 GPU_Scheduler_0] Admitted 1 requests for model_5
[2026-08-21 22:36:37.029 GPU_Scheduler_0] [V5-LOOP] {"iters": 462, "t_mem": 0.007069733226671815, "t_redis": 0.3269907913636416, "t_admit": 0.0037777679972350597, "t_send": 0.002816768828779459, "t_iter": 0.34065506141632795, "admitted": 4, "iter_max": 0.005925578996539116, "gpu_id": 0, "window_s": 5.000529050827026}
[2026-08-21 22:36:37.083 GPU_Scheduler_0] Admitted 1 requests for model_5
[2026-08-21 22:36:37.152 GPU_Scheduler_1] Admitted 2 requests for model_2
[2026-08-21 22:36:37.175 GPU_Scheduler_1] Admitted 1 requests for model_2
[2026-08-21 22:36:37.266 GPU_Scheduler_1] Admitted 1 requests for model_2
[2026-08-21 22:36:37.313 GPU_Scheduler_1] Admitted 1 requests for model_3
[2026-08-21 22:36:37.325 GPU_Scheduler_1] Admitted 1 requests for model_2
[2026-08-21 22:36:37.419 GPU_Scheduler_1] Admitted 1 requests for model_2
[2026-08-21 22:36:37.488 GPU_Scheduler_1] Admitted 1 requests for model_2
[2026-08-21 22:36:37.557 GPU_Scheduler_1] Admitted 1 requests for model_2
[2026-08-21 22:36:37.581 GPU_Scheduler_1] Admitted 1 requests for model_2
[2026-08-21 22:36:37.688 GPU_Scheduler_1] Admitted 1 requests for model_2
[2026-08-21 22:36:37.808 GPU_Scheduler_1] Admitted 1 requests for model_2
[2026-08-21 22:36:37.875 GPU_Scheduler_0] Admitted 1 requests for model_5
[2026-08-21 22:36:37.893 GPU_Scheduler_1] [V5-LOOP] {"iters": 453, "t_mem": 0.009148800978437066, "t_redis": 0.424429734935984, "t_admit": 0.005639987997710705, "t_send": 0.011629246640950441, "t_iter": 0.4508477705530822, "admitted": 17, "iter_max": 0.00393754499964416, "gpu_id": 1, "window_s": 5.0120155811309814}
[2026-08-21 22:36:37.930 GPU_Scheduler_1] Admitted 1 requests for model_3
[2026-08-21 22:36:37.943 GPU_Scheduler_1] Admitted 2 requests for model_2
[2026-08-21 22:36:38.004 GPU_Scheduler_1] Admitted 1 requests for model_2
[2026-08-21 22:36:38.112 GPU_Scheduler_1] Admitted 1 requests for model_2
[2026-08-21 22:36:38.185 GPU_Scheduler_1] Admitted 1 requests for model_2
[2026-08-21 22:36:38.306 GPU_Scheduler_1] Admitted 1 requests for model_2
[2026-08-21 22:36:38.331 GPU_Scheduler_1] Admitted 1 requests for model_2
[2026-08-21 22:36:38.478 GPU_Scheduler_1] Admitted 1 requests for model_3
[2026-08-21 22:36:38.511 GPU_Scheduler_1] Admitted 1 requests for model_2
[2026-08-21 22:36:38.554 GPU_Scheduler_1] Admitted 1 requests for model_6
[2026-08-21 22:36:38.576 GPU_Scheduler_1] Admitted 1 requests for model_2
[2026-08-21 22:36:38.576 GPU_Scheduler_1] Admitted 1 requests for model_6
[2026-08-21 22:36:38.619 GPU_Scheduler_1] Admitted 1 requests for model_2
[2026-08-21 22:36:38.662 GPU_Scheduler_1] Admitted 1 requests for model_2
[2026-08-21 22:36:38.705 GPU_Scheduler_1] Admitted 1 requests for model_6
[2026-08-21 22:36:38.918 GPU_Scheduler_1] Admitted 1 requests for model_6
[2026-08-21 22:36:39.004 GPU_Scheduler_1] Admitted 1 requests for model_3
[2026-08-21 22:36:39.207 GPU_Scheduler_1] Admitted 1 requests for model_2
[2026-08-21 22:36:39.250 GPU_Scheduler_1] Admitted 1 requests for model_2
[2026-08-21 22:36:39.303 GPU_Scheduler_0] Admitted 1 requests for model_5
[2026-08-21 22:36:39.314 GPU_Scheduler_1] Admitted 1 requests for model_2
[2026-08-21 22:36:39.347 GPU_Scheduler_1] Admitted 1 requests for model_2
[2026-08-21 22:36:39.369 GPU_Scheduler_1] Admitted 1 requests for model_2
[2026-08-21 22:36:39.423 GPU_Scheduler_1] Admitted 1 requests for model_2
[2026-08-21 22:36:39.433 GPU_Scheduler_1] Admitted 1 requests for model_3
[2026-08-21 22:36:39.444 GPU_Scheduler_1] Admitted 1 requests for model_2
[2026-08-21 22:36:39.456 GPU_Scheduler_1] Admitted 1 requests for model_2
[2026-08-21 22:36:39.512 GPU_Scheduler_1] Admitted 1 requests for model_3
[2026-08-21 22:36:39.533 GPU_Scheduler_0] Admitted 1 requests for model_5
[2026-08-21 22:36:39.557 GPU_Scheduler_1] Admitted 1 requests for model_2
[2026-08-21 22:36:39.625 GPU_Scheduler_1] Admitted 1 requests for model_2
[2026-08-21 22:36:39.678 GPU_Scheduler_0] Admitted 1 requests for model_5
[2026-08-21 22:36:39.683 GPU_Scheduler_1] Admitted 2 requests for model_2
[2026-08-21 22:36:39.795 GPU_Scheduler_1] Admitted 1 requests for model_3
[2026-08-21 22:36:39.885 GPU_Scheduler_1] Admitted 1 requests for model_2
[2026-08-21 22:36:39.953 GPU_Scheduler_1] Admitted 1 requests for model_2
[2026-08-21 22:36:39.998 GPU_Scheduler_1] Admitted 1 requests for model_2
[2026-08-21 22:36:40.167 GPU_Scheduler_1] Admitted 2 requests for model_2
[2026-08-21 22:36:40.201 GPU_Scheduler_1] Admitted 1 requests for model_2
[2026-08-21 22:36:40.213 GPU_Scheduler_1] Admitted 1 requests for model_2
[2026-08-21 22:36:40.258 GPU_Scheduler_1] Admitted 1 requests for model_2
[2026-08-21 22:36:40.270 GPU_Scheduler_1] Admitted 1 requests for model_2
[2026-08-21 22:36:40.304 GPU_Scheduler_1] Admitted 1 requests for model_2
[2026-08-21 22:36:40.439 GPU_Scheduler_1] Admitted 1 requests for model_2
[2026-08-21 22:36:40.439 GPU_Scheduler_1] Admitted 1 requests for model_3
[2026-08-21 22:36:40.518 GPU_Scheduler_1] Admitted 1 requests for model_2
[2026-08-21 22:36:40.530 GPU_Scheduler_1] Admitted 1 requests for model_2
[2026-08-21 22:36:40.609 GPU_Scheduler_1] Admitted 3 requests for model_2
[2026-08-21 22:36:40.677 GPU_Scheduler_1] Admitted 1 requests for model_6
[2026-08-21 22:36:40.867 GPU_Scheduler_1] Admitted 1 requests for model_2
[2026-08-21 22:36:41.061 GPU_Scheduler_0] Admitted 1 requests for model_5
[2026-08-21 22:36:41.168 GPU_Scheduler_1] Admitted 5 requests for model_2
[2026-08-21 22:36:41.406 GPU_Scheduler_1] Admitted 1 requests for model_2
[2026-08-21 22:36:41.462 GPU_Scheduler_1] Admitted 1 requests for model_2
[2026-08-21 22:36:41.474 GPU_Scheduler_1] Admitted 1 requests for model_6
[2026-08-21 22:36:41.486 GPU_Scheduler_1] Admitted 1 requests for model_2
[2026-08-21 22:36:41.520 GPU_Scheduler_1] Admitted 1 requests for model_2
[2026-08-21 22:36:41.554 GPU_Scheduler_1] Admitted 1 requests for model_2
[2026-08-21 22:36:41.577 GPU_Scheduler_1] Admitted 1 requests for model_2
[2026-08-21 22:36:41.679 GPU_Scheduler_1] Admitted 1 requests for model_3
[2026-08-21 22:36:41.691 GPU_Scheduler_1] Admitted 1 requests for model_2
[2026-08-21 22:36:41.726 GPU_Scheduler_1] Admitted 1 requests for model_2
[2026-08-21 22:36:41.726 GPU_Scheduler_1] Admitted 1 requests for model_3
[2026-08-21 22:36:41.752 GPU_Scheduler_0] Admitted 1 requests for model_5
[2026-08-21 22:36:41.828 GPU_Scheduler_1] Admitted 1 requests for model_2
[2026-08-21 22:36:41.841 GPU_Scheduler_0] Admitted 1 requests for model_5
[2026-08-21 22:36:41.908 GPU_Scheduler_1] Admitted 1 requests for model_2
[2026-08-21 22:36:42.032 GPU_Scheduler_0] [V5-LOOP] {"iters": 448, "t_mem": 0.009360428666695952, "t_redis": 0.4598433366045356, "t_admit": 0.005481734871864319, "t_send": 0.006211447296664119, "t_iter": 0.48089694743975997, "admitted": 8, "iter_max": 0.002266115043312311, "gpu_id": 0, "window_s": 5.003314018249512}
[2026-08-21 22:36:42.042 GPU_Scheduler_1] Admitted 1 requests for model_2
[2026-08-21 22:36:42.154 GPU_Scheduler_1] Admitted 1 requests for model_2
[2026-08-21 22:36:42.377 GPU_Scheduler_1] Admitted 1 requests for model_2
[2026-08-21 22:36:42.412 GPU_Scheduler_1] Admitted 1 requests for model_2
[2026-08-21 22:36:42.446 GPU_Scheduler_1] Admitted 1 requests for model_6
[2026-08-21 22:36:42.458 GPU_Scheduler_1] Admitted 1 requests for model_2
[2026-08-21 22:36:42.693 GPU_Scheduler_1] Admitted 1 requests for model_2
[2026-08-21 22:36:42.705 GPU_Scheduler_1] Admitted 1 requests for model_2
[2026-08-21 22:36:42.739 GPU_Scheduler_1] Admitted 1 requests for model_2
[2026-08-21 22:36:42.784 GPU_Scheduler_1] Admitted 1 requests for model_2
[2026-08-21 22:36:42.818 GPU_Scheduler_1] Admitted 1 requests for model_2
[2026-08-21 22:36:42.864 GPU_Scheduler_1] Admitted 1 requests for model_3
[2026-08-21 22:36:42.898 GPU_Scheduler_1] [V5-LOOP] {"iters": 445, "t_mem": 0.009354607434943318, "t_redis": 0.44939084723591805, "t_admit": 0.008971304865553975, "t_send": 0.04503711313009262, "t_iter": 0.512753872666508, "admitted": 82, "iter_max": 0.003941464936360717, "gpu_id": 1, "window_s": 5.004474639892578}
[2026-08-21 22:36:42.922 GPU_Scheduler_1] Admitted 1 requests for model_2
[2026-08-21 22:36:42.934 GPU_Scheduler_1] Admitted 1 requests for model_2
[2026-08-21 22:36:43.014 GPU_Scheduler_1] Admitted 1 requests for model_2
[2026-08-21 22:36:43.059 GPU_Scheduler_1] Admitted 1 requests for model_2
[2026-08-21 22:36:43.104 GPU_Scheduler_1] Admitted 1 requests for model_2
[2026-08-21 22:36:43.127 GPU_Scheduler_1] Admitted 1 requests for model_6
[2026-08-21 22:36:43.139 GPU_Scheduler_1] Admitted 1 requests for model_2
[2026-08-21 22:36:43.162 GPU_Scheduler_1] Admitted 1 requests for model_2
[2026-08-21 22:36:43.229 GPU_Scheduler_1] Admitted 1 requests for model_2
[2026-08-21 22:36:43.296 GPU_Scheduler_1] Admitted 1 requests for model_2
[2026-08-21 22:36:43.320 GPU_Scheduler_1] Admitted 1 requests for model_2
[2026-08-21 22:36:43.342 GPU_Scheduler_1] Admitted 1 requests for model_2
[2026-08-21 22:36:43.443 GPU_Scheduler_1] Admitted 1 requests for model_3
[2026-08-21 22:36:43.522 GPU_Scheduler_1] Admitted 1 requests for model_2
[2026-08-21 22:36:43.522 GPU_Scheduler_1] Admitted 1 requests for model_3
[2026-08-21 22:36:43.545 GPU_Scheduler_1] Admitted 1 requests for model_2
[2026-08-21 22:36:43.579 GPU_Scheduler_1] Admitted 1 requests for model_6
[2026-08-21 22:36:43.602 GPU_Scheduler_1] Admitted 1 requests for model_2
[2026-08-21 22:36:43.649 GPU_Scheduler_1] Admitted 1 requests for model_2
[2026-08-21 22:36:43.738 GPU_Scheduler_1] Admitted 1 requests for model_2
[2026-08-21 22:36:43.795 GPU_Scheduler_1] Admitted 1 requests for model_2
[2026-08-21 22:36:43.874 GPU_Scheduler_1] Admitted 1 requests for model_2
[2026-08-21 22:36:43.897 GPU_Scheduler_1] Admitted 1 requests for model_6
[2026-08-21 22:36:43.921 GPU_Scheduler_1] Admitted 1 requests for model_2
[2026-08-21 22:36:43.958 GPU_Scheduler_0] Admitted 1 requests for model_5
[2026-08-21 22:36:44.000 GPU_Scheduler_1] Admitted 1 requests for model_3
[2026-08-21 22:36:44.068 GPU_Scheduler_1] Admitted 1 requests for model_3
[2026-08-21 22:36:44.224 GPU_Scheduler_1] Admitted 1 requests for model_3
[2026-08-21 22:36:44.280 GPU_Scheduler_1] Admitted 1 requests for model_2
[2026-08-21 22:36:44.337 GPU_Scheduler_1] Admitted 1 requests for model_2
[2026-08-21 22:36:44.348 GPU_Scheduler_1] Admitted 1 requests for model_2
[2026-08-21 22:36:44.395 GPU_Scheduler_1] Admitted 2 requests for model_2
[2026-08-21 22:36:44.397 GPU_Scheduler_0] Admitted 1 requests for model_5
[2026-08-21 22:36:44.507 GPU_Scheduler_1] Admitted 1 requests for model_3
[2026-08-21 22:36:44.520 GPU_Scheduler_1] Admitted 1 requests for model_2
[2026-08-21 22:36:44.542 GPU_Scheduler_0] Admitted 1 requests for model_5
[2026-08-21 22:36:44.565 GPU_Scheduler_1] Admitted 1 requests for model_2
[2026-08-21 22:36:44.588 GPU_Scheduler_1] Admitted 2 requests for model_2
[2026-08-21 22:36:44.633 GPU_Scheduler_1] Admitted 1 requests for model_2
[2026-08-21 22:36:44.667 GPU_Scheduler_1] Admitted 1 requests for model_2
[2026-08-21 22:36:44.679 GPU_Scheduler_1] Admitted 1 requests for model_2
[2026-08-21 22:36:44.713 GPU_Scheduler_1] Admitted 1 requests for model_2
[2026-08-21 22:36:44.836 GPU_Scheduler_1] Admitted 2 requests for model_2
[2026-08-21 22:36:44.914 GPU_Scheduler_1] Admitted 1 requests for model_6
[2026-08-21 22:36:45.045 GPU_Scheduler_0] Admitted 1 requests for model_5
[2026-08-21 22:36:45.049 GPU_Scheduler_1] Admitted 1 requests for model_2
[2026-08-21 22:36:45.072 GPU_Scheduler_1] Admitted 1 requests for model_6
[2026-08-21 22:36:45.117 GPU_Scheduler_1] Admitted 1 requests for model_2
[2026-08-21 22:36:45.137 GPU_Scheduler_0] Admitted 1 requests for model_5
[2026-08-21 22:36:45.140 GPU_Scheduler_1] Admitted 1 requests for model_2
[2026-08-21 22:36:45.182 GPU_Scheduler_0] Admitted 1 requests for model_5
[2026-08-21 22:36:45.342 GPU_Scheduler_1] Admitted 1 requests for model_2
[2026-08-21 22:36:45.354 GPU_Scheduler_1] Admitted 1 requests for model_2
[2026-08-21 22:36:45.421 GPU_Scheduler_1] Admitted 1 requests for model_2
[2026-08-21 22:36:45.719 GPU_Scheduler_0] Admitted 1 requests for model_5
[2026-08-21 22:36:45.724 GPU_Scheduler_1] Admitted 1 requests for model_2
[2026-08-21 22:36:45.792 GPU_Scheduler_1] Admitted 1 requests for model_2
[2026-08-21 22:36:45.937 GPU_Scheduler_1] Admitted 1 requests for model_2
[2026-08-21 22:36:45.982 GPU_Scheduler_1] Admitted 1 requests for model_2
[2026-08-21 22:36:46.106 GPU_Scheduler_1] Admitted 1 requests for model_3
[2026-08-21 22:36:46.118 GPU_Scheduler_1] Admitted 1 requests for model_2
[2026-08-21 22:36:46.174 GPU_Scheduler_1] Admitted 1 requests for model_2
[2026-08-21 22:36:46.197 GPU_Scheduler_1] Admitted 1 requests for model_2
[2026-08-21 22:36:46.282 GPU_Scheduler_0] Admitted 1 requests for model_5
[2026-08-21 22:36:46.287 GPU_Scheduler_1] Admitted 2 requests for model_2
[2026-08-21 22:36:46.411 GPU_Scheduler_1] Admitted 1 requests for model_2
[2026-08-21 22:36:46.433 GPU_Scheduler_1] Admitted 1 requests for model_3
[2026-08-21 22:36:46.478 GPU_Scheduler_1] Admitted 3 requests for model_2
[2026-08-21 22:36:46.570 GPU_Scheduler_1] Admitted 1 requests for model_6
[2026-08-21 22:36:46.604 GPU_Scheduler_1] Admitted 1 requests for model_2
[2026-08-21 22:36:46.615 GPU_Scheduler_1] Admitted 1 requests for model_2
[2026-08-21 22:36:46.639 GPU_Scheduler_1] Admitted 1 requests for model_2
[2026-08-21 22:36:46.651 GPU_Scheduler_1] Admitted 1 requests for model_2
[2026-08-21 22:36:46.663 GPU_Scheduler_1] Admitted 1 requests for model_3
[2026-08-21 22:36:46.674 GPU_Scheduler_1] Admitted 1 requests for model_2
[2026-08-21 22:36:46.911 GPU_Scheduler_1] Admitted 1 requests for model_2
[2026-08-21 22:36:46.934 GPU_Scheduler_1] Admitted 1 requests for model_3
[2026-08-21 22:36:46.968 GPU_Scheduler_1] Admitted 2 requests for model_2
[2026-08-21 22:36:46.968 GPU_Scheduler_1] Admitted 1 requests for model_3
[2026-08-21 22:36:46.992 GPU_Scheduler_1] Admitted 1 requests for model_2
[2026-08-21 22:36:47.035 GPU_Scheduler_0] [V5-LOOP] {"iters": 444, "t_mem": 0.009927285136654973, "t_redis": 0.4983892699237913, "t_admit": 0.005911718821153045, "t_send": 0.006626531481742859, "t_iter": 0.5208548053633422, "admitted": 8, "iter_max": 0.0029839088674634695, "gpu_id": 0, "window_s": 5.0023417472839355}
[2026-08-21 22:36:47.048 GPU_Scheduler_1] Admitted 1 requests for model_2
[2026-08-21 22:36:47.069 GPU_Scheduler_1] Admitted 1 requests for model_2
[2026-08-21 22:36:47.303 GPU_Scheduler_1] Admitted 2 requests for model_2
[2026-08-21 22:36:47.336 GPU_Scheduler_1] Admitted 1 requests for model_2
[2026-08-21 22:36:47.400 GPU_Scheduler_1] Admitted 1 requests for model_3
[2026-08-21 22:36:47.465 GPU_Scheduler_1] Admitted 1 requests for model_2
[2026-08-21 22:36:47.476 GPU_Scheduler_1] Admitted 1 requests for model_2
[2026-08-21 22:36:47.523 GPU_Scheduler_0] Admitted 1 requests for model_5
[2026-08-21 22:36:47.700 GPU_Scheduler_1] Admitted 1 requests for model_3
[2026-08-21 22:36:47.810 GPU_Scheduler_1] Admitted 1 requests for model_2
[2026-08-21 22:36:47.833 GPU_Scheduler_1] Admitted 1 requests for model_2
[2026-08-21 22:36:47.901 GPU_Scheduler_1] [V5-LOOP] {"iters": 446, "t_mem": 0.009176566265523434, "t_redis": 0.43043079413473606, "t_admit": 0.009789184667170048, "t_send": 0.05147874797694385, "t_iter": 0.5008752930443734, "admitted": 90, "iter_max": 0.003184600966051221, "gpu_id": 1, "window_s": 5.002989053726196}
[2026-08-21 22:36:47.980 GPU_Scheduler_1] Admitted 1 requests for model_2
[2026-08-21 22:36:48.014 GPU_Scheduler_1] Admitted 1 requests for model_2
[2026-08-21 22:36:48.026 GPU_Scheduler_1] Admitted 1 requests for model_2
[2026-08-21 22:36:48.050 GPU_Scheduler_1] Admitted 1 requests for model_2
[2026-08-21 22:36:48.062 GPU_Scheduler_1] Admitted 1 requests for model_2
[2026-08-21 22:36:48.107 GPU_Scheduler_1] Admitted 1 requests for model_2
[2026-08-21 22:36:48.130 GPU_Scheduler_1] Admitted 1 requests for model_2
[2026-08-21 22:36:48.142 GPU_Scheduler_1] Admitted 1 requests for model_2
[2026-08-21 22:36:48.165 GPU_Scheduler_1] Admitted 1 requests for model_2
[2026-08-21 22:36:48.312 GPU_Scheduler_1] Admitted 1 requests for model_3
[2026-08-21 22:36:48.324 GPU_Scheduler_1] Admitted 1 requests for model_2
[2026-08-21 22:36:48.358 GPU_Scheduler_1] Admitted 1 requests for model_2
[2026-08-21 22:36:48.403 GPU_Scheduler_1] Admitted 1 requests for model_2
[2026-08-21 22:36:48.469 GPU_Scheduler_0] Admitted 1 requests for model_5
[2026-08-21 22:36:48.606 GPU_Scheduler_1] Admitted 1 requests for model_2
[2026-08-21 22:36:48.640 GPU_Scheduler_1] Admitted 1 requests for model_2
[2026-08-21 22:36:48.675 GPU_Scheduler_1] Admitted 1 requests for model_2
[2026-08-21 22:36:48.731 GPU_Scheduler_1] Admitted 1 requests for model_2
[2026-08-21 22:36:48.776 GPU_Scheduler_0] Admitted 1 requests for model_5
[2026-08-21 22:36:48.843 GPU_Scheduler_1] Admitted 3 requests for model_2
[2026-08-21 22:36:48.955 GPU_Scheduler_1] Admitted 1 requests for model_2
[2026-08-21 22:36:48.978 GPU_Scheduler_1] Admitted 1 requests for model_2
[2026-08-21 22:36:49.080 GPU_Scheduler_1] Admitted 1 requests for model_2
[2026-08-21 22:36:49.259 GPU_Scheduler_1] Admitted 1 requests for model_2
[2026-08-21 22:36:49.316 GPU_Scheduler_1] Admitted 1 requests for model_3
[2026-08-21 22:36:49.372 GPU_Scheduler_1] Admitted 1 requests for model_2
[2026-08-21 22:36:49.406 GPU_Scheduler_1] Admitted 1 requests for model_2
[2026-08-21 22:36:49.474 GPU_Scheduler_1] Admitted 1 requests for model_2
[2026-08-21 22:36:49.552 GPU_Scheduler_1] Admitted 1 requests for model_2
[2026-08-21 22:36:49.586 GPU_Scheduler_1] Admitted 1 requests for model_2
[2026-08-21 22:36:49.650 GPU_Scheduler_0] Admitted 1 requests for model_5
[2026-08-21 22:36:49.664 GPU_Scheduler_1] Admitted 2 requests for model_2
[2026-08-21 22:36:49.686 GPU_Scheduler_1] Admitted 1 requests for model_2
[2026-08-21 22:36:49.720 GPU_Scheduler_0] Admitted 1 requests for model_5
[2026-08-21 22:36:49.837 GPU_Scheduler_1] Admitted 1 requests for model_2
[2026-08-21 22:36:49.963 GPU_Scheduler_1] Admitted 1 requests for model_6
[2026-08-21 22:36:50.097 GPU_Scheduler_1] Admitted 1 requests for model_2
[2026-08-21 22:36:50.153 GPU_Scheduler_0] Admitted 1 requests for model_5
[2026-08-21 22:36:50.309 GPU_Scheduler_1] Admitted 2 requests for model_2
[2026-08-21 22:36:50.489 GPU_Scheduler_1] Admitted 3 requests for model_2
[2026-08-21 22:36:50.645 GPU_Scheduler_1] Admitted 1 requests for model_2
[2026-08-21 22:36:50.657 GPU_Scheduler_1] Admitted 1 requests for model_2
[2026-08-21 22:36:50.734 GPU_Scheduler_0] Admitted 1 requests for model_5
[2026-08-21 22:36:50.794 GPU_Scheduler_1] Admitted 1 requests for model_2
[2026-08-21 22:36:50.858 GPU_Scheduler_0] Admitted 1 requests for model_5
[2026-08-21 22:36:50.996 GPU_Scheduler_1] Admitted 1 requests for model_2
[2026-08-21 22:36:51.119 GPU_Scheduler_1] Admitted 1 requests for model_2
[2026-08-21 22:36:51.187 GPU_Scheduler_1] Admitted 1 requests for model_2
[2026-08-21 22:36:51.199 GPU_Scheduler_1] Admitted 1 requests for model_2
[2026-08-21 22:36:51.234 GPU_Scheduler_1] Admitted 1 requests for model_2
[2026-08-21 22:36:51.259 GPU_Scheduler_0] Admitted 1 requests for model_5
[2026-08-21 22:36:51.323 GPU_Scheduler_1] Admitted 1 requests for model_2
[2026-08-21 22:36:51.369 GPU_Scheduler_1] Admitted 1 requests for model_2
[2026-08-21 22:36:51.380 GPU_Scheduler_1] Admitted 1 requests for model_2
[2026-08-21 22:36:51.508 GPU_Scheduler_1] Admitted 1 requests for model_3
[2026-08-21 22:36:51.617 GPU_Scheduler_1] Admitted 1 requests for model_2
[2026-08-21 22:36:51.654 GPU_Scheduler_1] Admitted 1 requests for model_2
[2026-08-21 22:36:51.713 GPU_Scheduler_1] Admitted 1 requests for model_2
[2026-08-21 22:36:51.725 GPU_Scheduler_1] Admitted 1 requests for model_6
[2026-08-21 22:36:51.748 GPU_Scheduler_1] Admitted 1 requests for model_2
[2026-08-21 22:36:51.885 GPU_Scheduler_1] Admitted 1 requests for model_2
[2026-08-21 22:36:51.898 GPU_Scheduler_1] Admitted 2 requests for model_2
[2026-08-21 22:36:51.933 GPU_Scheduler_1] Admitted 1 requests for model_2
[2026-08-21 22:36:51.978 GPU_Scheduler_1] Admitted 1 requests for model_2
[2026-08-21 22:36:52.036 GPU_Scheduler_0] [V5-LOOP] {"iters": 447, "t_mem": 0.00966933323070407, "t_redis": 0.4654904701747, "t_admit": 0.005689998622983694, "t_send": 0.007140676956623793, "t_iter": 0.4879904789850116, "admitted": 9, "iter_max": 0.002835489111021161, "gpu_id": 0, "window_s": 5.000234127044678}
[2026-08-21 22:36:52.062 GPU_Scheduler_1] Admitted 1 requests for model_2
[2026-08-21 22:36:52.075 GPU_Scheduler_1] Admitted 1 requests for model_2
[2026-08-21 22:36:52.243 GPU_Scheduler_1] Admitted 1 requests for model_2
[2026-08-21 22:36:52.270 GPU_Scheduler_0] Admitted 1 requests for model_5
[2026-08-21 22:36:52.412 GPU_Scheduler_1] Admitted 1 requests for model_2
[2026-08-21 22:36:52.430 GPU_Scheduler_0] Admitted 1 requests for model_5
[2026-08-21 22:36:52.504 GPU_Scheduler_1] Admitted 2 requests for model_2
[2026-08-21 22:36:52.542 GPU_Scheduler_1] Admitted 1 requests for model_2
[2026-08-21 22:36:52.754 GPU_Scheduler_1] Admitted 1 requests for model_2
[2026-08-21 22:36:52.822 GPU_Scheduler_1] Admitted 1 requests for model_6
[2026-08-21 22:36:52.911 GPU_Scheduler_1] [V5-LOOP] {"iters": 439, "t_mem": 0.010085679590702057, "t_redis": 0.5103635531850159, "t_admit": 0.010159185389056802, "t_send": 0.04706100351177156, "t_iter": 0.5776694216765463, "admitted": 72, "iter_max": 0.004066016990691423, "gpu_id": 1, "window_s": 5.009897470474243}
[2026-08-21 22:36:52.963 GPU_Scheduler_0] Admitted 1 requests for model_5
[2026-08-21 22:36:52.991 GPU_Scheduler_1] Admitted 1 requests for model_2
[2026-08-21 22:36:53.003 GPU_Scheduler_1] Admitted 1 requests for model_2
[2026-08-21 22:36:53.016 GPU_Scheduler_1] Admitted 1 requests for model_2
[2026-08-21 22:36:53.040 GPU_Scheduler_1] Admitted 1 requests for model_6
[2026-08-21 22:36:53.065 GPU_Scheduler_1] Admitted 1 requests for model_3
[2026-08-21 22:36:53.078 GPU_Scheduler_1] Admitted 1 requests for model_3
[2026-08-21 22:36:53.103 GPU_Scheduler_1] Admitted 1 requests for model_2
[2026-08-21 22:36:53.139 GPU_Scheduler_1] Admitted 1 requests for model_2
[2026-08-21 22:36:53.187 GPU_Scheduler_1] Admitted 1 requests for model_2
[2026-08-21 22:36:53.200 GPU_Scheduler_1] Admitted 1 requests for model_2
[2026-08-21 22:36:53.220 GPU_Scheduler_0] Admitted 1 requests for model_5
[2026-08-21 22:36:53.224 GPU_Scheduler_1] Admitted 1 requests for model_3
[2026-08-21 22:36:53.332 GPU_Scheduler_1] Admitted 1 requests for model_2
[2026-08-21 22:36:53.404 GPU_Scheduler_1] Admitted 1 requests for model_2
[2026-08-21 22:36:53.440 GPU_Scheduler_1] Admitted 1 requests for model_2
[2026-08-21 22:36:53.487 GPU_Scheduler_1] Admitted 1 requests for model_2
[2026-08-21 22:36:53.612 GPU_Scheduler_1] Admitted 1 requests for model_2
[2026-08-21 22:36:53.725 GPU_Scheduler_1] Admitted 1 requests for model_2
[2026-08-21 22:36:53.760 GPU_Scheduler_1] Admitted 1 requests for model_2
[2026-08-21 22:36:53.772 GPU_Scheduler_1] Admitted 1 requests for model_2
[2026-08-21 22:36:53.795 GPU_Scheduler_1] Admitted 1 requests for model_3
[2026-08-21 22:36:53.795 GPU_Scheduler_1] Admitted 1 requests for model_6
[2026-08-21 22:36:53.877 GPU_Scheduler_1] Admitted 1 requests for model_2
[2026-08-21 22:36:53.924 GPU_Scheduler_1] Admitted 2 requests for model_2
[2026-08-21 22:36:53.979 GPU_Scheduler_0] Admitted 1 requests for model_5
[2026-08-21 22:36:53.991 GPU_Scheduler_0] Admitted 1 requests for model_5
[2026-08-21 22:36:54.011 GPU_Scheduler_1] Admitted 1 requests for model_2
[2026-08-21 22:36:54.115 GPU_Scheduler_1] Admitted 1 requests for model_2
[2026-08-21 22:36:54.309 GPU_Scheduler_1] Admitted 1 requests for model_2
[2026-08-21 22:36:54.355 GPU_Scheduler_1] Admitted 1 requests for model_2
[2026-08-21 22:36:54.463 GPU_Scheduler_1] Admitted 1 requests for model_2
[2026-08-21 22:36:54.581 GPU_Scheduler_1] Admitted 1 requests for model_2
[2026-08-21 22:36:54.606 GPU_Scheduler_1] Admitted 1 requests for model_2
[2026-08-21 22:36:54.619 GPU_Scheduler_1] Admitted 1 requests for model_2
[2026-08-21 22:36:55.006 GPU_Scheduler_1] Admitted 1 requests for model_6
[2026-08-21 22:36:55.055 GPU_Scheduler_1] Admitted 1 requests for model_3
[2026-08-21 22:36:55.081 GPU_Scheduler_1] Admitted 1 requests for model_2
[2026-08-21 22:36:55.122 GPU_Scheduler_0] Admitted 1 requests for model_5
[2026-08-21 22:36:55.177 GPU_Scheduler_1] Admitted 1 requests for model_2
[2026-08-21 22:36:55.262 GPU_Scheduler_1] Admitted 2 requests for model_2
[2026-08-21 22:36:55.295 GPU_Scheduler_0] Admitted 1 requests for model_5
[2026-08-21 22:36:55.344 GPU_Scheduler_1] Admitted 1 requests for model_2
[2026-08-21 22:36:55.366 GPU_Scheduler_1] Admitted 1 requests for model_2
[2026-08-21 22:36:55.508 GPU_Scheduler_1] Admitted 1 requests for model_2
[2026-08-21 22:36:55.553 GPU_Scheduler_0] Admitted 1 requests for model_5
[2026-08-21 22:36:55.615 GPU_Scheduler_1] Admitted 1 requests for model_2
[2026-08-21 22:36:55.665 GPU_Scheduler_1] Admitted 1 requests for model_2
[2026-08-21 22:36:55.725 GPU_Scheduler_1] Admitted 1 requests for model_6
[2026-08-21 22:36:55.787 GPU_Scheduler_1] Admitted 1 requests for model_3
[2026-08-21 22:36:55.954 GPU_Scheduler_1] Admitted 1 requests for model_2
[2026-08-21 22:36:56.027 GPU_Scheduler_1] Admitted 1 requests for model_2
[2026-08-21 22:36:56.062 GPU_Scheduler_1] Admitted 1 requests for model_2
[2026-08-21 22:36:56.085 GPU_Scheduler_0] Admitted 1 requests for model_5
[2026-08-21 22:36:56.148 GPU_Scheduler_1] Admitted 1 requests for model_2
[2026-08-21 22:36:56.181 GPU_Scheduler_0] Admitted 1 requests for model_5
[2026-08-21 22:36:56.197 GPU_Scheduler_1] Admitted 1 requests for model_2
[2026-08-21 22:36:56.234 GPU_Scheduler_1] Admitted 1 requests for model_2
[2026-08-21 22:36:56.234 GPU_Scheduler_0] Admitted 1 requests for model_5
[2026-08-21 22:36:56.266 GPU_Scheduler_0] Admitted 1 requests for model_5
[2026-08-21 22:36:56.271 GPU_Scheduler_1] Admitted 1 requests for model_2
[2026-08-21 22:36:56.331 GPU_Scheduler_1] Admitted 1 requests for model_2
[2026-08-21 22:36:56.438 GPU_Scheduler_1] Admitted 1 requests for model_2
[2026-08-21 22:36:56.480 GPU_Scheduler_0] Admitted 1 requests for model_5
[2026-08-21 22:36:56.707 GPU_Scheduler_1] Admitted 1 requests for model_2
[2026-08-21 22:36:56.720 GPU_Scheduler_1] Admitted 1 requests for model_2
[2026-08-21 22:36:56.744 GPU_Scheduler_1] Admitted 1 requests for model_3
[2026-08-21 22:36:56.791 GPU_Scheduler_1] Admitted 1 requests for model_2
[2026-08-21 22:36:56.864 GPU_Scheduler_1] Admitted 1 requests for model_2
[2026-08-21 22:36:56.878 GPU_Scheduler_1] Admitted 1 requests for model_2
[2026-08-21 22:36:57.019 GPU_Scheduler_0] Admitted 1 requests for model_5
[2026-08-21 22:36:57.037 GPU_Scheduler_1] Admitted 1 requests for model_2
[2026-08-21 22:36:57.044 GPU_Scheduler_0] [V5-LOOP] {"iters": 445, "t_mem": 0.009752610931172967, "t_redis": 0.49078684160485864, "t_admit": 0.006274805404245853, "t_send": 0.009093054570257664, "t_iter": 0.5159073125105351, "admitted": 15, "iter_max": 0.0036723229568451643, "gpu_id": 0, "window_s": 5.008557081222534}
[2026-08-21 22:36:57.094 GPU_Scheduler_1] Admitted 1 requests for model_2
[2026-08-21 22:36:57.106 GPU_Scheduler_1] Admitted 2 requests for model_2
[2026-08-21 22:36:57.177 GPU_Scheduler_1] Admitted 1 requests for model_3
[2026-08-21 22:36:57.188 GPU_Scheduler_1] Admitted 1 requests for model_6
[2026-08-21 22:36:57.200 GPU_Scheduler_1] Admitted 1 requests for model_3
[2026-08-21 22:36:57.223 GPU_Scheduler_1] Admitted 1 requests for model_2
[2026-08-21 22:36:57.247 GPU_Scheduler_1] Admitted 2 requests for model_2
[2026-08-21 22:36:57.247 GPU_Scheduler_1] Admitted 1 requests for model_3
[2026-08-21 22:36:57.294 GPU_Scheduler_1] Admitted 1 requests for model_2
[2026-08-21 22:36:57.319 GPU_Scheduler_1] Admitted 1 requests for model_2
[2026-08-21 22:36:57.345 GPU_Scheduler_0] Admitted 1 requests for model_5
[2026-08-21 22:36:57.423 GPU_Scheduler_1] Admitted 1 requests for model_3
[2026-08-21 22:36:57.435 GPU_Scheduler_1] Admitted 1 requests for model_2
[2026-08-21 22:36:57.484 GPU_Scheduler_1] Admitted 1 requests for model_2
[2026-08-21 22:36:57.530 GPU_Scheduler_1] Admitted 1 requests for model_2
[2026-08-21 22:36:57.588 GPU_Scheduler_1] Admitted 1 requests for model_3
[2026-08-21 22:36:57.612 GPU_Scheduler_1] Admitted 1 requests for model_2
[2026-08-21 22:36:57.705 GPU_Scheduler_1] Admitted 2 requests for model_2
[2026-08-21 22:36:57.730 GPU_Scheduler_1] Admitted 1 requests for model_2
[2026-08-21 22:36:57.742 GPU_Scheduler_1] Admitted 1 requests for model_2
[2026-08-21 22:36:57.789 GPU_Scheduler_1] Admitted 1 requests for model_2
[2026-08-21 22:36:57.813 GPU_Scheduler_1] Admitted 1 requests for model_2
[2026-08-21 22:36:57.871 GPU_Scheduler_1] Admitted 1 requests for model_2
[2026-08-21 22:36:57.918 GPU_Scheduler_1] [V5-LOOP] {"iters": 423, "t_mem": 0.012417823076248169, "t_redis": 0.6279143902938813, "t_admit": 0.012871898245066404, "t_send": 0.07013448001816869, "t_iter": 0.7233385916333646, "admitted": 86, "iter_max": 0.003682394977658987, "gpu_id": 1, "window_s": 5.00584077835083}
[2026-08-21 22:36:57.941 GPU_Scheduler_1] Admitted 1 requests for model_2
[2026-08-21 22:36:57.965 GPU_Scheduler_1] Admitted 1 requests for model_2
[2026-08-21 22:36:57.988 GPU_Scheduler_1] Admitted 1 requests for model_2
[2026-08-21 22:36:58.057 GPU_Scheduler_1] Admitted 1 requests for model_2
[2026-08-21 22:36:58.104 GPU_Scheduler_1] Admitted 1 requests for model_2
[2026-08-21 22:36:58.208 GPU_Scheduler_1] Admitted 1 requests for model_2
[2026-08-21 22:36:58.232 GPU_Scheduler_1] Admitted 1 requests for model_2
[2026-08-21 22:36:58.255 GPU_Scheduler_1] Admitted 1 requests for model_3
[2026-08-21 22:36:58.268 GPU_Scheduler_1] Admitted 1 requests for model_2
[2026-08-21 22:36:58.303 GPU_Scheduler_1] Admitted 1 requests for model_2
[2026-08-21 22:36:58.430 GPU_Scheduler_1] Admitted 1 requests for model_2
[2026-08-21 22:36:58.505 GPU_Scheduler_0] Admitted 1 requests for model_5
[2026-08-21 22:36:58.519 GPU_Scheduler_1] Admitted 1 requests for model_2
[2026-08-21 22:36:58.591 GPU_Scheduler_1] Admitted 1 requests for model_2
[2026-08-21 22:36:58.628 GPU_Scheduler_1] Admitted 1 requests for model_2
[2026-08-21 22:36:58.775 GPU_Scheduler_0] Admitted 1 requests for model_5
[2026-08-21 22:36:58.804 GPU_Scheduler_1] Admitted 2 requests for model_2
[2026-08-21 22:36:58.817 GPU_Scheduler_1] Admitted 1 requests for model_2
[2026-08-21 22:36:58.841 GPU_Scheduler_1] Admitted 2 requests for model_2
[2026-08-21 22:36:58.880 GPU_Scheduler_0] Admitted 1 requests for model_5
[2026-08-21 22:36:59.096 GPU_Scheduler_1] Admitted 1 requests for model_2
[2026-08-21 22:36:59.120 GPU_Scheduler_1] Admitted 1 requests for model_2
[2026-08-21 22:36:59.144 GPU_Scheduler_1] Admitted 1 requests for model_3
[2026-08-21 22:36:59.231 GPU_Scheduler_0] Admitted 1 requests for model_5
[2026-08-21 22:36:59.248 GPU_Scheduler_1] Admitted 2 requests for model_2
[2026-08-21 22:36:59.273 GPU_Scheduler_1] Admitted 1 requests for model_2
[2026-08-21 22:36:59.356 GPU_Scheduler_1] Admitted 1 requests for model_2
[2026-08-21 22:36:59.535 GPU_Scheduler_0] Admitted 1 requests for model_5
[2026-08-21 22:36:59.601 GPU_Scheduler_1] Admitted 1 requests for model_2
[2026-08-21 22:36:59.638 GPU_Scheduler_1] Admitted 1 requests for model_2
[2026-08-21 22:36:59.662 GPU_Scheduler_1] Admitted 1 requests for model_2
[2026-08-21 22:36:59.675 GPU_Scheduler_1] Admitted 1 requests for model_2
[2026-08-21 22:36:59.711 GPU_Scheduler_0] Admitted 1 requests for model_5
[2026-08-21 22:36:59.836 GPU_Scheduler_1] Admitted 1 requests for model_2
[2026-08-21 22:36:59.836 GPU_Scheduler_1] Admitted 1 requests for model_6
[2026-08-21 22:36:59.941 GPU_Scheduler_1] Admitted 1 requests for model_2
[2026-08-21 22:36:59.987 GPU_Scheduler_1] Admitted 1 requests for model_2
[2026-08-21 22:37:00.000 GPU_Scheduler_1] Admitted 1 requests for model_2
[2026-08-21 22:37:00.012 GPU_Scheduler_1] Admitted 1 requests for model_3
[2026-08-21 22:37:00.036 GPU_Scheduler_1] Admitted 2 requests for model_2
[2026-08-21 22:37:00.060 GPU_Scheduler_1] Admitted 1 requests for model_2
[2026-08-21 22:37:00.117 GPU_Scheduler_1] Admitted 1 requests for model_6
[2026-08-21 22:37:00.128 GPU_Scheduler_1] Admitted 1 requests for model_2
[2026-08-21 22:37:00.206 GPU_Scheduler_0] Admitted 1 requests for model_5
[2026-08-21 22:37:00.240 GPU_Scheduler_1] Admitted 1 requests for model_2
[2026-08-21 22:37:00.348 GPU_Scheduler_0] Admitted 1 requests for model_5
[2026-08-21 22:37:00.420 GPU_Scheduler_1] Admitted 1 requests for model_2
[2026-08-21 22:37:00.454 GPU_Scheduler_1] Admitted 1 requests for model_2
[2026-08-21 22:37:00.479 GPU_Scheduler_1] Admitted 1 requests for model_2
[2026-08-21 22:37:00.504 GPU_Scheduler_1] Admitted 1 requests for model_2
[2026-08-21 22:37:00.505 GPU_Scheduler_1] Admitted 1 requests for model_6
[2026-08-21 22:37:00.781 GPU_Scheduler_1] Admitted 1 requests for model_2
[2026-08-21 22:37:00.890 GPU_Scheduler_1] Admitted 1 requests for model_6
[2026-08-21 22:37:00.950 GPU_Scheduler_1] Admitted 1 requests for model_2
[2026-08-21 22:37:01.023 GPU_Scheduler_1] Admitted 1 requests for model_2
[2026-08-21 22:37:01.036 GPU_Scheduler_1] Admitted 2 requests for model_2
[2026-08-21 22:37:01.036 GPU_Scheduler_1] Admitted 2 requests for model_3
[2026-08-21 22:37:01.063 GPU_Scheduler_1] Admitted 1 requests for model_3
[2026-08-21 22:37:01.088 GPU_Scheduler_1] Admitted 1 requests for model_2
[2026-08-21 22:37:01.166 GPU_Scheduler_0] Admitted 1 requests for model_5
[2026-08-21 22:37:01.201 GPU_Scheduler_0] Admitted 1 requests for model_5
[2026-08-21 22:37:01.284 GPU_Scheduler_1] Admitted 1 requests for model_6
[2026-08-21 22:37:01.315 GPU_Scheduler_0] Admitted 1 requests for model_5
[2026-08-21 22:37:01.321 GPU_Scheduler_1] Admitted 1 requests for model_2
[2026-08-21 22:37:01.358 GPU_Scheduler_1] Admitted 1 requests for model_3
[2026-08-21 22:37:01.431 GPU_Scheduler_1] Admitted 1 requests for model_2
[2026-08-21 22:37:01.480 GPU_Scheduler_1] Admitted 1 requests for model_2
[2026-08-21 22:37:01.493 GPU_Scheduler_1] Admitted 1 requests for model_6
[2026-08-21 22:37:01.565 GPU_Scheduler_1] Admitted 1 requests for model_6
[2026-08-21 22:37:01.588 GPU_Scheduler_1] Admitted 1 requests for model_3
[2026-08-21 22:37:01.635 GPU_Scheduler_1] Admitted 1 requests for model_2
[2026-08-21 22:37:01.762 GPU_Scheduler_1] Admitted 1 requests for model_2
[2026-08-21 22:37:01.840 GPU_Scheduler_1] Admitted 1 requests for model_2
[2026-08-21 22:37:01.851 GPU_Scheduler_1] Admitted 1 requests for model_2
[2026-08-21 22:37:01.884 GPU_Scheduler_1] Admitted 1 requests for model_2
[2026-08-21 22:37:01.906 GPU_Scheduler_1] Admitted 1 requests for model_2
[2026-08-21 22:37:02.050 GPU_Scheduler_0] [V5-LOOP] {"iters": 427, "t_mem": 0.011295359581708908, "t_redis": 0.6620242309290916, "t_admit": 0.007796263322234154, "t_send": 0.011532686650753021, "t_iter": 0.6926485404837877, "admitted": 12, "iter_max": 0.0038483450189232826, "gpu_id": 0, "window_s": 5.004833936691284}
[2026-08-21 22:37:02.081 GPU_Scheduler_1] Admitted 1 requests for model_2
[2026-08-21 22:37:02.224 GPU_Scheduler_1] Admitted 1 requests for model_2
[2026-08-21 22:37:02.347 GPU_Scheduler_1] Admitted 1 requests for model_2
[2026-08-21 22:37:02.414 GPU_Scheduler_1] Admitted 1 requests for model_2
[2026-08-21 22:37:02.458 GPU_Scheduler_1] Admitted 1 requests for model_2
[2026-08-21 22:37:02.547 GPU_Scheduler_1] Admitted 1 requests for model_2
[2026-08-21 22:37:02.593 GPU_Scheduler_1] Admitted 1 requests for model_2
[2026-08-21 22:37:02.615 GPU_Scheduler_1] Admitted 1 requests for model_6
[2026-08-21 22:37:02.681 GPU_Scheduler_1] Admitted 1 requests for model_2
[2026-08-21 22:37:02.701 GPU_Scheduler_0] Admitted 1 requests for model_5
[2026-08-21 22:37:02.725 GPU_Scheduler_1] Admitted 1 requests for model_2
[2026-08-21 22:37:02.725 GPU_Scheduler_1] Admitted 1 requests for model_6
[2026-08-21 22:37:02.824 GPU_Scheduler_1] Admitted 1 requests for model_6
[2026-08-21 22:37:02.835 GPU_Scheduler_1] Admitted 1 requests for model_2
[2026-08-21 22:37:02.899 GPU_Scheduler_1] Admitted 1 requests for model_2
[2026-08-21 22:37:02.910 GPU_Scheduler_1] Admitted 1 requests for model_2
[2026-08-21 22:37:02.921 GPU_Scheduler_1] [V5-LOOP] {"iters": 431, "t_mem": 0.010967342415824533, "t_redis": 0.5663610252086073, "t_admit": 0.011025737971067429, "t_send": 0.06259587616659701, "t_iter": 0.6509499817620963, "admitted": 86, "iter_max": 0.004896212834864855, "gpu_id": 1, "window_s": 5.00327467918396}
[2026-08-21 22:37:03.091 GPU_Scheduler_1] Admitted 1 requests for model_2
[2026-08-21 22:37:03.218 GPU_Scheduler_1] Admitted 1 requests for model_2
[2026-08-21 22:37:03.257 GPU_Scheduler_0] Admitted 1 requests for model_5
[2026-08-21 22:37:03.334 GPU_Scheduler_1] Admitted 1 requests for model_3
[2026-08-21 22:37:03.377 GPU_Scheduler_1] Admitted 1 requests for model_2
[2026-08-21 22:37:03.388 GPU_Scheduler_1] Admitted 1 requests for model_2
[2026-08-21 22:37:03.452 GPU_Scheduler_1] Admitted 1 requests for model_2
[2026-08-21 22:37:03.494 GPU_Scheduler_1] Admitted 1 requests for model_6
[2026-08-21 22:37:03.506 GPU_Scheduler_1] Admitted 1 requests for model_2
[2026-08-21 22:37:03.518 GPU_Scheduler_1] Admitted 1 requests for model_2
[2026-08-21 22:37:03.563 GPU_Scheduler_1] Admitted 1 requests for model_6
[2026-08-21 22:37:03.743 GPU_Scheduler_1] Admitted 1 requests for model_6
[2026-08-21 22:37:03.767 GPU_Scheduler_1] Admitted 1 requests for model_2
[2026-08-21 22:37:03.803 GPU_Scheduler_1] Admitted 1 requests for model_2
[2026-08-21 22:37:03.850 GPU_Scheduler_1] Admitted 1 requests for model_2
[2026-08-21 22:37:03.850 GPU_Scheduler_1] Admitted 1 requests for model_3
[2026-08-21 22:37:03.873 GPU_Scheduler_1] Admitted 1 requests for model_2
[2026-08-21 22:37:03.895 GPU_Scheduler_1] Admitted 1 requests for model_2
[2026-08-21 22:37:03.971 GPU_Scheduler_0] Admitted 1 requests for model_5
[2026-08-21 22:37:03.983 GPU_Scheduler_1] Admitted 1 requests for model_2
[2026-08-21 22:37:04.017 GPU_Scheduler_1] Admitted 1 requests for model_2
[2026-08-21 22:37:04.096 GPU_Scheduler_1] Admitted 1 requests for model_2
[2026-08-21 22:37:04.151 GPU_Scheduler_1] Admitted 1 requests for model_2
[2026-08-21 22:37:04.217 GPU_Scheduler_1] Admitted 1 requests for model_2
[2026-08-21 22:37:04.261 GPU_Scheduler_1] Admitted 1 requests for model_2
[2026-08-21 22:37:04.272 GPU_Scheduler_1] Admitted 1 requests for model_2
[2026-08-21 22:37:04.330 GPU_Scheduler_1] Admitted 1 requests for model_2
[2026-08-21 22:37:04.423 GPU_Scheduler_1] Admitted 1 requests for model_2
[2026-08-21 22:37:04.481 GPU_Scheduler_1] Admitted 1 requests for model_2
[2026-08-21 22:37:04.493 GPU_Scheduler_1] Admitted 1 requests for model_2
[2026-08-21 22:37:04.518 GPU_Scheduler_1] Admitted 1 requests for model_2
[2026-08-21 22:37:04.518 GPU_Scheduler_1] Admitted 1 requests for model_6
[2026-08-21 22:37:04.530 GPU_Scheduler_1] Admitted 1 requests for model_2
[2026-08-21 22:37:04.554 GPU_Scheduler_1] Admitted 1 requests for model_2
[2026-08-21 22:37:04.602 GPU_Scheduler_1] Admitted 1 requests for model_2
[2026-08-21 22:37:04.725 GPU_Scheduler_1] Admitted 1 requests for model_6
[2026-08-21 22:37:04.747 GPU_Scheduler_1] Admitted 1 requests for model_2
[2026-08-21 22:37:04.811 GPU_Scheduler_1] Admitted 1 requests for model_2
[2026-08-21 22:37:04.835 GPU_Scheduler_1] Admitted 1 requests for model_2
[2026-08-21 22:37:04.881 GPU_Scheduler_1] Admitted 1 requests for model_2
[2026-08-21 22:37:04.928 GPU_Scheduler_1] Admitted 1 requests for model_2
[2026-08-21 22:37:04.975 GPU_Scheduler_1] Admitted 1 requests for model_6
[2026-08-21 22:37:05.056 GPU_Scheduler_1] Admitted 1 requests for model_6
[2026-08-21 22:37:05.345 GPU_Scheduler_1] Admitted 1 requests for model_2
[2026-08-21 22:37:05.438 GPU_Scheduler_1] Admitted 1 requests for model_2
[2026-08-21 22:37:05.473 GPU_Scheduler_1] Admitted 1 requests for model_2
[2026-08-21 22:37:05.600 GPU_Scheduler_1] Admitted 1 requests for model_2
[2026-08-21 22:37:05.613 GPU_Scheduler_1] Admitted 1 requests for model_6
[2026-08-21 22:37:05.636 GPU_Scheduler_1] Admitted 1 requests for model_2
[2026-08-21 22:37:05.821 GPU_Scheduler_1] Admitted 1 requests for model_2
[2026-08-21 22:37:05.929 GPU_Scheduler_0] Admitted 1 requests for model_5
[2026-08-21 22:37:06.328 GPU_Scheduler_0] Admitted 1 requests for model_5
[2026-08-21 22:37:06.480 GPU_Scheduler_1] Admitted 1 requests for model_3
[2026-08-21 22:37:06.751 GPU_Scheduler_1] Admitted 1 requests for model_3
[2026-08-21 22:37:06.787 GPU_Scheduler_1] Admitted 1 requests for model_6
[2026-08-21 22:37:06.977 GPU_Scheduler_1] Admitted 1 requests for model_3
[2026-08-21 22:37:06.995 GPU_Scheduler_0] Admitted 1 requests for model_5
[2026-08-21 22:37:07.057 GPU_Scheduler_0] [V5-LOOP] {"iters": 419, "t_mem": 0.013595481170341372, "t_redis": 0.7400609061587602, "t_admit": 0.009729941841214895, "t_send": 0.008701224811375141, "t_iter": 0.7720875539816916, "admitted": 6, "iter_max": 0.004961601924151182, "gpu_id": 0, "window_s": 5.006165027618408}
[2026-08-21 22:37:07.094 GPU_Scheduler_0] Admitted 1 requests for model_5
[2026-08-21 22:37:07.409 GPU_Scheduler_1] Admitted 1 requests for model_6
[2026-08-21 22:37:07.493 GPU_Scheduler_0] Admitted 1 requests for model_5
[2026-08-21 22:37:07.607 GPU_Scheduler_1] Admitted 1 requests for model_6
[2026-08-21 22:37:07.663 GPU_Scheduler_0] Admitted 1 requests for model_5
[2026-08-21 22:37:07.872 GPU_Scheduler_1] Admitted 1 requests for model_3
[2026-08-21 22:37:07.885 GPU_Scheduler_1] Admitted 32 requests for model_2
[2026-08-21 22:37:07.924 GPU_Scheduler_1] [V5-LOOP] {"iters": 434, "t_mem": 0.0099960642401129, "t_redis": 0.5446101769339293, "t_admit": 0.012812697794288397, "t_send": 0.05319610261358321, "t_iter": 0.6206150415819138, "admitted": 87, "iter_max": 0.018608791986480355, "gpu_id": 1, "window_s": 5.0029332637786865}
[2026-08-21 22:37:08.041 GPU_Scheduler_0] Admitted 1 requests for model_5
[2026-08-21 22:37:08.134 GPU_Scheduler_1] Admitted 1 requests for model_3
[2026-08-21 22:37:08.540 GPU_Scheduler_1] Admitted 1 requests for model_6
[2026-08-21 22:37:08.674 GPU_Scheduler_1] Admitted 10 requests for model_2
[2026-08-21 22:37:08.677 GPU_Scheduler_0] Admitted 1 requests for model_5
[2026-08-21 22:37:08.773 GPU_Scheduler_0] Admitted 1 requests for model_5
[2026-08-21 22:37:09.040 GPU_Scheduler_1] Admitted 2 requests for model_2
[2026-08-21 22:37:09.041 GPU_Scheduler_1] Admitted 1 requests for model_3
[2026-08-21 22:37:09.143 GPU_Scheduler_1] Admitted 1 requests for model_2
[2026-08-21 22:37:09.155 GPU_Scheduler_1] Admitted 2 requests for model_2
[2026-08-21 22:37:09.167 GPU_Scheduler_1] Admitted 1 requests for model_2
[2026-08-21 22:37:09.310 GPU_Scheduler_0] Admitted 1 requests for model_5
[2026-08-21 22:37:09.313 GPU_Scheduler_1] Admitted 1 requests for model_2
[2026-08-21 22:37:09.380 GPU_Scheduler_1] Admitted 1 requests for model_2
[2026-08-21 22:37:09.403 GPU_Scheduler_1] Admitted 1 requests for model_2
[2026-08-21 22:37:09.460 GPU_Scheduler_1] Admitted 1 requests for model_2
[2026-08-21 22:37:09.539 GPU_Scheduler_1] Admitted 1 requests for model_6
[2026-08-21 22:37:09.552 GPU_Scheduler_1] Admitted 1 requests for model_2
[2026-08-21 22:37:09.680 GPU_Scheduler_1] Admitted 1 requests for model_2
[2026-08-21 22:37:09.716 GPU_Scheduler_1] Admitted 1 requests for model_2
[2026-08-21 22:37:09.740 GPU_Scheduler_1] Admitted 1 requests for model_6
[2026-08-21 22:37:09.790 GPU_Scheduler_1] Admitted 2 requests for model_2
[2026-08-21 22:37:09.803 GPU_Scheduler_1] Admitted 1 requests for model_2
[2026-08-21 22:37:09.839 GPU_Scheduler_1] Admitted 1 requests for model_6
[2026-08-21 22:37:09.874 GPU_Scheduler_1] Admitted 1 requests for model_2
[2026-08-21 22:37:10.112 GPU_Scheduler_0] Admitted 1 requests for model_5
[2026-08-21 22:37:10.118 GPU_Scheduler_1] Admitted 1 requests for model_3
[2026-08-21 22:37:10.223 GPU_Scheduler_1] Admitted 1 requests for model_2
[2026-08-21 22:37:10.453 GPU_Scheduler_1] Admitted 1 requests for model_6
[2026-08-21 22:37:10.596 GPU_Scheduler_1] Admitted 1 requests for model_3
[2026-08-21 22:37:10.686 GPU_Scheduler_1] Admitted 1 requests for model_2
[2026-08-21 22:37:10.760 GPU_Scheduler_1] Admitted 1 requests for model_2
[2026-08-21 22:37:10.890 GPU_Scheduler_1] Admitted 1 requests for model_2
[2026-08-21 22:37:10.901 GPU_Scheduler_1] Admitted 1 requests for model_2
[2026-08-21 22:37:10.983 GPU_Scheduler_0] Admitted 1 requests for model_5
[2026-08-21 22:37:11.018 GPU_Scheduler_0] Admitted 1 requests for model_5
[2026-08-21 22:37:11.050 GPU_Scheduler_1] Admitted 1 requests for model_2
[2026-08-21 22:37:11.147 GPU_Scheduler_1] Admitted 1 requests for model_2
[2026-08-21 22:37:11.168 GPU_Scheduler_1] Admitted 1 requests for model_2
[2026-08-21 22:37:11.211 GPU_Scheduler_1] Admitted 1 requests for model_3
[2026-08-21 22:37:11.383 GPU_Scheduler_1] Admitted 1 requests for model_2
[2026-08-21 22:37:11.405 GPU_Scheduler_1] Admitted 1 requests for model_2
[2026-08-21 22:37:11.416 GPU_Scheduler_1] Admitted 1 requests for model_2
[2026-08-21 22:37:11.502 GPU_Scheduler_0] Admitted 1 requests for model_5
[2026-08-21 22:37:11.502 GPU_Scheduler_1] Admitted 1 requests for model_2
[2026-08-21 22:37:11.514 GPU_Scheduler_1] Admitted 1 requests for model_6
[2026-08-21 22:37:11.572 GPU_Scheduler_1] Admitted 1 requests for model_2
[2026-08-21 22:37:11.678 GPU_Scheduler_1] Admitted 1 requests for model_2
[2026-08-21 22:37:11.700 GPU_Scheduler_1] Admitted 1 requests for model_2
[2026-08-21 22:37:11.775 GPU_Scheduler_1] Admitted 1 requests for model_3
[2026-08-21 22:37:11.797 GPU_Scheduler_1] Admitted 1 requests for model_2
[2026-08-21 22:37:11.830 GPU_Scheduler_1] Admitted 1 requests for model_2
[2026-08-21 22:37:11.842 GPU_Scheduler_1] Admitted 1 requests for model_2
[2026-08-21 22:37:11.911 GPU_Scheduler_1] Admitted 1 requests for model_2
[2026-08-21 22:37:12.000 GPU_Scheduler_1] Admitted 1 requests for model_2
[2026-08-21 22:37:12.011 GPU_Scheduler_1] Admitted 1 requests for model_2
[2026-08-21 22:37:12.011 GPU_Scheduler_1] Admitted 1 requests for model_6
[2026-08-21 22:37:12.037 GPU_Scheduler_0] Admitted 1 requests for model_5
[2026-08-21 22:37:12.059 GPU_Scheduler_0] [V5-LOOP] {"iters": 420, "t_mem": 0.013243127148598433, "t_redis": 0.7195169683545828, "t_admit": 0.009708633879199624, "t_send": 0.012269070139154792, "t_iter": 0.7547377995215356, "admitted": 12, "iter_max": 0.0039028350729495287, "gpu_id": 0, "window_s": 5.002086400985718}
[2026-08-21 22:37:12.175 GPU_Scheduler_1] Admitted 1 requests for model_2
[2026-08-21 22:37:12.197 GPU_Scheduler_1] Admitted 1 requests for model_2
[2026-08-21 22:37:12.261 GPU_Scheduler_1] Admitted 1 requests for model_2
[2026-08-21 22:37:12.286 GPU_Scheduler_1] Admitted 1 requests for model_3
[2026-08-21 22:37:12.362 GPU_Scheduler_1] Admitted 1 requests for model_6
[2026-08-21 22:37:12.448 GPU_Scheduler_1] Admitted 1 requests for model_2
[2026-08-21 22:37:12.459 GPU_Scheduler_1] Admitted 1 requests for model_2
[2026-08-21 22:37:12.481 GPU_Scheduler_1] Admitted 1 requests for model_2
[2026-08-21 22:37:12.518 GPU_Scheduler_0] Admitted 1 requests for model_5
[2026-08-21 22:37:12.530 GPU_Scheduler_0] Admitted 1 requests for model_5
[2026-08-21 22:37:12.547 GPU_Scheduler_1] Admitted 1 requests for model_2
[2026-08-21 22:37:12.585 GPU_Scheduler_1] Admitted 1 requests for model_2
[2026-08-21 22:37:12.609 GPU_Scheduler_1] Admitted 1 requests for model_2
[2026-08-21 22:37:12.676 GPU_Scheduler_1] Admitted 2 requests for model_2
[2026-08-21 22:37:12.698 GPU_Scheduler_1] Admitted 1 requests for model_2
[2026-08-21 22:37:12.918 GPU_Scheduler_1] Admitted 1 requests for model_2
[2026-08-21 22:37:12.930 GPU_Scheduler_1] [V5-LOOP] {"iters": 440, "t_mem": 0.010317679028958082, "t_redis": 0.48773955763317645, "t_admit": 0.01107229315675795, "t_send": 0.048122611828148365, "t_iter": 0.5572521416470408, "admitted": 76, "iter_max": 0.007498129038140178, "gpu_id": 1, "window_s": 5.005380392074585}
[2026-08-21 22:37:13.000 GPU_Scheduler_1] Admitted 1 requests for model_2
[2026-08-21 22:37:13.013 GPU_Scheduler_1] Admitted 1 requests for model_2
[2026-08-21 22:37:13.111 GPU_Scheduler_1] Admitted 1 requests for model_2
[2026-08-21 22:37:13.111 GPU_Scheduler_1] Admitted 1 requests for model_6
[2026-08-21 22:37:13.197 GPU_Scheduler_1] Admitted 1 requests for model_2
[2026-08-21 22:37:13.300 GPU_Scheduler_1] Admitted 2 requests for model_2
[2026-08-21 22:37:13.326 GPU_Scheduler_0] Admitted 1 requests for model_5
[2026-08-21 22:37:13.486 GPU_Scheduler_1] Admitted 1 requests for model_2
[2026-08-21 22:37:13.520 GPU_Scheduler_1] Admitted 1 requests for model_2
[2026-08-21 22:37:13.554 GPU_Scheduler_1] Admitted 1 requests for model_2
[2026-08-21 22:37:13.566 GPU_Scheduler_1] Admitted 1 requests for model_2
[2026-08-21 22:37:13.578 GPU_Scheduler_1] Admitted 1 requests for model_2
[2026-08-21 22:37:13.589 GPU_Scheduler_1] Admitted 1 requests for model_2
[2026-08-21 22:37:13.653 GPU_Scheduler_1] Admitted 1 requests for model_2
[2026-08-21 22:37:13.653 GPU_Scheduler_1] Admitted 1 requests for model_3
[2026-08-21 22:37:13.697 GPU_Scheduler_1] Admitted 1 requests for model_2
[2026-08-21 22:37:13.772 GPU_Scheduler_1] Admitted 1 requests for model_2
[2026-08-21 22:37:13.772 GPU_Scheduler_1] Admitted 1 requests for model_3
[2026-08-21 22:37:13.805 GPU_Scheduler_1] Admitted 1 requests for model_2
[2026-08-21 22:37:13.858 GPU_Scheduler_1] Admitted 1 requests for model_2
[2026-08-21 22:37:13.870 GPU_Scheduler_1] Admitted 1 requests for model_2
[2026-08-21 22:37:13.892 GPU_Scheduler_1] Admitted 1 requests for model_2
[2026-08-21 22:37:13.921 GPU_Scheduler_0] Admitted 1 requests for model_5
[2026-08-21 22:37:13.924 GPU_Scheduler_1] Admitted 1 requests for model_2
[2026-08-21 22:37:13.946 GPU_Scheduler_1] Admitted 2 requests for model_2
[2026-08-21 22:37:14.010 GPU_Scheduler_0] Admitted 1 requests for model_5
[2026-08-21 22:37:14.191 GPU_Scheduler_1] Admitted 1 requests for model_2
[2026-08-21 22:37:14.331 GPU_Scheduler_1] Admitted 1 requests for model_2
[2026-08-21 22:37:14.352 GPU_Scheduler_1] Admitted 2 requests for model_2
[2026-08-21 22:37:14.360 GPU_Scheduler_0] Admitted 1 requests for model_5
[2026-08-21 22:37:14.470 GPU_Scheduler_0] Admitted 1 requests for model_5
[2026-08-21 22:37:14.491 GPU_Scheduler_1] Admitted 1 requests for model_2
[2026-08-21 22:37:14.590 GPU_Scheduler_0] Admitted 2 requests for model_5
[2026-08-21 22:37:14.613 GPU_Scheduler_1] Admitted 1 requests for model_2
[2026-08-21 22:37:14.636 GPU_Scheduler_1] Admitted 1 requests for model_2
[2026-08-21 22:37:14.649 GPU_Scheduler_1] Admitted 1 requests for model_6
[2026-08-21 22:37:14.694 GPU_Scheduler_1] Admitted 1 requests for model_2
[2026-08-21 22:37:14.881 GPU_Scheduler_0] Admitted 1 requests for model_5
[2026-08-21 22:37:14.936 GPU_Scheduler_0] Admitted 1 requests for model_5
[2026-08-21 22:37:14.947 GPU_Scheduler_0] Admitted 1 requests for model_5
[2026-08-21 22:37:15.103 GPU_Scheduler_0] Admitted 1 requests for model_4
[2026-08-21 22:37:15.170 GPU_Scheduler_0] Admitted 2 requests for model_5
[2026-08-21 22:37:15.387 GPU_Scheduler_0] Admitted 1 requests for model_5
[2026-08-21 22:37:15.591 GPU_Scheduler_0] Admitted 1 requests for model_5
[2026-08-21 22:37:15.709 GPU_Scheduler_0] Admitted 1 requests for model_5
[2026-08-21 22:37:15.828 GPU_Scheduler_0] Admitted 1 requests for model_5
[2026-08-21 22:37:15.885 GPU_Scheduler_0] Admitted 1 requests for model_1
[2026-08-21 22:37:15.944 GPU_Scheduler_0] Admitted 1 requests for model_1
[2026-08-21 22:37:15.945 GPU_Scheduler_0] Admitted 1 requests for model_4
[2026-08-21 22:37:16.013 GPU_Scheduler_0] Admitted 1 requests for model_4
[2026-08-21 22:37:16.116 GPU_Scheduler_0] Admitted 1 requests for model_5
[2026-08-21 22:37:16.128 GPU_Scheduler_0] Admitted 1 requests for model_4
[2026-08-21 22:37:16.152 GPU_Scheduler_0] Admitted 1 requests for model_1
[2026-08-21 22:37:16.426 GPU_Scheduler_0] Admitted 1 requests for model_1
[2026-08-21 22:37:16.438 GPU_Scheduler_1] Admitted 1 requests for model_3
[2026-08-21 22:37:16.469 GPU_Scheduler_0] Admitted 1 requests for model_4
[2026-08-21 22:37:16.597 GPU_Scheduler_0] Admitted 1 requests for model_5
[2026-08-21 22:37:16.630 GPU_Scheduler_0] Admitted 1 requests for model_1
[2026-08-21 22:37:16.642 GPU_Scheduler_0] Admitted 1 requests for model_4
[2026-08-21 22:37:16.642 GPU_Scheduler_0] Admitted 1 requests for model_5
[2026-08-21 22:37:16.667 GPU_Scheduler_0] Admitted 1 requests for model_5
[2026-08-21 22:37:16.679 GPU_Scheduler_0] Admitted 1 requests for model_4
[2026-08-21 22:37:16.679 GPU_Scheduler_0] Admitted 1 requests for model_5
[2026-08-21 22:37:16.715 GPU_Scheduler_0] Admitted 1 requests for model_4
[2026-08-21 22:37:16.728 GPU_Scheduler_0] Admitted 1 requests for model_5
[2026-08-21 22:37:16.793 GPU_Scheduler_0] Admitted 1 requests for model_5
[2026-08-21 22:37:16.808 GPU_Scheduler_0] Admitted 1 requests for model_5
[2026-08-21 22:37:16.891 GPU_Scheduler_0] Admitted 1 requests for model_1
[2026-08-21 22:37:16.937 GPU_Scheduler_0] Admitted 1 requests for model_5
[2026-08-21 22:37:17.027 GPU_Scheduler_0] Admitted 1 requests for model_4
[2026-08-21 22:37:17.060 GPU_Scheduler_0] [V5-LOOP] {"iters": 444, "t_mem": 0.010732298949733377, "t_redis": 0.4627144392579794, "t_admit": 0.008327264338731766, "t_send": 0.029766732128337026, "t_iter": 0.5115407346747816, "admitted": 42, "iter_max": 0.004915402038022876, "gpu_id": 0, "window_s": 5.000239610671997}
[2026-08-21 22:37:17.114 GPU_Scheduler_0] Admitted 1 requests for model_5
[2026-08-21 22:37:17.182 GPU_Scheduler_0] Admitted 1 requests for model_5
[2026-08-21 22:37:17.308 GPU_Scheduler_0] Admitted 1 requests for model_5
[2026-08-21 22:37:17.319 GPU_Scheduler_0] Admitted 1 requests for model_5
[2026-08-21 22:37:17.341 GPU_Scheduler_0] Admitted 1 requests for model_5
[2026-08-21 22:37:17.374 GPU_Scheduler_0] Admitted 1 requests for model_5
[2026-08-21 22:37:17.440 GPU_Scheduler_0] Admitted 1 requests for model_5
[2026-08-21 22:37:17.452 GPU_Scheduler_0] Admitted 1 requests for model_1
[2026-08-21 22:37:17.474 GPU_Scheduler_0] Admitted 1 requests for model_1
[2026-08-21 22:37:17.486 GPU_Scheduler_0] Admitted 1 requests for model_5
[2026-08-21 22:37:17.508 GPU_Scheduler_0] Admitted 1 requests for model_1
[2026-08-21 22:37:17.519 GPU_Scheduler_0] Admitted 1 requests for model_1
[2026-08-21 22:37:17.633 GPU_Scheduler_0] Admitted 1 requests for model_1
[2026-08-21 22:37:17.646 GPU_Scheduler_0] Admitted 1 requests for model_5
[2026-08-21 22:37:17.657 GPU_Scheduler_0] Admitted 1 requests for model_1
[2026-08-21 22:37:17.669 GPU_Scheduler_0] Admitted 1 requests for model_5
[2026-08-21 22:37:17.714 GPU_Scheduler_0] Admitted 1 requests for model_4
[2026-08-21 22:37:17.727 GPU_Scheduler_0] Admitted 1 requests for model_5
[2026-08-21 22:37:17.835 GPU_Scheduler_0] Admitted 1 requests for model_4
[2026-08-21 22:37:17.848 GPU_Scheduler_0] Admitted 1 requests for model_4
[2026-08-21 22:37:17.848 GPU_Scheduler_0] Admitted 1 requests for model_5
[2026-08-21 22:37:17.861 GPU_Scheduler_0] Admitted 1 requests for model_1
[2026-08-21 22:37:17.885 GPU_Scheduler_0] Admitted 1 requests for model_5
[2026-08-21 22:37:17.909 GPU_Scheduler_0] Admitted 1 requests for model_5
[2026-08-21 22:37:17.933 GPU_Scheduler_0] Admitted 2 requests for model_5
[2026-08-21 22:37:17.938 GPU_Scheduler_1] [V5-LOOP] {"iters": 453, "t_mem": 0.009422901086509228, "t_redis": 0.38768437085673213, "t_admit": 0.007181053049862385, "t_send": 0.018294219626113772, "t_iter": 0.4225825446192175, "admitted": 35, "iter_max": 0.0063772310968488455, "gpu_id": 1, "window_s": 5.007837772369385}
[2026-08-21 22:37:18.004 GPU_Scheduler_0] Admitted 1 requests for model_5
[2026-08-21 22:37:18.040 GPU_Scheduler_0] Admitted 1 requests for model_1
[2026-08-21 22:37:18.145 GPU_Scheduler_0] Admitted 1 requests for model_4
[2026-08-21 22:37:18.169 GPU_Scheduler_0] Admitted 1 requests for model_5
[2026-08-21 22:37:18.194 GPU_Scheduler_0] Admitted 1 requests for model_1
[2026-08-21 22:37:18.387 GPU_Scheduler_1] Admitted 1 requests for model_2
[2026-08-21 22:37:18.409 GPU_Scheduler_0] Admitted 1 requests for model_1
[2026-08-21 22:37:18.441 GPU_Scheduler_0] Admitted 1 requests for model_4
[2026-08-21 22:37:18.496 GPU_Scheduler_0] Admitted 1 requests for model_1
[2026-08-21 22:37:18.539 GPU_Scheduler_0] Admitted 1 requests for model_5
[2026-08-21 22:37:18.561 GPU_Scheduler_0] Admitted 1 requests for model_1
[2026-08-21 22:37:18.606 GPU_Scheduler_0] Admitted 1 requests for model_1
[2026-08-21 22:37:18.617 GPU_Scheduler_0] Admitted 1 requests for model_5
[2026-08-21 22:37:18.628 GPU_Scheduler_0] Admitted 1 requests for model_5
[2026-08-21 22:37:18.716 GPU_Scheduler_0] Admitted 1 requests for model_5
[2026-08-21 22:37:18.760 GPU_Scheduler_0] Admitted 1 requests for model_1
[2026-08-21 22:37:18.914 GPU_Scheduler_0] Admitted 1 requests for model_5
[2026-08-21 22:37:18.937 GPU_Scheduler_0] Admitted 2 requests for model_1
[2026-08-21 22:37:18.949 GPU_Scheduler_0] Admitted 2 requests for model_1
[2026-08-21 22:37:18.995 GPU_Scheduler_0] Admitted 1 requests for model_4
[2026-08-21 22:37:18.995 GPU_Scheduler_0] Admitted 1 requests for model_5
[2026-08-21 22:37:19.008 GPU_Scheduler_0] Admitted 1 requests for model_1
[2026-08-21 22:37:19.107 GPU_Scheduler_0] Admitted 1 requests for model_5
[2026-08-21 22:37:19.141 GPU_Scheduler_0] Admitted 1 requests for model_5
[2026-08-21 22:37:19.153 GPU_Scheduler_0] Admitted 1 requests for model_4
[2026-08-21 22:37:19.197 GPU_Scheduler_0] Admitted 1 requests for model_1
[2026-08-21 22:37:19.231 GPU_Scheduler_0] Admitted 1 requests for model_5
[2026-08-21 22:37:19.264 GPU_Scheduler_0] Admitted 1 requests for model_1
[2026-08-21 22:37:19.298 GPU_Scheduler_0] Admitted 1 requests for model_1
[2026-08-21 22:37:19.332 GPU_Scheduler_0] Admitted 1 requests for model_5
[2026-08-21 22:37:19.344 GPU_Scheduler_0] Admitted 1 requests for model_4
[2026-08-21 22:37:19.367 GPU_Scheduler_0] Admitted 1 requests for model_1
[2026-08-21 22:37:19.389 GPU_Scheduler_0] Admitted 1 requests for model_4
[2026-08-21 22:37:19.434 GPU_Scheduler_0] Admitted 1 requests for model_4
[2026-08-21 22:37:19.522 GPU_Scheduler_0] Admitted 1 requests for model_4
[2026-08-21 22:37:19.534 GPU_Scheduler_0] Admitted 1 requests for model_4
[2026-08-21 22:37:19.590 GPU_Scheduler_0] Admitted 1 requests for model_5
[2026-08-21 22:37:19.601 GPU_Scheduler_0] Admitted 1 requests for model_1
[2026-08-21 22:37:19.757 GPU_Scheduler_0] Admitted 1 requests for model_1
[2026-08-21 22:37:19.780 GPU_Scheduler_0] Admitted 1 requests for model_5
[2026-08-21 22:37:19.792 GPU_Scheduler_0] Admitted 1 requests for model_5
[2026-08-21 22:37:19.837 GPU_Scheduler_0] Admitted 1 requests for model_1
[2026-08-21 22:37:19.870 GPU_Scheduler_0] Admitted 1 requests for model_1
[2026-08-21 22:37:19.924 GPU_Scheduler_0] Admitted 1 requests for model_4
[2026-08-21 22:37:19.946 GPU_Scheduler_0] Admitted 1 requests for model_5
[2026-08-21 22:37:19.990 GPU_Scheduler_0] Admitted 1 requests for model_4
[2026-08-21 22:37:20.013 GPU_Scheduler_0] Admitted 1 requests for model_5
[2026-08-21 22:37:20.024 GPU_Scheduler_0] Admitted 1 requests for model_4
[2026-08-21 22:37:20.035 GPU_Scheduler_0] Admitted 1 requests for model_4
[2026-08-21 22:37:20.111 GPU_Scheduler_0] Admitted 1 requests for model_4
[2026-08-21 22:37:20.187 GPU_Scheduler_0] Admitted 1 requests for model_5
[2026-08-21 22:37:20.242 GPU_Scheduler_0] Admitted 1 requests for model_5
[2026-08-21 22:37:20.318 GPU_Scheduler_0] Admitted 1 requests for model_5
[2026-08-21 22:37:20.340 GPU_Scheduler_0] Admitted 1 requests for model_5
[2026-08-21 22:37:20.362 GPU_Scheduler_0] Admitted 1 requests for model_5
[2026-08-21 22:37:20.417 GPU_Scheduler_0] Admitted 1 requests for model_1
[2026-08-21 22:37:20.461 GPU_Scheduler_0] Admitted 1 requests for model_4
[2026-08-21 22:37:20.472 GPU_Scheduler_0] Admitted 1 requests for model_1
[2026-08-21 22:37:20.557 GPU_Scheduler_1] Admitted 1 requests for model_3
[2026-08-21 22:37:20.559 GPU_Scheduler_0] Admitted 1 requests for model_5
[2026-08-21 22:37:20.689 GPU_Scheduler_0] Admitted 1 requests for model_1
[2026-08-21 22:37:20.701 GPU_Scheduler_0] Admitted 1 requests for model_1
[2026-08-21 22:37:20.841 GPU_Scheduler_0] Admitted 1 requests for model_5
[2026-08-21 22:37:20.992 GPU_Scheduler_0] Admitted 1 requests for model_5
[2026-08-21 22:37:21.004 GPU_Scheduler_0] Admitted 1 requests for model_5
[2026-08-21 22:37:21.093 GPU_Scheduler_1] Admitted 1 requests for model_3
[2026-08-21 22:37:21.167 GPU_Scheduler_0] Admitted 1 requests for model_5
[2026-08-21 22:37:21.178 GPU_Scheduler_0] Admitted 1 requests for model_1
[2026-08-21 22:37:21.189 GPU_Scheduler_0] Admitted 1 requests for model_5
[2026-08-21 22:37:21.201 GPU_Scheduler_0] Admitted 1 requests for model_1
[2026-08-21 22:37:21.255 GPU_Scheduler_0] Admitted 1 requests for model_4
[2026-08-21 22:37:21.266 GPU_Scheduler_0] Admitted 1 requests for model_4
[2026-08-21 22:37:21.472 GPU_Scheduler_0] Admitted 1 requests for model_1
[2026-08-21 22:37:21.559 GPU_Scheduler_0] Admitted 1 requests for model_5
[2026-08-21 22:37:21.618 GPU_Scheduler_0] Admitted 1 requests for model_1
[2026-08-21 22:37:21.631 GPU_Scheduler_0] Admitted 1 requests for model_1
[2026-08-21 22:37:21.725 GPU_Scheduler_0] Admitted 1 requests for model_4
[2026-08-21 22:37:21.736 GPU_Scheduler_0] Admitted 1 requests for model_5
[2026-08-21 22:37:21.770 GPU_Scheduler_0] Admitted 1 requests for model_5
[2026-08-21 22:37:21.781 GPU_Scheduler_0] Admitted 2 requests for model_4
[2026-08-21 22:37:21.815 GPU_Scheduler_0] Admitted 1 requests for model_4
[2026-08-21 22:37:21.826 GPU_Scheduler_0] Admitted 1 requests for model_1
[2026-08-21 22:37:21.882 GPU_Scheduler_0] Admitted 1 requests for model_5
[2026-08-21 22:37:21.950 GPU_Scheduler_0] Admitted 1 requests for model_1
[2026-08-21 22:37:22.028 GPU_Scheduler_0] Admitted 1 requests for model_4
[2026-08-21 22:37:22.062 GPU_Scheduler_0] [V5-LOOP] {"iters": 445, "t_mem": 0.009048707084730268, "t_redis": 0.429859381634742, "t_admit": 0.00989223481155932, "t_send": 0.05926054110750556, "t_iter": 0.5080608646385372, "admitted": 111, "iter_max": 0.0032095510978251696, "gpu_id": 0, "window_s": 5.00168514251709}
[2026-08-21 22:37:22.084 GPU_Scheduler_0] Admitted 1 requests for model_4
[2026-08-21 22:37:22.139 GPU_Scheduler_0] Admitted 1 requests for model_5
[2026-08-21 22:37:22.206 GPU_Scheduler_0] Admitted 1 requests for model_4
[2026-08-21 22:37:22.229 GPU_Scheduler_0] Admitted 1 requests for model_5
[2026-08-21 22:37:22.273 GPU_Scheduler_0] Admitted 1 requests for model_4
[2026-08-21 22:37:22.338 GPU_Scheduler_0] Admitted 1 requests for model_1
[2026-08-21 22:37:22.350 GPU_Scheduler_0] Admitted 2 requests for model_5
[2026-08-21 22:37:22.361 GPU_Scheduler_0] Admitted 1 requests for model_4
[2026-08-21 22:37:22.450 GPU_Scheduler_0] Admitted 1 requests for model_5
[2026-08-21 22:37:22.472 GPU_Scheduler_0] Admitted 1 requests for model_5
[2026-08-21 22:37:22.505 GPU_Scheduler_0] Admitted 1 requests for model_1
[2026-08-21 22:37:22.640 GPU_Scheduler_0] Admitted 1 requests for model_5
[2026-08-21 22:37:22.761 GPU_Scheduler_0] Admitted 1 requests for model_4
[2026-08-21 22:37:22.838 GPU_Scheduler_0] Admitted 1 requests for model_5
[2026-08-21 22:37:22.849 GPU_Scheduler_0] Admitted 1 requests for model_5
[2026-08-21 22:37:22.903 GPU_Scheduler_0] Admitted 1 requests for model_5
[2026-08-21 22:37:22.943 GPU_Scheduler_1] [V5-LOOP] {"iters": 455, "t_mem": 0.008500982774421573, "t_redis": 0.3909607804380357, "t_admit": 0.005264699459075928, "t_send": 0.0028747806791216135, "t_iter": 0.40760124335065484, "admitted": 3, "iter_max": 0.0200740909203887, "gpu_id": 1, "window_s": 5.003404378890991}
[2026-08-21 22:37:23.023 GPU_Scheduler_0] Admitted 1 requests for model_5
[2026-08-21 22:37:23.057 GPU_Scheduler_0] Admitted 1 requests for model_5
[2026-08-21 22:37:23.069 GPU_Scheduler_0] Admitted 1 requests for model_5
[2026-08-21 22:37:23.169 GPU_Scheduler_0] Admitted 1 requests for model_4
[2026-08-21 22:37:23.213 GPU_Scheduler_0] Admitted 1 requests for model_5
[2026-08-21 22:37:23.269 GPU_Scheduler_0] Admitted 1 requests for model_4
[2026-08-21 22:37:23.281 GPU_Scheduler_0] Admitted 1 requests for model_1
[2026-08-21 22:37:23.303 GPU_Scheduler_0] Admitted 1 requests for model_1
[2026-08-21 22:37:23.303 GPU_Scheduler_0] Admitted 1 requests for model_5
[2026-08-21 22:37:23.392 GPU_Scheduler_0] Admitted 1 requests for model_4
[2026-08-21 22:37:23.415 GPU_Scheduler_0] Admitted 1 requests for model_5
[2026-08-21 22:37:23.482 GPU_Scheduler_0] Admitted 1 requests for model_5
[2026-08-21 22:37:23.494 GPU_Scheduler_0] Admitted 1 requests for model_5
[2026-08-21 22:37:23.516 GPU_Scheduler_0] Admitted 1 requests for model_4
[2026-08-21 22:37:23.550 GPU_Scheduler_0] Admitted 1 requests for model_5
[2026-08-21 22:37:23.572 GPU_Scheduler_0] Admitted 1 requests for model_1
[2026-08-21 22:37:23.631 GPU_Scheduler_0] Admitted 1 requests for model_4
[2026-08-21 22:37:23.643 GPU_Scheduler_0] Admitted 1 requests for model_4
[2026-08-21 22:37:23.702 GPU_Scheduler_0] Admitted 1 requests for model_4
[2026-08-21 22:37:23.737 GPU_Scheduler_0] Admitted 1 requests for model_4
[2026-08-21 22:37:23.750 GPU_Scheduler_0] Admitted 1 requests for model_4
[2026-08-21 22:37:23.938 GPU_Scheduler_0] Admitted 1 requests for model_1
[2026-08-21 22:37:23.939 GPU_Scheduler_0] Admitted 1 requests for model_4
[2026-08-21 22:37:23.998 GPU_Scheduler_0] Admitted 1 requests for model_5
[2026-08-21 22:37:24.204 GPU_Scheduler_0] Admitted 1 requests for model_5
[2026-08-21 22:37:24.294 GPU_Scheduler_0] Admitted 1 requests for model_4
[2026-08-21 22:37:24.318 GPU_Scheduler_0] Admitted 1 requests for model_5
[2026-08-21 22:37:24.375 GPU_Scheduler_0] Admitted 2 requests for model_5
[2026-08-21 22:37:24.418 GPU_Scheduler_0] Admitted 2 requests for model_5
[2026-08-21 22:37:24.429 GPU_Scheduler_0] Admitted 1 requests for model_1
[2026-08-21 22:37:24.463 GPU_Scheduler_0] Admitted 1 requests for model_1
[2026-08-21 22:37:24.495 GPU_Scheduler_0] Admitted 1 requests for model_5
[2026-08-21 22:37:24.614 GPU_Scheduler_0] Admitted 1 requests for model_4
[2026-08-21 22:37:24.660 GPU_Scheduler_0] Admitted 1 requests for model_4
[2026-08-21 22:37:24.767 GPU_Scheduler_0] Admitted 1 requests for model_5
[2026-08-21 22:37:24.810 GPU_Scheduler_0] Admitted 1 requests for model_5
[2026-08-21 22:37:24.929 GPU_Scheduler_0] Admitted 2 requests for model_4
[2026-08-21 22:37:24.940 GPU_Scheduler_0] Admitted 1 requests for model_5
[2026-08-21 22:37:24.951 GPU_Scheduler_0] Admitted 1 requests for model_5
[2026-08-21 22:37:25.047 GPU_Scheduler_0] Admitted 1 requests for model_5
[2026-08-21 22:37:25.145 GPU_Scheduler_0] Admitted 1 requests for model_5
[2026-08-21 22:37:25.298 GPU_Scheduler_0] Admitted 1 requests for model_4
[2026-08-21 22:37:25.320 GPU_Scheduler_0] Admitted 1 requests for model_4
[2026-08-21 22:37:25.364 GPU_Scheduler_0] Admitted 1 requests for model_4
[2026-08-21 22:37:25.386 GPU_Scheduler_0] Admitted 1 requests for model_5
[2026-08-21 22:37:25.397 GPU_Scheduler_0] Admitted 1 requests for model_4
[2026-08-21 22:37:25.419 GPU_Scheduler_0] Admitted 1 requests for model_5
[2026-08-21 22:37:25.649 GPU_Scheduler_1] Admitted 1 requests for model_3
[2026-08-21 22:37:25.708 GPU_Scheduler_0] Admitted 1 requests for model_5
[2026-08-21 22:37:25.837 GPU_Scheduler_0] Admitted 1 requests for model_1
[2026-08-21 22:37:25.837 GPU_Scheduler_0] Admitted 1 requests for model_5
[2026-08-21 22:37:25.935 GPU_Scheduler_0] Admitted 1 requests for model_1
[2026-08-21 22:37:25.957 GPU_Scheduler_0] Admitted 1 requests for model_1
[2026-08-21 22:37:25.968 GPU_Scheduler_0] Admitted 1 requests for model_5
[2026-08-21 22:37:26.023 GPU_Scheduler_0] Admitted 1 requests for model_5
[2026-08-21 22:37:26.079 GPU_Scheduler_0] Admitted 1 requests for model_5
[2026-08-21 22:37:26.091 GPU_Scheduler_0] Admitted 1 requests for model_4
[2026-08-21 22:37:26.266 GPU_Scheduler_0] Admitted 1 requests for model_4
[2026-08-21 22:37:26.310 GPU_Scheduler_0] Admitted 1 requests for model_5
[2026-08-21 22:37:26.332 GPU_Scheduler_0] Admitted 1 requests for model_5
[2026-08-21 22:37:26.355 GPU_Scheduler_0] Admitted 1 requests for model_5
[2026-08-21 22:37:26.399 GPU_Scheduler_0] Admitted 1 requests for model_1
[2026-08-21 22:37:26.465 GPU_Scheduler_0] Admitted 1 requests for model_5
[2026-08-21 22:37:26.520 GPU_Scheduler_0] Admitted 1 requests for model_5
[2026-08-21 22:37:26.542 GPU_Scheduler_0] Admitted 1 requests for model_1
[2026-08-21 22:37:26.608 GPU_Scheduler_0] Admitted 1 requests for model_4
[2026-08-21 22:37:26.631 GPU_Scheduler_0] Admitted 1 requests for model_5
[2026-08-21 22:37:26.718 GPU_Scheduler_0] Admitted 1 requests for model_5
[2026-08-21 22:37:26.860 GPU_Scheduler_0] Admitted 1 requests for model_4
[2026-08-21 22:37:26.947 GPU_Scheduler_0] Admitted 1 requests for model_5
[2026-08-21 22:37:26.969 GPU_Scheduler_0] Admitted 1 requests for model_5
[2026-08-21 22:37:27.024 GPU_Scheduler_0] Admitted 1 requests for model_5
[2026-08-21 22:37:27.046 GPU_Scheduler_0] Admitted 1 requests for model_5
[2026-08-21 22:37:27.069 GPU_Scheduler_0] Admitted 1 requests for model_5
[2026-08-21 22:37:27.069 GPU_Scheduler_0] [V5-LOOP] {"iters": 446, "t_mem": 0.009709396632388234, "t_redis": 0.4366006040945649, "t_admit": 0.009477542247623205, "t_send": 0.04718685173429549, "t_iter": 0.5029743947088718, "admitted": 93, "iter_max": 0.020725745940580964, "gpu_id": 0, "window_s": 5.007337331771851}
[2026-08-21 22:37:27.080 GPU_Scheduler_0] Admitted 1 requests for model_1
[2026-08-21 22:37:27.102 GPU_Scheduler_0] Admitted 1 requests for model_5
[2026-08-21 22:37:27.114 GPU_Scheduler_0] Admitted 1 requests for model_5
[2026-08-21 22:37:27.222 GPU_Scheduler_0] Admitted 1 requests for model_1
[2026-08-21 22:37:27.277 GPU_Scheduler_0] Admitted 1 requests for model_1
[2026-08-21 22:37:27.320 GPU_Scheduler_0] Admitted 1 requests for model_1
[2026-08-21 22:37:27.353 GPU_Scheduler_0] Admitted 1 requests for model_5
[2026-08-21 22:37:27.375 GPU_Scheduler_0] Admitted 1 requests for model_5
[2026-08-21 22:37:27.397 GPU_Scheduler_0] Admitted 1 requests for model_1
[2026-08-21 22:37:27.505 GPU_Scheduler_0] Admitted 1 requests for model_5
[2026-08-21 22:37:27.516 GPU_Scheduler_0] Admitted 1 requests for model_1
[2026-08-21 22:37:27.570 GPU_Scheduler_0] Admitted 1 requests for model_4
[2026-08-21 22:37:27.722 GPU_Scheduler_0] Admitted 1 requests for model_4
[2026-08-21 22:37:27.819 GPU_Scheduler_0] Admitted 1 requests for model_1
[2026-08-21 22:37:27.852 GPU_Scheduler_0] Admitted 1 requests for model_5
[2026-08-21 22:37:27.885 GPU_Scheduler_0] Admitted 1 requests for model_5
[2026-08-21 22:37:27.950 GPU_Scheduler_1] [V5-LOOP] {"iters": 457, "t_mem": 0.007792018819600344, "t_redis": 0.37097204895690084, "t_admit": 0.003997202729806304, "t_send": 0.0011879049707204103, "t_iter": 0.3839491754770279, "admitted": 1, "iter_max": 0.032130230916664004, "gpu_id": 1, "window_s": 5.007201194763184}
[2026-08-21 22:37:27.971 GPU_Scheduler_0] Admitted 2 requests for model_5
[2026-08-21 22:37:27.993 GPU_Scheduler_0] Admitted 1 requests for model_1
[2026-08-21 22:37:28.005 GPU_Scheduler_0] Admitted 1 requests for model_1
[2026-08-21 22:37:28.092 GPU_Scheduler_0] Admitted 1 requests for model_5
[2026-08-21 22:37:28.114 GPU_Scheduler_0] Admitted 1 requests for model_5
[2026-08-21 22:37:28.179 GPU_Scheduler_0] Admitted 1 requests for model_5
[2026-08-21 22:37:28.190 GPU_Scheduler_0] Admitted 1 requests for model_5
[2026-08-21 22:37:28.233 GPU_Scheduler_0] Admitted 1 requests for model_5
[2026-08-21 22:37:28.288 GPU_Scheduler_0] Admitted 1 requests for model_5
[2026-08-21 22:37:28.407 GPU_Scheduler_0] Admitted 1 requests for model_1
[2026-08-21 22:37:28.429 GPU_Scheduler_0] Admitted 1 requests for model_4
[2026-08-21 22:37:28.462 GPU_Scheduler_0] Admitted 2 requests for model_5
[2026-08-21 22:37:28.495 GPU_Scheduler_0] Admitted 1 requests for model_5
[2026-08-21 22:37:28.583 GPU_Scheduler_0] Admitted 1 requests for model_5
[2026-08-21 22:37:28.594 GPU_Scheduler_0] Admitted 1 requests for model_5
[2026-08-21 22:37:28.713 GPU_Scheduler_0] Admitted 1 requests for model_1
[2026-08-21 22:37:28.735 GPU_Scheduler_1] Admitted 1 requests for model_3
[2026-08-21 22:37:28.767 GPU_Scheduler_0] Admitted 2 requests for model_5
[2026-08-21 22:37:28.809 GPU_Scheduler_1] Admitted 1 requests for model_3
[2026-08-21 22:37:28.843 GPU_Scheduler_0] Admitted 1 requests for model_1
[2026-08-21 22:37:28.876 GPU_Scheduler_0] Admitted 1 requests for model_1
[2026-08-21 22:37:28.898 GPU_Scheduler_0] Admitted 1 requests for model_1
[2026-08-21 22:37:29.018 GPU_Scheduler_0] Admitted 1 requests for model_5
[2026-08-21 22:37:29.083 GPU_Scheduler_0] Admitted 1 requests for model_1
[2026-08-21 22:37:29.180 GPU_Scheduler_0] Admitted 1 requests for model_1
[2026-08-21 22:37:29.180 GPU_Scheduler_0] Admitted 1 requests for model_5
[2026-08-21 22:37:29.213 GPU_Scheduler_0] Admitted 1 requests for model_5
[2026-08-21 22:37:29.343 GPU_Scheduler_0] Admitted 1 requests for model_5
[2026-08-21 22:37:29.591 GPU_Scheduler_0] Admitted 1 requests for model_5
[2026-08-21 22:37:29.678 GPU_Scheduler_0] Admitted 1 requests for model_1
[2026-08-21 22:37:29.687 GPU_Scheduler_1] Admitted 1 requests for model_3
[2026-08-21 22:37:29.722 GPU_Scheduler_0] Admitted 1 requests for model_4
[2026-08-21 22:37:29.884 GPU_Scheduler_0] Admitted 1 requests for model_5
[2026-08-21 22:37:29.895 GPU_Scheduler_0] Admitted 1 requests for model_5
[2026-08-21 22:37:29.917 GPU_Scheduler_0] Admitted 1 requests for model_5
[2026-08-21 22:37:30.026 GPU_Scheduler_0] Admitted 1 requests for model_5
[2026-08-21 22:37:30.048 GPU_Scheduler_0] Admitted 2 requests for model_1
[2026-08-21 22:37:30.070 GPU_Scheduler_0] Admitted 1 requests for model_4
[2026-08-21 22:37:30.103 GPU_Scheduler_0] Admitted 1 requests for model_4
[2026-08-21 22:37:30.103 GPU_Scheduler_0] Admitted 1 requests for model_5
[2026-08-21 22:37:30.115 GPU_Scheduler_0] Admitted 1 requests for model_5
[2026-08-21 22:37:30.147 GPU_Scheduler_0] Admitted 1 requests for model_4
[2026-08-21 22:37:30.288 GPU_Scheduler_0] Admitted 1 requests for model_5
[2026-08-21 22:37:30.332 GPU_Scheduler_0] Admitted 1 requests for model_1
[2026-08-21 22:37:30.473 GPU_Scheduler_0] Admitted 1 requests for model_5
[2026-08-21 22:37:30.506 GPU_Scheduler_0] Admitted 1 requests for model_4
[2026-08-21 22:37:30.615 GPU_Scheduler_0] Admitted 1 requests for model_5
[2026-08-21 22:37:30.680 GPU_Scheduler_0] Admitted 1 requests for model_4
[2026-08-21 22:37:30.724 GPU_Scheduler_0] Admitted 1 requests for model_1
[2026-08-21 22:37:30.843 GPU_Scheduler_0] Admitted 1 requests for model_4
[2026-08-21 22:37:30.865 GPU_Scheduler_0] Admitted 2 requests for model_5
[2026-08-21 22:37:30.963 GPU_Scheduler_0] Admitted 1 requests for model_5
[2026-08-21 22:37:31.060 GPU_Scheduler_0] Admitted 1 requests for model_5
[2026-08-21 22:37:31.141 GPU_Scheduler_0] Admitted 1 requests for model_5
[2026-08-21 22:37:31.152 GPU_Scheduler_0] Admitted 1 requests for model_4
[2026-08-21 22:37:31.205 GPU_Scheduler_0] Admitted 1 requests for model_5
[2026-08-21 22:37:31.279 GPU_Scheduler_0] Admitted 1 requests for model_5
[2026-08-21 22:37:31.353 GPU_Scheduler_0] Admitted 1 requests for model_4
[2026-08-21 22:37:31.375 GPU_Scheduler_0] Admitted 1 requests for model_4
[2026-08-21 22:37:31.375 GPU_Scheduler_0] Admitted 1 requests for model_5
[2026-08-21 22:37:31.407 GPU_Scheduler_0] Admitted 1 requests for model_5
[2026-08-21 22:37:31.418 GPU_Scheduler_0] Admitted 1 requests for model_1
[2026-08-21 22:37:31.471 GPU_Scheduler_0] Admitted 1 requests for model_4
[2026-08-21 22:37:31.482 GPU_Scheduler_0] Admitted 1 requests for model_4
[2026-08-21 22:37:31.482 GPU_Scheduler_0] Admitted 1 requests for model_5
[2026-08-21 22:37:31.526 GPU_Scheduler_0] Admitted 2 requests for model_5
[2026-08-21 22:37:31.591 GPU_Scheduler_0] Admitted 1 requests for model_1
[2026-08-21 22:37:31.603 GPU_Scheduler_0] Admitted 1 requests for model_4
[2026-08-21 22:37:31.603 GPU_Scheduler_0] Admitted 1 requests for model_5
[2026-08-21 22:37:31.712 GPU_Scheduler_0] Admitted 1 requests for model_5
[2026-08-21 22:37:31.820 GPU_Scheduler_0] Admitted 1 requests for model_5
[2026-08-21 22:37:31.853 GPU_Scheduler_0] Admitted 2 requests for model_5
[2026-08-21 22:37:31.897 GPU_Scheduler_0] Admitted 1 requests for model_1
[2026-08-21 22:37:31.930 GPU_Scheduler_0] Admitted 1 requests for model_1
[2026-08-21 22:37:31.963 GPU_Scheduler_0] Admitted 3 requests for model_5
[2026-08-21 22:37:32.007 GPU_Scheduler_0] Admitted 1 requests for model_4
[2026-08-21 22:37:32.040 GPU_Scheduler_0] Admitted 1 requests for model_5
[2026-08-21 22:37:32.073 GPU_Scheduler_0] [V5-LOOP] {"iters": 460, "t_mem": 0.007111549144610763, "t_redis": 0.31544261681847274, "t_admit": 0.006894690450280905, "t_send": 0.03783122845925391, "t_iter": 0.3672800848726183, "admitted": 99, "iter_max": 0.002200384857133031, "gpu_id": 0, "window_s": 5.004181385040283}
[2026-08-21 22:37:32.859 GPU_Scheduler_0] Admitted 1 requests for model_1
[2026-08-21 22:37:32.860 GPU_Scheduler_0] Admitted 1 requests for model_4
[2026-08-21 22:37:32.860 GPU_Scheduler_0] Admitted 1 requests for model_5
[2026-08-21 22:37:32.868 GPU_Scheduler_1] Admitted 1 requests for model_3
[2026-08-21 22:37:32.871 GPU_Scheduler_0] Admitted 5 requests for model_1
[2026-08-21 22:37:32.871 GPU_Scheduler_0] Admitted 3 requests for model_4
[2026-08-21 22:37:32.871 GPU_Scheduler_0] Admitted 6 requests for model_5
[2026-08-21 22:37:32.879 GPU_Scheduler_1] Admitted 1 requests for model_3
[2026-08-21 22:37:32.884 GPU_Scheduler_0] Admitted 1 requests for model_1
[2026-08-21 22:37:32.885 GPU_Scheduler_0] Admitted 1 requests for model_4
[2026-08-21 22:37:32.896 GPU_Scheduler_0] Admitted 1 requests for model_5
[2026-08-21 22:37:32.953 GPU_Scheduler_1] [V5-LOOP] {"iters": 472, "t_mem": 0.0067479528952389956, "t_redis": 0.23122991481795907, "t_admit": 0.0037557294126600027, "t_send": 0.002688261680305004, "t_iter": 0.24442185880616307, "admitted": 5, "iter_max": 0.0013591391034424305, "gpu_id": 1, "window_s": 5.0022900104522705}
[2026-08-21 22:37:33.057 GPU_Scheduler_0] Admitted 1 requests for model_1
[2026-08-21 22:37:33.079 GPU_Scheduler_0] Admitted 1 requests for model_5
[2026-08-21 22:37:33.132 GPU_Scheduler_0] Admitted 1 requests for model_1
[2026-08-21 22:37:33.143 GPU_Scheduler_0] Admitted 2 requests for model_5
[2026-08-21 22:37:33.207 GPU_Scheduler_0] Admitted 1 requests for model_4
[2026-08-21 22:37:33.303 GPU_Scheduler_0] Admitted 1 requests for model_1
[2026-08-21 22:37:33.339 GPU_Scheduler_0] Admitted 1 requests for model_1
[2026-08-21 22:37:33.351 GPU_Scheduler_0] Admitted 2 requests for model_5
[2026-08-21 22:37:33.578 GPU_Scheduler_0] Admitted 1 requests for model_1
[2026-08-21 22:37:33.694 GPU_Scheduler_0] Admitted 1 requests for model_5
[2026-08-21 22:37:33.706 GPU_Scheduler_0] Admitted 1 requests for model_4
[2026-08-21 22:37:33.748 GPU_Scheduler_0] Admitted 1 requests for model_4
[2026-08-21 22:37:33.748 GPU_Scheduler_0] Admitted 1 requests for model_5
[2026-08-21 22:37:33.829 GPU_Scheduler_0] Admitted 1 requests for model_4
[2026-08-21 22:37:33.829 GPU_Scheduler_0] Admitted 1 requests for model_5
[2026-08-21 22:37:33.842 GPU_Scheduler_0] Admitted 1 requests for model_5
[2026-08-21 22:37:33.854 GPU_Scheduler_0] Admitted 1 requests for model_5
[2026-08-21 22:37:33.979 GPU_Scheduler_0] Admitted 1 requests for model_5
[2026-08-21 22:37:34.001 GPU_Scheduler_0] Admitted 1 requests for model_5
[2026-08-21 22:37:34.012 GPU_Scheduler_0] Admitted 1 requests for model_5
[2026-08-21 22:37:34.033 GPU_Scheduler_0] Admitted 1 requests for model_5
[2026-08-21 22:37:34.044 GPU_Scheduler_0] Admitted 1 requests for model_4
[2026-08-21 22:37:34.129 GPU_Scheduler_0] Admitted 1 requests for model_1
[2026-08-21 22:37:34.172 GPU_Scheduler_0] Admitted 1 requests for model_5
[2026-08-21 22:37:34.246 GPU_Scheduler_0] Admitted 1 requests for model_1
[2026-08-21 22:37:34.268 GPU_Scheduler_0] Admitted 1 requests for model_5
[2026-08-21 22:37:34.278 GPU_Scheduler_0] Admitted 1 requests for model_1
[2026-08-21 22:37:34.279 GPU_Scheduler_0] Admitted 1 requests for model_5
[2026-08-21 22:37:34.321 GPU_Scheduler_0] Admitted 1 requests for model_5
[2026-08-21 22:37:34.385 GPU_Scheduler_0] Admitted 4 requests for model_5
[2026-08-21 22:37:34.513 GPU_Scheduler_0] Admitted 1 requests for model_5
[2026-08-21 22:37:34.556 GPU_Scheduler_0] Admitted 1 requests for model_5
[2026-08-21 22:37:34.567 GPU_Scheduler_0] Admitted 1 requests for model_4
[2026-08-21 22:37:34.578 GPU_Scheduler_0] Admitted 1 requests for model_1
[2026-08-21 22:37:34.578 GPU_Scheduler_0] Admitted 2 requests for model_5
[2026-08-21 22:37:34.632 GPU_Scheduler_0] Admitted 1 requests for model_5
[2026-08-21 22:37:34.664 GPU_Scheduler_0] Admitted 1 requests for model_5
[2026-08-21 22:37:34.697 GPU_Scheduler_0] Admitted 1 requests for model_5
[2026-08-21 22:37:34.782 GPU_Scheduler_0] Admitted 1 requests for model_4
[2026-08-21 22:37:34.911 GPU_Scheduler_0] Admitted 3 requests for model_5
[2026-08-21 22:37:34.922 GPU_Scheduler_0] Admitted 1 requests for model_5
[2026-08-21 22:37:34.954 GPU_Scheduler_0] Admitted 1 requests for model_5
[2026-08-21 22:37:34.965 GPU_Scheduler_0] Admitted 1 requests for model_4
[2026-08-21 22:37:35.029 GPU_Scheduler_0] Admitted 1 requests for model_4
[2026-08-21 22:37:35.050 GPU_Scheduler_0] Admitted 1 requests for model_5
[2026-08-21 22:37:35.072 GPU_Scheduler_0] Admitted 1 requests for model_1
[2026-08-21 22:37:35.104 GPU_Scheduler_0] Admitted 1 requests for model_5
[2026-08-21 22:37:35.147 GPU_Scheduler_0] Admitted 1 requests for model_5
[2026-08-21 22:37:35.200 GPU_Scheduler_0] Admitted 1 requests for model_1
[2026-08-21 22:37:35.221 GPU_Scheduler_0] Admitted 1 requests for model_1
[2026-08-21 22:37:35.254 GPU_Scheduler_0] Admitted 1 requests for model_4
[2026-08-21 22:37:35.265 GPU_Scheduler_0] Admitted 1 requests for model_5
[2026-08-21 22:37:35.275 GPU_Scheduler_0] Admitted 1 requests for model_5
[2026-08-21 22:37:35.466 GPU_Scheduler_0] Admitted 1 requests for model_5
[2026-08-21 22:37:35.883 GPU_Scheduler_0] Admitted 1 requests for model_1
[2026-08-21 22:37:35.885 GPU_Scheduler_1] Admitted 1 requests for model_3
[2026-08-21 22:37:35.904 GPU_Scheduler_0] Admitted 1 requests for model_1
[2026-08-21 22:37:36.000 GPU_Scheduler_0] Admitted 1 requests for model_4
[2026-08-21 22:37:36.250 GPU_Scheduler_0] Admitted 6 requests for model_5
[2026-08-21 22:37:36.320 GPU_Scheduler_0] Admitted 1 requests for model_5
[2026-08-21 22:37:36.332 GPU_Scheduler_0] Admitted 1 requests for model_5
[2026-08-21 22:37:36.365 GPU_Scheduler_0] Admitted 1 requests for model_4
[2026-08-21 22:37:36.411 GPU_Scheduler_0] Admitted 1 requests for model_1
[2026-08-21 22:37:36.537 GPU_Scheduler_0] Admitted 1 requests for model_5
[2026-08-21 22:37:36.560 GPU_Scheduler_0] Admitted 1 requests for model_4
[2026-08-21 22:37:36.720 GPU_Scheduler_0] Admitted 1 requests for model_5
[2026-08-21 22:37:36.822 GPU_Scheduler_0] Admitted 1 requests for model_5
[2026-08-21 22:37:36.858 GPU_Scheduler_0] Admitted 1 requests for model_4
[2026-08-21 22:37:36.964 GPU_Scheduler_0] Admitted 1 requests for model_4
[2026-08-21 22:37:37.035 GPU_Scheduler_0] Admitted 1 requests for model_1
[2026-08-21 22:37:37.082 GPU_Scheduler_0] [V5-LOOP] {"iters": 456, "t_mem": 0.008102307328954339, "t_redis": 0.3546361569315195, "t_admit": 0.008044772082939744, "t_send": 0.03796772309578955, "t_iter": 0.40875095943920314, "admitted": 102, "iter_max": 0.009454842191189528, "gpu_id": 0, "window_s": 5.008575677871704}
[2026-08-21 22:37:37.152 GPU_Scheduler_0] Admitted 1 requests for model_4
[2026-08-21 22:37:37.188 GPU_Scheduler_0] Admitted 1 requests for model_4
[2026-08-21 22:37:37.201 GPU_Scheduler_0] Admitted 1 requests for model_1
[2026-08-21 22:37:37.303 GPU_Scheduler_0] Admitted 1 requests for model_4
[2026-08-21 22:37:37.336 GPU_Scheduler_0] Admitted 1 requests for model_1
[2026-08-21 22:37:37.336 GPU_Scheduler_0] Admitted 1 requests for model_4
[2026-08-21 22:37:37.394 GPU_Scheduler_0] Admitted 7 requests for model_5
[2026-08-21 22:37:37.410 GPU_Scheduler_0] Admitted 1 requests for model_5
[2026-08-21 22:37:37.480 GPU_Scheduler_0] Admitted 1 requests for model_5
[2026-08-21 22:37:37.504 GPU_Scheduler_0] Admitted 1 requests for model_4
[2026-08-21 22:37:37.563 GPU_Scheduler_0] Admitted 1 requests for model_5
[2026-08-21 22:37:37.576 GPU_Scheduler_0] Admitted 1 requests for model_1
[2026-08-21 22:37:37.611 GPU_Scheduler_0] Admitted 1 requests for model_5
[2026-08-21 22:37:37.741 GPU_Scheduler_0] Admitted 1 requests for model_1
[2026-08-21 22:37:37.754 GPU_Scheduler_0] Admitted 1 requests for model_1
[2026-08-21 22:37:37.801 GPU_Scheduler_0] Admitted 1 requests for model_1
[2026-08-21 22:37:37.825 GPU_Scheduler_0] Admitted 2 requests for model_1
[2026-08-21 22:37:37.932 GPU_Scheduler_0] Admitted 1 requests for model_1
[2026-08-21 22:37:37.956 GPU_Scheduler_0] Admitted 1 requests for model_1
[2026-08-21 22:37:37.957 GPU_Scheduler_1] [V5-LOOP] {"iters": 471, "t_mem": 0.006017682142555714, "t_redis": 0.24813845031894743, "t_admit": 0.002936959732323885, "t_send": 0.0009008683264255524, "t_iter": 0.2579939605202526, "admitted": 1, "iter_max": 0.012584012001752853, "gpu_id": 1, "window_s": 5.0040013790130615}
[2026-08-21 22:37:37.992 GPU_Scheduler_0] Admitted 1 requests for model_1
[2026-08-21 22:37:38.095 GPU_Scheduler_0] Admitted 1 requests for model_4
[2026-08-21 22:37:38.227 GPU_Scheduler_0] Admitted 1 requests for model_4
[2026-08-21 22:37:38.249 GPU_Scheduler_0] Admitted 1 requests for model_4
[2026-08-21 22:37:38.305 GPU_Scheduler_0] Admitted 1 requests for model_1
[2026-08-21 22:37:38.349 GPU_Scheduler_0] Admitted 1 requests for model_4
[2026-08-21 22:37:38.568 GPU_Scheduler_0] Admitted 4 requests for model_5
[2026-08-21 22:37:38.693 GPU_Scheduler_0] Admitted 1 requests for model_1
[2026-08-21 22:37:38.798 GPU_Scheduler_0] Admitted 1 requests for model_1
[2026-08-21 22:37:38.823 GPU_Scheduler_0] Admitted 1 requests for model_4
[2026-08-21 22:37:38.847 GPU_Scheduler_0] Admitted 1 requests for model_1
[2026-08-21 22:37:38.941 GPU_Scheduler_0] Admitted 1 requests for model_4
[2026-08-21 22:37:38.941 GPU_Scheduler_0] Admitted 1 requests for model_5
[2026-08-21 22:37:39.001 GPU_Scheduler_0] Admitted 1 requests for model_5
[2026-08-21 22:37:39.037 GPU_Scheduler_0] Admitted 1 requests for model_5
[2026-08-21 22:37:39.049 GPU_Scheduler_0] Admitted 1 requests for model_5
[2026-08-21 22:37:39.062 GPU_Scheduler_0] Admitted 1 requests for model_5
[2026-08-21 22:37:39.179 GPU_Scheduler_0] Admitted 2 requests for model_5
[2026-08-21 22:37:39.227 GPU_Scheduler_0] Admitted 1 requests for model_4
[2026-08-21 22:37:39.332 GPU_Scheduler_0] Admitted 1 requests for model_4
[2026-08-21 22:37:39.498 GPU_Scheduler_0] Admitted 1 requests for model_1
[2026-08-21 22:37:39.534 GPU_Scheduler_0] Admitted 1 requests for model_1
[2026-08-21 22:37:39.591 GPU_Scheduler_0] Admitted 1 requests for model_1
[2026-08-21 22:37:39.591 GPU_Scheduler_0] Admitted 1 requests for model_4
[2026-08-21 22:37:39.603 GPU_Scheduler_0] Admitted 1 requests for model_4
[2026-08-21 22:37:39.603 GPU_Scheduler_0] Admitted 4 requests for model_5
[2026-08-21 22:37:39.669 GPU_Scheduler_0] Admitted 1 requests for model_1
[2026-08-21 22:37:39.681 GPU_Scheduler_0] Admitted 1 requests for model_4
[2026-08-21 22:37:39.714 GPU_Scheduler_0] Admitted 1 requests for model_4
[2026-08-21 22:37:39.802 GPU_Scheduler_0] Admitted 1 requests for model_5
[2026-08-21 22:37:39.813 GPU_Scheduler_0] Admitted 1 requests for model_1
[2026-08-21 22:37:39.937 GPU_Scheduler_0] Admitted 1 requests for model_5
[2026-08-21 22:37:40.074 GPU_Scheduler_0] Admitted 1 requests for model_1
[2026-08-21 22:37:40.110 GPU_Scheduler_0] Admitted 1 requests for model_5
[2026-08-21 22:37:40.216 GPU_Scheduler_0] Admitted 1 requests for model_4
[2026-08-21 22:37:40.252 GPU_Scheduler_0] Admitted 1 requests for model_5
[2026-08-21 22:37:40.264 GPU_Scheduler_0] Admitted 1 requests for model_1
[2026-08-21 22:37:40.288 GPU_Scheduler_0] Admitted 1 requests for model_5
[2026-08-21 22:37:40.301 GPU_Scheduler_0] Admitted 1 requests for model_1
[2026-08-21 22:37:40.301 GPU_Scheduler_0] Admitted 1 requests for model_5
[2026-08-21 22:37:40.314 GPU_Scheduler_0] Admitted 1 requests for model_5
[2026-08-21 22:37:40.338 GPU_Scheduler_0] Admitted 1 requests for model_1
[2026-08-21 22:37:40.398 GPU_Scheduler_0] Admitted 1 requests for model_1
[2026-08-21 22:37:40.410 GPU_Scheduler_0] Admitted 1 requests for model_4
[2026-08-21 22:37:40.422 GPU_Scheduler_0] Admitted 1 requests for model_5
[2026-08-21 22:37:40.458 GPU_Scheduler_0] Admitted 1 requests for model_5
[2026-08-21 22:37:40.482 GPU_Scheduler_0] Admitted 1 requests for model_5
[2026-08-21 22:37:40.519 GPU_Scheduler_0] Admitted 1 requests for model_5
[2026-08-21 22:37:40.595 GPU_Scheduler_0] Admitted 1 requests for model_1
[2026-08-21 22:37:40.596 GPU_Scheduler_0] Admitted 1 requests for model_5
[2026-08-21 22:37:40.607 GPU_Scheduler_0] Admitted 1 requests for model_1
[2026-08-21 22:37:40.651 GPU_Scheduler_0] Admitted 1 requests for model_1
[2026-08-21 22:37:40.664 GPU_Scheduler_0] Admitted 1 requests for model_5
[2026-08-21 22:37:40.734 GPU_Scheduler_0] Admitted 1 requests for model_1
[2026-08-21 22:37:40.735 GPU_Scheduler_0] Admitted 1 requests for model_5
[2026-08-21 22:37:40.759 GPU_Scheduler_0] Admitted 1 requests for model_1
[2026-08-21 22:37:40.783 GPU_Scheduler_0] Admitted 1 requests for model_1
[2026-08-21 22:37:40.818 GPU_Scheduler_0] Admitted 1 requests for model_1
[2026-08-21 22:37:40.818 GPU_Scheduler_0] Admitted 1 requests for model_4
[2026-08-21 22:37:40.818 GPU_Scheduler_0] Admitted 1 requests for model_5
[2026-08-21 22:37:40.830 GPU_Scheduler_0] Admitted 1 requests for model_5
[2026-08-21 22:37:40.907 GPU_Scheduler_0] Admitted 1 requests for model_5
[2026-08-21 22:37:40.962 GPU_Scheduler_0] Admitted 1 requests for model_1
[2026-08-21 22:37:40.962 GPU_Scheduler_0] Admitted 1 requests for model_4
[2026-08-21 22:37:41.007 GPU_Scheduler_0] Admitted 1 requests for model_5
[2026-08-21 22:37:41.018 GPU_Scheduler_0] Admitted 1 requests for model_5
[2026-08-21 22:37:41.062 GPU_Scheduler_0] Admitted 1 requests for model_5
[2026-08-21 22:37:41.192 GPU_Scheduler_0] Admitted 1 requests for model_5
[2026-08-21 22:37:41.237 GPU_Scheduler_0] Admitted 1 requests for model_5
[2026-08-21 22:37:41.506 GPU_Scheduler_0] Admitted 1 requests for model_5
[2026-08-21 22:37:41.531 GPU_Scheduler_0] Admitted 1 requests for model_5
[2026-08-21 22:37:41.566 GPU_Scheduler_0] Admitted 1 requests for model_5
[2026-08-21 22:37:41.579 GPU_Scheduler_0] Admitted 1 requests for model_5
[2026-08-21 22:37:41.591 GPU_Scheduler_0] Admitted 1 requests for model_5
[2026-08-21 22:37:41.604 GPU_Scheduler_0] Admitted 1 requests for model_1
[2026-08-21 22:37:41.616 GPU_Scheduler_0] Admitted 1 requests for model_5
[2026-08-21 22:37:41.776 GPU_Scheduler_0] Admitted 1 requests for model_4
[2026-08-21 22:37:41.799 GPU_Scheduler_0] Admitted 1 requests for model_1
[2026-08-21 22:37:41.810 GPU_Scheduler_0] Admitted 1 requests for model_4
[2026-08-21 22:37:41.833 GPU_Scheduler_0] Admitted 1 requests for model_4
[2026-08-21 22:37:41.847 GPU_Scheduler_1] Admitted 1 requests for model_2
[2026-08-21 22:37:41.856 GPU_Scheduler_0] Admitted 1 requests for model_1
[2026-08-21 22:37:41.856 GPU_Scheduler_0] Admitted 1 requests for model_5
[2026-08-21 22:37:41.879 GPU_Scheduler_0] Admitted 1 requests for model_5
[2026-08-21 22:37:41.890 GPU_Scheduler_0] Admitted 1 requests for model_1
[2026-08-21 22:37:41.890 GPU_Scheduler_0] Admitted 1 requests for model_5
[2026-08-21 22:37:41.992 GPU_Scheduler_0] Admitted 1 requests for model_1
[2026-08-21 22:37:42.015 GPU_Scheduler_0] Admitted 1 requests for model_4
[2026-08-21 22:37:42.086 GPU_Scheduler_0] [V5-LOOP] {"iters": 434, "t_mem": 0.010135404765605927, "t_redis": 0.5301290387287736, "t_admit": 0.010449098888784647, "t_send": 0.0708761450368911, "t_iter": 0.6215896874200553, "admitted": 120, "iter_max": 0.005637187045067549, "gpu_id": 0, "window_s": 5.003734350204468}
[2026-08-21 22:37:42.168 GPU_Scheduler_0] Admitted 1 requests for model_4
[2026-08-21 22:37:42.203 GPU_Scheduler_0] Admitted 2 requests for model_1
[2026-08-21 22:37:42.240 GPU_Scheduler_0] Admitted 1 requests for model_1
[2026-08-21 22:37:42.263 GPU_Scheduler_0] Admitted 1 requests for model_1
[2026-08-21 22:37:42.276 GPU_Scheduler_0] Admitted 1 requests for model_1
[2026-08-21 22:37:42.300 GPU_Scheduler_0] Admitted 1 requests for model_1
[2026-08-21 22:37:42.462 GPU_Scheduler_0] Admitted 1 requests for model_1
[2026-08-21 22:37:42.506 GPU_Scheduler_0] Admitted 1 requests for model_4
[2026-08-21 22:37:42.530 GPU_Scheduler_0] Admitted 1 requests for model_1
[2026-08-21 22:37:42.610 GPU_Scheduler_0] Admitted 1 requests for model_4
[2026-08-21 22:37:42.659 GPU_Scheduler_1] Admitted 1 requests for model_2
[2026-08-21 22:37:42.847 GPU_Scheduler_0] Admitted 1 requests for model_1
[2026-08-21 22:37:42.963 GPU_Scheduler_1] [V5-LOOP] {"iters": 469, "t_mem": 0.006183820543810725, "t_redis": 0.26626441394910216, "t_admit": 0.0032612939830869436, "t_send": 0.0016473482828587294, "t_iter": 0.27735687675885856, "admitted": 2, "iter_max": 0.001819472061470151, "gpu_id": 1, "window_s": 5.005271911621094}
[2026-08-21 22:37:42.969 GPU_Scheduler_0] Admitted 1 requests for model_1
[2026-08-21 22:37:42.980 GPU_Scheduler_0] Admitted 1 requests for model_1
[2026-08-21 22:37:43.013 GPU_Scheduler_0] Admitted 1 requests for model_4
[2026-08-21 22:37:43.057 GPU_Scheduler_0] Admitted 1 requests for model_4
[2026-08-21 22:37:43.286 GPU_Scheduler_0] Admitted 1 requests for model_4
[2026-08-21 22:37:43.409 GPU_Scheduler_0] Admitted 1 requests for model_4
[2026-08-21 22:37:43.563 GPU_Scheduler_0] Admitted 1 requests for model_1
[2026-08-21 22:37:43.622 GPU_Scheduler_0] Admitted 1 requests for model_1
[2026-08-21 22:37:43.667 GPU_Scheduler_0] Admitted 1 requests for model_1
[2026-08-21 22:37:43.714 GPU_Scheduler_0] Admitted 1 requests for model_4
[2026-08-21 22:37:43.749 GPU_Scheduler_0] Admitted 1 requests for model_4
[2026-08-21 22:37:43.832 GPU_Scheduler_0] Admitted 1 requests for model_4
[2026-08-21 22:37:43.903 GPU_Scheduler_0] Admitted 1 requests for model_1
[2026-08-21 22:37:43.915 GPU_Scheduler_0] Admitted 1 requests for model_4
[2026-08-21 22:37:44.079 GPU_Scheduler_0] Admitted 1 requests for model_1
[2026-08-21 22:37:44.185 GPU_Scheduler_0] Admitted 1 requests for model_4
[2026-08-21 22:37:44.378 GPU_Scheduler_0] Admitted 1 requests for model_4
[2026-08-21 22:37:44.552 GPU_Scheduler_0] Admitted 1 requests for model_1
[2026-08-21 22:37:44.575 GPU_Scheduler_0] Admitted 27 requests for model_5
[2026-08-21 22:37:44.593 GPU_Scheduler_0] Admitted 1 requests for model_1
[2026-08-21 22:37:44.593 GPU_Scheduler_0] Admitted 1 requests for model_4
[2026-08-21 22:37:44.748 GPU_Scheduler_0] Admitted 1 requests for model_4
[2026-08-21 22:37:44.780 GPU_Scheduler_0] Admitted 1 requests for model_1
[2026-08-21 22:37:44.966 GPU_Scheduler_0] Admitted 1 requests for model_1
[2026-08-21 22:37:45.022 GPU_Scheduler_0] Admitted 1 requests for model_1
[2026-08-21 22:37:45.069 GPU_Scheduler_0] Admitted 1 requests for model_4
[2026-08-21 22:37:45.117 GPU_Scheduler_0] Admitted 1 requests for model_4
[2026-08-21 22:37:45.142 GPU_Scheduler_0] Admitted 1 requests for model_4
[2026-08-21 22:37:45.189 GPU_Scheduler_0] Admitted 1 requests for model_4
[2026-08-21 22:37:45.237 GPU_Scheduler_0] Admitted 1 requests for model_1
[2026-08-21 22:37:45.261 GPU_Scheduler_0] Admitted 1 requests for model_4
[2026-08-21 22:37:45.296 GPU_Scheduler_0] Admitted 1 requests for model_4
[2026-08-21 22:37:45.343 GPU_Scheduler_0] Admitted 1 requests for model_4
[2026-08-21 22:37:45.546 GPU_Scheduler_0] Admitted 1 requests for model_1
[2026-08-21 22:37:45.827 GPU_Scheduler_0] Admitted 1 requests for model_1
[2026-08-21 22:37:45.942 GPU_Scheduler_0] Admitted 1 requests for model_1
[2026-08-21 22:37:45.975 GPU_Scheduler_0] Admitted 1 requests for model_1
[2026-08-21 22:37:46.291 GPU_Scheduler_0] Admitted 1 requests for model_1
[2026-08-21 22:37:46.348 GPU_Scheduler_0] Admitted 1 requests for model_4
[2026-08-21 22:37:46.360 GPU_Scheduler_0] Admitted 1 requests for model_4
[2026-08-21 22:37:46.575 GPU_Scheduler_0] Admitted 1 requests for model_1
[2026-08-21 22:37:46.823 GPU_Scheduler_0] Admitted 1 requests for model_1
[2026-08-21 22:37:46.905 GPU_Scheduler_0] Admitted 1 requests for model_4
[2026-08-21 22:37:46.929 GPU_Scheduler_0] Admitted 1 requests for model_4
[2026-08-21 22:37:47.035 GPU_Scheduler_0] Admitted 29 requests for model_5
[2026-08-21 22:37:47.074 GPU_Scheduler_0] Admitted 1 requests for model_1
[2026-08-21 22:37:47.098 GPU_Scheduler_0] [V5-LOOP] {"iters": 438, "t_mem": 0.009959952207282186, "t_redis": 0.5060437791980803, "t_admit": 0.015282280277460814, "t_send": 0.05928303953260183, "t_iter": 0.5905690512154251, "admitted": 112, "iter_max": 0.016937001841142774, "gpu_id": 0, "window_s": 5.01163911819458}
[2026-08-21 22:37:47.203 GPU_Scheduler_0] Admitted 1 requests for model_4
[2026-08-21 22:37:47.440 GPU_Scheduler_0] Admitted 1 requests for model_4
[2026-08-21 22:37:47.484 GPU_Scheduler_0] Admitted 1 requests for model_1
[2026-08-21 22:37:47.517 GPU_Scheduler_0] Admitted 1 requests for model_4
[2026-08-21 22:37:47.660 GPU_Scheduler_0] Admitted 2 requests for model_4
[2026-08-21 22:37:47.726 GPU_Scheduler_0] Admitted 1 requests for model_4
[2026-08-21 22:37:47.925 GPU_Scheduler_0] Admitted 1 requests for model_4
[2026-08-21 22:37:47.965 GPU_Scheduler_1] [V5-LOOP] {"iters": 455, "t_mem": 0.007806514156982303, "t_redis": 0.4006592836230993, "t_admit": 0.003739116247743368, "t_send": 0.0005401354283094406, "t_iter": 0.41274504945613444, "admitted": 0, "iter_max": 0.0019378629513084888, "gpu_id": 1, "window_s": 5.002047777175903}
[2026-08-21 22:37:48.025 GPU_Scheduler_0] Admitted 1 requests for model_1
[2026-08-21 22:37:48.036 GPU_Scheduler_0] Admitted 1 requests for model_1
[2026-08-21 22:37:48.048 GPU_Scheduler_0] Admitted 1 requests for model_1
[2026-08-21 22:37:48.126 GPU_Scheduler_0] Admitted 1 requests for model_4
[2026-08-21 22:37:48.227 GPU_Scheduler_1] Admitted 1 requests for model_3
[2026-08-21 22:37:48.380 GPU_Scheduler_0] Admitted 1 requests for model_4
[2026-08-21 22:37:48.402 GPU_Scheduler_0] Admitted 1 requests for model_4
[2026-08-21 22:37:48.512 GPU_Scheduler_0] Admitted 1 requests for model_1
[2026-08-21 22:37:48.523 GPU_Scheduler_0] Admitted 1 requests for model_1
[2026-08-21 22:37:48.535 GPU_Scheduler_0] Admitted 28 requests for model_5
[2026-08-21 22:37:48.609 GPU_Scheduler_0] Admitted 1 requests for model_1
[2026-08-21 22:37:48.719 GPU_Scheduler_0] Admitted 1 requests for model_4
[2026-08-21 22:37:48.774 GPU_Scheduler_0] Admitted 1 requests for model_4
[2026-08-21 22:37:49.365 GPU_Scheduler_0] Admitted 1 requests for model_4
[2026-08-21 22:37:49.430 GPU_Scheduler_0] Admitted 1 requests for model_4
[2026-08-21 22:37:49.506 GPU_Scheduler_0] Admitted 1 requests for model_1
[2026-08-21 22:37:49.612 GPU_Scheduler_0] Admitted 1 requests for model_1
[2026-08-21 22:37:49.676 GPU_Scheduler_0] Admitted 1 requests for model_1
[2026-08-21 22:37:49.676 GPU_Scheduler_0] Admitted 1 requests for model_4
[2026-08-21 22:37:49.991 GPU_Scheduler_0] Admitted 14 requests for model_5
[2026-08-21 22:37:50.071 GPU_Scheduler_0] Admitted 1 requests for model_4
[2026-08-21 22:37:50.476 GPU_Scheduler_0] Admitted 1 requests for model_1
[2026-08-21 22:37:50.499 GPU_Scheduler_0] Admitted 1 requests for model_1
[2026-08-21 22:37:50.532 GPU_Scheduler_0] Admitted 1 requests for model_4
[2026-08-21 22:37:50.602 GPU_Scheduler_0] Admitted 1 requests for model_4
[2026-08-21 22:37:50.731 GPU_Scheduler_0] Admitted 1 requests for model_4
[2026-08-21 22:37:50.790 GPU_Scheduler_0] Admitted 1 requests for model_1
[2026-08-21 22:37:51.015 GPU_Scheduler_0] Admitted 1 requests for model_1
[2026-08-21 22:37:51.129 GPU_Scheduler_0] Admitted 14 requests for model_5
[2026-08-21 22:37:51.144 GPU_Scheduler_0] Admitted 1 requests for model_4
[2026-08-21 22:37:51.200 GPU_Scheduler_0] Admitted 1 requests for model_4
[2026-08-21 22:37:51.233 GPU_Scheduler_0] Admitted 1 requests for model_4
[2026-08-21 22:37:51.244 GPU_Scheduler_0] Admitted 1 requests for model_4
[2026-08-21 22:37:51.550 GPU_Scheduler_0] Admitted 1 requests for model_4
[2026-08-21 22:37:51.761 GPU_Scheduler_1] Admitted 1 requests for model_3
[2026-08-21 22:37:51.877 GPU_Scheduler_0] Admitted 1 requests for model_1
[2026-08-21 22:37:51.899 GPU_Scheduler_0] Admitted 1 requests for model_4
[2026-08-21 22:37:51.963 GPU_Scheduler_0] Admitted 1 requests for model_1
[2026-08-21 22:37:51.985 GPU_Scheduler_0] Admitted 1 requests for model_1
[2026-08-21 22:37:52.038 GPU_Scheduler_0] Admitted 1 requests for model_1
[2026-08-21 22:37:52.060 GPU_Scheduler_0] Admitted 1 requests for model_1
[2026-08-21 22:37:52.103 GPU_Scheduler_0] [V5-LOOP] {"iters": 444, "t_mem": 0.009094246895983815, "t_redis": 0.46475844783708453, "t_admit": 0.01078996155411005, "t_send": 0.04045418673194945, "t_iter": 0.5250968430191278, "admitted": 100, "iter_max": 0.009560463018715382, "gpu_id": 0, "window_s": 5.004857301712036}
[2026-08-21 22:37:52.210 GPU_Scheduler_0] Admitted 1 requests for model_4
[2026-08-21 22:37:52.328 GPU_Scheduler_0] Admitted 1 requests for model_4
[2026-08-21 22:37:52.350 GPU_Scheduler_0] Admitted 1 requests for model_4
[2026-08-21 22:37:52.415 GPU_Scheduler_0] Admitted 1 requests for model_1
[2026-08-21 22:37:52.567 GPU_Scheduler_0] Admitted 1 requests for model_4
[2026-08-21 22:37:52.676 GPU_Scheduler_0] Admitted 21 requests for model_5
[2026-08-21 22:37:52.714 GPU_Scheduler_0] Admitted 1 requests for model_4
[2026-08-21 22:37:52.938 GPU_Scheduler_0] Admitted 1 requests for model_4
[2026-08-21 22:37:52.975 GPU_Scheduler_1] [V5-LOOP] {"iters": 447, "t_mem": 0.009068750077858567, "t_redis": 0.4814056749455631, "t_admit": 0.004839008441194892, "t_send": 0.001954722451046109, "t_iter": 0.49726815591566265, "admitted": 2, "iter_max": 0.0029593489598482847, "gpu_id": 1, "window_s": 5.008718729019165}
[2026-08-21 22:37:52.981 GPU_Scheduler_0] Admitted 2 requests for model_4
[2026-08-21 22:37:52.992 GPU_Scheduler_0] Admitted 1 requests for model_1
[2026-08-21 22:37:53.130 GPU_Scheduler_0] Admitted 1 requests for model_4
[2026-08-21 22:37:53.272 GPU_Scheduler_0] Admitted 1 requests for model_1
[2026-08-21 22:37:53.296 GPU_Scheduler_0] Admitted 1 requests for model_1
[2026-08-21 22:37:53.319 GPU_Scheduler_0] Admitted 1 requests for model_1
[2026-08-21 22:37:53.319 GPU_Scheduler_0] Admitted 1 requests for model_4
[2026-08-21 22:37:53.450 GPU_Scheduler_0] Admitted 1 requests for model_1
[2026-08-21 22:37:53.505 GPU_Scheduler_0] Admitted 1 requests for model_4
[2026-08-21 22:37:53.543 GPU_Scheduler_1] Admitted 1 requests for model_3
[2026-08-21 22:37:53.560 GPU_Scheduler_0] Admitted 1 requests for model_4
[2026-08-21 22:37:53.679 GPU_Scheduler_0] Admitted 8 requests for model_5
[2026-08-21 22:37:53.692 GPU_Scheduler_0] Admitted 1 requests for model_1
[2026-08-21 22:37:53.692 GPU_Scheduler_0] Admitted 1 requests for model_5
[2026-08-21 22:37:53.725 GPU_Scheduler_0] Admitted 1 requests for model_4
[2026-08-21 22:37:53.736 GPU_Scheduler_0] Admitted 1 requests for model_1
[2026-08-21 22:37:53.737 GPU_Scheduler_1] Admitted 1 requests for model_3
[2026-08-21 22:37:53.768 GPU_Scheduler_0] Admitted 1 requests for model_1
[2026-08-21 22:37:53.885 GPU_Scheduler_0] Admitted 1 requests for model_4
[2026-08-21 22:37:53.918 GPU_Scheduler_0] Admitted 1 requests for model_1
[2026-08-21 22:37:53.929 GPU_Scheduler_0] Admitted 1 requests for model_1
[2026-08-21 22:37:53.929 GPU_Scheduler_0] Admitted 1 requests for model_5
[2026-08-21 22:37:53.940 GPU_Scheduler_0] Admitted 1 requests for model_5
[2026-08-21 22:37:54.068 GPU_Scheduler_0] Admitted 1 requests for model_1
[2026-08-21 22:37:54.322 GPU_Scheduler_0] Admitted 1 requests for model_4
[2026-08-21 22:37:54.354 GPU_Scheduler_0] Admitted 1 requests for model_1
[2026-08-21 22:37:54.481 GPU_Scheduler_0] Admitted 1 requests for model_1
[2026-08-21 22:37:54.694 GPU_Scheduler_0] Admitted 1 requests for model_1
[2026-08-21 22:37:54.716 GPU_Scheduler_0] Admitted 9 requests for model_5
[2026-08-21 22:37:54.731 GPU_Scheduler_0] Admitted 1 requests for model_5
[2026-08-21 22:37:54.810 GPU_Scheduler_0] Admitted 1 requests for model_1
[2026-08-21 22:37:54.810 GPU_Scheduler_0] Admitted 1 requests for model_5
[2026-08-21 22:37:54.835 GPU_Scheduler_0] Admitted 1 requests for model_4
[2026-08-21 22:37:54.906 GPU_Scheduler_0] Admitted 1 requests for model_1
[2026-08-21 22:37:55.092 GPU_Scheduler_0] Admitted 1 requests for model_1
[2026-08-21 22:37:55.105 GPU_Scheduler_0] Admitted 1 requests for model_4
[2026-08-21 22:37:55.379 GPU_Scheduler_0] Admitted 1 requests for model_4
[2026-08-21 22:37:55.522 GPU_Scheduler_0] Admitted 1 requests for model_4
[2026-08-21 22:37:55.598 GPU_Scheduler_0] Admitted 1 requests for model_4
[2026-08-21 22:37:55.718 GPU_Scheduler_0] Admitted 1 requests for model_4
[2026-08-21 22:37:55.850 GPU_Scheduler_0] Admitted 1 requests for model_1
[2026-08-21 22:37:55.862 GPU_Scheduler_0] Admitted 1 requests for model_1
[2026-08-21 22:37:55.862 GPU_Scheduler_0] Admitted 17 requests for model_5
[2026-08-21 22:37:55.965 GPU_Scheduler_0] Admitted 1 requests for model_1
[2026-08-21 22:37:56.162 GPU_Scheduler_0] Admitted 1 requests for model_1
[2026-08-21 22:37:56.195 GPU_Scheduler_0] Admitted 1 requests for model_1
[2026-08-21 22:37:56.195 GPU_Scheduler_0] Admitted 1 requests for model_4
[2026-08-21 22:37:56.528 GPU_Scheduler_0] Admitted 1 requests for model_1
[2026-08-21 22:37:56.701 GPU_Scheduler_0] Admitted 1 requests for model_1
[2026-08-21 22:37:56.712 GPU_Scheduler_0] Admitted 1 requests for model_1
[2026-08-21 22:37:57.076 GPU_Scheduler_0] Admitted 1 requests for model_1
[2026-08-21 22:37:57.108 GPU_Scheduler_0] [V5-LOOP] {"iters": 457, "t_mem": 0.007384323049336672, "t_redis": 0.3393083168193698, "t_admit": 0.009479389293119311, "t_send": 0.039075974840670824, "t_iter": 0.3952480040024966, "admitted": 109, "iter_max": 0.006066340021789074, "gpu_id": 0, "window_s": 5.005403757095337}
[2026-08-21 22:37:57.172 GPU_Scheduler_0] Admitted 1 requests for model_1
[2026-08-21 22:37:57.236 GPU_Scheduler_0] Admitted 17 requests for model_5
[2026-08-21 22:37:57.324 GPU_Scheduler_0] Admitted 1 requests for model_1
[2026-08-21 22:37:57.399 GPU_Scheduler_0] Admitted 1 requests for model_4
[2026-08-21 22:37:57.410 GPU_Scheduler_0] Admitted 1 requests for model_4
[2026-08-21 22:37:57.494 GPU_Scheduler_0] Admitted 1 requests for model_4
[2026-08-21 22:37:57.516 GPU_Scheduler_0] Admitted 1 requests for model_4
[2026-08-21 22:37:57.601 GPU_Scheduler_0] Admitted 1 requests for model_1
[2026-08-21 22:37:57.823 GPU_Scheduler_0] Admitted 1 requests for model_1
[2026-08-21 22:37:57.983 GPU_Scheduler_1] [V5-LOOP] {"iters": 453, "t_mem": 0.008110161637887359, "t_redis": 0.4223969189915806, "t_admit": 0.004172429442405701, "t_send": 0.0019942536018788815, "t_iter": 0.43667376367375255, "admitted": 2, "iter_max": 0.0024622969795018435, "gpu_id": 1, "window_s": 5.007270336151123}
[2026-08-21 22:37:58.140 GPU_Scheduler_0] Admitted 1 requests for model_4
[2026-08-21 22:37:58.347 GPU_Scheduler_0] Admitted 1 requests for model_1
[2026-08-21 22:37:58.381 GPU_Scheduler_0] Admitted 1 requests for model_4
[2026-08-21 22:37:58.418 GPU_Scheduler_1] Admitted 1 requests for model_3
[2026-08-21 22:37:58.489 GPU_Scheduler_0] Admitted 12 requests for model_5
[2026-08-21 22:37:58.774 GPU_Scheduler_0] Admitted 1 requests for model_1
[2026-08-21 22:37:58.937 GPU_Scheduler_0] Admitted 1 requests for model_1
[2026-08-21 22:37:59.024 GPU_Scheduler_0] Admitted 1 requests for model_1
[2026-08-21 22:37:59.057 GPU_Scheduler_0] Admitted 2 requests for model_1
[2026-08-21 22:37:59.090 GPU_Scheduler_0] Admitted 1 requests for model_1
[2026-08-21 22:37:59.177 GPU_Scheduler_0] Admitted 1 requests for model_1
[2026-08-21 22:37:59.275 GPU_Scheduler_0] Admitted 1 requests for model_4
[2026-08-21 22:37:59.384 GPU_Scheduler_0] Admitted 1 requests for model_1
[2026-08-21 22:37:59.494 GPU_Scheduler_0] Admitted 1 requests for model_1
[2026-08-21 22:37:59.516 GPU_Scheduler_0] Admitted 1 requests for model_4
[2026-08-21 22:37:59.647 GPU_Scheduler_0] Admitted 1 requests for model_1
[2026-08-21 22:37:59.658 GPU_Scheduler_0] Admitted 1 requests for model_4
[2026-08-21 22:37:59.680 GPU_Scheduler_0] Admitted 1 requests for model_4
[2026-08-21 22:37:59.746 GPU_Scheduler_0] Admitted 1 requests for model_4
[2026-08-21 22:37:59.855 GPU_Scheduler_0] Admitted 17 requests for model_5
[2026-08-21 22:38:00.011 GPU_Scheduler_0] Admitted 1 requests for model_1
[2026-08-21 22:38:00.141 GPU_Scheduler_0] Admitted 1 requests for model_4
[2026-08-21 22:38:00.153 GPU_Scheduler_0] Admitted 1 requests for model_1
[2026-08-21 22:38:00.207 GPU_Scheduler_0] Admitted 1 requests for model_1
[2026-08-21 22:38:00.305 GPU_Scheduler_0] Admitted 1 requests for model_4
[2026-08-21 22:38:00.447 GPU_Scheduler_0] Admitted 1 requests for model_1
[2026-08-21 22:38:00.470 GPU_Scheduler_1] Admitted 1 requests for model_3
[2026-08-21 22:38:00.501 GPU_Scheduler_0] Admitted 1 requests for model_4
[2026-08-21 22:38:00.523 GPU_Scheduler_0] Admitted 1 requests for model_4
[2026-08-21 22:38:00.600 GPU_Scheduler_0] Admitted 1 requests for model_4
[2026-08-21 22:38:00.731 GPU_Scheduler_0] Admitted 1 requests for model_1
[2026-08-21 22:38:00.873 GPU_Scheduler_0] Admitted 1 requests for model_1
[2026-08-21 22:38:00.983 GPU_Scheduler_0] Admitted 1 requests for model_1
[2026-08-21 22:38:01.048 GPU_Scheduler_0] Admitted 1 requests for model_1
[2026-08-21 22:38:01.201 GPU_Scheduler_0] Admitted 9 requests for model_5
[2026-08-21 22:38:01.214 GPU_Scheduler_0] Admitted 1 requests for model_5
[2026-08-21 22:38:01.237 GPU_Scheduler_0] Admitted 1 requests for model_5
[2026-08-21 22:38:01.248 GPU_Scheduler_0] Admitted 1 requests for model_1
[2026-08-21 22:38:01.282 GPU_Scheduler_0] Admitted 1 requests for model_4
[2026-08-21 22:38:01.325 GPU_Scheduler_0] Admitted 1 requests for model_1
[2026-08-21 22:38:01.347 GPU_Scheduler_0] Admitted 1 requests for model_4
[2026-08-21 22:38:01.489 GPU_Scheduler_0] Admitted 1 requests for model_1
[2026-08-21 22:38:01.544 GPU_Scheduler_0] Admitted 1 requests for model_1
[2026-08-21 22:38:01.544 GPU_Scheduler_0] Admitted 1 requests for model_4
[2026-08-21 22:38:01.752 GPU_Scheduler_0] Admitted 1 requests for model_4
[2026-08-21 22:38:01.947 GPU_Scheduler_0] Admitted 1 requests for model_1
[2026-08-21 22:38:01.948 GPU_Scheduler_0] Admitted 1 requests for model_4
[2026-08-21 22:38:02.111 GPU_Scheduler_0] Admitted 1 requests for model_1
[2026-08-21 22:38:02.112 GPU_Scheduler_0] [V5-LOOP] {"iters": 458, "t_mem": 0.0067747768480330706, "t_redis": 0.33500922354869545, "t_admit": 0.009481719927862287, "t_send": 0.03356822254136205, "t_iter": 0.38483394286595285, "admitted": 107, "iter_max": 0.005212923977524042, "gpu_id": 0, "window_s": 5.002925395965576}
[2026-08-21 22:38:02.199 GPU_Scheduler_0] Admitted 1 requests for model_1
[2026-08-21 22:38:02.318 GPU_Scheduler_0] Admitted 1 requests for model_4
[2026-08-21 22:38:02.329 GPU_Scheduler_0] Admitted 1 requests for model_4
[2026-08-21 22:38:02.373 GPU_Scheduler_0] Admitted 18 requests for model_5
[2026-08-21 22:38:02.484 GPU_Scheduler_0] Admitted 1 requests for model_4
[2026-08-21 22:38:02.570 GPU_Scheduler_0] Admitted 1 requests for model_4
[2026-08-21 22:38:02.689 GPU_Scheduler_0] Admitted 1 requests for model_1
[2026-08-21 22:38:02.985 GPU_Scheduler_1] [V5-LOOP] {"iters": 463, "t_mem": 0.0068824379704892635, "t_redis": 0.3207260046619922, "t_admit": 0.003882540622726083, "t_send": 0.0016067756805568933, "t_iter": 0.33309775893576443, "admitted": 2, "iter_max": 0.0019569029100239277, "gpu_id": 1, "window_s": 5.001722097396851}
[2026-08-21 22:38:03.066 GPU_Scheduler_0] Admitted 1 requests for model_4
[2026-08-21 22:38:03.142 GPU_Scheduler_0] Admitted 1 requests for model_1
[2026-08-21 22:38:03.153 GPU_Scheduler_0] Admitted 1 requests for model_4
[2026-08-21 22:38:03.229 GPU_Scheduler_0] Admitted 1 requests for model_4
[2026-08-21 22:38:03.327 GPU_Scheduler_0] Admitted 1 requests for model_4
[2026-08-21 22:38:03.381 GPU_Scheduler_0] Admitted 1 requests for model_1
[2026-08-21 22:38:03.543 GPU_Scheduler_0] Admitted 1 requests for model_1
[2026-08-21 22:38:03.565 GPU_Scheduler_0] Admitted 1 requests for model_1
[2026-08-21 22:38:03.737 GPU_Scheduler_0] Admitted 1 requests for model_1
[2026-08-21 22:38:03.792 GPU_Scheduler_0] Admitted 1 requests for model_1
[2026-08-21 22:38:03.856 GPU_Scheduler_0] Admitted 1 requests for model_1
[2026-08-21 22:38:03.931 GPU_Scheduler_0] Admitted 1 requests for model_1
[2026-08-21 22:38:03.985 GPU_Scheduler_0] Admitted 1 requests for model_4
[2026-08-21 22:38:04.018 GPU_Scheduler_0] Admitted 1 requests for model_1
[2026-08-21 22:38:04.180 GPU_Scheduler_0] Admitted 1 requests for model_1
[2026-08-21 22:38:04.202 GPU_Scheduler_1] Admitted 1 requests for model_2
[2026-08-21 22:38:04.373 GPU_Scheduler_0] Admitted 1 requests for model_4
[2026-08-21 22:38:04.749 GPU_Scheduler_0] Admitted 1 requests for model_4
[2026-08-21 22:38:04.814 GPU_Scheduler_0] Admitted 1 requests for model_4
[2026-08-21 22:38:04.901 GPU_Scheduler_0] Admitted 1 requests for model_1
[2026-08-21 22:38:04.945 GPU_Scheduler_0] Admitted 1 requests for model_1
[2026-08-21 22:38:05.042 GPU_Scheduler_0] Admitted 1 requests for model_1
[2026-08-21 22:38:05.138 GPU_Scheduler_0] Admitted 1 requests for model_4
[2026-08-21 22:38:05.213 GPU_Scheduler_0] Admitted 1 requests for model_1
[2026-08-21 22:38:05.213 GPU_Scheduler_0] Admitted 1 requests for model_4
[2026-08-21 22:38:05.606 GPU_Scheduler_0] Admitted 38 requests for model_5
[2026-08-21 22:38:05.782 GPU_Scheduler_0] Admitted 1 requests for model_4
[2026-08-21 22:38:05.877 GPU_Scheduler_0] Admitted 1 requests for model_1
[2026-08-21 22:38:05.931 GPU_Scheduler_0] Admitted 1 requests for model_4
[2026-08-21 22:38:05.952 GPU_Scheduler_0] Admitted 1 requests for model_1
[2026-08-21 22:38:05.995 GPU_Scheduler_0] Admitted 1 requests for model_4
[2026-08-21 22:38:06.324 GPU_Scheduler_0] Admitted 1 requests for model_4
[2026-08-21 22:38:06.441 GPU_Scheduler_0] Admitted 1 requests for model_1
[2026-08-21 22:38:06.452 GPU_Scheduler_0] Admitted 1 requests for model_4
[2026-08-21 22:38:07.099 GPU_Scheduler_0] Admitted 1 requests for model_1
[2026-08-21 22:38:07.120 GPU_Scheduler_0] [V5-LOOP] {"iters": 466, "t_mem": 0.006546232150867581, "t_redis": 0.26625246298499405, "t_admit": 0.009655652102082968, "t_send": 0.026059199823066592, "t_iter": 0.3085135470610112, "admitted": 95, "iter_max": 0.007399248890578747, "gpu_id": 0, "window_s": 5.00827169418335}
[2026-08-21 22:38:07.258 GPU_Scheduler_0] Admitted 1 requests for model_1
[2026-08-21 22:38:07.258 GPU_Scheduler_0] Admitted 1 requests for model_4
[2026-08-21 22:38:07.481 GPU_Scheduler_0] Admitted 1 requests for model_4
[2026-08-21 22:38:07.725 GPU_Scheduler_0] Admitted 1 requests for model_4
[2026-08-21 22:38:07.748 GPU_Scheduler_1] Admitted 1 requests for model_3
[2026-08-21 22:38:07.873 GPU_Scheduler_0] Admitted 1 requests for model_4
[2026-08-21 22:38:07.986 GPU_Scheduler_1] [V5-LOOP] {"iters": 467, "t_mem": 0.0061514105182141066, "t_redis": 0.28170981956645846, "t_admit": 0.0033470741473138332, "t_send": 0.0015443211887031794, "t_iter": 0.2927526254206896, "admitted": 2, "iter_max": 0.0018277319613844156, "gpu_id": 1, "window_s": 5.000878095626831}
[2026-08-21 22:38:08.085 GPU_Scheduler_0] Admitted 1 requests for model_1
[2026-08-21 22:38:08.202 GPU_Scheduler_0] Admitted 1 requests for model_1
[2026-08-21 22:38:08.209 GPU_Scheduler_1] Received deactivate request for model model_6
[2026-08-21 22:38:08.209 GPU_Scheduler_1] Received deactivate request for model_6, model_states: {'model_1': 'deactivated', 'model_2': 'activated', 'model_3': 'activated', 'model_4': 'deactivated', 'model_5': 'deactivated', 'model_6': 'deactivating'}
[2026-08-21 22:38:08.209 GPU_Scheduler_1] Release worker 2 from model model_6. Current model_to_worker: {'model_2': 0, 'model_3': 1}
[2026-08-21 22:38:08.393 GPU_Scheduler_0] Admitted 1 requests for model_4
[2026-08-21 22:38:08.446 GPU_Scheduler_0] Admitted 1 requests for model_4
[2026-08-21 22:38:08.457 GPU_Scheduler_0] Admitted 1 requests for model_4
[2026-08-21 22:38:08.563 GPU_Scheduler_0] Admitted 2 requests for model_4
[2026-08-21 22:38:08.574 GPU_Scheduler_0] Admitted 1 requests for model_1
[2026-08-21 22:38:08.701 GPU_Scheduler_0] Admitted 1 requests for model_1
[2026-08-21 22:38:08.882 GPU_Scheduler_0] Admitted 1 requests for model_1
[2026-08-21 22:38:08.882 GPU_Scheduler_0] Admitted 1 requests for model_4
[2026-08-21 22:38:09.000 GPU_Scheduler_1] Model model_6 (instance 1) deactivation succeeded on GPU 1
[2026-08-21 22:38:09.009 GPU_Scheduler_0] Admitted 1 requests for model_1
[2026-08-21 22:38:09.052 GPU_Scheduler_0] Admitted 1 requests for model_1
[2026-08-21 22:38:09.106 GPU_Scheduler_0] Admitted 1 requests for model_4
[2026-08-21 22:38:09.117 GPU_Scheduler_0] Admitted 1 requests for model_1
[2026-08-21 22:38:09.254 GPU_Scheduler_0] Admitted 1 requests for model_1
[2026-08-21 22:38:09.308 GPU_Scheduler_0] Admitted 1 requests for model_1
[2026-08-21 22:38:09.382 GPU_Scheduler_0] Admitted 35 requests for model_5
[2026-08-21 22:38:09.473 GPU_Scheduler_0] Admitted 1 requests for model_1
[2026-08-21 22:38:09.473 GPU_Scheduler_0] Admitted 1 requests for model_4
[2026-08-21 22:38:09.579 GPU_Scheduler_0] Admitted 1 requests for model_1
[2026-08-21 22:38:09.685 GPU_Scheduler_0] Admitted 1 requests for model_1
[2026-08-21 22:38:09.685 GPU_Scheduler_0] Admitted 1 requests for model_4
[2026-08-21 22:38:09.696 GPU_Scheduler_0] Admitted 1 requests for model_1
[2026-08-21 22:38:09.760 GPU_Scheduler_0] Admitted 1 requests for model_1
[2026-08-21 22:38:09.971 GPU_Scheduler_0] Admitted 3 requests for model_5
[2026-08-21 22:38:10.458 GPU_Scheduler_0] Admitted 3 requests for model_1
[2026-08-21 22:38:10.458 GPU_Scheduler_0] Admitted 1 requests for model_4
[2026-08-21 22:38:10.469 GPU_Scheduler_0] Admitted 2 requests for model_1
[2026-08-21 22:38:10.502 GPU_Scheduler_0] Admitted 1 requests for model_4
[2026-08-21 22:38:10.576 GPU_Scheduler_0] Admitted 1 requests for model_4
[2026-08-21 22:38:10.742 GPU_Scheduler_1] Admitted 1 requests for model_2
[2026-08-21 22:38:10.947 GPU_Scheduler_0] Admitted 12 requests for model_5
[2026-08-21 22:38:10.970 GPU_Scheduler_0] Admitted 1 requests for model_1
[2026-08-21 22:38:11.277 GPU_Scheduler_0] Admitted 1 requests for model_1
[2026-08-21 22:38:11.478 GPU_Scheduler_0] Admitted 1 requests for model_4
[2026-08-21 22:38:11.552 GPU_Scheduler_0] Admitted 1 requests for model_1
[2026-08-21 22:38:11.595 GPU_Scheduler_0] Admitted 12 requests for model_5
[2026-08-21 22:38:11.661 GPU_Scheduler_0] Admitted 1 requests for model_4
[2026-08-21 22:38:11.671 GPU_Scheduler_0] Admitted 1 requests for model_1
[2026-08-21 22:38:11.767 GPU_Scheduler_0] Admitted 1 requests for model_1
[2026-08-21 22:38:11.788 GPU_Scheduler_0] Admitted 1 requests for model_5
[2026-08-21 22:38:11.831 GPU_Scheduler_0] Admitted 1 requests for model_1
[2026-08-21 22:38:11.842 GPU_Scheduler_0] Admitted 1 requests for model_5
[2026-08-21 22:38:11.863 GPU_Scheduler_0] Admitted 1 requests for model_4
[2026-08-21 22:38:11.874 GPU_Scheduler_0] Admitted 1 requests for model_1
[2026-08-21 22:38:11.959 GPU_Scheduler_0] Admitted 1 requests for model_5
[2026-08-21 22:38:12.002 GPU_Scheduler_0] Admitted 1 requests for model_4
[2026-08-21 22:38:12.023 GPU_Scheduler_0] Admitted 1 requests for model_1
[2026-08-21 22:38:12.055 GPU_Scheduler_0] Admitted 1 requests for model_5
[2026-08-21 22:38:12.077 GPU_Scheduler_0] Admitted 1 requests for model_4
[2026-08-21 22:38:12.130 GPU_Scheduler_0] [V5-LOOP] {"iters": 471, "t_mem": 0.005677082110196352, "t_redis": 0.22463421034626663, "t_admit": 0.006864977302029729, "t_send": 0.025865204399451613, "t_iter": 0.2630414741579443, "admitted": 116, "iter_max": 0.006727633997797966, "gpu_id": 0, "window_s": 5.009827136993408}
[2026-08-21 22:38:12.141 GPU_Scheduler_0] Admitted 1 requests for model_1
[2026-08-21 22:38:12.173 GPU_Scheduler_0] Admitted 1 requests for model_5
[2026-08-21 22:38:12.194 GPU_Scheduler_0] Admitted 1 requests for model_1
[2026-08-21 22:38:12.216 GPU_Scheduler_0] Admitted 1 requests for model_5
[2026-08-21 22:38:12.269 GPU_Scheduler_0] Admitted 1 requests for model_1
[2026-08-21 22:38:12.365 GPU_Scheduler_0] Admitted 1 requests for model_1
[2026-08-21 22:38:12.397 GPU_Scheduler_0] Admitted 1 requests for model_1
[2026-08-21 22:38:12.407 GPU_Scheduler_0] Admitted 1 requests for model_1
[2026-08-21 22:38:12.407 GPU_Scheduler_0] Admitted 1 requests for model_4
[2026-08-21 22:38:12.482 GPU_Scheduler_0] Admitted 1 requests for model_5
[2026-08-21 22:38:12.588 GPU_Scheduler_0] Admitted 1 requests for model_5
[2026-08-21 22:38:12.620 GPU_Scheduler_0] Admitted 1 requests for model_5
[2026-08-21 22:38:12.927 GPU_Scheduler_0] Admitted 1 requests for model_5
[2026-08-21 22:38:12.948 GPU_Scheduler_0] Admitted 1 requests for model_1
[2026-08-21 22:38:12.959 GPU_Scheduler_0] Admitted 1 requests for model_5
[2026-08-21 22:38:12.988 GPU_Scheduler_1] [V5-LOOP] {"iters": 470, "t_mem": 0.006487496430054307, "t_redis": 0.25201050913892686, "t_admit": 0.0035051966551691294, "t_send": 0.0011028153821825981, "t_iter": 0.2631060176063329, "admitted": 1, "iter_max": 0.001196807948872447, "gpu_id": 1, "window_s": 5.00191330909729}
[2026-08-21 22:38:12.991 GPU_Scheduler_0] Admitted 2 requests for model_1
[2026-08-21 22:38:13.013 GPU_Scheduler_0] Admitted 1 requests for model_5
[2026-08-21 22:38:13.045 GPU_Scheduler_0] Admitted 1 requests for model_5
[2026-08-21 22:38:13.087 GPU_Scheduler_0] Admitted 1 requests for model_5
[2026-08-21 22:38:13.151 GPU_Scheduler_0] Admitted 1 requests for model_4
[2026-08-21 22:38:13.183 GPU_Scheduler_0] Admitted 1 requests for model_1
[2026-08-21 22:38:13.215 GPU_Scheduler_0] Admitted 1 requests for model_1
[2026-08-21 22:38:13.268 GPU_Scheduler_0] Admitted 1 requests for model_4
[2026-08-21 22:38:13.321 GPU_Scheduler_0] Admitted 1 requests for model_4
[2026-08-21 22:38:13.343 GPU_Scheduler_0] Admitted 1 requests for model_5
[2026-08-21 22:38:13.354 GPU_Scheduler_0] Admitted 1 requests for model_5
[2026-08-21 22:38:13.365 GPU_Scheduler_0] Admitted 1 requests for model_5
[2026-08-21 22:38:13.492 GPU_Scheduler_0] Admitted 2 requests for model_4
[2026-08-21 22:38:13.514 GPU_Scheduler_0] Admitted 1 requests for model_4
[2026-08-21 22:38:13.546 GPU_Scheduler_0] Admitted 1 requests for model_4
[2026-08-21 22:38:13.557 GPU_Scheduler_0] Admitted 1 requests for model_5
[2026-08-21 22:38:13.563 GPU_Scheduler_1] Admitted 1 requests for model_3
[2026-08-21 22:38:13.578 GPU_Scheduler_0] Admitted 1 requests for model_5
[2026-08-21 22:38:13.589 GPU_Scheduler_0] Admitted 1 requests for model_1
[2026-08-21 22:38:13.589 GPU_Scheduler_0] Admitted 1 requests for model_5
[2026-08-21 22:38:13.611 GPU_Scheduler_0] [PAPER-ALG2] {"rounds": 881.0, "eligible": 1338.0, "selected": 1094.0, "deferred": 244.0, "late_dispatched": 223.0, "requeued": 21.0, "max_queue_len": 38, "rounds_with_deferral": 31.0, "selected_in_deferral_rounds": 133.0, "pathological_rounds": 6.0}
[2026-08-21 22:38:13.611 GPU_Scheduler_0] Admitted 1 requests for model_5
[2026-08-21 22:38:13.706 GPU_Scheduler_0] Admitted 1 requests for model_4
[2026-08-21 22:38:13.759 GPU_Scheduler_0] Admitted 1 requests for model_4
[2026-08-21 22:38:13.939 GPU_Scheduler_0] Admitted 1 requests for model_5
[2026-08-21 22:38:14.025 GPU_Scheduler_0] Admitted 1 requests for model_5
[2026-08-21 22:38:14.036 GPU_Scheduler_0] Admitted 1 requests for model_5
[2026-08-21 22:38:14.100 GPU_Scheduler_0] Admitted 1 requests for model_5
[2026-08-21 22:38:14.132 GPU_Scheduler_0] Admitted 1 requests for model_5
[2026-08-21 22:38:14.195 GPU_Scheduler_0] Admitted 2 requests for model_5
[2026-08-21 22:38:14.206 GPU_Scheduler_0] Admitted 1 requests for model_1
[2026-08-21 22:38:14.238 GPU_Scheduler_0] Admitted 1 requests for model_1
[2026-08-21 22:38:14.249 GPU_Scheduler_0] Admitted 1 requests for model_5
[2026-08-21 22:38:14.271 GPU_Scheduler_0] Admitted 1 requests for model_1
[2026-08-21 22:38:14.380 GPU_Scheduler_1] Admitted 1 requests for model_3
[2026-08-21 22:38:14.398 GPU_Scheduler_0] Admitted 1 requests for model_5
[2026-08-21 22:38:14.472 GPU_Scheduler_0] Admitted 1 requests for model_1
[2026-08-21 22:38:14.493 GPU_Scheduler_0] Admitted 1 requests for model_5
[2026-08-21 22:38:14.515 GPU_Scheduler_0] Admitted 1 requests for model_4
[2026-08-21 22:38:14.526 GPU_Scheduler_0] Admitted 1 requests for model_1
[2026-08-21 22:38:14.526 GPU_Scheduler_0] Admitted 1 requests for model_5
[2026-08-21 22:38:14.569 GPU_Scheduler_0] Admitted 1 requests for model_1
[2026-08-21 22:38:14.611 GPU_Scheduler_0] Admitted 1 requests for model_1
[2026-08-21 22:38:14.696 GPU_Scheduler_0] Admitted 1 requests for model_1
[2026-08-21 22:38:14.697 GPU_Scheduler_0] Admitted 1 requests for model_4
[2026-08-21 22:38:14.782 GPU_Scheduler_0] Admitted 1 requests for model_5
[2026-08-21 22:38:14.814 GPU_Scheduler_0] Admitted 1 requests for model_5
[2026-08-21 22:38:14.835 GPU_Scheduler_0] Admitted 1 requests for model_5
[2026-08-21 22:38:14.837 GPU_Scheduler_1] Admitted 1 requests for model_3
[2026-08-21 22:38:14.920 GPU_Scheduler_0] Admitted 1 requests for model_1
[2026-08-21 22:38:14.952 GPU_Scheduler_0] Admitted 1 requests for model_1
[2026-08-21 22:38:14.995 GPU_Scheduler_0] Admitted 1 requests for model_5
[2026-08-21 22:38:15.122 GPU_Scheduler_0] Admitted 1 requests for model_4
[2026-08-21 22:38:15.122 GPU_Scheduler_0] Admitted 1 requests for model_5
[2026-08-21 22:38:15.196 GPU_Scheduler_0] Admitted 1 requests for model_5
[2026-08-21 22:38:15.271 GPU_Scheduler_0] Admitted 1 requests for model_5
[2026-08-21 22:38:15.282 GPU_Scheduler_0] Admitted 1 requests for model_1
[2026-08-21 22:38:15.282 GPU_Scheduler_0] Admitted 1 requests for model_5
[2026-08-21 22:38:15.293 GPU_Scheduler_0] Admitted 1 requests for model_4
[2026-08-21 22:38:15.484 GPU_Scheduler_0] Admitted 1 requests for model_5
[2026-08-21 22:38:15.495 GPU_Scheduler_0] Admitted 1 requests for model_5
[2026-08-21 22:38:15.516 GPU_Scheduler_0] Admitted 1 requests for model_5
[2026-08-21 22:38:15.581 GPU_Scheduler_0] Admitted 1 requests for model_1
[2026-08-21 22:38:15.655 GPU_Scheduler_0] Admitted 1 requests for model_5
[2026-08-21 22:38:15.740 GPU_Scheduler_0] Admitted 1 requests for model_1
[2026-08-21 22:38:15.773 GPU_Scheduler_0] Admitted 1 requests for model_4
[2026-08-21 22:38:15.826 GPU_Scheduler_0] Admitted 1 requests for model_5
[2026-08-21 22:38:15.837 GPU_Scheduler_0] Admitted 1 requests for model_5
[2026-08-21 22:38:15.901 GPU_Scheduler_0] Admitted 1 requests for model_5
[2026-08-21 22:38:15.986 GPU_Scheduler_1] Admitted 1 requests for model_3
[2026-08-21 22:38:16.049 GPU_Scheduler_0] Admitted 1 requests for model_4
[2026-08-21 22:38:16.113 GPU_Scheduler_0] Admitted 1 requests for model_1
[2026-08-21 22:38:16.134 GPU_Scheduler_0] Admitted 1 requests for model_4
[2026-08-21 22:38:16.273 GPU_Scheduler_0] Admitted 1 requests for model_5
[2026-08-21 22:38:16.389 GPU_Scheduler_0] Admitted 1 requests for model_4
[2026-08-21 22:38:16.432 GPU_Scheduler_0] Admitted 1 requests for model_4
[2026-08-21 22:38:16.443 GPU_Scheduler_0] Admitted 1 requests for model_1
[2026-08-21 22:38:16.464 GPU_Scheduler_0] Admitted 1 requests for model_1
[2026-08-21 22:38:16.475 GPU_Scheduler_0] Admitted 1 requests for model_1
[2026-08-21 22:38:16.486 GPU_Scheduler_0] Admitted 1 requests for model_5
[2026-08-21 22:38:16.529 GPU_Scheduler_0] Admitted 1 requests for model_5
[2026-08-21 22:38:16.561 GPU_Scheduler_0] Admitted 1 requests for model_5
[2026-08-21 22:38:16.583 GPU_Scheduler_0] Admitted 1 requests for model_4
[2026-08-21 22:38:16.594 GPU_Scheduler_0] Admitted 1 requests for model_5
[2026-08-21 22:38:16.615 GPU_Scheduler_0] Admitted 1 requests for model_1
[2026-08-21 22:38:16.690 GPU_Scheduler_0] Admitted 1 requests for model_5
[2026-08-21 22:38:16.722 GPU_Scheduler_0] Admitted 1 requests for model_1
[2026-08-21 22:38:16.723 GPU_Scheduler_0] Admitted 1 requests for model_4
[2026-08-21 22:38:16.755 GPU_Scheduler_0] Admitted 1 requests for model_4
[2026-08-21 22:38:16.799 GPU_Scheduler_0] Admitted 1 requests for model_5
[2026-08-21 22:38:16.898 GPU_Scheduler_0] Admitted 1 requests for model_5
[2026-08-21 22:38:16.910 GPU_Scheduler_0] Admitted 1 requests for model_5
[2026-08-21 22:38:17.124 GPU_Scheduler_0] Admitted 1 requests for model_1
[2026-08-21 22:38:17.135 GPU_Scheduler_0] [V5-LOOP] {"iters": 469, "t_mem": 0.006180046824738383, "t_redis": 0.233618448022753, "t_admit": 0.005575795192271471, "t_send": 0.031368966680020094, "t_iter": 0.27674325671978295, "admitted": 106, "iter_max": 0.0015787410084158182, "gpu_id": 0, "window_s": 5.004510164260864}
[2026-08-21 22:38:17.252 GPU_Scheduler_0] Admitted 1 requests for model_1
[2026-08-21 22:38:17.274 GPU_Scheduler_0] Admitted 1 requests for model_4
[2026-08-21 22:38:17.317 GPU_Scheduler_0] Admitted 1 requests for model_5
[2026-08-21 22:38:17.349 GPU_Scheduler_0] Admitted 1 requests for model_1
[2026-08-21 22:38:17.413 GPU_Scheduler_0] Admitted 1 requests for model_5
[2026-08-21 22:38:17.424 GPU_Scheduler_0] Admitted 1 requests for model_4
[2026-08-21 22:38:17.478 GPU_Scheduler_0] Admitted 1 requests for model_1
[2026-08-21 22:38:17.682 GPU_Scheduler_0] Admitted 1 requests for model_5
[2026-08-21 22:38:17.725 GPU_Scheduler_0] Admitted 1 requests for model_1
[2026-08-21 22:38:17.757 GPU_Scheduler_0] Admitted 1 requests for model_4
[2026-08-21 22:38:17.779 GPU_Scheduler_0] Admitted 1 requests for model_4
[2026-08-21 22:38:17.908 GPU_Scheduler_0] Admitted 1 requests for model_5
[2026-08-21 22:38:17.920 GPU_Scheduler_0] Admitted 1 requests for model_5
[2026-08-21 22:38:17.978 GPU_Scheduler_0] Admitted 1 requests for model_5
[2026-08-21 22:38:17.991 GPU_Scheduler_1] [V5-LOOP] {"iters": 473, "t_mem": 0.006738690892234445, "t_redis": 0.21723930723965168, "t_admit": 0.0038943502586334944, "t_send": 0.002870465163141489, "t_iter": 0.2307428135536611, "admitted": 4, "iter_max": 0.0018881219439208508, "gpu_id": 1, "window_s": 5.002380132675171}
[2026-08-21 22:38:18.053 GPU_Scheduler_0] Admitted 1 requests for model_1
[2026-08-21 22:38:18.075 GPU_Scheduler_0] Admitted 1 requests for model_5
[2026-08-21 22:38:18.086 GPU_Scheduler_0] Admitted 1 requests for model_1
[2026-08-21 22:38:18.119 GPU_Scheduler_0] Admitted 1 requests for model_4
[2026-08-21 22:38:18.119 GPU_Scheduler_0] Admitted 1 requests for model_5
[2026-08-21 22:38:18.194 GPU_Scheduler_0] Admitted 1 requests for model_5
[2026-08-21 22:38:18.216 GPU_Scheduler_0] Admitted 1 requests for model_1
[2026-08-21 22:38:18.290 GPU_Scheduler_0] Admitted 1 requests for model_5
[2026-08-21 22:38:18.301 GPU_Scheduler_0] Admitted 1 requests for model_5
[2026-08-21 22:38:18.472 GPU_Scheduler_0] Admitted 1 requests for model_4
[2026-08-21 22:38:18.505 GPU_Scheduler_0] Admitted 1 requests for model_5
[2026-08-21 22:38:18.548 GPU_Scheduler_0] Admitted 1 requests for model_4
[2026-08-21 22:38:18.665 GPU_Scheduler_0] Admitted 1 requests for model_5
[2026-08-21 22:38:18.719 GPU_Scheduler_0] Admitted 1 requests for model_4
[2026-08-21 22:38:18.730 GPU_Scheduler_0] Admitted 1 requests for model_4
[2026-08-21 22:38:18.837 GPU_Scheduler_0] Admitted 1 requests for model_5
[2026-08-21 22:38:18.848 GPU_Scheduler_0] Admitted 2 requests for model_1
[2026-08-21 22:38:18.859 GPU_Scheduler_0] Admitted 1 requests for model_5
[2026-08-21 22:38:18.892 GPU_Scheduler_0] Admitted 1 requests for model_5
[2026-08-21 22:38:18.935 GPU_Scheduler_0] Admitted 1 requests for model_5
[2026-08-21 22:38:18.957 GPU_Scheduler_0] Admitted 1 requests for model_4
[2026-08-21 22:38:18.957 GPU_Scheduler_0] Admitted 1 requests for model_5
[2026-08-21 22:38:19.108 GPU_Scheduler_0] Admitted 1 requests for model_4
[2026-08-21 22:38:19.140 GPU_Scheduler_0] Admitted 1 requests for model_1
[2026-08-21 22:38:19.162 GPU_Scheduler_0] Admitted 1 requests for model_5
[2026-08-21 22:38:19.173 GPU_Scheduler_0] Admitted 1 requests for model_5
[2026-08-21 22:38:19.184 GPU_Scheduler_0] Admitted 1 requests for model_1
[2026-08-21 22:38:19.248 GPU_Scheduler_0] Admitted 1 requests for model_1
[2026-08-21 22:38:19.270 GPU_Scheduler_0] Admitted 2 requests for model_5
[2026-08-21 22:38:19.303 GPU_Scheduler_0] Admitted 1 requests for model_4
[2026-08-21 22:38:19.613 GPU_Scheduler_0] Admitted 1 requests for model_5
[2026-08-21 22:38:19.624 GPU_Scheduler_0] Admitted 1 requests for model_5
[2026-08-21 22:38:19.742 GPU_Scheduler_0] Admitted 1 requests for model_1
[2026-08-21 22:38:19.775 GPU_Scheduler_0] Admitted 1 requests for model_5
[2026-08-21 22:38:19.796 GPU_Scheduler_0] Admitted 1 requests for model_4
[2026-08-21 22:38:19.796 GPU_Scheduler_0] Admitted 1 requests for model_5
[2026-08-21 22:38:19.829 GPU_Scheduler_0] Admitted 1 requests for model_4
[2026-08-21 22:38:19.840 GPU_Scheduler_0] Admitted 1 requests for model_1
[2026-08-21 22:38:19.979 GPU_Scheduler_0] Admitted 1 requests for model_5
[2026-08-21 22:38:20.055 GPU_Scheduler_0] Admitted 1 requests for model_1
[2026-08-21 22:38:20.066 GPU_Scheduler_0] Admitted 1 requests for model_5
[2026-08-21 22:38:20.141 GPU_Scheduler_0] Admitted 1 requests for model_5
[2026-08-21 22:38:20.205 GPU_Scheduler_0] Admitted 1 requests for model_5
[2026-08-21 22:38:20.259 GPU_Scheduler_0] Admitted 1 requests for model_5
[2026-08-21 22:38:20.292 GPU_Scheduler_0] Admitted 1 requests for model_4
[2026-08-21 22:38:20.303 GPU_Scheduler_0] Admitted 1 requests for model_5
[2026-08-21 22:38:20.357 GPU_Scheduler_0] Admitted 1 requests for model_4
[2026-08-21 22:38:20.357 GPU_Scheduler_0] Admitted 1 requests for model_5
[2026-08-21 22:38:20.391 GPU_Scheduler_0] Admitted 1 requests for model_1
[2026-08-21 22:38:20.422 GPU_Scheduler_1] Admitted 1 requests for model_3
[2026-08-21 22:38:20.464 GPU_Scheduler_1] Admitted 1 requests for model_3
[2026-08-21 22:38:20.527 GPU_Scheduler_1] Admitted 1 requests for model_3
[2026-08-21 22:38:20.531 GPU_Scheduler_0] Admitted 1 requests for model_5
[2026-08-21 22:38:20.617 GPU_Scheduler_0] Admitted 1 requests for model_5
[2026-08-21 22:38:20.649 GPU_Scheduler_0] Admitted 1 requests for model_5
[2026-08-21 22:38:20.660 GPU_Scheduler_0] Admitted 1 requests for model_1
[2026-08-21 22:38:20.671 GPU_Scheduler_0] Admitted 1 requests for model_5
[2026-08-21 22:38:20.735 GPU_Scheduler_0] Admitted 1 requests for model_1
[2026-08-21 22:38:20.735 GPU_Scheduler_0] Admitted 1 requests for model_5
[2026-08-21 22:38:20.768 GPU_Scheduler_0] Admitted 1 requests for model_1
[2026-08-21 22:38:20.801 GPU_Scheduler_0] Admitted 1 requests for model_5
[2026-08-21 22:38:20.876 GPU_Scheduler_0] Admitted 1 requests for model_4
[2026-08-21 22:38:20.897 GPU_Scheduler_0] Admitted 1 requests for model_5
[2026-08-21 22:38:20.919 GPU_Scheduler_0] Admitted 1 requests for model_4
[2026-08-21 22:38:21.017 GPU_Scheduler_0] Admitted 1 requests for model_5
[2026-08-21 22:38:21.060 GPU_Scheduler_0] Admitted 1 requests for model_1
[2026-08-21 22:38:21.072 GPU_Scheduler_0] Admitted 1 requests for model_5
[2026-08-21 22:38:21.094 GPU_Scheduler_0] Admitted 1 requests for model_1
[2026-08-21 22:38:21.094 GPU_Scheduler_0] Admitted 1 requests for model_5
[2026-08-21 22:38:21.105 GPU_Scheduler_0] Admitted 1 requests for model_1
[2026-08-21 22:38:21.116 GPU_Scheduler_0] Admitted 1 requests for model_5
[2026-08-21 22:38:21.256 GPU_Scheduler_0] Admitted 1 requests for model_4
[2026-08-21 22:38:21.310 GPU_Scheduler_0] Admitted 1 requests for model_4
[2026-08-21 22:38:21.374 GPU_Scheduler_0] Admitted 1 requests for model_5
[2026-08-21 22:38:21.576 GPU_Scheduler_0] Admitted 1 requests for model_1
[2026-08-21 22:38:21.672 GPU_Scheduler_0] Admitted 1 requests for model_4
[2026-08-21 22:38:21.790 GPU_Scheduler_0] Admitted 1 requests for model_5
[2026-08-21 22:38:21.800 GPU_Scheduler_0] Admitted 1 requests for model_5
[2026-08-21 22:38:21.811 GPU_Scheduler_0] Admitted 1 requests for model_5
[2026-08-21 22:38:21.822 GPU_Scheduler_0] Admitted 1 requests for model_5
[2026-08-21 22:38:21.855 GPU_Scheduler_0] Admitted 1 requests for model_5
[2026-08-21 22:38:21.876 GPU_Scheduler_0] Admitted 1 requests for model_5
[2026-08-21 22:38:21.962 GPU_Scheduler_0] Admitted 1 requests for model_4
[2026-08-21 22:38:22.058 GPU_Scheduler_0] Admitted 1 requests for model_1
[2026-08-21 22:38:22.058 GPU_Scheduler_0] Admitted 1 requests for model_5
[2026-08-21 22:38:22.145 GPU_Scheduler_0] [V5-LOOP] {"iters": 465, "t_mem": 0.00647160317748785, "t_redis": 0.27668856969103217, "t_admit": 0.0056622931733727455, "t_send": 0.032332405680790544, "t_iter": 0.3211548717226833, "admitted": 98, "iter_max": 0.0022216239012777805, "gpu_id": 0, "window_s": 5.009852409362793}
[2026-08-21 22:38:22.273 GPU_Scheduler_0] Admitted 1 requests for model_5
[2026-08-21 22:38:22.294 GPU_Scheduler_0] Admitted 1 requests for model_1
[2026-08-21 22:38:22.294 GPU_Scheduler_0] Admitted 1 requests for model_4
[2026-08-21 22:38:22.348 GPU_Scheduler_0] Admitted 1 requests for model_4
[2026-08-21 22:38:22.381 GPU_Scheduler_0] Admitted 1 requests for model_5
[2026-08-21 22:38:22.402 GPU_Scheduler_0] Admitted 1 requests for model_1
[2026-08-21 22:38:22.435 GPU_Scheduler_0] Admitted 1 requests for model_5
[2026-08-21 22:38:22.469 GPU_Scheduler_1] Admitted 1 requests for model_3
[2026-08-21 22:38:22.595 GPU_Scheduler_0] Admitted 1 requests for model_1
[2026-08-21 22:38:22.595 GPU_Scheduler_0] Admitted 1 requests for model_4
[2026-08-21 22:38:22.691 GPU_Scheduler_0] Admitted 1 requests for model_5
[2026-08-21 22:38:22.745 GPU_Scheduler_0] Admitted 1 requests for model_5
[2026-08-21 22:38:22.842 GPU_Scheduler_0] Admitted 1 requests for model_5
[2026-08-21 22:38:22.874 GPU_Scheduler_0] Admitted 1 requests for model_5
[2026-08-21 22:38:22.949 GPU_Scheduler_0] Admitted 1 requests for model_5
[2026-08-21 22:38:22.971 GPU_Scheduler_0] Admitted 1 requests for model_1
[2026-08-21 22:38:22.981 GPU_Scheduler_0] Admitted 1 requests for model_4
[2026-08-21 22:38:23.001 GPU_Scheduler_1] [V5-LOOP] {"iters": 480, "t_mem": 0.005827812012284994, "t_redis": 0.16092719254083931, "t_admit": 0.0030381924007087946, "t_send": 0.0018617534078657627, "t_iter": 0.17165495036169887, "admitted": 4, "iter_max": 0.0010233370121568441, "gpu_id": 1, "window_s": 5.009886026382446}
[2026-08-21 22:38:23.045 GPU_Scheduler_0] Admitted 1 requests for model_5
[2026-08-21 22:38:23.120 GPU_Scheduler_0] Admitted 1 requests for model_4
[2026-08-21 22:38:23.152 GPU_Scheduler_0] Admitted 1 requests for model_1
[2026-08-21 22:38:23.249 GPU_Scheduler_0] Admitted 1 requests for model_5
[2026-08-21 22:38:23.260 GPU_Scheduler_0] Admitted 1 requests for model_5
[2026-08-21 22:38:23.314 GPU_Scheduler_0] Admitted 1 requests for model_5
[2026-08-21 22:38:23.421 GPU_Scheduler_0] Admitted 1 requests for model_5
[2026-08-21 22:38:23.453 GPU_Scheduler_0] Admitted 1 requests for model_5
[2026-08-21 22:38:23.496 GPU_Scheduler_0] Admitted 1 requests for model_1
[2026-08-21 22:38:23.593 GPU_Scheduler_0] Admitted 1 requests for model_1
[2026-08-21 22:38:23.636 GPU_Scheduler_0] Admitted 1 requests for model_5
[2026-08-21 22:38:23.647 GPU_Scheduler_0] Admitted 1 requests for model_1
[2026-08-21 22:38:23.818 GPU_Scheduler_0] Admitted 1 requests for model_5
[2026-08-21 22:38:23.936 GPU_Scheduler_0] Admitted 1 requests for model_4
[2026-08-21 22:38:23.958 GPU_Scheduler_0] Admitted 1 requests for model_4
[2026-08-21 22:38:23.958 GPU_Scheduler_0] Admitted 1 requests for model_5
[2026-08-21 22:38:24.001 GPU_Scheduler_0] Admitted 1 requests for model_1
[2026-08-21 22:38:24.214 GPU_Scheduler_0] Admitted 1 requests for model_5
[2026-08-21 22:38:24.268 GPU_Scheduler_0] Admitted 1 requests for model_5
[2026-08-21 22:38:24.353 GPU_Scheduler_0] Admitted 1 requests for model_5
[2026-08-21 22:38:24.375 GPU_Scheduler_0] Admitted 1 requests for model_5
[2026-08-21 22:38:24.428 GPU_Scheduler_0] Admitted 1 requests for model_1
[2026-08-21 22:38:24.503 GPU_Scheduler_0] Admitted 1 requests for model_5
[2026-08-21 22:38:24.557 GPU_Scheduler_0] Admitted 1 requests for model_5
[2026-08-21 22:38:24.568 GPU_Scheduler_0] Admitted 2 requests for model_5
[2026-08-21 22:38:24.707 GPU_Scheduler_0] Admitted 1 requests for model_1
[2026-08-21 22:38:24.740 GPU_Scheduler_0] Admitted 1 requests for model_4
[2026-08-21 22:38:24.751 GPU_Scheduler_0] Admitted 1 requests for model_5
[2026-08-21 22:38:24.794 GPU_Scheduler_0] Admitted 1 requests for model_5
[2026-08-21 22:38:24.815 GPU_Scheduler_0] Admitted 1 requests for model_4
[2026-08-21 22:38:24.880 GPU_Scheduler_0] Admitted 1 requests for model_5
[2026-08-21 22:38:24.901 GPU_Scheduler_0] Admitted 1 requests for model_5
[2026-08-21 22:38:24.944 GPU_Scheduler_0] Admitted 1 requests for model_5
[2026-08-21 22:38:24.955 GPU_Scheduler_0] Admitted 1 requests for model_1
[2026-08-21 22:38:24.977 GPU_Scheduler_0] Admitted 1 requests for model_1
[2026-08-21 22:38:25.030 GPU_Scheduler_0] Admitted 1 requests for model_5
[2026-08-21 22:38:25.063 GPU_Scheduler_0] Admitted 1 requests for model_5
[2026-08-21 22:38:25.202 GPU_Scheduler_0] Admitted 1 requests for model_1
[2026-08-21 22:38:25.223 GPU_Scheduler_0] Admitted 1 requests for model_5
[2026-08-21 22:38:25.298 GPU_Scheduler_0] Admitted 1 requests for model_1
[2026-08-21 22:38:25.309 GPU_Scheduler_0] Admitted 1 requests for model_1
[2026-08-21 22:38:25.320 GPU_Scheduler_0] Admitted 1 requests for model_1
[2026-08-21 22:38:25.459 GPU_Scheduler_0] Admitted 1 requests for model_5
[2026-08-21 22:38:25.512 GPU_Scheduler_0] Admitted 1 requests for model_4
[2026-08-21 22:38:25.534 GPU_Scheduler_0] Admitted 1 requests for model_1
[2026-08-21 22:38:25.577 GPU_Scheduler_0] Admitted 1 requests for model_5
[2026-08-21 22:38:25.588 GPU_Scheduler_0] Admitted 1 requests for model_5
[2026-08-21 22:38:25.610 GPU_Scheduler_0] Admitted 1 requests for model_4
[2026-08-21 22:38:25.664 GPU_Scheduler_0] Admitted 1 requests for model_1
[2026-08-21 22:38:25.664 GPU_Scheduler_0] Admitted 1 requests for model_5
[2026-08-21 22:38:25.729 GPU_Scheduler_0] Admitted 1 requests for model_5
[2026-08-21 22:38:25.740 GPU_Scheduler_0] Admitted 1 requests for model_5
[2026-08-21 22:38:25.751 GPU_Scheduler_0] Admitted 1 requests for model_1
[2026-08-21 22:38:25.762 GPU_Scheduler_0] Admitted 1 requests for model_5
[2026-08-21 22:38:25.858 GPU_Scheduler_0] Admitted 1 requests for model_5
[2026-08-21 22:38:25.871 GPU_Scheduler_1] Admitted 1 requests for model_2
[2026-08-21 22:38:25.997 GPU_Scheduler_0] Admitted 1 requests for model_5
[2026-08-21 22:38:26.008 GPU_Scheduler_0] Admitted 1 requests for model_5
[2026-08-21 22:38:26.105 GPU_Scheduler_0] Admitted 1 requests for model_5
[2026-08-21 22:38:26.169 GPU_Scheduler_0] Admitted 1 requests for model_1
[2026-08-21 22:38:26.180 GPU_Scheduler_0] Admitted 1 requests for model_1
[2026-08-21 22:38:26.223 GPU_Scheduler_0] Admitted 1 requests for model_1
[2026-08-21 22:38:26.280 GPU_Scheduler_0] Admitted 1 requests for model_1
[2026-08-21 22:38:26.302 GPU_Scheduler_0] Admitted 1 requests for model_5
[2026-08-21 22:38:26.313 GPU_Scheduler_0] Admitted 1 requests for model_1
[2026-08-21 22:38:26.313 GPU_Scheduler_0] Admitted 1 requests for model_5
[2026-08-21 22:38:26.345 GPU_Scheduler_0] Admitted 1 requests for model_4
[2026-08-21 22:38:26.431 GPU_Scheduler_0] Admitted 1 requests for model_5
[2026-08-21 22:38:26.485 GPU_Scheduler_0] Admitted 1 requests for model_4
[2026-08-21 22:38:26.560 GPU_Scheduler_0] Admitted 1 requests for model_4
[2026-08-21 22:38:26.603 GPU_Scheduler_0] Admitted 1 requests for model_5
[2026-08-21 22:38:26.615 GPU_Scheduler_0] Admitted 1 requests for model_5
[2026-08-21 22:38:26.636 GPU_Scheduler_0] Admitted 1 requests for model_1
[2026-08-21 22:38:26.648 GPU_Scheduler_0] Admitted 1 requests for model_5
[2026-08-21 22:38:26.659 GPU_Scheduler_0] Admitted 1 requests for model_5
[2026-08-21 22:38:26.734 GPU_Scheduler_0] Admitted 1 requests for model_1
[2026-08-21 22:38:26.766 GPU_Scheduler_0] Admitted 1 requests for model_5
[2026-08-21 22:38:26.873 GPU_Scheduler_0] Admitted 1 requests for model_1
[2026-08-21 22:38:26.884 GPU_Scheduler_0] Admitted 1 requests for model_5
[2026-08-21 22:38:26.906 GPU_Scheduler_0] Admitted 1 requests for model_5
[2026-08-21 22:38:26.991 GPU_Scheduler_0] Admitted 1 requests for model_4
[2026-08-21 22:38:27.045 GPU_Scheduler_0] Admitted 1 requests for model_5
[2026-08-21 22:38:27.089 GPU_Scheduler_0] Admitted 1 requests for model_5
[2026-08-21 22:38:27.121 GPU_Scheduler_0] Admitted 1 requests for model_4
[2026-08-21 22:38:27.132 GPU_Scheduler_0] Admitted 1 requests for model_5
[2026-08-21 22:38:27.154 GPU_Scheduler_0] Admitted 1 requests for model_5
[2026-08-21 22:38:27.154 GPU_Scheduler_0] [V5-LOOP] {"iters": 466, "t_mem": 0.006031147437170148, "t_redis": 0.26689340570010245, "t_admit": 0.0055798375979065895, "t_send": 0.032097922870889306, "t_iter": 0.3106023136060685, "admitted": 102, "iter_max": 0.003425152972340584, "gpu_id": 0, "window_s": 5.009109258651733}
[2026-08-21 22:38:27.165 GPU_Scheduler_0] Admitted 1 requests for model_4
[2026-08-21 22:38:27.165 GPU_Scheduler_0] Admitted 1 requests for model_5
[2026-08-21 22:38:27.240 GPU_Scheduler_0] Admitted 1 requests for model_1
[2026-08-21 22:38:27.315 GPU_Scheduler_0] Admitted 1 requests for model_4
[2026-08-21 22:38:27.438 GPU_Scheduler_1] Admitted 1 requests for model_2
[2026-08-21 22:38:27.465 GPU_Scheduler_0] Admitted 1 requests for model_1
[2026-08-21 22:38:27.487 GPU_Scheduler_0] Admitted 1 requests for model_5
[2026-08-21 22:38:27.498 GPU_Scheduler_0] Admitted 1 requests for model_5
[2026-08-21 22:38:27.530 GPU_Scheduler_0] Admitted 1 requests for model_5
[2026-08-21 22:38:27.551 GPU_Scheduler_0] Admitted 1 requests for model_4
[2026-08-21 22:38:27.552 GPU_Scheduler_0] Admitted 1 requests for model_5
[2026-08-21 22:38:27.659 GPU_Scheduler_0] Admitted 1 requests for model_5
[2026-08-21 22:38:27.670 GPU_Scheduler_0] Admitted 1 requests for model_1
[2026-08-21 22:38:27.713 GPU_Scheduler_0] Admitted 1 requests for model_5
[2026-08-21 22:38:27.863 GPU_Scheduler_0] Admitted 1 requests for model_5
[2026-08-21 22:38:27.895 GPU_Scheduler_0] Admitted 1 requests for model_1
[2026-08-21 22:38:27.949 GPU_Scheduler_0] Admitted 1 requests for model_1
[2026-08-21 22:38:28.002 GPU_Scheduler_1] [V5-LOOP] {"iters": 479, "t_mem": 0.006307945121079683, "t_redis": 0.16097709210589528, "t_admit": 0.002985618310049176, "t_send": 0.001233285991474986, "t_iter": 0.17150394152849913, "admitted": 2, "iter_max": 0.001140017993748188, "gpu_id": 1, "window_s": 5.0006103515625}
[2026-08-21 22:38:28.099 GPU_Scheduler_0] Admitted 1 requests for model_5
[2026-08-21 22:38:28.186 GPU_Scheduler_0] Admitted 1 requests for model_4
[2026-08-21 22:38:28.197 GPU_Scheduler_0] Admitted 2 requests for model_4
[2026-08-21 22:38:28.230 GPU_Scheduler_0] Admitted 1 requests for model_5
[2026-08-21 22:38:28.338 GPU_Scheduler_0] Admitted 1 requests for model_5
[2026-08-21 22:38:28.349 GPU_Scheduler_0] Admitted 1 requests for model_4
[2026-08-21 22:38:28.468 GPU_Scheduler_0] Admitted 1 requests for model_5
[2026-08-21 22:38:28.587 GPU_Scheduler_0] Admitted 1 requests for model_1
[2026-08-21 22:38:28.598 GPU_Scheduler_0] Admitted 1 requests for model_5
[2026-08-21 22:38:28.695 GPU_Scheduler_0] Admitted 1 requests for model_1
[2026-08-21 22:38:28.718 GPU_Scheduler_0] Admitted 1 requests for model_4
[2026-08-21 22:38:28.740 GPU_Scheduler_0] Admitted 1 requests for model_5
[2026-08-21 22:38:28.751 GPU_Scheduler_0] Admitted 1 requests for model_4
[2026-08-21 22:38:28.805 GPU_Scheduler_0] Admitted 1 requests for model_1
[2026-08-21 22:38:28.837 GPU_Scheduler_0] Admitted 1 requests for model_1
[2026-08-21 22:38:28.837 GPU_Scheduler_0] Admitted 1 requests for model_4
[2026-08-21 22:38:28.859 GPU_Scheduler_0] Admitted 1 requests for model_1
[2026-08-21 22:38:28.892 GPU_Scheduler_0] Admitted 2 requests for model_5
[2026-08-21 22:38:29.107 GPU_Scheduler_0] Admitted 1 requests for model_5
[2026-08-21 22:38:29.151 GPU_Scheduler_0] Admitted 1 requests for model_4
[2026-08-21 22:38:29.194 GPU_Scheduler_0] Admitted 1 requests for model_5
[2026-08-21 22:38:29.302 GPU_Scheduler_0] Admitted 1 requests for model_4
[2026-08-21 22:38:29.421 GPU_Scheduler_0] Admitted 1 requests for model_4
[2026-08-21 22:38:29.616 GPU_Scheduler_0] Admitted 1 requests for model_4
[2026-08-21 22:38:29.648 GPU_Scheduler_0] Admitted 1 requests for model_5
[2026-08-21 22:38:29.659 GPU_Scheduler_0] Admitted 1 requests for model_4
[2026-08-21 22:38:29.681 GPU_Scheduler_0] Admitted 1 requests for model_1
[2026-08-21 22:38:29.788 GPU_Scheduler_0] Admitted 1 requests for model_5
[2026-08-21 22:38:29.852 GPU_Scheduler_0] Admitted 1 requests for model_5
[2026-08-21 22:38:29.917 GPU_Scheduler_0] Admitted 1 requests for model_5
[2026-08-21 22:38:29.981 GPU_Scheduler_0] Admitted 1 requests for model_1
[2026-08-21 22:38:29.992 GPU_Scheduler_0] Admitted 1 requests for model_4
[2026-08-21 22:38:30.046 GPU_Scheduler_0] Admitted 1 requests for model_1
[2026-08-21 22:38:30.067 GPU_Scheduler_0] Admitted 1 requests for model_5
[2026-08-21 22:38:30.089 GPU_Scheduler_0] Admitted 1 requests for model_5
[2026-08-21 22:38:30.217 GPU_Scheduler_0] Admitted 1 requests for model_4
[2026-08-21 22:38:30.249 GPU_Scheduler_0] Admitted 1 requests for model_1
[2026-08-21 22:38:30.335 GPU_Scheduler_0] Admitted 1 requests for model_4
[2026-08-21 22:38:30.346 GPU_Scheduler_0] Admitted 1 requests for model_5
[2026-08-21 22:38:30.623 GPU_Scheduler_0] Admitted 1 requests for model_1
[2026-08-21 22:38:30.688 GPU_Scheduler_0] Admitted 1 requests for model_4
[2026-08-21 22:38:30.742 GPU_Scheduler_0] Admitted 1 requests for model_5
[2026-08-21 22:38:30.818 GPU_Scheduler_0] Admitted 1 requests for model_5
[2026-08-21 22:38:30.901 GPU_Scheduler_1] Admitted 1 requests for model_3
[2026-08-21 22:38:31.047 GPU_Scheduler_1] Admitted 1 requests for model_3
[2026-08-21 22:38:31.142 GPU_Scheduler_1] Admitted 1 requests for model_3
[2026-08-21 22:38:31.268 GPU_Scheduler_1] Admitted 2 requests for model_3
[2026-08-21 22:38:31.300 GPU_Scheduler_1] Admitted 1 requests for model_3
[2026-08-21 22:38:31.331 GPU_Scheduler_1] Admitted 2 requests for model_3
[2026-08-21 22:38:31.374 GPU_Scheduler_1] Admitted 1 requests for model_3
[2026-08-21 22:38:31.416 GPU_Scheduler_1] Admitted 1 requests for model_3
[2026-08-21 22:38:31.427 GPU_Scheduler_1] Admitted 2 requests for model_3
[2026-08-21 22:38:31.490 GPU_Scheduler_1] Admitted 1 requests for model_3
[2026-08-21 22:38:31.678 GPU_Scheduler_1] Admitted 1 requests for model_3
[2026-08-21 22:38:31.793 GPU_Scheduler_1] Admitted 1 requests for model_3
[2026-08-21 22:38:31.856 GPU_Scheduler_1] Admitted 1 requests for model_3
[2026-08-21 22:38:31.888 GPU_Scheduler_1] Admitted 1 requests for model_3
[2026-08-21 22:38:32.024 GPU_Scheduler_1] Admitted 1 requests for model_3
[2026-08-21 22:38:32.139 GPU_Scheduler_1] Admitted 1 requests for model_3
[2026-08-21 22:38:32.163 GPU_Scheduler_0] [V5-LOOP] {"iters": 466, "t_mem": 0.006639260798692703, "t_redis": 0.2774021008517593, "t_admit": 0.004687154898419976, "t_send": 0.021674202056601644, "t_iter": 0.31040271860547364, "admitted": 61, "iter_max": 0.0016403011977672577, "gpu_id": 0, "window_s": 5.00879979133606}
[2026-08-21 22:38:32.171 GPU_Scheduler_1] Admitted 1 requests for model_3
[2026-08-21 22:38:32.202 GPU_Scheduler_1] Admitted 1 requests for model_3
[2026-08-21 22:38:32.421 GPU_Scheduler_1] Admitted 1 requests for model_3
[2026-08-21 22:38:32.443 GPU_Scheduler_1] Admitted 1 requests for model_3
[2026-08-21 22:38:32.526 GPU_Scheduler_1] Admitted 1 requests for model_3
[2026-08-21 22:38:32.537 GPU_Scheduler_1] Admitted 1 requests for model_3
[2026-08-21 22:38:32.558 GPU_Scheduler_0] Admitted 1 requests for model_5
[2026-08-21 22:38:32.600 GPU_Scheduler_1] Admitted 1 requests for model_3
[2026-08-21 22:38:32.652 GPU_Scheduler_1] Admitted 1 requests for model_3
[2026-08-21 22:38:32.736 GPU_Scheduler_1] Admitted 1 requests for model_3
[2026-08-21 22:38:32.771 GPU_Scheduler_0] Admitted 1 requests for model_5
[2026-08-21 22:38:32.799 GPU_Scheduler_1] Admitted 1 requests for model_3
[2026-08-21 22:38:32.851 GPU_Scheduler_1] Admitted 1 requests for model_3
[2026-08-21 22:38:32.867 GPU_Scheduler_0] Admitted 1 requests for model_5
[2026-08-21 22:38:32.883 GPU_Scheduler_1] Admitted 2 requests for model_3
[2026-08-21 22:38:32.915 GPU_Scheduler_1] Admitted 1 requests for model_3
[2026-08-21 22:38:33.009 GPU_Scheduler_1] [V5-LOOP] {"iters": 479, "t_mem": 0.0056256253737956285, "t_redis": 0.1590698619838804, "t_admit": 0.003521193051710725, "t_send": 0.00994749623350799, "t_iter": 0.17816417664289474, "admitted": 33, "iter_max": 0.0010030870325863361, "gpu_id": 1, "window_s": 5.006848096847534}
[2026-08-21 22:38:33.020 GPU_Scheduler_1] Admitted 1 requests for model_3
[2026-08-21 22:38:33.031 GPU_Scheduler_1] Admitted 1 requests for model_3
[2026-08-21 22:38:33.125 GPU_Scheduler_1] Admitted 1 requests for model_3
[2026-08-21 22:38:33.135 GPU_Scheduler_1] Admitted 1 requests for model_3
[2026-08-21 22:38:33.250 GPU_Scheduler_1] Admitted 2 requests for model_3
[2026-08-21 22:38:33.492 GPU_Scheduler_1] Received activate request for model model_6
[2026-08-21 22:38:33.493 GPU_Scheduler_1] Received activate request for model_6, model_states: {'model_1': 'deactivated', 'model_2': 'activated', 'model_3': 'activated', 'model_4': 'deactivated', 'model_5': 'deactivated', 'model_6': 'activating'}
[2026-08-21 22:38:33.493 GPU_Scheduler_1] Assign worker 3 to model_6. Current model_to_worker: {'model_2': 0, 'model_3': 1, 'model_6': 3}
[2026-08-21 22:38:33.501 GPU_Scheduler_1] Admitted 4 requests for model_6
[2026-08-21 22:38:33.523 GPU_Scheduler_1] Admitted 2 requests for model_3
[2026-08-21 22:38:33.544 GPU_Scheduler_1] Admitted 1 requests for model_3
[2026-08-21 22:38:33.672 GPU_Scheduler_1] Admitted 1 requests for model_3
[2026-08-21 22:38:33.720 GPU_Scheduler_0] Admitted 1 requests for model_5
[2026-08-21 22:38:33.748 GPU_Scheduler_1] Admitted 2 requests for model_3
[2026-08-21 22:38:33.769 GPU_Scheduler_0] Admitted 1 requests for model_5
[2026-08-21 22:38:33.801 GPU_Scheduler_1] Admitted 1 requests for model_3
[2026-08-21 22:38:33.812 GPU_Scheduler_1] Admitted 1 requests for model_3
[2026-08-21 22:38:33.897 GPU_Scheduler_1] Admitted 1 requests for model_3
[2026-08-21 22:38:33.950 GPU_Scheduler_1] Admitted 1 requests for model_3
[2026-08-21 22:38:33.993 GPU_Scheduler_1] Admitted 1 requests for model_3
[2026-08-21 22:38:34.000 GPU_Scheduler_0] Admitted 1 requests for model_5
[2026-08-21 22:38:34.065 GPU_Scheduler_0] Admitted 1 requests for model_5
[2026-08-21 22:38:34.163 GPU_Scheduler_1] Admitted 1 requests for model_3
[2026-08-21 22:38:34.238 GPU_Scheduler_1] Admitted 1 requests for model_3
[2026-08-21 22:38:34.270 GPU_Scheduler_1] Admitted 1 requests for model_3
[2026-08-21 22:38:34.281 GPU_Scheduler_1] Admitted 1 requests for model_3
[2026-08-21 22:38:34.291 GPU_Scheduler_1] Admitted 1 requests for model_3
[2026-08-21 22:38:34.345 GPU_Scheduler_1] Admitted 1 requests for model_3
[2026-08-21 22:38:34.422 GPU_Scheduler_1] Admitted 1 requests for model_6
[2026-08-21 22:38:34.497 GPU_Scheduler_1] Admitted 1 requests for model_3
[2026-08-21 22:38:34.603 GPU_Scheduler_1] Admitted 1 requests for model_3
[2026-08-21 22:38:34.731 GPU_Scheduler_1] Admitted 1 requests for model_3
[2026-08-21 22:38:34.773 GPU_Scheduler_1] Admitted 1 requests for model_3
[2026-08-21 22:38:34.869 GPU_Scheduler_1] Admitted 1 requests for model_6
[2026-08-21 22:38:34.912 GPU_Scheduler_1] Admitted 1 requests for model_6
[2026-08-21 22:38:34.934 GPU_Scheduler_1] Admitted 2 requests for model_3
[2026-08-21 22:38:34.955 GPU_Scheduler_1] Admitted 1 requests for model_3
[2026-08-21 22:38:34.987 GPU_Scheduler_1] Admitted 1 requests for model_3
[2026-08-21 22:38:35.136 GPU_Scheduler_1] Admitted 1 requests for model_3
[2026-08-21 22:38:35.147 GPU_Scheduler_1] Admitted 1 requests for model_3
[2026-08-21 22:38:35.186 GPU_Scheduler_0] Admitted 1 requests for model_5
[2026-08-21 22:38:35.244 GPU_Scheduler_1] Admitted 1 requests for model_3
[2026-08-21 22:38:35.287 GPU_Scheduler_1] Admitted 1 requests for model_3
[2026-08-21 22:38:35.308 GPU_Scheduler_1] Admitted 1 requests for model_3
[2026-08-21 22:38:35.319 GPU_Scheduler_1] Admitted 1 requests for model_3
[2026-08-21 22:38:35.349 GPU_Scheduler_0] Admitted 1 requests for model_5
[2026-08-21 22:38:35.382 GPU_Scheduler_1] Admitted 1 requests for model_6
[2026-08-21 22:38:35.404 GPU_Scheduler_1] Admitted 1 requests for model_3
[2026-08-21 22:38:35.404 GPU_Scheduler_1] Admitted 1 requests for model_6
[2026-08-21 22:38:35.436 GPU_Scheduler_1] Admitted 1 requests for model_3
[2026-08-21 22:38:35.468 GPU_Scheduler_1] Admitted 1 requests for model_6
[2026-08-21 22:38:35.543 GPU_Scheduler_1] Admitted 1 requests for model_3
[2026-08-21 22:38:35.554 GPU_Scheduler_1] Admitted 1 requests for model_3
[2026-08-21 22:38:35.617 GPU_Scheduler_1] Admitted 1 requests for model_3
[2026-08-21 22:38:35.723 GPU_Scheduler_1] Admitted 1 requests for model_3
[2026-08-21 22:38:35.776 GPU_Scheduler_1] Admitted 1 requests for model_3
[2026-08-21 22:38:35.792 GPU_Scheduler_0] Admitted 1 requests for model_5
[2026-08-21 22:38:35.798 GPU_Scheduler_1] Admitted 1 requests for model_3
[2026-08-21 22:38:35.804 GPU_Scheduler_0] Admitted 1 requests for model_5
[2026-08-21 22:38:35.830 GPU_Scheduler_1] Admitted 1 requests for model_3
[2026-08-21 22:38:35.905 GPU_Scheduler_1] Admitted 1 requests for model_6
[2026-08-21 22:38:36.001 GPU_Scheduler_1] Admitted 1 requests for model_3
[2026-08-21 22:38:36.012 GPU_Scheduler_1] Admitted 1 requests for model_3
[2026-08-21 22:38:36.034 GPU_Scheduler_0] Admitted 1 requests for model_5
[2026-08-21 22:38:36.235 GPU_Scheduler_1] Admitted 1 requests for model_3
[2026-08-21 22:38:36.363 GPU_Scheduler_1] Model model_6 (instance 1) activation succeeded on GPU 1
[2026-08-21 22:38:36.373 GPU_Scheduler_1] Admitted 2 requests for model_6
[2026-08-21 22:38:36.437 GPU_Scheduler_1] Admitted 1 requests for model_3
[2026-08-21 22:38:36.564 GPU_Scheduler_1] Admitted 1 requests for model_3
[2026-08-21 22:38:36.565 GPU_Scheduler_0] Admitted 1 requests for model_5
[2026-08-21 22:38:36.586 GPU_Scheduler_1] Admitted 1 requests for model_6
[2026-08-21 22:38:36.629 GPU_Scheduler_1] Admitted 1 requests for model_3
[2026-08-21 22:38:36.703 GPU_Scheduler_1] Admitted 1 requests for model_3
[2026-08-21 22:38:36.714 GPU_Scheduler_1] Admitted 1 requests for model_3
[2026-08-21 22:38:36.735 GPU_Scheduler_1] Admitted 1 requests for model_3
[2026-08-21 22:38:36.799 GPU_Scheduler_1] Admitted 1 requests for model_3
[2026-08-21 22:38:36.842 GPU_Scheduler_1] Admitted 1 requests for model_3
[2026-08-21 22:38:36.991 GPU_Scheduler_1] Admitted 2 requests for model_3
[2026-08-21 22:38:37.002 GPU_Scheduler_1] Admitted 1 requests for model_3
[2026-08-21 22:38:37.013 GPU_Scheduler_1] Admitted 1 requests for model_3
[2026-08-21 22:38:37.031 GPU_Scheduler_0] Admitted 1 requests for model_5
[2026-08-21 22:38:37.151 GPU_Scheduler_0] Admitted 1 requests for model_5
[2026-08-21 22:38:37.173 GPU_Scheduler_0] [V5-LOOP] {"iters": 456, "t_mem": 0.007873228518292308, "t_redis": 0.383377033052966, "t_admit": 0.0052141365595161915, "t_send": 0.013942857505753636, "t_iter": 0.41040725563652813, "admitted": 15, "iter_max": 0.0073952090460807085, "gpu_id": 0, "window_s": 5.009945631027222}
[2026-08-21 22:38:37.206 GPU_Scheduler_0] Admitted 1 requests for model_5
[2026-08-21 22:38:37.427 GPU_Scheduler_1] Admitted 7 requests for model_3
[2026-08-21 22:38:37.503 GPU_Scheduler_1] Admitted 1 requests for model_3
[2026-08-21 22:38:37.524 GPU_Scheduler_1] Admitted 1 requests for model_3
[2026-08-21 22:38:37.567 GPU_Scheduler_1] Admitted 1 requests for model_6
[2026-08-21 22:38:37.588 GPU_Scheduler_1] Admitted 1 requests for model_3
[2026-08-21 22:38:37.652 GPU_Scheduler_0] Admitted 1 requests for model_5
[2026-08-21 22:38:37.662 GPU_Scheduler_1] Admitted 1 requests for model_3
[2026-08-21 22:38:37.684 GPU_Scheduler_1] Admitted 1 requests for model_3
[2026-08-21 22:38:37.801 GPU_Scheduler_1] Admitted 1 requests for model_6
[2026-08-21 22:38:37.817 GPU_Scheduler_0] Admitted 1 requests for model_5
[2026-08-21 22:38:37.886 GPU_Scheduler_1] Admitted 1 requests for model_3
[2026-08-21 22:38:37.924 GPU_Scheduler_0] Admitted 1 requests for model_5
[2026-08-21 22:38:37.960 GPU_Scheduler_1] Admitted 1 requests for model_6
[2026-08-21 22:38:37.982 GPU_Scheduler_1] Admitted 1 requests for model_3
[2026-08-21 22:38:38.003 GPU_Scheduler_1] Admitted 1 requests for model_3
[2026-08-21 22:38:38.014 GPU_Scheduler_1] [V5-LOOP] {"iters": 470, "t_mem": 0.006182658253237605, "t_redis": 0.23070234269835055, "t_admit": 0.005253298208117485, "t_send": 0.02573482529260218, "t_iter": 0.2678731244523078, "admitted": 93, "iter_max": 0.0035898839123547077, "gpu_id": 1, "window_s": 5.004824638366699}
[2026-08-21 22:38:38.025 GPU_Scheduler_1] Admitted 1 requests for model_3
[2026-08-21 22:38:38.046 GPU_Scheduler_1] Admitted 1 requests for model_3
[2026-08-21 22:38:38.068 GPU_Scheduler_1] Admitted 1 requests for model_3
[2026-08-21 22:38:38.110 GPU_Scheduler_1] Admitted 1 requests for model_3
[2026-08-21 22:38:38.132 GPU_Scheduler_1] Admitted 1 requests for model_3
[2026-08-21 22:38:38.185 GPU_Scheduler_1] Admitted 1 requests for model_3
[2026-08-21 22:38:38.206 GPU_Scheduler_1] Admitted 1 requests for model_3
[2026-08-21 22:38:38.206 GPU_Scheduler_1] Admitted 1 requests for model_6
[2026-08-21 22:38:38.365 GPU_Scheduler_1] Admitted 1 requests for model_3
[2026-08-21 22:38:38.376 GPU_Scheduler_1] Admitted 1 requests for model_3
[2026-08-21 22:38:38.483 GPU_Scheduler_1] Admitted 1 requests for model_3
[2026-08-21 22:38:38.694 GPU_Scheduler_1] Admitted 4 requests for model_3
[2026-08-21 22:38:38.716 GPU_Scheduler_1] Admitted 1 requests for model_3
[2026-08-21 22:38:38.727 GPU_Scheduler_1] Admitted 1 requests for model_3
[2026-08-21 22:38:38.738 GPU_Scheduler_1] Admitted 1 requests for model_3
[2026-08-21 22:38:38.781 GPU_Scheduler_1] Admitted 1 requests for model_3
[2026-08-21 22:38:38.802 GPU_Scheduler_1] Admitted 2 requests for model_3
[2026-08-21 22:38:38.835 GPU_Scheduler_1] Admitted 1 requests for model_6
[2026-08-21 22:38:38.856 GPU_Scheduler_1] Admitted 1 requests for model_3
[2026-08-21 22:38:38.866 GPU_Scheduler_0] Admitted 1 requests for model_5
[2026-08-21 22:38:38.867 GPU_Scheduler_1] Admitted 1 requests for model_6
[2026-08-21 22:38:39.085 GPU_Scheduler_0] Admitted 2 requests for model_5
[2026-08-21 22:38:39.111 GPU_Scheduler_1] Admitted 1 requests for model_6
[2026-08-21 22:38:39.302 GPU_Scheduler_1] Admitted 6 requests for model_3
[2026-08-21 22:38:39.325 GPU_Scheduler_1] Admitted 1 requests for model_3
[2026-08-21 22:38:39.336 GPU_Scheduler_1] Admitted 1 requests for model_3
[2026-08-21 22:38:39.400 GPU_Scheduler_1] Admitted 1 requests for model_3
[2026-08-21 22:38:39.432 GPU_Scheduler_1] Admitted 1 requests for model_3
[2026-08-21 22:38:39.453 GPU_Scheduler_1] Admitted 1 requests for model_3
[2026-08-21 22:38:39.653 GPU_Scheduler_0] Admitted 1 requests for model_5
[2026-08-21 22:38:40.068 GPU_Scheduler_1] Admitted 8 requests for model_3
[2026-08-21 22:38:40.132 GPU_Scheduler_0] Admitted 1 requests for model_5
[2026-08-21 22:38:40.180 GPU_Scheduler_0] Admitted 1 requests for model_5
[2026-08-21 22:38:40.186 GPU_Scheduler_1] Admitted 2 requests for model_3
[2026-08-21 22:38:40.292 GPU_Scheduler_1] Admitted 2 requests for model_3
[2026-08-21 22:38:40.354 GPU_Scheduler_0] Admitted 1 requests for model_5
[2026-08-21 22:38:40.356 GPU_Scheduler_1] Admitted 1 requests for model_3
[2026-08-21 22:38:40.547 GPU_Scheduler_1] Admitted 1 requests for model_3
[2026-08-21 22:38:40.550 GPU_Scheduler_0] Admitted 1 requests for model_5
[2026-08-21 22:38:40.590 GPU_Scheduler_1] Admitted 1 requests for model_3
[2026-08-21 22:38:40.664 GPU_Scheduler_1] Admitted 1 requests for model_3
[2026-08-21 22:38:40.802 GPU_Scheduler_1] Admitted 1 requests for model_3
[2026-08-21 22:38:40.824 GPU_Scheduler_1] Admitted 1 requests for model_3
[2026-08-21 22:38:40.869 GPU_Scheduler_0] Admitted 1 requests for model_5
[2026-08-21 22:38:40.888 GPU_Scheduler_1] Admitted 1 requests for model_3
[2026-08-21 22:38:40.952 GPU_Scheduler_1] Admitted 1 requests for model_6
[2026-08-21 22:38:41.058 GPU_Scheduler_1] Admitted 1 requests for model_6
[2026-08-21 22:38:41.080 GPU_Scheduler_1] Admitted 1 requests for model_3
[2026-08-21 22:38:41.091 GPU_Scheduler_1] Admitted 1 requests for model_3
[2026-08-21 22:38:41.123 GPU_Scheduler_1] Admitted 1 requests for model_3
[2026-08-21 22:38:41.262 GPU_Scheduler_0] Admitted 1 requests for model_5
[2026-08-21 22:38:41.335 GPU_Scheduler_1] Admitted 1 requests for model_3
[2026-08-21 22:38:41.378 GPU_Scheduler_1] Admitted 1 requests for model_3
[2026-08-21 22:38:41.473 GPU_Scheduler_1] Admitted 1 requests for model_3
[2026-08-21 22:38:41.516 GPU_Scheduler_1] Admitted 1 requests for model_6
[2026-08-21 22:38:41.644 GPU_Scheduler_1] Admitted 1 requests for model_3
[2026-08-21 22:38:41.758 GPU_Scheduler_0] Admitted 1 requests for model_5
[2026-08-21 22:38:41.792 GPU_Scheduler_1] Admitted 1 requests for model_3
[2026-08-21 22:38:41.803 GPU_Scheduler_1] Admitted 1 requests for model_3
[2026-08-21 22:38:41.824 GPU_Scheduler_1] Admitted 1 requests for model_3
[2026-08-21 22:38:41.836 GPU_Scheduler_1] Admitted 1 requests for model_3
[2026-08-21 22:38:41.899 GPU_Scheduler_1] Admitted 1 requests for model_3
[2026-08-21 22:38:41.921 GPU_Scheduler_1] Admitted 1 requests for model_3
[2026-08-21 22:38:41.921 GPU_Scheduler_1] Admitted 1 requests for model_6
[2026-08-21 22:38:41.932 GPU_Scheduler_1] Admitted 1 requests for model_3
[2026-08-21 22:38:42.017 GPU_Scheduler_1] Admitted 1 requests for model_3
[2026-08-21 22:38:42.144 GPU_Scheduler_1] Admitted 1 requests for model_3
[2026-08-21 22:38:42.179 GPU_Scheduler_0] [V5-LOOP] {"iters": 443, "t_mem": 0.009374797344207764, "t_redis": 0.5085117877461016, "t_admit": 0.006042318884283304, "t_send": 0.010454810922965407, "t_iter": 0.5343837148975581, "admitted": 15, "iter_max": 0.0030476211104542017, "gpu_id": 0, "window_s": 5.006065368652344}
[2026-08-21 22:38:42.208 GPU_Scheduler_1] Admitted 1 requests for model_3
[2026-08-21 22:38:42.304 GPU_Scheduler_1] Admitted 1 requests for model_6
[2026-08-21 22:38:42.336 GPU_Scheduler_1] Admitted 1 requests for model_3
[2026-08-21 22:38:42.389 GPU_Scheduler_1] Admitted 1 requests for model_3
[2026-08-21 22:38:42.400 GPU_Scheduler_1] Admitted 2 requests for model_3
[2026-08-21 22:38:42.507 GPU_Scheduler_1] Admitted 1 requests for model_3
[2026-08-21 22:38:42.569 GPU_Scheduler_0] Admitted 1 requests for model_5
[2026-08-21 22:38:42.644 GPU_Scheduler_0] Admitted 1 requests for model_5
[2026-08-21 22:38:42.836 GPU_Scheduler_1] Admitted 5 requests for model_3
[2026-08-21 22:38:42.891 GPU_Scheduler_1] Admitted 2 requests for model_3
[2026-08-21 22:38:42.955 GPU_Scheduler_1] Admitted 1 requests for model_3
[2026-08-21 22:38:43.019 GPU_Scheduler_1] [V5-LOOP] {"iters": 470, "t_mem": 0.006783320335671306, "t_redis": 0.23231971100904047, "t_admit": 0.0050876319874078035, "t_send": 0.02182401018217206, "t_iter": 0.26601467351429164, "admitted": 90, "iter_max": 0.0021747839637100697, "gpu_id": 1, "window_s": 5.004697799682617}
[2026-08-21 22:38:43.061 GPU_Scheduler_1] Admitted 1 requests for model_3
[2026-08-21 22:38:43.083 GPU_Scheduler_1] Admitted 1 requests for model_3
[2026-08-21 22:38:43.165 GPU_Scheduler_0] Admitted 1 requests for model_5
[2026-08-21 22:38:43.210 GPU_Scheduler_1] Admitted 1 requests for model_3
[2026-08-21 22:38:43.273 GPU_Scheduler_1] Admitted 1 requests for model_6
[2026-08-21 22:38:43.305 GPU_Scheduler_1] Admitted 1 requests for model_6
[2026-08-21 22:38:43.317 GPU_Scheduler_1] Admitted 1 requests for model_6
[2026-08-21 22:38:43.359 GPU_Scheduler_1] Admitted 1 requests for model_3
[2026-08-21 22:38:43.381 GPU_Scheduler_1] Admitted 1 requests for model_3
[2026-08-21 22:38:43.413 GPU_Scheduler_1] Admitted 1 requests for model_3
[2026-08-21 22:38:43.466 GPU_Scheduler_1] Admitted 1 requests for model_3
[2026-08-21 22:38:43.466 GPU_Scheduler_1] Admitted 1 requests for model_6
[2026-08-21 22:38:43.551 GPU_Scheduler_1] Admitted 1 requests for model_3
[2026-08-21 22:38:43.569 GPU_Scheduler_0] Admitted 1 requests for model_5
[2026-08-21 22:38:43.623 GPU_Scheduler_0] Admitted 1 requests for model_5
[2026-08-21 22:38:43.626 GPU_Scheduler_1] Admitted 1 requests for model_3
[2026-08-21 22:38:43.690 GPU_Scheduler_1] Admitted 1 requests for model_3
[2026-08-21 22:38:43.733 GPU_Scheduler_1] Admitted 1 requests for model_3
[2026-08-21 22:38:43.751 GPU_Scheduler_0] Admitted 1 requests for model_5
[2026-08-21 22:38:43.754 GPU_Scheduler_1] Admitted 1 requests for model_3
[2026-08-21 22:38:43.765 GPU_Scheduler_1] Admitted 1 requests for model_6
[2026-08-21 22:38:43.773 GPU_Scheduler_0] Admitted 1 requests for model_5
[2026-08-21 22:38:43.776 GPU_Scheduler_1] Admitted 1 requests for model_3
[2026-08-21 22:38:43.911 GPU_Scheduler_0] Admitted 1 requests for model_5
[2026-08-21 22:38:43.957 GPU_Scheduler_1] Admitted 1 requests for model_3
[2026-08-21 22:38:43.999 GPU_Scheduler_1] Admitted 2 requests for model_3
[2026-08-21 22:38:44.159 GPU_Scheduler_1] Admitted 1 requests for model_6
[2026-08-21 22:38:44.328 GPU_Scheduler_1] Admitted 1 requests for model_3
[2026-08-21 22:38:44.371 GPU_Scheduler_1] Admitted 1 requests for model_6
[2026-08-21 22:38:44.455 GPU_Scheduler_0] Admitted 1 requests for model_5
[2026-08-21 22:38:44.457 GPU_Scheduler_1] Admitted 1 requests for model_6
[2026-08-21 22:38:44.532 GPU_Scheduler_1] Admitted 3 requests for model_3
[2026-08-21 22:38:44.543 GPU_Scheduler_1] Admitted 1 requests for model_3
[2026-08-21 22:38:44.586 GPU_Scheduler_1] Admitted 1 requests for model_3
[2026-08-21 22:38:44.671 GPU_Scheduler_1] Admitted 1 requests for model_3
[2026-08-21 22:38:44.692 GPU_Scheduler_1] Admitted 1 requests for model_6
[2026-08-21 22:38:44.714 GPU_Scheduler_1] Admitted 1 requests for model_3
[2026-08-21 22:38:44.756 GPU_Scheduler_1] Admitted 1 requests for model_3
[2026-08-21 22:38:44.767 GPU_Scheduler_1] Admitted 1 requests for model_3
[2026-08-21 22:38:44.810 GPU_Scheduler_1] Admitted 1 requests for model_3
[2026-08-21 22:38:44.842 GPU_Scheduler_1] Admitted 1 requests for model_3
[2026-08-21 22:38:44.927 GPU_Scheduler_1] Admitted 1 requests for model_3
[2026-08-21 22:38:45.012 GPU_Scheduler_1] Admitted 1 requests for model_3
[2026-08-21 22:38:45.044 GPU_Scheduler_1] Admitted 1 requests for model_3
[2026-08-21 22:38:45.062 GPU_Scheduler_0] Admitted 1 requests for model_5
[2026-08-21 22:38:45.129 GPU_Scheduler_1] Admitted 1 requests for model_3
[2026-08-21 22:38:45.172 GPU_Scheduler_1] Admitted 1 requests for model_3
[2026-08-21 22:38:45.257 GPU_Scheduler_1] Admitted 1 requests for model_6
[2026-08-21 22:38:45.318 GPU_Scheduler_0] Admitted 1 requests for model_5
[2026-08-21 22:38:45.437 GPU_Scheduler_1] Admitted 1 requests for model_3
[2026-08-21 22:38:45.532 GPU_Scheduler_1] Admitted 1 requests for model_3
[2026-08-21 22:38:45.564 GPU_Scheduler_1] Admitted 1 requests for model_3
[2026-08-21 22:38:45.595 GPU_Scheduler_0] Admitted 1 requests for model_5
[2026-08-21 22:38:45.597 GPU_Scheduler_1] Admitted 1 requests for model_3
[2026-08-21 22:38:45.734 GPU_Scheduler_1] Admitted 1 requests for model_3
[2026-08-21 22:38:45.766 GPU_Scheduler_1] Admitted 1 requests for model_6
[2026-08-21 22:38:45.809 GPU_Scheduler_1] Admitted 1 requests for model_3
[2026-08-21 22:38:45.873 GPU_Scheduler_1] Admitted 1 requests for model_3
[2026-08-21 22:38:45.884 GPU_Scheduler_1] Admitted 1 requests for model_3
[2026-08-21 22:38:45.979 GPU_Scheduler_1] Admitted 1 requests for model_3
[2026-08-21 22:38:46.171 GPU_Scheduler_1] Admitted 1 requests for model_3
[2026-08-21 22:38:46.182 GPU_Scheduler_1] Admitted 1 requests for model_3
[2026-08-21 22:38:46.214 GPU_Scheduler_1] Admitted 2 requests for model_3
[2026-08-21 22:38:46.246 GPU_Scheduler_1] Admitted 1 requests for model_3
[2026-08-21 22:38:46.267 GPU_Scheduler_1] Admitted 1 requests for model_3
[2026-08-21 22:38:46.296 GPU_Scheduler_0] Admitted 1 requests for model_5
[2026-08-21 22:38:46.310 GPU_Scheduler_1] Admitted 1 requests for model_3
[2026-08-21 22:38:46.437 GPU_Scheduler_1] Admitted 1 requests for model_3
[2026-08-21 22:38:46.457 GPU_Scheduler_0] Admitted 1 requests for model_5
[2026-08-21 22:38:46.468 GPU_Scheduler_0] Admitted 1 requests for model_5
[2026-08-21 22:38:46.597 GPU_Scheduler_1] Admitted 1 requests for model_3
[2026-08-21 22:38:46.629 GPU_Scheduler_1] Admitted 1 requests for model_3
[2026-08-21 22:38:46.661 GPU_Scheduler_1] Admitted 3 requests for model_3
[2026-08-21 22:38:46.725 GPU_Scheduler_1] Admitted 1 requests for model_3
[2026-08-21 22:38:46.733 GPU_Scheduler_0] Admitted 1 requests for model_5
[2026-08-21 22:38:46.747 GPU_Scheduler_1] Admitted 1 requests for model_3
[2026-08-21 22:38:46.779 GPU_Scheduler_1] Admitted 1 requests for model_3
[2026-08-21 22:38:46.779 GPU_Scheduler_1] Admitted 1 requests for model_6
[2026-08-21 22:38:46.800 GPU_Scheduler_1] Admitted 1 requests for model_3
[2026-08-21 22:38:46.832 GPU_Scheduler_1] Admitted 1 requests for model_3
[2026-08-21 22:38:46.938 GPU_Scheduler_1] Admitted 1 requests for model_3
[2026-08-21 22:38:46.968 GPU_Scheduler_0] Admitted 1 requests for model_5
[2026-08-21 22:38:46.981 GPU_Scheduler_1] Admitted 1 requests for model_3
[2026-08-21 22:38:46.992 GPU_Scheduler_1] Admitted 1 requests for model_3
[2026-08-21 22:38:47.014 GPU_Scheduler_1] Admitted 1 requests for model_3
[2026-08-21 22:38:47.032 GPU_Scheduler_0] Admitted 1 requests for model_5
[2026-08-21 22:38:47.046 GPU_Scheduler_1] Admitted 1 requests for model_3
[2026-08-21 22:38:47.068 GPU_Scheduler_1] Admitted 1 requests for model_3
[2026-08-21 22:38:47.153 GPU_Scheduler_1] Admitted 1 requests for model_3
[2026-08-21 22:38:47.182 GPU_Scheduler_0] [V5-LOOP] {"iters": 465, "t_mem": 0.0063048736192286015, "t_redis": 0.29576352424919605, "t_admit": 0.004336516372859478, "t_send": 0.007364981807768345, "t_iter": 0.3137698960490525, "admitted": 18, "iter_max": 0.0018209319096058607, "gpu_id": 0, "window_s": 5.001861572265625}
[2026-08-21 22:38:47.185 GPU_Scheduler_1] Admitted 1 requests for model_3
[2026-08-21 22:38:47.323 GPU_Scheduler_1] Admitted 2 requests for model_3
[2026-08-21 22:38:47.376 GPU_Scheduler_1] Admitted 1 requests for model_3
[2026-08-21 22:38:47.535 GPU_Scheduler_1] Admitted 5 requests for model_3
[2026-08-21 22:38:47.546 GPU_Scheduler_1] Admitted 1 requests for model_3
[2026-08-21 22:38:47.557 GPU_Scheduler_1] Admitted 1 requests for model_3
[2026-08-21 22:38:47.579 GPU_Scheduler_1] Admitted 1 requests for model_6
[2026-08-21 22:38:47.682 GPU_Scheduler_0] Admitted 1 requests for model_5
[2026-08-21 22:38:47.696 GPU_Scheduler_1] Admitted 1 requests for model_3
[2026-08-21 22:38:47.778 GPU_Scheduler_0] Admitted 1 requests for model_5
[2026-08-21 22:38:47.800 GPU_Scheduler_0] Admitted 1 requests for model_5
[2026-08-21 22:38:47.898 GPU_Scheduler_1] Admitted 1 requests for model_6
[2026-08-21 22:38:47.951 GPU_Scheduler_1] Admitted 1 requests for model_3
[2026-08-21 22:38:47.992 GPU_Scheduler_0] Admitted 1 requests for model_5
[2026-08-21 22:38:47.993 GPU_Scheduler_1] Admitted 1 requests for model_6
[2026-08-21 22:38:48.015 GPU_Scheduler_1] Admitted 2 requests for model_3
[2026-08-21 22:38:48.026 GPU_Scheduler_1] [V5-LOOP] {"iters": 470, "t_mem": 0.006226178957149386, "t_redis": 0.22992222709581256, "t_admit": 0.005136884283274412, "t_send": 0.02705091959796846, "t_iter": 0.2683362099342048, "admitted": 97, "iter_max": 0.0014287489466369152, "gpu_id": 1, "window_s": 5.007012128829956}
[2026-08-21 22:38:48.377 GPU_Scheduler_0] Admitted 1 requests for model_5
[2026-08-21 22:38:48.502 GPU_Scheduler_1] Admitted 11 requests for model_3
[2026-08-21 22:38:48.800 GPU_Scheduler_1] Admitted 7 requests for model_3
[2026-08-21 22:38:48.854 GPU_Scheduler_1] Admitted 2 requests for model_3
[2026-08-21 22:38:49.024 GPU_Scheduler_1] Admitted 1 requests for model_3
[2026-08-21 22:38:49.035 GPU_Scheduler_1] Admitted 1 requests for model_3
[2026-08-21 22:38:49.310 GPU_Scheduler_1] Admitted 1 requests for model_6
[2026-08-21 22:38:49.548 GPU_Scheduler_0] Admitted 1 requests for model_5
[2026-08-21 22:38:49.835 GPU_Scheduler_0] Admitted 1 requests for model_5
[2026-08-21 22:38:50.038 GPU_Scheduler_0] Admitted 1 requests for model_5
[2026-08-21 22:38:50.062 GPU_Scheduler_1] Admitted 8 requests for model_3
[2026-08-21 22:38:50.074 GPU_Scheduler_1] Admitted 1 requests for model_3
[2026-08-21 22:38:50.085 GPU_Scheduler_1] Admitted 1 requests for model_6
[2026-08-21 22:38:50.213 GPU_Scheduler_1] Admitted 1 requests for model_3
[2026-08-21 22:38:50.219 GPU_Scheduler_0] Admitted 1 requests for model_5
[2026-08-21 22:38:50.224 GPU_Scheduler_1] Admitted 1 requests for model_3
[2026-08-21 22:38:50.287 GPU_Scheduler_1] Admitted 2 requests for model_3
[2026-08-21 22:38:50.341 GPU_Scheduler_1] Admitted 1 requests for model_3
[2026-08-21 22:38:50.352 GPU_Scheduler_1] Admitted 1 requests for model_3
[2026-08-21 22:38:50.436 GPU_Scheduler_1] Admitted 1 requests for model_3
[2026-08-21 22:38:50.458 GPU_Scheduler_1] Admitted 1 requests for model_3
[2026-08-21 22:38:50.532 GPU_Scheduler_1] Admitted 1 requests for model_3
[2026-08-21 22:38:50.638 GPU_Scheduler_1] Admitted 1 requests for model_3
[2026-08-21 22:38:50.645 GPU_Scheduler_0] Admitted 1 requests for model_5
[2026-08-21 22:38:50.702 GPU_Scheduler_1] Admitted 1 requests for model_3
[2026-08-21 22:38:50.765 GPU_Scheduler_1] Admitted 1 requests for model_3
[2026-08-21 22:38:50.774 GPU_Scheduler_0] Admitted 1 requests for model_5
[2026-08-21 22:38:50.797 GPU_Scheduler_1] Admitted 1 requests for model_3
[2026-08-21 22:38:50.903 GPU_Scheduler_1] Admitted 1 requests for model_6
[2026-08-21 22:38:51.039 GPU_Scheduler_0] Admitted 1 requests for model_5
[2026-08-21 22:38:51.051 GPU_Scheduler_0] Admitted 1 requests for model_5
[2026-08-21 22:38:51.062 GPU_Scheduler_1] Admitted 2 requests for model_6
[2026-08-21 22:38:51.200 GPU_Scheduler_1] Admitted 1 requests for model_6
[2026-08-21 22:38:51.253 GPU_Scheduler_1] Admitted 1 requests for model_6
[2026-08-21 22:38:51.275 GPU_Scheduler_1] Admitted 9 requests for model_3
[2026-08-21 22:38:51.328 GPU_Scheduler_0] Admitted 1 requests for model_5
[2026-08-21 22:38:51.445 GPU_Scheduler_1] Admitted 1 requests for model_3
[2026-08-21 22:38:51.477 GPU_Scheduler_1] Admitted 1 requests for model_3
[2026-08-21 22:38:51.551 GPU_Scheduler_1] Admitted 1 requests for model_3
[2026-08-21 22:38:51.573 GPU_Scheduler_1] Admitted 1 requests for model_3
[2026-08-21 22:38:51.605 GPU_Scheduler_1] Admitted 1 requests for model_3
[2026-08-21 22:38:51.626 GPU_Scheduler_1] Admitted 1 requests for model_3
[2026-08-21 22:38:51.637 GPU_Scheduler_1] Admitted 1 requests for model_3
[2026-08-21 22:38:51.690 GPU_Scheduler_1] Admitted 1 requests for model_3
[2026-08-21 22:38:51.807 GPU_Scheduler_0] Admitted 1 requests for model_5
[2026-08-21 22:38:51.923 GPU_Scheduler_1] Admitted 1 requests for model_6
[2026-08-21 22:38:51.936 GPU_Scheduler_0] Admitted 1 requests for model_5
[2026-08-21 22:38:51.986 GPU_Scheduler_1] Admitted 1 requests for model_3
[2026-08-21 22:38:51.997 GPU_Scheduler_1] Admitted 1 requests for model_3
[2026-08-21 22:38:52.061 GPU_Scheduler_1] Admitted 1 requests for model_6
[2026-08-21 22:38:52.072 GPU_Scheduler_1] Admitted 1 requests for model_3
[2026-08-21 22:38:52.192 GPU_Scheduler_0] [V5-LOOP] {"iters": 467, "t_mem": 0.006308818934485316, "t_redis": 0.28418437973596156, "t_admit": 0.004334150580689311, "t_send": 0.007134466432034969, "t_iter": 0.30196181568317115, "admitted": 16, "iter_max": 0.0021579950116574764, "gpu_id": 0, "window_s": 5.010474681854248}
[2026-08-21 22:38:52.221 GPU_Scheduler_1] Admitted 1 requests for model_3
[2026-08-21 22:38:52.245 GPU_Scheduler_0] Admitted 1 requests for model_5
[2026-08-21 22:38:52.263 GPU_Scheduler_1] Admitted 1 requests for model_3
[2026-08-21 22:38:52.348 GPU_Scheduler_1] Admitted 1 requests for model_3
[2026-08-21 22:38:52.391 GPU_Scheduler_1] Admitted 1 requests for model_3
[2026-08-21 22:38:52.412 GPU_Scheduler_1] Admitted 2 requests for model_3
[2026-08-21 22:38:52.508 GPU_Scheduler_1] Admitted 1 requests for model_3
[2026-08-21 22:38:52.529 GPU_Scheduler_1] Admitted 1 requests for model_3
[2026-08-21 22:38:52.551 GPU_Scheduler_1] Admitted 1 requests for model_3
[2026-08-21 22:38:52.562 GPU_Scheduler_1] Admitted 1 requests for model_6
[2026-08-21 22:38:52.594 GPU_Scheduler_1] Admitted 1 requests for model_3
[2026-08-21 22:38:52.668 GPU_Scheduler_1] Admitted 1 requests for model_3
[2026-08-21 22:38:52.859 GPU_Scheduler_1] Admitted 1 requests for model_3
[2026-08-21 22:38:52.880 GPU_Scheduler_1] Admitted 1 requests for model_3
[2026-08-21 22:38:52.884 GPU_Scheduler_0] Admitted 1 requests for model_5
[2026-08-21 22:38:52.912 GPU_Scheduler_1] Admitted 2 requests for model_3
[2026-08-21 22:38:52.966 GPU_Scheduler_1] Admitted 1 requests for model_3
[2026-08-21 22:38:53.030 GPU_Scheduler_1] [V5-LOOP] {"iters": 471, "t_mem": 0.005730203585699201, "t_redis": 0.22379761072807014, "t_admit": 0.005144658265635371, "t_send": 0.02199910511262715, "t_iter": 0.25667157769203186, "admitted": 90, "iter_max": 0.0025162259116768837, "gpu_id": 1, "window_s": 5.003719329833984}
[2026-08-21 22:38:53.041 GPU_Scheduler_1] Admitted 2 requests for model_3
[2026-08-21 22:38:53.285 GPU_Scheduler_1] Admitted 1 requests for model_3
[2026-08-21 22:38:53.359 GPU_Scheduler_1] Admitted 1 requests for model_3
[2026-08-21 22:38:53.370 GPU_Scheduler_1] Admitted 1 requests for model_3
[2026-08-21 22:38:53.412 GPU_Scheduler_1] Admitted 1 requests for model_3
[2026-08-21 22:38:53.529 GPU_Scheduler_1] Admitted 1 requests for model_3
[2026-08-21 22:38:53.561 GPU_Scheduler_1] Admitted 1 requests for model_3
[2026-08-21 22:38:53.583 GPU_Scheduler_1] Admitted 2 requests for model_3
[2026-08-21 22:38:53.626 GPU_Scheduler_1] Admitted 1 requests for model_3
[2026-08-21 22:38:53.964 GPU_Scheduler_1] Admitted 7 requests for model_3
[2026-08-21 22:38:53.976 GPU_Scheduler_1] Admitted 1 requests for model_3
[2026-08-21 22:38:53.987 GPU_Scheduler_1] Admitted 1 requests for model_6
[2026-08-21 22:38:54.019 GPU_Scheduler_1] Admitted 1 requests for model_3
[2026-08-21 22:38:54.073 GPU_Scheduler_1] Admitted 1 requests for model_3
[2026-08-21 22:38:54.077 GPU_Scheduler_0] Admitted 1 requests for model_5
[2026-08-21 22:38:54.126 GPU_Scheduler_1] Admitted 1 requests for model_3
[2026-08-21 22:38:54.412 GPU_Scheduler_1] Admitted 4 requests for model_3
[2026-08-21 22:38:54.476 GPU_Scheduler_1] Admitted 1 requests for model_6
[2026-08-21 22:38:54.487 GPU_Scheduler_1] Admitted 1 requests for model_3
[2026-08-21 22:38:54.487 GPU_Scheduler_1] Admitted 1 requests for model_6
[2026-08-21 22:38:54.519 GPU_Scheduler_1] Admitted 1 requests for model_3
[2026-08-21 22:38:54.572 GPU_Scheduler_1] Admitted 1 requests for model_3
[2026-08-21 22:38:54.668 GPU_Scheduler_1] Admitted 1 requests for model_3
[2026-08-21 22:38:54.700 GPU_Scheduler_1] Admitted 2 requests for model_3
[2026-08-21 22:38:54.774 GPU_Scheduler_1] Admitted 1 requests for model_3
[2026-08-21 22:38:54.866 GPU_Scheduler_0] Admitted 1 requests for model_5
[2026-08-21 22:38:54.962 GPU_Scheduler_0] Admitted 1 requests for model_5
[2026-08-21 22:38:55.176 GPU_Scheduler_1] Admitted 6 requests for model_3
[2026-08-21 22:38:55.240 GPU_Scheduler_1] Admitted 1 requests for model_6
[2026-08-21 22:38:55.294 GPU_Scheduler_1] Admitted 2 requests for model_3
[2026-08-21 22:38:55.326 GPU_Scheduler_1] Admitted 1 requests for model_3
[2026-08-21 22:38:55.347 GPU_Scheduler_1] Admitted 1 requests for model_6
[2026-08-21 22:38:55.400 GPU_Scheduler_0] Admitted 1 requests for model_5
[2026-08-21 22:38:55.411 GPU_Scheduler_1] Admitted 1 requests for model_3
[2026-08-21 22:38:55.464 GPU_Scheduler_1] Admitted 1 requests for model_6
[2026-08-21 22:38:55.496 GPU_Scheduler_1] Admitted 1 requests for model_3
[2026-08-21 22:38:55.867 GPU_Scheduler_1] Admitted 10 requests for model_3
[2026-08-21 22:38:55.879 GPU_Scheduler_1] Admitted 1 requests for model_3
[2026-08-21 22:38:55.933 GPU_Scheduler_0] Admitted 1 requests for model_5
[2026-08-21 22:38:56.008 GPU_Scheduler_0] Admitted 1 requests for model_5
[2026-08-21 22:38:56.562 GPU_Scheduler_0] Admitted 1 requests for model_5
[2026-08-21 22:38:56.567 GPU_Scheduler_1] Admitted 1 requests for model_6
[2026-08-21 22:38:56.684 GPU_Scheduler_1] Admitted 1 requests for model_6
[2026-08-21 22:38:56.948 GPU_Scheduler_1] Admitted 24 requests for model_3
[2026-08-21 22:38:57.052 GPU_Scheduler_0] Admitted 1 requests for model_5
[2026-08-21 22:38:57.201 GPU_Scheduler_0] [V5-LOOP] {"iters": 470, "t_mem": 0.005796644603833556, "t_redis": 0.25724287144839764, "t_admit": 0.0037688983138650656, "t_send": 0.0043819493148475885, "t_iter": 0.27119036368094385, "admitted": 10, "iter_max": 0.0013135389890521765, "gpu_id": 0, "window_s": 5.008610486984253}
[2026-08-21 22:38:57.249 GPU_Scheduler_1] Admitted 6 requests for model_3
[2026-08-21 22:38:57.260 GPU_Scheduler_1] Admitted 1 requests for model_3
[2026-08-21 22:38:57.271 GPU_Scheduler_1] Admitted 2 requests for model_3
[2026-08-21 22:38:57.367 GPU_Scheduler_1] Admitted 1 requests for model_6
[2026-08-21 22:38:57.399 GPU_Scheduler_1] Admitted 1 requests for model_3
[2026-08-21 22:38:57.410 GPU_Scheduler_1] Admitted 1 requests for model_3
[2026-08-21 22:38:57.727 GPU_Scheduler_1] Admitted 1 requests for model_6
[2026-08-21 22:38:58.034 GPU_Scheduler_1] [V5-LOOP] {"iters": 471, "t_mem": 0.00569073180668056, "t_redis": 0.223391302395612, "t_admit": 0.005479568615555763, "t_send": 0.02196519263088703, "t_iter": 0.25652679544873536, "admitted": 100, "iter_max": 0.004640221130102873, "gpu_id": 1, "window_s": 5.004279613494873}
[2026-08-21 22:38:58.193 GPU_Scheduler_1] Admitted 1 requests for model_6
[2026-08-21 22:38:58.499 GPU_Scheduler_0] Admitted 1 requests for model_5
[2026-08-21 22:38:58.627 GPU_Scheduler_0] Admitted 1 requests for model_5
[2026-08-21 22:38:58.680 GPU_Scheduler_1] Admitted 20 requests for model_3
[2026-08-21 22:38:58.852 GPU_Scheduler_1] Admitted 1 requests for model_6
[2026-08-21 22:38:58.883 GPU_Scheduler_0] Admitted 1 requests for model_5
[2026-08-21 22:38:59.777 GPU_Scheduler_0] Admitted 1 requests for model_5
[2026-08-21 22:39:00.281 GPU_Scheduler_1] Admitted 1 requests for model_6
[2026-08-21 22:39:00.302 GPU_Scheduler_1] Admitted 25 requests for model_3
[2026-08-21 22:39:00.555 GPU_Scheduler_0] Admitted 1 requests for model_5
[2026-08-21 22:39:00.677 GPU_Scheduler_1] Admitted 1 requests for model_6
[2026-08-21 22:39:00.768 GPU_Scheduler_0] Admitted 1 requests for model_5
[2026-08-21 22:39:00.918 GPU_Scheduler_0] Admitted 1 requests for model_5
[2026-08-21 22:39:01.406 GPU_Scheduler_1] Admitted 1 requests for model_6
[2026-08-21 22:39:01.503 GPU_Scheduler_0] Admitted 1 requests for model_5
[2026-08-21 22:39:01.631 GPU_Scheduler_0] Admitted 1 requests for model_5
[2026-08-21 22:39:01.778 GPU_Scheduler_1] Admitted 1 requests for model_6
[2026-08-21 22:39:01.863 GPU_Scheduler_1] Admitted 1 requests for model_6
[2026-08-21 22:39:02.150 GPU_Scheduler_1] Admitted 20 requests for model_3
[2026-08-21 22:39:02.206 GPU_Scheduler_0] [V5-LOOP] {"iters": 467, "t_mem": 0.006055233534425497, "t_redis": 0.2830767729319632, "t_admit": 0.0034880787134170532, "t_send": 0.00398127268999815, "t_iter": 0.2966013578698039, "admitted": 9, "iter_max": 0.0020578140392899513, "gpu_id": 0, "window_s": 5.004631042480469}
[2026-08-21 22:39:02.313 GPU_Scheduler_1] Admitted 1 requests for model_6
[2026-08-21 22:39:02.462 GPU_Scheduler_1] Admitted 1 requests for model_6
[2026-08-21 22:39:03.045 GPU_Scheduler_1] [V5-LOOP] {"iters": 472, "t_mem": 0.00594932958483696, "t_redis": 0.22712746588513255, "t_admit": 0.005925433244556189, "t_send": 0.014039617031812668, "t_iter": 0.25304184574633837, "admitted": 74, "iter_max": 0.004773881984874606, "gpu_id": 1, "window_s": 5.010607004165649}
[2026-08-21 22:39:03.204 GPU_Scheduler_1] Admitted 16 requests for model_3
[2026-08-21 22:39:03.250 GPU_Scheduler_1] Admitted 1 requests for model_6
[2026-08-21 22:39:03.278 GPU_Scheduler_0] Admitted 1 requests for model_5
[2026-08-21 22:39:03.336 GPU_Scheduler_0] Admitted 2 requests for model_5
[2026-08-21 22:39:03.887 GPU_Scheduler_1] Admitted 1 requests for model_6
[2026-08-21 22:39:03.914 GPU_Scheduler_0] Admitted 1 requests for model_5
[2026-08-21 22:39:03.950 GPU_Scheduler_0] Admitted 1 requests for model_5
[2026-08-21 22:39:04.257 GPU_Scheduler_0] Admitted 2 requests for model_5
[2026-08-21 22:39:04.941 GPU_Scheduler_0] Admitted 1 requests for model_5
[2026-08-21 22:39:05.083 GPU_Scheduler_0] Admitted 1 requests for model_5
[2026-08-21 22:39:05.115 GPU_Scheduler_1] Admitted 29 requests for model_3
[2026-08-21 22:39:05.500 GPU_Scheduler_1] Admitted 2 requests for model_6
[2026-08-21 22:39:05.550 GPU_Scheduler_0] Admitted 1 requests for model_5
[2026-08-21 22:39:05.914 GPU_Scheduler_1] Admitted 1 requests for model_6
[2026-08-21 22:39:06.157 GPU_Scheduler_1] Admitted 12 requests for model_3
[2026-08-21 22:39:06.387 GPU_Scheduler_0] Admitted 1 requests for model_5
[2026-08-21 22:39:06.392 GPU_Scheduler_1] Admitted 6 requests for model_3
[2026-08-21 22:39:06.528 GPU_Scheduler_0] Admitted 1 requests for model_5
[2026-08-21 22:39:07.211 GPU_Scheduler_0] [V5-LOOP] {"iters": 439, "t_mem": 0.010259870905429125, "t_redis": 0.5450791250914335, "t_admit": 0.006863696034997702, "t_send": 0.010123542742803693, "t_iter": 0.572326234774664, "admitted": 12, "iter_max": 0.003435832913964987, "gpu_id": 0, "window_s": 5.005168914794922}
[2026-08-21 22:39:07.600 GPU_Scheduler_1] Admitted 16 requests for model_3
[2026-08-21 22:39:08.047 GPU_Scheduler_1] [V5-LOOP] {"iters": 471, "t_mem": 0.005632707849144936, "t_redis": 0.2273125413339585, "t_admit": 0.005924437893554568, "t_send": 0.015415684785693884, "t_iter": 0.2542853718623519, "admitted": 84, "iter_max": 0.00547950598411262, "gpu_id": 1, "window_s": 5.002002477645874}
[2026-08-21 22:39:08.787 GPU_Scheduler_1] Admitted 1 requests for model_6
[2026-08-21 22:39:09.117 GPU_Scheduler_1] Admitted 1 requests for model_6
[2026-08-21 22:39:09.164 GPU_Scheduler_0] Admitted 1 requests for model_5
[2026-08-21 22:39:09.231 GPU_Scheduler_0] Admitted 1 requests for model_5
[2026-08-21 22:39:09.329 GPU_Scheduler_1] Admitted 1 requests for model_6
[2026-08-21 22:39:09.520 GPU_Scheduler_1] Admitted 1 requests for model_6
[2026-08-21 22:39:09.849 GPU_Scheduler_1] Admitted 49 requests for model_3
[2026-08-21 22:39:09.868 GPU_Scheduler_1] Admitted 3 requests for model_6
[2026-08-21 22:39:10.430 GPU_Scheduler_0] Admitted 1 requests for model_5
[2026-08-21 22:39:10.442 GPU_Scheduler_0] Admitted 1 requests for model_5
[2026-08-21 22:39:10.588 GPU_Scheduler_1] Admitted 1 requests for model_6
[2026-08-21 22:39:10.595 GPU_Scheduler_0] Admitted 1 requests for model_5
[2026-08-21 22:39:10.707 GPU_Scheduler_0] Admitted 1 requests for model_5
[2026-08-21 22:39:10.747 GPU_Scheduler_1] Admitted 15 requests for model_3
[2026-08-21 22:39:11.152 GPU_Scheduler_1] Admitted 5 requests for model_3
[2026-08-21 22:39:11.173 GPU_Scheduler_1] Admitted 1 requests for model_3
[2026-08-21 22:39:11.185 GPU_Scheduler_1] Admitted 1 requests for model_3
[2026-08-21 22:39:11.301 GPU_Scheduler_1] Admitted 1 requests for model_3
[2026-08-21 22:39:11.307 GPU_Scheduler_0] Admitted 1 requests for model_5
[2026-08-21 22:39:11.355 GPU_Scheduler_1] Admitted 1 requests for model_3
[2026-08-21 22:39:11.387 GPU_Scheduler_1] Admitted 1 requests for model_3
[2026-08-21 22:39:11.408 GPU_Scheduler_1] Admitted 1 requests for model_3
[2026-08-21 22:39:11.461 GPU_Scheduler_1] Admitted 1 requests for model_3
[2026-08-21 22:39:11.557 GPU_Scheduler_1] Admitted 1 requests for model_3
[2026-08-21 22:39:11.673 GPU_Scheduler_1] Admitted 2 requests for model_3
[2026-08-21 22:39:11.695 GPU_Scheduler_1] Admitted 1 requests for model_3
[2026-08-21 22:39:11.726 GPU_Scheduler_1] Admitted 1 requests for model_3
[2026-08-21 22:39:11.811 GPU_Scheduler_1] Admitted 1 requests for model_3
[2026-08-21 22:39:11.864 GPU_Scheduler_1] Admitted 1 requests for model_3
[2026-08-21 22:39:12.034 GPU_Scheduler_1] Admitted 1 requests for model_3
[2026-08-21 22:39:12.087 GPU_Scheduler_1] Admitted 1 requests for model_3
[2026-08-21 22:39:12.098 GPU_Scheduler_0] Admitted 1 requests for model_5
[2026-08-21 22:39:12.119 GPU_Scheduler_1] Admitted 1 requests for model_3
[2026-08-21 22:39:12.130 GPU_Scheduler_1] Admitted 1 requests for model_3
[2026-08-21 22:39:12.173 GPU_Scheduler_1] Admitted 1 requests for model_3
[2026-08-21 22:39:12.184 GPU_Scheduler_1] Admitted 1 requests for model_3
[2026-08-21 22:39:12.216 GPU_Scheduler_0] [V5-LOOP] {"iters": 451, "t_mem": 0.008485176367685199, "t_redis": 0.43461798084899783, "t_admit": 0.004926489666104317, "t_send": 0.0056780248414725065, "t_iter": 0.45370767172425985, "admitted": 8, "iter_max": 0.0032129911705851555, "gpu_id": 0, "window_s": 5.004348278045654}
[2026-08-21 22:39:12.226 GPU_Scheduler_1] Admitted 1 requests for model_3
[2026-08-21 22:39:12.291 GPU_Scheduler_0] Admitted 1 requests for model_5
[2026-08-21 22:39:12.311 GPU_Scheduler_1] Admitted 1 requests for model_3
[2026-08-21 22:39:12.343 GPU_Scheduler_1] Admitted 1 requests for model_3
[2026-08-21 22:39:12.365 GPU_Scheduler_1] Admitted 1 requests for model_3
[2026-08-21 22:39:12.428 GPU_Scheduler_1] Admitted 1 requests for model_3
[2026-08-21 22:39:12.450 GPU_Scheduler_1] Admitted 1 requests for model_3
[2026-08-21 22:39:12.493 GPU_Scheduler_1] Admitted 1 requests for model_6
[2026-08-21 22:39:12.527 GPU_Scheduler_0] Admitted 1 requests for model_5
[2026-08-21 22:39:12.546 GPU_Scheduler_1] Admitted 1 requests for model_3
[2026-08-21 22:39:12.578 GPU_Scheduler_1] Admitted 1 requests for model_3
[2026-08-21 22:39:12.599 GPU_Scheduler_1] Admitted 1 requests for model_3
[2026-08-21 22:39:12.663 GPU_Scheduler_1] Admitted 1 requests for model_3
[2026-08-21 22:39:12.801 GPU_Scheduler_1] Admitted 1 requests for model_3
[2026-08-21 22:39:12.865 GPU_Scheduler_1] Admitted 1 requests for model_3
[2026-08-21 22:39:12.886 GPU_Scheduler_1] Admitted 2 requests for model_3
[2026-08-21 22:39:12.939 GPU_Scheduler_1] Admitted 1 requests for model_3
[2026-08-21 22:39:12.971 GPU_Scheduler_1] Admitted 1 requests for model_3
[2026-08-21 22:39:12.982 GPU_Scheduler_1] Admitted 1 requests for model_3
[2026-08-21 22:39:13.056 GPU_Scheduler_1] [V5-LOOP] {"iters": 471, "t_mem": 0.0057275546714663506, "t_redis": 0.2260095018427819, "t_admit": 0.006949078990146518, "t_send": 0.023897257633507252, "t_iter": 0.262583393137902, "admitted": 115, "iter_max": 0.008521836018189788, "gpu_id": 1, "window_s": 5.009414434432983}
[2026-08-21 22:39:13.093 GPU_Scheduler_0] Admitted 1 requests for model_5
[2026-08-21 22:39:13.120 GPU_Scheduler_1] Admitted 1 requests for model_3
[2026-08-21 22:39:13.152 GPU_Scheduler_1] Admitted 1 requests for model_3
[2026-08-21 22:39:13.333 GPU_Scheduler_1] Admitted 1 requests for model_3
[2026-08-21 22:39:13.460 GPU_Scheduler_1] Admitted 1 requests for model_3
[2026-08-21 22:39:13.513 GPU_Scheduler_1] Admitted 1 requests for model_3
[2026-08-21 22:39:13.555 GPU_Scheduler_1] Admitted 1 requests for model_3
[2026-08-21 22:39:13.577 GPU_Scheduler_1] Admitted 1 requests for model_3
[2026-08-21 22:39:13.701 GPU_Scheduler_0] Admitted 1 requests for model_5
[2026-08-21 22:39:13.725 GPU_Scheduler_1] Admitted 1 requests for model_3
[2026-08-21 22:39:13.736 GPU_Scheduler_1] Admitted 1 requests for model_3
[2026-08-21 22:39:13.755 GPU_Scheduler_0] Admitted 1 requests for model_5
[2026-08-21 22:39:13.758 GPU_Scheduler_1] Admitted 1 requests for model_3
[2026-08-21 22:39:13.790 GPU_Scheduler_1] Admitted 1 requests for model_3
[2026-08-21 22:39:13.801 GPU_Scheduler_1] Admitted 2 requests for model_3
[2026-08-21 22:39:13.822 GPU_Scheduler_1] Admitted 1 requests for model_3
[2026-08-21 22:39:13.887 GPU_Scheduler_1] Admitted 1 requests for model_6
[2026-08-21 22:39:13.929 GPU_Scheduler_1] Admitted 1 requests for model_6
[2026-08-21 22:39:13.961 GPU_Scheduler_1] Admitted 1 requests for model_3
[2026-08-21 22:39:13.972 GPU_Scheduler_1] Admitted 1 requests for model_3
[2026-08-21 22:39:14.057 GPU_Scheduler_1] Admitted 1 requests for model_3
[2026-08-21 22:39:14.153 GPU_Scheduler_1] Admitted 1 requests for model_3
[2026-08-21 22:39:14.217 GPU_Scheduler_1] Admitted 1 requests for model_3
[2026-08-21 22:39:14.270 GPU_Scheduler_1] Admitted 2 requests for model_3
[2026-08-21 22:39:14.302 GPU_Scheduler_1] Admitted 1 requests for model_3
[2026-08-21 22:39:14.480 GPU_Scheduler_0] Admitted 1 requests for model_5
[2026-08-21 22:39:14.576 GPU_Scheduler_0] Admitted 1 requests for model_5
[2026-08-21 22:39:14.588 GPU_Scheduler_1] Admitted 1 requests for model_3
[2026-08-21 22:39:14.662 GPU_Scheduler_1] Admitted 1 requests for model_3
[2026-08-21 22:39:14.705 GPU_Scheduler_1] Admitted 1 requests for model_3
[2026-08-21 22:39:14.726 GPU_Scheduler_1] Admitted 2 requests for model_3
[2026-08-21 22:39:14.780 GPU_Scheduler_1] Admitted 1 requests for model_3
[2026-08-21 22:39:14.865 GPU_Scheduler_1] Admitted 1 requests for model_3
[2026-08-21 22:39:15.024 GPU_Scheduler_1] Admitted 1 requests for model_3
[2026-08-21 22:39:15.035 GPU_Scheduler_1] Admitted 1 requests for model_3
[2026-08-21 22:39:15.067 GPU_Scheduler_1] Admitted 1 requests for model_3
[2026-08-21 22:39:15.088 GPU_Scheduler_1] Admitted 1 requests for model_3
[2026-08-21 22:39:15.110 GPU_Scheduler_1] Admitted 2 requests for model_3
[2026-08-21 22:39:15.142 GPU_Scheduler_1] Admitted 1 requests for model_6
[2026-08-21 22:39:15.216 GPU_Scheduler_1] Admitted 1 requests for model_3
[2026-08-21 22:39:15.311 GPU_Scheduler_1] Admitted 1 requests for model_3
[2026-08-21 22:39:15.333 GPU_Scheduler_1] Admitted 1 requests for model_6
[2026-08-21 22:39:15.365 GPU_Scheduler_1] Admitted 1 requests for model_6
[2026-08-21 22:39:15.397 GPU_Scheduler_1] Admitted 1 requests for model_3
[2026-08-21 22:39:15.439 GPU_Scheduler_1] Admitted 1 requests for model_3
[2026-08-21 22:39:15.535 GPU_Scheduler_1] Admitted 1 requests for model_3
[2026-08-21 22:39:15.577 GPU_Scheduler_1] Admitted 1 requests for model_3
[2026-08-21 22:39:15.609 GPU_Scheduler_1] Admitted 1 requests for model_3
[2026-08-21 22:39:15.715 GPU_Scheduler_1] Admitted 1 requests for model_6
[2026-08-21 22:39:15.768 GPU_Scheduler_1] Admitted 1 requests for model_3
[2026-08-21 22:39:15.779 GPU_Scheduler_1] Admitted 1 requests for model_3
[2026-08-21 22:39:15.801 GPU_Scheduler_1] Admitted 1 requests for model_3
[2026-08-21 22:39:15.822 GPU_Scheduler_1] Admitted 1 requests for model_6
[2026-08-21 22:39:15.825 GPU_Scheduler_0] Admitted 1 requests for model_5
[2026-08-21 22:39:15.929 GPU_Scheduler_1] Admitted 1 requests for model_6
[2026-08-21 22:39:15.939 GPU_Scheduler_1] Admitted 1 requests for model_3
[2026-08-21 22:39:15.983 GPU_Scheduler_1] Admitted 1 requests for model_3
[2026-08-21 22:39:15.994 GPU_Scheduler_1] Admitted 1 requests for model_3
[2026-08-21 22:39:16.068 GPU_Scheduler_1] Admitted 1 requests for model_3
[2026-08-21 22:39:16.100 GPU_Scheduler_1] Admitted 1 requests for model_3
[2026-08-21 22:39:16.143 GPU_Scheduler_1] Admitted 1 requests for model_3
[2026-08-21 22:39:16.177 GPU_Scheduler_0] Admitted 1 requests for model_5
[2026-08-21 22:39:16.545 GPU_Scheduler_1] Admitted 1 requests for model_3
[2026-08-21 22:39:16.598 GPU_Scheduler_1] Admitted 1 requests for model_3
[2026-08-21 22:39:16.647 GPU_Scheduler_0] Admitted 1 requests for model_5
[2026-08-21 22:39:16.658 GPU_Scheduler_0] Admitted 1 requests for model_5
[2026-08-21 22:39:16.841 GPU_Scheduler_1] Admitted 1 requests for model_3
[2026-08-21 22:39:16.852 GPU_Scheduler_1] Admitted 1 requests for model_6
[2026-08-21 22:39:16.916 GPU_Scheduler_1] Admitted 1 requests for model_3
[2026-08-21 22:39:16.927 GPU_Scheduler_1] Admitted 1 requests for model_3
[2026-08-21 22:39:17.010 GPU_Scheduler_0] Admitted 1 requests for model_5
[2026-08-21 22:39:17.012 GPU_Scheduler_1] Admitted 1 requests for model_3
[2026-08-21 22:39:17.023 GPU_Scheduler_1] Admitted 1 requests for model_3
[2026-08-21 22:39:17.075 GPU_Scheduler_0] Admitted 1 requests for model_5
[2026-08-21 22:39:17.160 GPU_Scheduler_1] Admitted 1 requests for model_3
[2026-08-21 22:39:17.225 GPU_Scheduler_0] [V5-LOOP] {"iters": 469, "t_mem": 0.00581069802865386, "t_redis": 0.2656027083285153, "t_admit": 0.0036888427566736937, "t_send": 0.005705579416826367, "t_iter": 0.2808078285306692, "admitted": 13, "iter_max": 0.0014673001132905483, "gpu_id": 0, "window_s": 5.008578777313232}
[2026-08-21 22:39:17.287 GPU_Scheduler_1] Admitted 1 requests for model_3
[2026-08-21 22:39:17.298 GPU_Scheduler_1] Admitted 1 requests for model_3
[2026-08-21 22:39:17.364 GPU_Scheduler_1] Admitted 1 requests for model_3
[2026-08-21 22:39:17.417 GPU_Scheduler_1] Admitted 1 requests for model_3
[2026-08-21 22:39:17.439 GPU_Scheduler_1] Admitted 1 requests for model_3
[2026-08-21 22:39:17.450 GPU_Scheduler_1] Admitted 1 requests for model_3
[2026-08-21 22:39:17.481 GPU_Scheduler_0] Admitted 1 requests for model_5
[2026-08-21 22:39:17.503 GPU_Scheduler_1] Admitted 1 requests for model_3
[2026-08-21 22:39:17.524 GPU_Scheduler_1] Admitted 2 requests for model_3
[2026-08-21 22:39:17.535 GPU_Scheduler_1] Admitted 1 requests for model_3
[2026-08-21 22:39:17.578 GPU_Scheduler_1] Admitted 1 requests for model_3
[2026-08-21 22:39:17.589 GPU_Scheduler_1] Admitted 1 requests for model_3
[2026-08-21 22:39:17.621 GPU_Scheduler_1] Admitted 1 requests for model_6
[2026-08-21 22:39:17.685 GPU_Scheduler_1] Admitted 1 requests for model_3
[2026-08-21 22:39:17.685 GPU_Scheduler_1] Admitted 1 requests for model_6
[2026-08-21 22:39:17.717 GPU_Scheduler_1] Admitted 1 requests for model_6
[2026-08-21 22:39:17.823 GPU_Scheduler_1] Admitted 1 requests for model_3
[2026-08-21 22:39:17.856 GPU_Scheduler_0] Admitted 1 requests for model_5
[2026-08-21 22:39:17.908 GPU_Scheduler_1] Admitted 1 requests for model_3
[2026-08-21 22:39:17.961 GPU_Scheduler_1] Admitted 1 requests for model_3
[2026-08-21 22:39:17.972 GPU_Scheduler_1] Admitted 1 requests for model_3
[2026-08-21 22:39:17.993 GPU_Scheduler_1] Admitted 1 requests for model_3
[2026-08-21 22:39:18.046 GPU_Scheduler_1] Admitted 1 requests for model_3
[2026-08-21 22:39:18.057 GPU_Scheduler_1] [V5-LOOP] {"iters": 470, "t_mem": 0.00571436295285821, "t_redis": 0.22637551627121866, "t_admit": 0.0049525098875164986, "t_send": 0.026221837615594268, "t_iter": 0.26326422672718763, "admitted": 90, "iter_max": 0.0028169990982860327, "gpu_id": 1, "window_s": 5.000473260879517}
[2026-08-21 22:39:18.059 GPU_Scheduler_0] Admitted 1 requests for model_5
[2026-08-21 22:39:18.100 GPU_Scheduler_1] Admitted 1 requests for model_3
[2026-08-21 22:39:18.110 GPU_Scheduler_1] Admitted 1 requests for model_3
[2026-08-21 22:39:18.163 GPU_Scheduler_1] Admitted 1 requests for model_3
[2026-08-21 22:39:18.206 GPU_Scheduler_1] Admitted 1 requests for model_6
[2026-08-21 22:39:18.217 GPU_Scheduler_1] Admitted 1 requests for model_3
[2026-08-21 22:39:18.228 GPU_Scheduler_1] Admitted 2 requests for model_3
[2026-08-21 22:39:18.292 GPU_Scheduler_1] Admitted 1 requests for model_6
[2026-08-21 22:39:18.303 GPU_Scheduler_1] Admitted 1 requests for model_3
[2026-08-21 22:39:18.334 GPU_Scheduler_1] Admitted 1 requests for model_3
[2026-08-21 22:39:18.356 GPU_Scheduler_1] Admitted 1 requests for model_3
[2026-08-21 22:39:18.398 GPU_Scheduler_1] Admitted 1 requests for model_3
[2026-08-21 22:39:18.452 GPU_Scheduler_1] Admitted 1 requests for model_3
[2026-08-21 22:39:18.664 GPU_Scheduler_1] Admitted 1 requests for model_6
[2026-08-21 22:39:18.686 GPU_Scheduler_1] Admitted 1 requests for model_3
[2026-08-21 22:39:18.728 GPU_Scheduler_1] Admitted 1 requests for model_3
[2026-08-21 22:39:18.803 GPU_Scheduler_1] Admitted 1 requests for model_3
[2026-08-21 22:39:18.845 GPU_Scheduler_1] Admitted 1 requests for model_3
[2026-08-21 22:39:18.888 GPU_Scheduler_1] Admitted 1 requests for model_3
[2026-08-21 22:39:18.984 GPU_Scheduler_1] Admitted 1 requests for model_3
[2026-08-21 22:39:19.016 GPU_Scheduler_1] Admitted 1 requests for model_6
[2026-08-21 22:39:19.058 GPU_Scheduler_1] Admitted 1 requests for model_3
[2026-08-21 22:39:19.186 GPU_Scheduler_1] Admitted 1 requests for model_3
[2026-08-21 22:39:19.228 GPU_Scheduler_1] Admitted 1 requests for model_3
[2026-08-21 22:39:19.250 GPU_Scheduler_1] Admitted 1 requests for model_3
[2026-08-21 22:39:19.273 GPU_Scheduler_0] Admitted 1 requests for model_5
[2026-08-21 22:39:19.284 GPU_Scheduler_0] Admitted 1 requests for model_5
[2026-08-21 22:39:19.324 GPU_Scheduler_1] Admitted 1 requests for model_3
[2026-08-21 22:39:19.335 GPU_Scheduler_1] Received deactivate request for model model_2
[2026-08-21 22:39:19.335 GPU_Scheduler_1] Received deactivate request for model_2, model_states: {'model_1': 'deactivated', 'model_2': 'deactivating', 'model_3': 'activated', 'model_4': 'deactivated', 'model_5': 'deactivated', 'model_6': 'activated'}
[2026-08-21 22:39:19.336 GPU_Scheduler_1] Release worker 0 from model model_2. Current model_to_worker: {'model_3': 1, 'model_6': 3}
[2026-08-21 22:39:19.399 GPU_Scheduler_1] Admitted 1 requests for model_3
[2026-08-21 22:39:19.441 GPU_Scheduler_1] Admitted 1 requests for model_3
[2026-08-21 22:39:19.444 GPU_Scheduler_0] Admitted 1 requests for model_5
[2026-08-21 22:39:19.653 GPU_Scheduler_1] Admitted 1 requests for model_3
[2026-08-21 22:39:19.707 GPU_Scheduler_1] Admitted 1 requests for model_6
[2026-08-21 22:39:19.749 GPU_Scheduler_1] Admitted 1 requests for model_3
[2026-08-21 22:39:19.760 GPU_Scheduler_1] Admitted 1 requests for model_3
[2026-08-21 22:39:19.792 GPU_Scheduler_1] Admitted 1 requests for model_3
[2026-08-21 22:39:19.856 GPU_Scheduler_1] Admitted 1 requests for model_3
[2026-08-21 22:39:19.973 GPU_Scheduler_1] Admitted 1 requests for model_3
[2026-08-21 22:39:19.984 GPU_Scheduler_1] Admitted 1 requests for model_3
[2026-08-21 22:39:19.998 GPU_Scheduler_0] Admitted 1 requests for model_5
[2026-08-21 22:39:20.016 GPU_Scheduler_1] Admitted 1 requests for model_3
[2026-08-21 22:39:20.100 GPU_Scheduler_1] Admitted 2 requests for model_3
[2026-08-21 22:39:20.116 GPU_Scheduler_0] Admitted 1 requests for model_5
[2026-08-21 22:39:20.165 GPU_Scheduler_1] Admitted 1 requests for model_3
[2026-08-21 22:39:20.186 GPU_Scheduler_1] Admitted 1 requests for model_3
[2026-08-21 22:39:20.212 GPU_Scheduler_0] Admitted 1 requests for model_5
[2026-08-21 22:39:20.261 GPU_Scheduler_1] Admitted 1 requests for model_3
[2026-08-21 22:39:20.293 GPU_Scheduler_1] Admitted 1 requests for model_3
[2026-08-21 22:39:20.297 GPU_Scheduler_1] Model model_2 (instance 1) deactivation succeeded on GPU 1
[2026-08-21 22:39:20.377 GPU_Scheduler_1] Admitted 1 requests for model_3
[2026-08-21 22:39:20.387 GPU_Scheduler_1] Admitted 1 requests for model_3
[2026-08-21 22:39:20.398 GPU_Scheduler_1] Admitted 1 requests for model_3
[2026-08-21 22:39:20.430 GPU_Scheduler_1] Admitted 1 requests for model_3
[2026-08-21 22:39:20.545 GPU_Scheduler_1] Admitted 1 requests for model_3
[2026-08-21 22:39:20.566 GPU_Scheduler_1] Admitted 1 requests for model_3
[2026-08-21 22:39:20.577 GPU_Scheduler_1] Admitted 1 requests for model_3
[2026-08-21 22:39:20.608 GPU_Scheduler_1] Admitted 1 requests for model_3
[2026-08-21 22:39:20.682 GPU_Scheduler_1] Admitted 1 requests for model_3
[2026-08-21 22:39:20.724 GPU_Scheduler_0] Admitted 1 requests for model_5
[2026-08-21 22:39:20.734 GPU_Scheduler_1] Admitted 1 requests for model_3
[2026-08-21 22:39:20.787 GPU_Scheduler_1] Admitted 1 requests for model_3
[2026-08-21 22:39:20.818 GPU_Scheduler_1] Admitted 2 requests for model_3
[2026-08-21 22:39:20.829 GPU_Scheduler_1] Admitted 1 requests for model_3
[2026-08-21 22:39:20.882 GPU_Scheduler_1] Admitted 1 requests for model_3
[2026-08-21 22:39:20.903 GPU_Scheduler_1] Admitted 1 requests for model_3
[2026-08-21 22:39:21.008 GPU_Scheduler_1] Admitted 2 requests for model_3
[2026-08-21 22:39:21.029 GPU_Scheduler_1] Admitted 2 requests for model_3
[2026-08-21 22:39:21.113 GPU_Scheduler_1] Admitted 1 requests for model_3
[2026-08-21 22:39:21.145 GPU_Scheduler_1] Admitted 1 requests for model_3
[2026-08-21 22:39:21.197 GPU_Scheduler_1] Admitted 1 requests for model_3
[2026-08-21 22:39:21.214 GPU_Scheduler_0] Admitted 1 requests for model_5
[2026-08-21 22:39:21.218 GPU_Scheduler_1] Admitted 1 requests for model_3
[2026-08-21 22:39:21.229 GPU_Scheduler_1] Admitted 1 requests for model_3
[2026-08-21 22:39:21.271 GPU_Scheduler_1] Admitted 1 requests for model_3
[2026-08-21 22:39:21.303 GPU_Scheduler_1] Admitted 1 requests for model_3
[2026-08-21 22:39:21.374 GPU_Scheduler_0] Admitted 1 requests for model_5
[2026-08-21 22:39:21.459 GPU_Scheduler_0] Admitted 2 requests for model_5
[2026-08-21 22:39:21.618 GPU_Scheduler_0] Admitted 1 requests for model_5
[2026-08-21 22:39:21.636 GPU_Scheduler_1] Admitted 1 requests for model_3
[2026-08-21 22:39:21.752 GPU_Scheduler_1] Admitted 1 requests for model_3
[2026-08-21 22:39:21.908 GPU_Scheduler_1] Admitted 3 requests for model_3
[2026-08-21 22:39:21.947 GPU_Scheduler_0] Admitted 1 requests for model_5
[2026-08-21 22:39:22.065 GPU_Scheduler_1] Admitted 1 requests for model_6
[2026-08-21 22:39:22.086 GPU_Scheduler_1] Admitted 1 requests for model_3
[2026-08-21 22:39:22.159 GPU_Scheduler_1] Admitted 1 requests for model_3
[2026-08-21 22:39:22.160 GPU_Scheduler_1] Admitted 1 requests for model_6
[2026-08-21 22:39:22.233 GPU_Scheduler_0] [V5-LOOP] {"iters": 470, "t_mem": 0.005679305177181959, "t_redis": 0.2553029409609735, "t_admit": 0.003708505304530263, "t_send": 0.006315289065241814, "t_iter": 0.27100604050792754, "admitted": 16, "iter_max": 0.001446479931473732, "gpu_id": 0, "window_s": 5.007829666137695}
[2026-08-21 22:39:22.233 GPU_Scheduler_1] Admitted 1 requests for model_3
[2026-08-21 22:39:22.264 GPU_Scheduler_1] Admitted 1 requests for model_6
[2026-08-21 22:39:22.286 GPU_Scheduler_1] Admitted 1 requests for model_3
[2026-08-21 22:39:22.348 GPU_Scheduler_1] Admitted 1 requests for model_3
[2026-08-21 22:39:22.359 GPU_Scheduler_1] Admitted 1 requests for model_3
[2026-08-21 22:39:22.432 GPU_Scheduler_1] Admitted 2 requests for model_3
[2026-08-21 22:39:22.454 GPU_Scheduler_1] Admitted 1 requests for model_3
[2026-08-21 22:39:22.465 GPU_Scheduler_0] Admitted 1 requests for model_5
[2026-08-21 22:39:22.475 GPU_Scheduler_1] Admitted 1 requests for model_3
[2026-08-21 22:39:22.496 GPU_Scheduler_1] Admitted 1 requests for model_3
[2026-08-21 22:39:22.570 GPU_Scheduler_1] Admitted 1 requests for model_3
[2026-08-21 22:39:22.591 GPU_Scheduler_1] Admitted 1 requests for model_3
[2026-08-21 22:39:22.664 GPU_Scheduler_1] Admitted 1 requests for model_3
[2026-08-21 22:39:22.748 GPU_Scheduler_1] Admitted 1 requests for model_3
[2026-08-21 22:39:22.800 GPU_Scheduler_1] Admitted 1 requests for model_3
[2026-08-21 22:39:22.894 GPU_Scheduler_1] Admitted 1 requests for model_3
[2026-08-21 22:39:22.905 GPU_Scheduler_1] Admitted 1 requests for model_6
[2026-08-21 22:39:22.916 GPU_Scheduler_1] Admitted 1 requests for model_3
[2026-08-21 22:39:22.978 GPU_Scheduler_1] Admitted 2 requests for model_3
[2026-08-21 22:39:23.031 GPU_Scheduler_1] Admitted 1 requests for model_3
[2026-08-21 22:39:23.063 GPU_Scheduler_1] [V5-LOOP] {"iters": 474, "t_mem": 0.005766566377133131, "t_redis": 0.1878849712666124, "t_admit": 0.00505545106716454, "t_send": 0.028615981806069613, "t_iter": 0.2273229705169797, "admitted": 100, "iter_max": 0.0010714170057326555, "gpu_id": 1, "window_s": 5.005418300628662}
[2026-08-21 22:39:23.073 GPU_Scheduler_1] Admitted 1 requests for model_3
[2026-08-21 22:39:23.174 GPU_Scheduler_0] Admitted 1 requests for model_5
[2026-08-21 22:39:23.195 GPU_Scheduler_0] Admitted 1 requests for model_5
[2026-08-21 22:39:23.365 GPU_Scheduler_1] Admitted 1 requests for model_3
[2026-08-21 22:39:23.512 GPU_Scheduler_1] Admitted 1 requests for model_3
[2026-08-21 22:39:23.535 GPU_Scheduler_0] Admitted 1 requests for model_5
[2026-08-21 22:39:23.575 GPU_Scheduler_1] Admitted 1 requests for model_3
[2026-08-21 22:39:23.596 GPU_Scheduler_1] Admitted 1 requests for model_3
[2026-08-21 22:39:23.679 GPU_Scheduler_1] Admitted 1 requests for model_3
[2026-08-21 22:39:23.736 GPU_Scheduler_0] Admitted 1 requests for model_5
[2026-08-21 22:39:23.774 GPU_Scheduler_1] Admitted 1 requests for model_3
[2026-08-21 22:39:23.878 GPU_Scheduler_1] Admitted 1 requests for model_3
[2026-08-21 22:39:23.931 GPU_Scheduler_1] Admitted 1 requests for model_3
[2026-08-21 22:39:23.994 GPU_Scheduler_1] Admitted 1 requests for model_3
[2026-08-21 22:39:24.016 GPU_Scheduler_1] Admitted 1 requests for model_3
[2026-08-21 22:39:24.298 GPU_Scheduler_1] Admitted 1 requests for model_3
[2026-08-21 22:39:24.360 GPU_Scheduler_1] Admitted 1 requests for model_3
[2026-08-21 22:39:24.398 GPU_Scheduler_0] Received deactivate request for model model_4
[2026-08-21 22:39:24.398 GPU_Scheduler_0] Received deactivate request for model_4, model_states: {'model_1': 'activated', 'model_2': 'deactivated', 'model_3': 'deactivated', 'model_4': 'deactivating', 'model_5': 'activated', 'model_6': 'deactivated'}
[2026-08-21 22:39:24.398 GPU_Scheduler_0] Release worker 2 from model model_4. Current model_to_worker: {'model_1': 0, 'model_5': 1}
[2026-08-21 22:39:24.399 GPU_Scheduler_0] Received deactivate request for model model_1
[2026-08-21 22:39:24.399 GPU_Scheduler_0] Received deactivate request for model_1, model_states: {'model_1': 'deactivating', 'model_2': 'deactivated', 'model_3': 'deactivated', 'model_4': 'deactivating', 'model_5': 'activated', 'model_6': 'deactivated'}
[2026-08-21 22:39:24.399 GPU_Scheduler_0] Release worker 0 from model model_1. Current model_to_worker: {'model_5': 1}
[2026-08-21 22:39:24.476 GPU_Scheduler_1] Admitted 1 requests for model_3
[2026-08-21 22:39:24.486 GPU_Scheduler_1] Admitted 1 requests for model_3
[2026-08-21 22:39:24.591 GPU_Scheduler_1] Admitted 1 requests for model_6
[2026-08-21 22:39:24.612 GPU_Scheduler_1] Admitted 1 requests for model_3
[2026-08-21 22:39:24.664 GPU_Scheduler_1] Admitted 1 requests for model_3
[2026-08-21 22:39:24.685 GPU_Scheduler_1] Admitted 1 requests for model_3
[2026-08-21 22:39:24.821 GPU_Scheduler_1] Admitted 1 requests for model_3
[2026-08-21 22:39:24.853 GPU_Scheduler_1] Admitted 1 requests for model_3
[2026-08-21 22:39:24.858 GPU_Scheduler_0] Admitted 1 requests for model_5
[2026-08-21 22:39:24.864 GPU_Scheduler_1] Admitted 1 requests for model_3
[2026-08-21 22:39:24.874 GPU_Scheduler_1] Admitted 1 requests for model_3
[2026-08-21 22:39:24.948 GPU_Scheduler_1] Admitted 2 requests for model_3
[2026-08-21 22:39:25.063 GPU_Scheduler_1] Admitted 1 requests for model_3
[2026-08-21 22:39:25.074 GPU_Scheduler_1] Admitted 1 requests for model_3
[2026-08-21 22:39:25.126 GPU_Scheduler_1] Admitted 1 requests for model_6
[2026-08-21 22:39:25.200 GPU_Scheduler_1] Admitted 1 requests for model_6
[2026-08-21 22:39:25.252 GPU_Scheduler_1] Admitted 1 requests for model_3
[2026-08-21 22:39:25.273 GPU_Scheduler_1] Admitted 1 requests for model_6
[2026-08-21 22:39:25.314 GPU_Scheduler_0] Admitted 1 requests for model_5
[2026-08-21 22:39:25.367 GPU_Scheduler_1] Admitted 1 requests for model_3
[2026-08-21 22:39:25.388 GPU_Scheduler_1] Admitted 1 requests for model_3
[2026-08-21 22:39:25.472 GPU_Scheduler_1] Admitted 1 requests for model_3
[2026-08-21 22:39:25.558 GPU_Scheduler_0] Admitted 1 requests for model_5
[2026-08-21 22:39:25.639 GPU_Scheduler_1] Admitted 1 requests for model_3
[2026-08-21 22:39:25.659 GPU_Scheduler_0] Model model_1 (instance 0) deactivation succeeded on GPU 0
[2026-08-21 22:39:25.671 GPU_Scheduler_1] Admitted 1 requests for model_3
[2026-08-21 22:39:25.744 GPU_Scheduler_1] Admitted 1 requests for model_3
[2026-08-21 22:39:25.776 GPU_Scheduler_1] Admitted 2 requests for model_3
[2026-08-21 22:39:25.818 GPU_Scheduler_1] Admitted 2 requests for model_3
[2026-08-21 22:39:25.829 GPU_Scheduler_1] Admitted 1 requests for model_3
[2026-08-21 22:39:25.891 GPU_Scheduler_1] Admitted 1 requests for model_3
[2026-08-21 22:39:25.925 GPU_Scheduler_0] Admitted 1 requests for model_5
[2026-08-21 22:39:25.933 GPU_Scheduler_1] Admitted 1 requests for model_3
[2026-08-21 22:39:25.955 GPU_Scheduler_1] Admitted 1 requests for model_3
[2026-08-21 22:39:26.007 GPU_Scheduler_1] Admitted 1 requests for model_3
[2026-08-21 22:39:26.091 GPU_Scheduler_1] Admitted 1 requests for model_3
[2026-08-21 22:39:26.101 GPU_Scheduler_1] Admitted 1 requests for model_3
[2026-08-21 22:39:26.133 GPU_Scheduler_1] Admitted 3 requests for model_3
[2026-08-21 22:39:26.155 GPU_Scheduler_1] Admitted 1 requests for model_3
[2026-08-21 22:39:26.165 GPU_Scheduler_1] Admitted 1 requests for model_3
[2026-08-21 22:39:26.194 GPU_Scheduler_0] Model model_4 (instance 0) deactivation succeeded on GPU 0
[2026-08-21 22:39:26.259 GPU_Scheduler_1] Admitted 1 requests for model_6
[2026-08-21 22:39:26.270 GPU_Scheduler_1] Admitted 1 requests for model_6
[2026-08-21 22:39:26.427 GPU_Scheduler_1] Admitted 3 requests for model_6
[2026-08-21 22:39:26.552 GPU_Scheduler_1] Admitted 1 requests for model_6
[2026-08-21 22:39:26.599 GPU_Scheduler_0] Admitted 1 requests for model_5
[2026-08-21 22:39:26.657 GPU_Scheduler_1] Admitted 1 requests for model_6
[2026-08-21 22:39:26.740 GPU_Scheduler_1] Admitted 1 requests for model_6
[2026-08-21 22:39:26.762 GPU_Scheduler_1] Admitted 1 requests for model_6
[2026-08-21 22:39:26.918 GPU_Scheduler_1] Admitted 1 requests for model_6
[2026-08-21 22:39:26.950 GPU_Scheduler_1] Admitted 1 requests for model_6
[2026-08-21 22:39:27.086 GPU_Scheduler_1] Admitted 1 requests for model_6
[2026-08-21 22:39:27.154 GPU_Scheduler_0] Admitted 1 requests for model_5
[2026-08-21 22:39:27.237 GPU_Scheduler_0] [V5-LOOP] {"iters": 476, "t_mem": 0.0058778030797839165, "t_redis": 0.1912140476051718, "t_admit": 0.0037568258121609688, "t_send": 0.004233794519677758, "t_iter": 0.20508247101679444, "admitted": 11, "iter_max": 0.0011862381361424923, "gpu_id": 0, "window_s": 5.003875732421875}
[2026-08-21 22:39:27.242 GPU_Scheduler_1] Admitted 1 requests for model_3
[2026-08-21 22:39:27.247 GPU_Scheduler_0] Admitted 1 requests for model_5
[2026-08-21 22:39:27.253 GPU_Scheduler_1] Admitted 1 requests for model_6
[2026-08-21 22:39:27.258 GPU_Scheduler_0] Admitted 1 requests for model_5
[2026-08-21 22:39:27.462 GPU_Scheduler_1] Admitted 1 requests for model_6
[2026-08-21 22:39:27.514 GPU_Scheduler_1] Admitted 1 requests for model_6
[2026-08-21 22:39:27.660 GPU_Scheduler_1] Admitted 1 requests for model_6
[2026-08-21 22:39:27.744 GPU_Scheduler_1] Admitted 1 requests for model_6
[2026-08-21 22:39:27.755 GPU_Scheduler_1] Admitted 1 requests for model_3
[2026-08-21 22:39:27.838 GPU_Scheduler_1] Admitted 1 requests for model_6
[2026-08-21 22:39:27.912 GPU_Scheduler_1] Admitted 1 requests for model_6
[2026-08-21 22:39:27.943 GPU_Scheduler_1] Admitted 1 requests for model_6
[2026-08-21 22:39:28.006 GPU_Scheduler_1] Admitted 1 requests for model_6
[2026-08-21 22:39:28.069 GPU_Scheduler_1] [V5-LOOP] {"iters": 478, "t_mem": 0.005700264126062393, "t_redis": 0.1567596432287246, "t_admit": 0.004571527941152453, "t_send": 0.021792678395286202, "t_iter": 0.18882411369122565, "admitted": 76, "iter_max": 0.0009950771927833557, "gpu_id": 1, "window_s": 5.006579875946045}
[2026-08-21 22:39:28.445 GPU_Scheduler_1] Admitted 1 requests for model_6
[2026-08-21 22:39:28.466 GPU_Scheduler_1] Admitted 2 requests for model_6
[2026-08-21 22:39:28.581 GPU_Scheduler_1] Admitted 1 requests for model_6
[2026-08-21 22:39:28.665 GPU_Scheduler_1] Admitted 1 requests for model_6
[2026-08-21 22:39:28.728 GPU_Scheduler_1] Admitted 1 requests for model_6
[2026-08-21 22:39:28.760 GPU_Scheduler_1] Admitted 1 requests for model_6
[2026-08-21 22:39:28.781 GPU_Scheduler_1] Admitted 1 requests for model_6
[2026-08-21 22:39:28.823 GPU_Scheduler_1] Admitted 1 requests for model_6
[2026-08-21 22:39:28.865 GPU_Scheduler_1] Admitted 1 requests for model_6
[2026-08-21 22:39:28.917 GPU_Scheduler_1] Admitted 1 requests for model_6
[2026-08-21 22:39:29.011 GPU_Scheduler_1] Admitted 1 requests for model_6
[2026-08-21 22:39:29.105 GPU_Scheduler_1] Admitted 2 requests for model_6
[2026-08-21 22:39:29.121 GPU_Scheduler_0] Admitted 2 requests for model_5
[2026-08-21 22:39:29.220 GPU_Scheduler_1] Admitted 2 requests for model_6
[2026-08-21 22:39:29.231 GPU_Scheduler_1] Admitted 1 requests for model_6
[2026-08-21 22:39:29.235 GPU_Scheduler_0] Admitted 1 requests for model_5
[2026-08-21 22:39:29.266 GPU_Scheduler_0] Admitted 1 requests for model_5
[2026-08-21 22:39:29.400 GPU_Scheduler_0] Admitted 1 requests for model_5
[2026-08-21 22:39:29.411 GPU_Scheduler_0] Admitted 1 requests for model_5
[2026-08-21 22:39:29.442 GPU_Scheduler_0] Admitted 1 requests for model_5
[2026-08-21 22:39:29.534 GPU_Scheduler_1] Admitted 1 requests for model_3
[2026-08-21 22:39:29.597 GPU_Scheduler_1] Admitted 1 requests for model_6
[2026-08-21 22:39:29.608 GPU_Scheduler_1] Admitted 1 requests for model_6
[2026-08-21 22:39:29.733 GPU_Scheduler_1] Admitted 1 requests for model_3
[2026-08-21 22:39:29.749 GPU_Scheduler_0] Received activate request for model model_1
[2026-08-21 22:39:29.749 GPU_Scheduler_0] Received activate request for model_1, model_states: {'model_1': 'activating', 'model_2': 'deactivated', 'model_3': 'deactivated', 'model_4': 'deactivated', 'model_5': 'activated', 'model_6': 'deactivated'}
[2026-08-21 22:39:29.749 GPU_Scheduler_0] Assign worker 3 to model_1. Current model_to_worker: {'model_5': 1, 'model_1': 3}
[2026-08-21 22:39:29.751 GPU_Scheduler_0] Admitted 1 requests for model_1
[2026-08-21 22:39:29.764 GPU_Scheduler_1] Admitted 1 requests for model_6
[2026-08-21 22:39:29.775 GPU_Scheduler_1] Admitted 1 requests for model_6
[2026-08-21 22:39:29.815 GPU_Scheduler_0] Admitted 1 requests for model_5
[2026-08-21 22:39:29.828 GPU_Scheduler_1] Admitted 1 requests for model_6
[2026-08-21 22:39:29.849 GPU_Scheduler_1] Admitted 1 requests for model_6
[2026-08-21 22:39:29.891 GPU_Scheduler_1] Admitted 1 requests for model_6
[2026-08-21 22:39:29.922 GPU_Scheduler_1] Admitted 1 requests for model_6
[2026-08-21 22:39:30.048 GPU_Scheduler_1] Admitted 1 requests for model_6
[2026-08-21 22:39:30.164 GPU_Scheduler_1] Admitted 1 requests for model_6
[2026-08-21 22:39:30.289 GPU_Scheduler_1] Admitted 1 requests for model_6
[2026-08-21 22:39:30.300 GPU_Scheduler_1] Admitted 1 requests for model_6
[2026-08-21 22:39:30.322 GPU_Scheduler_1] Admitted 1 requests for model_6
[2026-08-21 22:39:30.520 GPU_Scheduler_1] Admitted 1 requests for model_3
[2026-08-21 22:39:30.562 GPU_Scheduler_1] Admitted 2 requests for model_6
[2026-08-21 22:39:30.584 GPU_Scheduler_1] Admitted 1 requests for model_3
[2026-08-21 22:39:30.616 GPU_Scheduler_1] Admitted 1 requests for model_6
[2026-08-21 22:39:30.647 GPU_Scheduler_1] Admitted 1 requests for model_6
[2026-08-21 22:39:30.691 GPU_Scheduler_0] Admitted 1 requests for model_5
[2026-08-21 22:39:30.700 GPU_Scheduler_1] Admitted 1 requests for model_6
[2026-08-21 22:39:30.731 GPU_Scheduler_1] Admitted 1 requests for model_6
[2026-08-21 22:39:30.836 GPU_Scheduler_1] Admitted 1 requests for model_6
[2026-08-21 22:39:30.868 GPU_Scheduler_1] Admitted 1 requests for model_6
[2026-08-21 22:39:30.962 GPU_Scheduler_1] Admitted 1 requests for model_6
[2026-08-21 22:39:31.004 GPU_Scheduler_1] Admitted 1 requests for model_6
[2026-08-21 22:39:31.047 GPU_Scheduler_0] Admitted 1 requests for model_5
[2026-08-21 22:39:31.057 GPU_Scheduler_1] Admitted 1 requests for model_3
[2026-08-21 22:39:31.214 GPU_Scheduler_1] Admitted 1 requests for model_6
[2026-08-21 22:39:31.245 GPU_Scheduler_1] Admitted 1 requests for model_6
[2026-08-21 22:39:31.298 GPU_Scheduler_1] Admitted 1 requests for model_6
[2026-08-21 22:39:31.360 GPU_Scheduler_0] Admitted 2 requests for model_5
[2026-08-21 22:39:31.455 GPU_Scheduler_1] Admitted 1 requests for model_6
[2026-08-21 22:39:31.623 GPU_Scheduler_1] Admitted 1 requests for model_6
[2026-08-21 22:39:31.634 GPU_Scheduler_1] Admitted 1 requests for model_6
[2026-08-21 22:39:31.738 GPU_Scheduler_1] Admitted 1 requests for model_6
[2026-08-21 22:39:31.749 GPU_Scheduler_1] Admitted 1 requests for model_6
[2026-08-21 22:39:31.791 GPU_Scheduler_1] Admitted 1 requests for model_6
[2026-08-21 22:39:31.812 GPU_Scheduler_1] Admitted 1 requests for model_6
[2026-08-21 22:39:31.819 GPU_Scheduler_0] Admitted 1 requests for model_5
[2026-08-21 22:39:31.854 GPU_Scheduler_1] Admitted 1 requests for model_6
[2026-08-21 22:39:31.938 GPU_Scheduler_1] Admitted 1 requests for model_3
[2026-08-21 22:39:32.049 GPU_Scheduler_0] Model model_1 (instance 0) activation succeeded on GPU 0
[2026-08-21 22:39:32.052 GPU_Scheduler_0] Received activate request for model model_2
[2026-08-21 22:39:32.052 GPU_Scheduler_0] Received activate request for model_2, model_states: {'model_1': 'activated', 'model_2': 'activating', 'model_3': 'deactivated', 'model_4': 'deactivated', 'model_5': 'activated', 'model_6': 'deactivated'}
[2026-08-21 22:39:32.052 GPU_Scheduler_0] Assign worker 2 to model_2. Current model_to_worker: {'model_5': 1, 'model_1': 3, 'model_2': 2}
[2026-08-21 22:39:32.060 GPU_Scheduler_0] Admitted 35 requests for model_2
[2026-08-21 22:39:32.246 GPU_Scheduler_0] [V5-LOOP] {"iters": 482, "t_mem": 0.006150219589471817, "t_redis": 0.12925395159982145, "t_admit": 0.00381382554769516, "t_send": 0.011305292835459113, "t_iter": 0.15052328957244754, "admitted": 51, "iter_max": 0.0065971738658845425, "gpu_id": 0, "window_s": 5.009552240371704}
[2026-08-21 22:39:32.416 GPU_Scheduler_0] Admitted 1 requests for model_5
[2026-08-21 22:39:32.449 GPU_Scheduler_0] Admitted 1 requests for model_5
[2026-08-21 22:39:32.523 GPU_Scheduler_1] Admitted 8 requests for model_6
[2026-08-21 22:39:32.607 GPU_Scheduler_1] Admitted 2 requests for model_6
[2026-08-21 22:39:32.660 GPU_Scheduler_0] Admitted 1 requests for model_5
[2026-08-21 22:39:32.754 GPU_Scheduler_1] Admitted 1 requests for model_6
[2026-08-21 22:39:33.077 GPU_Scheduler_1] [V5-LOOP] {"iters": 478, "t_mem": 0.005739426240324974, "t_redis": 0.159042083658278, "t_admit": 0.0047394426073879, "t_send": 0.01920688129030168, "t_iter": 0.18872783379629254, "admitted": 68, "iter_max": 0.0018725430127233267, "gpu_id": 1, "window_s": 5.007459878921509}
[2026-08-21 22:39:33.175 GPU_Scheduler_0] Model model_2 (instance 0) activation succeeded on GPU 0
[2026-08-21 22:39:33.180 GPU_Scheduler_0] Admitted 10 requests for model_2
[2026-08-21 22:39:33.382 GPU_Scheduler_0] Admitted 1 requests for model_5
[2026-08-21 22:39:33.411 GPU_Scheduler_1] Admitted 1 requests for model_3
[2026-08-21 22:39:33.484 GPU_Scheduler_1] Admitted 1 requests for model_3
[2026-08-21 22:39:33.615 GPU_Scheduler_0] Admitted 1 requests for model_2
[2026-08-21 22:39:33.658 GPU_Scheduler_0] Admitted 2 requests for model_2
[2026-08-21 22:39:33.743 GPU_Scheduler_0] Admitted 1 requests for model_2
[2026-08-21 22:39:33.766 GPU_Scheduler_1] Admitted 10 requests for model_6
[2026-08-21 22:39:33.840 GPU_Scheduler_1] Admitted 1 requests for model_6
[2026-08-21 22:39:33.891 GPU_Scheduler_0] Admitted 1 requests for model_1
[2026-08-21 22:39:33.976 GPU_Scheduler_0] Admitted 1 requests for model_2
[2026-08-21 22:39:34.061 GPU_Scheduler_0] Admitted 1 requests for model_5
[2026-08-21 22:39:34.241 GPU_Scheduler_0] Admitted 1 requests for model_5
[2026-08-21 22:39:34.368 GPU_Scheduler_0] Admitted 1 requests for model_2
[2026-08-21 22:39:34.559 GPU_Scheduler_0] Admitted 1 requests for model_5
[2026-08-21 22:39:34.570 GPU_Scheduler_1] Admitted 1 requests for model_3
[2026-08-21 22:39:34.591 GPU_Scheduler_1] Admitted 1 requests for model_3
[2026-08-21 22:39:34.664 GPU_Scheduler_1] Admitted 9 requests for model_6
[2026-08-21 22:39:34.708 GPU_Scheduler_1] Admitted 1 requests for model_6
[2026-08-21 22:39:34.719 GPU_Scheduler_1] Admitted 1 requests for model_6
[2026-08-21 22:39:34.940 GPU_Scheduler_0] Admitted 1 requests for model_5
[2026-08-21 22:39:34.979 GPU_Scheduler_1] Admitted 3 requests for model_6
[2026-08-21 22:39:35.053 GPU_Scheduler_1] Admitted 1 requests for model_6
[2026-08-21 22:39:35.064 GPU_Scheduler_1] Admitted 1 requests for model_6
[2026-08-21 22:39:35.120 GPU_Scheduler_0] Admitted 1 requests for model_2
[2026-08-21 22:39:35.131 GPU_Scheduler_0] Admitted 1 requests for model_2
[2026-08-21 22:39:35.137 GPU_Scheduler_1] Admitted 1 requests for model_6
[2026-08-21 22:39:35.148 GPU_Scheduler_1] Admitted 1 requests for model_6
[2026-08-21 22:39:35.315 GPU_Scheduler_1] Admitted 1 requests for model_6
[2026-08-21 22:39:35.346 GPU_Scheduler_1] Admitted 1 requests for model_6
[2026-08-21 22:39:35.353 GPU_Scheduler_0] Admitted 1 requests for model_5
[2026-08-21 22:39:35.357 GPU_Scheduler_1] Admitted 1 requests for model_3
[2026-08-21 22:39:35.420 GPU_Scheduler_1] Admitted 1 requests for model_6
[2026-08-21 22:39:35.462 GPU_Scheduler_1] Admitted 1 requests for model_6
[2026-08-21 22:39:35.544 GPU_Scheduler_0] Admitted 1 requests for model_2
[2026-08-21 22:39:35.819 GPU_Scheduler_0] Admitted 1 requests for model_2
[2026-08-21 22:39:35.848 GPU_Scheduler_1] Admitted 1 requests for model_3
[2026-08-21 22:39:36.052 GPU_Scheduler_0] Admitted 1 requests for model_5
[2026-08-21 22:39:36.105 GPU_Scheduler_0] Admitted 1 requests for model_2
[2026-08-21 22:39:36.159 GPU_Scheduler_0] Admitted 1 requests for model_2
[2026-08-21 22:39:36.267 GPU_Scheduler_1] Admitted 1 requests for model_3
[2026-08-21 22:39:36.372 GPU_Scheduler_1] Admitted 5 requests for model_6
[2026-08-21 22:39:36.445 GPU_Scheduler_0] Admitted 1 requests for model_5
[2026-08-21 22:39:36.456 GPU_Scheduler_0] Admitted 1 requests for model_2
[2026-08-21 22:39:36.561 GPU_Scheduler_1] Admitted 1 requests for model_6
[2026-08-21 22:39:36.583 GPU_Scheduler_0] Admitted 1 requests for model_2
[2026-08-21 22:39:36.593 GPU_Scheduler_1] Admitted 2 requests for model_6
[2026-08-21 22:39:36.616 GPU_Scheduler_0] Admitted 1 requests for model_2
[2026-08-21 22:39:36.690 GPU_Scheduler_0] Admitted 1 requests for model_2
[2026-08-21 22:39:36.775 GPU_Scheduler_0] Admitted 1 requests for model_5
[2026-08-21 22:39:36.802 GPU_Scheduler_1] Admitted 1 requests for model_6
[2026-08-21 22:39:36.813 GPU_Scheduler_1] Admitted 2 requests for model_6
[2026-08-21 22:39:36.998 GPU_Scheduler_0] Admitted 1 requests for model_2
[2026-08-21 22:39:37.136 GPU_Scheduler_0] Admitted 1 requests for model_2
[2026-08-21 22:39:37.210 GPU_Scheduler_0] Admitted 1 requests for model_2
[2026-08-21 22:39:37.221 GPU_Scheduler_0] Admitted 1 requests for model_2
[2026-08-21 22:39:37.221 GPU_Scheduler_0] Admitted 1 requests for model_5
[2026-08-21 22:39:37.253 GPU_Scheduler_0] [V5-LOOP] {"iters": 472, "t_mem": 0.005845119711011648, "t_redis": 0.22716253250837326, "t_admit": 0.0045987642370164394, "t_send": 0.012908600503578782, "t_iter": 0.25051501695998013, "admitted": 44, "iter_max": 0.0028759799897670746, "gpu_id": 0, "window_s": 5.006941795349121}
[2026-08-21 22:39:37.285 GPU_Scheduler_0] Admitted 1 requests for model_2
[2026-08-21 22:39:37.307 GPU_Scheduler_0] Admitted 1 requests for model_2
[2026-08-21 22:39:37.324 GPU_Scheduler_1] Admitted 4 requests for model_6
[2026-08-21 22:39:37.328 GPU_Scheduler_0] Admitted 1 requests for model_2
[2026-08-21 22:39:37.350 GPU_Scheduler_0] Admitted 1 requests for model_5
[2026-08-21 22:39:37.371 GPU_Scheduler_0] Admitted 1 requests for model_2
[2026-08-21 22:39:37.382 GPU_Scheduler_0] Admitted 1 requests for model_2
[2026-08-21 22:39:37.403 GPU_Scheduler_0] Admitted 1 requests for model_2
[2026-08-21 22:39:37.450 GPU_Scheduler_1] Admitted 1 requests for model_6
[2026-08-21 22:39:37.456 GPU_Scheduler_0] Admitted 1 requests for model_2
[2026-08-21 22:39:37.499 GPU_Scheduler_0] Admitted 1 requests for model_5
[2026-08-21 22:39:37.542 GPU_Scheduler_0] Admitted 1 requests for model_2
[2026-08-21 22:39:37.585 GPU_Scheduler_0] Admitted 1 requests for model_5
[2026-08-21 22:39:37.607 GPU_Scheduler_1] Admitted 1 requests for model_3
[2026-08-21 22:39:37.617 GPU_Scheduler_0] Admitted 1 requests for model_2
[2026-08-21 22:39:37.763 GPU_Scheduler_1] Admitted 1 requests for model_6
[2026-08-21 22:39:37.774 GPU_Scheduler_1] Admitted 1 requests for model_6
[2026-08-21 22:39:37.915 GPU_Scheduler_1] Admitted 1 requests for model_6
[2026-08-21 22:39:37.927 GPU_Scheduler_1] Admitted 1 requests for model_6
[2026-08-21 22:39:37.934 GPU_Scheduler_0] Admitted 1 requests for model_2
[2026-08-21 22:39:37.935 GPU_Scheduler_0] Admitted 1 requests for model_5
[2026-08-21 22:39:37.962 GPU_Scheduler_1] Admitted 1 requests for model_6
[2026-08-21 22:39:38.020 GPU_Scheduler_0] Admitted 1 requests for model_2
[2026-08-21 22:39:38.085 GPU_Scheduler_1] [V5-LOOP] {"iters": 477, "t_mem": 0.005981116555631161, "t_redis": 0.17190115177072585, "t_admit": 0.005023465026170015, "t_send": 0.015906836604699492, "t_iter": 0.19881256995722651, "admitted": 62, "iter_max": 0.0021878851111978292, "gpu_id": 1, "window_s": 5.007544040679932}
[2026-08-21 22:39:38.242 GPU_Scheduler_1] Admitted 2 requests for model_6
[2026-08-21 22:39:38.370 GPU_Scheduler_0] Admitted 1 requests for model_2
[2026-08-21 22:39:38.433 GPU_Scheduler_1] Admitted 2 requests for model_6
[2026-08-21 22:39:38.502 GPU_Scheduler_1] Admitted 1 requests for model_6
[2026-08-21 22:39:38.570 GPU_Scheduler_1] Admitted 1 requests for model_6
[2026-08-21 22:39:38.603 GPU_Scheduler_0] Admitted 1 requests for model_2
[2026-08-21 22:39:38.672 GPU_Scheduler_1] Admitted 1 requests for model_6
[2026-08-21 22:39:38.750 GPU_Scheduler_1] Admitted 1 requests for model_6
[2026-08-21 22:39:38.807 GPU_Scheduler_1] Admitted 1 requests for model_6
[2026-08-21 22:39:38.819 GPU_Scheduler_1] Admitted 1 requests for model_6
[2026-08-21 22:39:38.854 GPU_Scheduler_1] Admitted 1 requests for model_3
[2026-08-21 22:39:38.900 GPU_Scheduler_0] Admitted 1 requests for model_5
[2026-08-21 22:39:38.932 GPU_Scheduler_0] Admitted 1 requests for model_5
[2026-08-21 22:39:38.975 GPU_Scheduler_0] Admitted 1 requests for model_2
[2026-08-21 22:39:39.017 GPU_Scheduler_0] Admitted 1 requests for model_5
[2026-08-21 22:39:39.251 GPU_Scheduler_0] Admitted 1 requests for model_2
[2026-08-21 22:39:39.336 GPU_Scheduler_1] Admitted 1 requests for model_6
[2026-08-21 22:39:39.411 GPU_Scheduler_0] Admitted 1 requests for model_2
[2026-08-21 22:39:39.422 GPU_Scheduler_0] Admitted 1 requests for model_5
[2026-08-21 22:39:39.483 GPU_Scheduler_1] Admitted 1 requests for model_6
[2026-08-21 22:39:39.539 GPU_Scheduler_1] Admitted 1 requests for model_6
[2026-08-21 22:39:39.607 GPU_Scheduler_1] Admitted 1 requests for model_6
[2026-08-21 22:39:39.619 GPU_Scheduler_1] Admitted 1 requests for model_3
[2026-08-21 22:39:39.635 GPU_Scheduler_0] Admitted 2 requests for model_2
[2026-08-21 22:39:39.720 GPU_Scheduler_1] Admitted 1 requests for model_6
[2026-08-21 22:39:39.777 GPU_Scheduler_1] Admitted 1 requests for model_6
[2026-08-21 22:39:39.805 GPU_Scheduler_0] Admitted 1 requests for model_2
[2026-08-21 22:39:39.811 GPU_Scheduler_1] Admitted 1 requests for model_6
[2026-08-21 22:39:39.857 GPU_Scheduler_1] Admitted 1 requests for model_6
[2026-08-21 22:39:39.902 GPU_Scheduler_1] Admitted 1 requests for model_6
[2026-08-21 22:39:39.922 GPU_Scheduler_0] Admitted 1 requests for model_2
[2026-08-21 22:39:39.925 GPU_Scheduler_1] Admitted 1 requests for model_6
[2026-08-21 22:39:39.960 GPU_Scheduler_1] Admitted 1 requests for model_6
[2026-08-21 22:39:39.986 GPU_Scheduler_0] Admitted 1 requests for model_2
[2026-08-21 22:39:40.044 GPU_Scheduler_1] Admitted 1 requests for model_6
[2026-08-21 22:39:40.061 GPU_Scheduler_0] Admitted 1 requests for model_5
[2026-08-21 22:39:40.169 GPU_Scheduler_0] Admitted 1 requests for model_2
[2026-08-21 22:39:40.182 GPU_Scheduler_1] Admitted 1 requests for model_6
[2026-08-21 22:39:40.217 GPU_Scheduler_1] Admitted 1 requests for model_6
[2026-08-21 22:39:40.273 GPU_Scheduler_1] Admitted 1 requests for model_6
[2026-08-21 22:39:40.353 GPU_Scheduler_1] Admitted 1 requests for model_6
[2026-08-21 22:39:40.432 GPU_Scheduler_1] Admitted 1 requests for model_6
[2026-08-21 22:39:40.455 GPU_Scheduler_1] Admitted 1 requests for model_6
[2026-08-21 22:39:40.462 GPU_Scheduler_0] Admitted 1 requests for model_5
[2026-08-21 22:39:40.473 GPU_Scheduler_0] Admitted 1 requests for model_2
[2026-08-21 22:39:40.527 GPU_Scheduler_0] Admitted 1 requests for model_5
[2026-08-21 22:39:40.614 GPU_Scheduler_1] Admitted 1 requests for model_6
[2026-08-21 22:39:40.626 GPU_Scheduler_1] Admitted 1 requests for model_6
[2026-08-21 22:39:40.694 GPU_Scheduler_1] Admitted 1 requests for model_6
[2026-08-21 22:39:40.756 GPU_Scheduler_0] Admitted 1 requests for model_5
[2026-08-21 22:39:40.818 GPU_Scheduler_1] Admitted 1 requests for model_6
[2026-08-21 22:39:40.920 GPU_Scheduler_1] Admitted 1 requests for model_6
[2026-08-21 22:39:41.020 GPU_Scheduler_1] Admitted 1 requests for model_6
[2026-08-21 22:39:41.031 GPU_Scheduler_1] Admitted 1 requests for model_6
[2026-08-21 22:39:41.064 GPU_Scheduler_1] Admitted 1 requests for model_6
[2026-08-21 22:39:41.075 GPU_Scheduler_1] Admitted 1 requests for model_3
[2026-08-21 22:39:41.150 GPU_Scheduler_1] Admitted 1 requests for model_6
[2026-08-21 22:39:41.150 GPU_Scheduler_0] Admitted 1 requests for model_2
[2026-08-21 22:39:41.172 GPU_Scheduler_1] Admitted 2 requests for model_6
[2026-08-21 22:39:41.194 GPU_Scheduler_1] Admitted 1 requests for model_3
[2026-08-21 22:39:41.215 GPU_Scheduler_0] Admitted 1 requests for model_2
[2026-08-21 22:39:41.215 GPU_Scheduler_1] Admitted 1 requests for model_6
[2026-08-21 22:39:41.280 GPU_Scheduler_1] Admitted 1 requests for model_6
[2026-08-21 22:39:41.386 GPU_Scheduler_1] Admitted 1 requests for model_6
[2026-08-21 22:39:41.441 GPU_Scheduler_0] Admitted 1 requests for model_2
[2026-08-21 22:39:41.472 GPU_Scheduler_1] Admitted 1 requests for model_6
[2026-08-21 22:39:41.484 GPU_Scheduler_1] Admitted 2 requests for model_6
[2026-08-21 22:39:41.549 GPU_Scheduler_1] Admitted 2 requests for model_6
[2026-08-21 22:39:41.667 GPU_Scheduler_0] Admitted 1 requests for model_2
[2026-08-21 22:39:41.700 GPU_Scheduler_0] Admitted 1 requests for model_5
[2026-08-21 22:39:41.785 GPU_Scheduler_1] Admitted 1 requests for model_6
[2026-08-21 22:39:41.872 GPU_Scheduler_1] Admitted 1 requests for model_6
[2026-08-21 22:39:41.872 GPU_Scheduler_0] Admitted 1 requests for model_2
[2026-08-21 22:39:41.916 GPU_Scheduler_0] Admitted 1 requests for model_5
[2026-08-21 22:39:42.003 GPU_Scheduler_1] Admitted 1 requests for model_6
[2026-08-21 22:39:42.013 GPU_Scheduler_0] Admitted 1 requests for model_5
[2026-08-21 22:39:42.026 GPU_Scheduler_1] Admitted 1 requests for model_6
[2026-08-21 22:39:42.067 GPU_Scheduler_0] Admitted 1 requests for model_2
[2026-08-21 22:39:42.241 GPU_Scheduler_1] Admitted 1 requests for model_6
[2026-08-21 22:39:42.262 GPU_Scheduler_0] [V5-LOOP] {"iters": 467, "t_mem": 0.006675360957160592, "t_redis": 0.2723533094394952, "t_admit": 0.004602597560733557, "t_send": 0.014714879216626287, "t_iter": 0.29834614717401564, "admitted": 44, "iter_max": 0.0014872399624437094, "gpu_id": 0, "window_s": 5.008051633834839}
[2026-08-21 22:39:42.308 GPU_Scheduler_1] Admitted 1 requests for model_6
[2026-08-21 22:39:42.327 GPU_Scheduler_0] Admitted 1 requests for model_5
[2026-08-21 22:39:42.343 GPU_Scheduler_1] Admitted 1 requests for model_6
[2026-08-21 22:39:42.377 GPU_Scheduler_1] Admitted 1 requests for model_6
[2026-08-21 22:39:42.468 GPU_Scheduler_1] Admitted 1 requests for model_3
[2026-08-21 22:39:42.480 GPU_Scheduler_1] Admitted 1 requests for model_6
[2026-08-21 22:39:42.499 GPU_Scheduler_0] Admitted 1 requests for model_2
[2026-08-21 22:39:42.514 GPU_Scheduler_1] Admitted 1 requests for model_3
[2026-08-21 22:39:42.526 GPU_Scheduler_1] Admitted 1 requests for model_6
[2026-08-21 22:39:42.561 GPU_Scheduler_1] Admitted 1 requests for model_3
[2026-08-21 22:39:42.607 GPU_Scheduler_0] Admitted 1 requests for model_5
[2026-08-21 22:39:42.617 GPU_Scheduler_1] Admitted 1 requests for model_6
[2026-08-21 22:39:42.641 GPU_Scheduler_1] Admitted 1 requests for model_3
[2026-08-21 22:39:42.956 GPU_Scheduler_1] Admitted 1 requests for model_6
[2026-08-21 22:39:42.991 GPU_Scheduler_1] Admitted 1 requests for model_3
[2026-08-21 22:39:42.994 GPU_Scheduler_0] Admitted 1 requests for model_2
[2026-08-21 22:39:43.037 GPU_Scheduler_1] Admitted 1 requests for model_6
[2026-08-21 22:39:43.049 GPU_Scheduler_1] Admitted 1 requests for model_6
[2026-08-21 22:39:43.095 GPU_Scheduler_1] [V5-LOOP] {"iters": 448, "t_mem": 0.010372881777584553, "t_redis": 0.4223269005306065, "t_admit": 0.008764807600528002, "t_send": 0.044736316660419106, "t_iter": 0.48620090656913817, "admitted": 70, "iter_max": 0.00259590707719326, "gpu_id": 1, "window_s": 5.009634971618652}
[2026-08-21 22:39:43.129 GPU_Scheduler_1] Admitted 1 requests for model_6
[2026-08-21 22:39:43.189 GPU_Scheduler_0] Admitted 1 requests for model_2
[2026-08-21 22:39:43.253 GPU_Scheduler_0] Admitted 1 requests for model_2
[2026-08-21 22:39:43.332 GPU_Scheduler_1] Admitted 1 requests for model_6
[2026-08-21 22:39:43.512 GPU_Scheduler_1] Admitted 1 requests for model_3
[2026-08-21 22:39:43.512 GPU_Scheduler_1] Admitted 1 requests for model_6
[2026-08-21 22:39:43.615 GPU_Scheduler_1] Admitted 1 requests for model_6
[2026-08-21 22:39:43.627 GPU_Scheduler_1] Admitted 1 requests for model_6
[2026-08-21 22:39:43.673 GPU_Scheduler_1] Admitted 1 requests for model_6
[2026-08-21 22:39:43.685 GPU_Scheduler_1] Admitted 1 requests for model_6
[2026-08-21 22:39:43.708 GPU_Scheduler_1] Admitted 1 requests for model_6
[2026-08-21 22:39:43.743 GPU_Scheduler_1] Admitted 1 requests for model_3
[2026-08-21 22:39:43.845 GPU_Scheduler_1] Admitted 1 requests for model_6
[2026-08-21 22:39:43.866 GPU_Scheduler_0] Admitted 1 requests for model_2
[2026-08-21 22:39:43.879 GPU_Scheduler_1] Admitted 1 requests for model_6
[2026-08-21 22:39:43.936 GPU_Scheduler_1] Admitted 1 requests for model_6
[2026-08-21 22:39:43.947 GPU_Scheduler_1] Admitted 1 requests for model_6
[2026-08-21 22:39:43.993 GPU_Scheduler_1] Admitted 1 requests for model_6
[2026-08-21 22:39:44.071 GPU_Scheduler_0] Admitted 1 requests for model_2
[2026-08-21 22:39:44.115 GPU_Scheduler_0] Admitted 1 requests for model_2
[2026-08-21 22:39:44.118 GPU_Scheduler_1] Admitted 2 requests for model_6
[2026-08-21 22:39:44.164 GPU_Scheduler_1] Admitted 1 requests for model_6
[2026-08-21 22:39:44.233 GPU_Scheduler_1] Admitted 1 requests for model_6
[2026-08-21 22:39:44.324 GPU_Scheduler_1] Admitted 1 requests for model_6
[2026-08-21 22:39:44.448 GPU_Scheduler_1] Admitted 1 requests for model_6
[2026-08-21 22:39:44.460 GPU_Scheduler_1] Admitted 1 requests for model_6
[2026-08-21 22:39:44.518 GPU_Scheduler_1] Admitted 1 requests for model_6
[2026-08-21 22:39:44.575 GPU_Scheduler_1] Admitted 1 requests for model_6
[2026-08-21 22:39:44.598 GPU_Scheduler_1] Admitted 1 requests for model_6
[2026-08-21 22:39:44.611 GPU_Scheduler_1] Admitted 1 requests for model_6
[2026-08-21 22:39:44.645 GPU_Scheduler_1] Admitted 1 requests for model_6
[2026-08-21 22:39:44.664 GPU_Scheduler_0] Admitted 1 requests for model_5
[2026-08-21 22:39:44.668 GPU_Scheduler_1] Admitted 1 requests for model_6
[2026-08-21 22:39:44.714 GPU_Scheduler_1] Admitted 1 requests for model_6
[2026-08-21 22:39:44.718 GPU_Scheduler_0] Admitted 1 requests for model_5
[2026-08-21 22:39:44.804 GPU_Scheduler_1] Admitted 1 requests for model_6
[2026-08-21 22:39:44.816 GPU_Scheduler_1] Admitted 1 requests for model_6
[2026-08-21 22:39:45.030 GPU_Scheduler_0] Admitted 1 requests for model_5
[2026-08-21 22:39:45.110 GPU_Scheduler_1] Admitted 1 requests for model_6
[2026-08-21 22:39:45.144 GPU_Scheduler_1] Admitted 1 requests for model_6
[2026-08-21 22:39:45.148 GPU_Scheduler_0] Admitted 1 requests for model_5
[2026-08-21 22:39:45.159 GPU_Scheduler_0] Admitted 1 requests for model_2
[2026-08-21 22:39:45.192 GPU_Scheduler_0] Admitted 1 requests for model_5
[2026-08-21 22:39:45.203 GPU_Scheduler_0] Admitted 1 requests for model_5
[2026-08-21 22:39:45.332 GPU_Scheduler_0] Admitted 1 requests for model_2
[2026-08-21 22:39:45.336 GPU_Scheduler_1] Admitted 1 requests for model_6
[2026-08-21 22:39:45.354 GPU_Scheduler_0] Admitted 1 requests for model_2
[2026-08-21 22:39:45.643 GPU_Scheduler_0] Admitted 1 requests for model_5
[2026-08-21 22:39:45.749 GPU_Scheduler_0] Admitted 1 requests for model_2
[2026-08-21 22:39:45.771 GPU_Scheduler_0] Admitted 1 requests for model_5
[2026-08-21 22:39:45.800 GPU_Scheduler_1] Admitted 1 requests for model_6
[2026-08-21 22:39:45.803 GPU_Scheduler_0] Admitted 1 requests for model_2
[2026-08-21 22:39:45.814 GPU_Scheduler_0] Admitted 1 requests for model_5
[2026-08-21 22:39:45.973 GPU_Scheduler_0] Admitted 1 requests for model_5
[2026-08-21 22:39:46.026 GPU_Scheduler_0] Admitted 1 requests for model_2
[2026-08-21 22:39:46.035 GPU_Scheduler_1] Admitted 1 requests for model_6
[2026-08-21 22:39:46.047 GPU_Scheduler_0] Admitted 1 requests for model_5
[2026-08-21 22:39:46.233 GPU_Scheduler_1] Admitted 1 requests for model_3
[2026-08-21 22:39:46.244 GPU_Scheduler_1] Admitted 1 requests for model_3
[2026-08-21 22:39:46.293 GPU_Scheduler_0] Admitted 1 requests for model_2
[2026-08-21 22:39:46.298 GPU_Scheduler_1] Admitted 1 requests for model_6
[2026-08-21 22:39:46.305 GPU_Scheduler_0] Admitted 1 requests for model_2
[2026-08-21 22:39:46.320 GPU_Scheduler_1] Admitted 1 requests for model_6
[2026-08-21 22:39:46.331 GPU_Scheduler_1] Admitted 2 requests for model_6
[2026-08-21 22:39:46.460 GPU_Scheduler_1] Admitted 1 requests for model_6
[2026-08-21 22:39:46.660 GPU_Scheduler_0] Admitted 1 requests for model_5
[2026-08-21 22:39:46.684 GPU_Scheduler_1] Admitted 1 requests for model_6
[2026-08-21 22:39:46.790 GPU_Scheduler_0] Admitted 1 requests for model_5
[2026-08-21 22:39:46.792 GPU_Scheduler_1] Admitted 1 requests for model_6
[2026-08-21 22:39:46.824 GPU_Scheduler_1] Admitted 1 requests for model_6
[2026-08-21 22:39:46.878 GPU_Scheduler_0] Admitted 1 requests for model_2
[2026-08-21 22:39:46.943 GPU_Scheduler_0] Admitted 1 requests for model_5
[2026-08-21 22:39:46.955 GPU_Scheduler_0] Admitted 1 requests for model_2
[2026-08-21 22:39:47.016 GPU_Scheduler_1] Admitted 1 requests for model_6
[2026-08-21 22:39:47.020 GPU_Scheduler_0] Admitted 1 requests for model_1
[2026-08-21 22:39:47.027 GPU_Scheduler_1] Admitted 1 requests for model_6
[2026-08-21 22:39:47.038 GPU_Scheduler_1] Admitted 1 requests for model_6
[2026-08-21 22:39:47.075 GPU_Scheduler_0] Admitted 1 requests for model_2
[2026-08-21 22:39:47.140 GPU_Scheduler_0] Admitted 1 requests for model_2
[2026-08-21 22:39:47.162 GPU_Scheduler_0] Admitted 1 requests for model_5
[2026-08-21 22:39:47.177 GPU_Scheduler_1] Admitted 1 requests for model_6
[2026-08-21 22:39:47.231 GPU_Scheduler_1] Admitted 2 requests for model_6
[2026-08-21 22:39:47.263 GPU_Scheduler_0] [V5-LOOP] {"iters": 464, "t_mem": 0.006669149734079838, "t_redis": 0.29583222791552544, "t_admit": 0.0053715952672064304, "t_send": 0.015109030762687325, "t_iter": 0.32298200367949903, "admitted": 37, "iter_max": 0.0014455700293183327, "gpu_id": 0, "window_s": 5.001187324523926}
[2026-08-21 22:39:47.316 GPU_Scheduler_1] Admitted 1 requests for model_6
[2026-08-21 22:39:47.338 GPU_Scheduler_1] Admitted 1 requests for model_6
[2026-08-21 22:39:47.391 GPU_Scheduler_1] Admitted 1 requests for model_3
[2026-08-21 22:39:47.454 GPU_Scheduler_0] Admitted 1 requests for model_2
[2026-08-21 22:39:47.699 GPU_Scheduler_1] Admitted 1 requests for model_6
[2026-08-21 22:39:47.764 GPU_Scheduler_1] Admitted 1 requests for model_6
[2026-08-21 22:39:47.775 GPU_Scheduler_1] Admitted 1 requests for model_6
[2026-08-21 22:39:47.807 GPU_Scheduler_1] Admitted 1 requests for model_6
[2026-08-21 22:39:47.861 GPU_Scheduler_1] Admitted 1 requests for model_6
[2026-08-21 22:39:47.885 GPU_Scheduler_0] Admitted 1 requests for model_2
[2026-08-21 22:39:47.885 GPU_Scheduler_0] Admitted 1 requests for model_5
[2026-08-21 22:39:47.904 GPU_Scheduler_1] Admitted 1 requests for model_6
[2026-08-21 22:39:47.978 GPU_Scheduler_1] Admitted 1 requests for model_6
[2026-08-21 22:39:48.022 GPU_Scheduler_0] Admitted 1 requests for model_5
[2026-08-21 22:39:48.064 GPU_Scheduler_1] Admitted 1 requests for model_6
[2026-08-21 22:39:48.096 GPU_Scheduler_1] [V5-LOOP] {"iters": 452, "t_mem": 0.00945394509471953, "t_redis": 0.3831889186985791, "t_admit": 0.007831456139683723, "t_send": 0.03808786836452782, "t_iter": 0.43856218829751015, "admitted": 63, "iter_max": 0.002642938168719411, "gpu_id": 1, "window_s": 5.001346826553345}
[2026-08-21 22:39:48.107 GPU_Scheduler_1] Admitted 2 requests for model_6
[2026-08-21 22:39:48.192 GPU_Scheduler_1] Admitted 1 requests for model_6
[2026-08-21 22:39:48.214 GPU_Scheduler_1] Admitted 1 requests for model_6
[2026-08-21 22:39:48.246 GPU_Scheduler_1] Admitted 1 requests for model_3
[2026-08-21 22:39:48.308 GPU_Scheduler_0] Admitted 1 requests for model_2
[2026-08-21 22:39:48.416 GPU_Scheduler_1] Admitted 1 requests for model_6
[2026-08-21 22:39:48.484 GPU_Scheduler_0] Admitted 1 requests for model_2
[2026-08-21 22:39:48.531 GPU_Scheduler_0] Admitted 1 requests for model_2
[2026-08-21 22:39:48.639 GPU_Scheduler_1] Admitted 2 requests for model_6
[2026-08-21 22:39:48.641 GPU_Scheduler_0] Admitted 1 requests for model_2
[2026-08-21 22:39:48.671 GPU_Scheduler_1] Admitted 1 requests for model_3
[2026-08-21 22:39:48.674 GPU_Scheduler_0] Admitted 1 requests for model_2
[2026-08-21 22:39:48.693 GPU_Scheduler_1] Admitted 1 requests for model_3
[2026-08-21 22:39:48.772 GPU_Scheduler_0] Admitted 1 requests for model_2
[2026-08-21 22:39:48.783 GPU_Scheduler_0] Admitted 1 requests for model_2
[2026-08-21 22:39:48.806 GPU_Scheduler_0] Admitted 1 requests for model_5
[2026-08-21 22:39:48.936 GPU_Scheduler_0] Admitted 1 requests for model_5
[2026-08-21 22:39:48.947 GPU_Scheduler_1] Admitted 1 requests for model_3
[2026-08-21 22:39:48.990 GPU_Scheduler_1] Admitted 1 requests for model_3
[2026-08-21 22:39:49.056 GPU_Scheduler_0] Admitted 1 requests for model_2
[2026-08-21 22:39:49.065 GPU_Scheduler_1] Admitted 1 requests for model_6
[2026-08-21 22:39:49.166 GPU_Scheduler_0] Admitted 1 requests for model_2
[2026-08-21 22:39:49.214 GPU_Scheduler_1] Admitted 1 requests for model_6
[2026-08-21 22:39:49.225 GPU_Scheduler_1] Admitted 1 requests for model_6
[2026-08-21 22:39:49.278 GPU_Scheduler_1] Admitted 1 requests for model_6
[2026-08-21 22:39:49.332 GPU_Scheduler_1] Admitted 1 requests for model_6
[2026-08-21 22:39:49.375 GPU_Scheduler_1] Admitted 1 requests for model_6
[2026-08-21 22:39:49.558 GPU_Scheduler_0] Admitted 2 requests for model_5
[2026-08-21 22:39:49.669 GPU_Scheduler_0] Admitted 1 requests for model_2
[2026-08-21 22:39:49.672 GPU_Scheduler_1] Admitted 1 requests for model_6
[2026-08-21 22:39:49.759 GPU_Scheduler_1] Admitted 1 requests for model_6
[2026-08-21 22:39:49.767 GPU_Scheduler_0] Admitted 1 requests for model_2
[2026-08-21 22:39:49.792 GPU_Scheduler_1] Admitted 1 requests for model_6
[2026-08-21 22:39:49.904 GPU_Scheduler_1] Admitted 1 requests for model_3
[2026-08-21 22:39:49.933 GPU_Scheduler_0] Admitted 1 requests for model_5
[2026-08-21 22:39:50.070 GPU_Scheduler_1] Admitted 1 requests for model_6
[2026-08-21 22:39:50.192 GPU_Scheduler_1] Admitted 1 requests for model_6
[2026-08-21 22:39:50.206 GPU_Scheduler_0] Admitted 1 requests for model_5
[2026-08-21 22:39:50.214 GPU_Scheduler_1] Admitted 1 requests for model_6
[2026-08-21 22:39:50.247 GPU_Scheduler_1] Admitted 1 requests for model_6
[2026-08-21 22:39:50.290 GPU_Scheduler_1] Admitted 1 requests for model_6
[2026-08-21 22:39:50.479 GPU_Scheduler_0] Admitted 1 requests for model_2
[2026-08-21 22:39:50.490 GPU_Scheduler_0] Admitted 1 requests for model_5
[2026-08-21 22:39:50.675 GPU_Scheduler_0] Admitted 1 requests for model_2
[2026-08-21 22:39:50.798 GPU_Scheduler_1] Admitted 1 requests for model_6
[2026-08-21 22:39:50.872 GPU_Scheduler_0] Admitted 1 requests for model_2
[2026-08-21 22:39:50.884 GPU_Scheduler_0] Admitted 1 requests for model_2
[2026-08-21 22:39:50.939 GPU_Scheduler_1] Admitted 1 requests for model_3
[2026-08-21 22:39:50.951 GPU_Scheduler_0] Admitted 1 requests for model_2
[2026-08-21 22:39:50.962 GPU_Scheduler_0] Admitted 1 requests for model_5
[2026-08-21 22:39:51.047 GPU_Scheduler_1] Admitted 1 requests for model_6
[2026-08-21 22:39:51.093 GPU_Scheduler_0] Admitted 1 requests for model_5
[2026-08-21 22:39:51.101 GPU_Scheduler_1] Admitted 1 requests for model_6
[2026-08-21 22:39:51.112 GPU_Scheduler_1] Admitted 1 requests for model_6
[2026-08-21 22:39:51.159 GPU_Scheduler_0] Admitted 1 requests for model_2
[2026-08-21 22:39:51.220 GPU_Scheduler_1] Admitted 1 requests for model_6
[2026-08-21 22:39:51.247 GPU_Scheduler_0] Admitted 1 requests for model_2
[2026-08-21 22:39:51.253 GPU_Scheduler_1] Admitted 2 requests for model_6
[2026-08-21 22:39:51.296 GPU_Scheduler_1] Admitted 1 requests for model_6
[2026-08-21 22:39:51.405 GPU_Scheduler_1] Admitted 1 requests for model_6
[2026-08-21 22:39:51.555 GPU_Scheduler_1] Admitted 1 requests for model_6
[2026-08-21 22:39:51.707 GPU_Scheduler_1] Admitted 1 requests for model_6
[2026-08-21 22:39:51.772 GPU_Scheduler_1] Admitted 1 requests for model_6
[2026-08-21 22:39:51.880 GPU_Scheduler_0] Admitted 1 requests for model_2
[2026-08-21 22:39:51.925 GPU_Scheduler_0] Admitted 1 requests for model_2
[2026-08-21 22:39:52.075 GPU_Scheduler_1] Admitted 1 requests for model_6
[2026-08-21 22:39:52.086 GPU_Scheduler_1] Admitted 1 requests for model_6
[2026-08-21 22:39:52.141 GPU_Scheduler_1] Admitted 1 requests for model_6
[2026-08-21 22:39:52.152 GPU_Scheduler_1] Admitted 1 requests for model_6
[2026-08-21 22:39:52.197 GPU_Scheduler_0] Admitted 1 requests for model_5
[2026-08-21 22:39:52.274 GPU_Scheduler_0] [V5-LOOP] {"iters": 453, "t_mem": 0.007555743679404259, "t_redis": 0.41064189723692834, "t_admit": 0.0059373530093580484, "t_send": 0.017553717829287052, "t_iter": 0.4416887117549777, "admitted": 34, "iter_max": 0.0031162009108811617, "gpu_id": 0, "window_s": 5.01078724861145}
[2026-08-21 22:39:52.285 GPU_Scheduler_0] Admitted 1 requests for model_5
[2026-08-21 22:39:52.296 GPU_Scheduler_0] Admitted 1 requests for model_5
[2026-08-21 22:39:52.482 GPU_Scheduler_0] Admitted 1 requests for model_2
[2026-08-21 22:39:52.603 GPU_Scheduler_0] Admitted 1 requests for model_2
[2026-08-21 22:39:52.603 GPU_Scheduler_0] Admitted 1 requests for model_5
[2026-08-21 22:39:52.605 GPU_Scheduler_1] Admitted 1 requests for model_6
[2026-08-21 22:39:52.614 GPU_Scheduler_0] Admitted 1 requests for model_2
[2026-08-21 22:39:53.104 GPU_Scheduler_1] [V5-LOOP] {"iters": 465, "t_mem": 0.008036518469452858, "t_redis": 0.28112134989351034, "t_admit": 0.006221081828698516, "t_send": 0.02192171523347497, "t_iter": 0.3173006654251367, "admitted": 45, "iter_max": 0.0018272020388394594, "gpu_id": 1, "window_s": 5.008067607879639}
[2026-08-21 22:39:53.460 GPU_Scheduler_1] Admitted 1 requests for model_6
[2026-08-21 22:39:53.466 GPU_Scheduler_0] Admitted 2 requests for model_5
[2026-08-21 22:39:53.471 GPU_Scheduler_1] Admitted 5 requests for model_6
[2026-08-21 22:39:53.478 GPU_Scheduler_0] Admitted 2 requests for model_2
[2026-08-21 22:39:53.482 GPU_Scheduler_1] Admitted 2 requests for model_3
[2026-08-21 22:39:53.483 GPU_Scheduler_1] Admitted 4 requests for model_6
[2026-08-21 22:39:53.525 GPU_Scheduler_1] Admitted 2 requests for model_6
[2026-08-21 22:39:53.545 GPU_Scheduler_0] Admitted 1 requests for model_5
[2026-08-21 22:39:53.557 GPU_Scheduler_1] Admitted 1 requests for model_6
[2026-08-21 22:39:53.642 GPU_Scheduler_1] Admitted 1 requests for model_6
[2026-08-21 22:39:53.736 GPU_Scheduler_1] Admitted 1 requests for model_6
[2026-08-21 22:39:53.757 GPU_Scheduler_1] Admitted 1 requests for model_6
[2026-08-21 22:39:53.763 GPU_Scheduler_0] Admitted 1 requests for model_2
[2026-08-21 22:39:53.778 GPU_Scheduler_1] Admitted 1 requests for model_6
[2026-08-21 22:39:53.872 GPU_Scheduler_0] Admitted 1 requests for model_2
[2026-08-21 22:39:53.924 GPU_Scheduler_1] Admitted 1 requests for model_6
[2026-08-21 22:39:53.966 GPU_Scheduler_1] Admitted 1 requests for model_6
[2026-08-21 22:39:53.992 GPU_Scheduler_0] Admitted 1 requests for model_5
[2026-08-21 22:39:54.040 GPU_Scheduler_1] Admitted 1 requests for model_6
[2026-08-21 22:39:54.123 GPU_Scheduler_1] Admitted 1 requests for model_6
[2026-08-21 22:39:54.210 GPU_Scheduler_0] Admitted 1 requests for model_2
[2026-08-21 22:39:54.228 GPU_Scheduler_1] Admitted 1 requests for model_3
[2026-08-21 22:39:54.228 GPU_Scheduler_1] Admitted 1 requests for model_6
[2026-08-21 22:39:54.280 GPU_Scheduler_1] Admitted 1 requests for model_6
[2026-08-21 22:39:54.312 GPU_Scheduler_1] Admitted 1 requests for model_6
[2026-08-21 22:39:54.341 GPU_Scheduler_0] Admitted 1 requests for model_5
[2026-08-21 22:39:54.448 GPU_Scheduler_1] Admitted 1 requests for model_3
[2026-08-21 22:39:54.448 GPU_Scheduler_1] Admitted 1 requests for model_6
[2026-08-21 22:39:54.521 GPU_Scheduler_1] Admitted 1 requests for model_6
[2026-08-21 22:39:54.532 GPU_Scheduler_1] Admitted 1 requests for model_6
[2026-08-21 22:39:54.538 GPU_Scheduler_0] Admitted 1 requests for model_5
[2026-08-21 22:39:54.564 GPU_Scheduler_1] Admitted 1 requests for model_6
[2026-08-21 22:39:54.593 GPU_Scheduler_0] Admitted 1 requests for model_2
[2026-08-21 22:39:54.595 GPU_Scheduler_1] Admitted 1 requests for model_6
[2026-08-21 22:39:54.668 GPU_Scheduler_1] Admitted 1 requests for model_3
[2026-08-21 22:39:54.680 GPU_Scheduler_0] Admitted 1 requests for model_2
[2026-08-21 22:39:54.690 GPU_Scheduler_1] Admitted 1 requests for model_6
[2026-08-21 22:39:54.746 GPU_Scheduler_0] Admitted 1 requests for model_2
[2026-08-21 22:39:54.774 GPU_Scheduler_1] Admitted 1 requests for model_6
[2026-08-21 22:39:54.796 GPU_Scheduler_1] Admitted 1 requests for model_3
[2026-08-21 22:39:54.859 GPU_Scheduler_1] Admitted 1 requests for model_6
[2026-08-21 22:39:54.964 GPU_Scheduler_1] Admitted 1 requests for model_6
[2026-08-21 22:39:55.027 GPU_Scheduler_1] Admitted 1 requests for model_6
[2026-08-21 22:39:55.048 GPU_Scheduler_1] Admitted 1 requests for model_6
[2026-08-21 22:39:55.225 GPU_Scheduler_1] Admitted 1 requests for model_6
[2026-08-21 22:39:55.246 GPU_Scheduler_1] Admitted 1 requests for model_6
[2026-08-21 22:39:55.453 GPU_Scheduler_0] Admitted 1 requests for model_5
[2026-08-21 22:39:55.455 GPU_Scheduler_1] Admitted 1 requests for model_6
[2026-08-21 22:39:55.497 GPU_Scheduler_1] Admitted 1 requests for model_6
[2026-08-21 22:39:55.543 GPU_Scheduler_0] Admitted 1 requests for model_2
[2026-08-21 22:39:55.738 GPU_Scheduler_1] Admitted 1 requests for model_6
[2026-08-21 22:39:55.780 GPU_Scheduler_1] Admitted 1 requests for model_6
[2026-08-21 22:39:55.892 GPU_Scheduler_0] Admitted 1 requests for model_2
[2026-08-21 22:39:55.905 GPU_Scheduler_1] Admitted 1 requests for model_6
[2026-08-21 22:39:56.114 GPU_Scheduler_1] Admitted 1 requests for model_6
[2026-08-21 22:39:56.247 GPU_Scheduler_0] Admitted 1 requests for model_5
[2026-08-21 22:39:56.271 GPU_Scheduler_1] Admitted 1 requests for model_6
[2026-08-21 22:39:56.293 GPU_Scheduler_0] Admitted 1 requests for model_2
[2026-08-21 22:39:56.316 GPU_Scheduler_0] Admitted 1 requests for model_5
[2026-08-21 22:39:56.375 GPU_Scheduler_1] Admitted 1 requests for model_6
[2026-08-21 22:39:56.443 GPU_Scheduler_0] Admitted 1 requests for model_5
[2026-08-21 22:39:56.467 GPU_Scheduler_0] Admitted 1 requests for model_5
[2026-08-21 22:39:56.594 GPU_Scheduler_1] Admitted 1 requests for model_6
[2026-08-21 22:39:56.679 GPU_Scheduler_0] Admitted 1 requests for model_5
[2026-08-21 22:39:56.715 GPU_Scheduler_0] Admitted 1 requests for model_5
[2026-08-21 22:39:56.720 GPU_Scheduler_1] Admitted 1 requests for model_6
[2026-08-21 22:39:56.772 GPU_Scheduler_1] Admitted 1 requests for model_6
[2026-08-21 22:39:56.902 GPU_Scheduler_0] Admitted 1 requests for model_2
[2026-08-21 22:39:56.919 GPU_Scheduler_1] Admitted 1 requests for model_6
[2026-08-21 22:39:56.961 GPU_Scheduler_1] Admitted 1 requests for model_3
[2026-08-21 22:39:56.997 GPU_Scheduler_0] Admitted 1 requests for model_5
[2026-08-21 22:39:57.065 GPU_Scheduler_1] Admitted 1 requests for model_6
[2026-08-21 22:39:57.091 GPU_Scheduler_0] Admitted 1 requests for model_2
[2026-08-21 22:39:57.126 GPU_Scheduler_0] Admitted 1 requests for model_2
[2026-08-21 22:39:57.221 GPU_Scheduler_0] Admitted 1 requests for model_5
[2026-08-21 22:39:57.232 GPU_Scheduler_1] Admitted 1 requests for model_6
[2026-08-21 22:39:57.234 GPU_Scheduler_0] Admitted 1 requests for model_5
[2026-08-21 22:39:57.281 GPU_Scheduler_0] [V5-LOOP] {"iters": 447, "t_mem": 0.009168696589767933, "t_redis": 0.46168492222204804, "t_admit": 0.006494279485195875, "t_send": 0.020124457543715835, "t_iter": 0.4974723558407277, "admitted": 36, "iter_max": 0.002654818119481206, "gpu_id": 0, "window_s": 5.007293701171875}
[2026-08-21 22:39:57.327 GPU_Scheduler_1] Admitted 2 requests for model_6
[2026-08-21 22:39:57.458 GPU_Scheduler_0] Admitted 1 requests for model_5
[2026-08-21 22:39:57.470 GPU_Scheduler_0] Admitted 1 requests for model_2
[2026-08-21 22:39:57.495 GPU_Scheduler_0] Admitted 1 requests for model_5
[2026-08-21 22:39:57.504 GPU_Scheduler_1] Admitted 1 requests for model_6
[2026-08-21 22:39:57.734 GPU_Scheduler_1] Admitted 1 requests for model_6
[2026-08-21 22:39:57.825 GPU_Scheduler_0] Admitted 1 requests for model_2
[2026-08-21 22:39:57.837 GPU_Scheduler_0] Admitted 1 requests for model_5
[2026-08-21 22:39:57.974 GPU_Scheduler_1] Admitted 2 requests for model_6
[2026-08-21 22:39:58.006 GPU_Scheduler_1] Admitted 1 requests for model_6
[2026-08-21 22:39:58.027 GPU_Scheduler_0] Admitted 1 requests for model_5
[2026-08-21 22:39:58.037 GPU_Scheduler_1] Admitted 1 requests for model_6
[2026-08-21 22:39:58.100 GPU_Scheduler_1] Admitted 1 requests for model_6
[2026-08-21 22:39:58.111 GPU_Scheduler_1] [V5-LOOP] {"iters": 478, "t_mem": 0.005823697661980987, "t_redis": 0.15724957641214132, "t_admit": 0.0045682822819799185, "t_send": 0.020268517546355724, "t_iter": 0.18791007390245795, "admitted": 67, "iter_max": 0.0020557839889079332, "gpu_id": 1, "window_s": 5.006443023681641}
[2026-08-21 22:39:58.275 GPU_Scheduler_0] Admitted 1 requests for model_5
[2026-08-21 22:39:58.340 GPU_Scheduler_1] Admitted 1 requests for model_3
[2026-08-21 22:39:58.351 GPU_Scheduler_1] Admitted 1 requests for model_6
[2026-08-21 22:39:58.372 GPU_Scheduler_1] Admitted 2 requests for model_6
[2026-08-21 22:39:58.409 GPU_Scheduler_0] Admitted 1 requests for model_5
[2026-08-21 22:39:58.467 GPU_Scheduler_1] Admitted 1 requests for model_6
[2026-08-21 22:39:58.511 GPU_Scheduler_0] Admitted 1 requests for model_2
[2026-08-21 22:39:58.524 GPU_Scheduler_0] Admitted 1 requests for model_5
[2026-08-21 22:39:58.560 GPU_Scheduler_0] Admitted 2 requests for model_2
[2026-08-21 22:39:58.656 GPU_Scheduler_0] Admitted 1 requests for model_2
[2026-08-21 22:39:58.763 GPU_Scheduler_0] Admitted 1 requests for model_5
[2026-08-21 22:39:58.775 GPU_Scheduler_0] Admitted 1 requests for model_2
[2026-08-21 22:39:58.813 GPU_Scheduler_1] Admitted 2 requests for model_6
[2026-08-21 22:39:58.824 GPU_Scheduler_1] Admitted 1 requests for model_6
[2026-08-21 22:39:58.877 GPU_Scheduler_1] Admitted 1 requests for model_6
[2026-08-21 22:39:58.975 GPU_Scheduler_0] Admitted 1 requests for model_2
[2026-08-21 22:39:59.024 GPU_Scheduler_1] Admitted 1 requests for model_6
[2026-08-21 22:39:59.035 GPU_Scheduler_0] Admitted 1 requests for model_2
[2026-08-21 22:39:59.140 GPU_Scheduler_1] Admitted 2 requests for model_6
[2026-08-21 22:39:59.142 GPU_Scheduler_0] Admitted 1 requests for model_5
[2026-08-21 22:39:59.248 GPU_Scheduler_0] Admitted 1 requests for model_5
[2026-08-21 22:39:59.257 GPU_Scheduler_1] Admitted 1 requests for model_6
[2026-08-21 22:39:59.296 GPU_Scheduler_0] Admitted 1 requests for model_2
[2026-08-21 22:39:59.415 GPU_Scheduler_1] Admitted 1 requests for model_6
[2026-08-21 22:39:59.425 GPU_Scheduler_0] Admitted 1 requests for model_2
[2026-08-21 22:39:59.426 GPU_Scheduler_1] Admitted 1 requests for model_6
[2026-08-21 22:39:59.489 GPU_Scheduler_1] Admitted 1 requests for model_6
[2026-08-21 22:39:59.511 GPU_Scheduler_1] Admitted 1 requests for model_6
[2026-08-21 22:39:59.532 GPU_Scheduler_1] Admitted 2 requests for model_6
[2026-08-21 22:39:59.544 GPU_Scheduler_1] Admitted 1 requests for model_6
[2026-08-21 22:39:59.555 GPU_Scheduler_1] Admitted 1 requests for model_6
[2026-08-21 22:39:59.614 GPU_Scheduler_0] Admitted 1 requests for model_2
[2026-08-21 22:39:59.685 GPU_Scheduler_0] Admitted 1 requests for model_1
[2026-08-21 22:39:59.714 GPU_Scheduler_1] Admitted 1 requests for model_6
[2026-08-21 22:39:59.721 GPU_Scheduler_0] Admitted 1 requests for model_2
[2026-08-21 22:39:59.789 GPU_Scheduler_1] Admitted 2 requests for model_6
[2026-08-21 22:39:59.816 GPU_Scheduler_0] Admitted 2 requests for model_2
[2026-08-21 22:39:59.875 GPU_Scheduler_1] Admitted 1 requests for model_6
[2026-08-21 22:39:59.907 GPU_Scheduler_1] Admitted 1 requests for model_3
[2026-08-21 22:39:59.958 GPU_Scheduler_0] Admitted 1 requests for model_5
[2026-08-21 22:39:59.960 GPU_Scheduler_1] Admitted 1 requests for model_6
[2026-08-21 22:39:59.970 GPU_Scheduler_0] Admitted 1 requests for model_2
[2026-08-21 22:40:00.088 GPU_Scheduler_1] Admitted 1 requests for model_6
[2026-08-21 22:40:00.100 GPU_Scheduler_0] Admitted 1 requests for model_2
[2026-08-21 22:40:00.288 GPU_Scheduler_0] Admitted 1 requests for model_2
[2026-08-21 22:40:00.322 GPU_Scheduler_1] Admitted 1 requests for model_3
[2026-08-21 22:40:00.333 GPU_Scheduler_1] Admitted 1 requests for model_6
[2026-08-21 22:40:00.354 GPU_Scheduler_1] Admitted 1 requests for model_3
[2026-08-21 22:40:00.594 GPU_Scheduler_1] Admitted 1 requests for model_3
[2026-08-21 22:40:00.615 GPU_Scheduler_0] Admitted 1 requests for model_2
[2026-08-21 22:40:00.733 GPU_Scheduler_0] Admitted 1 requests for model_2
[2026-08-21 22:40:00.741 GPU_Scheduler_1] Admitted 1 requests for model_6
[2026-08-21 22:40:00.781 GPU_Scheduler_0] Admitted 1 requests for model_2
[2026-08-21 22:40:00.845 GPU_Scheduler_1] Admitted 1 requests for model_3
[2026-08-21 22:40:00.864 GPU_Scheduler_0] Admitted 1 requests for model_2
[2026-08-21 22:40:00.866 GPU_Scheduler_1] Admitted 1 requests for model_6
[2026-08-21 22:40:00.946 GPU_Scheduler_0] Admitted 1 requests for model_5
[2026-08-21 22:40:00.970 GPU_Scheduler_1] Admitted 1 requests for model_6
[2026-08-21 22:40:01.086 GPU_Scheduler_1] Admitted 2 requests for model_6
[2026-08-21 22:40:01.150 GPU_Scheduler_0] Admitted 1 requests for model_2
[2026-08-21 22:40:01.227 GPU_Scheduler_0] Admitted 1 requests for model_2
[2026-08-21 22:40:01.259 GPU_Scheduler_1] Admitted 1 requests for model_6
[2026-08-21 22:40:01.285 GPU_Scheduler_0] Admitted 1 requests for model_2
[2026-08-21 22:40:01.297 GPU_Scheduler_0] Admitted 1 requests for model_5
[2026-08-21 22:40:01.369 GPU_Scheduler_1] Admitted 1 requests for model_6
[2026-08-21 22:40:01.392 GPU_Scheduler_1] Admitted 1 requests for model_6
[2026-08-21 22:40:01.427 GPU_Scheduler_1] Admitted 1 requests for model_6
[2026-08-21 22:40:01.559 GPU_Scheduler_0] Admitted 1 requests for model_2
[2026-08-21 22:40:01.639 GPU_Scheduler_1] Admitted 1 requests for model_6
[2026-08-21 22:40:01.641 GPU_Scheduler_0] Admitted 1 requests for model_2
[2026-08-21 22:40:01.741 GPU_Scheduler_1] Admitted 1 requests for model_6
[2026-08-21 22:40:01.842 GPU_Scheduler_1] Admitted 1 requests for model_6
[2026-08-21 22:40:01.877 GPU_Scheduler_1] Admitted 1 requests for model_6
[2026-08-21 22:40:01.887 GPU_Scheduler_0] Admitted 1 requests for model_5
[2026-08-21 22:40:01.922 GPU_Scheduler_1] Admitted 1 requests for model_6
[2026-08-21 22:40:01.991 GPU_Scheduler_1] Admitted 1 requests for model_3
[2026-08-21 22:40:02.060 GPU_Scheduler_0] Admitted 1 requests for model_1
[2026-08-21 22:40:02.166 GPU_Scheduler_1] Admitted 1 requests for model_6
[2026-08-21 22:40:02.222 GPU_Scheduler_1] Admitted 1 requests for model_6
[2026-08-21 22:40:02.278 GPU_Scheduler_1] Admitted 1 requests for model_6
[2026-08-21 22:40:02.284 GPU_Scheduler_0] [V5-LOOP] {"iters": 428, "t_mem": 0.011680647497996688, "t_redis": 0.6286057932302356, "t_admit": 0.008680483559146523, "t_send": 0.030703379772603512, "t_iter": 0.6796703040599823, "admitted": 43, "iter_max": 0.003198140999302268, "gpu_id": 0, "window_s": 5.002837896347046}
[2026-08-21 22:40:02.458 GPU_Scheduler_1] Admitted 1 requests for model_3
[2026-08-21 22:40:02.483 GPU_Scheduler_0] Admitted 1 requests for model_2
[2026-08-21 22:40:02.507 GPU_Scheduler_0] Admitted 1 requests for model_2
[2026-08-21 22:40:02.525 GPU_Scheduler_1] Admitted 1 requests for model_6
[2026-08-21 22:40:02.795 GPU_Scheduler_1] Admitted 1 requests for model_6
[2026-08-21 22:40:02.818 GPU_Scheduler_1] Admitted 1 requests for model_3
[2026-08-21 22:40:02.864 GPU_Scheduler_1] Admitted 1 requests for model_6
[2026-08-21 22:40:02.927 GPU_Scheduler_0] Admitted 1 requests for model_5
[2026-08-21 22:40:03.010 GPU_Scheduler_1] Admitted 2 requests for model_6
[2026-08-21 22:40:03.122 GPU_Scheduler_1] [V5-LOOP] {"iters": 464, "t_mem": 0.00806741276755929, "t_redis": 0.28805970028042793, "t_admit": 0.006238312693312764, "t_send": 0.0271989309694618, "t_iter": 0.3295643567107618, "admitted": 58, "iter_max": 0.002688528038561344, "gpu_id": 1, "window_s": 5.0104756355285645}
[2026-08-21 22:40:03.154 GPU_Scheduler_1] Admitted 1 requests for model_6
[2026-08-21 22:40:03.212 GPU_Scheduler_0] Admitted 1 requests for model_5
[2026-08-21 22:40:03.368 GPU_Scheduler_1] Admitted 1 requests for model_6
[2026-08-21 22:40:03.387 GPU_Scheduler_0] Admitted 1 requests for model_2
[2026-08-21 22:40:03.387 GPU_Scheduler_0] Admitted 1 requests for model_5
[2026-08-21 22:40:03.444 GPU_Scheduler_1] Admitted 1 requests for model_6
[2026-08-21 22:40:03.455 GPU_Scheduler_1] Admitted 1 requests for model_6
[2026-08-21 22:40:03.522 GPU_Scheduler_1] Admitted 1 requests for model_6
[2026-08-21 22:40:03.594 GPU_Scheduler_0] Admitted 1 requests for model_2
[2026-08-21 22:40:03.669 GPU_Scheduler_1] Admitted 1 requests for model_6
[2026-08-21 22:40:03.861 GPU_Scheduler_1] Admitted 1 requests for model_6
[2026-08-21 22:40:03.884 GPU_Scheduler_1] Admitted 1 requests for model_6
[2026-08-21 22:40:03.896 GPU_Scheduler_1] Admitted 1 requests for model_6
[2026-08-21 22:40:03.910 GPU_Scheduler_0] Admitted 1 requests for model_2
[2026-08-21 22:40:03.932 GPU_Scheduler_0] Admitted 1 requests for model_2
[2026-08-21 22:40:03.954 GPU_Scheduler_0] Admitted 1 requests for model_2
[2026-08-21 22:40:04.086 GPU_Scheduler_0] Admitted 1 requests for model_2
[2026-08-21 22:40:04.185 GPU_Scheduler_0] Admitted 1 requests for model_2
[2026-08-21 22:40:04.190 GPU_Scheduler_1] Admitted 1 requests for model_6
[2026-08-21 22:40:04.305 GPU_Scheduler_0] Admitted 1 requests for model_2
[2026-08-21 22:40:04.373 GPU_Scheduler_1] Admitted 1 requests for model_6
[2026-08-21 22:40:04.425 GPU_Scheduler_0] Admitted 1 requests for model_1
[2026-08-21 22:40:04.469 GPU_Scheduler_0] Admitted 1 requests for model_5
[2026-08-21 22:40:04.524 GPU_Scheduler_0] Admitted 2 requests for model_5
[2026-08-21 22:40:04.579 GPU_Scheduler_0] Admitted 1 requests for model_2
[2026-08-21 22:40:04.606 GPU_Scheduler_1] Admitted 1 requests for model_6
[2026-08-21 22:40:04.623 GPU_Scheduler_0] Admitted 1 requests for model_2
[2026-08-21 22:40:04.685 GPU_Scheduler_1] Admitted 1 requests for model_6
[2026-08-21 22:40:04.711 GPU_Scheduler_0] Admitted 1 requests for model_5
[2026-08-21 22:40:04.742 GPU_Scheduler_1] Admitted 1 requests for model_6
[2026-08-21 22:40:04.777 GPU_Scheduler_1] Admitted 1 requests for model_6
[2026-08-21 22:40:04.800 GPU_Scheduler_1] Admitted 2 requests for model_3
[2026-08-21 22:40:04.880 GPU_Scheduler_1] Admitted 1 requests for model_6
[2026-08-21 22:40:04.914 GPU_Scheduler_1] Admitted 1 requests for model_6
[2026-08-21 22:40:04.919 GPU_Scheduler_0] Admitted 1 requests for model_2
[2026-08-21 22:40:04.949 GPU_Scheduler_1] Admitted 1 requests for model_6
[2026-08-21 22:40:04.994 GPU_Scheduler_1] Admitted 1 requests for model_6
[2026-08-21 22:40:05.029 GPU_Scheduler_1] Admitted 1 requests for model_6
[2026-08-21 22:40:05.052 GPU_Scheduler_1] Admitted 1 requests for model_6
[2026-08-21 22:40:05.065 GPU_Scheduler_1] Admitted 2 requests for model_6
[2026-08-21 22:40:05.084 GPU_Scheduler_0] Admitted 1 requests for model_2
[2026-08-21 22:40:05.111 GPU_Scheduler_1] Admitted 1 requests for model_6
[2026-08-21 22:40:05.117 GPU_Scheduler_0] Admitted 2 requests for model_5
[2026-08-21 22:40:05.129 GPU_Scheduler_0] Admitted 1 requests for model_5
[2026-08-21 22:40:05.145 GPU_Scheduler_1] Admitted 1 requests for model_6
[2026-08-21 22:40:05.283 GPU_Scheduler_0] Admitted 1 requests for model_5
[2026-08-21 22:40:05.408 GPU_Scheduler_0] Admitted 1 requests for model_5
[2026-08-21 22:40:05.467 GPU_Scheduler_0] Admitted 1 requests for model_5
[2026-08-21 22:40:05.472 GPU_Scheduler_1] Admitted 1 requests for model_6
[2026-08-21 22:40:05.484 GPU_Scheduler_1] Admitted 1 requests for model_6
[2026-08-21 22:40:05.542 GPU_Scheduler_1] Admitted 1 requests for model_6
[2026-08-21 22:40:05.701 GPU_Scheduler_0] Admitted 1 requests for model_2
[2026-08-21 22:40:05.732 GPU_Scheduler_1] Admitted 2 requests for model_6
[2026-08-21 22:40:05.748 GPU_Scheduler_0] Admitted 1 requests for model_2
[2026-08-21 22:40:05.796 GPU_Scheduler_0] Admitted 1 requests for model_2
[2026-08-21 22:40:05.801 GPU_Scheduler_1] Admitted 1 requests for model_6
[2026-08-21 22:40:05.948 GPU_Scheduler_1] Admitted 1 requests for model_6
[2026-08-21 22:40:05.959 GPU_Scheduler_1] Admitted 1 requests for model_6
[2026-08-21 22:40:06.039 GPU_Scheduler_1] Admitted 1 requests for model_6
[2026-08-21 22:40:06.062 GPU_Scheduler_1] Admitted 1 requests for model_6
[2026-08-21 22:40:06.074 GPU_Scheduler_1] Admitted 1 requests for model_6
[2026-08-21 22:40:06.158 GPU_Scheduler_0] Admitted 1 requests for model_2
[2026-08-21 22:40:06.221 GPU_Scheduler_1] Admitted 1 requests for model_6
[2026-08-21 22:40:06.276 GPU_Scheduler_0] Admitted 1 requests for model_2
[2026-08-21 22:40:06.311 GPU_Scheduler_0] Admitted 1 requests for model_2
[2026-08-21 22:40:06.346 GPU_Scheduler_1] Admitted 1 requests for model_3
[2026-08-21 22:40:06.396 GPU_Scheduler_0] Admitted 1 requests for model_2
[2026-08-21 22:40:06.419 GPU_Scheduler_0] Admitted 1 requests for model_2
[2026-08-21 22:40:06.574 GPU_Scheduler_1] Admitted 1 requests for model_6
[2026-08-21 22:40:06.629 GPU_Scheduler_1] Admitted 1 requests for model_6
[2026-08-21 22:40:06.661 GPU_Scheduler_1] Admitted 1 requests for model_6
[2026-08-21 22:40:06.839 GPU_Scheduler_1] Admitted 1 requests for model_6
[2026-08-21 22:40:06.871 GPU_Scheduler_1] Admitted 1 requests for model_6
[2026-08-21 22:40:06.903 GPU_Scheduler_1] Admitted 1 requests for model_6
[2026-08-21 22:40:06.938 GPU_Scheduler_0] Admitted 1 requests for model_2
[2026-08-21 22:40:07.032 GPU_Scheduler_0] Admitted 1 requests for model_2
[2026-08-21 22:40:07.071 GPU_Scheduler_1] Admitted 1 requests for model_6
[2026-08-21 22:40:07.082 GPU_Scheduler_1] Admitted 1 requests for model_3
[2026-08-21 22:40:07.104 GPU_Scheduler_1] Admitted 1 requests for model_6
[2026-08-21 22:40:07.136 GPU_Scheduler_1] Admitted 1 requests for model_6
[2026-08-21 22:40:07.188 GPU_Scheduler_1] Admitted 1 requests for model_3
[2026-08-21 22:40:07.205 GPU_Scheduler_0] Admitted 1 requests for model_2
[2026-08-21 22:40:07.229 GPU_Scheduler_0] Admitted 1 requests for model_2
[2026-08-21 22:40:07.272 GPU_Scheduler_1] Admitted 1 requests for model_6
[2026-08-21 22:40:07.288 GPU_Scheduler_0] [V5-LOOP] {"iters": 441, "t_mem": 0.009435382205992937, "t_redis": 0.515467626042664, "t_admit": 0.006804503500461578, "t_send": 0.02122280211187899, "t_iter": 0.5529303138609976, "admitted": 40, "iter_max": 0.002583657158538699, "gpu_id": 0, "window_s": 5.003425121307373}
[2026-08-21 22:40:07.315 GPU_Scheduler_1] Admitted 1 requests for model_6
[2026-08-21 22:40:07.379 GPU_Scheduler_1] Admitted 1 requests for model_6
[2026-08-21 22:40:07.388 GPU_Scheduler_0] Admitted 1 requests for model_2
[2026-08-21 22:40:07.411 GPU_Scheduler_1] Admitted 1 requests for model_6
[2026-08-21 22:40:07.432 GPU_Scheduler_1] Admitted 1 requests for model_6
[2026-08-21 22:40:07.443 GPU_Scheduler_1] Admitted 1 requests for model_6
[2026-08-21 22:40:07.602 GPU_Scheduler_1] Admitted 1 requests for model_6
[2026-08-21 22:40:07.772 GPU_Scheduler_1] Admitted 1 requests for model_6
[2026-08-21 22:40:07.795 GPU_Scheduler_0] Admitted 1 requests for model_2
[2026-08-21 22:40:07.910 GPU_Scheduler_1] Admitted 1 requests for model_6
[2026-08-21 22:40:07.948 GPU_Scheduler_0] Admitted 1 requests for model_2
[2026-08-21 22:40:07.952 GPU_Scheduler_1] Admitted 1 requests for model_6
[2026-08-21 22:40:07.995 GPU_Scheduler_1] Admitted 1 requests for model_6
[2026-08-21 22:40:08.006 GPU_Scheduler_1] Admitted 1 requests for model_3
[2026-08-21 22:40:08.028 GPU_Scheduler_1] Admitted 1 requests for model_6
[2026-08-21 22:40:08.113 GPU_Scheduler_1] Admitted 1 requests for model_6
[2026-08-21 22:40:08.123 GPU_Scheduler_0] Admitted 1 requests for model_2
[2026-08-21 22:40:08.124 GPU_Scheduler_1] [V5-LOOP] {"iters": 455, "t_mem": 0.009275851072743535, "t_redis": 0.356108155567199, "t_admit": 0.00775615475140512, "t_send": 0.036141028394922614, "t_iter": 0.40928118978627026, "admitted": 65, "iter_max": 0.0025295561645179987, "gpu_id": 1, "window_s": 5.001759052276611}
[2026-08-21 22:40:08.170 GPU_Scheduler_0] Admitted 1 requests for model_5
[2026-08-21 22:40:08.276 GPU_Scheduler_0] Admitted 1 requests for model_2
[2026-08-21 22:40:08.314 GPU_Scheduler_1] Admitted 1 requests for model_3
[2026-08-21 22:40:08.325 GPU_Scheduler_1] Admitted 2 requests for model_6
[2026-08-21 22:40:08.359 GPU_Scheduler_0] Admitted 1 requests for model_2
[2026-08-21 22:40:08.383 GPU_Scheduler_0] Admitted 1 requests for model_2
[2026-08-21 22:40:08.421 GPU_Scheduler_1] Admitted 1 requests for model_3
[2026-08-21 22:40:08.466 GPU_Scheduler_0] Admitted 1 requests for model_1
[2026-08-21 22:40:08.517 GPU_Scheduler_1] Admitted 1 requests for model_6
[2026-08-21 22:40:08.581 GPU_Scheduler_1] Admitted 1 requests for model_6
[2026-08-21 22:40:08.624 GPU_Scheduler_1] Admitted 1 requests for model_6
[2026-08-21 22:40:08.666 GPU_Scheduler_0] Admitted 1 requests for model_5
[2026-08-21 22:40:08.678 GPU_Scheduler_0] Admitted 1 requests for model_2
[2026-08-21 22:40:08.730 GPU_Scheduler_1] Admitted 1 requests for model_6
[2026-08-21 22:40:08.772 GPU_Scheduler_0] Admitted 1 requests for model_2
[2026-08-21 22:40:08.889 GPU_Scheduler_0] Admitted 1 requests for model_2
[2026-08-21 22:40:08.900 GPU_Scheduler_1] Admitted 2 requests for model_6
[2026-08-21 22:40:08.964 GPU_Scheduler_1] Admitted 1 requests for model_6
[2026-08-21 22:40:08.983 GPU_Scheduler_0] Admitted 1 requests for model_2
[2026-08-21 22:40:09.007 GPU_Scheduler_1] Admitted 2 requests for model_6
[2026-08-21 22:40:09.051 GPU_Scheduler_1] Admitted 1 requests for model_6
[2026-08-21 22:40:09.072 GPU_Scheduler_1] Admitted 1 requests for model_6
[2026-08-21 22:40:09.223 GPU_Scheduler_1] Admitted 1 requests for model_6
[2026-08-21 22:40:09.300 GPU_Scheduler_0] Admitted 1 requests for model_5
[2026-08-21 22:40:09.320 GPU_Scheduler_1] Admitted 1 requests for model_6
[2026-08-21 22:40:09.359 GPU_Scheduler_0] Admitted 1 requests for model_1
[2026-08-21 22:40:09.359 GPU_Scheduler_0] Admitted 1 requests for model_2
[2026-08-21 22:40:09.418 GPU_Scheduler_1] Admitted 1 requests for model_6
[2026-08-21 22:40:09.465 GPU_Scheduler_0] Admitted 1 requests for model_2
[2026-08-21 22:40:09.472 GPU_Scheduler_1] Admitted 1 requests for model_6
[2026-08-21 22:40:09.483 GPU_Scheduler_1] Admitted 1 requests for model_3
[2026-08-21 22:40:09.495 GPU_Scheduler_1] Admitted 1 requests for model_6
[2026-08-21 22:40:09.506 GPU_Scheduler_1] Admitted 1 requests for model_3
[2026-08-21 22:40:09.524 GPU_Scheduler_0] Admitted 1 requests for model_2
[2026-08-21 22:40:09.528 GPU_Scheduler_1] Admitted 1 requests for model_3
[2026-08-21 22:40:09.536 GPU_Scheduler_0] Admitted 1 requests for model_2
[2026-08-21 22:40:09.561 GPU_Scheduler_1] Admitted 1 requests for model_6
[2026-08-21 22:40:09.594 GPU_Scheduler_1] Admitted 1 requests for model_6
[2026-08-21 22:40:09.705 GPU_Scheduler_0] Admitted 1 requests for model_5
[2026-08-21 22:40:09.771 GPU_Scheduler_0] Admitted 1 requests for model_2
[2026-08-21 22:40:09.799 GPU_Scheduler_1] Admitted 1 requests for model_6
[2026-08-21 22:40:09.826 GPU_Scheduler_0] Admitted 1 requests for model_2
[2026-08-21 22:40:09.853 GPU_Scheduler_1] Admitted 1 requests for model_3
[2026-08-21 22:40:10.122 GPU_Scheduler_1] Admitted 1 requests for model_6
[2026-08-21 22:40:10.229 GPU_Scheduler_1] Admitted 1 requests for model_6
[2026-08-21 22:40:10.231 GPU_Scheduler_0] Admitted 1 requests for model_2
[2026-08-21 22:40:10.264 GPU_Scheduler_0] Admitted 1 requests for model_2
[2026-08-21 22:40:10.432 GPU_Scheduler_1] Admitted 1 requests for model_3
[2026-08-21 22:40:10.453 GPU_Scheduler_1] Admitted 1 requests for model_6
[2026-08-21 22:40:10.475 GPU_Scheduler_1] Admitted 1 requests for model_6
[2026-08-21 22:40:10.560 GPU_Scheduler_1] Admitted 1 requests for model_6
[2026-08-21 22:40:10.571 GPU_Scheduler_1] Admitted 1 requests for model_6
[2026-08-21 22:40:10.603 GPU_Scheduler_1] Admitted 1 requests for model_6
[2026-08-21 22:40:10.657 GPU_Scheduler_1] Admitted 2 requests for model_6
[2026-08-21 22:40:10.700 GPU_Scheduler_1] Admitted 1 requests for model_6
[2026-08-21 22:40:10.764 GPU_Scheduler_1] Admitted 1 requests for model_6
[2026-08-21 22:40:10.774 GPU_Scheduler_0] Admitted 1 requests for model_2
[2026-08-21 22:40:10.846 GPU_Scheduler_0] Admitted 1 requests for model_2
[2026-08-21 22:40:10.860 GPU_Scheduler_1] Admitted 1 requests for model_6
[2026-08-21 22:40:10.913 GPU_Scheduler_1] Admitted 1 requests for model_6
[2026-08-21 22:40:10.998 GPU_Scheduler_0] Admitted 1 requests for model_2
[2026-08-21 22:40:11.030 GPU_Scheduler_1] Admitted 1 requests for model_6
[2026-08-21 22:40:11.104 GPU_Scheduler_0] Admitted 1 requests for model_2
[2026-08-21 22:40:11.211 GPU_Scheduler_1] Admitted 1 requests for model_6
[2026-08-21 22:40:11.275 GPU_Scheduler_1] Admitted 2 requests for model_6
[2026-08-21 22:40:11.280 GPU_Scheduler_0] Admitted 2 requests for model_5
[2026-08-21 22:40:11.308 GPU_Scheduler_1] Admitted 1 requests for model_6
[2026-08-21 22:40:11.467 GPU_Scheduler_0] Admitted 1 requests for model_2
[2026-08-21 22:40:11.467 GPU_Scheduler_1] Admitted 1 requests for model_6
[2026-08-21 22:40:11.478 GPU_Scheduler_1] Admitted 1 requests for model_6
[2026-08-21 22:40:11.607 GPU_Scheduler_1] Admitted 1 requests for model_6
[2026-08-21 22:40:11.692 GPU_Scheduler_1] Admitted 1 requests for model_6
[2026-08-21 22:40:11.830 GPU_Scheduler_1] Admitted 1 requests for model_6
[2026-08-21 22:40:11.842 GPU_Scheduler_1] Admitted 1 requests for model_6
[2026-08-21 22:40:11.958 GPU_Scheduler_1] Admitted 1 requests for model_6
[2026-08-21 22:40:11.976 GPU_Scheduler_0] Admitted 1 requests for model_2
[2026-08-21 22:40:12.119 GPU_Scheduler_0] Admitted 1 requests for model_5
[2026-08-21 22:40:12.214 GPU_Scheduler_1] Admitted 1 requests for model_6
[2026-08-21 22:40:12.294 GPU_Scheduler_0] [V5-LOOP] {"iters": 435, "t_mem": 0.010294090257957578, "t_redis": 0.5718976790085435, "t_admit": 0.007574563613161445, "t_send": 0.02306705340743065, "t_iter": 0.6128333862870932, "admitted": 34, "iter_max": 0.0030743000097572803, "gpu_id": 0, "window_s": 5.005673170089722}
[2026-08-21 22:40:12.298 GPU_Scheduler_1] Admitted 1 requests for model_3
[2026-08-21 22:40:12.330 GPU_Scheduler_1] Admitted 1 requests for model_6
[2026-08-21 22:40:12.403 GPU_Scheduler_0] Admitted 1 requests for model_2
[2026-08-21 22:40:12.406 GPU_Scheduler_1] Admitted 1 requests for model_6
[2026-08-21 22:40:12.450 GPU_Scheduler_0] Admitted 1 requests for model_2
[2026-08-21 22:40:12.502 GPU_Scheduler_1] Admitted 1 requests for model_6
[2026-08-21 22:40:12.524 GPU_Scheduler_1] Admitted 1 requests for model_6
[2026-08-21 22:40:12.545 GPU_Scheduler_1] Admitted 1 requests for model_6
[2026-08-21 22:40:12.599 GPU_Scheduler_1] Admitted 1 requests for model_6
[2026-08-21 22:40:12.610 GPU_Scheduler_1] Admitted 1 requests for model_6
[2026-08-21 22:40:12.642 GPU_Scheduler_1] Admitted 1 requests for model_6
[2026-08-21 22:40:12.767 GPU_Scheduler_0] Admitted 1 requests for model_2
[2026-08-21 22:40:12.824 GPU_Scheduler_1] Admitted 1 requests for model_6
[2026-08-21 22:40:12.838 GPU_Scheduler_0] Admitted 1 requests for model_5
[2026-08-21 22:40:12.862 GPU_Scheduler_0] Admitted 1 requests for model_5
[2026-08-21 22:40:12.931 GPU_Scheduler_1] Admitted 1 requests for model_6
[2026-08-21 22:40:13.015 GPU_Scheduler_0] Admitted 1 requests for model_2
[2026-08-21 22:40:13.060 GPU_Scheduler_1] Admitted 1 requests for model_3
[2026-08-21 22:40:13.113 GPU_Scheduler_1] Admitted 1 requests for model_6
[2026-08-21 22:40:13.124 GPU_Scheduler_1] [V5-LOOP] {"iters": 467, "t_mem": 0.006915732519701123, "t_redis": 0.24756064265966415, "t_admit": 0.005976400105282664, "t_send": 0.030230634845793247, "t_iter": 0.2906834101304412, "admitted": 67, "iter_max": 0.001508770976215601, "gpu_id": 1, "window_s": 5.000673532485962}
[2026-08-21 22:40:13.231 GPU_Scheduler_1] Admitted 1 requests for model_3
[2026-08-21 22:40:13.252 GPU_Scheduler_1] Admitted 1 requests for model_6
[2026-08-21 22:40:13.287 GPU_Scheduler_0] Admitted 1 requests for model_5
[2026-08-21 22:40:13.338 GPU_Scheduler_1] Admitted 1 requests for model_6
[2026-08-21 22:40:13.423 GPU_Scheduler_1] Admitted 1 requests for model_6
[2026-08-21 22:40:13.430 GPU_Scheduler_0] Admitted 1 requests for model_5
[2026-08-21 22:40:13.466 GPU_Scheduler_1] Admitted 1 requests for model_6
[2026-08-21 22:40:13.485 GPU_Scheduler_0] Admitted 1 requests for model_2
[2026-08-21 22:40:13.529 GPU_Scheduler_0] Admitted 1 requests for model_2
[2026-08-21 22:40:13.615 GPU_Scheduler_1] Admitted 2 requests for model_6
[2026-08-21 22:40:13.626 GPU_Scheduler_1] Admitted 1 requests for model_6
[2026-08-21 22:40:13.760 GPU_Scheduler_0] Admitted 1 requests for model_2
[2026-08-21 22:40:13.782 GPU_Scheduler_0] Admitted 1 requests for model_2
[2026-08-21 22:40:13.849 GPU_Scheduler_1] Admitted 1 requests for model_6
[2026-08-21 22:40:13.859 GPU_Scheduler_0] Admitted 1 requests for model_2
[2026-08-21 22:40:13.902 GPU_Scheduler_1] Admitted 1 requests for model_6
[2026-08-21 22:40:13.945 GPU_Scheduler_1] Admitted 1 requests for model_6
[2026-08-21 22:40:13.948 GPU_Scheduler_0] Admitted 1 requests for model_2
[2026-08-21 22:40:13.988 GPU_Scheduler_1] Admitted 1 requests for model_3
[2026-08-21 22:40:13.999 GPU_Scheduler_1] Admitted 1 requests for model_6
[2026-08-21 22:40:14.013 GPU_Scheduler_0] Admitted 1 requests for model_5
[2026-08-21 22:40:14.032 GPU_Scheduler_1] Admitted 1 requests for model_6
[2026-08-21 22:40:14.139 GPU_Scheduler_1] Admitted 1 requests for model_6
[2026-08-21 22:40:14.296 GPU_Scheduler_0] Admitted 1 requests for model_2
[2026-08-21 22:40:14.446 GPU_Scheduler_1] Admitted 1 requests for model_6
[2026-08-21 22:40:14.481 GPU_Scheduler_1] Admitted 1 requests for model_3
[2026-08-21 22:40:14.481 GPU_Scheduler_1] Admitted 1 requests for model_6
[2026-08-21 22:40:14.514 GPU_Scheduler_0] Admitted 1 requests for model_2
[2026-08-21 22:40:14.527 GPU_Scheduler_1] Admitted 1 requests for model_6
[2026-08-21 22:40:14.550 GPU_Scheduler_1] Admitted 1 requests for model_6
[2026-08-21 22:40:14.584 GPU_Scheduler_1] Admitted 1 requests for model_6
[2026-08-21 22:40:14.602 GPU_Scheduler_0] Admitted 1 requests for model_2
[2026-08-21 22:40:14.613 GPU_Scheduler_0] Admitted 1 requests for model_2
[2026-08-21 22:40:14.657 GPU_Scheduler_0] Admitted 1 requests for model_5
[2026-08-21 22:40:14.675 GPU_Scheduler_1] Admitted 1 requests for model_6
[2026-08-21 22:40:14.809 GPU_Scheduler_0] Admitted 1 requests for model_2
[2026-08-21 22:40:14.820 GPU_Scheduler_0] Admitted 1 requests for model_5
[2026-08-21 22:40:14.821 GPU_Scheduler_1] Admitted 1 requests for model_6
[2026-08-21 22:40:14.908 GPU_Scheduler_0] Admitted 1 requests for model_2
[2026-08-21 22:40:15.201 GPU_Scheduler_1] Admitted 1 requests for model_6
[2026-08-21 22:40:15.268 GPU_Scheduler_0] Admitted 1 requests for model_5
[2026-08-21 22:40:15.279 GPU_Scheduler_0] Admitted 1 requests for model_2
[2026-08-21 22:40:15.505 GPU_Scheduler_0] Admitted 1 requests for model_2
[2026-08-21 22:40:15.581 GPU_Scheduler_0] Admitted 1 requests for model_5
[2026-08-21 22:40:15.624 GPU_Scheduler_0] Admitted 1 requests for model_2
[2026-08-21 22:40:15.684 GPU_Scheduler_1] Admitted 1 requests for model_6
[2026-08-21 22:40:15.819 GPU_Scheduler_1] Admitted 1 requests for model_6
[2026-08-21 22:40:15.871 GPU_Scheduler_0] Admitted 1 requests for model_5
[2026-08-21 22:40:15.978 GPU_Scheduler_0] Admitted 1 requests for model_2
[2026-08-21 22:40:16.021 GPU_Scheduler_0] Admitted 1 requests for model_5
[2026-08-21 22:40:16.032 GPU_Scheduler_0] Admitted 1 requests for model_2
[2026-08-21 22:40:16.044 GPU_Scheduler_1] Admitted 1 requests for model_6
[2026-08-21 22:40:16.055 GPU_Scheduler_1] Admitted 1 requests for model_6
[2026-08-21 22:40:16.074 GPU_Scheduler_0] Admitted 1 requests for model_2
[2026-08-21 22:40:16.181 GPU_Scheduler_0] Admitted 1 requests for model_2
[2026-08-21 22:40:16.236 GPU_Scheduler_1] Admitted 1 requests for model_3
[2026-08-21 22:40:16.236 GPU_Scheduler_1] Admitted 1 requests for model_6
[2026-08-21 22:40:16.302 GPU_Scheduler_1] Admitted 1 requests for model_6
[2026-08-21 22:40:16.335 GPU_Scheduler_1] Admitted 1 requests for model_6
[2026-08-21 22:40:16.455 GPU_Scheduler_0] Admitted 1 requests for model_2
[2026-08-21 22:40:16.478 GPU_Scheduler_0] Admitted 1 requests for model_2
[2026-08-21 22:40:16.511 GPU_Scheduler_0] Admitted 1 requests for model_2
[2026-08-21 22:40:16.636 GPU_Scheduler_0] Admitted 1 requests for model_5
[2026-08-21 22:40:16.672 GPU_Scheduler_0] Admitted 1 requests for model_2
[2026-08-21 22:40:16.760 GPU_Scheduler_1] Admitted 1 requests for model_6
[2026-08-21 22:40:16.783 GPU_Scheduler_1] Admitted 1 requests for model_6
[2026-08-21 22:40:16.824 GPU_Scheduler_0] Admitted 1 requests for model_5
[2026-08-21 22:40:16.942 GPU_Scheduler_0] Admitted 1 requests for model_5
[2026-08-21 22:40:16.963 GPU_Scheduler_1] Admitted 1 requests for model_6
[2026-08-21 22:40:16.978 GPU_Scheduler_0] Admitted 1 requests for model_2
[2026-08-21 22:40:17.025 GPU_Scheduler_0] Admitted 1 requests for model_5
[2026-08-21 22:40:17.131 GPU_Scheduler_0] Admitted 1 requests for model_5
[2026-08-21 22:40:17.155 GPU_Scheduler_0] Admitted 2 requests for model_2
[2026-08-21 22:40:17.215 GPU_Scheduler_0] Admitted 1 requests for model_2
[2026-08-21 22:40:17.251 GPU_Scheduler_0] Admitted 1 requests for model_2
[2026-08-21 22:40:17.298 GPU_Scheduler_0] Admitted 1 requests for model_5
[2026-08-21 22:40:17.299 GPU_Scheduler_0] [V5-LOOP] {"iters": 450, "t_mem": 0.00812627305276692, "t_redis": 0.4225442078895867, "t_admit": 0.006341987522318959, "t_send": 0.025622250512242317, "t_iter": 0.4626347189769149, "admitted": 49, "iter_max": 0.002820088993757963, "gpu_id": 0, "window_s": 5.004385948181152}
[2026-08-21 22:40:17.300 GPU_Scheduler_1] Admitted 1 requests for model_6
[2026-08-21 22:40:17.310 GPU_Scheduler_0] Admitted 1 requests for model_5
[2026-08-21 22:40:17.345 GPU_Scheduler_1] Admitted 1 requests for model_6
[2026-08-21 22:40:17.413 GPU_Scheduler_1] Admitted 1 requests for model_6
[2026-08-21 22:40:17.463 GPU_Scheduler_0] Admitted 1 requests for model_2
[2026-08-21 22:40:17.660 GPU_Scheduler_1] Admitted 1 requests for model_6
[2026-08-21 22:40:17.706 GPU_Scheduler_1] Admitted 1 requests for model_6
[2026-08-21 22:40:17.709 GPU_Scheduler_0] Admitted 1 requests for model_2
[2026-08-21 22:40:17.785 GPU_Scheduler_1] Admitted 1 requests for model_6
[2026-08-21 22:40:17.797 GPU_Scheduler_1] Admitted 1 requests for model_6
[2026-08-21 22:40:17.820 GPU_Scheduler_1] Admitted 1 requests for model_6
[2026-08-21 22:40:17.865 GPU_Scheduler_1] Admitted 1 requests for model_6
[2026-08-21 22:40:18.061 GPU_Scheduler_0] Admitted 1 requests for model_2
[2026-08-21 22:40:18.090 GPU_Scheduler_1] Admitted 2 requests for model_6
[2026-08-21 22:40:18.103 GPU_Scheduler_1] Admitted 1 requests for model_6
[2026-08-21 22:40:18.126 GPU_Scheduler_1] [V5-LOOP] {"iters": 457, "t_mem": 0.009144301759079099, "t_redis": 0.34514336148276925, "t_admit": 0.006995531031861901, "t_send": 0.028194507583975792, "t_iter": 0.38947770185768604, "admitted": 47, "iter_max": 0.0028151189908385277, "gpu_id": 1, "window_s": 5.001361846923828}
[2026-08-21 22:40:18.249 GPU_Scheduler_1] Admitted 2 requests for model_6
[2026-08-21 22:40:18.400 GPU_Scheduler_0] Admitted 1 requests for model_2
[2026-08-21 22:40:18.460 GPU_Scheduler_0] Admitted 1 requests for model_5
[2026-08-21 22:40:18.508 GPU_Scheduler_0] Admitted 1 requests for model_5
[2026-08-21 22:40:18.554 GPU_Scheduler_1] Admitted 1 requests for model_6
[2026-08-21 22:40:18.566 GPU_Scheduler_1] Admitted 1 requests for model_6
[2026-08-21 22:40:18.578 GPU_Scheduler_1] Admitted 2 requests for model_6
[2026-08-21 22:40:18.602 GPU_Scheduler_1] Admitted 1 requests for model_6
[2026-08-21 22:40:18.670 GPU_Scheduler_1] Admitted 1 requests for model_6
[2026-08-21 22:40:18.730 GPU_Scheduler_0] Admitted 1 requests for model_5
[2026-08-21 22:40:18.778 GPU_Scheduler_0] Admitted 1 requests for model_2
[2026-08-21 22:40:18.806 GPU_Scheduler_1] Admitted 1 requests for model_6
[2026-08-21 22:40:18.875 GPU_Scheduler_1] Admitted 1 requests for model_6
[2026-08-21 22:40:18.887 GPU_Scheduler_1] Admitted 1 requests for model_6
[2026-08-21 22:40:18.921 GPU_Scheduler_1] Admitted 1 requests for model_6
[2026-08-21 22:40:18.930 GPU_Scheduler_0] Admitted 1 requests for model_5
[2026-08-21 22:40:19.025 GPU_Scheduler_0] Admitted 1 requests for model_2
[2026-08-21 22:40:19.190 GPU_Scheduler_0] Admitted 1 requests for model_2
[2026-08-21 22:40:19.203 GPU_Scheduler_1] Admitted 1 requests for model_6
[2026-08-21 22:40:19.237 GPU_Scheduler_1] Admitted 1 requests for model_6
[2026-08-21 22:40:19.249 GPU_Scheduler_0] Admitted 1 requests for model_5
[2026-08-21 22:40:19.261 GPU_Scheduler_1] Admitted 1 requests for model_6
[2026-08-21 22:40:19.378 GPU_Scheduler_0] Admitted 1 requests for model_2
[2026-08-21 22:40:19.419 GPU_Scheduler_1] Admitted 1 requests for model_6
[2026-08-21 22:40:19.479 GPU_Scheduler_0] Admitted 1 requests for model_1
[2026-08-21 22:40:19.490 GPU_Scheduler_0] Admitted 1 requests for model_2
[2026-08-21 22:40:19.557 GPU_Scheduler_1] Admitted 1 requests for model_6
[2026-08-21 22:40:19.800 GPU_Scheduler_0] Admitted 1 requests for model_5
[2026-08-21 22:40:19.915 GPU_Scheduler_1] Admitted 1 requests for model_6
[2026-08-21 22:40:20.010 GPU_Scheduler_1] Admitted 1 requests for model_6
[2026-08-21 22:40:20.042 GPU_Scheduler_1] Admitted 1 requests for model_6
[2026-08-21 22:40:20.053 GPU_Scheduler_1] Admitted 1 requests for model_6
[2026-08-21 22:40:20.063 GPU_Scheduler_1] Admitted 1 requests for model_6
[2026-08-21 22:40:20.121 GPU_Scheduler_0] Admitted 1 requests for model_2
[2026-08-21 22:40:20.121 GPU_Scheduler_0] Admitted 1 requests for model_5
[2026-08-21 22:40:20.243 GPU_Scheduler_1] Admitted 2 requests for model_6
[2026-08-21 22:40:20.336 GPU_Scheduler_0] Admitted 1 requests for model_5
[2026-08-21 22:40:20.368 GPU_Scheduler_0] Admitted 1 requests for model_2
[2026-08-21 22:40:20.411 GPU_Scheduler_0] Admitted 1 requests for model_5
[2026-08-21 22:40:20.523 GPU_Scheduler_0] Admitted 1 requests for model_2
[2026-08-21 22:40:20.645 GPU_Scheduler_1] Admitted 5 requests for model_6
[2026-08-21 22:40:20.698 GPU_Scheduler_0] Admitted 1 requests for model_2
[2026-08-21 22:40:20.699 GPU_Scheduler_1] Admitted 1 requests for model_3
[2026-08-21 22:40:20.721 GPU_Scheduler_1] Admitted 1 requests for model_6
[2026-08-21 22:40:20.796 GPU_Scheduler_1] Admitted 1 requests for model_6
[2026-08-21 22:40:20.828 GPU_Scheduler_1] Admitted 1 requests for model_3
[2026-08-21 22:40:20.850 GPU_Scheduler_0] Admitted 1 requests for model_2
[2026-08-21 22:40:21.009 GPU_Scheduler_1] Admitted 1 requests for model_3
[2026-08-21 22:40:21.063 GPU_Scheduler_1] Admitted 2 requests for model_6
[2026-08-21 22:40:21.147 GPU_Scheduler_0] Admitted 1 requests for model_2
[2026-08-21 22:40:21.223 GPU_Scheduler_1] Admitted 1 requests for model_6
[2026-08-21 22:40:21.234 GPU_Scheduler_1] Admitted 1 requests for model_6
[2026-08-21 22:40:21.418 GPU_Scheduler_0] Admitted 1 requests for model_2
[2026-08-21 22:40:21.489 GPU_Scheduler_1] Admitted 1 requests for model_3
[2026-08-21 22:40:21.538 GPU_Scheduler_0] Admitted 1 requests for model_2
[2026-08-21 22:40:21.713 GPU_Scheduler_1] Admitted 1 requests for model_3
[2026-08-21 22:40:21.995 GPU_Scheduler_0] Admitted 1 requests for model_5
[2026-08-21 22:40:22.169 GPU_Scheduler_0] Admitted 1 requests for model_2
[2026-08-21 22:40:22.233 GPU_Scheduler_1] Admitted 1 requests for model_3
[2026-08-21 22:40:22.301 GPU_Scheduler_0] Admitted 1 requests for model_5
[2026-08-21 22:40:22.301 GPU_Scheduler_0] [V5-LOOP] {"iters": 443, "t_mem": 0.009316772688180208, "t_redis": 0.4981407842133194, "t_admit": 0.005864575505256653, "t_send": 0.017743099480867386, "t_iter": 0.5310652318876237, "admitted": 31, "iter_max": 0.0028177679050713778, "gpu_id": 0, "window_s": 5.00216269493103}
[2026-08-21 22:40:22.323 GPU_Scheduler_0] Admitted 1 requests for model_1
[2026-08-21 22:40:22.346 GPU_Scheduler_0] Admitted 1 requests for model_2
[2026-08-21 22:40:22.471 GPU_Scheduler_1] Admitted 1 requests for model_3
[2026-08-21 22:40:22.509 GPU_Scheduler_0] Admitted 1 requests for model_5
[2026-08-21 22:40:22.639 GPU_Scheduler_1] Admitted 12 requests for model_6
[2026-08-21 22:40:22.716 GPU_Scheduler_0] Admitted 1 requests for model_5
[2026-08-21 22:40:22.792 GPU_Scheduler_0] Admitted 1 requests for model_2
[2026-08-21 22:40:22.901 GPU_Scheduler_0] Admitted 1 requests for model_5
[2026-08-21 22:40:23.031 GPU_Scheduler_0] Admitted 1 requests for model_5
[2026-08-21 22:40:23.107 GPU_Scheduler_0] Admitted 1 requests for model_2
[2026-08-21 22:40:23.130 GPU_Scheduler_1] [V5-LOOP] {"iters": 461, "t_mem": 0.008668614784255624, "t_redis": 0.30411336361430585, "t_admit": 0.0077556101605296135, "t_send": 0.030766747193410993, "t_iter": 0.3513043357525021, "admitted": 54, "iter_max": 0.008103844011202455, "gpu_id": 1, "window_s": 5.00340461730957}
[2026-08-21 22:40:23.151 GPU_Scheduler_0] Admitted 1 requests for model_2
[2026-08-21 22:40:23.162 GPU_Scheduler_1] Admitted 1 requests for model_3
[2026-08-21 22:40:23.184 GPU_Scheduler_0] Admitted 1 requests for model_2
[2026-08-21 22:40:23.293 GPU_Scheduler_0] Admitted 1 requests for model_2
[2026-08-21 22:40:23.391 GPU_Scheduler_0] Admitted 1 requests for model_5
[2026-08-21 22:40:23.478 GPU_Scheduler_0] Admitted 1 requests for model_5
[2026-08-21 22:40:23.482 GPU_Scheduler_1] Admitted 6 requests for model_6
[2026-08-21 22:40:23.482 GPU_Scheduler_1] Admitted 1 requests for model_3
[2026-08-21 22:40:23.564 GPU_Scheduler_0] Admitted 1 requests for model_2
[2026-08-21 22:40:23.582 GPU_Scheduler_1] Admitted 1 requests for model_6
[2026-08-21 22:40:23.660 GPU_Scheduler_0] Admitted 1 requests for model_5
[2026-08-21 22:40:23.693 GPU_Scheduler_1] Admitted 1 requests for model_6
[2026-08-21 22:40:23.745 GPU_Scheduler_0] Admitted 1 requests for model_2
[2026-08-21 22:40:23.777 GPU_Scheduler_0] Admitted 2 requests for model_2
[2026-08-21 22:40:23.840 GPU_Scheduler_1] Admitted 1 requests for model_3
[2026-08-21 22:40:23.928 GPU_Scheduler_1] Admitted 1 requests for model_6
[2026-08-21 22:40:24.179 GPU_Scheduler_0] Admitted 1 requests for model_2
[2026-08-21 22:40:24.211 GPU_Scheduler_1] Admitted 1 requests for model_6
[2026-08-21 22:40:24.221 GPU_Scheduler_1] Admitted 1 requests for model_6
[2026-08-21 22:40:24.360 GPU_Scheduler_0] Admitted 1 requests for model_5
[2026-08-21 22:40:24.371 GPU_Scheduler_0] Admitted 1 requests for model_5
[2026-08-21 22:40:24.403 GPU_Scheduler_0] Admitted 1 requests for model_2
[2026-08-21 22:40:24.411 GPU_Scheduler_1] Admitted 1 requests for model_6
[2026-08-21 22:40:24.413 GPU_Scheduler_0] Admitted 1 requests for model_2
[2026-08-21 22:40:24.530 GPU_Scheduler_0] Admitted 1 requests for model_5
[2026-08-21 22:40:24.583 GPU_Scheduler_0] Admitted 1 requests for model_5
[2026-08-21 22:40:24.734 GPU_Scheduler_1] Admitted 1 requests for model_6
[2026-08-21 22:40:24.745 GPU_Scheduler_1] Admitted 1 requests for model_6
[2026-08-21 22:40:24.787 GPU_Scheduler_1] Admitted 1 requests for model_6
[2026-08-21 22:40:24.798 GPU_Scheduler_1] Admitted 2 requests for model_6
[2026-08-21 22:40:24.861 GPU_Scheduler_1] Admitted 1 requests for model_6
[2026-08-21 22:40:24.872 GPU_Scheduler_1] Admitted 1 requests for model_6
[2026-08-21 22:40:24.880 GPU_Scheduler_0] Admitted 1 requests for model_2
[2026-08-21 22:40:24.893 GPU_Scheduler_1] Admitted 1 requests for model_6
[2026-08-21 22:40:24.902 GPU_Scheduler_0] Admitted 1 requests for model_2
[2026-08-21 22:40:24.946 GPU_Scheduler_1] Admitted 1 requests for model_6
[2026-08-21 22:40:25.019 GPU_Scheduler_1] Admitted 1 requests for model_6
[2026-08-21 22:40:25.050 GPU_Scheduler_0] Admitted 1 requests for model_5
[2026-08-21 22:40:25.050 GPU_Scheduler_1] Admitted 1 requests for model_6
[2026-08-21 22:40:25.113 GPU_Scheduler_1] Admitted 1 requests for model_6
[2026-08-21 22:40:25.177 GPU_Scheduler_0] Admitted 1 requests for model_2
[2026-08-21 22:40:25.270 GPU_Scheduler_1] Admitted 1 requests for model_6
[2026-08-21 22:40:25.281 GPU_Scheduler_1] Admitted 1 requests for model_6
[2026-08-21 22:40:25.302 GPU_Scheduler_1] Admitted 1 requests for model_6
[2026-08-21 22:40:25.334 GPU_Scheduler_1] Admitted 1 requests for model_6
[2026-08-21 22:40:25.491 GPU_Scheduler_1] Admitted 1 requests for model_6
[2026-08-21 22:40:25.627 GPU_Scheduler_1] Admitted 1 requests for model_6
[2026-08-21 22:40:25.710 GPU_Scheduler_1] Admitted 1 requests for model_6
[2026-08-21 22:40:25.721 GPU_Scheduler_1] Admitted 1 requests for model_6
[2026-08-21 22:40:25.774 GPU_Scheduler_1] Admitted 1 requests for model_6
[2026-08-21 22:40:25.865 GPU_Scheduler_0] Admitted 1 requests for model_2
[2026-08-21 22:40:25.909 GPU_Scheduler_1] Admitted 1 requests for model_6
[2026-08-21 22:40:25.949 GPU_Scheduler_0] Admitted 1 requests for model_5
[2026-08-21 22:40:25.951 GPU_Scheduler_1] Admitted 1 requests for model_6
[2026-08-21 22:40:26.003 GPU_Scheduler_0] Admitted 1 requests for model_5
[2026-08-21 22:40:26.108 GPU_Scheduler_1] Admitted 1 requests for model_3
[2026-08-21 22:40:26.108 GPU_Scheduler_1] Admitted 1 requests for model_6
[2026-08-21 22:40:26.119 GPU_Scheduler_1] Admitted 1 requests for model_6
[2026-08-21 22:40:26.130 GPU_Scheduler_0] Admitted 1 requests for model_2
[2026-08-21 22:40:26.161 GPU_Scheduler_1] Admitted 1 requests for model_6
[2026-08-21 22:40:26.256 GPU_Scheduler_1] Admitted 1 requests for model_6
[2026-08-21 22:40:26.267 GPU_Scheduler_1] Admitted 1 requests for model_6
[2026-08-21 22:40:26.277 GPU_Scheduler_1] Admitted 1 requests for model_6
[2026-08-21 22:40:26.382 GPU_Scheduler_1] Admitted 1 requests for model_6
[2026-08-21 22:40:26.445 GPU_Scheduler_1] Admitted 1 requests for model_6
[2026-08-21 22:40:26.469 GPU_Scheduler_0] Admitted 1 requests for model_2
[2026-08-21 22:40:26.469 GPU_Scheduler_0] Admitted 1 requests for model_5
[2026-08-21 22:40:26.572 GPU_Scheduler_1] Admitted 1 requests for model_6
[2026-08-21 22:40:26.597 GPU_Scheduler_0] Admitted 1 requests for model_5
[2026-08-21 22:40:26.740 GPU_Scheduler_1] Admitted 1 requests for model_3
[2026-08-21 22:40:26.793 GPU_Scheduler_1] Admitted 2 requests for model_6
[2026-08-21 22:40:26.941 GPU_Scheduler_1] Admitted 2 requests for model_6
[2026-08-21 22:40:26.962 GPU_Scheduler_1] Admitted 1 requests for model_3
[2026-08-21 22:40:26.962 GPU_Scheduler_1] Admitted 1 requests for model_6
[2026-08-21 22:40:26.967 GPU_Scheduler_0] Admitted 1 requests for model_5
[2026-08-21 22:40:26.984 GPU_Scheduler_1] Admitted 1 requests for model_6
[2026-08-21 22:40:27.010 GPU_Scheduler_0] Admitted 1 requests for model_2
[2026-08-21 22:40:27.253 GPU_Scheduler_0] Admitted 1 requests for model_2
[2026-08-21 22:40:27.257 GPU_Scheduler_1] Admitted 1 requests for model_6
[2026-08-21 22:40:27.306 GPU_Scheduler_0] [V5-LOOP] {"iters": 469, "t_mem": 0.005915125133469701, "t_redis": 0.2532708845101297, "t_admit": 0.004163929261267185, "t_send": 0.013571715215221047, "t_iter": 0.2769216541200876, "admitted": 39, "iter_max": 0.0015017299447208643, "gpu_id": 0, "window_s": 5.0048956871032715}
[2026-08-21 22:40:27.352 GPU_Scheduler_1] Admitted 1 requests for model_3
[2026-08-21 22:40:27.391 GPU_Scheduler_0] Admitted 1 requests for model_2
[2026-08-21 22:40:27.405 GPU_Scheduler_1] Admitted 1 requests for model_6
[2026-08-21 22:40:27.437 GPU_Scheduler_1] Admitted 1 requests for model_6
[2026-08-21 22:40:27.518 GPU_Scheduler_0] Admitted 1 requests for model_2
[2026-08-21 22:40:27.560 GPU_Scheduler_0] Admitted 1 requests for model_2
[2026-08-21 22:40:27.604 GPU_Scheduler_1] Admitted 1 requests for model_6
[2026-08-21 22:40:27.625 GPU_Scheduler_1] Admitted 2 requests for model_6
[2026-08-21 22:40:27.690 GPU_Scheduler_1] Admitted 1 requests for model_6
[2026-08-21 22:40:27.722 GPU_Scheduler_1] Admitted 1 requests for model_6
[2026-08-21 22:40:27.776 GPU_Scheduler_1] Admitted 1 requests for model_6
[2026-08-21 22:40:27.783 GPU_Scheduler_0] Admitted 1 requests for model_2
[2026-08-21 22:40:27.804 GPU_Scheduler_0] Admitted 1 requests for model_5
[2026-08-21 22:40:27.820 GPU_Scheduler_1] Admitted 1 requests for model_6
[2026-08-21 22:40:27.874 GPU_Scheduler_1] Admitted 1 requests for model_6
[2026-08-21 22:40:27.917 GPU_Scheduler_1] Admitted 1 requests for model_6
[2026-08-21 22:40:27.971 GPU_Scheduler_1] Admitted 1 requests for model_6
[2026-08-21 22:40:28.006 GPU_Scheduler_0] Admitted 1 requests for model_5
[2026-08-21 22:40:28.014 GPU_Scheduler_1] Admitted 1 requests for model_6
[2026-08-21 22:40:28.091 GPU_Scheduler_0] Admitted 1 requests for model_5
[2026-08-21 22:40:28.121 GPU_Scheduler_1] Admitted 1 requests for model_6
[2026-08-21 22:40:28.132 GPU_Scheduler_1] [V5-LOOP] {"iters": 472, "t_mem": 0.006799222202971578, "t_redis": 0.2057637027464807, "t_admit": 0.005775656551122665, "t_send": 0.02448423090390861, "t_iter": 0.24282281240448356, "admitted": 72, "iter_max": 0.0027277080807834864, "gpu_id": 1, "window_s": 5.001666307449341}
[2026-08-21 22:40:28.134 GPU_Scheduler_0] Admitted 1 requests for model_5
[2026-08-21 22:40:28.217 GPU_Scheduler_1] Admitted 2 requests for model_6
[2026-08-21 22:40:28.239 GPU_Scheduler_1] Admitted 1 requests for model_6
[2026-08-21 22:40:28.306 GPU_Scheduler_1] Admitted 1 requests for model_6
[2026-08-21 22:40:28.318 GPU_Scheduler_1] Admitted 1 requests for model_6
[2026-08-21 22:40:28.417 GPU_Scheduler_1] Admitted 1 requests for model_6
[2026-08-21 22:40:28.439 GPU_Scheduler_1] Admitted 1 requests for model_6
[2026-08-21 22:40:28.517 GPU_Scheduler_1] Admitted 1 requests for model_6
[2026-08-21 22:40:28.561 GPU_Scheduler_1] Admitted 1 requests for model_6
[2026-08-21 22:40:28.584 GPU_Scheduler_1] Admitted 1 requests for model_6
[2026-08-21 22:40:28.629 GPU_Scheduler_1] Admitted 2 requests for model_6
[2026-08-21 22:40:28.631 GPU_Scheduler_0] Admitted 1 requests for model_2
[2026-08-21 22:40:28.674 GPU_Scheduler_0] Admitted 1 requests for model_5
[2026-08-21 22:40:28.718 GPU_Scheduler_1] Admitted 1 requests for model_6
[2026-08-21 22:40:28.795 GPU_Scheduler_1] Admitted 1 requests for model_6
[2026-08-21 22:40:28.840 GPU_Scheduler_1] Admitted 1 requests for model_6
[2026-08-21 22:40:28.907 GPU_Scheduler_1] Admitted 1 requests for model_6
[2026-08-21 22:40:29.051 GPU_Scheduler_1] Admitted 1 requests for model_6
[2026-08-21 22:40:29.073 GPU_Scheduler_1] Admitted 1 requests for model_6
[2026-08-21 22:40:29.129 GPU_Scheduler_0] Admitted 1 requests for model_5
[2026-08-21 22:40:29.150 GPU_Scheduler_0] Admitted 1 requests for model_2
[2026-08-21 22:40:29.161 GPU_Scheduler_0] Admitted 1 requests for model_5
[2026-08-21 22:40:29.193 GPU_Scheduler_0] Admitted 1 requests for model_2
[2026-08-21 22:40:29.206 GPU_Scheduler_1] Admitted 1 requests for model_6
[2026-08-21 22:40:29.273 GPU_Scheduler_1] Admitted 1 requests for model_6
[2026-08-21 22:40:29.299 GPU_Scheduler_0] Admitted 1 requests for model_5
[2026-08-21 22:40:29.331 GPU_Scheduler_0] Admitted 1 requests for model_5
[2026-08-21 22:40:29.340 GPU_Scheduler_1] Admitted 1 requests for model_6
[2026-08-21 22:40:29.352 GPU_Scheduler_1] Admitted 1 requests for model_6
[2026-08-21 22:40:29.491 GPU_Scheduler_0] Admitted 1 requests for model_2
[2026-08-21 22:40:29.501 GPU_Scheduler_1] Admitted 1 requests for model_6
[2026-08-21 22:40:29.554 GPU_Scheduler_0] Admitted 1 requests for model_2
[2026-08-21 22:40:29.566 GPU_Scheduler_1] Admitted 1 requests for model_3
[2026-08-21 22:40:29.618 GPU_Scheduler_0] Admitted 1 requests for model_2
[2026-08-21 22:40:29.630 GPU_Scheduler_1] Admitted 1 requests for model_6
[2026-08-21 22:40:29.737 GPU_Scheduler_1] Admitted 1 requests for model_6
[2026-08-21 22:40:29.830 GPU_Scheduler_0] Admitted 1 requests for model_2
[2026-08-21 22:40:29.875 GPU_Scheduler_1] Admitted 1 requests for model_6
[2026-08-21 22:40:29.886 GPU_Scheduler_1] Admitted 1 requests for model_6
[2026-08-21 22:40:29.915 GPU_Scheduler_0] Admitted 1 requests for model_2
[2026-08-21 22:40:29.940 GPU_Scheduler_1] Admitted 1 requests for model_6
[2026-08-21 22:40:29.972 GPU_Scheduler_1] Admitted 1 requests for model_6
[2026-08-21 22:40:30.026 GPU_Scheduler_1] Admitted 1 requests for model_6
[2026-08-21 22:40:30.116 GPU_Scheduler_0] Admitted 1 requests for model_2
[2026-08-21 22:40:30.138 GPU_Scheduler_0] Admitted 1 requests for model_5
[2026-08-21 22:40:30.229 GPU_Scheduler_1] Admitted 1 requests for model_6
[2026-08-21 22:40:30.307 GPU_Scheduler_0] Admitted 1 requests for model_2
[2026-08-21 22:40:30.315 GPU_Scheduler_1] Admitted 1 requests for model_6
[2026-08-21 22:40:30.379 GPU_Scheduler_1] Admitted 1 requests for model_6
[2026-08-21 22:40:30.411 GPU_Scheduler_1] Admitted 1 requests for model_6
[2026-08-21 22:40:30.581 GPU_Scheduler_1] Admitted 1 requests for model_6
[2026-08-21 22:40:30.635 GPU_Scheduler_1] Admitted 1 requests for model_6
[2026-08-21 22:40:30.710 GPU_Scheduler_1] Admitted 1 requests for model_6
[2026-08-21 22:40:30.720 GPU_Scheduler_0] Admitted 1 requests for model_2
[2026-08-21 22:40:30.732 GPU_Scheduler_1] Admitted 1 requests for model_6
[2026-08-21 22:40:30.752 GPU_Scheduler_0] Admitted 1 requests for model_2
[2026-08-21 22:40:30.752 GPU_Scheduler_0] Admitted 1 requests for model_5
[2026-08-21 22:40:30.753 GPU_Scheduler_1] Admitted 1 requests for model_6
[2026-08-21 22:40:30.763 GPU_Scheduler_0] Admitted 1 requests for model_2
[2026-08-21 22:40:30.806 GPU_Scheduler_0] Admitted 1 requests for model_2
[2026-08-21 22:40:30.892 GPU_Scheduler_1] Admitted 1 requests for model_6
[2026-08-21 22:40:30.933 GPU_Scheduler_0] Admitted 1 requests for model_5
[2026-08-21 22:40:30.976 GPU_Scheduler_0] Admitted 1 requests for model_2
[2026-08-21 22:40:31.008 GPU_Scheduler_0] Admitted 1 requests for model_2
[2026-08-21 22:40:31.052 GPU_Scheduler_1] Admitted 1 requests for model_6
[2026-08-21 22:40:31.148 GPU_Scheduler_1] Admitted 1 requests for model_6
[2026-08-21 22:40:31.231 GPU_Scheduler_0] Admitted 1 requests for model_5
[2026-08-21 22:40:31.276 GPU_Scheduler_1] Admitted 1 requests for model_6
[2026-08-21 22:40:31.351 GPU_Scheduler_1] Admitted 1 requests for model_6
[2026-08-21 22:40:31.362 GPU_Scheduler_1] Admitted 1 requests for model_6
[2026-08-21 22:40:31.380 GPU_Scheduler_0] Admitted 1 requests for model_5
[2026-08-21 22:40:31.405 GPU_Scheduler_1] Admitted 1 requests for model_3
[2026-08-21 22:40:31.406 GPU_Scheduler_1] Admitted 1 requests for model_6
[2026-08-21 22:40:31.427 GPU_Scheduler_1] Admitted 1 requests for model_6
[2026-08-21 22:40:31.460 GPU_Scheduler_1] Admitted 1 requests for model_6
[2026-08-21 22:40:31.471 GPU_Scheduler_1] Admitted 1 requests for model_6
[2026-08-21 22:40:31.550 GPU_Scheduler_0] Admitted 1 requests for model_5
[2026-08-21 22:40:31.557 GPU_Scheduler_1] Admitted 1 requests for model_6
[2026-08-21 22:40:31.568 GPU_Scheduler_1] Admitted 1 requests for model_6
[2026-08-21 22:40:31.653 GPU_Scheduler_1] Admitted 2 requests for model_6
[2026-08-21 22:40:31.717 GPU_Scheduler_1] Admitted 1 requests for model_6
[2026-08-21 22:40:31.813 GPU_Scheduler_1] Admitted 1 requests for model_6
[2026-08-21 22:40:31.835 GPU_Scheduler_1] Admitted 1 requests for model_3
[2026-08-21 22:40:31.856 GPU_Scheduler_1] Admitted 1 requests for model_6
[2026-08-21 22:40:31.868 GPU_Scheduler_1] Admitted 1 requests for model_6
[2026-08-21 22:40:31.985 GPU_Scheduler_1] Admitted 1 requests for model_6
[2026-08-21 22:40:31.996 GPU_Scheduler_1] Admitted 1 requests for model_6
[2026-08-21 22:40:32.026 GPU_Scheduler_0] Admitted 1 requests for model_2
[2026-08-21 22:40:32.081 GPU_Scheduler_1] Admitted 1 requests for model_6
[2026-08-21 22:40:32.102 GPU_Scheduler_1] Admitted 1 requests for model_6
[2026-08-21 22:40:32.209 GPU_Scheduler_1] Admitted 1 requests for model_6
[2026-08-21 22:40:32.227 GPU_Scheduler_0] Admitted 1 requests for model_2
[2026-08-21 22:40:32.232 GPU_Scheduler_1] Admitted 1 requests for model_3
[2026-08-21 22:40:32.238 GPU_Scheduler_0] Admitted 1 requests for model_5
[2026-08-21 22:40:32.243 GPU_Scheduler_1] Admitted 1 requests for model_6
[2026-08-21 22:40:32.265 GPU_Scheduler_1] Admitted 1 requests for model_6
[2026-08-21 22:40:32.313 GPU_Scheduler_0] [V5-LOOP] {"iters": 472, "t_mem": 0.005686076357960701, "t_redis": 0.22896771598607302, "t_admit": 0.0039126158226281404, "t_send": 0.011338685406371951, "t_iter": 0.2499050935730338, "admitted": 38, "iter_max": 0.0011307068634778261, "gpu_id": 0, "window_s": 5.00676417350769}
[2026-08-21 22:40:32.334 GPU_Scheduler_0] Admitted 1 requests for model_5
[2026-08-21 22:40:32.345 GPU_Scheduler_0] Admitted 1 requests for model_2
[2026-08-21 22:40:32.372 GPU_Scheduler_1] Admitted 1 requests for model_6
[2026-08-21 22:40:32.383 GPU_Scheduler_1] Admitted 1 requests for model_6
[2026-08-21 22:40:32.415 GPU_Scheduler_1] Admitted 1 requests for model_6
[2026-08-21 22:40:32.458 GPU_Scheduler_1] Admitted 1 requests for model_6
[2026-08-21 22:40:32.565 GPU_Scheduler_1] Admitted 1 requests for model_6
[2026-08-21 22:40:32.578 GPU_Scheduler_0] Admitted 1 requests for model_2
[2026-08-21 22:40:32.589 GPU_Scheduler_0] Admitted 1 requests for model_2
[2026-08-21 22:40:32.629 GPU_Scheduler_1] Admitted 1 requests for model_6
[2026-08-21 22:40:32.674 GPU_Scheduler_0] Admitted 1 requests for model_5
[2026-08-21 22:40:32.715 GPU_Scheduler_1] Admitted 1 requests for model_3
[2026-08-21 22:40:32.801 GPU_Scheduler_1] Admitted 1 requests for model_6
[2026-08-21 22:40:32.897 GPU_Scheduler_1] Admitted 1 requests for model_6
[2026-08-21 22:40:33.004 GPU_Scheduler_1] Admitted 1 requests for model_6
[2026-08-21 22:40:33.076 GPU_Scheduler_0] Admitted 1 requests for model_5
[2026-08-21 22:40:33.087 GPU_Scheduler_0] Admitted 1 requests for model_2
[2026-08-21 22:40:33.090 GPU_Scheduler_1] Admitted 1 requests for model_6
[2026-08-21 22:40:33.109 GPU_Scheduler_0] Admitted 1 requests for model_5
[2026-08-21 22:40:33.133 GPU_Scheduler_1] [V5-LOOP] {"iters": 463, "t_mem": 0.007735261227935553, "t_redis": 0.2762130715418607, "t_admit": 0.007423206930980086, "t_send": 0.038657040102407336, "t_iter": 0.3300285798031837, "admitted": 79, "iter_max": 0.0021161451004445553, "gpu_id": 1, "window_s": 5.001065254211426}
[2026-08-21 22:40:33.207 GPU_Scheduler_1] Admitted 1 requests for model_6
[2026-08-21 22:40:33.250 GPU_Scheduler_1] Admitted 1 requests for model_6
[2026-08-21 22:40:33.257 GPU_Scheduler_0] Admitted 1 requests for model_2
[2026-08-21 22:40:33.261 GPU_Scheduler_1] Admitted 1 requests for model_6
[2026-08-21 22:40:33.293 GPU_Scheduler_1] Admitted 1 requests for model_6
[2026-08-21 22:40:33.321 GPU_Scheduler_0] Admitted 1 requests for model_2
[2026-08-21 22:40:33.321 GPU_Scheduler_0] Admitted 1 requests for model_5
[2026-08-21 22:40:33.343 GPU_Scheduler_0] Admitted 1 requests for model_5
[2026-08-21 22:40:33.354 GPU_Scheduler_0] Admitted 1 requests for model_2
[2026-08-21 22:40:33.440 GPU_Scheduler_0] Admitted 1 requests for model_2
[2026-08-21 22:40:33.459 GPU_Scheduler_1] Admitted 1 requests for model_6
[2026-08-21 22:40:33.470 GPU_Scheduler_1] Admitted 1 requests for model_6
[2026-08-21 22:40:33.547 GPU_Scheduler_0] Admitted 1 requests for model_5
[2026-08-21 22:40:33.585 GPU_Scheduler_1] Admitted 1 requests for model_6
[2026-08-21 22:40:33.649 GPU_Scheduler_1] Admitted 1 requests for model_6
[2026-08-21 22:40:33.744 GPU_Scheduler_1] Admitted 1 requests for model_6
[2026-08-21 22:40:33.875 GPU_Scheduler_0] Admitted 1 requests for model_5
[2026-08-21 22:40:33.914 GPU_Scheduler_1] Admitted 1 requests for model_6
[2026-08-21 22:40:33.935 GPU_Scheduler_1] Admitted 1 requests for model_6
[2026-08-21 22:40:33.998 GPU_Scheduler_1] Admitted 1 requests for model_6
[2026-08-21 22:40:34.019 GPU_Scheduler_1] Admitted 1 requests for model_6
[2026-08-21 22:40:34.040 GPU_Scheduler_1] Admitted 1 requests for model_6
[2026-08-21 22:40:34.140 GPU_Scheduler_0] Admitted 1 requests for model_5
[2026-08-21 22:40:34.225 GPU_Scheduler_0] Admitted 1 requests for model_2
[2026-08-21 22:40:34.270 GPU_Scheduler_1] Admitted 1 requests for model_6
[2026-08-21 22:40:34.312 GPU_Scheduler_1] Admitted 1 requests for model_6
[2026-08-21 22:40:34.376 GPU_Scheduler_0] Admitted 1 requests for model_2
[2026-08-21 22:40:34.406 GPU_Scheduler_1] Admitted 1 requests for model_6
[2026-08-21 22:40:34.447 GPU_Scheduler_0] Admitted 1 requests for model_5
[2026-08-21 22:40:34.469 GPU_Scheduler_1] Admitted 1 requests for model_3
[2026-08-21 22:40:34.692 GPU_Scheduler_0] Admitted 1 requests for model_2
[2026-08-21 22:40:34.782 GPU_Scheduler_1] Admitted 1 requests for model_6
[2026-08-21 22:40:34.803 GPU_Scheduler_1] Admitted 1 requests for model_6
[2026-08-21 22:40:35.013 GPU_Scheduler_1] Admitted 1 requests for model_6
[2026-08-21 22:40:35.056 GPU_Scheduler_1] Admitted 1 requests for model_6
[2026-08-21 22:40:35.080 GPU_Scheduler_0] Admitted 1 requests for model_2
[2026-08-21 22:40:35.123 GPU_Scheduler_0] Admitted 1 requests for model_5
[2026-08-21 22:40:35.160 GPU_Scheduler_1] Admitted 1 requests for model_6
[2026-08-21 22:40:35.171 GPU_Scheduler_1] Admitted 1 requests for model_6
[2026-08-21 22:40:35.255 GPU_Scheduler_1] Admitted 1 requests for model_6
[2026-08-21 22:40:35.508 GPU_Scheduler_0] Admitted 1 requests for model_5
[2026-08-21 22:40:35.519 GPU_Scheduler_0] Admitted 1 requests for model_5
[2026-08-21 22:40:35.579 GPU_Scheduler_1] Admitted 1 requests for model_6
[2026-08-21 22:40:35.590 GPU_Scheduler_1] Admitted 1 requests for model_6
[2026-08-21 22:40:35.678 GPU_Scheduler_0] Admitted 1 requests for model_5
[2026-08-21 22:40:35.689 GPU_Scheduler_0] Admitted 1 requests for model_2
[2026-08-21 22:40:35.716 GPU_Scheduler_1] Admitted 1 requests for model_3
[2026-08-21 22:40:35.726 GPU_Scheduler_1] Admitted 1 requests for model_6
[2026-08-21 22:40:35.758 GPU_Scheduler_1] Admitted 1 requests for model_3
[2026-08-21 22:40:35.828 GPU_Scheduler_0] Admitted 1 requests for model_5
[2026-08-21 22:40:35.840 GPU_Scheduler_0] Admitted 1 requests for model_2
[2026-08-21 22:40:35.842 GPU_Scheduler_1] Admitted 1 requests for model_6
[2026-08-21 22:40:35.873 GPU_Scheduler_1] Admitted 1 requests for model_6
[2026-08-21 22:40:35.905 GPU_Scheduler_1] Admitted 1 requests for model_6
[2026-08-21 22:40:35.968 GPU_Scheduler_1] Admitted 1 requests for model_6
[2026-08-21 22:40:36.031 GPU_Scheduler_1] Admitted 1 requests for model_6
[2026-08-21 22:40:36.073 GPU_Scheduler_1] Admitted 1 requests for model_6
[2026-08-21 22:40:36.147 GPU_Scheduler_1] Admitted 1 requests for model_6
[2026-08-21 22:40:36.171 GPU_Scheduler_0] Admitted 1 requests for model_2
[2026-08-21 22:40:36.236 GPU_Scheduler_0] Admitted 1 requests for model_2
[2026-08-21 22:40:36.252 GPU_Scheduler_1] Admitted 1 requests for model_6
[2026-08-21 22:40:36.325 GPU_Scheduler_1] Admitted 1 requests for model_6
[2026-08-21 22:40:36.343 GPU_Scheduler_0] Admitted 1 requests for model_2
[2026-08-21 22:40:36.375 GPU_Scheduler_0] Admitted 1 requests for model_2
[2026-08-21 22:40:36.408 GPU_Scheduler_0] Admitted 1 requests for model_2
[2026-08-21 22:40:36.483 GPU_Scheduler_1] Admitted 1 requests for model_3
[2026-08-21 22:40:36.619 GPU_Scheduler_1] Admitted 1 requests for model_6
[2026-08-21 22:40:36.640 GPU_Scheduler_1] Admitted 1 requests for model_6
[2026-08-21 22:40:36.665 GPU_Scheduler_0] Admitted 1 requests for model_2
[2026-08-21 22:40:36.693 GPU_Scheduler_1] Admitted 1 requests for model_6
[2026-08-21 22:40:36.714 GPU_Scheduler_1] Admitted 1 requests for model_6
[2026-08-21 22:40:36.778 GPU_Scheduler_1] Admitted 1 requests for model_6
[2026-08-21 22:40:36.814 GPU_Scheduler_0] Admitted 1 requests for model_5
[2026-08-21 22:40:36.851 GPU_Scheduler_1] Admitted 1 requests for model_6
[2026-08-21 22:40:36.883 GPU_Scheduler_1] Admitted 1 requests for model_6
[2026-08-21 22:40:36.900 GPU_Scheduler_0] Admitted 1 requests for model_2
[2026-08-21 22:40:36.904 GPU_Scheduler_1] Admitted 1 requests for model_6
[2026-08-21 22:40:36.925 GPU_Scheduler_1] Admitted 1 requests for model_6
[2026-08-21 22:40:36.946 GPU_Scheduler_1] Admitted 1 requests for model_6
[2026-08-21 22:40:36.968 GPU_Scheduler_1] Admitted 1 requests for model_6
[2026-08-21 22:40:37.317 GPU_Scheduler_0] [V5-LOOP] {"iters": 465, "t_mem": 0.0062725418247282505, "t_redis": 0.2931935847736895, "t_admit": 0.004167069913819432, "t_send": 0.012134248856455088, "t_iter": 0.3157674453686923, "admitted": 37, "iter_max": 0.002370776142925024, "gpu_id": 0, "window_s": 5.003845930099487}
[2026-08-21 22:40:37.456 GPU_Scheduler_0] Admitted 1 requests for model_5
[2026-08-21 22:40:37.459 GPU_Scheduler_1] Admitted 3 requests for model_6
[2026-08-21 22:40:37.467 GPU_Scheduler_0] Admitted 1 requests for model_2
[2026-08-21 22:40:37.470 GPU_Scheduler_1] Admitted 1 requests for model_3
[2026-08-21 22:40:37.471 GPU_Scheduler_1] Admitted 3 requests for model_6
[2026-08-21 22:40:37.618 GPU_Scheduler_1] Admitted 1 requests for model_6
[2026-08-21 22:40:37.702 GPU_Scheduler_1] Admitted 1 requests for model_3
[2026-08-21 22:40:37.723 GPU_Scheduler_1] Admitted 1 requests for model_6
[2026-08-21 22:40:37.819 GPU_Scheduler_0] Admitted 1 requests for model_2
[2026-08-21 22:40:37.830 GPU_Scheduler_0] Admitted 1 requests for model_2
[2026-08-21 22:40:37.904 GPU_Scheduler_0] Admitted 1 requests for model_2
[2026-08-21 22:40:37.915 GPU_Scheduler_0] Admitted 1 requests for model_2
[2026-08-21 22:40:37.943 GPU_Scheduler_1] Admitted 2 requests for model_6
[2026-08-21 22:40:38.107 GPU_Scheduler_0] Admitted 1 requests for model_2
[2026-08-21 22:40:38.142 GPU_Scheduler_1] [V5-LOOP] {"iters": 477, "t_mem": 0.0066359154880046844, "t_redis": 0.16882494930177927, "t_admit": 0.004474128829315305, "t_send": 0.018401765730232, "t_iter": 0.19833675934933126, "admitted": 63, "iter_max": 0.001392369158565998, "gpu_id": 1, "window_s": 5.008647203445435}
[2026-08-21 22:40:38.183 GPU_Scheduler_1] Admitted 1 requests for model_3
[2026-08-21 22:40:38.194 GPU_Scheduler_1] Admitted 1 requests for model_3
[2026-08-21 22:40:38.205 GPU_Scheduler_1] Admitted 1 requests for model_6
[2026-08-21 22:40:38.247 GPU_Scheduler_1] Admitted 1 requests for model_6
[2026-08-21 22:40:38.279 GPU_Scheduler_1] Admitted 1 requests for model_3
[2026-08-21 22:40:38.331 GPU_Scheduler_0] Admitted 1 requests for model_2
[2026-08-21 22:40:38.456 GPU_Scheduler_1] Admitted 1 requests for model_6
[2026-08-21 22:40:38.459 GPU_Scheduler_0] Admitted 1 requests for model_5
[2026-08-21 22:40:38.592 GPU_Scheduler_1] Admitted 1 requests for model_6
[2026-08-21 22:40:38.715 GPU_Scheduler_0] Admitted 1 requests for model_5
[2026-08-21 22:40:38.739 GPU_Scheduler_1] Admitted 1 requests for model_6
[2026-08-21 22:40:38.748 GPU_Scheduler_0] Admitted 1 requests for model_5
[2026-08-21 22:40:38.781 GPU_Scheduler_1] Admitted 1 requests for model_6
[2026-08-21 22:40:38.791 GPU_Scheduler_0] Admitted 1 requests for model_2
[2026-08-21 22:40:38.823 GPU_Scheduler_0] Admitted 1 requests for model_2
[2026-08-21 22:40:38.834 GPU_Scheduler_0] Admitted 1 requests for model_5
[2026-08-21 22:40:38.854 GPU_Scheduler_1] Admitted 1 requests for model_6
[2026-08-21 22:40:38.856 GPU_Scheduler_0] Admitted 1 requests for model_5
[2026-08-21 22:40:38.928 GPU_Scheduler_1] Admitted 1 requests for model_3
[2026-08-21 22:40:38.959 GPU_Scheduler_1] Admitted 1 requests for model_6
[2026-08-21 22:40:38.974 GPU_Scheduler_0] Admitted 1 requests for model_1
[2026-08-21 22:40:38.991 GPU_Scheduler_1] Admitted 1 requests for model_6
[2026-08-21 22:40:39.071 GPU_Scheduler_0] Admitted 1 requests for model_1
[2026-08-21 22:40:39.096 GPU_Scheduler_1] Admitted 1 requests for model_3
[2026-08-21 22:40:39.117 GPU_Scheduler_1] Admitted 1 requests for model_6
[2026-08-21 22:40:39.201 GPU_Scheduler_1] Admitted 1 requests for model_6
[2026-08-21 22:40:39.212 GPU_Scheduler_1] Admitted 1 requests for model_6
[2026-08-21 22:40:39.307 GPU_Scheduler_1] Admitted 1 requests for model_3
[2026-08-21 22:40:39.307 GPU_Scheduler_1] Admitted 1 requests for model_6
[2026-08-21 22:40:39.338 GPU_Scheduler_1] Admitted 1 requests for model_6
[2026-08-21 22:40:39.370 GPU_Scheduler_1] Admitted 1 requests for model_3
[2026-08-21 22:40:39.423 GPU_Scheduler_1] Admitted 1 requests for model_6
[2026-08-21 22:40:39.438 GPU_Scheduler_0] Admitted 1 requests for model_5
[2026-08-21 22:40:39.454 GPU_Scheduler_1] Admitted 1 requests for model_6
[2026-08-21 22:40:39.486 GPU_Scheduler_1] Admitted 1 requests for model_6
[2026-08-21 22:40:39.496 GPU_Scheduler_1] Admitted 1 requests for model_6
[2026-08-21 22:40:39.591 GPU_Scheduler_0] Admitted 1 requests for model_2
[2026-08-21 22:40:39.622 GPU_Scheduler_1] Admitted 1 requests for model_6
[2026-08-21 22:40:39.633 GPU_Scheduler_1] Admitted 1 requests for model_6
[2026-08-21 22:40:39.667 GPU_Scheduler_0] Admitted 1 requests for model_2
[2026-08-21 22:40:39.700 GPU_Scheduler_0] Admitted 1 requests for model_5
[2026-08-21 22:40:39.852 GPU_Scheduler_0] Admitted 1 requests for model_5
[2026-08-21 22:40:39.915 GPU_Scheduler_1] Admitted 1 requests for model_3
[2026-08-21 22:40:39.957 GPU_Scheduler_1] Admitted 2 requests for model_6
[2026-08-21 22:40:39.968 GPU_Scheduler_1] Admitted 1 requests for model_6
[2026-08-21 22:40:39.999 GPU_Scheduler_1] Admitted 1 requests for model_6
[2026-08-21 22:40:40.010 GPU_Scheduler_1] Admitted 1 requests for model_6
[2026-08-21 22:40:40.035 GPU_Scheduler_0] Admitted 1 requests for model_5
[2026-08-21 22:40:40.073 GPU_Scheduler_1] Admitted 1 requests for model_6
[2026-08-21 22:40:40.167 GPU_Scheduler_1] Admitted 1 requests for model_6
[2026-08-21 22:40:40.251 GPU_Scheduler_1] Admitted 1 requests for model_6
[2026-08-21 22:40:40.314 GPU_Scheduler_1] Admitted 1 requests for model_6
[2026-08-21 22:40:40.378 GPU_Scheduler_1] Admitted 1 requests for model_6
[2026-08-21 22:40:40.483 GPU_Scheduler_1] Admitted 1 requests for model_6
[2026-08-21 22:40:40.525 GPU_Scheduler_1] Admitted 1 requests for model_6
[2026-08-21 22:40:40.620 GPU_Scheduler_1] Admitted 1 requests for model_6
[2026-08-21 22:40:40.631 GPU_Scheduler_1] Admitted 2 requests for model_6
[2026-08-21 22:40:40.642 GPU_Scheduler_1] Admitted 1 requests for model_6
[2026-08-21 22:40:40.652 GPU_Scheduler_1] Admitted 1 requests for model_6
[2026-08-21 22:40:40.680 GPU_Scheduler_0] Admitted 1 requests for model_2
[2026-08-21 22:40:40.734 GPU_Scheduler_0] Admitted 1 requests for model_5
[2026-08-21 22:40:40.820 GPU_Scheduler_0] Admitted 2 requests for model_2
[2026-08-21 22:40:40.882 GPU_Scheduler_1] Admitted 1 requests for model_6
[2026-08-21 22:40:40.903 GPU_Scheduler_1] Admitted 1 requests for model_6
[2026-08-21 22:40:40.961 GPU_Scheduler_0] Admitted 1 requests for model_2
[2026-08-21 22:40:41.069 GPU_Scheduler_0] Admitted 1 requests for model_2
[2026-08-21 22:40:41.186 GPU_Scheduler_1] Admitted 1 requests for model_6
[2026-08-21 22:40:41.458 GPU_Scheduler_1] Admitted 8 requests for model_6
[2026-08-21 22:40:41.532 GPU_Scheduler_0] Admitted 1 requests for model_5
[2026-08-21 22:40:41.543 GPU_Scheduler_1] Admitted 1 requests for model_3
[2026-08-21 22:40:41.608 GPU_Scheduler_0] Admitted 1 requests for model_5
[2026-08-21 22:40:41.641 GPU_Scheduler_0] Admitted 1 requests for model_2
[2026-08-21 22:40:41.875 GPU_Scheduler_0] Admitted 1 requests for model_2
[2026-08-21 22:40:41.897 GPU_Scheduler_1] Admitted 1 requests for model_6
[2026-08-21 22:40:41.950 GPU_Scheduler_1] Admitted 1 requests for model_6
[2026-08-21 22:40:41.953 GPU_Scheduler_0] Admitted 1 requests for model_5
[2026-08-21 22:40:42.044 GPU_Scheduler_1] Admitted 1 requests for model_6
[2026-08-21 22:40:42.081 GPU_Scheduler_0] Admitted 1 requests for model_5
[2026-08-21 22:40:42.117 GPU_Scheduler_1] Admitted 1 requests for model_6
[2026-08-21 22:40:42.128 GPU_Scheduler_0] Admitted 1 requests for model_5
[2026-08-21 22:40:42.243 GPU_Scheduler_1] Admitted 3 requests for model_6
[2026-08-21 22:40:42.325 GPU_Scheduler_0] [V5-LOOP] {"iters": 462, "t_mem": 0.006817325716838241, "t_redis": 0.3225046321749687, "t_admit": 0.005063999677076936, "t_send": 0.014551543397828937, "t_iter": 0.34893750096671283, "admitted": 36, "iter_max": 0.0023033160250633955, "gpu_id": 0, "window_s": 5.007807970046997}
[2026-08-21 22:40:42.429 GPU_Scheduler_0] Admitted 1 requests for model_5
[2026-08-21 22:40:42.546 GPU_Scheduler_1] Admitted 1 requests for model_6
[2026-08-21 22:40:42.837 GPU_Scheduler_0] Admitted 1 requests for model_5
[2026-08-21 22:40:42.861 GPU_Scheduler_0] Admitted 1 requests for model_2
[2026-08-21 22:40:42.921 GPU_Scheduler_1] Admitted 1 requests for model_6
[2026-08-21 22:40:42.977 GPU_Scheduler_0] Admitted 1 requests for model_5
[2026-08-21 22:40:43.088 GPU_Scheduler_1] Admitted 1 requests for model_6
[2026-08-21 22:40:43.151 GPU_Scheduler_1] [V5-LOOP] {"iters": 478, "t_mem": 0.0059714091476053, "t_redis": 0.1608553840778768, "t_admit": 0.004744205391034484, "t_send": 0.01965136732906103, "t_iter": 0.19122236594557762, "admitted": 67, "iter_max": 0.002078693825751543, "gpu_id": 1, "window_s": 5.009579420089722}
[2026-08-21 22:40:43.231 GPU_Scheduler_0] Admitted 1 requests for model_5
[2026-08-21 22:40:43.243 GPU_Scheduler_0] Admitted 1 requests for model_5
[2026-08-21 22:40:43.297 GPU_Scheduler_1] Admitted 1 requests for model_6
[2026-08-21 22:40:43.324 GPU_Scheduler_0] Admitted 1 requests for model_5
[2026-08-21 22:40:43.443 GPU_Scheduler_1] Admitted 1 requests for model_6
[2026-08-21 22:40:43.496 GPU_Scheduler_1] Admitted 2 requests for model_6
[2026-08-21 22:40:43.521 GPU_Scheduler_0] Admitted 1 requests for model_5
[2026-08-21 22:40:43.549 GPU_Scheduler_1] Admitted 1 requests for model_6
[2026-08-21 22:40:43.560 GPU_Scheduler_1] Admitted 1 requests for model_6
[2026-08-21 22:40:43.571 GPU_Scheduler_1] Admitted 1 requests for model_6
[2026-08-21 22:40:43.644 GPU_Scheduler_1] Admitted 1 requests for model_6
[2026-08-21 22:40:43.670 GPU_Scheduler_0] Admitted 1 requests for model_5
[2026-08-21 22:40:43.791 GPU_Scheduler_1] Admitted 1 requests for model_6
[2026-08-21 22:40:43.873 GPU_Scheduler_0] Admitted 1 requests for model_2
[2026-08-21 22:40:43.916 GPU_Scheduler_1] Admitted 1 requests for model_6
[2026-08-21 22:40:43.937 GPU_Scheduler_1] Admitted 1 requests for model_6
[2026-08-21 22:40:43.948 GPU_Scheduler_1] Admitted 1 requests for model_6
[2026-08-21 22:40:44.001 GPU_Scheduler_0] Admitted 1 requests for model_2
[2026-08-21 22:40:44.032 GPU_Scheduler_1] Admitted 1 requests for model_6
[2026-08-21 22:40:44.054 GPU_Scheduler_0] Admitted 1 requests for model_5
[2026-08-21 22:40:44.151 GPU_Scheduler_0] Admitted 1 requests for model_2
[2026-08-21 22:40:44.356 GPU_Scheduler_1] Admitted 1 requests for model_6
[2026-08-21 22:40:44.387 GPU_Scheduler_1] Admitted 1 requests for model_6
[2026-08-21 22:40:44.450 GPU_Scheduler_1] Admitted 1 requests for model_6
[2026-08-21 22:40:44.460 GPU_Scheduler_0] Admitted 1 requests for model_2
[2026-08-21 22:40:44.482 GPU_Scheduler_1] Admitted 1 requests for model_6
[2026-08-21 22:40:44.503 GPU_Scheduler_1] Admitted 1 requests for model_3
[2026-08-21 22:40:44.514 GPU_Scheduler_1] Admitted 1 requests for model_6
[2026-08-21 22:40:44.556 GPU_Scheduler_0] Admitted 1 requests for model_2
[2026-08-21 22:40:44.619 GPU_Scheduler_1] Admitted 1 requests for model_6
[2026-08-21 22:40:44.621 GPU_Scheduler_0] Admitted 1 requests for model_2
[2026-08-21 22:40:44.629 GPU_Scheduler_1] Admitted 1 requests for model_6
[2026-08-21 22:40:44.859 GPU_Scheduler_1] Admitted 1 requests for model_6
[2026-08-21 22:40:44.898 GPU_Scheduler_0] Admitted 1 requests for model_2
[2026-08-21 22:40:44.952 GPU_Scheduler_0] Admitted 1 requests for model_2
[2026-08-21 22:40:45.144 GPU_Scheduler_0] Admitted 1 requests for model_5
[2026-08-21 22:40:45.162 GPU_Scheduler_1] Admitted 1 requests for model_6
[2026-08-21 22:40:45.225 GPU_Scheduler_1] Admitted 1 requests for model_6
[2026-08-21 22:40:45.256 GPU_Scheduler_1] Admitted 1 requests for model_6
[2026-08-21 22:40:45.267 GPU_Scheduler_1] Admitted 1 requests for model_6
[2026-08-21 22:40:45.272 GPU_Scheduler_0] Admitted 1 requests for model_2
[2026-08-21 22:40:45.309 GPU_Scheduler_1] Admitted 1 requests for model_6
[2026-08-21 22:40:45.320 GPU_Scheduler_1] Admitted 1 requests for model_6
[2026-08-21 22:40:45.331 GPU_Scheduler_1] Admitted 1 requests for model_6
[2026-08-21 22:40:45.425 GPU_Scheduler_1] Admitted 1 requests for model_6
[2026-08-21 22:40:45.530 GPU_Scheduler_1] Admitted 1 requests for model_6
[2026-08-21 22:40:45.582 GPU_Scheduler_1] Admitted 1 requests for model_6
[2026-08-21 22:40:45.666 GPU_Scheduler_1] Admitted 1 requests for model_6
[2026-08-21 22:40:45.677 GPU_Scheduler_1] Admitted 1 requests for model_6
[2026-08-21 22:40:45.900 GPU_Scheduler_0] Admitted 1 requests for model_2
[2026-08-21 22:40:45.927 GPU_Scheduler_1] Admitted 1 requests for model_6
[2026-08-21 22:40:45.996 GPU_Scheduler_0] Admitted 1 requests for model_2
[2026-08-21 22:40:46.007 GPU_Scheduler_0] Admitted 1 requests for model_2
[2026-08-21 22:40:46.061 GPU_Scheduler_0] Admitted 1 requests for model_5
[2026-08-21 22:40:46.063 GPU_Scheduler_1] Admitted 1 requests for model_6
[2026-08-21 22:40:46.105 GPU_Scheduler_1] Admitted 1 requests for model_6
[2026-08-21 22:40:46.125 GPU_Scheduler_0] Admitted 1 requests for model_2
[2026-08-21 22:40:46.346 GPU_Scheduler_1] Admitted 1 requests for model_6
[2026-08-21 22:40:46.382 GPU_Scheduler_0] Admitted 1 requests for model_2
[2026-08-21 22:40:46.586 GPU_Scheduler_0] Admitted 2 requests for model_2
[2026-08-21 22:40:46.722 GPU_Scheduler_1] Admitted 1 requests for model_6
[2026-08-21 22:40:46.753 GPU_Scheduler_1] Admitted 1 requests for model_6
[2026-08-21 22:40:46.775 GPU_Scheduler_1] Admitted 1 requests for model_6
[2026-08-21 22:40:46.885 GPU_Scheduler_0] Admitted 1 requests for model_2
[2026-08-21 22:40:46.983 GPU_Scheduler_1] Admitted 1 requests for model_6
[2026-08-21 22:40:47.035 GPU_Scheduler_0] Admitted 1 requests for model_5
[2026-08-21 22:40:47.046 GPU_Scheduler_1] Admitted 1 requests for model_6
[2026-08-21 22:40:47.141 GPU_Scheduler_1] Admitted 1 requests for model_6
[2026-08-21 22:40:47.142 GPU_Scheduler_0] Admitted 1 requests for model_2
[2026-08-21 22:40:47.186 GPU_Scheduler_0] Admitted 1 requests for model_2
[2026-08-21 22:40:47.329 GPU_Scheduler_1] Admitted 1 requests for model_6
[2026-08-21 22:40:47.336 GPU_Scheduler_0] [V5-LOOP] {"iters": 461, "t_mem": 0.006570299854502082, "t_redis": 0.3374332382809371, "t_admit": 0.004447131650522351, "t_send": 0.013567670714110136, "t_iter": 0.36201834050007164, "admitted": 32, "iter_max": 0.0027515289839357138, "gpu_id": 0, "window_s": 5.010489225387573}
[2026-08-21 22:40:47.382 GPU_Scheduler_1] Admitted 1 requests for model_6
[2026-08-21 22:40:47.389 GPU_Scheduler_0] Admitted 1 requests for model_2
[2026-08-21 22:40:47.444 GPU_Scheduler_1] Admitted 1 requests for model_6
[2026-08-21 22:40:47.601 GPU_Scheduler_1] Admitted 1 requests for model_6
[2026-08-21 22:40:47.653 GPU_Scheduler_1] Admitted 1 requests for model_6
[2026-08-21 22:40:47.664 GPU_Scheduler_1] Admitted 1 requests for model_6
[2026-08-21 22:40:47.696 GPU_Scheduler_1] Admitted 1 requests for model_6
[2026-08-21 22:40:47.811 GPU_Scheduler_1] Admitted 2 requests for model_6
[2026-08-21 22:40:47.836 GPU_Scheduler_0] Admitted 1 requests for model_2
[2026-08-21 22:40:47.890 GPU_Scheduler_0] Admitted 1 requests for model_5
[2026-08-21 22:40:47.936 GPU_Scheduler_1] Admitted 1 requests for model_6
[2026-08-21 22:40:47.968 GPU_Scheduler_1] Admitted 1 requests for model_6
[2026-08-21 22:40:48.029 GPU_Scheduler_0] Admitted 1 requests for model_5
[2026-08-21 22:40:48.052 GPU_Scheduler_1] Admitted 1 requests for model_6
[2026-08-21 22:40:48.124 GPU_Scheduler_0] Admitted 1 requests for model_2
[2026-08-21 22:40:48.146 GPU_Scheduler_1] Admitted 1 requests for model_6
[2026-08-21 22:40:48.156 GPU_Scheduler_1] [V5-LOOP] {"iters": 478, "t_mem": 0.005927637219429016, "t_redis": 0.15791936311870813, "t_admit": 0.004559171153232455, "t_send": 0.017984735313802958, "t_iter": 0.18639090680517256, "admitted": 57, "iter_max": 0.0010957580525428057, "gpu_id": 1, "window_s": 5.005004405975342}
[2026-08-21 22:40:48.177 GPU_Scheduler_0] Admitted 1 requests for model_5
[2026-08-21 22:40:48.188 GPU_Scheduler_0] Admitted 1 requests for model_2
[2026-08-21 22:40:48.282 GPU_Scheduler_1] Admitted 1 requests for model_6
[2026-08-21 22:40:48.303 GPU_Scheduler_1] Admitted 1 requests for model_6
[2026-08-21 22:40:48.368 GPU_Scheduler_0] Admitted 1 requests for model_2
[2026-08-21 22:40:48.368 GPU_Scheduler_0] Admitted 1 requests for model_5
[2026-08-21 22:40:48.397 GPU_Scheduler_1] Admitted 1 requests for model_6
[2026-08-21 22:40:48.506 GPU_Scheduler_0] Admitted 1 requests for model_2
[2026-08-21 22:40:48.549 GPU_Scheduler_0] Admitted 1 requests for model_2
[2026-08-21 22:40:48.602 GPU_Scheduler_0] Admitted 1 requests for model_2
[2026-08-21 22:40:48.648 GPU_Scheduler_1] Admitted 1 requests for model_6
[2026-08-21 22:40:48.659 GPU_Scheduler_1] Admitted 1 requests for model_6
[2026-08-21 22:40:48.666 GPU_Scheduler_0] Admitted 1 requests for model_2
[2026-08-21 22:40:48.666 GPU_Scheduler_0] Admitted 1 requests for model_5
[2026-08-21 22:40:48.669 GPU_Scheduler_1] Admitted 1 requests for model_6
[2026-08-21 22:40:48.677 GPU_Scheduler_0] Admitted 1 requests for model_2
[2026-08-21 22:40:48.816 GPU_Scheduler_1] Admitted 1 requests for model_6
[2026-08-21 22:40:48.837 GPU_Scheduler_1] Admitted 1 requests for model_6
[2026-08-21 22:40:48.858 GPU_Scheduler_1] Admitted 1 requests for model_6
[2026-08-21 22:40:48.878 GPU_Scheduler_0] Admitted 1 requests for model_5
[2026-08-21 22:40:48.931 GPU_Scheduler_1] Admitted 1 requests for model_3
[2026-08-21 22:40:48.942 GPU_Scheduler_0] Admitted 1 requests for model_5
[2026-08-21 22:40:49.036 GPU_Scheduler_1] Admitted 1 requests for model_6
[2026-08-21 22:40:49.088 GPU_Scheduler_1] Admitted 1 requests for model_6
[2026-08-21 22:40:49.111 GPU_Scheduler_0] Admitted 1 requests for model_2
[2026-08-21 22:40:49.245 GPU_Scheduler_1] Admitted 1 requests for model_6
[2026-08-21 22:40:49.277 GPU_Scheduler_1] Admitted 1 requests for model_6
[2026-08-21 22:40:49.319 GPU_Scheduler_1] Admitted 1 requests for model_3
[2026-08-21 22:40:49.392 GPU_Scheduler_1] Admitted 1 requests for model_6
[2026-08-21 22:40:49.465 GPU_Scheduler_1] Admitted 1 requests for model_6
[2026-08-21 22:40:49.486 GPU_Scheduler_1] Admitted 1 requests for model_6
[2026-08-21 22:40:49.492 GPU_Scheduler_0] Admitted 1 requests for model_2
[2026-08-21 22:40:49.587 GPU_Scheduler_0] Admitted 1 requests for model_5
[2026-08-21 22:40:49.591 GPU_Scheduler_1] Admitted 1 requests for model_6
[2026-08-21 22:40:49.746 GPU_Scheduler_0] Admitted 1 requests for model_2
[2026-08-21 22:40:49.748 GPU_Scheduler_1] Admitted 1 requests for model_6
[2026-08-21 22:40:49.925 GPU_Scheduler_1] Admitted 1 requests for model_6
[2026-08-21 22:40:49.946 GPU_Scheduler_1] Admitted 1 requests for model_6
[2026-08-21 22:40:49.968 GPU_Scheduler_1] Admitted 1 requests for model_3
[2026-08-21 22:40:49.980 GPU_Scheduler_0] Admitted 1 requests for model_5
[2026-08-21 22:40:50.084 GPU_Scheduler_1] Admitted 1 requests for model_6
[2026-08-21 22:40:50.188 GPU_Scheduler_1] Admitted 1 requests for model_6
[2026-08-21 22:40:50.199 GPU_Scheduler_1] Admitted 1 requests for model_6
[2026-08-21 22:40:50.245 GPU_Scheduler_0] Admitted 1 requests for model_5
[2026-08-21 22:40:50.252 GPU_Scheduler_1] Admitted 1 requests for model_6
[2026-08-21 22:40:50.256 GPU_Scheduler_0] Admitted 1 requests for model_2
[2026-08-21 22:40:50.262 GPU_Scheduler_1] Admitted 1 requests for model_6
[2026-08-21 22:40:50.451 GPU_Scheduler_1] Admitted 2 requests for model_6
[2026-08-21 22:40:50.457 GPU_Scheduler_0] Admitted 1 requests for model_5
[2026-08-21 22:40:50.483 GPU_Scheduler_1] Admitted 1 requests for model_6
[2026-08-21 22:40:50.490 GPU_Scheduler_0] Admitted 1 requests for model_2
[2026-08-21 22:40:50.522 GPU_Scheduler_0] Admitted 1 requests for model_2
[2026-08-21 22:40:50.524 GPU_Scheduler_1] Admitted 1 requests for model_6
[2026-08-21 22:40:50.660 GPU_Scheduler_0] Admitted 1 requests for model_2
[2026-08-21 22:40:50.775 GPU_Scheduler_1] Admitted 1 requests for model_6
[2026-08-21 22:40:50.808 GPU_Scheduler_0] Admitted 1 requests for model_2
[2026-08-21 22:40:50.985 GPU_Scheduler_1] Admitted 1 requests for model_6
[2026-08-21 22:40:51.069 GPU_Scheduler_1] Admitted 1 requests for model_6
[2026-08-21 22:40:51.153 GPU_Scheduler_1] Admitted 1 requests for model_6
[2026-08-21 22:40:51.164 GPU_Scheduler_1] Admitted 1 requests for model_6
[2026-08-21 22:40:51.213 GPU_Scheduler_0] Admitted 1 requests for model_5
[2026-08-21 22:40:51.269 GPU_Scheduler_1] Admitted 1 requests for model_6
[2026-08-21 22:40:51.468 GPU_Scheduler_0] Admitted 1 requests for model_2
[2026-08-21 22:40:51.603 GPU_Scheduler_1] Admitted 1 requests for model_3
[2026-08-21 22:40:51.603 GPU_Scheduler_1] Admitted 1 requests for model_6
[2026-08-21 22:40:51.625 GPU_Scheduler_1] Admitted 1 requests for model_6
[2026-08-21 22:40:51.688 GPU_Scheduler_1] Admitted 2 requests for model_6
[2026-08-21 22:40:51.776 GPU_Scheduler_0] Admitted 1 requests for model_5
[2026-08-21 22:40:51.782 GPU_Scheduler_1] Admitted 1 requests for model_3
[2026-08-21 22:40:51.970 GPU_Scheduler_1] Admitted 1 requests for model_6
[2026-08-21 22:40:52.034 GPU_Scheduler_1] Admitted 1 requests for model_3
[2026-08-21 22:40:52.119 GPU_Scheduler_1] Admitted 1 requests for model_3
[2026-08-21 22:40:52.189 GPU_Scheduler_0] Admitted 1 requests for model_2
[2026-08-21 22:40:52.209 GPU_Scheduler_1] Admitted 1 requests for model_3
[2026-08-21 22:40:52.221 GPU_Scheduler_0] Admitted 1 requests for model_2
[2026-08-21 22:40:52.233 GPU_Scheduler_1] [PAPER-ALG2] {"rounds": 2131.0, "eligible": 2765.0, "selected": 2465.0, "deferred": 300.0, "late_dispatched": 292.0, "requeued": 8.0, "max_queue_len": 51, "rounds_with_deferral": 36.0, "selected_in_deferral_rounds": 117.0, "pathological_rounds": 4.0}
[2026-08-21 22:40:52.233 GPU_Scheduler_1] Admitted 1 requests for model_3
[2026-08-21 22:40:52.295 GPU_Scheduler_0] Admitted 1 requests for model_5
[2026-08-21 22:40:52.306 GPU_Scheduler_0] Admitted 1 requests for model_5
[2026-08-21 22:40:52.338 GPU_Scheduler_0] [V5-LOOP] {"iters": 471, "t_mem": 0.005630794679746032, "t_redis": 0.2346980394795537, "t_admit": 0.003793171141296625, "t_send": 0.010775426402688026, "t_iter": 0.2548974317032844, "admitted": 36, "iter_max": 0.001910222927108407, "gpu_id": 0, "window_s": 5.002768278121948}
[2026-08-21 22:40:52.345 GPU_Scheduler_1] Admitted 1 requests for model_3
[2026-08-21 22:40:52.367 GPU_Scheduler_1] Admitted 1 requests for model_6
[2026-08-21 22:40:52.371 GPU_Scheduler_0] Admitted 1 requests for model_5
[2026-08-21 22:40:52.473 GPU_Scheduler_1] Admitted 1 requests for model_3
[2026-08-21 22:40:52.555 GPU_Scheduler_0] Admitted 1 requests for model_5
[2026-08-21 22:40:52.643 GPU_Scheduler_0] Admitted 1 requests for model_2
[2026-08-21 22:40:52.816 GPU_Scheduler_1] Admitted 2 requests for model_3
[2026-08-21 22:40:52.904 GPU_Scheduler_0] Admitted 1 requests for model_5
[2026-08-21 22:40:52.934 GPU_Scheduler_1] Admitted 1 requests for model_3
[2026-08-21 22:40:53.056 GPU_Scheduler_0] Admitted 1 requests for model_5
[2026-08-21 22:40:53.109 GPU_Scheduler_1] Admitted 1 requests for model_3
[2026-08-21 22:40:53.163 GPU_Scheduler_1] [V5-LOOP] {"iters": 474, "t_mem": 0.006439098622649908, "t_redis": 0.19540341128595173, "t_admit": 0.005201971158385277, "t_send": 0.020825632149353623, "t_iter": 0.22787011321634054, "admitted": 56, "iter_max": 0.0021029540803283453, "gpu_id": 1, "window_s": 5.006615877151489}
[2026-08-21 22:40:53.175 GPU_Scheduler_1] Admitted 1 requests for model_3
[2026-08-21 22:40:53.317 GPU_Scheduler_1] Admitted 1 requests for model_3
[2026-08-21 22:40:53.359 GPU_Scheduler_0] Admitted 1 requests for model_2
[2026-08-21 22:40:53.392 GPU_Scheduler_0] Admitted 1 requests for model_2
[2026-08-21 22:40:53.470 GPU_Scheduler_1] Admitted 1 requests for model_3
[2026-08-21 22:40:53.678 GPU_Scheduler_1] Admitted 1 requests for model_3
[2026-08-21 22:40:53.821 GPU_Scheduler_1] Admitted 1 requests for model_6
[2026-08-21 22:40:53.852 GPU_Scheduler_1] Admitted 1 requests for model_3
[2026-08-21 22:40:53.863 GPU_Scheduler_0] Admitted 1 requests for model_5
[2026-08-21 22:40:54.186 GPU_Scheduler_1] Admitted 1 requests for model_3
[2026-08-21 22:40:54.218 GPU_Scheduler_1] Admitted 1 requests for model_3
[2026-08-21 22:40:54.228 GPU_Scheduler_1] Admitted 1 requests for model_3
[2026-08-21 22:40:54.248 GPU_Scheduler_0] Admitted 1 requests for model_5
[2026-08-21 22:40:54.250 GPU_Scheduler_1] Admitted 1 requests for model_3
[2026-08-21 22:40:54.397 GPU_Scheduler_1] Admitted 1 requests for model_3
[2026-08-21 22:40:54.449 GPU_Scheduler_1] Admitted 1 requests for model_3
[2026-08-21 22:40:54.544 GPU_Scheduler_1] Admitted 1 requests for model_3
[2026-08-21 22:40:54.691 GPU_Scheduler_1] Admitted 1 requests for model_3
[2026-08-21 22:40:54.702 GPU_Scheduler_0] Admitted 1 requests for model_5
[2026-08-21 22:40:54.868 GPU_Scheduler_1] Admitted 2 requests for model_3
[2026-08-21 22:40:54.982 GPU_Scheduler_0] Admitted 1 requests for model_5
[2026-08-21 22:40:55.018 GPU_Scheduler_0] Admitted 1 requests for model_2
[2026-08-21 22:40:55.112 GPU_Scheduler_0] Admitted 1 requests for model_5
[2026-08-21 22:40:55.130 GPU_Scheduler_1] Admitted 1 requests for model_3
[2026-08-21 22:40:55.240 GPU_Scheduler_0] Admitted 2 requests for model_5
[2026-08-21 22:40:55.625 GPU_Scheduler_0] Admitted 1 requests for model_5
[2026-08-21 22:40:55.663 GPU_Scheduler_1] Admitted 1 requests for model_6
[2026-08-21 22:40:55.726 GPU_Scheduler_1] Admitted 1 requests for model_3
[2026-08-21 22:40:55.841 GPU_Scheduler_1] Admitted 1 requests for model_3
[2026-08-21 22:40:55.858 GPU_Scheduler_0] Admitted 1 requests for model_2
[2026-08-21 22:40:55.873 GPU_Scheduler_1] Admitted 1 requests for model_3
[2026-08-21 22:40:55.894 GPU_Scheduler_1] Admitted 1 requests for model_3
[2026-08-21 22:40:55.947 GPU_Scheduler_1] Admitted 1 requests for model_3
[2026-08-21 22:40:55.978 GPU_Scheduler_1] Admitted 1 requests for model_6
[2026-08-21 22:40:55.999 GPU_Scheduler_1] Admitted 1 requests for model_3
[2026-08-21 22:40:56.009 GPU_Scheduler_0] Admitted 1 requests for model_2
[2026-08-21 22:40:56.041 GPU_Scheduler_1] Admitted 1 requests for model_3
[2026-08-21 22:40:56.052 GPU_Scheduler_1] Admitted 1 requests for model_3
[2026-08-21 22:40:56.094 GPU_Scheduler_1] Admitted 1 requests for model_3
[2026-08-21 22:40:56.126 GPU_Scheduler_1] Admitted 1 requests for model_3
[2026-08-21 22:40:56.179 GPU_Scheduler_1] Admitted 1 requests for model_6
[2026-08-21 22:40:56.220 GPU_Scheduler_0] Admitted 1 requests for model_5
[2026-08-21 22:40:56.242 GPU_Scheduler_1] Admitted 1 requests for model_3
[2026-08-21 22:40:56.377 GPU_Scheduler_1] Admitted 1 requests for model_6
[2026-08-21 22:40:56.419 GPU_Scheduler_1] Admitted 1 requests for model_3
[2026-08-21 22:40:56.451 GPU_Scheduler_0] Received activate request for model model_4
[2026-08-21 22:40:56.451 GPU_Scheduler_0] Received activate request for model_4, model_states: {'model_1': 'activated', 'model_2': 'activated', 'model_3': 'deactivated', 'model_4': 'activating', 'model_5': 'activated', 'model_6': 'deactivated'}
[2026-08-21 22:40:56.452 GPU_Scheduler_0] Assign worker 0 to model_4. Current model_to_worker: {'model_5': 1, 'model_1': 3, 'model_2': 2, 'model_4': 0}
[2026-08-21 22:40:56.456 GPU_Scheduler_0] Admitted 11 requests for model_4
[2026-08-21 22:40:56.462 GPU_Scheduler_1] Admitted 1 requests for model_6
[2026-08-21 22:40:56.639 GPU_Scheduler_1] Admitted 1 requests for model_3
[2026-08-21 22:40:56.790 GPU_Scheduler_0] Admitted 1 requests for model_5
[2026-08-21 22:40:56.900 GPU_Scheduler_1] Admitted 1 requests for model_3
[2026-08-21 22:40:56.924 GPU_Scheduler_0] Admitted 1 requests for model_5
[2026-08-21 22:40:56.994 GPU_Scheduler_1] Admitted 1 requests for model_3
[2026-08-21 22:40:56.998 GPU_Scheduler_0] Admitted 1 requests for model_5
[2026-08-21 22:40:57.059 GPU_Scheduler_0] Admitted 1 requests for model_2
[2026-08-21 22:40:57.141 GPU_Scheduler_1] Admitted 1 requests for model_3
[2026-08-21 22:40:57.245 GPU_Scheduler_1] Admitted 1 requests for model_3
[2026-08-21 22:40:57.328 GPU_Scheduler_0] Admitted 1 requests for model_5
[2026-08-21 22:40:57.339 GPU_Scheduler_1] Admitted 1 requests for model_3
[2026-08-21 22:40:57.340 GPU_Scheduler_0] [V5-LOOP] {"iters": 434, "t_mem": 0.009637429611757398, "t_redis": 0.5809477563016117, "t_admit": 0.006755125941708684, "t_send": 0.02146522351540625, "t_iter": 0.618805535370484, "admitted": 35, "iter_max": 0.008528057020157576, "gpu_id": 0, "window_s": 5.0009191036224365}
[2026-08-21 22:40:57.382 GPU_Scheduler_1] Admitted 1 requests for model_3
[2026-08-21 22:40:57.487 GPU_Scheduler_1] Admitted 1 requests for model_3
[2026-08-21 22:40:57.560 GPU_Scheduler_1] Admitted 1 requests for model_3
[2026-08-21 22:40:57.571 GPU_Scheduler_1] Admitted 1 requests for model_3
[2026-08-21 22:40:57.605 GPU_Scheduler_0] Admitted 1 requests for model_5
[2026-08-21 22:40:57.707 GPU_Scheduler_1] Admitted 1 requests for model_3
[2026-08-21 22:40:57.854 GPU_Scheduler_1] Admitted 1 requests for model_3
[2026-08-21 22:40:57.869 GPU_Scheduler_0] Admitted 1 requests for model_5
[2026-08-21 22:40:57.955 GPU_Scheduler_0] Admitted 1 requests for model_5
[2026-08-21 22:40:58.016 GPU_Scheduler_0] Admitted 1 requests for model_5
[2026-08-21 22:40:58.041 GPU_Scheduler_0] Admitted 1 requests for model_2
[2026-08-21 22:40:58.066 GPU_Scheduler_0] Admitted 1 requests for model_5
[2026-08-21 22:40:58.074 GPU_Scheduler_1] Admitted 1 requests for model_3
[2026-08-21 22:40:58.105 GPU_Scheduler_1] Admitted 1 requests for model_3
[2026-08-21 22:40:58.128 GPU_Scheduler_0] Admitted 1 requests for model_2
[2026-08-21 22:40:58.168 GPU_Scheduler_1] [V5-LOOP] {"iters": 475, "t_mem": 0.006308526964858174, "t_redis": 0.18927797256037593, "t_admit": 0.004714117851108313, "t_send": 0.01618663896806538, "t_iter": 0.2164872563444078, "admitted": 48, "iter_max": 0.0019548030104488134, "gpu_id": 1, "window_s": 5.005101680755615}
[2026-08-21 22:40:58.325 GPU_Scheduler_1] Admitted 2 requests for model_3
[2026-08-21 22:40:58.485 GPU_Scheduler_0] Admitted 1 requests for model_2
[2026-08-21 22:40:58.524 GPU_Scheduler_1] Admitted 1 requests for model_3
[2026-08-21 22:40:58.607 GPU_Scheduler_0] Admitted 1 requests for model_5
[2026-08-21 22:40:58.668 GPU_Scheduler_0] Admitted 2 requests for model_5
[2026-08-21 22:40:58.681 GPU_Scheduler_1] Admitted 1 requests for model_3
[2026-08-21 22:40:58.681 GPU_Scheduler_0] Admitted 1 requests for model_5
[2026-08-21 22:40:58.827 GPU_Scheduler_0] Admitted 1 requests for model_5
[2026-08-21 22:40:58.849 GPU_Scheduler_1] Admitted 1 requests for model_3
[2026-08-21 22:40:58.857 GPU_Scheduler_0] Model model_4 (instance 0) activation succeeded on GPU 0
[2026-08-21 22:40:58.864 GPU_Scheduler_0] Admitted 4 requests for model_4
[2026-08-21 22:40:58.959 GPU_Scheduler_1] Admitted 1 requests for model_3
[2026-08-21 22:40:58.960 GPU_Scheduler_0] Admitted 1 requests for model_5
[2026-08-21 22:40:58.993 GPU_Scheduler_1] Admitted 1 requests for model_3
[2026-08-21 22:40:59.064 GPU_Scheduler_1] Admitted 1 requests for model_3
[2026-08-21 22:40:59.204 GPU_Scheduler_0] Admitted 1 requests for model_4
[2026-08-21 22:40:59.234 GPU_Scheduler_1] Admitted 1 requests for model_3
[2026-08-21 22:40:59.356 GPU_Scheduler_1] Admitted 1 requests for model_6
[2026-08-21 22:40:59.377 GPU_Scheduler_0] Admitted 1 requests for model_5
[2026-08-21 22:40:59.489 GPU_Scheduler_0] Admitted 1 requests for model_5
[2026-08-21 22:40:59.629 GPU_Scheduler_0] Admitted 1 requests for model_5
[2026-08-21 22:40:59.682 GPU_Scheduler_1] Admitted 1 requests for model_3
[2026-08-21 22:40:59.786 GPU_Scheduler_0] Admitted 1 requests for model_4
[2026-08-21 22:40:59.908 GPU_Scheduler_1] Admitted 1 requests for model_3
[2026-08-21 22:40:59.921 GPU_Scheduler_0] Admitted 1 requests for model_5
[2026-08-21 22:40:59.930 GPU_Scheduler_1] Admitted 1 requests for model_3
[2026-08-21 22:40:59.955 GPU_Scheduler_0] Admitted 1 requests for model_4
[2026-08-21 22:40:59.955 GPU_Scheduler_0] Admitted 1 requests for model_5
[2026-08-21 22:40:59.963 GPU_Scheduler_1] Admitted 1 requests for model_3
[2026-08-21 22:40:59.988 GPU_Scheduler_1] Admitted 1 requests for model_3
[2026-08-21 22:41:00.075 GPU_Scheduler_1] Admitted 1 requests for model_3
[2026-08-21 22:41:00.097 GPU_Scheduler_1] Admitted 1 requests for model_3
[2026-08-21 22:41:00.183 GPU_Scheduler_1] Admitted 1 requests for model_3
[2026-08-21 22:41:00.201 GPU_Scheduler_0] Admitted 1 requests for model_2
[2026-08-21 22:41:00.235 GPU_Scheduler_0] Admitted 1 requests for model_2
[2026-08-21 22:41:00.281 GPU_Scheduler_1] Admitted 1 requests for model_3
[2026-08-21 22:41:00.357 GPU_Scheduler_1] Admitted 1 requests for model_3
[2026-08-21 22:41:00.381 GPU_Scheduler_0] Admitted 1 requests for model_4
[2026-08-21 22:41:00.389 GPU_Scheduler_1] Admitted 1 requests for model_3
[2026-08-21 22:41:00.428 GPU_Scheduler_0] Admitted 1 requests for model_2
[2026-08-21 22:41:00.693 GPU_Scheduler_0] Admitted 1 requests for model_4
[2026-08-21 22:41:00.762 GPU_Scheduler_0] Admitted 1 requests for model_4
[2026-08-21 22:41:00.775 GPU_Scheduler_1] Admitted 1 requests for model_3
[2026-08-21 22:41:00.819 GPU_Scheduler_1] Admitted 1 requests for model_3
[2026-08-21 22:41:00.898 GPU_Scheduler_0] Admitted 1 requests for model_5
[2026-08-21 22:41:00.953 GPU_Scheduler_0] Admitted 1 requests for model_4
[2026-08-21 22:41:00.964 GPU_Scheduler_0] Admitted 1 requests for model_5
[2026-08-21 22:41:01.024 GPU_Scheduler_1] Admitted 1 requests for model_6
[2026-08-21 22:41:01.050 GPU_Scheduler_0] Admitted 1 requests for model_4
[2026-08-21 22:41:01.061 GPU_Scheduler_0] Admitted 1 requests for model_5
[2026-08-21 22:41:01.067 GPU_Scheduler_1] Admitted 1 requests for model_6
[2026-08-21 22:41:01.122 GPU_Scheduler_1] Admitted 1 requests for model_3
[2026-08-21 22:41:01.144 GPU_Scheduler_1] Admitted 1 requests for model_3
[2026-08-21 22:41:01.155 GPU_Scheduler_1] Admitted 1 requests for model_3
[2026-08-21 22:41:01.211 GPU_Scheduler_1] Admitted 1 requests for model_3
[2026-08-21 22:41:01.222 GPU_Scheduler_0] Admitted 1 requests for model_5
[2026-08-21 22:41:01.288 GPU_Scheduler_0] Admitted 1 requests for model_2
[2026-08-21 22:41:01.458 GPU_Scheduler_1] Admitted 1 requests for model_3
[2026-08-21 22:41:01.581 GPU_Scheduler_0] Admitted 1 requests for model_2
[2026-08-21 22:41:01.617 GPU_Scheduler_0] Admitted 1 requests for model_5
[2026-08-21 22:41:01.620 GPU_Scheduler_1] Admitted 1 requests for model_3
[2026-08-21 22:41:01.685 GPU_Scheduler_1] Admitted 1 requests for model_3
[2026-08-21 22:41:01.707 GPU_Scheduler_0] Admitted 1 requests for model_4
[2026-08-21 22:41:01.771 GPU_Scheduler_1] Admitted 1 requests for model_3
[2026-08-21 22:41:01.898 GPU_Scheduler_1] Admitted 1 requests for model_3
[2026-08-21 22:41:01.945 GPU_Scheduler_0] Admitted 1 requests for model_5
[2026-08-21 22:41:02.037 GPU_Scheduler_1] Admitted 1 requests for model_3
[2026-08-21 22:41:02.088 GPU_Scheduler_0] Admitted 2 requests for model_4
[2026-08-21 22:41:02.101 GPU_Scheduler_0] Admitted 1 requests for model_5
[2026-08-21 22:41:02.175 GPU_Scheduler_1] Admitted 1 requests for model_3
[2026-08-21 22:41:02.187 GPU_Scheduler_0] Admitted 1 requests for model_4
[2026-08-21 22:41:02.212 GPU_Scheduler_0] Admitted 1 requests for model_4
[2026-08-21 22:41:02.218 GPU_Scheduler_1] Admitted 1 requests for model_3
[2026-08-21 22:41:02.282 GPU_Scheduler_1] Admitted 1 requests for model_3
[2026-08-21 22:41:02.336 GPU_Scheduler_1] Admitted 1 requests for model_3
[2026-08-21 22:41:02.342 GPU_Scheduler_0] [V5-LOOP] {"iters": 427, "t_mem": 0.009134234162047505, "t_redis": 0.6442240967880934, "t_admit": 0.008897626539692283, "t_send": 0.029326745541766286, "t_iter": 0.6915827030315995, "admitted": 48, "iter_max": 0.004530170001089573, "gpu_id": 0, "window_s": 5.002295017242432}
[2026-08-21 22:41:02.421 GPU_Scheduler_1] Admitted 1 requests for model_3
[2026-08-21 22:41:02.432 GPU_Scheduler_1] Admitted 1 requests for model_6
[2026-08-21 22:41:02.444 GPU_Scheduler_1] Admitted 1 requests for model_3
[2026-08-21 22:41:02.456 GPU_Scheduler_0] Admitted 1 requests for model_2
[2026-08-21 22:41:02.536 GPU_Scheduler_0] Admitted 1 requests for model_4
[2026-08-21 22:41:02.570 GPU_Scheduler_0] Admitted 1 requests for model_2
[2026-08-21 22:41:02.581 GPU_Scheduler_0] Admitted 1 requests for model_5
[2026-08-21 22:41:02.593 GPU_Scheduler_1] Admitted 1 requests for model_3
[2026-08-21 22:41:02.636 GPU_Scheduler_1] Admitted 1 requests for model_3
[2026-08-21 22:41:02.648 GPU_Scheduler_1] Admitted 1 requests for model_6
[2026-08-21 22:41:02.649 GPU_Scheduler_0] Admitted 1 requests for model_5
[2026-08-21 22:41:02.669 GPU_Scheduler_1] Admitted 1 requests for model_3
[2026-08-21 22:41:02.829 GPU_Scheduler_1] Admitted 1 requests for model_3
[2026-08-21 22:41:02.874 GPU_Scheduler_0] Admitted 1 requests for model_5
[2026-08-21 22:41:02.894 GPU_Scheduler_1] Admitted 1 requests for model_3
[2026-08-21 22:41:02.959 GPU_Scheduler_1] Admitted 1 requests for model_3
[2026-08-21 22:41:03.001 GPU_Scheduler_1] Admitted 1 requests for model_3
[2026-08-21 22:41:03.044 GPU_Scheduler_0] Admitted 1 requests for model_5
[2026-08-21 22:41:03.056 GPU_Scheduler_0] Admitted 1 requests for model_5
[2026-08-21 22:41:03.112 GPU_Scheduler_0] Admitted 1 requests for model_5
[2026-08-21 22:41:03.172 GPU_Scheduler_1] [V5-LOOP] {"iters": 462, "t_mem": 0.00802980037406087, "t_redis": 0.2981665632687509, "t_admit": 0.007179891923442483, "t_send": 0.027875577565282583, "t_iter": 0.34125183313153684, "admitted": 50, "iter_max": 0.0048248430248349905, "gpu_id": 1, "window_s": 5.002902030944824}
[2026-08-21 22:41:03.192 GPU_Scheduler_0] Admitted 1 requests for model_4
[2026-08-21 22:41:03.278 GPU_Scheduler_1] Admitted 1 requests for model_3
[2026-08-21 22:41:03.342 GPU_Scheduler_1] Admitted 1 requests for model_3
[2026-08-21 22:41:03.385 GPU_Scheduler_1] Admitted 1 requests for model_6
[2026-08-21 22:41:03.417 GPU_Scheduler_1] Admitted 1 requests for model_3
[2026-08-21 22:41:03.454 GPU_Scheduler_0] Admitted 1 requests for model_5
[2026-08-21 22:41:03.502 GPU_Scheduler_1] Admitted 1 requests for model_3
[2026-08-21 22:41:03.524 GPU_Scheduler_1] Admitted 1 requests for model_3
[2026-08-21 22:41:03.630 GPU_Scheduler_1] Admitted 1 requests for model_3
[2026-08-21 22:41:03.644 GPU_Scheduler_0] Admitted 1 requests for model_5
[2026-08-21 22:41:03.652 GPU_Scheduler_1] Admitted 1 requests for model_3
[2026-08-21 22:41:03.663 GPU_Scheduler_1] Admitted 1 requests for model_3
[2026-08-21 22:41:03.695 GPU_Scheduler_0] Admitted 1 requests for model_2
[2026-08-21 22:41:03.829 GPU_Scheduler_0] Admitted 1 requests for model_4
[2026-08-21 22:41:03.840 GPU_Scheduler_0] Admitted 1 requests for model_5
[2026-08-21 22:41:03.855 GPU_Scheduler_1] Admitted 1 requests for model_3
[2026-08-21 22:41:03.950 GPU_Scheduler_1] Admitted 1 requests for model_3
[2026-08-21 22:41:04.022 GPU_Scheduler_0] Admitted 1 requests for model_5
[2026-08-21 22:41:04.057 GPU_Scheduler_1] Admitted 1 requests for model_3
[2026-08-21 22:41:04.153 GPU_Scheduler_1] Admitted 2 requests for model_3
[2026-08-21 22:41:04.197 GPU_Scheduler_1] Admitted 1 requests for model_3
[2026-08-21 22:41:04.262 GPU_Scheduler_1] Admitted 1 requests for model_3
[2026-08-21 22:41:04.271 GPU_Scheduler_0] Admitted 1 requests for model_5
[2026-08-21 22:41:04.305 GPU_Scheduler_1] Admitted 1 requests for model_3
[2026-08-21 22:41:04.413 GPU_Scheduler_1] Admitted 2 requests for model_3
[2026-08-21 22:41:04.435 GPU_Scheduler_1] Admitted 1 requests for model_3
[2026-08-21 22:41:04.446 GPU_Scheduler_0] Admitted 1 requests for model_4
[2026-08-21 22:41:04.501 GPU_Scheduler_1] Admitted 1 requests for model_3
[2026-08-21 22:41:04.529 GPU_Scheduler_0] Admitted 1 requests for model_4
[2026-08-21 22:41:04.567 GPU_Scheduler_1] Admitted 1 requests for model_3
[2026-08-21 22:41:04.612 GPU_Scheduler_1] Admitted 1 requests for model_3
[2026-08-21 22:41:04.734 GPU_Scheduler_0] Admitted 1 requests for model_4
[2026-08-21 22:41:04.792 GPU_Scheduler_1] Admitted 1 requests for model_3
[2026-08-21 22:41:04.796 GPU_Scheduler_0] Admitted 1 requests for model_5
[2026-08-21 22:41:04.808 GPU_Scheduler_0] Admitted 1 requests for model_5
[2026-08-21 22:41:04.821 GPU_Scheduler_0] Admitted 1 requests for model_4
[2026-08-21 22:41:04.883 GPU_Scheduler_1] Admitted 1 requests for model_6
[2026-08-21 22:41:04.895 GPU_Scheduler_1] Admitted 1 requests for model_3
[2026-08-21 22:41:04.941 GPU_Scheduler_1] Admitted 1 requests for model_3
[2026-08-21 22:41:05.044 GPU_Scheduler_0] Admitted 1 requests for model_5
[2026-08-21 22:41:05.122 GPU_Scheduler_0] Admitted 1 requests for model_5
[2026-08-21 22:41:05.195 GPU_Scheduler_1] Admitted 1 requests for model_3
[2026-08-21 22:41:05.245 GPU_Scheduler_0] Admitted 1 requests for model_2
[2026-08-21 22:41:05.260 GPU_Scheduler_1] Admitted 1 requests for model_3
[2026-08-21 22:41:05.424 GPU_Scheduler_0] Admitted 1 requests for model_4
[2026-08-21 22:41:05.583 GPU_Scheduler_1] Admitted 1 requests for model_3
[2026-08-21 22:41:05.639 GPU_Scheduler_0] Admitted 1 requests for model_5
[2026-08-21 22:41:05.652 GPU_Scheduler_0] Admitted 2 requests for model_5
[2026-08-21 22:41:05.789 GPU_Scheduler_1] Admitted 1 requests for model_3
[2026-08-21 22:41:05.807 GPU_Scheduler_0] Admitted 1 requests for model_5
[2026-08-21 22:41:05.811 GPU_Scheduler_1] Admitted 1 requests for model_3
[2026-08-21 22:41:05.943 GPU_Scheduler_1] Admitted 1 requests for model_3
[2026-08-21 22:41:05.986 GPU_Scheduler_1] Admitted 1 requests for model_3
[2026-08-21 22:41:06.001 GPU_Scheduler_0] Admitted 1 requests for model_4
[2026-08-21 22:41:06.039 GPU_Scheduler_0] Admitted 1 requests for model_5
[2026-08-21 22:41:06.062 GPU_Scheduler_1] Admitted 1 requests for model_3
[2026-08-21 22:41:06.094 GPU_Scheduler_1] Admitted 1 requests for model_6
[2026-08-21 22:41:06.116 GPU_Scheduler_1] Admitted 1 requests for model_3
[2026-08-21 22:41:06.159 GPU_Scheduler_1] Admitted 1 requests for model_3
[2026-08-21 22:41:06.193 GPU_Scheduler_1] Admitted 1 requests for model_3
[2026-08-21 22:41:06.227 GPU_Scheduler_1] Admitted 1 requests for model_3
[2026-08-21 22:41:06.291 GPU_Scheduler_1] Admitted 1 requests for model_3
[2026-08-21 22:41:06.333 GPU_Scheduler_1] Admitted 1 requests for model_3
[2026-08-21 22:41:06.366 GPU_Scheduler_1] Admitted 1 requests for model_3
[2026-08-21 22:41:06.368 GPU_Scheduler_0] Admitted 1 requests for model_5
[2026-08-21 22:41:06.421 GPU_Scheduler_1] Admitted 1 requests for model_3
[2026-08-21 22:41:06.518 GPU_Scheduler_1] Admitted 1 requests for model_3
[2026-08-21 22:41:06.529 GPU_Scheduler_1] Admitted 1 requests for model_3
[2026-08-21 22:41:06.563 GPU_Scheduler_0] Admitted 2 requests for model_5
[2026-08-21 22:41:06.671 GPU_Scheduler_1] Admitted 1 requests for model_3
[2026-08-21 22:41:06.708 GPU_Scheduler_0] Admitted 1 requests for model_4
[2026-08-21 22:41:06.809 GPU_Scheduler_0] Admitted 1 requests for model_5
[2026-08-21 22:41:06.832 GPU_Scheduler_1] Admitted 1 requests for model_3
[2026-08-21 22:41:06.865 GPU_Scheduler_1] Admitted 1 requests for model_3
[2026-08-21 22:41:06.866 GPU_Scheduler_0] Admitted 1 requests for model_5
[2026-08-21 22:41:06.921 GPU_Scheduler_0] Admitted 1 requests for model_5
[2026-08-21 22:41:06.991 GPU_Scheduler_0] Admitted 1 requests for model_2
[2026-08-21 22:41:07.104 GPU_Scheduler_1] Admitted 1 requests for model_3
[2026-08-21 22:41:07.261 GPU_Scheduler_0] Admitted 1 requests for model_4
[2026-08-21 22:41:07.353 GPU_Scheduler_0] Admitted 1 requests for model_2
[2026-08-21 22:41:07.353 GPU_Scheduler_0] [V5-LOOP] {"iters": 429, "t_mem": 0.009045090526342392, "t_redis": 0.6381735887844115, "t_admit": 0.007277628406882286, "t_send": 0.025544908130541444, "t_iter": 0.6800412158481777, "admitted": 43, "iter_max": 0.0033740829676389694, "gpu_id": 0, "window_s": 5.0109593868255615}
[2026-08-21 22:41:07.481 GPU_Scheduler_1] Admitted 1 requests for model_3
[2026-08-21 22:41:07.504 GPU_Scheduler_1] Admitted 1 requests for model_3
[2026-08-21 22:41:07.556 GPU_Scheduler_0] Admitted 1 requests for model_5
[2026-08-21 22:41:07.615 GPU_Scheduler_1] Admitted 1 requests for model_3
[2026-08-21 22:41:07.627 GPU_Scheduler_0] Admitted 1 requests for model_4
[2026-08-21 22:41:07.649 GPU_Scheduler_1] Admitted 1 requests for model_3
[2026-08-21 22:41:07.682 GPU_Scheduler_1] Admitted 1 requests for model_3
[2026-08-21 22:41:07.747 GPU_Scheduler_1] Admitted 1 requests for model_3
[2026-08-21 22:41:07.770 GPU_Scheduler_1] Admitted 1 requests for model_6
[2026-08-21 22:41:07.792 GPU_Scheduler_1] Admitted 1 requests for model_3
[2026-08-21 22:41:07.804 GPU_Scheduler_1] Admitted 1 requests for model_3
[2026-08-21 22:41:07.817 GPU_Scheduler_0] Admitted 1 requests for model_4
[2026-08-21 22:41:07.892 GPU_Scheduler_1] Admitted 1 requests for model_3
[2026-08-21 22:41:07.969 GPU_Scheduler_1] Admitted 1 requests for model_3
[2026-08-21 22:41:07.980 GPU_Scheduler_1] Admitted 1 requests for model_3
[2026-08-21 22:41:07.985 GPU_Scheduler_0] Admitted 1 requests for model_5
[2026-08-21 22:41:07.992 GPU_Scheduler_1] Admitted 1 requests for model_3
[2026-08-21 22:41:08.019 GPU_Scheduler_0] Admitted 1 requests for model_4
[2026-08-21 22:41:08.057 GPU_Scheduler_1] Admitted 1 requests for model_6
[2026-08-21 22:41:08.069 GPU_Scheduler_1] Admitted 1 requests for model_3
[2026-08-21 22:41:08.087 GPU_Scheduler_0] Admitted 1 requests for model_5
[2026-08-21 22:41:08.110 GPU_Scheduler_0] Admitted 1 requests for model_5
[2026-08-21 22:41:08.177 GPU_Scheduler_1] [V5-LOOP] {"iters": 459, "t_mem": 0.009177023079246283, "t_redis": 0.3221283822786063, "t_admit": 0.0075531338807195425, "t_send": 0.033979345578700304, "t_iter": 0.3728378848172724, "admitted": 65, "iter_max": 0.002313056029379368, "gpu_id": 1, "window_s": 5.005364656448364}
[2026-08-21 22:41:08.232 GPU_Scheduler_1] Admitted 1 requests for model_3
[2026-08-21 22:41:08.275 GPU_Scheduler_1] Admitted 1 requests for model_3
[2026-08-21 22:41:08.288 GPU_Scheduler_0] Admitted 1 requests for model_4
[2026-08-21 22:41:08.391 GPU_Scheduler_0] Admitted 1 requests for model_5
[2026-08-21 22:41:08.403 GPU_Scheduler_0] Admitted 1 requests for model_2
[2026-08-21 22:41:08.504 GPU_Scheduler_0] Admitted 1 requests for model_4
[2026-08-21 22:41:08.605 GPU_Scheduler_0] Admitted 1 requests for model_2
[2026-08-21 22:41:08.605 GPU_Scheduler_0] Admitted 1 requests for model_5
[2026-08-21 22:41:08.784 GPU_Scheduler_0] Admitted 1 requests for model_5
[2026-08-21 22:41:08.792 GPU_Scheduler_1] Admitted 1 requests for model_3
[2026-08-21 22:41:08.853 GPU_Scheduler_0] Admitted 1 requests for model_5
[2026-08-21 22:41:08.867 GPU_Scheduler_1] Admitted 1 requests for model_3
[2026-08-21 22:41:08.921 GPU_Scheduler_0] Admitted 1 requests for model_5
[2026-08-21 22:41:09.055 GPU_Scheduler_0] Admitted 1 requests for model_5
[2026-08-21 22:41:09.086 GPU_Scheduler_1] Admitted 1 requests for model_3
[2026-08-21 22:41:09.121 GPU_Scheduler_0] Admitted 1 requests for model_2
[2026-08-21 22:41:09.199 GPU_Scheduler_0] Admitted 1 requests for model_2
[2026-08-21 22:41:09.232 GPU_Scheduler_0] Admitted 1 requests for model_4
[2026-08-21 22:41:09.243 GPU_Scheduler_0] Admitted 1 requests for model_5
[2026-08-21 22:41:09.263 GPU_Scheduler_1] Admitted 1 requests for model_6
[2026-08-21 22:41:09.332 GPU_Scheduler_1] Admitted 1 requests for model_3
[2026-08-21 22:41:09.433 GPU_Scheduler_1] Admitted 1 requests for model_6
[2026-08-21 22:41:09.467 GPU_Scheduler_1] Admitted 1 requests for model_3
[2026-08-21 22:41:09.558 GPU_Scheduler_0] Admitted 1 requests for model_4
[2026-08-21 22:41:09.568 GPU_Scheduler_1] Admitted 1 requests for model_3
[2026-08-21 22:41:09.623 GPU_Scheduler_0] Admitted 1 requests for model_4
[2026-08-21 22:41:09.699 GPU_Scheduler_1] Admitted 1 requests for model_3
[2026-08-21 22:41:09.699 GPU_Scheduler_0] Admitted 1 requests for model_5
[2026-08-21 22:41:09.732 GPU_Scheduler_0] Admitted 1 requests for model_5
[2026-08-21 22:41:09.743 GPU_Scheduler_0] Admitted 1 requests for model_4
[2026-08-21 22:41:09.776 GPU_Scheduler_0] Admitted 1 requests for model_5
[2026-08-21 22:41:09.851 GPU_Scheduler_0] Admitted 1 requests for model_5
[2026-08-21 22:41:09.939 GPU_Scheduler_0] Admitted 1 requests for model_2
[2026-08-21 22:41:10.015 GPU_Scheduler_0] Admitted 1 requests for model_2
[2026-08-21 22:41:10.017 GPU_Scheduler_1] Admitted 1 requests for model_3
[2026-08-21 22:41:10.061 GPU_Scheduler_1] Admitted 1 requests for model_3
[2026-08-21 22:41:10.097 GPU_Scheduler_0] Admitted 1 requests for model_2
[2026-08-21 22:41:10.125 GPU_Scheduler_1] Admitted 1 requests for model_3
[2026-08-21 22:41:10.187 GPU_Scheduler_0] Admitted 1 requests for model_5
[2026-08-21 22:41:10.299 GPU_Scheduler_0] Admitted 1 requests for model_2
[2026-08-21 22:41:10.367 GPU_Scheduler_0] Admitted 1 requests for model_2
[2026-08-21 22:41:10.389 GPU_Scheduler_0] Admitted 1 requests for model_2
[2026-08-21 22:41:10.401 GPU_Scheduler_1] Admitted 1 requests for model_3
[2026-08-21 22:41:10.412 GPU_Scheduler_1] Admitted 1 requests for model_3
[2026-08-21 22:41:10.507 GPU_Scheduler_1] Admitted 1 requests for model_3
[2026-08-21 22:41:10.523 GPU_Scheduler_0] Admitted 1 requests for model_4
[2026-08-21 22:41:10.571 GPU_Scheduler_0] Admitted 1 requests for model_5
[2026-08-21 22:41:10.602 GPU_Scheduler_1] Admitted 1 requests for model_3
[2026-08-21 22:41:10.604 GPU_Scheduler_0] Admitted 1 requests for model_4
[2026-08-21 22:41:10.680 GPU_Scheduler_0] Admitted 1 requests for model_2
[2026-08-21 22:41:10.697 GPU_Scheduler_1] Admitted 2 requests for model_3
[2026-08-21 22:41:10.708 GPU_Scheduler_1] Admitted 1 requests for model_3
[2026-08-21 22:41:10.719 GPU_Scheduler_1] Admitted 1 requests for model_3
[2026-08-21 22:41:10.724 GPU_Scheduler_0] Admitted 1 requests for model_4
[2026-08-21 22:41:10.740 GPU_Scheduler_1] Admitted 1 requests for model_3
[2026-08-21 22:41:10.757 GPU_Scheduler_0] Admitted 1 requests for model_4
[2026-08-21 22:41:10.793 GPU_Scheduler_1] Admitted 1 requests for model_3
[2026-08-21 22:41:10.804 GPU_Scheduler_1] Admitted 1 requests for model_3
[2026-08-21 22:41:10.920 GPU_Scheduler_1] Admitted 1 requests for model_6
[2026-08-21 22:41:10.943 GPU_Scheduler_0] Admitted 1 requests for model_4
[2026-08-21 22:41:10.976 GPU_Scheduler_0] Admitted 1 requests for model_4
[2026-08-21 22:41:11.004 GPU_Scheduler_1] Admitted 1 requests for model_3
[2026-08-21 22:41:11.030 GPU_Scheduler_0] Admitted 1 requests for model_5
[2026-08-21 22:41:11.041 GPU_Scheduler_0] Admitted 1 requests for model_5
[2026-08-21 22:41:11.052 GPU_Scheduler_0] Admitted 1 requests for model_2
[2026-08-21 22:41:11.088 GPU_Scheduler_1] Admitted 1 requests for model_3
[2026-08-21 22:41:11.185 GPU_Scheduler_1] Admitted 1 requests for model_3
[2026-08-21 22:41:11.293 GPU_Scheduler_0] Admitted 2 requests for model_4
[2026-08-21 22:41:11.423 GPU_Scheduler_0] Admitted 1 requests for model_5
[2026-08-21 22:41:11.441 GPU_Scheduler_1] Admitted 1 requests for model_3
[2026-08-21 22:41:11.446 GPU_Scheduler_0] Admitted 1 requests for model_5
[2026-08-21 22:41:11.538 GPU_Scheduler_1] Admitted 1 requests for model_3
[2026-08-21 22:41:11.544 GPU_Scheduler_0] Admitted 1 requests for model_2
[2026-08-21 22:41:11.603 GPU_Scheduler_1] Admitted 1 requests for model_3
[2026-08-21 22:41:11.646 GPU_Scheduler_1] Admitted 1 requests for model_6
[2026-08-21 22:41:11.653 GPU_Scheduler_0] Admitted 1 requests for model_5
[2026-08-21 22:41:11.711 GPU_Scheduler_1] Admitted 1 requests for model_3
[2026-08-21 22:41:11.729 GPU_Scheduler_0] Admitted 1 requests for model_4
[2026-08-21 22:41:11.740 GPU_Scheduler_0] Admitted 1 requests for model_4
[2026-08-21 22:41:11.752 GPU_Scheduler_0] Admitted 1 requests for model_4
[2026-08-21 22:41:11.754 GPU_Scheduler_1] Admitted 1 requests for model_3
[2026-08-21 22:41:11.787 GPU_Scheduler_1] Admitted 1 requests for model_6
[2026-08-21 22:41:11.948 GPU_Scheduler_0] Admitted 1 requests for model_2
[2026-08-21 22:41:11.959 GPU_Scheduler_1] Admitted 1 requests for model_3
[2026-08-21 22:41:12.045 GPU_Scheduler_0] Admitted 1 requests for model_4
[2026-08-21 22:41:12.078 GPU_Scheduler_0] Admitted 1 requests for model_4
[2026-08-21 22:41:12.334 GPU_Scheduler_1] Admitted 1 requests for model_3
[2026-08-21 22:41:12.356 GPU_Scheduler_1] Admitted 1 requests for model_3
[2026-08-21 22:41:12.358 GPU_Scheduler_0] [V5-LOOP] {"iters": 450, "t_mem": 0.0077296283561736345, "t_redis": 0.42570089804939926, "t_admit": 0.0062268555629998446, "t_send": 0.023710466222837567, "t_iter": 0.4633678481914103, "admitted": 58, "iter_max": 0.0029205891769379377, "gpu_id": 0, "window_s": 5.004362344741821}
[2026-08-21 22:41:12.517 GPU_Scheduler_1] Admitted 1 requests for model_3
[2026-08-21 22:41:12.568 GPU_Scheduler_0] Admitted 1 requests for model_5
[2026-08-21 22:41:12.617 GPU_Scheduler_0] Admitted 1 requests for model_5
[2026-08-21 22:41:12.718 GPU_Scheduler_1] Admitted 1 requests for model_3
[2026-08-21 22:41:12.773 GPU_Scheduler_0] Admitted 1 requests for model_4
[2026-08-21 22:41:12.774 GPU_Scheduler_1] Admitted 2 requests for model_3
[2026-08-21 22:41:12.807 GPU_Scheduler_0] Admitted 1 requests for model_5
[2026-08-21 22:41:12.913 GPU_Scheduler_1] Admitted 1 requests for model_3
[2026-08-21 22:41:12.920 GPU_Scheduler_0] Admitted 1 requests for model_4
[2026-08-21 22:41:12.925 GPU_Scheduler_1] Admitted 1 requests for model_3
[2026-08-21 22:41:12.978 GPU_Scheduler_1] Admitted 1 requests for model_3
[2026-08-21 22:41:12.989 GPU_Scheduler_1] Admitted 1 requests for model_3
[2026-08-21 22:41:13.044 GPU_Scheduler_0] Admitted 1 requests for model_5
[2026-08-21 22:41:13.079 GPU_Scheduler_0] Admitted 1 requests for model_2
[2026-08-21 22:41:13.182 GPU_Scheduler_1] [V5-LOOP] {"iters": 463, "t_mem": 0.00850970926694572, "t_redis": 0.29049559379927814, "t_admit": 0.007693828549236059, "t_send": 0.02609709487296641, "t_iter": 0.3327962264884263, "admitted": 47, "iter_max": 0.0025704270228743553, "gpu_id": 1, "window_s": 5.004175901412964}
[2026-08-21 22:41:13.193 GPU_Scheduler_1] Admitted 1 requests for model_3
[2026-08-21 22:41:13.247 GPU_Scheduler_1] Admitted 1 requests for model_3
[2026-08-21 22:41:13.279 GPU_Scheduler_1] Admitted 1 requests for model_3
[2026-08-21 22:41:13.345 GPU_Scheduler_1] Admitted 1 requests for model_3
[2026-08-21 22:41:13.492 GPU_Scheduler_0] Admitted 1 requests for model_4
[2026-08-21 22:41:13.549 GPU_Scheduler_1] Admitted 1 requests for model_3
[2026-08-21 22:41:13.732 GPU_Scheduler_1] Admitted 1 requests for model_3
[2026-08-21 22:41:13.733 GPU_Scheduler_1] Admitted 1 requests for model_6
[2026-08-21 22:41:13.753 GPU_Scheduler_0] Admitted 1 requests for model_5
[2026-08-21 22:41:13.777 GPU_Scheduler_1] [PAPER-ALG2] {"rounds": 2348.0, "eligible": 2990.0, "selected": 2690.0, "deferred": 300.0, "late_dispatched": 292.0, "requeued": 8.0, "max_queue_len": 51, "rounds_with_deferral": 36.0, "selected_in_deferral_rounds": 117.0, "pathological_rounds": 4.0}
[2026-08-21 22:41:13.777 GPU_Scheduler_1] Admitted 1 requests for model_3
[2026-08-21 22:41:13.789 GPU_Scheduler_1] Admitted 1 requests for model_3
[2026-08-21 22:41:13.862 GPU_Scheduler_0] Admitted 1 requests for model_5
[2026-08-21 22:41:13.889 GPU_Scheduler_1] Admitted 1 requests for model_3
[2026-08-21 22:41:13.905 GPU_Scheduler_0] Admitted 1 requests for model_5
[2026-08-21 22:41:13.912 GPU_Scheduler_1] Admitted 1 requests for model_3
[2026-08-21 22:41:14.024 GPU_Scheduler_0] Admitted 1 requests for model_4
[2026-08-21 22:41:14.064 GPU_Scheduler_1] Admitted 1 requests for model_6
[2026-08-21 22:41:14.089 GPU_Scheduler_0] Admitted 1 requests for model_2
[2026-08-21 22:41:14.109 GPU_Scheduler_1] Admitted 1 requests for model_3
[2026-08-21 22:41:14.141 GPU_Scheduler_1] Admitted 1 requests for model_3
[2026-08-21 22:41:14.196 GPU_Scheduler_1] Admitted 1 requests for model_3
[2026-08-21 22:41:14.219 GPU_Scheduler_0] Admitted 1 requests for model_5
[2026-08-21 22:41:14.228 GPU_Scheduler_1] Admitted 1 requests for model_3
[2026-08-21 22:41:14.329 GPU_Scheduler_0] Admitted 2 requests for model_5
[2026-08-21 22:41:14.416 GPU_Scheduler_0] Admitted 1 requests for model_4
[2026-08-21 22:41:14.449 GPU_Scheduler_0] Admitted 1 requests for model_2
[2026-08-21 22:41:14.449 GPU_Scheduler_0] Admitted 1 requests for model_5
[2026-08-21 22:41:14.482 GPU_Scheduler_0] Admitted 1 requests for model_5
[2026-08-21 22:41:14.496 GPU_Scheduler_1] Admitted 1 requests for model_3
[2026-08-21 22:41:14.722 GPU_Scheduler_1] Admitted 1 requests for model_3
[2026-08-21 22:41:14.833 GPU_Scheduler_0] Admitted 1 requests for model_4
[2026-08-21 22:41:14.887 GPU_Scheduler_0] Admitted 1 requests for model_5
[2026-08-21 22:41:14.911 GPU_Scheduler_1] Admitted 1 requests for model_6
[2026-08-21 22:41:14.920 GPU_Scheduler_0] Admitted 1 requests for model_4
[2026-08-21 22:41:15.145 GPU_Scheduler_0] Admitted 1 requests for model_2
[2026-08-21 22:41:15.157 GPU_Scheduler_0] Admitted 1 requests for model_2
[2026-08-21 22:41:15.157 GPU_Scheduler_0] Admitted 1 requests for model_5
[2026-08-21 22:41:15.179 GPU_Scheduler_1] Admitted 1 requests for model_3
[2026-08-21 22:41:15.200 GPU_Scheduler_0] Admitted 1 requests for model_2
[2026-08-21 22:41:15.275 GPU_Scheduler_0] Admitted 1 requests for model_4
[2026-08-21 22:41:15.374 GPU_Scheduler_1] Admitted 1 requests for model_3
[2026-08-21 22:41:15.492 GPU_Scheduler_1] Admitted 1 requests for model_3
[2026-08-21 22:41:15.525 GPU_Scheduler_1] Admitted 1 requests for model_6
[2026-08-21 22:41:15.536 GPU_Scheduler_1] Admitted 1 requests for model_3
[2026-08-21 22:41:15.558 GPU_Scheduler_1] Admitted 1 requests for model_6
[2026-08-21 22:41:15.611 GPU_Scheduler_1] Admitted 2 requests for model_3
[2026-08-21 22:41:15.655 GPU_Scheduler_1] Admitted 1 requests for model_6
[2026-08-21 22:41:15.719 GPU_Scheduler_1] Admitted 1 requests for model_3
[2026-08-21 22:41:15.741 GPU_Scheduler_1] Admitted 1 requests for model_6
[2026-08-21 22:41:15.744 GPU_Scheduler_0] Admitted 1 requests for model_2
[2026-08-21 22:41:15.752 GPU_Scheduler_1] Admitted 2 requests for model_3
[2026-08-21 22:41:15.818 GPU_Scheduler_0] Admitted 1 requests for model_2
[2026-08-21 22:41:15.901 GPU_Scheduler_1] Admitted 1 requests for model_6
[2026-08-21 22:41:16.029 GPU_Scheduler_1] Admitted 1 requests for model_3
[2026-08-21 22:41:16.167 GPU_Scheduler_1] Admitted 1 requests for model_3
[2026-08-21 22:41:16.221 GPU_Scheduler_1] Admitted 1 requests for model_3
[2026-08-21 22:41:16.253 GPU_Scheduler_1] Admitted 1 requests for model_6
[2026-08-21 22:41:16.377 GPU_Scheduler_0] Admitted 1 requests for model_4
[2026-08-21 22:41:16.477 GPU_Scheduler_1] Admitted 1 requests for model_3
[2026-08-21 22:41:16.594 GPU_Scheduler_1] Admitted 1 requests for model_6
[2026-08-21 22:41:16.624 GPU_Scheduler_0] Admitted 1 requests for model_2
[2026-08-21 22:41:16.626 GPU_Scheduler_1] Admitted 1 requests for model_3
[2026-08-21 22:41:16.680 GPU_Scheduler_1] Admitted 2 requests for model_3
[2026-08-21 22:41:16.786 GPU_Scheduler_1] Admitted 1 requests for model_3
[2026-08-21 22:41:16.808 GPU_Scheduler_1] Admitted 1 requests for model_3
[2026-08-21 22:41:16.883 GPU_Scheduler_1] Admitted 1 requests for model_3
[2026-08-21 22:41:16.906 GPU_Scheduler_0] Admitted 1 requests for model_4
[2026-08-21 22:41:16.951 GPU_Scheduler_0] Admitted 1 requests for model_5
[2026-08-21 22:41:16.994 GPU_Scheduler_0] Admitted 1 requests for model_4
[2026-08-21 22:41:17.038 GPU_Scheduler_0] Admitted 1 requests for model_5
[2026-08-21 22:41:17.070 GPU_Scheduler_0] Admitted 1 requests for model_2
[2026-08-21 22:41:17.086 GPU_Scheduler_1] Admitted 1 requests for model_3
[2026-08-21 22:41:17.103 GPU_Scheduler_0] Admitted 1 requests for model_5
[2026-08-21 22:41:17.161 GPU_Scheduler_1] Admitted 1 requests for model_3
[2026-08-21 22:41:17.179 GPU_Scheduler_0] Admitted 1 requests for model_4
[2026-08-21 22:41:17.265 GPU_Scheduler_0] Admitted 2 requests for model_4
[2026-08-21 22:41:17.348 GPU_Scheduler_1] Admitted 1 requests for model_3
[2026-08-21 22:41:17.361 GPU_Scheduler_0] [V5-LOOP] {"iters": 448, "t_mem": 0.007726548472419381, "t_redis": 0.45492871245369315, "t_admit": 0.005718651227653027, "t_send": 0.017226640367880464, "t_iter": 0.485600552521646, "admitted": 41, "iter_max": 0.0033764028921723366, "gpu_id": 0, "window_s": 5.003468990325928}
[2026-08-21 22:41:17.512 GPU_Scheduler_0] Admitted 1 requests for model_2
[2026-08-21 22:41:17.512 GPU_Scheduler_0] Admitted 1 requests for model_5
[2026-08-21 22:41:17.515 GPU_Scheduler_1] Admitted 1 requests for model_3
[2026-08-21 22:41:17.526 GPU_Scheduler_1] Admitted 1 requests for model_6
[2026-08-21 22:41:17.558 GPU_Scheduler_1] Admitted 1 requests for model_3
[2026-08-21 22:41:17.627 GPU_Scheduler_0] Admitted 1 requests for model_5
[2026-08-21 22:41:17.662 GPU_Scheduler_0] Admitted 1 requests for model_5
[2026-08-21 22:41:17.817 GPU_Scheduler_0] Admitted 1 requests for model_4
[2026-08-21 22:41:17.843 GPU_Scheduler_0] Admitted 1 requests for model_4
[2026-08-21 22:41:18.007 GPU_Scheduler_1] Admitted 1 requests for model_3
[2026-08-21 22:41:18.007 GPU_Scheduler_1] Admitted 1 requests for model_6
[2026-08-21 22:41:18.071 GPU_Scheduler_1] Admitted 1 requests for model_3
[2026-08-21 22:41:18.078 GPU_Scheduler_0] Admitted 1 requests for model_2
[2026-08-21 22:41:18.078 GPU_Scheduler_0] Admitted 1 requests for model_5
[2026-08-21 22:41:18.102 GPU_Scheduler_1] Admitted 1 requests for model_3
[2026-08-21 22:41:18.187 GPU_Scheduler_1] [V5-LOOP] {"iters": 463, "t_mem": 0.008245475823059678, "t_redis": 0.290135757997632, "t_admit": 0.007320758420974016, "t_send": 0.027969829738140106, "t_iter": 0.3336718219798058, "admitted": 55, "iter_max": 0.002274994971230626, "gpu_id": 1, "window_s": 5.005000591278076}
[2026-08-21 22:41:18.344 GPU_Scheduler_1] Admitted 1 requests for model_3
[2026-08-21 22:41:18.445 GPU_Scheduler_0] Admitted 1 requests for model_4
[2026-08-21 22:41:18.470 GPU_Scheduler_1] Admitted 1 requests for model_3
[2026-08-21 22:41:18.543 GPU_Scheduler_0] Admitted 1 requests for model_5
[2026-08-21 22:41:18.604 GPU_Scheduler_0] Admitted 1 requests for model_5
[2026-08-21 22:41:18.710 GPU_Scheduler_1] Admitted 1 requests for model_3
[2026-08-21 22:41:18.753 GPU_Scheduler_1] Admitted 1 requests for model_3
[2026-08-21 22:41:18.784 GPU_Scheduler_1] Admitted 1 requests for model_3
[2026-08-21 22:41:18.788 GPU_Scheduler_0] Admitted 1 requests for model_2
[2026-08-21 22:41:18.813 GPU_Scheduler_0] Admitted 1 requests for model_5
[2026-08-21 22:41:18.878 GPU_Scheduler_1] Admitted 1 requests for model_3
[2026-08-21 22:41:18.889 GPU_Scheduler_1] Admitted 1 requests for model_6
[2026-08-21 22:41:18.899 GPU_Scheduler_0] Admitted 1 requests for model_4
[2026-08-21 22:41:18.961 GPU_Scheduler_0] Admitted 1 requests for model_5
[2026-08-21 22:41:18.986 GPU_Scheduler_0] Admitted 1 requests for model_5
[2026-08-21 22:41:19.012 GPU_Scheduler_0] Admitted 1 requests for model_2
[2026-08-21 22:41:19.014 GPU_Scheduler_1] Admitted 1 requests for model_3
[2026-08-21 22:41:19.061 GPU_Scheduler_0] Admitted 1 requests for model_2
[2026-08-21 22:41:19.265 GPU_Scheduler_1] Admitted 1 requests for model_3
[2026-08-21 22:41:19.297 GPU_Scheduler_1] Admitted 1 requests for model_3
[2026-08-21 22:41:19.317 GPU_Scheduler_0] Admitted 1 requests for model_4
[2026-08-21 22:41:19.375 GPU_Scheduler_0] Admitted 1 requests for model_5
[2026-08-21 22:41:19.422 GPU_Scheduler_1] Admitted 1 requests for model_3
[2026-08-21 22:41:19.433 GPU_Scheduler_1] Admitted 1 requests for model_3
[2026-08-21 22:41:19.494 GPU_Scheduler_0] Admitted 1 requests for model_2
[2026-08-21 22:41:19.590 GPU_Scheduler_1] Admitted 1 requests for model_3
[2026-08-21 22:41:19.695 GPU_Scheduler_1] Admitted 1 requests for model_3
[2026-08-21 22:41:19.737 GPU_Scheduler_1] Admitted 1 requests for model_3
[2026-08-21 22:41:19.763 GPU_Scheduler_0] Admitted 1 requests for model_5
[2026-08-21 22:41:19.832 GPU_Scheduler_1] Admitted 1 requests for model_3
[2026-08-21 22:41:19.839 GPU_Scheduler_0] Admitted 1 requests for model_5
[2026-08-21 22:41:19.895 GPU_Scheduler_1] Admitted 1 requests for model_3
[2026-08-21 22:41:19.927 GPU_Scheduler_1] Admitted 1 requests for model_3
[2026-08-21 22:41:20.027 GPU_Scheduler_0] Admitted 1 requests for model_5
[2026-08-21 22:41:20.063 GPU_Scheduler_0] Admitted 1 requests for model_5
[2026-08-21 22:41:20.076 GPU_Scheduler_0] Admitted 1 requests for model_4
[2026-08-21 22:41:20.084 GPU_Scheduler_1] Admitted 1 requests for model_3
[2026-08-21 22:41:20.209 GPU_Scheduler_1] Admitted 1 requests for model_3
[2026-08-21 22:41:20.251 GPU_Scheduler_1] Admitted 1 requests for model_3
[2026-08-21 22:41:20.256 GPU_Scheduler_0] Admitted 1 requests for model_5
[2026-08-21 22:41:20.387 GPU_Scheduler_1] Admitted 1 requests for model_3
[2026-08-21 22:41:20.398 GPU_Scheduler_1] Admitted 1 requests for model_3
[2026-08-21 22:41:20.513 GPU_Scheduler_1] Admitted 2 requests for model_3
[2026-08-21 22:41:20.531 GPU_Scheduler_0] Admitted 1 requests for model_2
[2026-08-21 22:41:20.565 GPU_Scheduler_0] Admitted 1 requests for model_4
[2026-08-21 22:41:20.587 GPU_Scheduler_0] Admitted 1 requests for model_5
[2026-08-21 22:41:20.597 GPU_Scheduler_1] Admitted 1 requests for model_3
[2026-08-21 22:41:20.599 GPU_Scheduler_0] Admitted 1 requests for model_4
[2026-08-21 22:41:20.610 GPU_Scheduler_0] Admitted 1 requests for model_4
[2026-08-21 22:41:20.785 GPU_Scheduler_1] Admitted 2 requests for model_3
[2026-08-21 22:41:20.817 GPU_Scheduler_0] Admitted 1 requests for model_4
[2026-08-21 22:41:20.848 GPU_Scheduler_1] Admitted 1 requests for model_6
[2026-08-21 22:41:20.850 GPU_Scheduler_0] Admitted 1 requests for model_5
[2026-08-21 22:41:20.880 GPU_Scheduler_1] Admitted 1 requests for model_3
[2026-08-21 22:41:21.016 GPU_Scheduler_1] Admitted 1 requests for model_3
[2026-08-21 22:41:21.067 GPU_Scheduler_0] Admitted 1 requests for model_5
[2026-08-21 22:41:21.295 GPU_Scheduler_0] Admitted 1 requests for model_4
[2026-08-21 22:41:21.307 GPU_Scheduler_0] Admitted 1 requests for model_5
[2026-08-21 22:41:21.339 GPU_Scheduler_1] Admitted 1 requests for model_6
[2026-08-21 22:41:21.350 GPU_Scheduler_0] Admitted 1 requests for model_5
[2026-08-21 22:41:21.381 GPU_Scheduler_1] Admitted 1 requests for model_3
[2026-08-21 22:41:21.426 GPU_Scheduler_0] Admitted 1 requests for model_5
[2026-08-21 22:41:21.434 GPU_Scheduler_1] Admitted 1 requests for model_6
[2026-08-21 22:41:21.437 GPU_Scheduler_0] Admitted 1 requests for model_5
[2026-08-21 22:41:21.470 GPU_Scheduler_0] Admitted 1 requests for model_2
[2026-08-21 22:41:21.481 GPU_Scheduler_0] Admitted 1 requests for model_2
[2026-08-21 22:41:21.481 GPU_Scheduler_0] Admitted 1 requests for model_5
[2026-08-21 22:41:21.557 GPU_Scheduler_0] Admitted 1 requests for model_5
[2026-08-21 22:41:21.726 GPU_Scheduler_1] Admitted 1 requests for model_3
[2026-08-21 22:41:21.741 GPU_Scheduler_0] Admitted 1 requests for model_4
[2026-08-21 22:41:21.789 GPU_Scheduler_1] Admitted 1 requests for model_3
[2026-08-21 22:41:21.850 GPU_Scheduler_0] Admitted 1 requests for model_2
[2026-08-21 22:41:21.852 GPU_Scheduler_1] Admitted 1 requests for model_3
[2026-08-21 22:41:21.895 GPU_Scheduler_1] Admitted 1 requests for model_3
[2026-08-21 22:41:21.937 GPU_Scheduler_1] Admitted 1 requests for model_3
[2026-08-21 22:41:22.066 GPU_Scheduler_0] Admitted 1 requests for model_2
[2026-08-21 22:41:22.104 GPU_Scheduler_1] Admitted 1 requests for model_3
[2026-08-21 22:41:22.156 GPU_Scheduler_1] Admitted 1 requests for model_3
[2026-08-21 22:41:22.209 GPU_Scheduler_1] Admitted 1 requests for model_3
[2026-08-21 22:41:22.230 GPU_Scheduler_1] Admitted 2 requests for model_3
[2026-08-21 22:41:22.250 GPU_Scheduler_0] Admitted 1 requests for model_5
[2026-08-21 22:41:22.262 GPU_Scheduler_1] Admitted 1 requests for model_3
[2026-08-21 22:41:22.336 GPU_Scheduler_0] Admitted 1 requests for model_2
[2026-08-21 22:41:22.369 GPU_Scheduler_0] Admitted 1 requests for model_5
[2026-08-21 22:41:22.369 GPU_Scheduler_0] [V5-LOOP] {"iters": 439, "t_mem": 0.008126916829496622, "t_redis": 0.5400785484816879, "t_admit": 0.00627200142480433, "t_send": 0.02514942968264222, "t_iter": 0.5796268964186311, "admitted": 50, "iter_max": 0.0034767640754580498, "gpu_id": 0, "window_s": 5.007898569107056}
[2026-08-21 22:41:22.391 GPU_Scheduler_0] Admitted 1 requests for model_4
[2026-08-21 22:41:22.419 GPU_Scheduler_1] Admitted 1 requests for model_3
[2026-08-21 22:41:22.467 GPU_Scheduler_0] Admitted 1 requests for model_5
[2026-08-21 22:41:22.576 GPU_Scheduler_1] Admitted 1 requests for model_3
[2026-08-21 22:41:22.629 GPU_Scheduler_0] Admitted 1 requests for model_2
[2026-08-21 22:41:22.684 GPU_Scheduler_1] Admitted 1 requests for model_3
[2026-08-21 22:41:22.781 GPU_Scheduler_1] Admitted 1 requests for model_3
[2026-08-21 22:41:22.792 GPU_Scheduler_1] Admitted 1 requests for model_3
[2026-08-21 22:41:22.824 GPU_Scheduler_1] Admitted 1 requests for model_3
[2026-08-21 22:41:22.857 GPU_Scheduler_1] Admitted 1 requests for model_3
[2026-08-21 22:41:22.933 GPU_Scheduler_1] Admitted 1 requests for model_3
[2026-08-21 22:41:22.933 GPU_Scheduler_1] Admitted 1 requests for model_6
[2026-08-21 22:41:22.977 GPU_Scheduler_1] Admitted 1 requests for model_3
[2026-08-21 22:41:23.061 GPU_Scheduler_0] Admitted 1 requests for model_4
[2026-08-21 22:41:23.073 GPU_Scheduler_0] Admitted 1 requests for model_2
[2026-08-21 22:41:23.105 GPU_Scheduler_0] Admitted 1 requests for model_4
[2026-08-21 22:41:23.138 GPU_Scheduler_0] Admitted 1 requests for model_4
[2026-08-21 22:41:23.190 GPU_Scheduler_1] [V5-LOOP] {"iters": 475, "t_mem": 0.006496815476566553, "t_redis": 0.18326569930650294, "t_admit": 0.005211783107370138, "t_send": 0.019027516478672624, "t_iter": 0.21400181436911225, "admitted": 55, "iter_max": 0.0018963019829243422, "gpu_id": 1, "window_s": 5.002689361572266}
[2026-08-21 22:41:23.233 GPU_Scheduler_1] Admitted 1 requests for model_3
[2026-08-21 22:41:23.236 GPU_Scheduler_0] Admitted 1 requests for model_2
[2026-08-21 22:41:23.236 GPU_Scheduler_0] Admitted 1 requests for model_4
[2026-08-21 22:41:23.280 GPU_Scheduler_0] Admitted 1 requests for model_5
[2026-08-21 22:41:23.297 GPU_Scheduler_1] Admitted 1 requests for model_3
[2026-08-21 22:41:23.313 GPU_Scheduler_0] Admitted 1 requests for model_4
[2026-08-21 22:41:23.313 GPU_Scheduler_0] Admitted 1 requests for model_5
[2026-08-21 22:41:23.373 GPU_Scheduler_1] Admitted 1 requests for model_3
[2026-08-21 22:41:23.486 GPU_Scheduler_0] Admitted 1 requests for model_5
[2026-08-21 22:41:23.671 GPU_Scheduler_0] Admitted 2 requests for model_2
[2026-08-21 22:41:23.676 GPU_Scheduler_1] Admitted 1 requests for model_3
[2026-08-21 22:41:23.719 GPU_Scheduler_1] Admitted 1 requests for model_3
[2026-08-21 22:41:23.768 GPU_Scheduler_0] Admitted 1 requests for model_5
[2026-08-21 22:41:23.951 GPU_Scheduler_0] Admitted 1 requests for model_4
[2026-08-21 22:41:23.955 GPU_Scheduler_1] Admitted 1 requests for model_3
[2026-08-21 22:41:23.988 GPU_Scheduler_1] Admitted 1 requests for model_3
[2026-08-21 22:41:24.031 GPU_Scheduler_1] Admitted 1 requests for model_3
[2026-08-21 22:41:24.053 GPU_Scheduler_1] Admitted 1 requests for model_3
[2026-08-21 22:41:24.085 GPU_Scheduler_1] Admitted 1 requests for model_3
[2026-08-21 22:41:24.138 GPU_Scheduler_1] Admitted 1 requests for model_3
[2026-08-21 22:41:24.160 GPU_Scheduler_1] Admitted 1 requests for model_3
[2026-08-21 22:41:24.171 GPU_Scheduler_1] Admitted 1 requests for model_6
[2026-08-21 22:41:24.223 GPU_Scheduler_0] Admitted 1 requests for model_5
[2026-08-21 22:41:24.224 GPU_Scheduler_1] Admitted 1 requests for model_3
[2026-08-21 22:41:24.291 GPU_Scheduler_1] Admitted 2 requests for model_3
[2026-08-21 22:41:24.346 GPU_Scheduler_1] Admitted 1 requests for model_3
[2026-08-21 22:41:24.380 GPU_Scheduler_1] Admitted 1 requests for model_3
[2026-08-21 22:41:24.467 GPU_Scheduler_1] Admitted 2 requests for model_3
[2026-08-21 22:41:24.600 GPU_Scheduler_0] Admitted 1 requests for model_5
[2026-08-21 22:41:24.717 GPU_Scheduler_0] Admitted 1 requests for model_2
[2026-08-21 22:41:24.811 GPU_Scheduler_1] Admitted 1 requests for model_3
[2026-08-21 22:41:24.827 GPU_Scheduler_0] Admitted 1 requests for model_4
[2026-08-21 22:41:24.833 GPU_Scheduler_1] Admitted 1 requests for model_3
[2026-08-21 22:41:24.933 GPU_Scheduler_1] Admitted 1 requests for model_6
[2026-08-21 22:41:25.042 GPU_Scheduler_1] Admitted 1 requests for model_3
[2026-08-21 22:41:25.065 GPU_Scheduler_1] Admitted 1 requests for model_3
[2026-08-21 22:41:25.164 GPU_Scheduler_0] Admitted 1 requests for model_4
[2026-08-21 22:41:25.176 GPU_Scheduler_1] Admitted 1 requests for model_3
[2026-08-21 22:41:25.186 GPU_Scheduler_0] Admitted 1 requests for model_5
[2026-08-21 22:41:25.209 GPU_Scheduler_1] Admitted 1 requests for model_3
[2026-08-21 22:41:25.318 GPU_Scheduler_1] Admitted 1 requests for model_6
[2026-08-21 22:41:25.442 GPU_Scheduler_1] Admitted 1 requests for model_3
[2026-08-21 22:41:25.487 GPU_Scheduler_0] Admitted 1 requests for model_5
[2026-08-21 22:41:25.552 GPU_Scheduler_0] Admitted 1 requests for model_2
[2026-08-21 22:41:25.567 GPU_Scheduler_1] Admitted 1 requests for model_3
[2026-08-21 22:41:25.612 GPU_Scheduler_1] Admitted 1 requests for model_6
[2026-08-21 22:41:25.761 GPU_Scheduler_1] Admitted 1 requests for model_3
[2026-08-21 22:41:25.826 GPU_Scheduler_1] Admitted 1 requests for model_3
[2026-08-21 22:41:26.064 GPU_Scheduler_0] Admitted 1 requests for model_4
[2026-08-21 22:41:26.102 GPU_Scheduler_0] Admitted 1 requests for model_5
[2026-08-21 22:41:26.163 GPU_Scheduler_0] Admitted 1 requests for model_5
[2026-08-21 22:41:26.189 GPU_Scheduler_1] Admitted 1 requests for model_3
[2026-08-21 22:41:26.200 GPU_Scheduler_0] Admitted 1 requests for model_2
[2026-08-21 22:41:26.250 GPU_Scheduler_0] Admitted 1 requests for model_5
[2026-08-21 22:41:26.361 GPU_Scheduler_1] Admitted 1 requests for model_3
[2026-08-21 22:41:26.371 GPU_Scheduler_0] Admitted 1 requests for model_4
[2026-08-21 22:41:26.489 GPU_Scheduler_1] Admitted 1 requests for model_3
[2026-08-21 22:41:26.596 GPU_Scheduler_1] Admitted 1 requests for model_3
[2026-08-21 22:41:26.629 GPU_Scheduler_1] Admitted 1 requests for model_3
[2026-08-21 22:41:26.683 GPU_Scheduler_1] Admitted 1 requests for model_6
[2026-08-21 22:41:26.749 GPU_Scheduler_0] Admitted 1 requests for model_4
[2026-08-21 22:41:26.786 GPU_Scheduler_0] Admitted 1 requests for model_5
[2026-08-21 22:41:26.855 GPU_Scheduler_1] Admitted 1 requests for model_3
[2026-08-21 22:41:26.920 GPU_Scheduler_0] Admitted 1 requests for model_2
[2026-08-21 22:41:26.965 GPU_Scheduler_0] Admitted 1 requests for model_4
[2026-08-21 22:41:26.965 GPU_Scheduler_0] Admitted 1 requests for model_5
[2026-08-21 22:41:27.033 GPU_Scheduler_1] Admitted 1 requests for model_3
[2026-08-21 22:41:27.033 GPU_Scheduler_0] Admitted 1 requests for model_5
[2026-08-21 22:41:27.044 GPU_Scheduler_0] Admitted 1 requests for model_2
[2026-08-21 22:41:27.233 GPU_Scheduler_0] Admitted 1 requests for model_5
[2026-08-21 22:41:27.289 GPU_Scheduler_0] Admitted 1 requests for model_4
[2026-08-21 22:41:27.335 GPU_Scheduler_1] Admitted 1 requests for model_3
[2026-08-21 22:41:27.379 GPU_Scheduler_0] [V5-LOOP] {"iters": 445, "t_mem": 0.007743349066004157, "t_redis": 0.48877213755622506, "t_admit": 0.005635397741571069, "t_send": 0.01847446826286614, "t_iter": 0.5206253526266664, "admitted": 40, "iter_max": 0.0031954620499163866, "gpu_id": 0, "window_s": 5.009619235992432}
[2026-08-21 22:41:27.421 GPU_Scheduler_1] Admitted 1 requests for model_3
[2026-08-21 22:41:27.488 GPU_Scheduler_1] Admitted 1 requests for model_3
[2026-08-21 22:41:27.490 GPU_Scheduler_0] Admitted 1 requests for model_4
[2026-08-21 22:41:27.556 GPU_Scheduler_1] Admitted 1 requests for model_3
[2026-08-21 22:41:27.691 GPU_Scheduler_1] Admitted 1 requests for model_3
[2026-08-21 22:41:27.701 GPU_Scheduler_0] Admitted 1 requests for model_2
[2026-08-21 22:41:27.735 GPU_Scheduler_0] Admitted 1 requests for model_2
[2026-08-21 22:41:27.868 GPU_Scheduler_0] Admitted 1 requests for model_5
[2026-08-21 22:41:27.986 GPU_Scheduler_1] Admitted 1 requests for model_3
[2026-08-21 22:41:28.029 GPU_Scheduler_1] Admitted 1 requests for model_3
[2026-08-21 22:41:28.046 GPU_Scheduler_0] Admitted 1 requests for model_4
[2026-08-21 22:41:28.138 GPU_Scheduler_1] Admitted 1 requests for model_3
[2026-08-21 22:41:28.156 GPU_Scheduler_0] Admitted 1 requests for model_4
[2026-08-21 22:41:28.191 GPU_Scheduler_1] [V5-LOOP] {"iters": 459, "t_mem": 0.009037349838763475, "t_redis": 0.32698448770679533, "t_admit": 0.007422862108796835, "t_send": 0.026323664467781782, "t_iter": 0.3697683641221374, "admitted": 49, "iter_max": 0.002512887120246887, "gpu_id": 1, "window_s": 5.001364231109619}
[2026-08-21 22:41:28.255 GPU_Scheduler_1] Admitted 1 requests for model_3
[2026-08-21 22:41:28.277 GPU_Scheduler_1] Admitted 1 requests for model_6
[2026-08-21 22:41:28.290 GPU_Scheduler_0] Admitted 1 requests for model_5
[2026-08-21 22:41:28.320 GPU_Scheduler_1] Admitted 1 requests for model_3
[2026-08-21 22:41:28.363 GPU_Scheduler_1] Admitted 1 requests for model_3
[2026-08-21 22:41:28.396 GPU_Scheduler_1] Admitted 2 requests for model_3
[2026-08-21 22:41:28.577 GPU_Scheduler_1] Admitted 1 requests for model_3
[2026-08-21 22:41:28.588 GPU_Scheduler_1] Admitted 1 requests for model_3
[2026-08-21 22:41:28.653 GPU_Scheduler_0] Admitted 1 requests for model_4
[2026-08-21 22:41:28.721 GPU_Scheduler_0] Admitted 1 requests for model_4
[2026-08-21 22:41:28.930 GPU_Scheduler_0] Admitted 1 requests for model_4
[2026-08-21 22:41:29.018 GPU_Scheduler_0] Admitted 1 requests for model_4
[2026-08-21 22:41:29.138 GPU_Scheduler_0] Admitted 1 requests for model_4
[2026-08-21 22:41:29.156 GPU_Scheduler_1] Admitted 1 requests for model_3
[2026-08-21 22:41:29.261 GPU_Scheduler_1] Admitted 1 requests for model_3
[2026-08-21 22:41:29.335 GPU_Scheduler_1] Admitted 1 requests for model_3
[2026-08-21 22:41:29.387 GPU_Scheduler_1] Admitted 1 requests for model_3
[2026-08-21 22:41:29.412 GPU_Scheduler_0] Admitted 1 requests for model_2
[2026-08-21 22:41:29.435 GPU_Scheduler_0] Admitted 1 requests for model_4
[2026-08-21 22:41:29.450 GPU_Scheduler_1] Admitted 2 requests for model_3
[2026-08-21 22:41:29.461 GPU_Scheduler_1] Admitted 1 requests for model_3
[2026-08-21 22:41:29.513 GPU_Scheduler_1] Admitted 1 requests for model_3
[2026-08-21 22:41:29.657 GPU_Scheduler_0] Admitted 1 requests for model_5
[2026-08-21 22:41:29.671 GPU_Scheduler_1] Admitted 1 requests for model_3
[2026-08-21 22:41:29.701 GPU_Scheduler_0] Admitted 1 requests for model_5
[2026-08-21 22:41:29.733 GPU_Scheduler_1] Admitted 1 requests for model_3
[2026-08-21 22:41:29.744 GPU_Scheduler_1] Admitted 1 requests for model_3
[2026-08-21 22:41:29.779 GPU_Scheduler_0] Admitted 1 requests for model_5
[2026-08-21 22:41:29.870 GPU_Scheduler_1] Admitted 1 requests for model_3
[2026-08-21 22:41:29.903 GPU_Scheduler_0] Admitted 1 requests for model_2
[2026-08-21 22:41:29.964 GPU_Scheduler_1] Admitted 1 requests for model_6
[2026-08-21 22:41:29.993 GPU_Scheduler_0] Admitted 1 requests for model_4
[2026-08-21 22:41:30.005 GPU_Scheduler_0] Admitted 1 requests for model_2
[2026-08-21 22:41:30.048 GPU_Scheduler_1] Admitted 1 requests for model_3
[2026-08-21 22:41:30.064 GPU_Scheduler_0] Admitted 1 requests for model_4
[2026-08-21 22:41:30.239 GPU_Scheduler_0] Admitted 1 requests for model_2
[2026-08-21 22:41:30.257 GPU_Scheduler_1] Admitted 1 requests for model_3
[2026-08-21 22:41:30.320 GPU_Scheduler_1] Admitted 1 requests for model_3
[2026-08-21 22:41:30.457 GPU_Scheduler_1] Admitted 1 requests for model_3
[2026-08-21 22:41:30.520 GPU_Scheduler_1] Admitted 1 requests for model_3
[2026-08-21 22:41:30.611 GPU_Scheduler_0] Admitted 1 requests for model_4
[2026-08-21 22:41:30.612 GPU_Scheduler_0] Admitted 1 requests for model_5
[2026-08-21 22:41:30.677 GPU_Scheduler_1] Admitted 1 requests for model_3
[2026-08-21 22:41:30.834 GPU_Scheduler_0] Admitted 1 requests for model_5
[2026-08-21 22:41:30.928 GPU_Scheduler_1] Admitted 1 requests for model_6
[2026-08-21 22:41:30.957 GPU_Scheduler_0] Admitted 1 requests for model_2
[2026-08-21 22:41:30.959 GPU_Scheduler_1] Admitted 1 requests for model_3
[2026-08-21 22:41:31.085 GPU_Scheduler_1] Admitted 1 requests for model_3
[2026-08-21 22:41:31.103 GPU_Scheduler_0] Admitted 1 requests for model_5
[2026-08-21 22:41:31.148 GPU_Scheduler_1] Admitted 1 requests for model_3
[2026-08-21 22:41:31.169 GPU_Scheduler_1] Admitted 1 requests for model_3
[2026-08-21 22:41:31.201 GPU_Scheduler_1] Admitted 1 requests for model_3
[2026-08-21 22:41:31.211 GPU_Scheduler_1] Admitted 2 requests for model_3
[2026-08-21 22:41:31.233 GPU_Scheduler_1] Admitted 1 requests for model_3
[2026-08-21 22:41:31.338 GPU_Scheduler_1] Admitted 1 requests for model_3
[2026-08-21 22:41:31.484 GPU_Scheduler_1] Admitted 1 requests for model_3
[2026-08-21 22:41:31.515 GPU_Scheduler_1] Admitted 1 requests for model_3
[2026-08-21 22:41:31.524 GPU_Scheduler_0] Admitted 1 requests for model_4
[2026-08-21 22:41:31.547 GPU_Scheduler_1] Admitted 2 requests for model_3
[2026-08-21 22:41:31.579 GPU_Scheduler_1] Admitted 2 requests for model_3
[2026-08-21 22:41:31.600 GPU_Scheduler_1] Admitted 1 requests for model_3
[2026-08-21 22:41:31.608 GPU_Scheduler_0] Admitted 1 requests for model_5
[2026-08-21 22:41:31.643 GPU_Scheduler_0] Admitted 1 requests for model_5
[2026-08-21 22:41:31.757 GPU_Scheduler_1] Admitted 1 requests for model_3
[2026-08-21 22:41:31.826 GPU_Scheduler_0] Admitted 1 requests for model_5
[2026-08-21 22:41:31.841 GPU_Scheduler_1] Admitted 1 requests for model_3
[2026-08-21 22:41:31.863 GPU_Scheduler_0] Admitted 1 requests for model_5
[2026-08-21 22:41:32.026 GPU_Scheduler_0] Admitted 1 requests for model_2
[2026-08-21 22:41:32.060 GPU_Scheduler_0] Admitted 1 requests for model_2
[2026-08-21 22:41:32.105 GPU_Scheduler_0] Admitted 1 requests for model_2
[2026-08-21 22:41:32.128 GPU_Scheduler_0] Admitted 1 requests for model_4
[2026-08-21 22:41:32.137 GPU_Scheduler_0] Received deactivate request for model model_1
[2026-08-21 22:41:32.137 GPU_Scheduler_0] Received deactivate request for model_1, model_states: {'model_1': 'deactivating', 'model_2': 'activated', 'model_3': 'deactivated', 'model_4': 'activated', 'model_5': 'activated', 'model_6': 'deactivated'}
[2026-08-21 22:41:32.137 GPU_Scheduler_0] Release worker 3 from model model_1. Current model_to_worker: {'model_5': 1, 'model_2': 2, 'model_4': 0}
[2026-08-21 22:41:32.146 GPU_Scheduler_1] Admitted 1 requests for model_6
[2026-08-21 22:41:32.173 GPU_Scheduler_0] Admitted 1 requests for model_4
[2026-08-21 22:41:32.185 GPU_Scheduler_0] Admitted 1 requests for model_2
[2026-08-21 22:41:32.208 GPU_Scheduler_0] Admitted 1 requests for model_4
[2026-08-21 22:41:32.231 GPU_Scheduler_1] Admitted 1 requests for model_3
[2026-08-21 22:41:32.309 GPU_Scheduler_0] Admitted 1 requests for model_2
[2026-08-21 22:41:32.337 GPU_Scheduler_1] Admitted 1 requests for model_3
[2026-08-21 22:41:32.358 GPU_Scheduler_1] Admitted 1 requests for model_3
[2026-08-21 22:41:32.389 GPU_Scheduler_0] [V5-LOOP] {"iters": 438, "t_mem": 0.008181295124813914, "t_redis": 0.5554216618184, "t_admit": 0.005924455588683486, "t_send": 0.02052963082678616, "t_iter": 0.5900570433586836, "admitted": 40, "iter_max": 0.00291326898150146, "gpu_id": 0, "window_s": 5.0093865394592285}
[2026-08-21 22:41:32.484 GPU_Scheduler_1] Admitted 1 requests for model_3
[2026-08-21 22:41:32.505 GPU_Scheduler_1] Admitted 1 requests for model_3
[2026-08-21 22:41:32.523 GPU_Scheduler_0] Admitted 1 requests for model_5
[2026-08-21 22:41:32.757 GPU_Scheduler_1] Admitted 1 requests for model_3
[2026-08-21 22:41:32.851 GPU_Scheduler_1] Admitted 1 requests for model_3
[2026-08-21 22:41:32.894 GPU_Scheduler_0] Admitted 1 requests for model_4
[2026-08-21 22:41:32.925 GPU_Scheduler_1] Admitted 1 requests for model_3
[2026-08-21 22:41:32.978 GPU_Scheduler_1] Admitted 1 requests for model_3
[2026-08-21 22:41:32.983 GPU_Scheduler_0] Admitted 1 requests for model_4
[2026-08-21 22:41:33.023 GPU_Scheduler_0] Model model_1 (instance 0) deactivation succeeded on GPU 0
[2026-08-21 22:41:33.037 GPU_Scheduler_0] Admitted 1 requests for model_5
[2026-08-21 22:41:33.177 GPU_Scheduler_1] Admitted 1 requests for model_6
[2026-08-21 22:41:33.198 GPU_Scheduler_1] [V5-LOOP] {"iters": 473, "t_mem": 0.006881295470520854, "t_redis": 0.20641150488518178, "t_admit": 0.005257667042315006, "t_send": 0.019103766651824117, "t_iter": 0.23765423404984176, "admitted": 57, "iter_max": 0.0013047689571976662, "gpu_id": 1, "window_s": 5.00647497177124}
[2026-08-21 22:41:33.282 GPU_Scheduler_1] Admitted 1 requests for model_6
[2026-08-21 22:41:33.334 GPU_Scheduler_0] Admitted 1 requests for model_5
[2026-08-21 22:41:33.387 GPU_Scheduler_1] Admitted 1 requests for model_3
[2026-08-21 22:41:33.419 GPU_Scheduler_1] Admitted 1 requests for model_6
[2026-08-21 22:41:33.420 GPU_Scheduler_0] Admitted 1 requests for model_2
[2026-08-21 22:41:33.420 GPU_Scheduler_0] Admitted 1 requests for model_5
[2026-08-21 22:41:33.587 GPU_Scheduler_1] Admitted 1 requests for model_3
[2026-08-21 22:41:33.744 GPU_Scheduler_1] Admitted 1 requests for model_3
[2026-08-21 22:41:33.787 GPU_Scheduler_1] Admitted 1 requests for model_3
[2026-08-21 22:41:33.801 GPU_Scheduler_0] Admitted 1 requests for model_5
[2026-08-21 22:41:33.893 GPU_Scheduler_0] Admitted 1 requests for model_4
[2026-08-21 22:41:33.955 GPU_Scheduler_1] Admitted 2 requests for model_3
[2026-08-21 22:41:34.008 GPU_Scheduler_1] Admitted 1 requests for model_3
[2026-08-21 22:41:34.017 GPU_Scheduler_0] Admitted 1 requests for model_2
[2026-08-21 22:41:34.098 GPU_Scheduler_0] Admitted 1 requests for model_5
[2026-08-21 22:41:34.208 GPU_Scheduler_1] Admitted 1 requests for model_3
[2026-08-21 22:41:34.240 GPU_Scheduler_1] Admitted 1 requests for model_3
[2026-08-21 22:41:34.345 GPU_Scheduler_1] Admitted 1 requests for model_3
[2026-08-21 22:41:34.354 GPU_Scheduler_0] Admitted 1 requests for model_5
[2026-08-21 22:41:34.482 GPU_Scheduler_0] Admitted 1 requests for model_4
[2026-08-21 22:41:34.502 GPU_Scheduler_1] Admitted 1 requests for model_3
[2026-08-21 22:41:34.544 GPU_Scheduler_1] Admitted 1 requests for model_3
[2026-08-21 22:41:34.611 GPU_Scheduler_0] Admitted 1 requests for model_4
[2026-08-21 22:41:34.618 GPU_Scheduler_1] Admitted 1 requests for model_3
[2026-08-21 22:41:34.682 GPU_Scheduler_0] Admitted 1 requests for model_5
[2026-08-21 22:41:34.796 GPU_Scheduler_1] Admitted 1 requests for model_3
[2026-08-21 22:41:34.846 GPU_Scheduler_0] Admitted 1 requests for model_2
[2026-08-21 22:41:34.859 GPU_Scheduler_1] Admitted 1 requests for model_3
[2026-08-21 22:41:34.943 GPU_Scheduler_1] Admitted 1 requests for model_3
[2026-08-21 22:41:35.039 GPU_Scheduler_1] Admitted 1 requests for model_3
[2026-08-21 22:41:35.041 GPU_Scheduler_0] Admitted 1 requests for model_5
[2026-08-21 22:41:35.153 GPU_Scheduler_0] Admitted 1 requests for model_5
[2026-08-21 22:41:35.222 GPU_Scheduler_0] Admitted 1 requests for model_2
[2026-08-21 22:41:35.239 GPU_Scheduler_1] Admitted 1 requests for model_6
[2026-08-21 22:41:35.260 GPU_Scheduler_1] Admitted 1 requests for model_6
[2026-08-21 22:41:35.293 GPU_Scheduler_0] Admitted 1 requests for model_4
[2026-08-21 22:41:35.365 GPU_Scheduler_1] Admitted 1 requests for model_3
[2026-08-21 22:41:35.387 GPU_Scheduler_0] Admitted 1 requests for model_5
[2026-08-21 22:41:35.418 GPU_Scheduler_1] Admitted 1 requests for model_6
[2026-08-21 22:41:35.471 GPU_Scheduler_1] Admitted 1 requests for model_3
[2026-08-21 22:41:35.503 GPU_Scheduler_1] Admitted 1 requests for model_3
[2026-08-21 22:41:35.722 GPU_Scheduler_0] Admitted 1 requests for model_4
[2026-08-21 22:41:35.723 GPU_Scheduler_1] Admitted 1 requests for model_3
[2026-08-21 22:41:35.744 GPU_Scheduler_1] Admitted 1 requests for model_3
[2026-08-21 22:41:35.874 GPU_Scheduler_0] Admitted 1 requests for model_5
[2026-08-21 22:41:35.886 GPU_Scheduler_0] Admitted 1 requests for model_4
[2026-08-21 22:41:35.933 GPU_Scheduler_1] Admitted 1 requests for model_6
[2026-08-21 22:41:35.944 GPU_Scheduler_1] Admitted 1 requests for model_3
[2026-08-21 22:41:36.027 GPU_Scheduler_0] Admitted 1 requests for model_2
[2026-08-21 22:41:36.090 GPU_Scheduler_1] Admitted 1 requests for model_3
[2026-08-21 22:41:36.098 GPU_Scheduler_0] Admitted 1 requests for model_5
[2026-08-21 22:41:36.132 GPU_Scheduler_1] Admitted 1 requests for model_3
[2026-08-21 22:41:36.195 GPU_Scheduler_1] Admitted 1 requests for model_3
[2026-08-21 22:41:36.227 GPU_Scheduler_1] Admitted 1 requests for model_3
[2026-08-21 22:41:36.269 GPU_Scheduler_1] Admitted 1 requests for model_3
[2026-08-21 22:41:36.285 GPU_Scheduler_0] Admitted 1 requests for model_4
[2026-08-21 22:41:36.374 GPU_Scheduler_1] Admitted 1 requests for model_3
[2026-08-21 22:41:36.437 GPU_Scheduler_1] Admitted 1 requests for model_3
[2026-08-21 22:41:36.500 GPU_Scheduler_0] Admitted 1 requests for model_4
[2026-08-21 22:41:36.552 GPU_Scheduler_1] Admitted 1 requests for model_3
[2026-08-21 22:41:36.605 GPU_Scheduler_1] Admitted 1 requests for model_6
[2026-08-21 22:41:36.668 GPU_Scheduler_1] Admitted 1 requests for model_3
[2026-08-21 22:41:36.730 GPU_Scheduler_0] Admitted 1 requests for model_5
[2026-08-21 22:41:36.743 GPU_Scheduler_0] Admitted 1 requests for model_5
[2026-08-21 22:41:36.930 GPU_Scheduler_0] Admitted 1 requests for model_2
[2026-08-21 22:41:36.961 GPU_Scheduler_1] Admitted 1 requests for model_3
[2026-08-21 22:41:37.066 GPU_Scheduler_1] Admitted 1 requests for model_3
[2026-08-21 22:41:37.106 GPU_Scheduler_0] Admitted 1 requests for model_2
[2026-08-21 22:41:37.191 GPU_Scheduler_1] Admitted 1 requests for model_3
[2026-08-21 22:41:37.223 GPU_Scheduler_0] Admitted 1 requests for model_2
[2026-08-21 22:41:37.382 GPU_Scheduler_0] Admitted 1 requests for model_5
[2026-08-21 22:41:37.393 GPU_Scheduler_0] [V5-LOOP] {"iters": 440, "t_mem": 0.009467660216614604, "t_redis": 0.5249438364990056, "t_admit": 0.006777340546250343, "t_send": 0.021079540252685547, "t_iter": 0.562268377514556, "admitted": 34, "iter_max": 0.0029634200036525726, "gpu_id": 0, "window_s": 5.004174709320068}
[2026-08-21 22:41:37.404 GPU_Scheduler_0] Admitted 1 requests for model_4
[2026-08-21 22:41:37.473 GPU_Scheduler_1] Admitted 1 requests for model_3
[2026-08-21 22:41:37.483 GPU_Scheduler_0] Admitted 1 requests for model_5
[2026-08-21 22:41:37.484 GPU_Scheduler_1] Admitted 1 requests for model_3
[2026-08-21 22:41:37.495 GPU_Scheduler_1] Admitted 1 requests for model_3
[2026-08-21 22:41:37.516 GPU_Scheduler_1] Admitted 1 requests for model_3
[2026-08-21 22:41:37.537 GPU_Scheduler_1] Admitted 1 requests for model_6
[2026-08-21 22:41:37.576 GPU_Scheduler_0] Admitted 1 requests for model_5
[2026-08-21 22:41:37.693 GPU_Scheduler_0] Admitted 1 requests for model_5
[2026-08-21 22:41:37.768 GPU_Scheduler_1] Admitted 1 requests for model_3
[2026-08-21 22:41:37.914 GPU_Scheduler_1] Admitted 1 requests for model_3
[2026-08-21 22:41:38.007 GPU_Scheduler_0] Admitted 1 requests for model_4
[2026-08-21 22:41:38.040 GPU_Scheduler_1] Admitted 1 requests for model_3
[2026-08-21 22:41:38.177 GPU_Scheduler_0] Admitted 1 requests for model_2
[2026-08-21 22:41:38.177 GPU_Scheduler_0] Admitted 1 requests for model_5
[2026-08-21 22:41:38.199 GPU_Scheduler_1] [V5-LOOP] {"iters": 476, "t_mem": 0.00628024828620255, "t_redis": 0.17389110731892288, "t_admit": 0.004913173383101821, "t_send": 0.015885197557508945, "t_iter": 0.2009697265457362, "admitted": 50, "iter_max": 0.0009349870961159468, "gpu_id": 1, "window_s": 5.00109601020813}
[2026-08-21 22:41:38.341 GPU_Scheduler_0] Admitted 1 requests for model_2
[2026-08-21 22:41:38.447 GPU_Scheduler_0] Admitted 1 requests for model_5
[2026-08-21 22:41:38.747 GPU_Scheduler_1] Admitted 5 requests for model_3
[2026-08-21 22:41:38.759 GPU_Scheduler_1] Admitted 1 requests for model_3
[2026-08-21 22:41:38.771 GPU_Scheduler_1] Admitted 1 requests for model_3
[2026-08-21 22:41:38.803 GPU_Scheduler_1] Admitted 1 requests for model_3
[2026-08-21 22:41:39.020 GPU_Scheduler_0] Admitted 1 requests for model_5
[2026-08-21 22:41:39.075 GPU_Scheduler_0] Admitted 1 requests for model_5
[2026-08-21 22:41:39.108 GPU_Scheduler_0] Admitted 1 requests for model_2
[2026-08-21 22:41:39.271 GPU_Scheduler_0] Admitted 1 requests for model_5
[2026-08-21 22:41:39.281 GPU_Scheduler_1] Admitted 1 requests for model_3
[2026-08-21 22:41:39.345 GPU_Scheduler_1] Admitted 1 requests for model_3
[2026-08-21 22:41:39.358 GPU_Scheduler_0] Admitted 1 requests for model_5
[2026-08-21 22:41:39.402 GPU_Scheduler_0] Admitted 1 requests for model_2
[2026-08-21 22:41:39.424 GPU_Scheduler_0] Admitted 1 requests for model_5
[2026-08-21 22:41:39.462 GPU_Scheduler_1] Admitted 1 requests for model_3
[2026-08-21 22:41:39.522 GPU_Scheduler_0] Admitted 1 requests for model_2
[2026-08-21 22:41:39.771 GPU_Scheduler_1] Admitted 7 requests for model_3
[2026-08-21 22:41:39.784 GPU_Scheduler_0] Admitted 1 requests for model_4
[2026-08-21 22:41:39.816 GPU_Scheduler_1] Admitted 1 requests for model_3
[2026-08-21 22:41:39.817 GPU_Scheduler_0] Admitted 1 requests for model_4
[2026-08-21 22:41:39.861 GPU_Scheduler_0] Admitted 1 requests for model_4
[2026-08-21 22:41:39.883 GPU_Scheduler_0] Admitted 1 requests for model_5
[2026-08-21 22:41:39.903 GPU_Scheduler_1] Admitted 1 requests for model_3
[2026-08-21 22:41:39.949 GPU_Scheduler_0] Admitted 1 requests for model_2
[2026-08-21 22:41:40.015 GPU_Scheduler_0] Admitted 1 requests for model_2
[2026-08-21 22:41:40.095 GPU_Scheduler_1] Admitted 1 requests for model_3
[2026-08-21 22:41:40.106 GPU_Scheduler_1] Admitted 1 requests for model_3
[2026-08-21 22:41:40.200 GPU_Scheduler_0] Admitted 1 requests for model_5
[2026-08-21 22:41:40.223 GPU_Scheduler_1] Admitted 1 requests for model_3
[2026-08-21 22:41:40.276 GPU_Scheduler_1] Admitted 1 requests for model_3
[2026-08-21 22:41:40.298 GPU_Scheduler_0] Admitted 1 requests for model_2
[2026-08-21 22:41:40.342 GPU_Scheduler_0] Admitted 1 requests for model_2
[2026-08-21 22:41:40.383 GPU_Scheduler_1] Admitted 1 requests for model_3
[2026-08-21 22:41:40.396 GPU_Scheduler_0] Admitted 1 requests for model_2
[2026-08-21 22:41:40.458 GPU_Scheduler_1] Admitted 1 requests for model_3
[2026-08-21 22:41:40.483 GPU_Scheduler_0] Admitted 1 requests for model_2
[2026-08-21 22:41:40.549 GPU_Scheduler_0] Admitted 1 requests for model_4
[2026-08-21 22:41:40.554 GPU_Scheduler_1] Admitted 1 requests for model_6
[2026-08-21 22:41:40.618 GPU_Scheduler_1] Admitted 1 requests for model_3
[2026-08-21 22:41:40.626 GPU_Scheduler_0] Admitted 1 requests for model_5
[2026-08-21 22:41:40.661 GPU_Scheduler_1] Admitted 1 requests for model_3
[2026-08-21 22:41:40.672 GPU_Scheduler_1] Admitted 1 requests for model_3
[2026-08-21 22:41:40.694 GPU_Scheduler_1] Admitted 1 requests for model_3
[2026-08-21 22:41:40.757 GPU_Scheduler_0] Admitted 1 requests for model_5
[2026-08-21 22:41:40.790 GPU_Scheduler_0] Admitted 1 requests for model_5
[2026-08-21 22:41:40.812 GPU_Scheduler_0] Admitted 1 requests for model_4
[2026-08-21 22:41:40.845 GPU_Scheduler_0] Admitted 1 requests for model_5
[2026-08-21 22:41:40.878 GPU_Scheduler_0] Admitted 1 requests for model_4
[2026-08-21 22:41:40.928 GPU_Scheduler_1] Admitted 1 requests for model_3
[2026-08-21 22:41:40.933 GPU_Scheduler_0] Admitted 1 requests for model_4
[2026-08-21 22:41:40.998 GPU_Scheduler_0] Admitted 1 requests for model_2
[2026-08-21 22:41:41.098 GPU_Scheduler_1] Admitted 1 requests for model_6
[2026-08-21 22:41:41.162 GPU_Scheduler_0] Admitted 1 requests for model_2
[2026-08-21 22:41:41.237 GPU_Scheduler_1] Admitted 1 requests for model_3
[2026-08-21 22:41:41.239 GPU_Scheduler_0] Admitted 1 requests for model_5
[2026-08-21 22:41:41.248 GPU_Scheduler_1] Admitted 1 requests for model_3
[2026-08-21 22:41:41.270 GPU_Scheduler_1] Admitted 1 requests for model_3
[2026-08-21 22:41:41.305 GPU_Scheduler_0] Admitted 1 requests for model_4
[2026-08-21 22:41:41.377 GPU_Scheduler_1] Admitted 2 requests for model_3
[2026-08-21 22:41:41.399 GPU_Scheduler_1] Admitted 1 requests for model_3
[2026-08-21 22:41:41.736 GPU_Scheduler_0] Admitted 1 requests for model_4
[2026-08-21 22:41:41.824 GPU_Scheduler_1] Admitted 1 requests for model_6
[2026-08-21 22:41:41.834 GPU_Scheduler_0] Admitted 1 requests for model_2
[2026-08-21 22:41:41.899 GPU_Scheduler_0] Admitted 1 requests for model_4
[2026-08-21 22:41:42.160 GPU_Scheduler_0] Admitted 1 requests for model_4
[2026-08-21 22:41:42.197 GPU_Scheduler_1] Admitted 1 requests for model_3
[2026-08-21 22:41:42.250 GPU_Scheduler_1] Admitted 1 requests for model_3
[2026-08-21 22:41:42.261 GPU_Scheduler_1] Admitted 1 requests for model_3
[2026-08-21 22:41:42.280 GPU_Scheduler_0] Admitted 1 requests for model_4
[2026-08-21 22:41:42.400 GPU_Scheduler_0] [V5-LOOP] {"iters": 452, "t_mem": 0.008090474177151918, "t_redis": 0.4103447296656668, "t_admit": 0.006326868897303939, "t_send": 0.02202492277137935, "t_iter": 0.446786995511502, "admitted": 45, "iter_max": 0.003171690972521901, "gpu_id": 0, "window_s": 5.006754398345947}
[2026-08-21 22:41:42.422 GPU_Scheduler_1] Admitted 1 requests for model_3
[2026-08-21 22:41:42.487 GPU_Scheduler_0] Admitted 1 requests for model_2
[2026-08-21 22:41:42.539 GPU_Scheduler_1] Admitted 1 requests for model_3
[2026-08-21 22:41:42.625 GPU_Scheduler_1] Admitted 1 requests for model_3
[2026-08-21 22:41:42.694 GPU_Scheduler_0] Admitted 1 requests for model_5
[2026-08-21 22:41:42.752 GPU_Scheduler_1] Admitted 1 requests for model_6
[2026-08-21 22:41:42.838 GPU_Scheduler_1] Admitted 1 requests for model_3
[2026-08-21 22:41:42.900 GPU_Scheduler_0] Admitted 1 requests for model_5
[2026-08-21 22:41:42.945 GPU_Scheduler_1] Admitted 1 requests for model_3
[2026-08-21 22:41:42.967 GPU_Scheduler_1] Admitted 1 requests for model_3
[2026-08-21 22:41:43.020 GPU_Scheduler_0] Admitted 1 requests for model_4
[2026-08-21 22:41:43.118 GPU_Scheduler_0] Admitted 1 requests for model_4
[2026-08-21 22:41:43.126 GPU_Scheduler_1] Admitted 1 requests for model_3
[2026-08-21 22:41:43.201 GPU_Scheduler_1] [V5-LOOP] {"iters": 468, "t_mem": 0.0068063982762396336, "t_redis": 0.24691608361899853, "t_admit": 0.006348769413307309, "t_send": 0.022332121152430773, "t_iter": 0.28240337246097624, "admitted": 51, "iter_max": 0.0030112809035927057, "gpu_id": 1, "window_s": 5.00129246711731}
[2026-08-21 22:41:43.266 GPU_Scheduler_1] Admitted 1 requests for model_3
[2026-08-21 22:41:43.421 GPU_Scheduler_1] Admitted 1 requests for model_3
[2026-08-21 22:41:43.492 GPU_Scheduler_0] Admitted 1 requests for model_5
[2026-08-21 22:41:43.534 GPU_Scheduler_1] Admitted 1 requests for model_3
[2026-08-21 22:41:43.546 GPU_Scheduler_1] Admitted 1 requests for model_3
[2026-08-21 22:41:43.667 GPU_Scheduler_1] Admitted 1 requests for model_3
[2026-08-21 22:41:43.736 GPU_Scheduler_0] Admitted 1 requests for model_4
[2026-08-21 22:41:43.795 GPU_Scheduler_1] Admitted 1 requests for model_3
[2026-08-21 22:41:43.821 GPU_Scheduler_0] Admitted 1 requests for model_2
[2026-08-21 22:41:43.916 GPU_Scheduler_0] Admitted 1 requests for model_5
[2026-08-21 22:41:43.949 GPU_Scheduler_0] Admitted 1 requests for model_5
[2026-08-21 22:41:44.076 GPU_Scheduler_0] Admitted 1 requests for model_4
[2026-08-21 22:41:44.127 GPU_Scheduler_1] Admitted 1 requests for model_6
[2026-08-21 22:41:44.170 GPU_Scheduler_1] Admitted 1 requests for model_3
[2026-08-21 22:41:44.181 GPU_Scheduler_1] Admitted 1 requests for model_3
[2026-08-21 22:41:44.267 GPU_Scheduler_1] Admitted 2 requests for model_3
[2026-08-21 22:41:44.331 GPU_Scheduler_0] Admitted 1 requests for model_4
[2026-08-21 22:41:44.332 GPU_Scheduler_1] Admitted 1 requests for model_3
[2026-08-21 22:41:44.459 GPU_Scheduler_1] Admitted 1 requests for model_3
[2026-08-21 22:41:44.604 GPU_Scheduler_1] Admitted 1 requests for model_3
[2026-08-21 22:41:44.650 GPU_Scheduler_1] Admitted 1 requests for model_3
[2026-08-21 22:41:44.674 GPU_Scheduler_0] Admitted 1 requests for model_5
[2026-08-21 22:41:44.696 GPU_Scheduler_1] Admitted 1 requests for model_3
[2026-08-21 22:41:44.739 GPU_Scheduler_0] Admitted 1 requests for model_4
[2026-08-21 22:41:44.794 GPU_Scheduler_0] Admitted 1 requests for model_4
[2026-08-21 22:41:44.881 GPU_Scheduler_0] Admitted 1 requests for model_5
[2026-08-21 22:41:44.958 GPU_Scheduler_0] Admitted 1 requests for model_5
[2026-08-21 22:41:45.078 GPU_Scheduler_0] Admitted 1 requests for model_2
[2026-08-21 22:41:45.306 GPU_Scheduler_1] Admitted 1 requests for model_6
[2026-08-21 22:41:45.351 GPU_Scheduler_0] Admitted 1 requests for model_5
[2026-08-21 22:41:45.416 GPU_Scheduler_1] Admitted 1 requests for model_3
[2026-08-21 22:41:45.438 GPU_Scheduler_1] Admitted 1 requests for model_3
[2026-08-21 22:41:45.561 GPU_Scheduler_1] Admitted 1 requests for model_3
[2026-08-21 22:41:45.573 GPU_Scheduler_1] Admitted 1 requests for model_3
[2026-08-21 22:41:45.596 GPU_Scheduler_1] Admitted 1 requests for model_3
[2026-08-21 22:41:45.630 GPU_Scheduler_1] Admitted 2 requests for model_3
[2026-08-21 22:41:45.699 GPU_Scheduler_1] Admitted 1 requests for model_3
[2026-08-21 22:41:45.711 GPU_Scheduler_1] Admitted 1 requests for model_6
[2026-08-21 22:41:45.883 GPU_Scheduler_0] Admitted 1 requests for model_5
[2026-08-21 22:41:45.937 GPU_Scheduler_0] Admitted 1 requests for model_4
[2026-08-21 22:41:46.025 GPU_Scheduler_1] Admitted 1 requests for model_3
[2026-08-21 22:41:46.060 GPU_Scheduler_1] Admitted 1 requests for model_3
[2026-08-21 22:41:46.072 GPU_Scheduler_1] Admitted 1 requests for model_3
[2026-08-21 22:41:46.083 GPU_Scheduler_1] Admitted 1 requests for model_6
[2026-08-21 22:41:46.101 GPU_Scheduler_0] Admitted 1 requests for model_5
[2026-08-21 22:41:46.144 GPU_Scheduler_0] Admitted 1 requests for model_4
[2026-08-21 22:41:46.242 GPU_Scheduler_0] Admitted 1 requests for model_4
[2026-08-21 22:41:46.283 GPU_Scheduler_1] Admitted 1 requests for model_3
[2026-08-21 22:41:46.362 GPU_Scheduler_0] Admitted 1 requests for model_2
[2026-08-21 22:41:46.385 GPU_Scheduler_0] Admitted 1 requests for model_5
[2026-08-21 22:41:46.860 GPU_Scheduler_1] Admitted 2 requests for model_3
[2026-08-21 22:41:46.862 GPU_Scheduler_0] Admitted 1 requests for model_2
[2026-08-21 22:41:46.862 GPU_Scheduler_0] Admitted 2 requests for model_5
[2026-08-21 22:41:46.871 GPU_Scheduler_1] Admitted 3 requests for model_3
[2026-08-21 22:41:46.917 GPU_Scheduler_0] Admitted 1 requests for model_4
[2026-08-21 22:41:46.960 GPU_Scheduler_0] Admitted 1 requests for model_4
[2026-08-21 22:41:46.969 GPU_Scheduler_1] Admitted 1 requests for model_6
[2026-08-21 22:41:47.001 GPU_Scheduler_1] Admitted 1 requests for model_3
[2026-08-21 22:41:47.035 GPU_Scheduler_1] Admitted 2 requests for model_3
[2026-08-21 22:41:47.102 GPU_Scheduler_1] Admitted 2 requests for model_3
[2026-08-21 22:41:47.115 GPU_Scheduler_1] Admitted 2 requests for model_3
[2026-08-21 22:41:47.193 GPU_Scheduler_1] Admitted 1 requests for model_3
[2026-08-21 22:41:47.199 GPU_Scheduler_0] Admitted 1 requests for model_2
[2026-08-21 22:41:47.210 GPU_Scheduler_0] Admitted 1 requests for model_5
[2026-08-21 22:41:47.228 GPU_Scheduler_1] Admitted 1 requests for model_3
[2026-08-21 22:41:47.287 GPU_Scheduler_0] Admitted 1 requests for model_4
[2026-08-21 22:41:47.320 GPU_Scheduler_0] Admitted 1 requests for model_4
[2026-08-21 22:41:47.331 GPU_Scheduler_0] Admitted 1 requests for model_4
[2026-08-21 22:41:47.408 GPU_Scheduler_0] [V5-LOOP] {"iters": 463, "t_mem": 0.006608207244426012, "t_redis": 0.3114323024637997, "t_admit": 0.005048014922067523, "t_send": 0.015287576243281364, "t_iter": 0.3383761008735746, "admitted": 36, "iter_max": 0.0016244910657405853, "gpu_id": 0, "window_s": 5.007664918899536}
[2026-08-21 22:41:47.465 GPU_Scheduler_1] Admitted 1 requests for model_3
[2026-08-21 22:41:47.595 GPU_Scheduler_0] Admitted 1 requests for model_2
[2026-08-21 22:41:47.625 GPU_Scheduler_1] Admitted 1 requests for model_3
[2026-08-21 22:41:47.646 GPU_Scheduler_1] Admitted 1 requests for model_3
[2026-08-21 22:41:47.652 GPU_Scheduler_0] Admitted 1 requests for model_5
[2026-08-21 22:41:47.686 GPU_Scheduler_0] Admitted 1 requests for model_5
[2026-08-21 22:41:47.732 GPU_Scheduler_1] Admitted 1 requests for model_3
[2026-08-21 22:41:47.743 GPU_Scheduler_0] Admitted 1 requests for model_2
[2026-08-21 22:41:47.789 GPU_Scheduler_0] Admitted 1 requests for model_4
[2026-08-21 22:41:47.789 GPU_Scheduler_0] Admitted 1 requests for model_5
[2026-08-21 22:41:47.807 GPU_Scheduler_1] Admitted 1 requests for model_3
[2026-08-21 22:41:47.814 GPU_Scheduler_0] Admitted 1 requests for model_2
[2026-08-21 22:41:47.839 GPU_Scheduler_1] Admitted 1 requests for model_3
[2026-08-21 22:41:47.839 GPU_Scheduler_1] Admitted 1 requests for model_6
[2026-08-21 22:41:47.955 GPU_Scheduler_0] Admitted 1 requests for model_5
[2026-08-21 22:41:48.100 GPU_Scheduler_0] Admitted 1 requests for model_5
[2026-08-21 22:41:48.110 GPU_Scheduler_1] Admitted 1 requests for model_3
[2026-08-21 22:41:48.122 GPU_Scheduler_0] Admitted 1 requests for model_5
[2026-08-21 22:41:48.176 GPU_Scheduler_1] Admitted 1 requests for model_3
[2026-08-21 22:41:48.210 GPU_Scheduler_1] Admitted 1 requests for model_3
[2026-08-21 22:41:48.211 GPU_Scheduler_1] [V5-LOOP] {"iters": 457, "t_mem": 0.009252065559849143, "t_redis": 0.34775594831444323, "t_admit": 0.007869578897953033, "t_send": 0.033148102927953005, "t_iter": 0.3980256957001984, "admitted": 56, "iter_max": 0.0027822989504784346, "gpu_id": 1, "window_s": 5.00964879989624}
[2026-08-21 22:41:48.223 GPU_Scheduler_0] Admitted 1 requests for model_4
[2026-08-21 22:41:48.340 GPU_Scheduler_0] Admitted 1 requests for model_5
[2026-08-21 22:41:48.344 GPU_Scheduler_1] Admitted 1 requests for model_3
[2026-08-21 22:41:48.356 GPU_Scheduler_1] Admitted 1 requests for model_3
[2026-08-21 22:41:48.528 GPU_Scheduler_0] Admitted 1 requests for model_4
[2026-08-21 22:41:48.576 GPU_Scheduler_0] Admitted 1 requests for model_4
[2026-08-21 22:41:48.584 GPU_Scheduler_1] Admitted 1 requests for model_3
[2026-08-21 22:41:48.744 GPU_Scheduler_1] Admitted 1 requests for model_3
[2026-08-21 22:41:48.985 GPU_Scheduler_0] Admitted 1 requests for model_4
[2026-08-21 22:41:49.044 GPU_Scheduler_1] Admitted 2 requests for model_3
[2026-08-21 22:41:49.076 GPU_Scheduler_1] Admitted 1 requests for model_3
[2026-08-21 22:41:49.165 GPU_Scheduler_0] Admitted 1 requests for model_4
[2026-08-21 22:41:49.194 GPU_Scheduler_1] Admitted 1 requests for model_3
[2026-08-21 22:41:49.293 GPU_Scheduler_1] Admitted 1 requests for model_3
[2026-08-21 22:41:49.426 GPU_Scheduler_0] Admitted 1 requests for model_2
[2026-08-21 22:41:49.426 GPU_Scheduler_0] Admitted 1 requests for model_5
[2026-08-21 22:41:49.443 GPU_Scheduler_1] Admitted 1 requests for model_3
[2026-08-21 22:41:49.449 GPU_Scheduler_0] Admitted 1 requests for model_4
[2026-08-21 22:41:49.548 GPU_Scheduler_0] Admitted 1 requests for model_5
[2026-08-21 22:41:49.593 GPU_Scheduler_1] Admitted 1 requests for model_3
[2026-08-21 22:41:49.668 GPU_Scheduler_1] Admitted 1 requests for model_3
[2026-08-21 22:41:49.704 GPU_Scheduler_0] Admitted 1 requests for model_2
[2026-08-21 22:41:49.754 GPU_Scheduler_1] Admitted 1 requests for model_3
[2026-08-21 22:41:49.820 GPU_Scheduler_1] Admitted 2 requests for model_3
[2026-08-21 22:41:49.886 GPU_Scheduler_0] Admitted 1 requests for model_4
[2026-08-21 22:41:49.940 GPU_Scheduler_1] Admitted 1 requests for model_3
[2026-08-21 22:41:49.940 GPU_Scheduler_1] Admitted 1 requests for model_6
[2026-08-21 22:41:49.962 GPU_Scheduler_1] Admitted 1 requests for model_3
[2026-08-21 22:41:49.974 GPU_Scheduler_1] Admitted 1 requests for model_3
[2026-08-21 22:41:50.299 GPU_Scheduler_1] Admitted 2 requests for model_3
[2026-08-21 22:41:50.343 GPU_Scheduler_1] Admitted 1 requests for model_3
[2026-08-21 22:41:50.411 GPU_Scheduler_0] Admitted 1 requests for model_4
[2026-08-21 22:41:50.411 GPU_Scheduler_0] Admitted 1 requests for model_5
[2026-08-21 22:41:50.470 GPU_Scheduler_0] Admitted 1 requests for model_5
[2026-08-21 22:41:50.495 GPU_Scheduler_1] Admitted 1 requests for model_3
[2026-08-21 22:41:50.560 GPU_Scheduler_1] Admitted 1 requests for model_3
[2026-08-21 22:41:50.771 GPU_Scheduler_1] Admitted 1 requests for model_3
[2026-08-21 22:41:50.917 GPU_Scheduler_1] Admitted 1 requests for model_3
[2026-08-21 22:41:50.925 GPU_Scheduler_0] Admitted 1 requests for model_2
[2026-08-21 22:41:51.006 GPU_Scheduler_1] Admitted 1 requests for model_6
[2026-08-21 22:41:51.052 GPU_Scheduler_1] Admitted 1 requests for model_3
[2026-08-21 22:41:51.089 GPU_Scheduler_0] Admitted 1 requests for model_2
[2026-08-21 22:41:51.142 GPU_Scheduler_1] Admitted 1 requests for model_3
[2026-08-21 22:41:51.221 GPU_Scheduler_1] Admitted 1 requests for model_3
[2026-08-21 22:41:51.490 GPU_Scheduler_0] Admitted 1 requests for model_5
[2026-08-21 22:41:51.523 GPU_Scheduler_0] Admitted 1 requests for model_2
[2026-08-21 22:41:51.612 GPU_Scheduler_1] Admitted 1 requests for model_6
[2026-08-21 22:41:51.632 GPU_Scheduler_0] Admitted 1 requests for model_5
[2026-08-21 22:41:51.655 GPU_Scheduler_1] Admitted 1 requests for model_3
[2026-08-21 22:41:51.782 GPU_Scheduler_0] Admitted 1 requests for model_5
[2026-08-21 22:41:51.875 GPU_Scheduler_1] Admitted 1 requests for model_3
[2026-08-21 22:41:51.876 GPU_Scheduler_0] Admitted 1 requests for model_4
[2026-08-21 22:41:51.912 GPU_Scheduler_0] Admitted 1 requests for model_4
[2026-08-21 22:41:51.970 GPU_Scheduler_0] Admitted 1 requests for model_2
[2026-08-21 22:41:52.234 GPU_Scheduler_1] Admitted 1 requests for model_3
[2026-08-21 22:41:52.273 GPU_Scheduler_0] Admitted 1 requests for model_5
[2026-08-21 22:41:52.331 GPU_Scheduler_0] Admitted 1 requests for model_5
[2026-08-21 22:41:52.335 GPU_Scheduler_1] Admitted 1 requests for model_3
[2026-08-21 22:41:52.408 GPU_Scheduler_0] [V5-LOOP] {"iters": 439, "t_mem": 0.009552550036460161, "t_redis": 0.5291133525315672, "t_admit": 0.0070236967876553535, "t_send": 0.02246543043293059, "t_iter": 0.5681550297886133, "admitted": 36, "iter_max": 0.0031819811556488276, "gpu_id": 0, "window_s": 5.0002546310424805}
[2026-08-21 22:41:52.452 GPU_Scheduler_0] Admitted 2 requests for model_5
[2026-08-21 22:41:52.477 GPU_Scheduler_1] Admitted 1 requests for model_6
[2026-08-21 22:41:52.529 GPU_Scheduler_0] Admitted 1 requests for model_4
[2026-08-21 22:41:52.605 GPU_Scheduler_1] Admitted 1 requests for model_3
[2026-08-21 22:41:52.616 GPU_Scheduler_0] Admitted 2 requests for model_2
[2026-08-21 22:41:52.628 GPU_Scheduler_0] Admitted 1 requests for model_5
[2026-08-21 22:41:52.638 GPU_Scheduler_1] Admitted 1 requests for model_3
[2026-08-21 22:41:52.672 GPU_Scheduler_0] Admitted 1 requests for model_4
[2026-08-21 22:41:52.682 GPU_Scheduler_1] Admitted 1 requests for model_3
[2026-08-21 22:41:52.789 GPU_Scheduler_1] Admitted 1 requests for model_3
[2026-08-21 22:41:52.847 GPU_Scheduler_0] Admitted 1 requests for model_2
[2026-08-21 22:41:52.853 GPU_Scheduler_1] Admitted 1 requests for model_3
[2026-08-21 22:41:53.102 GPU_Scheduler_1] Admitted 1 requests for model_6
[2026-08-21 22:41:53.136 GPU_Scheduler_1] Admitted 1 requests for model_3
[2026-08-21 22:41:53.180 GPU_Scheduler_1] Admitted 1 requests for model_3
[2026-08-21 22:41:53.191 GPU_Scheduler_1] Admitted 1 requests for model_3
[2026-08-21 22:41:53.213 GPU_Scheduler_1] [V5-LOOP] {"iters": 458, "t_mem": 0.009006050415337086, "t_redis": 0.3384670987725258, "t_admit": 0.007289034780114889, "t_send": 0.025151235982775688, "t_iter": 0.37991341995075345, "admitted": 45, "iter_max": 0.0022860949393361807, "gpu_id": 1, "window_s": 5.002593517303467}
[2026-08-21 22:41:53.247 GPU_Scheduler_1] Admitted 1 requests for model_3
[2026-08-21 22:41:53.291 GPU_Scheduler_1] Admitted 1 requests for model_3
[2026-08-21 22:41:53.350 GPU_Scheduler_0] Admitted 1 requests for model_2
[2026-08-21 22:41:53.375 GPU_Scheduler_0] Admitted 1 requests for model_2
[2026-08-21 22:41:53.375 GPU_Scheduler_0] Admitted 1 requests for model_4
[2026-08-21 22:41:53.399 GPU_Scheduler_0] Admitted 1 requests for model_4
[2026-08-21 22:41:53.437 GPU_Scheduler_1] Admitted 1 requests for model_3
[2026-08-21 22:41:53.538 GPU_Scheduler_1] Admitted 1 requests for model_3
[2026-08-21 22:41:53.607 GPU_Scheduler_1] Admitted 1 requests for model_3
[2026-08-21 22:41:53.698 GPU_Scheduler_1] Admitted 1 requests for model_3
[2026-08-21 22:41:53.931 GPU_Scheduler_0] Admitted 1 requests for model_2
[2026-08-21 22:41:53.966 GPU_Scheduler_1] Admitted 1 requests for model_3
[2026-08-21 22:41:53.966 GPU_Scheduler_1] Admitted 1 requests for model_6
[2026-08-21 22:41:53.987 GPU_Scheduler_0] Admitted 1 requests for model_4
[2026-08-21 22:41:53.999 GPU_Scheduler_0] Admitted 1 requests for model_4
[2026-08-21 22:41:54.041 GPU_Scheduler_1] Admitted 1 requests for model_3
[2026-08-21 22:41:54.119 GPU_Scheduler_0] Admitted 1 requests for model_2
[2026-08-21 22:41:54.137 GPU_Scheduler_1] Admitted 1 requests for model_3
[2026-08-21 22:41:54.233 GPU_Scheduler_1] Admitted 1 requests for model_3
[2026-08-21 22:41:54.267 GPU_Scheduler_1] Admitted 1 requests for model_3
[2026-08-21 22:41:54.431 GPU_Scheduler_1] Admitted 1 requests for model_3
[2026-08-21 22:41:54.434 GPU_Scheduler_0] Admitted 1 requests for model_2
[2026-08-21 22:41:54.454 GPU_Scheduler_1] Admitted 1 requests for model_3
[2026-08-21 22:41:54.501 GPU_Scheduler_0] Admitted 1 requests for model_2
[2026-08-21 22:41:54.567 GPU_Scheduler_1] Admitted 1 requests for model_3
[2026-08-21 22:41:54.581 GPU_Scheduler_0] Admitted 1 requests for model_4
[2026-08-21 22:41:54.679 GPU_Scheduler_1] Admitted 1 requests for model_3
[2026-08-21 22:41:54.714 GPU_Scheduler_1] Admitted 1 requests for model_3
[2026-08-21 22:41:54.749 GPU_Scheduler_1] Admitted 1 requests for model_3
[2026-08-21 22:41:55.018 GPU_Scheduler_0] Admitted 1 requests for model_5
[2026-08-21 22:41:55.029 GPU_Scheduler_0] Admitted 1 requests for model_5
[2026-08-21 22:41:55.057 GPU_Scheduler_1] Admitted 1 requests for model_6
[2026-08-21 22:41:55.095 GPU_Scheduler_0] Admitted 1 requests for model_4
[2026-08-21 22:41:55.128 GPU_Scheduler_0] Admitted 1 requests for model_2
[2026-08-21 22:41:55.132 GPU_Scheduler_1] Admitted 1 requests for model_3
[2026-08-21 22:41:55.218 GPU_Scheduler_1] Admitted 2 requests for model_3
[2026-08-21 22:41:55.272 GPU_Scheduler_1] Admitted 1 requests for model_3
[2026-08-21 22:41:55.325 GPU_Scheduler_0] Admitted 1 requests for model_5
[2026-08-21 22:41:55.326 GPU_Scheduler_1] Admitted 1 requests for model_3
[2026-08-21 22:41:55.368 GPU_Scheduler_0] Admitted 1 requests for model_5
[2026-08-21 22:41:55.422 GPU_Scheduler_1] Admitted 1 requests for model_3
[2026-08-21 22:41:55.434 GPU_Scheduler_0] Admitted 1 requests for model_5
[2026-08-21 22:41:55.489 GPU_Scheduler_0] Admitted 1 requests for model_5
[2026-08-21 22:41:55.500 GPU_Scheduler_0] Admitted 1 requests for model_4
[2026-08-21 22:41:55.632 GPU_Scheduler_0] Admitted 1 requests for model_4
[2026-08-21 22:41:55.644 GPU_Scheduler_0] Admitted 1 requests for model_5
[2026-08-21 22:41:55.912 GPU_Scheduler_1] Admitted 1 requests for model_3
[2026-08-21 22:41:55.927 GPU_Scheduler_0] Admitted 1 requests for model_4
[2026-08-21 22:41:55.955 GPU_Scheduler_1] Admitted 1 requests for model_3
[2026-08-21 22:41:55.960 GPU_Scheduler_0] Admitted 1 requests for model_5
[2026-08-21 22:41:56.037 GPU_Scheduler_0] Admitted 1 requests for model_2
[2026-08-21 22:41:56.041 GPU_Scheduler_1] Admitted 1 requests for model_3
[2026-08-21 22:41:56.059 GPU_Scheduler_0] Admitted 1 requests for model_2
[2026-08-21 22:41:56.105 GPU_Scheduler_1] Admitted 1 requests for model_3
[2026-08-21 22:41:56.137 GPU_Scheduler_1] Admitted 1 requests for model_3
[2026-08-21 22:41:56.201 GPU_Scheduler_0] Admitted 1 requests for model_4
[2026-08-21 22:41:56.234 GPU_Scheduler_1] Admitted 1 requests for model_3
[2026-08-21 22:41:56.322 GPU_Scheduler_1] Admitted 1 requests for model_3
[2026-08-21 22:41:56.434 GPU_Scheduler_1] Admitted 1 requests for model_3
[2026-08-21 22:41:56.452 GPU_Scheduler_0] Admitted 1 requests for model_4
[2026-08-21 22:41:56.539 GPU_Scheduler_0] Admitted 1 requests for model_5
[2026-08-21 22:41:56.614 GPU_Scheduler_1] Admitted 1 requests for model_3
[2026-08-21 22:41:56.692 GPU_Scheduler_0] Admitted 1 requests for model_2
[2026-08-21 22:41:56.742 GPU_Scheduler_1] Admitted 1 requests for model_3
[2026-08-21 22:41:56.977 GPU_Scheduler_1] Admitted 1 requests for model_6
[2026-08-21 22:41:57.011 GPU_Scheduler_0] Admitted 1 requests for model_4
[2026-08-21 22:41:57.011 GPU_Scheduler_0] Admitted 1 requests for model_5
[2026-08-21 22:41:57.020 GPU_Scheduler_1] Admitted 2 requests for model_3
[2026-08-21 22:41:57.056 GPU_Scheduler_0] Admitted 1 requests for model_4
[2026-08-21 22:41:57.211 GPU_Scheduler_0] Admitted 1 requests for model_5
[2026-08-21 22:41:57.302 GPU_Scheduler_1] Admitted 1 requests for model_3
[2026-08-21 22:41:57.358 GPU_Scheduler_1] Admitted 1 requests for model_3
[2026-08-21 22:41:57.396 GPU_Scheduler_0] Admitted 1 requests for model_4
[2026-08-21 22:41:57.402 GPU_Scheduler_1] Admitted 1 requests for model_3
[2026-08-21 22:41:57.409 GPU_Scheduler_0] [V5-LOOP] {"iters": 449, "t_mem": 0.008101214421913028, "t_redis": 0.43504603602923453, "t_admit": 0.005945397540926933, "t_send": 0.02149713272228837, "t_iter": 0.47058978071436286, "admitted": 43, "iter_max": 0.0028831791132688522, "gpu_id": 0, "window_s": 5.000088453292847}
[2026-08-21 22:41:57.414 GPU_Scheduler_1] Admitted 1 requests for model_3
[2026-08-21 22:41:57.455 GPU_Scheduler_0] Admitted 1 requests for model_5
[2026-08-21 22:41:57.512 GPU_Scheduler_1] Admitted 1 requests for model_3
[2026-08-21 22:41:57.526 GPU_Scheduler_0] Admitted 1 requests for model_2
[2026-08-21 22:41:57.526 GPU_Scheduler_0] Admitted 1 requests for model_5
[2026-08-21 22:41:57.562 GPU_Scheduler_0] Admitted 1 requests for model_2
[2026-08-21 22:41:57.631 GPU_Scheduler_0] Admitted 1 requests for model_5
[2026-08-21 22:41:57.651 GPU_Scheduler_1] Admitted 1 requests for model_3
[2026-08-21 22:41:57.662 GPU_Scheduler_1] Admitted 1 requests for model_3
[2026-08-21 22:41:57.737 GPU_Scheduler_1] Admitted 1 requests for model_3
[2026-08-21 22:41:57.813 GPU_Scheduler_1] Admitted 1 requests for model_3
[2026-08-21 22:41:57.928 GPU_Scheduler_1] Admitted 1 requests for model_6
[2026-08-21 22:41:58.023 GPU_Scheduler_1] Admitted 1 requests for model_3
[2026-08-21 22:41:58.045 GPU_Scheduler_0] Admitted 1 requests for model_5
[2026-08-21 22:41:58.082 GPU_Scheduler_0] Admitted 1 requests for model_4
[2026-08-21 22:41:58.119 GPU_Scheduler_0] Admitted 1 requests for model_2
[2026-08-21 22:41:58.160 GPU_Scheduler_1] Admitted 1 requests for model_3
[2026-08-21 22:41:58.168 GPU_Scheduler_0] Admitted 1 requests for model_2
[2026-08-21 22:41:58.223 GPU_Scheduler_1] [V5-LOOP] {"iters": 460, "t_mem": 0.008693875279277563, "t_redis": 0.32426695385947824, "t_admit": 0.007237675134092569, "t_send": 0.02747748256660998, "t_iter": 0.36767598683945835, "admitted": 50, "iter_max": 0.002393105998635292, "gpu_id": 1, "window_s": 5.009556770324707}
[2026-08-21 22:41:58.234 GPU_Scheduler_1] Admitted 1 requests for model_3
[2026-08-21 22:41:58.287 GPU_Scheduler_1] Admitted 1 requests for model_3
[2026-08-21 22:41:58.289 GPU_Scheduler_0] Admitted 1 requests for model_5
[2026-08-21 22:41:58.385 GPU_Scheduler_0] Admitted 1 requests for model_5
[2026-08-21 22:41:58.392 GPU_Scheduler_1] Admitted 1 requests for model_3
[2026-08-21 22:41:58.424 GPU_Scheduler_1] Admitted 1 requests for model_3
[2026-08-21 22:41:58.446 GPU_Scheduler_1] Admitted 1 requests for model_3
[2026-08-21 22:41:58.490 GPU_Scheduler_0] Admitted 1 requests for model_5
[2026-08-21 22:41:58.605 GPU_Scheduler_0] Admitted 1 requests for model_5
[2026-08-21 22:41:58.635 GPU_Scheduler_1] Admitted 1 requests for model_3
[2026-08-21 22:41:58.657 GPU_Scheduler_1] Admitted 1 requests for model_3
[2026-08-21 22:41:58.901 GPU_Scheduler_0] Admitted 1 requests for model_5
[2026-08-21 22:41:58.960 GPU_Scheduler_0] Admitted 1 requests for model_4
[2026-08-21 22:41:59.023 GPU_Scheduler_1] Admitted 1 requests for model_3
[2026-08-21 22:41:59.086 GPU_Scheduler_1] Admitted 1 requests for model_3
[2026-08-21 22:41:59.107 GPU_Scheduler_1] Admitted 1 requests for model_3
[2026-08-21 22:41:59.298 GPU_Scheduler_0] Admitted 1 requests for model_2
[2026-08-21 22:41:59.334 GPU_Scheduler_0] Admitted 1 requests for model_5
[2026-08-21 22:41:59.346 GPU_Scheduler_0] Admitted 1 requests for model_2
[2026-08-21 22:41:59.514 GPU_Scheduler_1] Admitted 1 requests for model_6
[2026-08-21 22:41:59.624 GPU_Scheduler_0] Admitted 1 requests for model_4
[2026-08-21 22:41:59.744 GPU_Scheduler_0] Admitted 1 requests for model_5
[2026-08-21 22:41:59.755 GPU_Scheduler_0] Admitted 1 requests for model_5
[2026-08-21 22:41:59.789 GPU_Scheduler_0] Admitted 1 requests for model_2
[2026-08-21 22:41:59.800 GPU_Scheduler_0] Admitted 1 requests for model_4
[2026-08-21 22:41:59.870 GPU_Scheduler_1] Admitted 1 requests for model_3
[2026-08-21 22:41:59.902 GPU_Scheduler_1] Admitted 1 requests for model_6
[2026-08-21 22:41:59.910 GPU_Scheduler_0] Admitted 1 requests for model_5
[2026-08-21 22:42:00.030 GPU_Scheduler_0] Admitted 1 requests for model_2
[2026-08-21 22:42:00.053 GPU_Scheduler_0] Admitted 1 requests for model_4
[2026-08-21 22:42:00.099 GPU_Scheduler_0] Admitted 1 requests for model_4
[2026-08-21 22:42:00.099 GPU_Scheduler_0] Admitted 1 requests for model_5
[2026-08-21 22:42:00.111 GPU_Scheduler_1] Admitted 1 requests for model_3
[2026-08-21 22:42:00.122 GPU_Scheduler_1] Admitted 1 requests for model_3
[2026-08-21 22:42:00.147 GPU_Scheduler_0] Admitted 1 requests for model_4
[2026-08-21 22:42:00.154 GPU_Scheduler_1] Admitted 1 requests for model_3
[2026-08-21 22:42:00.206 GPU_Scheduler_1] Admitted 1 requests for model_3
[2026-08-21 22:42:00.217 GPU_Scheduler_1] Admitted 1 requests for model_3
[2026-08-21 22:42:00.311 GPU_Scheduler_1] Admitted 1 requests for model_3
[2026-08-21 22:42:00.333 GPU_Scheduler_1] Admitted 1 requests for model_3
[2026-08-21 22:42:00.336 GPU_Scheduler_0] Admitted 1 requests for model_2
[2026-08-21 22:42:00.343 GPU_Scheduler_1] Admitted 1 requests for model_3
[2026-08-21 22:42:00.442 GPU_Scheduler_0] Admitted 1 requests for model_4
[2026-08-21 22:42:00.458 GPU_Scheduler_1] Admitted 1 requests for model_3
[2026-08-21 22:42:00.618 GPU_Scheduler_0] Admitted 1 requests for model_4
[2026-08-21 22:42:00.619 GPU_Scheduler_1] Admitted 1 requests for model_3
[2026-08-21 22:42:00.630 GPU_Scheduler_1] Admitted 1 requests for model_3
[2026-08-21 22:42:00.652 GPU_Scheduler_1] Admitted 1 requests for model_6
[2026-08-21 22:42:00.749 GPU_Scheduler_0] Admitted 1 requests for model_5
[2026-08-21 22:42:00.750 GPU_Scheduler_1] Admitted 2 requests for model_3
[2026-08-21 22:42:00.761 GPU_Scheduler_0] Admitted 1 requests for model_4
[2026-08-21 22:42:00.783 GPU_Scheduler_0] Admitted 1 requests for model_4
[2026-08-21 22:42:00.785 GPU_Scheduler_1] Admitted 1 requests for model_3
[2026-08-21 22:42:00.805 GPU_Scheduler_0] Admitted 1 requests for model_2
[2026-08-21 22:42:00.840 GPU_Scheduler_1] Admitted 1 requests for model_3
[2026-08-21 22:42:00.849 GPU_Scheduler_0] Admitted 1 requests for model_2
[2026-08-21 22:42:00.915 GPU_Scheduler_0] Admitted 1 requests for model_4
[2026-08-21 22:42:00.931 GPU_Scheduler_1] Admitted 1 requests for model_3
[2026-08-21 22:42:01.077 GPU_Scheduler_1] Admitted 1 requests for model_3
[2026-08-21 22:42:01.089 GPU_Scheduler_1] Admitted 1 requests for model_3
[2026-08-21 22:42:01.112 GPU_Scheduler_1] Admitted 1 requests for model_3
[2026-08-21 22:42:01.153 GPU_Scheduler_0] Admitted 1 requests for model_2
[2026-08-21 22:42:01.226 GPU_Scheduler_1] Admitted 1 requests for model_3
[2026-08-21 22:42:01.271 GPU_Scheduler_1] Admitted 2 requests for model_3
[2026-08-21 22:42:01.304 GPU_Scheduler_0] Admitted 1 requests for model_5
[2026-08-21 22:42:01.336 GPU_Scheduler_0] Admitted 1 requests for model_2
[2026-08-21 22:42:01.359 GPU_Scheduler_0] Admitted 2 requests for model_2
[2026-08-21 22:42:01.423 GPU_Scheduler_1] Admitted 1 requests for model_3
[2026-08-21 22:42:01.467 GPU_Scheduler_1] Admitted 1 requests for model_3
[2026-08-21 22:42:01.670 GPU_Scheduler_0] Admitted 1 requests for model_5
[2026-08-21 22:42:01.815 GPU_Scheduler_1] Admitted 1 requests for model_3
[2026-08-21 22:42:01.837 GPU_Scheduler_1] Admitted 1 requests for model_3
[2026-08-21 22:42:02.118 GPU_Scheduler_0] Admitted 1 requests for model_2
[2026-08-21 22:42:02.162 GPU_Scheduler_1] Admitted 1 requests for model_3
[2026-08-21 22:42:02.173 GPU_Scheduler_1] Admitted 1 requests for model_3
[2026-08-21 22:42:02.204 GPU_Scheduler_0] Admitted 1 requests for model_5
[2026-08-21 22:42:02.215 GPU_Scheduler_0] Admitted 1 requests for model_5
[2026-08-21 22:42:02.237 GPU_Scheduler_0] Admitted 1 requests for model_5
[2026-08-21 22:42:02.322 GPU_Scheduler_0] Admitted 1 requests for model_5
[2026-08-21 22:42:02.419 GPU_Scheduler_0] [V5-LOOP] {"iters": 445, "t_mem": 0.009098764974623919, "t_redis": 0.4727951737586409, "t_admit": 0.007483624387532473, "t_send": 0.029074805323034525, "t_iter": 0.5184523684438318, "admitted": 49, "iter_max": 0.0033544229809194803, "gpu_id": 0, "window_s": 5.010279655456543}
[2026-08-21 22:42:02.431 GPU_Scheduler_1] Admitted 1 requests for model_3
[2026-08-21 22:42:02.443 GPU_Scheduler_1] Admitted 1 requests for model_6
[2026-08-21 22:42:02.454 GPU_Scheduler_1] Admitted 1 requests for model_3
[2026-08-21 22:42:02.564 GPU_Scheduler_1] Admitted 1 requests for model_3
[2026-08-21 22:42:02.578 GPU_Scheduler_0] Admitted 1 requests for model_2
[2026-08-21 22:42:02.665 GPU_Scheduler_1] Admitted 1 requests for model_3
[2026-08-21 22:42:02.742 GPU_Scheduler_0] Admitted 1 requests for model_4
[2026-08-21 22:42:02.869 GPU_Scheduler_1] Admitted 1 requests for model_3
[2026-08-21 22:42:02.954 GPU_Scheduler_1] Admitted 2 requests for model_3
[2026-08-21 22:42:02.964 GPU_Scheduler_0] Admitted 1 requests for model_4
[2026-08-21 22:42:02.976 GPU_Scheduler_0] Admitted 1 requests for model_4
[2026-08-21 22:42:02.987 GPU_Scheduler_1] Admitted 1 requests for model_3
[2026-08-21 22:42:03.083 GPU_Scheduler_1] Admitted 1 requests for model_6
[2026-08-21 22:42:03.104 GPU_Scheduler_1] Admitted 1 requests for model_6
[2026-08-21 22:42:03.137 GPU_Scheduler_1] Admitted 1 requests for model_3
[2026-08-21 22:42:03.148 GPU_Scheduler_1] Admitted 1 requests for model_3
[2026-08-21 22:42:03.181 GPU_Scheduler_1] Admitted 1 requests for model_3
[2026-08-21 22:42:03.213 GPU_Scheduler_1] Admitted 2 requests for model_3
[2026-08-21 22:42:03.224 GPU_Scheduler_1] [V5-LOOP] {"iters": 466, "t_mem": 0.007669729646295309, "t_redis": 0.25841350271366537, "t_admit": 0.006696217926219106, "t_send": 0.02616862626746297, "t_iter": 0.29894807655364275, "admitted": 58, "iter_max": 0.0024371170438826084, "gpu_id": 1, "window_s": 5.0011701583862305}
[2026-08-21 22:42:03.235 GPU_Scheduler_1] Admitted 1 requests for model_6
[2026-08-21 22:42:03.278 GPU_Scheduler_1] Admitted 1 requests for model_3
[2026-08-21 22:42:03.385 GPU_Scheduler_1] Admitted 1 requests for model_3
[2026-08-21 22:42:03.397 GPU_Scheduler_0] Admitted 1 requests for model_4
[2026-08-21 22:42:03.455 GPU_Scheduler_0] Admitted 1 requests for model_2
[2026-08-21 22:42:03.480 GPU_Scheduler_0] Admitted 1 requests for model_4
[2026-08-21 22:42:03.524 GPU_Scheduler_1] Admitted 1 requests for model_3
[2026-08-21 22:42:03.567 GPU_Scheduler_1] Admitted 1 requests for model_6
[2026-08-21 22:42:03.586 GPU_Scheduler_0] Admitted 1 requests for model_4
[2026-08-21 22:42:03.634 GPU_Scheduler_0] Admitted 1 requests for model_5
[2026-08-21 22:42:03.669 GPU_Scheduler_0] Admitted 1 requests for model_4
[2026-08-21 22:42:03.775 GPU_Scheduler_0] Admitted 1 requests for model_4
[2026-08-21 22:42:03.782 GPU_Scheduler_1] Admitted 1 requests for model_3
[2026-08-21 22:42:03.800 GPU_Scheduler_0] Admitted 1 requests for model_5
[2026-08-21 22:42:03.804 GPU_Scheduler_1] Admitted 1 requests for model_3
[2026-08-21 22:42:03.879 GPU_Scheduler_1] Admitted 1 requests for model_3
[2026-08-21 22:42:04.041 GPU_Scheduler_0] Admitted 1 requests for model_5
[2026-08-21 22:42:04.050 GPU_Scheduler_1] Admitted 1 requests for model_3
[2026-08-21 22:42:04.081 GPU_Scheduler_1] Admitted 1 requests for model_3
[2026-08-21 22:42:04.096 GPU_Scheduler_0] Admitted 1 requests for model_5
[2026-08-21 22:42:04.156 GPU_Scheduler_1] Admitted 1 requests for model_3
[2026-08-21 22:42:04.181 GPU_Scheduler_0] Admitted 1 requests for model_4
[2026-08-21 22:42:04.192 GPU_Scheduler_0] Admitted 1 requests for model_5
[2026-08-21 22:42:04.200 GPU_Scheduler_1] Admitted 1 requests for model_3
[2026-08-21 22:42:04.232 GPU_Scheduler_1] Admitted 1 requests for model_6
[2026-08-21 22:42:04.308 GPU_Scheduler_1] Admitted 1 requests for model_3
[2026-08-21 22:42:04.426 GPU_Scheduler_0] Admitted 1 requests for model_5
[2026-08-21 22:42:04.437 GPU_Scheduler_0] Admitted 1 requests for model_2
[2026-08-21 22:42:04.619 GPU_Scheduler_0] Admitted 1 requests for model_2
[2026-08-21 22:42:04.653 GPU_Scheduler_1] Admitted 1 requests for model_6
[2026-08-21 22:42:04.683 GPU_Scheduler_0] Admitted 1 requests for model_4
[2026-08-21 22:42:04.686 GPU_Scheduler_1] Admitted 1 requests for model_3
[2026-08-21 22:42:04.731 GPU_Scheduler_1] Admitted 1 requests for model_3
[2026-08-21 22:42:04.743 GPU_Scheduler_1] Admitted 1 requests for model_3
[2026-08-21 22:42:04.743 GPU_Scheduler_1] Admitted 1 requests for model_6
[2026-08-21 22:42:04.799 GPU_Scheduler_1] Admitted 1 requests for model_3
[2026-08-21 22:42:04.842 GPU_Scheduler_1] Admitted 1 requests for model_3
[2026-08-21 22:42:04.843 GPU_Scheduler_0] Admitted 1 requests for model_2
[2026-08-21 22:42:04.855 GPU_Scheduler_0] Admitted 1 requests for model_4
[2026-08-21 22:42:04.887 GPU_Scheduler_0] Admitted 1 requests for model_5
[2026-08-21 22:42:04.898 GPU_Scheduler_0] Admitted 1 requests for model_5
[2026-08-21 22:42:04.962 GPU_Scheduler_0] Admitted 1 requests for model_4
[2026-08-21 22:42:05.049 GPU_Scheduler_1] Admitted 1 requests for model_3
[2026-08-21 22:42:05.070 GPU_Scheduler_0] Admitted 1 requests for model_4
[2026-08-21 22:42:05.134 GPU_Scheduler_1] Admitted 1 requests for model_3
[2026-08-21 22:42:05.134 GPU_Scheduler_0] Admitted 1 requests for model_5
[2026-08-21 22:42:05.316 GPU_Scheduler_1] Admitted 1 requests for model_3
[2026-08-21 22:42:05.412 GPU_Scheduler_1] Admitted 2 requests for model_3
[2026-08-21 22:42:05.434 GPU_Scheduler_1] Admitted 2 requests for model_3
[2026-08-21 22:42:05.465 GPU_Scheduler_0] Admitted 1 requests for model_5
[2026-08-21 22:42:05.604 GPU_Scheduler_0] Admitted 1 requests for model_5
[2026-08-21 22:42:05.615 GPU_Scheduler_0] Admitted 1 requests for model_4
[2026-08-21 22:42:05.648 GPU_Scheduler_1] Admitted 1 requests for model_3
[2026-08-21 22:42:05.758 GPU_Scheduler_1] Admitted 1 requests for model_3
[2026-08-21 22:42:05.780 GPU_Scheduler_1] Admitted 1 requests for model_3
[2026-08-21 22:42:05.828 GPU_Scheduler_0] Admitted 1 requests for model_4
[2026-08-21 22:42:05.847 GPU_Scheduler_1] Admitted 1 requests for model_3
[2026-08-21 22:42:05.859 GPU_Scheduler_1] Admitted 1 requests for model_3
[2026-08-21 22:42:05.861 GPU_Scheduler_0] Admitted 2 requests for model_5
[2026-08-21 22:42:05.892 GPU_Scheduler_1] Admitted 1 requests for model_3
[2026-08-21 22:42:05.936 GPU_Scheduler_0] Admitted 1 requests for model_5
[2026-08-21 22:42:05.947 GPU_Scheduler_1] Admitted 1 requests for model_3
[2026-08-21 22:42:05.968 GPU_Scheduler_0] Admitted 1 requests for model_2
[2026-08-21 22:42:05.992 GPU_Scheduler_1] Admitted 1 requests for model_3
[2026-08-21 22:42:06.277 GPU_Scheduler_0] Admitted 1 requests for model_4
[2026-08-21 22:42:06.361 GPU_Scheduler_1] Admitted 1 requests for model_3
[2026-08-21 22:42:06.374 GPU_Scheduler_0] Admitted 1 requests for model_5
[2026-08-21 22:42:06.383 GPU_Scheduler_1] Admitted 1 requests for model_3
[2026-08-21 22:42:06.427 GPU_Scheduler_1] Admitted 1 requests for model_3
[2026-08-21 22:42:06.578 GPU_Scheduler_0] Admitted 1 requests for model_4
[2026-08-21 22:42:06.580 GPU_Scheduler_1] Admitted 1 requests for model_3
[2026-08-21 22:42:06.591 GPU_Scheduler_1] Admitted 1 requests for model_3
[2026-08-21 22:42:06.645 GPU_Scheduler_1] Admitted 1 requests for model_6
[2026-08-21 22:42:06.664 GPU_Scheduler_0] Admitted 1 requests for model_2
[2026-08-21 22:42:06.792 GPU_Scheduler_0] Admitted 1 requests for model_4
[2026-08-21 22:42:06.827 GPU_Scheduler_1] Admitted 1 requests for model_6
[2026-08-21 22:42:06.927 GPU_Scheduler_1] Admitted 1 requests for model_3
[2026-08-21 22:42:06.938 GPU_Scheduler_1] Admitted 1 requests for model_6
[2026-08-21 22:42:06.961 GPU_Scheduler_1] Admitted 1 requests for model_3
[2026-08-21 22:42:07.048 GPU_Scheduler_0] Admitted 1 requests for model_2
[2026-08-21 22:42:07.071 GPU_Scheduler_1] Admitted 1 requests for model_3
[2026-08-21 22:42:07.144 GPU_Scheduler_0] Admitted 2 requests for model_4
[2026-08-21 22:42:07.219 GPU_Scheduler_0] Admitted 1 requests for model_4
[2026-08-21 22:42:07.245 GPU_Scheduler_1] Admitted 1 requests for model_3
[2026-08-21 22:42:07.358 GPU_Scheduler_0] Admitted 1 requests for model_5
[2026-08-21 22:42:07.422 GPU_Scheduler_0] [V5-LOOP] {"iters": 457, "t_mem": 0.007453702390193939, "t_redis": 0.35941662872210145, "t_admit": 0.00560313556343317, "t_send": 0.02013007504865527, "t_iter": 0.39260354172438383, "admitted": 45, "iter_max": 0.0027722090017050505, "gpu_id": 0, "window_s": 5.002450704574585}
[2026-08-21 22:42:07.437 GPU_Scheduler_1] Admitted 1 requests for model_3
[2026-08-21 22:42:07.443 GPU_Scheduler_0] Admitted 1 requests for model_2
[2026-08-21 22:42:07.469 GPU_Scheduler_1] Admitted 1 requests for model_3
[2026-08-21 22:42:07.512 GPU_Scheduler_1] Admitted 1 requests for model_3
[2026-08-21 22:42:07.544 GPU_Scheduler_1] Admitted 1 requests for model_3
[2026-08-21 22:42:07.652 GPU_Scheduler_1] Admitted 1 requests for model_3
[2026-08-21 22:42:07.706 GPU_Scheduler_1] Admitted 1 requests for model_3
[2026-08-21 22:42:07.717 GPU_Scheduler_1] Admitted 1 requests for model_3
[2026-08-21 22:42:07.730 GPU_Scheduler_0] Admitted 1 requests for model_5
[2026-08-21 22:42:07.824 GPU_Scheduler_1] Admitted 1 requests for model_3
[2026-08-21 22:42:08.062 GPU_Scheduler_1] Admitted 1 requests for model_3
[2026-08-21 22:42:08.089 GPU_Scheduler_0] Admitted 1 requests for model_4
[2026-08-21 22:42:08.122 GPU_Scheduler_0] Admitted 1 requests for model_5
[2026-08-21 22:42:08.142 GPU_Scheduler_1] Admitted 1 requests for model_3
[2026-08-21 22:42:08.167 GPU_Scheduler_0] Admitted 1 requests for model_2
[2026-08-21 22:42:08.232 GPU_Scheduler_1] [V5-LOOP] {"iters": 462, "t_mem": 0.008616209728643298, "t_redis": 0.29842853592708707, "t_admit": 0.007865662453696132, "t_send": 0.03140994277782738, "t_iter": 0.3463203508872539, "admitted": 58, "iter_max": 0.0036511351354420185, "gpu_id": 1, "window_s": 5.007198095321655}
[2026-08-21 22:42:08.298 GPU_Scheduler_1] Admitted 1 requests for model_3
[2026-08-21 22:42:08.333 GPU_Scheduler_1] Admitted 1 requests for model_3
[2026-08-21 22:42:08.364 GPU_Scheduler_0] Admitted 1 requests for model_2
[2026-08-21 22:42:08.422 GPU_Scheduler_1] Admitted 1 requests for model_3
[2026-08-21 22:42:08.445 GPU_Scheduler_1] Admitted 1 requests for model_3
[2026-08-21 22:42:08.481 GPU_Scheduler_0] Admitted 1 requests for model_4
[2026-08-21 22:42:08.505 GPU_Scheduler_0] Admitted 1 requests for model_4
[2026-08-21 22:42:08.517 GPU_Scheduler_0] Admitted 1 requests for model_4
[2026-08-21 22:42:08.521 GPU_Scheduler_1] Admitted 1 requests for model_3
[2026-08-21 22:42:08.588 GPU_Scheduler_1] Admitted 1 requests for model_3
[2026-08-21 22:42:08.600 GPU_Scheduler_1] Admitted 1 requests for model_3
[2026-08-21 22:42:08.656 GPU_Scheduler_0] Admitted 1 requests for model_5
[2026-08-21 22:42:08.678 GPU_Scheduler_1] Admitted 2 requests for model_3
[2026-08-21 22:42:08.690 GPU_Scheduler_1] Admitted 1 requests for model_3
[2026-08-21 22:42:08.724 GPU_Scheduler_1] Admitted 1 requests for model_3
[2026-08-21 22:42:08.777 GPU_Scheduler_1] Admitted 1 requests for model_3
[2026-08-21 22:42:09.154 GPU_Scheduler_0] Admitted 1 requests for model_2
[2026-08-21 22:42:09.159 GPU_Scheduler_1] Admitted 1 requests for model_6
[2026-08-21 22:42:09.255 GPU_Scheduler_1] Admitted 1 requests for model_3
[2026-08-21 22:42:09.381 GPU_Scheduler_1] Admitted 1 requests for model_3
[2026-08-21 22:42:09.427 GPU_Scheduler_0] Admitted 1 requests for model_4
[2026-08-21 22:42:09.455 GPU_Scheduler_1] Admitted 1 requests for model_6
[2026-08-21 22:42:09.481 GPU_Scheduler_0] Admitted 1 requests for model_2
[2026-08-21 22:42:09.482 GPU_Scheduler_0] Admitted 1 requests for model_4
[2026-08-21 22:42:09.528 GPU_Scheduler_0] Admitted 1 requests for model_2
[2026-08-21 22:42:09.529 GPU_Scheduler_1] Admitted 1 requests for model_3
[2026-08-21 22:42:09.561 GPU_Scheduler_1] Admitted 1 requests for model_6
[2026-08-21 22:42:09.574 GPU_Scheduler_0] Admitted 1 requests for model_5
[2026-08-21 22:42:09.768 GPU_Scheduler_0] Admitted 1 requests for model_5
[2026-08-21 22:42:09.826 GPU_Scheduler_0] Admitted 1 requests for model_5
[2026-08-21 22:42:09.862 GPU_Scheduler_0] Admitted 1 requests for model_2
[2026-08-21 22:42:09.932 GPU_Scheduler_0] Admitted 1 requests for model_5
[2026-08-21 22:42:09.956 GPU_Scheduler_0] Admitted 1 requests for model_4
[2026-08-21 22:42:10.073 GPU_Scheduler_0] Admitted 1 requests for model_2
[2026-08-21 22:42:10.097 GPU_Scheduler_0] Admitted 1 requests for model_2
[2026-08-21 22:42:10.133 GPU_Scheduler_0] Admitted 1 requests for model_2
[2026-08-21 22:42:10.167 GPU_Scheduler_1] Admitted 1 requests for model_3
[2026-08-21 22:42:10.252 GPU_Scheduler_1] Admitted 2 requests for model_3
[2026-08-21 22:42:10.328 GPU_Scheduler_1] Admitted 1 requests for model_6
[2026-08-21 22:42:10.360 GPU_Scheduler_1] Admitted 1 requests for model_3
[2026-08-21 22:42:10.390 GPU_Scheduler_0] Admitted 1 requests for model_2
[2026-08-21 22:42:10.401 GPU_Scheduler_0] Admitted 1 requests for model_2
[2026-08-21 22:42:10.401 GPU_Scheduler_0] Admitted 1 requests for model_5
[2026-08-21 22:42:10.467 GPU_Scheduler_0] Admitted 1 requests for model_2
[2026-08-21 22:42:10.544 GPU_Scheduler_0] Admitted 1 requests for model_4
[2026-08-21 22:42:10.700 GPU_Scheduler_1] Admitted 1 requests for model_3
[2026-08-21 22:42:10.807 GPU_Scheduler_0] Admitted 1 requests for model_2
[2026-08-21 22:42:10.841 GPU_Scheduler_0] Admitted 1 requests for model_4
[2026-08-21 22:42:11.104 GPU_Scheduler_0] Admitted 1 requests for model_2
[2026-08-21 22:42:11.104 GPU_Scheduler_1] Admitted 1 requests for model_3
[2026-08-21 22:42:11.148 GPU_Scheduler_1] Admitted 1 requests for model_6
[2026-08-21 22:42:11.191 GPU_Scheduler_1] Admitted 1 requests for model_3
[2026-08-21 22:42:11.191 GPU_Scheduler_1] Admitted 1 requests for model_6
[2026-08-21 22:42:11.195 GPU_Scheduler_0] Admitted 1 requests for model_4
[2026-08-21 22:42:11.276 GPU_Scheduler_1] Admitted 1 requests for model_3
[2026-08-21 22:42:11.287 GPU_Scheduler_1] Admitted 1 requests for model_3
[2026-08-21 22:42:11.373 GPU_Scheduler_1] Admitted 1 requests for model_3
[2026-08-21 22:42:11.400 GPU_Scheduler_0] Admitted 1 requests for model_5
[2026-08-21 22:42:11.412 GPU_Scheduler_0] Admitted 1 requests for model_5
[2026-08-21 22:42:11.458 GPU_Scheduler_1] Admitted 1 requests for model_3
[2026-08-21 22:42:11.633 GPU_Scheduler_0] Admitted 1 requests for model_4
[2026-08-21 22:42:11.657 GPU_Scheduler_0] Admitted 1 requests for model_2
[2026-08-21 22:42:11.660 GPU_Scheduler_1] Admitted 1 requests for model_3
[2026-08-21 22:42:11.745 GPU_Scheduler_1] Admitted 1 requests for model_3
[2026-08-21 22:42:11.745 GPU_Scheduler_1] Admitted 1 requests for model_6
[2026-08-21 22:42:11.751 GPU_Scheduler_0] Admitted 1 requests for model_4
[2026-08-21 22:42:11.751 GPU_Scheduler_0] Admitted 1 requests for model_5
[2026-08-21 22:42:11.862 GPU_Scheduler_1] Admitted 1 requests for model_3
[2026-08-21 22:42:12.069 GPU_Scheduler_0] Admitted 1 requests for model_4
[2026-08-21 22:42:12.159 GPU_Scheduler_1] Admitted 1 requests for model_3
[2026-08-21 22:42:12.350 GPU_Scheduler_0] Admitted 1 requests for model_5
[2026-08-21 22:42:12.431 GPU_Scheduler_0] [V5-LOOP] {"iters": 442, "t_mem": 0.009580698097124696, "t_redis": 0.5071086206007749, "t_admit": 0.006813992979004979, "t_send": 0.02566364617086947, "t_iter": 0.549166957847774, "admitted": 41, "iter_max": 0.00305404094979167, "gpu_id": 0, "window_s": 5.009411096572876}
[2026-08-21 22:42:12.444 GPU_Scheduler_1] Admitted 1 requests for model_3
[2026-08-21 22:42:12.476 GPU_Scheduler_1] Admitted 1 requests for model_3
[2026-08-21 22:42:12.581 GPU_Scheduler_1] Admitted 1 requests for model_3
[2026-08-21 22:42:12.723 GPU_Scheduler_0] Admitted 2 requests for model_5
[2026-08-21 22:42:12.739 GPU_Scheduler_1] Admitted 1 requests for model_3
[2026-08-21 22:42:12.783 GPU_Scheduler_0] Admitted 1 requests for model_5
[2026-08-21 22:42:12.818 GPU_Scheduler_0] Admitted 1 requests for model_4
[2026-08-21 22:42:12.842 GPU_Scheduler_0] Admitted 1 requests for model_4
[2026-08-21 22:42:12.902 GPU_Scheduler_0] Admitted 1 requests for model_5
[2026-08-21 22:42:13.013 GPU_Scheduler_1] Admitted 1 requests for model_3
[2026-08-21 22:42:13.042 GPU_Scheduler_0] Admitted 1 requests for model_5
[2026-08-21 22:42:13.054 GPU_Scheduler_0] Admitted 1 requests for model_5
[2026-08-21 22:42:13.055 GPU_Scheduler_1] Admitted 1 requests for model_3
[2026-08-21 22:42:13.108 GPU_Scheduler_1] Admitted 1 requests for model_3
[2026-08-21 22:42:13.235 GPU_Scheduler_1] [V5-LOOP] {"iters": 469, "t_mem": 0.007174658821895719, "t_redis": 0.239633749704808, "t_admit": 0.005711974110454321, "t_send": 0.020467385184019804, "t_iter": 0.27298776782117784, "admitted": 44, "iter_max": 0.0021164738573133945, "gpu_id": 1, "window_s": 5.002792835235596}
[2026-08-21 22:42:13.238 GPU_Scheduler_0] Admitted 1 requests for model_2
[2026-08-21 22:42:13.249 GPU_Scheduler_0] Admitted 1 requests for model_2
[2026-08-21 22:42:13.309 GPU_Scheduler_1] Admitted 1 requests for model_3
[2026-08-21 22:42:13.342 GPU_Scheduler_1] Admitted 1 requests for model_6
[2026-08-21 22:42:13.385 GPU_Scheduler_1] Admitted 2 requests for model_3
[2026-08-21 22:42:13.396 GPU_Scheduler_1] Admitted 1 requests for model_3
[2026-08-21 22:42:13.407 GPU_Scheduler_1] Admitted 1 requests for model_3
[2026-08-21 22:42:13.423 GPU_Scheduler_0] Admitted 1 requests for model_4
[2026-08-21 22:42:13.445 GPU_Scheduler_0] Admitted 1 requests for model_5
[2026-08-21 22:42:13.544 GPU_Scheduler_0] Admitted 1 requests for model_4
[2026-08-21 22:42:13.640 GPU_Scheduler_1] Admitted 1 requests for model_3
[2026-08-21 22:42:13.653 GPU_Scheduler_0] Admitted 1 requests for model_5
[2026-08-21 22:42:13.692 GPU_Scheduler_1] Admitted 1 requests for model_3
[2026-08-21 22:42:13.735 GPU_Scheduler_1] Admitted 1 requests for model_3
[2026-08-21 22:42:13.783 GPU_Scheduler_0] Admitted 1 requests for model_2
[2026-08-21 22:42:13.794 GPU_Scheduler_0] Admitted 1 requests for model_2
[2026-08-21 22:42:13.798 GPU_Scheduler_1] Admitted 1 requests for model_3
[2026-08-21 22:42:13.829 GPU_Scheduler_1] Admitted 1 requests for model_3
[2026-08-21 22:42:13.849 GPU_Scheduler_0] Admitted 1 requests for model_2
[2026-08-21 22:42:13.892 GPU_Scheduler_1] Admitted 2 requests for model_3
[2026-08-21 22:42:13.915 GPU_Scheduler_0] Admitted 1 requests for model_5
[2026-08-21 22:42:13.924 GPU_Scheduler_1] Admitted 1 requests for model_3
[2026-08-21 22:42:13.998 GPU_Scheduler_1] Admitted 1 requests for model_6
[2026-08-21 22:42:14.145 GPU_Scheduler_1] Admitted 1 requests for model_3
[2026-08-21 22:42:14.155 GPU_Scheduler_1] Admitted 1 requests for model_3
[2026-08-21 22:42:14.187 GPU_Scheduler_1] Admitted 1 requests for model_3
[2026-08-21 22:42:14.229 GPU_Scheduler_1] Admitted 1 requests for model_3
[2026-08-21 22:42:14.230 GPU_Scheduler_0] Admitted 1 requests for model_4
[2026-08-21 22:42:14.271 GPU_Scheduler_1] Admitted 1 requests for model_3
[2026-08-21 22:42:14.313 GPU_Scheduler_1] Admitted 1 requests for model_6
[2026-08-21 22:42:14.491 GPU_Scheduler_1] Admitted 1 requests for model_3
[2026-08-21 22:42:14.512 GPU_Scheduler_1] Admitted 1 requests for model_3
[2026-08-21 22:42:14.534 GPU_Scheduler_1] Admitted 1 requests for model_3
[2026-08-21 22:42:14.638 GPU_Scheduler_1] Admitted 2 requests for model_3
[2026-08-21 22:42:14.687 GPU_Scheduler_0] Admitted 1 requests for model_5
[2026-08-21 22:42:14.722 GPU_Scheduler_1] Admitted 1 requests for model_3
[2026-08-21 22:42:14.764 GPU_Scheduler_0] Admitted 1 requests for model_2
[2026-08-21 22:42:14.764 GPU_Scheduler_0] Admitted 1 requests for model_5
[2026-08-21 22:42:14.776 GPU_Scheduler_0] Admitted 1 requests for model_5
[2026-08-21 22:42:14.785 GPU_Scheduler_1] Admitted 1 requests for model_3
[2026-08-21 22:42:14.796 GPU_Scheduler_1] Admitted 1 requests for model_6
[2026-08-21 22:42:14.828 GPU_Scheduler_1] Admitted 1 requests for model_3
[2026-08-21 22:42:14.842 GPU_Scheduler_0] Admitted 1 requests for model_2
[2026-08-21 22:42:14.908 GPU_Scheduler_0] Admitted 1 requests for model_5
[2026-08-21 22:42:14.964 GPU_Scheduler_1] Admitted 1 requests for model_3
[2026-08-21 22:42:14.984 GPU_Scheduler_0] Admitted 1 requests for model_4
[2026-08-21 22:42:15.017 GPU_Scheduler_0] Admitted 1 requests for model_2
[2026-08-21 22:42:15.050 GPU_Scheduler_0] Admitted 1 requests for model_4
[2026-08-21 22:42:15.100 GPU_Scheduler_1] Admitted 1 requests for model_6
[2026-08-21 22:42:15.111 GPU_Scheduler_1] Admitted 1 requests for model_3
[2026-08-21 22:42:15.116 GPU_Scheduler_0] Admitted 1 requests for model_4
[2026-08-21 22:42:15.122 GPU_Scheduler_1] Admitted 1 requests for model_3
[2026-08-21 22:42:15.138 GPU_Scheduler_0] Admitted 1 requests for model_5
[2026-08-21 22:42:15.164 GPU_Scheduler_1] Admitted 1 requests for model_3
[2026-08-21 22:42:15.248 GPU_Scheduler_1] Admitted 1 requests for model_3
[2026-08-21 22:42:15.290 GPU_Scheduler_1] Admitted 2 requests for model_3
[2026-08-21 22:42:15.301 GPU_Scheduler_1] Admitted 1 requests for model_3
[2026-08-21 22:42:15.364 GPU_Scheduler_1] Admitted 1 requests for model_3
[2026-08-21 22:42:15.366 GPU_Scheduler_0] Admitted 1 requests for model_5
[2026-08-21 22:42:15.432 GPU_Scheduler_0] Admitted 1 requests for model_5
[2026-08-21 22:42:15.475 GPU_Scheduler_0] Admitted 1 requests for model_4
[2026-08-21 22:42:15.511 GPU_Scheduler_1] Admitted 1 requests for model_3
[2026-08-21 22:42:15.552 GPU_Scheduler_0] Admitted 1 requests for model_2
[2026-08-21 22:42:15.773 GPU_Scheduler_1] Admitted 1 requests for model_3
[2026-08-21 22:42:15.877 GPU_Scheduler_1] Admitted 1 requests for model_3
[2026-08-21 22:42:15.878 GPU_Scheduler_0] Admitted 1 requests for model_5
[2026-08-21 22:42:15.971 GPU_Scheduler_1] Admitted 1 requests for model_3
[2026-08-21 22:42:16.160 GPU_Scheduler_0] Admitted 1 requests for model_5
[2026-08-21 22:42:16.170 GPU_Scheduler_1] Admitted 1 requests for model_6
[2026-08-21 22:42:16.172 GPU_Scheduler_0] Admitted 2 requests for model_2
[2026-08-21 22:42:16.212 GPU_Scheduler_1] Admitted 1 requests for model_3
[2026-08-21 22:42:16.243 GPU_Scheduler_1] Admitted 1 requests for model_3
[2026-08-21 22:42:16.260 GPU_Scheduler_0] Admitted 1 requests for model_5
[2026-08-21 22:42:16.296 GPU_Scheduler_1] Admitted 1 requests for model_3
[2026-08-21 22:42:16.359 GPU_Scheduler_1] Admitted 1 requests for model_3
[2026-08-21 22:42:16.379 GPU_Scheduler_0] Admitted 1 requests for model_5
[2026-08-21 22:42:16.477 GPU_Scheduler_0] Admitted 1 requests for model_4
[2026-08-21 22:42:16.500 GPU_Scheduler_0] Admitted 1 requests for model_5
[2026-08-21 22:42:16.641 GPU_Scheduler_0] Admitted 1 requests for model_5
[2026-08-21 22:42:16.738 GPU_Scheduler_0] Admitted 1 requests for model_5
[2026-08-21 22:42:16.749 GPU_Scheduler_0] Admitted 1 requests for model_5
[2026-08-21 22:42:16.782 GPU_Scheduler_0] Admitted 1 requests for model_5
[2026-08-21 22:42:16.868 GPU_Scheduler_0] Admitted 1 requests for model_5
[2026-08-21 22:42:16.944 GPU_Scheduler_0] Admitted 1 requests for model_5
[2026-08-21 22:42:16.998 GPU_Scheduler_0] Admitted 1 requests for model_5
[2026-08-21 22:42:17.052 GPU_Scheduler_0] Admitted 1 requests for model_2
[2026-08-21 22:42:17.343 GPU_Scheduler_0] Admitted 1 requests for model_5
[2026-08-21 22:42:17.440 GPU_Scheduler_0] [V5-LOOP] {"iters": 455, "t_mem": 0.007537078578025103, "t_redis": 0.38120042718946934, "t_admit": 0.006057486869394779, "t_send": 0.02455239719711244, "t_iter": 0.41934738983400166, "admitted": 51, "iter_max": 0.0030494309030473232, "gpu_id": 0, "window_s": 5.008540630340576}
[2026-08-21 22:42:17.515 GPU_Scheduler_0] Admitted 1 requests for model_5
[2026-08-21 22:42:17.537 GPU_Scheduler_0] Admitted 1 requests for model_5
[2026-08-21 22:42:17.602 GPU_Scheduler_0] Admitted 1 requests for model_5
[2026-08-21 22:42:17.753 GPU_Scheduler_0] Admitted 2 requests for model_5
[2026-08-21 22:42:17.775 GPU_Scheduler_0] Admitted 1 requests for model_4
[2026-08-21 22:42:17.819 GPU_Scheduler_0] Admitted 1 requests for model_5
[2026-08-21 22:42:17.852 GPU_Scheduler_0] Admitted 1 requests for model_4
[2026-08-21 22:42:17.885 GPU_Scheduler_0] Admitted 1 requests for model_5
[2026-08-21 22:42:17.907 GPU_Scheduler_0] Admitted 1 requests for model_4
[2026-08-21 22:42:18.133 GPU_Scheduler_0] Admitted 1 requests for model_5
[2026-08-21 22:42:18.151 GPU_Scheduler_0] Received activate request for model model_1
[2026-08-21 22:42:18.151 GPU_Scheduler_0] Received activate request for model_1, model_states: {'model_1': 'activating', 'model_2': 'activated', 'model_3': 'deactivated', 'model_4': 'activated', 'model_5': 'activated', 'model_6': 'deactivated'}
[2026-08-21 22:42:18.151 GPU_Scheduler_0] Assign worker 3 to model_1. Current model_to_worker: {'model_5': 1, 'model_2': 2, 'model_4': 0, 'model_1': 3}
[2026-08-21 22:42:18.155 GPU_Scheduler_0] Admitted 5 requests for model_1
[2026-08-21 22:42:18.238 GPU_Scheduler_1] [V5-LOOP] {"iters": 476, "t_mem": 0.006065109744668007, "t_redis": 0.17826005979441106, "t_admit": 0.004226743476465344, "t_send": 0.015971705550327897, "t_iter": 0.2045236185658723, "admitted": 49, "iter_max": 0.0012295180931687355, "gpu_id": 1, "window_s": 5.002928018569946}
[2026-08-21 22:42:18.288 GPU_Scheduler_0] Admitted 1 requests for model_5
[2026-08-21 22:42:18.343 GPU_Scheduler_0] Admitted 1 requests for model_4
[2026-08-21 22:42:18.387 GPU_Scheduler_0] Admitted 1 requests for model_1
[2026-08-21 22:42:18.388 GPU_Scheduler_0] Admitted 1 requests for model_5
[2026-08-21 22:42:18.465 GPU_Scheduler_0] Admitted 1 requests for model_5
[2026-08-21 22:42:18.477 GPU_Scheduler_0] Admitted 1 requests for model_5
[2026-08-21 22:42:18.510 GPU_Scheduler_0] Admitted 1 requests for model_4
[2026-08-21 22:42:18.521 GPU_Scheduler_0] Admitted 1 requests for model_5
[2026-08-21 22:42:18.532 GPU_Scheduler_0] Admitted 1 requests for model_1
[2026-08-21 22:42:18.698 GPU_Scheduler_0] Admitted 1 requests for model_4
[2026-08-21 22:42:18.775 GPU_Scheduler_0] Admitted 1 requests for model_5
[2026-08-21 22:42:18.819 GPU_Scheduler_0] Admitted 1 requests for model_5
[2026-08-21 22:42:18.962 GPU_Scheduler_0] Admitted 1 requests for model_4
[2026-08-21 22:42:19.051 GPU_Scheduler_0] Admitted 1 requests for model_5
[2026-08-21 22:42:19.096 GPU_Scheduler_0] Admitted 1 requests for model_1
[2026-08-21 22:42:19.107 GPU_Scheduler_0] Admitted 1 requests for model_5
[2026-08-21 22:42:19.163 GPU_Scheduler_0] Admitted 1 requests for model_2
[2026-08-21 22:42:19.340 GPU_Scheduler_0] Admitted 1 requests for model_5
[2026-08-21 22:42:19.395 GPU_Scheduler_0] Admitted 1 requests for model_5
[2026-08-21 22:42:19.439 GPU_Scheduler_0] Admitted 1 requests for model_5
[2026-08-21 22:42:19.483 GPU_Scheduler_0] Admitted 1 requests for model_5
[2026-08-21 22:42:19.596 GPU_Scheduler_0] Admitted 1 requests for model_5
[2026-08-21 22:42:19.677 GPU_Scheduler_0] Admitted 1 requests for model_4
[2026-08-21 22:42:19.734 GPU_Scheduler_0] Admitted 1 requests for model_4
[2026-08-21 22:42:19.910 GPU_Scheduler_0] Model model_1 (instance 0) activation succeeded on GPU 0
[2026-08-21 22:42:19.910 GPU_Scheduler_0] Admitted 1 requests for model_5
[2026-08-21 22:42:19.975 GPU_Scheduler_0] Admitted 1 requests for model_5
[2026-08-21 22:42:20.007 GPU_Scheduler_0] Admitted 1 requests for model_5
[2026-08-21 22:42:20.104 GPU_Scheduler_0] Admitted 1 requests for model_1
[2026-08-21 22:42:20.148 GPU_Scheduler_0] Admitted 1 requests for model_1
[2026-08-21 22:42:20.159 GPU_Scheduler_0] Admitted 1 requests for model_5
[2026-08-21 22:42:20.192 GPU_Scheduler_0] Admitted 1 requests for model_4
[2026-08-21 22:42:20.235 GPU_Scheduler_0] Admitted 1 requests for model_4
[2026-08-21 22:42:20.246 GPU_Scheduler_0] Admitted 1 requests for model_5
[2026-08-21 22:42:20.268 GPU_Scheduler_0] Admitted 1 requests for model_4
[2026-08-21 22:42:20.279 GPU_Scheduler_0] Admitted 1 requests for model_5
[2026-08-21 22:42:20.301 GPU_Scheduler_0] Admitted 1 requests for model_1
[2026-08-21 22:42:20.334 GPU_Scheduler_0] Admitted 1 requests for model_5
[2026-08-21 22:42:20.549 GPU_Scheduler_0] Admitted 1 requests for model_5
[2026-08-21 22:42:20.571 GPU_Scheduler_0] Admitted 1 requests for model_5
[2026-08-21 22:42:20.635 GPU_Scheduler_0] Admitted 1 requests for model_4
[2026-08-21 22:42:20.646 GPU_Scheduler_0] Admitted 1 requests for model_5
[2026-08-21 22:42:20.948 GPU_Scheduler_0] Admitted 2 requests for model_5
[2026-08-21 22:42:20.971 GPU_Scheduler_0] Admitted 1 requests for model_5
[2026-08-21 22:42:20.982 GPU_Scheduler_0] Admitted 1 requests for model_5
[2026-08-21 22:42:21.134 GPU_Scheduler_0] Admitted 1 requests for model_5
[2026-08-21 22:42:21.178 GPU_Scheduler_0] Admitted 1 requests for model_2
[2026-08-21 22:42:21.189 GPU_Scheduler_0] Admitted 1 requests for model_5
[2026-08-21 22:42:21.200 GPU_Scheduler_0] Admitted 1 requests for model_4
[2026-08-21 22:42:21.320 GPU_Scheduler_0] Admitted 2 requests for model_5
[2026-08-21 22:42:21.353 GPU_Scheduler_0] Admitted 1 requests for model_5
[2026-08-21 22:42:21.364 GPU_Scheduler_0] Admitted 1 requests for model_1
[2026-08-21 22:42:21.386 GPU_Scheduler_0] Admitted 1 requests for model_5
[2026-08-21 22:42:21.408 GPU_Scheduler_0] Admitted 1 requests for model_4
[2026-08-21 22:42:21.419 GPU_Scheduler_0] Admitted 1 requests for model_5
[2026-08-21 22:42:21.474 GPU_Scheduler_0] Admitted 1 requests for model_5
[2026-08-21 22:42:21.496 GPU_Scheduler_0] Admitted 1 requests for model_5
[2026-08-21 22:42:21.507 GPU_Scheduler_0] Admitted 2 requests for model_1
[2026-08-21 22:42:21.518 GPU_Scheduler_0] Admitted 1 requests for model_5
[2026-08-21 22:42:21.551 GPU_Scheduler_0] Admitted 1 requests for model_4
[2026-08-21 22:42:21.595 GPU_Scheduler_0] Admitted 2 requests for model_5
[2026-08-21 22:42:21.628 GPU_Scheduler_0] Admitted 2 requests for model_5
[2026-08-21 22:42:21.651 GPU_Scheduler_0] Admitted 1 requests for model_1
[2026-08-21 22:42:21.770 GPU_Scheduler_0] Admitted 1 requests for model_2
[2026-08-21 22:42:21.792 GPU_Scheduler_0] Admitted 1 requests for model_5
[2026-08-21 22:42:21.858 GPU_Scheduler_0] Admitted 1 requests for model_5
[2026-08-21 22:42:21.923 GPU_Scheduler_0] Admitted 1 requests for model_5
[2026-08-21 22:42:21.956 GPU_Scheduler_0] Admitted 1 requests for model_5
[2026-08-21 22:42:22.010 GPU_Scheduler_0] Admitted 1 requests for model_5
[2026-08-21 22:42:22.064 GPU_Scheduler_0] Admitted 1 requests for model_1
[2026-08-21 22:42:22.075 GPU_Scheduler_0] Admitted 1 requests for model_4
[2026-08-21 22:42:22.097 GPU_Scheduler_0] Admitted 1 requests for model_4
[2026-08-21 22:42:22.141 GPU_Scheduler_0] Admitted 1 requests for model_1
[2026-08-21 22:42:22.163 GPU_Scheduler_0] Admitted 1 requests for model_1
[2026-08-21 22:42:22.174 GPU_Scheduler_0] Admitted 1 requests for model_1
[2026-08-21 22:42:22.174 GPU_Scheduler_0] Admitted 1 requests for model_2
[2026-08-21 22:42:22.218 GPU_Scheduler_0] Admitted 1 requests for model_5
[2026-08-21 22:42:22.316 GPU_Scheduler_0] Admitted 1 requests for model_5
[2026-08-21 22:42:22.327 GPU_Scheduler_0] Admitted 1 requests for model_5
[2026-08-21 22:42:22.371 GPU_Scheduler_0] Admitted 1 requests for model_4
[2026-08-21 22:42:22.426 GPU_Scheduler_0] Admitted 1 requests for model_4
[2026-08-21 22:42:22.447 GPU_Scheduler_0] Admitted 1 requests for model_5
[2026-08-21 22:42:22.448 GPU_Scheduler_0] [V5-LOOP] {"iters": 457, "t_mem": 0.006425819592550397, "t_redis": 0.35291616269387305, "t_admit": 0.006039161467924714, "t_send": 0.03438266064040363, "t_iter": 0.3997638043947518, "admitted": 102, "iter_max": 0.0023892458993941545, "gpu_id": 0, "window_s": 5.007641792297363}
[2026-08-21 22:42:22.491 GPU_Scheduler_0] Admitted 1 requests for model_1
[2026-08-21 22:42:22.524 GPU_Scheduler_0] Admitted 1 requests for model_5
[2026-08-21 22:42:22.664 GPU_Scheduler_0] Admitted 1 requests for model_5
[2026-08-21 22:42:22.783 GPU_Scheduler_0] Admitted 1 requests for model_5
[2026-08-21 22:42:22.859 GPU_Scheduler_0] Admitted 1 requests for model_5
[2026-08-21 22:42:22.892 GPU_Scheduler_0] Admitted 1 requests for model_5
[2026-08-21 22:42:22.925 GPU_Scheduler_0] Admitted 1 requests for model_5
[2026-08-21 22:42:23.023 GPU_Scheduler_0] Admitted 1 requests for model_4
[2026-08-21 22:42:23.034 GPU_Scheduler_0] Admitted 1 requests for model_5
[2026-08-21 22:42:23.110 GPU_Scheduler_0] Admitted 1 requests for model_5
[2026-08-21 22:42:23.240 GPU_Scheduler_1] [V5-LOOP] {"iters": 473, "t_mem": 0.0064306126441806555, "t_redis": 0.2207646577153355, "t_admit": 0.0030770590528845787, "t_send": 0.00045683514326810837, "t_iter": 0.23072916455566883, "admitted": 0, "iter_max": 0.0007474150042980909, "gpu_id": 1, "window_s": 5.001224994659424}
[2026-08-21 22:42:23.276 GPU_Scheduler_0] Admitted 1 requests for model_5
[2026-08-21 22:42:23.394 GPU_Scheduler_0] Admitted 1 requests for model_5
[2026-08-21 22:42:23.539 GPU_Scheduler_0] Admitted 1 requests for model_5
[2026-08-21 22:42:23.647 GPU_Scheduler_0] Admitted 1 requests for model_1
[2026-08-21 22:42:23.647 GPU_Scheduler_0] Admitted 1 requests for model_5
[2026-08-21 22:42:23.660 GPU_Scheduler_0] Admitted 1 requests for model_2
[2026-08-21 22:42:23.673 GPU_Scheduler_0] Admitted 1 requests for model_4
[2026-08-21 22:42:23.733 GPU_Scheduler_0] Admitted 1 requests for model_2
[2026-08-21 22:42:23.758 GPU_Scheduler_0] Admitted 1 requests for model_5
[2026-08-21 22:42:23.868 GPU_Scheduler_0] Admitted 1 requests for model_5
[2026-08-21 22:42:23.933 GPU_Scheduler_0] Admitted 1 requests for model_4
[2026-08-21 22:42:23.955 GPU_Scheduler_0] Admitted 1 requests for model_1
[2026-08-21 22:42:23.999 GPU_Scheduler_0] Admitted 1 requests for model_5
[2026-08-21 22:42:24.031 GPU_Scheduler_0] Admitted 1 requests for model_5
[2026-08-21 22:42:24.053 GPU_Scheduler_0] Admitted 1 requests for model_1
[2026-08-21 22:42:24.053 GPU_Scheduler_0] Admitted 1 requests for model_4
[2026-08-21 22:42:24.108 GPU_Scheduler_0] Admitted 1 requests for model_1
[2026-08-21 22:42:24.130 GPU_Scheduler_0] Admitted 1 requests for model_5
[2026-08-21 22:42:24.173 GPU_Scheduler_0] Admitted 1 requests for model_5
[2026-08-21 22:42:24.379 GPU_Scheduler_0] Admitted 1 requests for model_5
[2026-08-21 22:42:24.434 GPU_Scheduler_0] Admitted 1 requests for model_4
[2026-08-21 22:42:24.467 GPU_Scheduler_0] Admitted 1 requests for model_4
[2026-08-21 22:42:24.640 GPU_Scheduler_0] Admitted 1 requests for model_5
[2026-08-21 22:42:24.672 GPU_Scheduler_0] Admitted 1 requests for model_5
[2026-08-21 22:42:24.749 GPU_Scheduler_0] Admitted 2 requests for model_5
[2026-08-21 22:42:24.760 GPU_Scheduler_0] Admitted 1 requests for model_5
[2026-08-21 22:42:24.793 GPU_Scheduler_0] Admitted 1 requests for model_4
[2026-08-21 22:42:24.870 GPU_Scheduler_0] Admitted 1 requests for model_1
[2026-08-21 22:42:24.870 GPU_Scheduler_0] Admitted 1 requests for model_5
[2026-08-21 22:42:24.914 GPU_Scheduler_0] Admitted 1 requests for model_5
[2026-08-21 22:42:24.936 GPU_Scheduler_0] Admitted 1 requests for model_4
[2026-08-21 22:42:24.990 GPU_Scheduler_0] Admitted 1 requests for model_1
[2026-08-21 22:42:25.153 GPU_Scheduler_0] Admitted 1 requests for model_5
[2026-08-21 22:42:25.240 GPU_Scheduler_0] Admitted 1 requests for model_5
[2026-08-21 22:42:25.251 GPU_Scheduler_0] Admitted 1 requests for model_4
[2026-08-21 22:42:25.251 GPU_Scheduler_0] Admitted 2 requests for model_5
[2026-08-21 22:42:25.317 GPU_Scheduler_0] Admitted 1 requests for model_1
[2026-08-21 22:42:25.403 GPU_Scheduler_0] Admitted 1 requests for model_5
[2026-08-21 22:42:25.414 GPU_Scheduler_0] Admitted 1 requests for model_5
[2026-08-21 22:42:25.480 GPU_Scheduler_0] Admitted 1 requests for model_5
[2026-08-21 22:42:25.523 GPU_Scheduler_0] Admitted 1 requests for model_5
[2026-08-21 22:42:25.534 GPU_Scheduler_0] Admitted 1 requests for model_5
[2026-08-21 22:42:25.545 GPU_Scheduler_0] Admitted 1 requests for model_1
[2026-08-21 22:42:25.567 GPU_Scheduler_0] Admitted 1 requests for model_5
[2026-08-21 22:42:25.600 GPU_Scheduler_0] Admitted 1 requests for model_5
[2026-08-21 22:42:25.709 GPU_Scheduler_0] Admitted 1 requests for model_1
[2026-08-21 22:42:25.741 GPU_Scheduler_0] Admitted 1 requests for model_5
[2026-08-21 22:42:25.785 GPU_Scheduler_0] Admitted 1 requests for model_5
[2026-08-21 22:42:25.807 GPU_Scheduler_0] Admitted 1 requests for model_5
[2026-08-21 22:42:25.829 GPU_Scheduler_0] Admitted 1 requests for model_5
[2026-08-21 22:42:25.938 GPU_Scheduler_0] Admitted 1 requests for model_1
[2026-08-21 22:42:25.982 GPU_Scheduler_0] Admitted 2 requests for model_5
[2026-08-21 22:42:26.004 GPU_Scheduler_0] Admitted 1 requests for model_5
[2026-08-21 22:42:26.015 GPU_Scheduler_0] Admitted 1 requests for model_5
[2026-08-21 22:42:26.080 GPU_Scheduler_0] Admitted 1 requests for model_5
[2026-08-21 22:42:26.113 GPU_Scheduler_0] Admitted 1 requests for model_5
[2026-08-21 22:42:26.167 GPU_Scheduler_0] Admitted 1 requests for model_5
[2026-08-21 22:42:26.200 GPU_Scheduler_0] Admitted 1 requests for model_5
[2026-08-21 22:42:26.243 GPU_Scheduler_0] Admitted 1 requests for model_1
[2026-08-21 22:42:26.492 GPU_Scheduler_0] Admitted 1 requests for model_4
[2026-08-21 22:42:26.601 GPU_Scheduler_0] Admitted 1 requests for model_1
[2026-08-21 22:42:26.601 GPU_Scheduler_0] Admitted 1 requests for model_4
[2026-08-21 22:42:26.645 GPU_Scheduler_0] Admitted 1 requests for model_1
[2026-08-21 22:42:26.700 GPU_Scheduler_0] Admitted 1 requests for model_5
[2026-08-21 22:42:26.830 GPU_Scheduler_0] Admitted 1 requests for model_5
[2026-08-21 22:42:26.973 GPU_Scheduler_0] Admitted 1 requests for model_5
[2026-08-21 22:42:27.047 GPU_Scheduler_0] Admitted 1 requests for model_4
[2026-08-21 22:42:27.072 GPU_Scheduler_0] Admitted 1 requests for model_4
[2026-08-21 22:42:27.109 GPU_Scheduler_0] Admitted 1 requests for model_4
[2026-08-21 22:42:27.146 GPU_Scheduler_0] Admitted 2 requests for model_5
[2026-08-21 22:42:27.355 GPU_Scheduler_0] Admitted 1 requests for model_1
[2026-08-21 22:42:27.453 GPU_Scheduler_0] [V5-LOOP] {"iters": 450, "t_mem": 0.006920080631971359, "t_redis": 0.42378417681902647, "t_admit": 0.005751891527324915, "t_send": 0.03084168443456292, "t_iter": 0.46729783341288567, "admitted": 85, "iter_max": 0.003330853069201112, "gpu_id": 0, "window_s": 5.0047125816345215}
[2026-08-21 22:42:27.501 GPU_Scheduler_0] Admitted 1 requests for model_4
[2026-08-21 22:42:27.551 GPU_Scheduler_0] Admitted 1 requests for model_4
[2026-08-21 22:42:27.601 GPU_Scheduler_0] Admitted 1 requests for model_5
[2026-08-21 22:42:27.662 GPU_Scheduler_0] Admitted 1 requests for model_5
[2026-08-21 22:42:27.699 GPU_Scheduler_0] Admitted 1 requests for model_4
[2026-08-21 22:42:27.712 GPU_Scheduler_0] Admitted 2 requests for model_4
[2026-08-21 22:42:27.763 GPU_Scheduler_0] Admitted 1 requests for model_4
[2026-08-21 22:42:27.776 GPU_Scheduler_0] Admitted 1 requests for model_5
[2026-08-21 22:42:27.918 GPU_Scheduler_0] Admitted 1 requests for model_5
[2026-08-21 22:42:28.156 GPU_Scheduler_0] Admitted 1 requests for model_5
[2026-08-21 22:42:28.242 GPU_Scheduler_1] [V5-LOOP] {"iters": 471, "t_mem": 0.007389936130493879, "t_redis": 0.2404925674200058, "t_admit": 0.0035441310610622168, "t_send": 0.0005089621990919113, "t_iter": 0.2519355968106538, "admitted": 0, "iter_max": 0.0016462011262774467, "gpu_id": 1, "window_s": 5.002215623855591}
[2026-08-21 22:42:28.350 GPU_Scheduler_0] Admitted 1 requests for model_5
[2026-08-21 22:42:28.383 GPU_Scheduler_0] Admitted 1 requests for model_5
[2026-08-21 22:42:28.491 GPU_Scheduler_0] Admitted 1 requests for model_1
[2026-08-21 22:42:28.491 GPU_Scheduler_0] Admitted 1 requests for model_4
[2026-08-21 22:42:28.600 GPU_Scheduler_0] Admitted 1 requests for model_4
[2026-08-21 22:42:28.633 GPU_Scheduler_0] Admitted 2 requests for model_5
[2026-08-21 22:42:28.676 GPU_Scheduler_0] Admitted 1 requests for model_1
[2026-08-21 22:42:28.687 GPU_Scheduler_0] Admitted 1 requests for model_1
[2026-08-21 22:42:28.687 GPU_Scheduler_0] Admitted 1 requests for model_2
[2026-08-21 22:42:28.709 GPU_Scheduler_0] Admitted 1 requests for model_2
[2026-08-21 22:42:28.720 GPU_Scheduler_0] Admitted 1 requests for model_2
[2026-08-21 22:42:28.753 GPU_Scheduler_0] Admitted 1 requests for model_4
[2026-08-21 22:42:28.818 GPU_Scheduler_0] Admitted 1 requests for model_5
[2026-08-21 22:42:28.916 GPU_Scheduler_0] Admitted 1 requests for model_5
[2026-08-21 22:42:28.927 GPU_Scheduler_0] Admitted 1 requests for model_5
[2026-08-21 22:42:28.981 GPU_Scheduler_0] Admitted 1 requests for model_2
[2026-08-21 22:42:29.079 GPU_Scheduler_0] Admitted 1 requests for model_1
[2026-08-21 22:42:29.090 GPU_Scheduler_0] Admitted 1 requests for model_5
[2026-08-21 22:42:29.123 GPU_Scheduler_0] Admitted 1 requests for model_5
[2026-08-21 22:42:29.134 GPU_Scheduler_0] Admitted 2 requests for model_5
[2026-08-21 22:42:29.146 GPU_Scheduler_0] Admitted 1 requests for model_4
[2026-08-21 22:42:29.265 GPU_Scheduler_0] Admitted 1 requests for model_4
[2026-08-21 22:42:29.265 GPU_Scheduler_0] Admitted 1 requests for model_5
[2026-08-21 22:42:29.298 GPU_Scheduler_0] Admitted 1 requests for model_1
[2026-08-21 22:42:29.320 GPU_Scheduler_0] Admitted 1 requests for model_5
[2026-08-21 22:42:29.353 GPU_Scheduler_0] Admitted 1 requests for model_4
[2026-08-21 22:42:29.451 GPU_Scheduler_0] Admitted 1 requests for model_4
[2026-08-21 22:42:29.462 GPU_Scheduler_0] Admitted 1 requests for model_4
[2026-08-21 22:42:29.505 GPU_Scheduler_0] Admitted 1 requests for model_5
[2026-08-21 22:42:29.538 GPU_Scheduler_0] Admitted 1 requests for model_5
[2026-08-21 22:42:29.570 GPU_Scheduler_0] Admitted 1 requests for model_4
[2026-08-21 22:42:29.830 GPU_Scheduler_0] Admitted 1 requests for model_4
[2026-08-21 22:42:29.927 GPU_Scheduler_0] Admitted 1 requests for model_1
[2026-08-21 22:42:29.960 GPU_Scheduler_0] Admitted 1 requests for model_2
[2026-08-21 22:42:29.982 GPU_Scheduler_0] Admitted 3 requests for model_5
[2026-08-21 22:42:30.037 GPU_Scheduler_0] Admitted 1 requests for model_4
[2026-08-21 22:42:30.125 GPU_Scheduler_0] Admitted 1 requests for model_5
[2026-08-21 22:42:30.189 GPU_Scheduler_0] Admitted 1 requests for model_1
[2026-08-21 22:42:30.222 GPU_Scheduler_0] Admitted 1 requests for model_2
[2026-08-21 22:42:30.297 GPU_Scheduler_0] Admitted 1 requests for model_4
[2026-08-21 22:42:30.297 GPU_Scheduler_0] Admitted 1 requests for model_5
[2026-08-21 22:42:30.319 GPU_Scheduler_0] Admitted 1 requests for model_2
[2026-08-21 22:42:30.319 GPU_Scheduler_0] Admitted 1 requests for model_5
[2026-08-21 22:42:30.352 GPU_Scheduler_0] Admitted 1 requests for model_4
[2026-08-21 22:42:30.395 GPU_Scheduler_0] Admitted 1 requests for model_4
[2026-08-21 22:42:30.460 GPU_Scheduler_0] Admitted 1 requests for model_5
[2026-08-21 22:42:30.482 GPU_Scheduler_0] Admitted 1 requests for model_5
[2026-08-21 22:42:30.504 GPU_Scheduler_0] Admitted 1 requests for model_1
[2026-08-21 22:42:30.536 GPU_Scheduler_0] Admitted 1 requests for model_4
[2026-08-21 22:42:30.686 GPU_Scheduler_0] Admitted 1 requests for model_1
[2026-08-21 22:42:30.708 GPU_Scheduler_0] Admitted 1 requests for model_2
[2026-08-21 22:42:30.741 GPU_Scheduler_0] Admitted 1 requests for model_5
[2026-08-21 22:42:30.829 GPU_Scheduler_0] Admitted 1 requests for model_5
[2026-08-21 22:42:30.842 GPU_Scheduler_0] Admitted 1 requests for model_1
[2026-08-21 22:42:30.867 GPU_Scheduler_0] Admitted 1 requests for model_5
[2026-08-21 22:42:30.904 GPU_Scheduler_0] Admitted 1 requests for model_4
[2026-08-21 22:42:30.929 GPU_Scheduler_0] Admitted 1 requests for model_4
[2026-08-21 22:42:30.966 GPU_Scheduler_0] Admitted 1 requests for model_2
[2026-08-21 22:42:31.204 GPU_Scheduler_0] Admitted 1 requests for model_4
[2026-08-21 22:42:31.259 GPU_Scheduler_0] Admitted 1 requests for model_4
[2026-08-21 22:42:31.410 GPU_Scheduler_0] Admitted 1 requests for model_2
[2026-08-21 22:42:31.498 GPU_Scheduler_0] Admitted 6 requests for model_5
[2026-08-21 22:42:31.509 GPU_Scheduler_0] Admitted 1 requests for model_5
[2026-08-21 22:42:31.521 GPU_Scheduler_0] Admitted 1 requests for model_1
[2026-08-21 22:42:31.521 GPU_Scheduler_0] Admitted 1 requests for model_5
[2026-08-21 22:42:31.780 GPU_Scheduler_0] Admitted 1 requests for model_5
[2026-08-21 22:42:31.791 GPU_Scheduler_0] Admitted 1 requests for model_5
[2026-08-21 22:42:31.917 GPU_Scheduler_0] Admitted 1 requests for model_5
[2026-08-21 22:42:31.962 GPU_Scheduler_0] Admitted 1 requests for model_4
[2026-08-21 22:42:32.030 GPU_Scheduler_0] Admitted 1 requests for model_1
[2026-08-21 22:42:32.041 GPU_Scheduler_0] Admitted 1 requests for model_2
[2026-08-21 22:42:32.119 GPU_Scheduler_0] Admitted 1 requests for model_1
[2026-08-21 22:42:32.184 GPU_Scheduler_0] Admitted 1 requests for model_1
[2026-08-21 22:42:32.251 GPU_Scheduler_0] Admitted 1 requests for model_4
[2026-08-21 22:42:32.362 GPU_Scheduler_0] Admitted 1 requests for model_4
[2026-08-21 22:42:32.374 GPU_Scheduler_0] Admitted 1 requests for model_4
[2026-08-21 22:42:32.429 GPU_Scheduler_0] Admitted 1 requests for model_4
[2026-08-21 22:42:32.452 GPU_Scheduler_0] Admitted 1 requests for model_4
[2026-08-21 22:42:32.464 GPU_Scheduler_0] [V5-LOOP] {"iters": 452, "t_mem": 0.006787388352677226, "t_redis": 0.40395422489382327, "t_admit": 0.006425532512366772, "t_send": 0.03550869319587946, "t_iter": 0.4526758389547467, "admitted": 98, "iter_max": 0.0034543529618531466, "gpu_id": 0, "window_s": 5.01080322265625}
[2026-08-21 22:42:32.523 GPU_Scheduler_0] Admitted 7 requests for model_5
[2026-08-21 22:42:32.663 GPU_Scheduler_0] Admitted 2 requests for model_5
[2026-08-21 22:42:32.686 GPU_Scheduler_0] Admitted 1 requests for model_2
[2026-08-21 22:42:32.779 GPU_Scheduler_0] Admitted 1 requests for model_2
[2026-08-21 22:42:32.779 GPU_Scheduler_0] Admitted 1 requests for model_5
[2026-08-21 22:42:32.803 GPU_Scheduler_0] Admitted 1 requests for model_5
[2026-08-21 22:42:32.838 GPU_Scheduler_0] Admitted 1 requests for model_4
[2026-08-21 22:42:32.850 GPU_Scheduler_0] Admitted 1 requests for model_4
[2026-08-21 22:42:32.983 GPU_Scheduler_0] Admitted 1 requests for model_4
[2026-08-21 22:42:33.238 GPU_Scheduler_0] Admitted 1 requests for model_4
[2026-08-21 22:42:33.253 GPU_Scheduler_1] [V5-LOOP] {"iters": 476, "t_mem": 0.006314832717180252, "t_redis": 0.20068536000326276, "t_admit": 0.002970954403281212, "t_send": 0.00043245265260338783, "t_iter": 0.2104035997763276, "admitted": 0, "iter_max": 0.0009096160065382719, "gpu_id": 1, "window_s": 5.009767770767212}
[2026-08-21 22:42:33.274 GPU_Scheduler_0] Admitted 1 requests for model_1
[2026-08-21 22:42:33.577 GPU_Scheduler_0] Admitted 1 requests for model_1
[2026-08-21 22:42:33.578 GPU_Scheduler_0] Admitted 1 requests for model_4
[2026-08-21 22:42:33.622 GPU_Scheduler_0] Admitted 1 requests for model_1
[2026-08-21 22:42:33.805 GPU_Scheduler_0] Admitted 1 requests for model_2
[2026-08-21 22:42:33.903 GPU_Scheduler_0] Admitted 1 requests for model_4
[2026-08-21 22:42:34.026 GPU_Scheduler_0] Admitted 19 requests for model_5
[2026-08-21 22:42:34.236 GPU_Scheduler_0] Admitted 1 requests for model_2
[2026-08-21 22:42:34.259 GPU_Scheduler_0] Admitted 1 requests for model_1
[2026-08-21 22:42:34.470 GPU_Scheduler_0] Admitted 1 requests for model_4
[2026-08-21 22:42:34.527 GPU_Scheduler_0] Admitted 1 requests for model_1
[2026-08-21 22:42:34.595 GPU_Scheduler_0] Admitted 1 requests for model_4
[2026-08-21 22:42:34.684 GPU_Scheduler_0] Admitted 1 requests for model_1
[2026-08-21 22:42:34.864 GPU_Scheduler_0] Admitted 1 requests for model_4
[2026-08-21 22:42:34.998 GPU_Scheduler_0] Admitted 8 requests for model_5
[2026-08-21 22:42:35.012 GPU_Scheduler_0] Admitted 1 requests for model_5
[2026-08-21 22:42:35.046 GPU_Scheduler_0] Admitted 1 requests for model_1
[2026-08-21 22:42:35.046 GPU_Scheduler_0] Admitted 1 requests for model_5
[2026-08-21 22:42:35.280 GPU_Scheduler_0] Admitted 1 requests for model_5
[2026-08-21 22:42:35.336 GPU_Scheduler_0] Admitted 1 requests for model_4
[2026-08-21 22:42:35.458 GPU_Scheduler_0] Admitted 1 requests for model_1
[2026-08-21 22:42:35.525 GPU_Scheduler_0] Admitted 1 requests for model_4
[2026-08-21 22:42:35.559 GPU_Scheduler_0] Admitted 1 requests for model_1
[2026-08-21 22:42:35.626 GPU_Scheduler_0] Admitted 1 requests for model_1
[2026-08-21 22:42:35.903 GPU_Scheduler_0] Admitted 1 requests for model_4
[2026-08-21 22:42:35.981 GPU_Scheduler_0] Admitted 1 requests for model_1
[2026-08-21 22:42:36.004 GPU_Scheduler_0] Admitted 1 requests for model_1
[2026-08-21 22:42:36.015 GPU_Scheduler_0] Admitted 1 requests for model_1
[2026-08-21 22:42:36.194 GPU_Scheduler_0] Admitted 1 requests for model_1
[2026-08-21 22:42:36.206 GPU_Scheduler_0] Admitted 1 requests for model_4
[2026-08-21 22:42:36.616 GPU_Scheduler_0] Admitted 1 requests for model_2
[2026-08-21 22:42:36.616 GPU_Scheduler_0] Admitted 1 requests for model_4
[2026-08-21 22:42:36.639 GPU_Scheduler_0] Admitted 1 requests for model_1
[2026-08-21 22:42:36.705 GPU_Scheduler_0] Admitted 1 requests for model_4
[2026-08-21 22:42:36.717 GPU_Scheduler_0] Admitted 1 requests for model_4
[2026-08-21 22:42:36.772 GPU_Scheduler_0] Admitted 1 requests for model_2
[2026-08-21 22:42:36.884 GPU_Scheduler_0] Admitted 1 requests for model_1
[2026-08-21 22:42:36.895 GPU_Scheduler_0] Admitted 17 requests for model_5
[2026-08-21 22:42:36.911 GPU_Scheduler_0] Admitted 1 requests for model_1
[2026-08-21 22:42:36.956 GPU_Scheduler_0] Admitted 1 requests for model_2
[2026-08-21 22:42:36.979 GPU_Scheduler_0] Admitted 1 requests for model_4
[2026-08-21 22:42:37.146 GPU_Scheduler_0] Admitted 1 requests for model_4
[2026-08-21 22:42:37.192 GPU_Scheduler_0] Admitted 1 requests for model_1
[2026-08-21 22:42:37.281 GPU_Scheduler_0] Admitted 1 requests for model_4
[2026-08-21 22:42:37.417 GPU_Scheduler_0] Admitted 1 requests for model_4
[2026-08-21 22:42:37.473 GPU_Scheduler_0] [V5-LOOP] {"iters": 438, "t_mem": 0.0076391929760575294, "t_redis": 0.5304220225661993, "t_admit": 0.009930180851370096, "t_send": 0.04260435653850436, "t_iter": 0.5905957529321313, "admitted": 103, "iter_max": 0.012597894994542003, "gpu_id": 0, "window_s": 5.009099245071411}
[2026-08-21 22:42:37.587 GPU_Scheduler_0] Admitted 1 requests for model_2
[2026-08-21 22:42:37.659 GPU_Scheduler_0] Admitted 1 requests for model_4
[2026-08-21 22:42:37.685 GPU_Scheduler_0] Admitted 1 requests for model_4
[2026-08-21 22:42:37.880 GPU_Scheduler_0] Admitted 1 requests for model_4
[2026-08-21 22:42:37.893 GPU_Scheduler_0] Admitted 12 requests for model_5
[2026-08-21 22:42:37.912 GPU_Scheduler_0] Admitted 1 requests for model_1
[2026-08-21 22:42:37.998 GPU_Scheduler_0] Admitted 1 requests for model_2
[2026-08-21 22:42:38.060 GPU_Scheduler_0] Admitted 1 requests for model_1
[2026-08-21 22:42:38.255 GPU_Scheduler_0] Admitted 1 requests for model_1
[2026-08-21 22:42:38.263 GPU_Scheduler_1] [V5-LOOP] {"iters": 473, "t_mem": 0.006957637378945947, "t_redis": 0.22798772621899843, "t_admit": 0.003371379803866148, "t_send": 0.0004980321973562241, "t_iter": 0.23881477559916675, "admitted": 0, "iter_max": 0.0012929090298712254, "gpu_id": 1, "window_s": 5.009444713592529}
[2026-08-21 22:42:38.390 GPU_Scheduler_0] Admitted 1 requests for model_4
[2026-08-21 22:42:38.500 GPU_Scheduler_0] Admitted 1 requests for model_4
[2026-08-21 22:42:38.574 GPU_Scheduler_0] Admitted 1 requests for model_1
[2026-08-21 22:42:38.964 GPU_Scheduler_0] Admitted 1 requests for model_4
[2026-08-21 22:42:39.136 GPU_Scheduler_0] Admitted 1 requests for model_2
[2026-08-21 22:42:39.149 GPU_Scheduler_0] Admitted 1 requests for model_4
[2026-08-21 22:42:39.223 GPU_Scheduler_0] Admitted 1 requests for model_2
[2026-08-21 22:42:39.284 GPU_Scheduler_0] Admitted 1 requests for model_1
[2026-08-21 22:42:39.334 GPU_Scheduler_0] Admitted 1 requests for model_1
[2026-08-21 22:42:39.334 GPU_Scheduler_0] Admitted 1 requests for model_4
[2026-08-21 22:42:39.506 GPU_Scheduler_0] Admitted 1 requests for model_2
[2026-08-21 22:42:39.665 GPU_Scheduler_0] Admitted 26 requests for model_5
[2026-08-21 22:42:39.715 GPU_Scheduler_0] Admitted 1 requests for model_1
[2026-08-21 22:42:39.716 GPU_Scheduler_0] Admitted 1 requests for model_4
[2026-08-21 22:42:39.900 GPU_Scheduler_0] Admitted 1 requests for model_4
[2026-08-21 22:42:39.973 GPU_Scheduler_0] Admitted 1 requests for model_4
[2026-08-21 22:42:39.987 GPU_Scheduler_0] Admitted 1 requests for model_1
[2026-08-21 22:42:40.060 GPU_Scheduler_0] Admitted 1 requests for model_4
[2026-08-21 22:42:40.257 GPU_Scheduler_0] Admitted 1 requests for model_1
[2026-08-21 22:42:40.307 GPU_Scheduler_0] Admitted 2 requests for model_4
[2026-08-21 22:42:40.479 GPU_Scheduler_0] Admitted 7 requests for model_5
[2026-08-21 22:42:40.492 GPU_Scheduler_0] Admitted 1 requests for model_5
[2026-08-21 22:42:40.538 GPU_Scheduler_0] Admitted 1 requests for model_1
[2026-08-21 22:42:40.549 GPU_Scheduler_0] Admitted 1 requests for model_4
[2026-08-21 22:42:40.684 GPU_Scheduler_0] Admitted 1 requests for model_5
[2026-08-21 22:42:40.696 GPU_Scheduler_0] Admitted 1 requests for model_5
[2026-08-21 22:42:40.719 GPU_Scheduler_0] Admitted 1 requests for model_1
[2026-08-21 22:42:40.731 GPU_Scheduler_0] Admitted 1 requests for model_4
[2026-08-21 22:42:40.742 GPU_Scheduler_0] Admitted 1 requests for model_5
[2026-08-21 22:42:40.754 GPU_Scheduler_0] Admitted 1 requests for model_2
[2026-08-21 22:42:41.224 GPU_Scheduler_0] Admitted 1 requests for model_2
[2026-08-21 22:42:41.249 GPU_Scheduler_0] Admitted 1 requests for model_4
[2026-08-21 22:42:41.360 GPU_Scheduler_0] Admitted 1 requests for model_1
[2026-08-21 22:42:41.360 GPU_Scheduler_0] Admitted 1 requests for model_4
[2026-08-21 22:42:41.434 GPU_Scheduler_0] Admitted 1 requests for model_1
[2026-08-21 22:42:41.897 GPU_Scheduler_0] Admitted 1 requests for model_1
[2026-08-21 22:42:41.910 GPU_Scheduler_0] Admitted 1 requests for model_1
[2026-08-21 22:42:41.910 GPU_Scheduler_0] Admitted 1 requests for model_4
[2026-08-21 22:42:42.203 GPU_Scheduler_0] Admitted 18 requests for model_5
[2026-08-21 22:42:42.237 GPU_Scheduler_0] Admitted 1 requests for model_2
[2026-08-21 22:42:42.287 GPU_Scheduler_0] Admitted 1 requests for model_4
[2026-08-21 22:42:42.348 GPU_Scheduler_0] Admitted 1 requests for model_4
[2026-08-21 22:42:42.483 GPU_Scheduler_0] [V5-LOOP] {"iters": 413, "t_mem": 0.01035509817302227, "t_redis": 0.7497604175005108, "t_admit": 0.012291323393583298, "t_send": 0.06539723929017782, "t_iter": 0.8378040783572942, "admitted": 111, "iter_max": 0.015903508057817817, "gpu_id": 0, "window_s": 5.009604215621948}
[2026-08-21 22:42:42.571 GPU_Scheduler_0] Admitted 1 requests for model_4
[2026-08-21 22:42:42.626 GPU_Scheduler_0] Admitted 1 requests for model_4
[2026-08-21 22:42:42.702 GPU_Scheduler_0] Admitted 1 requests for model_1
[2026-08-21 22:42:43.116 GPU_Scheduler_0] Admitted 1 requests for model_4
[2026-08-21 22:42:43.266 GPU_Scheduler_1] [V5-LOOP] {"iters": 478, "t_mem": 0.0065421294420957565, "t_redis": 0.17369459802284837, "t_admit": 0.002859310247004032, "t_send": 0.0004078804049640894, "t_iter": 0.18350391811691225, "admitted": 0, "iter_max": 0.0006430039647966623, "gpu_id": 1, "window_s": 5.002640724182129}
[2026-08-21 22:42:43.312 GPU_Scheduler_0] Admitted 1 requests for model_4
[2026-08-21 22:42:43.398 GPU_Scheduler_0] Admitted 1 requests for model_4
[2026-08-21 22:42:43.441 GPU_Scheduler_0] Admitted 12 requests for model_5
[2026-08-21 22:42:43.454 GPU_Scheduler_0] Admitted 1 requests for model_2
[2026-08-21 22:42:43.476 GPU_Scheduler_0] Admitted 1 requests for model_1
[2026-08-21 22:42:43.487 GPU_Scheduler_0] Admitted 1 requests for model_4
[2026-08-21 22:42:43.573 GPU_Scheduler_0] Admitted 1 requests for model_4
[2026-08-21 22:42:43.595 GPU_Scheduler_0] Admitted 1 requests for model_4
[2026-08-21 22:42:43.649 GPU_Scheduler_0] Admitted 1 requests for model_2
[2026-08-21 22:42:43.649 GPU_Scheduler_0] Admitted 2 requests for model_4
[2026-08-21 22:42:43.671 GPU_Scheduler_0] Admitted 1 requests for model_1
[2026-08-21 22:42:43.800 GPU_Scheduler_0] Admitted 1 requests for model_4
[2026-08-21 22:42:43.843 GPU_Scheduler_0] Admitted 1 requests for model_4
[2026-08-21 22:42:43.854 GPU_Scheduler_0] Admitted 1 requests for model_4
[2026-08-21 22:42:43.876 GPU_Scheduler_0] Admitted 1 requests for model_2
[2026-08-21 22:42:44.039 GPU_Scheduler_0] Admitted 1 requests for model_2
[2026-08-21 22:42:44.275 GPU_Scheduler_0] Admitted 1 requests for model_4
[2026-08-21 22:42:44.351 GPU_Scheduler_0] Admitted 1 requests for model_1
[2026-08-21 22:42:44.470 GPU_Scheduler_0] Admitted 1 requests for model_1
[2026-08-21 22:42:44.696 GPU_Scheduler_0] Admitted 1 requests for model_1
[2026-08-21 22:42:44.717 GPU_Scheduler_0] Admitted 1 requests for model_4
[2026-08-21 22:42:44.750 GPU_Scheduler_0] Admitted 1 requests for model_1
[2026-08-21 22:42:44.826 GPU_Scheduler_0] Admitted 1 requests for model_4
[2026-08-21 22:42:44.837 GPU_Scheduler_0] Admitted 1 requests for model_4
[2026-08-21 22:42:44.902 GPU_Scheduler_0] Admitted 1 requests for model_1
[2026-08-21 22:42:44.913 GPU_Scheduler_0] Admitted 1 requests for model_4
[2026-08-21 22:42:44.956 GPU_Scheduler_0] Admitted 1 requests for model_4
[2026-08-21 22:42:44.978 GPU_Scheduler_0] Admitted 1 requests for model_4
[2026-08-21 22:42:45.000 GPU_Scheduler_0] Admitted 1 requests for model_1
[2026-08-21 22:42:45.107 GPU_Scheduler_0] Admitted 1 requests for model_4
[2026-08-21 22:42:45.194 GPU_Scheduler_0] Admitted 22 requests for model_5
[2026-08-21 22:42:45.327 GPU_Scheduler_0] Admitted 1 requests for model_1
[2026-08-21 22:42:45.349 GPU_Scheduler_0] Admitted 1 requests for model_4
[2026-08-21 22:42:45.467 GPU_Scheduler_0] Admitted 1 requests for model_2
[2026-08-21 22:42:45.521 GPU_Scheduler_0] Admitted 1 requests for model_1
[2026-08-21 22:42:45.683 GPU_Scheduler_0] Admitted 1 requests for model_1
[2026-08-21 22:42:45.726 GPU_Scheduler_0] Admitted 1 requests for model_1
[2026-08-21 22:42:45.932 GPU_Scheduler_0] Admitted 1 requests for model_4
[2026-08-21 22:42:45.986 GPU_Scheduler_0] Admitted 1 requests for model_2
[2026-08-21 22:42:46.201 GPU_Scheduler_0] Admitted 6 requests for model_5
[2026-08-21 22:42:46.288 GPU_Scheduler_0] Admitted 1 requests for model_5
[2026-08-21 22:42:46.331 GPU_Scheduler_0] Admitted 1 requests for model_1
[2026-08-21 22:42:46.492 GPU_Scheduler_0] Admitted 1 requests for model_5
[2026-08-21 22:42:46.525 GPU_Scheduler_0] Admitted 1 requests for model_5
[2026-08-21 22:42:46.536 GPU_Scheduler_0] Admitted 1 requests for model_5
[2026-08-21 22:42:46.579 GPU_Scheduler_0] Admitted 1 requests for model_5
[2026-08-21 22:42:46.601 GPU_Scheduler_0] Admitted 1 requests for model_2
[2026-08-21 22:42:46.623 GPU_Scheduler_0] Admitted 1 requests for model_4
[2026-08-21 22:42:46.634 GPU_Scheduler_0] Admitted 1 requests for model_1
[2026-08-21 22:42:46.730 GPU_Scheduler_0] Admitted 1 requests for model_2
[2026-08-21 22:42:46.763 GPU_Scheduler_0] Admitted 1 requests for model_4
[2026-08-21 22:42:46.774 GPU_Scheduler_0] Admitted 1 requests for model_4
[2026-08-21 22:42:47.216 GPU_Scheduler_0] Admitted 1 requests for model_4
[2026-08-21 22:42:47.259 GPU_Scheduler_0] Admitted 1 requests for model_1
[2026-08-21 22:42:47.486 GPU_Scheduler_0] [V5-LOOP] {"iters": 460, "t_mem": 0.006467371713370085, "t_redis": 0.3275077431462705, "t_admit": 0.006136255105957389, "t_send": 0.024177194107323885, "t_iter": 0.36428856407292187, "admitted": 96, "iter_max": 0.004618500825017691, "gpu_id": 0, "window_s": 5.002839803695679}
[2026-08-21 22:42:47.670 GPU_Scheduler_0] Admitted 9 requests for model_5
[2026-08-21 22:42:47.801 GPU_Scheduler_0] Admitted 1 requests for model_4
[2026-08-21 22:42:47.801 GPU_Scheduler_0] Admitted 1 requests for model_5
[2026-08-21 22:42:47.812 GPU_Scheduler_0] Admitted 1 requests for model_5
[2026-08-21 22:42:47.921 GPU_Scheduler_0] Admitted 1 requests for model_1
[2026-08-21 22:42:48.276 GPU_Scheduler_1] [V5-LOOP] {"iters": 453, "t_mem": 0.010780990356579423, "t_redis": 0.4196799951605499, "t_admit": 0.005182369379326701, "t_send": 0.0007726303301751614, "t_iter": 0.43641598522663116, "admitted": 0, "iter_max": 0.00132591906003654, "gpu_id": 1, "window_s": 5.0099732875823975}
[2026-08-21 22:42:48.309 GPU_Scheduler_0] Admitted 5 requests for model_5
[2026-08-21 22:42:48.309 GPU_Scheduler_0] Admitted 1 requests for model_2
[2026-08-21 22:42:48.429 GPU_Scheduler_0] Admitted 1 requests for model_5
[2026-08-21 22:42:48.624 GPU_Scheduler_0] Admitted 1 requests for model_2
[2026-08-21 22:42:48.635 GPU_Scheduler_0] Admitted 1 requests for model_4
[2026-08-21 22:42:48.646 GPU_Scheduler_0] Admitted 1 requests for model_1
[2026-08-21 22:42:48.668 GPU_Scheduler_0] Admitted 1 requests for model_5
[2026-08-21 22:42:48.680 GPU_Scheduler_0] Admitted 1 requests for model_4
[2026-08-21 22:42:48.691 GPU_Scheduler_0] Admitted 1 requests for model_4
[2026-08-21 22:42:48.778 GPU_Scheduler_0] Admitted 2 requests for model_5
[2026-08-21 22:42:48.865 GPU_Scheduler_0] Admitted 2 requests for model_1
[2026-08-21 22:42:48.898 GPU_Scheduler_0] Admitted 1 requests for model_1
[2026-08-21 22:42:48.963 GPU_Scheduler_0] Admitted 1 requests for model_5
[2026-08-21 22:42:48.985 GPU_Scheduler_0] Admitted 1 requests for model_2
[2026-08-21 22:42:49.018 GPU_Scheduler_0] Admitted 1 requests for model_5
[2026-08-21 22:42:49.115 GPU_Scheduler_0] Admitted 1 requests for model_1
[2026-08-21 22:42:49.126 GPU_Scheduler_0] Admitted 1 requests for model_1
[2026-08-21 22:42:49.126 GPU_Scheduler_0] Admitted 1 requests for model_2
[2026-08-21 22:42:49.372 GPU_Scheduler_0] Admitted 1 requests for model_2
[2026-08-21 22:42:49.421 GPU_Scheduler_0] Admitted 1 requests for model_2
[2026-08-21 22:42:49.470 GPU_Scheduler_0] Admitted 1 requests for model_1
[2026-08-21 22:42:49.567 GPU_Scheduler_0] Admitted 1 requests for model_4
[2026-08-21 22:42:49.593 GPU_Scheduler_0] Admitted 1 requests for model_1
[2026-08-21 22:42:49.738 GPU_Scheduler_0] Admitted 1 requests for model_4
[2026-08-21 22:42:49.763 GPU_Scheduler_0] Admitted 1 requests for model_1
[2026-08-21 22:42:49.872 GPU_Scheduler_0] Admitted 1 requests for model_4
[2026-08-21 22:42:49.916 GPU_Scheduler_0] Admitted 1 requests for model_4
[2026-08-21 22:42:50.045 GPU_Scheduler_0] Admitted 1 requests for model_4
[2026-08-21 22:42:50.066 GPU_Scheduler_0] Admitted 1 requests for model_4
[2026-08-21 22:42:50.142 GPU_Scheduler_0] Admitted 7 requests for model_5
[2026-08-21 22:42:50.154 GPU_Scheduler_0] Admitted 1 requests for model_4
[2026-08-21 22:42:50.240 GPU_Scheduler_0] Admitted 1 requests for model_5
[2026-08-21 22:42:50.283 GPU_Scheduler_0] Admitted 1 requests for model_4
[2026-08-21 22:42:50.305 GPU_Scheduler_0] Admitted 1 requests for model_4
[2026-08-21 22:42:50.327 GPU_Scheduler_0] Admitted 1 requests for model_2
[2026-08-21 22:42:50.327 GPU_Scheduler_0] Admitted 1 requests for model_5
[2026-08-21 22:42:50.414 GPU_Scheduler_0] Admitted 1 requests for model_5
[2026-08-21 22:42:50.425 GPU_Scheduler_0] Admitted 1 requests for model_5
[2026-08-21 22:42:50.672 GPU_Scheduler_0] Admitted 1 requests for model_1
[2026-08-21 22:42:50.791 GPU_Scheduler_0] Admitted 1 requests for model_1
[2026-08-21 22:42:50.813 GPU_Scheduler_0] Admitted 1 requests for model_4
[2026-08-21 22:42:50.889 GPU_Scheduler_0] Admitted 1 requests for model_4
[2026-08-21 22:42:50.997 GPU_Scheduler_0] Admitted 1 requests for model_2
[2026-08-21 22:42:51.009 GPU_Scheduler_0] Admitted 1 requests for model_2
[2026-08-21 22:42:51.031 GPU_Scheduler_0] Admitted 1 requests for model_1
[2026-08-21 22:42:51.042 GPU_Scheduler_0] Admitted 1 requests for model_4
[2026-08-21 22:42:51.053 GPU_Scheduler_0] Admitted 1 requests for model_1
[2026-08-21 22:42:51.118 GPU_Scheduler_0] Admitted 12 requests for model_5
[2026-08-21 22:42:51.229 GPU_Scheduler_0] Admitted 1 requests for model_1
[2026-08-21 22:42:51.813 GPU_Scheduler_0] Admitted 1 requests for model_4
[2026-08-21 22:42:51.889 GPU_Scheduler_0] Admitted 1 requests for model_2
[2026-08-21 22:42:52.095 GPU_Scheduler_0] Admitted 1 requests for model_1
[2026-08-21 22:42:52.225 GPU_Scheduler_0] Admitted 1 requests for model_1
[2026-08-21 22:42:52.290 GPU_Scheduler_0] Admitted 1 requests for model_4
[2026-08-21 22:42:52.495 GPU_Scheduler_0] [V5-LOOP] {"iters": 456, "t_mem": 0.006349136587232351, "t_redis": 0.372234464623034, "t_admit": 0.006150048924610019, "t_send": 0.02693056222051382, "t_iter": 0.4116642123553902, "admitted": 90, "iter_max": 0.0033187218941748142, "gpu_id": 0, "window_s": 5.0092902183532715}
[2026-08-21 22:42:52.625 GPU_Scheduler_0] Admitted 1 requests for model_1
[2026-08-21 22:42:52.701 GPU_Scheduler_0] Admitted 1 requests for model_1
[2026-08-21 22:42:52.712 GPU_Scheduler_0] Admitted 1 requests for model_2
[2026-08-21 22:42:52.788 GPU_Scheduler_0] Admitted 1 requests for model_4
[2026-08-21 22:42:52.842 GPU_Scheduler_0] Admitted 1 requests for model_1
[2026-08-21 22:42:52.972 GPU_Scheduler_0] Admitted 1 requests for model_4
[2026-08-21 22:42:53.189 GPU_Scheduler_0] Admitted 1 requests for model_4
[2026-08-21 22:42:53.254 GPU_Scheduler_0] Admitted 1 requests for model_1
[2026-08-21 22:42:53.282 GPU_Scheduler_1] [V5-LOOP] {"iters": 465, "t_mem": 0.008313602767884731, "t_redis": 0.30050319735892117, "t_admit": 0.003995188744738698, "t_send": 0.0005926170852035284, "t_iter": 0.31340460595674813, "admitted": 0, "iter_max": 0.001302808988839388, "gpu_id": 1, "window_s": 5.005156993865967}
[2026-08-21 22:42:53.427 GPU_Scheduler_0] Admitted 1 requests for model_1
[2026-08-21 22:42:53.525 GPU_Scheduler_0] Admitted 1 requests for model_4
[2026-08-21 22:42:53.579 GPU_Scheduler_0] Admitted 1 requests for model_4
[2026-08-21 22:42:53.622 GPU_Scheduler_0] Admitted 1 requests for model_2
[2026-08-21 22:42:53.741 GPU_Scheduler_0] Admitted 1 requests for model_4
[2026-08-21 22:42:53.752 GPU_Scheduler_0] Admitted 1 requests for model_4
[2026-08-21 22:42:53.806 GPU_Scheduler_0] Admitted 1 requests for model_1
[2026-08-21 22:42:54.175 GPU_Scheduler_0] Admitted 1 requests for model_1
[2026-08-21 22:42:54.261 GPU_Scheduler_0] Admitted 1 requests for model_1
[2026-08-21 22:42:54.323 GPU_Scheduler_0] Admitted 1 requests for model_4
[2026-08-21 22:42:54.396 GPU_Scheduler_0] Admitted 1 requests for model_4
[2026-08-21 22:42:54.463 GPU_Scheduler_0] Admitted 1 requests for model_4
[2026-08-21 22:42:54.475 GPU_Scheduler_0] Admitted 1 requests for model_4
[2026-08-21 22:42:54.531 GPU_Scheduler_0] Admitted 1 requests for model_4
[2026-08-21 22:42:54.554 GPU_Scheduler_0] Admitted 2 requests for model_1
[2026-08-21 22:42:54.610 GPU_Scheduler_0] Admitted 1 requests for model_4
[2026-08-21 22:42:54.622 GPU_Scheduler_0] Admitted 1 requests for model_4
[2026-08-21 22:42:54.633 GPU_Scheduler_0] Admitted 32 requests for model_5
[2026-08-21 22:42:54.841 GPU_Scheduler_0] Admitted 1 requests for model_4
[2026-08-21 22:42:54.968 GPU_Scheduler_0] Admitted 1 requests for model_2
[2026-08-21 22:42:55.036 GPU_Scheduler_0] Admitted 1 requests for model_2
[2026-08-21 22:42:55.141 GPU_Scheduler_0] Admitted 1 requests for model_1
[2026-08-21 22:42:55.177 GPU_Scheduler_0] Admitted 1 requests for model_4
[2026-08-21 22:42:55.190 GPU_Scheduler_0] Admitted 1 requests for model_4
[2026-08-21 22:42:55.380 GPU_Scheduler_0] Admitted 1 requests for model_4
[2026-08-21 22:42:55.427 GPU_Scheduler_0] Admitted 1 requests for model_1
[2026-08-21 22:42:55.472 GPU_Scheduler_0] Admitted 1 requests for model_1
[2026-08-21 22:42:55.572 GPU_Scheduler_0] Admitted 1 requests for model_4
[2026-08-21 22:42:55.763 GPU_Scheduler_0] Admitted 1 requests for model_4
[2026-08-21 22:42:56.072 GPU_Scheduler_0] Admitted 1 requests for model_4
[2026-08-21 22:42:56.083 GPU_Scheduler_0] Admitted 1 requests for model_4
[2026-08-21 22:42:56.117 GPU_Scheduler_0] Admitted 1 requests for model_1
[2026-08-21 22:42:56.263 GPU_Scheduler_0] Admitted 1 requests for model_2
[2026-08-21 22:42:56.363 GPU_Scheduler_0] Admitted 1 requests for model_2
[2026-08-21 22:42:56.619 GPU_Scheduler_0] Admitted 1 requests for model_4
[2026-08-21 22:42:56.655 GPU_Scheduler_0] Admitted 1 requests for model_4
[2026-08-21 22:42:56.727 GPU_Scheduler_0] Admitted 1 requests for model_1
[2026-08-21 22:42:56.909 GPU_Scheduler_0] Admitted 1 requests for model_4
[2026-08-21 22:42:57.345 GPU_Scheduler_0] Admitted 24 requests for model_5
[2026-08-21 22:42:57.428 GPU_Scheduler_0] Admitted 1 requests for model_1
[2026-08-21 22:42:57.501 GPU_Scheduler_0] [V5-LOOP] {"iters": 434, "t_mem": 0.008410824229940772, "t_redis": 0.5656949053518474, "t_admit": 0.012500533135607839, "t_send": 0.039851327426731586, "t_iter": 0.6264575901441276, "admitted": 103, "iter_max": 0.012950318166986108, "gpu_id": 0, "window_s": 5.005592584609985}
[2026-08-21 22:42:57.574 GPU_Scheduler_0] Admitted 1 requests for model_2
[2026-08-21 22:42:57.599 GPU_Scheduler_0] Admitted 1 requests for model_2
[2026-08-21 22:42:57.623 GPU_Scheduler_0] Admitted 1 requests for model_4
[2026-08-21 22:42:57.683 GPU_Scheduler_0] Admitted 2 requests for model_4
[2026-08-21 22:42:57.877 GPU_Scheduler_0] Admitted 1 requests for model_4
[2026-08-21 22:42:57.902 GPU_Scheduler_0] Admitted 1 requests for model_4
[2026-08-21 22:42:58.039 GPU_Scheduler_0] Admitted 1 requests for model_4
[2026-08-21 22:42:58.095 GPU_Scheduler_0] Admitted 1 requests for model_4
[2026-08-21 22:42:58.107 GPU_Scheduler_0] Admitted 1 requests for model_1
[2026-08-21 22:42:58.286 GPU_Scheduler_0] Admitted 1 requests for model_4
[2026-08-21 22:42:58.291 GPU_Scheduler_1] [V5-LOOP] {"iters": 464, "t_mem": 0.008812555810436606, "t_redis": 0.31276686443015933, "t_admit": 0.004093535244464874, "t_send": 0.0006148598622530699, "t_iter": 0.3262878153473139, "admitted": 0, "iter_max": 0.0015011399518698454, "gpu_id": 1, "window_s": 5.008512258529663}
[2026-08-21 22:42:58.543 GPU_Scheduler_0] Admitted 11 requests for model_5
[2026-08-21 22:42:58.618 GPU_Scheduler_0] Admitted 1 requests for model_4
[2026-08-21 22:42:58.690 GPU_Scheduler_0] Admitted 1 requests for model_1
[2026-08-21 22:42:58.848 GPU_Scheduler_0] Admitted 1 requests for model_1
[2026-08-21 22:42:58.933 GPU_Scheduler_0] Admitted 1 requests for model_4
[2026-08-21 22:42:59.311 GPU_Scheduler_0] Admitted 1 requests for model_4
[2026-08-21 22:42:59.469 GPU_Scheduler_0] Admitted 1 requests for model_4
[2026-08-21 22:42:59.682 GPU_Scheduler_0] Admitted 1 requests for model_4
[2026-08-21 22:42:59.825 GPU_Scheduler_0] Admitted 1 requests for model_4
[2026-08-21 22:42:59.885 GPU_Scheduler_0] Admitted 1 requests for model_4
[2026-08-21 22:42:59.897 GPU_Scheduler_0] Admitted 1 requests for model_2
[2026-08-21 22:42:59.909 GPU_Scheduler_0] Admitted 1 requests for model_2
[2026-08-21 22:42:59.990 GPU_Scheduler_0] Admitted 1 requests for model_1
[2026-08-21 22:43:00.025 GPU_Scheduler_0] Admitted 1 requests for model_2
[2026-08-21 22:43:00.081 GPU_Scheduler_0] Admitted 1 requests for model_1
[2026-08-21 22:43:00.092 GPU_Scheduler_0] Admitted 1 requests for model_4
[2026-08-21 22:43:00.105 GPU_Scheduler_0] Admitted 1 requests for model_1
[2026-08-21 22:43:00.307 GPU_Scheduler_0] Admitted 21 requests for model_5
[2026-08-21 22:43:00.527 GPU_Scheduler_0] Admitted 1 requests for model_1
[2026-08-21 22:43:00.876 GPU_Scheduler_0] Admitted 1 requests for model_4
[2026-08-21 22:43:01.029 GPU_Scheduler_0] Admitted 1 requests for model_2
[2026-08-21 22:43:01.029 GPU_Scheduler_0] Admitted 1 requests for model_4
[2026-08-21 22:43:01.160 GPU_Scheduler_0] Admitted 14 requests for model_5
[2026-08-21 22:43:01.315 GPU_Scheduler_0] Admitted 1 requests for model_1
[2026-08-21 22:43:01.359 GPU_Scheduler_0] Admitted 1 requests for model_1
[2026-08-21 22:43:01.392 GPU_Scheduler_0] Admitted 1 requests for model_1
[2026-08-21 22:43:01.392 GPU_Scheduler_0] Admitted 1 requests for model_4
[2026-08-21 22:43:01.651 GPU_Scheduler_0] Admitted 1 requests for model_1
[2026-08-21 22:43:01.716 GPU_Scheduler_0] Admitted 1 requests for model_4
[2026-08-21 22:43:01.835 GPU_Scheduler_0] Admitted 1 requests for model_1
[2026-08-21 22:43:02.141 GPU_Scheduler_0] Admitted 1 requests for model_2
[2026-08-21 22:43:02.199 GPU_Scheduler_0] Admitted 2 requests for model_1
[2026-08-21 22:43:02.507 GPU_Scheduler_0] [V5-LOOP] {"iters": 434, "t_mem": 0.008341413689777255, "t_redis": 0.5734825832769275, "t_admit": 0.009455614257603884, "t_send": 0.03445311216637492, "t_iter": 0.6257327233906835, "admitted": 87, "iter_max": 0.007953034015372396, "gpu_id": 0, "window_s": 5.005711793899536}
[2026-08-21 22:43:02.519 GPU_Scheduler_0] Admitted 1 requests for model_4
[2026-08-21 22:43:02.590 GPU_Scheduler_0] Admitted 1 requests for model_1
[2026-08-21 22:43:02.613 GPU_Scheduler_0] Admitted 1 requests for model_4
[2026-08-21 22:43:02.635 GPU_Scheduler_0] Admitted 1 requests for model_4
[2026-08-21 22:43:02.684 GPU_Scheduler_0] Admitted 1 requests for model_4
[2026-08-21 22:43:02.768 GPU_Scheduler_0] Admitted 18 requests for model_5
[2026-08-21 22:43:02.784 GPU_Scheduler_0] Admitted 1 requests for model_1
[2026-08-21 22:43:02.907 GPU_Scheduler_0] Admitted 1 requests for model_4
[2026-08-21 22:43:03.130 GPU_Scheduler_0] Admitted 1 requests for model_1
[2026-08-21 22:43:03.302 GPU_Scheduler_1] [V5-LOOP] {"iters": 469, "t_mem": 0.007386026205495, "t_redis": 0.26846046699211, "t_admit": 0.0037180017679929733, "t_send": 0.0005532552022486925, "t_iter": 0.2801177501678467, "admitted": 0, "iter_max": 0.001200648956000805, "gpu_id": 1, "window_s": 5.010429620742798}
[2026-08-21 22:43:03.544 GPU_Scheduler_0] Admitted 1 requests for model_1
[2026-08-21 22:43:03.600 GPU_Scheduler_0] Admitted 1 requests for model_4
[2026-08-21 22:43:03.646 GPU_Scheduler_0] Admitted 1 requests for model_4
[2026-08-21 22:43:03.902 GPU_Scheduler_0] Admitted 1 requests for model_4
[2026-08-21 22:43:04.047 GPU_Scheduler_0] Admitted 1 requests for model_4
[2026-08-21 22:43:04.137 GPU_Scheduler_0] Admitted 1 requests for model_2
[2026-08-21 22:43:04.270 GPU_Scheduler_0] Admitted 1 requests for model_4
[2026-08-21 22:43:04.304 GPU_Scheduler_0] Admitted 1 requests for model_1
[2026-08-21 22:43:04.426 GPU_Scheduler_0] Admitted 1 requests for model_4
[2026-08-21 22:43:04.493 GPU_Scheduler_0] Admitted 1 requests for model_2
[2026-08-21 22:43:04.683 GPU_Scheduler_0] Admitted 1 requests for model_1
[2026-08-21 22:43:04.739 GPU_Scheduler_0] Admitted 1 requests for model_1
[2026-08-21 22:43:04.829 GPU_Scheduler_0] Admitted 1 requests for model_4
[2026-08-21 22:43:04.964 GPU_Scheduler_0] Admitted 1 requests for model_1
[2026-08-21 22:43:05.165 GPU_Scheduler_0] Admitted 1 requests for model_4
[2026-08-21 22:43:05.177 GPU_Scheduler_0] Admitted 1 requests for model_2
[2026-08-21 22:43:05.345 GPU_Scheduler_0] Admitted 1 requests for model_1
[2026-08-21 22:43:05.389 GPU_Scheduler_0] Admitted 1 requests for model_4
[2026-08-21 22:43:05.401 GPU_Scheduler_0] Admitted 1 requests for model_1
[2026-08-21 22:43:05.468 GPU_Scheduler_0] Admitted 1 requests for model_1
[2026-08-21 22:43:05.502 GPU_Scheduler_0] Admitted 1 requests for model_1
[2026-08-21 22:43:05.637 GPU_Scheduler_0] Admitted 1 requests for model_1
[2026-08-21 22:43:05.693 GPU_Scheduler_0] Admitted 1 requests for model_2
[2026-08-21 22:43:05.816 GPU_Scheduler_0] Admitted 1 requests for model_2
[2026-08-21 22:43:05.964 GPU_Scheduler_0] Admitted 1 requests for model_2
[2026-08-21 22:43:05.976 GPU_Scheduler_0] Admitted 1 requests for model_4
[2026-08-21 22:43:06.227 GPU_Scheduler_0] Admitted 1 requests for model_4
[2026-08-21 22:43:06.239 GPU_Scheduler_0] Admitted 1 requests for model_2
[2026-08-21 22:43:06.418 GPU_Scheduler_0] Admitted 1 requests for model_1
[2026-08-21 22:43:06.429 GPU_Scheduler_0] Admitted 1 requests for model_4
[2026-08-21 22:43:06.452 GPU_Scheduler_0] Admitted 1 requests for model_4
[2026-08-21 22:43:06.464 GPU_Scheduler_0] Admitted 1 requests for model_1
[2026-08-21 22:43:06.542 GPU_Scheduler_0] Admitted 1 requests for model_4
[2026-08-21 22:43:06.643 GPU_Scheduler_0] Admitted 41 requests for model_5
[2026-08-21 22:43:06.776 GPU_Scheduler_0] Admitted 1 requests for model_4
[2026-08-21 22:43:06.810 GPU_Scheduler_0] Admitted 1 requests for model_2
[2026-08-21 22:43:06.876 GPU_Scheduler_0] Admitted 1 requests for model_1
[2026-08-21 22:43:06.877 GPU_Scheduler_0] Admitted 1 requests for model_4
[2026-08-21 22:43:06.933 GPU_Scheduler_0] Admitted 1 requests for model_1
[2026-08-21 22:43:06.977 GPU_Scheduler_0] Admitted 1 requests for model_1
[2026-08-21 22:43:07.177 GPU_Scheduler_0] Admitted 1 requests for model_4
[2026-08-21 22:43:07.290 GPU_Scheduler_0] Admitted 1 requests for model_4
[2026-08-21 22:43:07.359 GPU_Scheduler_0] Admitted 1 requests for model_4
[2026-08-21 22:43:07.518 GPU_Scheduler_0] [V5-LOOP] {"iters": 444, "t_mem": 0.006837636232376099, "t_redis": 0.4763039459940046, "t_admit": 0.012119759572669864, "t_send": 0.03653539647348225, "t_iter": 0.5317967382725328, "admitted": 109, "iter_max": 0.011696579866111279, "gpu_id": 0, "window_s": 5.010651350021362}
[2026-08-21 22:43:07.575 GPU_Scheduler_0] Admitted 1 requests for model_4
[2026-08-21 22:43:07.599 GPU_Scheduler_0] Admitted 1 requests for model_4
[2026-08-21 22:43:07.622 GPU_Scheduler_0] Admitted 1 requests for model_4
[2026-08-21 22:43:07.713 GPU_Scheduler_0] Admitted 1 requests for model_4
[2026-08-21 22:43:07.883 GPU_Scheduler_0] Admitted 1 requests for model_4
[2026-08-21 22:43:08.043 GPU_Scheduler_0] Admitted 17 requests for model_5
[2026-08-21 22:43:08.307 GPU_Scheduler_1] [V5-LOOP] {"iters": 467, "t_mem": 0.007550958544015884, "t_redis": 0.28247009962797165, "t_admit": 0.003828604007139802, "t_send": 0.0005692141130566597, "t_iter": 0.294418876292184, "admitted": 0, "iter_max": 0.0013213688507676125, "gpu_id": 1, "window_s": 5.004593849182129}
[2026-08-21 22:43:08.470 GPU_Scheduler_0] Admitted 3 requests for model_5
[2026-08-21 22:43:08.482 GPU_Scheduler_0] Admitted 1 requests for model_4
[2026-08-21 22:43:08.527 GPU_Scheduler_0] Admitted 1 requests for model_5
[2026-08-21 22:43:08.606 GPU_Scheduler_0] Admitted 1 requests for model_5
[2026-08-21 22:43:08.662 GPU_Scheduler_0] Admitted 1 requests for model_1
[2026-08-21 22:43:08.673 GPU_Scheduler_0] Admitted 1 requests for model_2
[2026-08-21 22:43:08.685 GPU_Scheduler_0] Admitted 1 requests for model_1
[2026-08-21 22:43:08.719 GPU_Scheduler_0] Admitted 1 requests for model_4
[2026-08-21 22:43:08.730 GPU_Scheduler_0] Admitted 1 requests for model_4
[2026-08-21 22:43:08.808 GPU_Scheduler_0] Admitted 1 requests for model_5
[2026-08-21 22:43:08.876 GPU_Scheduler_0] Admitted 1 requests for model_5
[2026-08-21 22:43:08.888 GPU_Scheduler_0] Admitted 1 requests for model_4
[2026-08-21 22:43:08.944 GPU_Scheduler_0] Admitted 1 requests for model_5
[2026-08-21 22:43:08.955 GPU_Scheduler_0] Admitted 1 requests for model_5
[2026-08-21 22:43:08.967 GPU_Scheduler_0] Admitted 1 requests for model_5
[2026-08-21 22:43:09.101 GPU_Scheduler_0] Admitted 1 requests for model_5
[2026-08-21 22:43:09.125 GPU_Scheduler_0] Admitted 1 requests for model_4
[2026-08-21 22:43:09.138 GPU_Scheduler_0] Admitted 1 requests for model_4
[2026-08-21 22:43:09.172 GPU_Scheduler_0] Admitted 1 requests for model_4
[2026-08-21 22:43:09.239 GPU_Scheduler_0] Admitted 1 requests for model_5
[2026-08-21 22:43:09.272 GPU_Scheduler_0] Admitted 1 requests for model_1
[2026-08-21 22:43:09.307 GPU_Scheduler_0] Admitted 1 requests for model_5
[2026-08-21 22:43:09.329 GPU_Scheduler_0] Admitted 1 requests for model_5
[2026-08-21 22:43:09.363 GPU_Scheduler_0] Admitted 1 requests for model_4
[2026-08-21 22:43:09.408 GPU_Scheduler_0] Admitted 1 requests for model_5
[2026-08-21 22:43:09.420 GPU_Scheduler_0] Admitted 1 requests for model_4
[2026-08-21 22:43:09.420 GPU_Scheduler_0] Admitted 1 requests for model_5
[2026-08-21 22:43:09.476 GPU_Scheduler_0] Admitted 1 requests for model_4
[2026-08-21 22:43:09.510 GPU_Scheduler_0] Admitted 1 requests for model_1
[2026-08-21 22:43:09.510 GPU_Scheduler_0] Admitted 2 requests for model_5
[2026-08-21 22:43:09.555 GPU_Scheduler_0] Admitted 1 requests for model_2
[2026-08-21 22:43:09.600 GPU_Scheduler_0] Admitted 1 requests for model_4
[2026-08-21 22:43:09.667 GPU_Scheduler_0] Admitted 1 requests for model_5
[2026-08-21 22:43:09.734 GPU_Scheduler_0] Admitted 1 requests for model_5
[2026-08-21 22:43:09.778 GPU_Scheduler_0] Admitted 1 requests for model_4
[2026-08-21 22:43:09.779 GPU_Scheduler_0] Admitted 1 requests for model_5
[2026-08-21 22:43:09.801 GPU_Scheduler_0] Admitted 1 requests for model_1
[2026-08-21 22:43:09.890 GPU_Scheduler_0] Admitted 1 requests for model_5
[2026-08-21 22:43:09.905 GPU_Scheduler_1] Received deactivate request for model model_6
[2026-08-21 22:43:09.905 GPU_Scheduler_1] Received deactivate request for model_6, model_states: {'model_1': 'deactivated', 'model_2': 'deactivated', 'model_3': 'activated', 'model_4': 'deactivated', 'model_5': 'deactivated', 'model_6': 'deactivating'}
[2026-08-21 22:43:09.905 GPU_Scheduler_1] Release worker 3 from model model_6. Current model_to_worker: {'model_3': 1}
[2026-08-21 22:43:09.906 GPU_Scheduler_1] Received deactivate request for model model_3
[2026-08-21 22:43:09.906 GPU_Scheduler_1] Received deactivate request for model_3, model_states: {'model_1': 'deactivated', 'model_2': 'deactivated', 'model_3': 'deactivating', 'model_4': 'deactivated', 'model_5': 'deactivated', 'model_6': 'deactivating'}
[2026-08-21 22:43:09.906 GPU_Scheduler_1] Release worker 1 from model model_3. Current model_to_worker: {}
[2026-08-21 22:43:09.924 GPU_Scheduler_0] Admitted 1 requests for model_2
[2026-08-21 22:43:09.924 GPU_Scheduler_0] Admitted 1 requests for model_5
[2026-08-21 22:43:09.958 GPU_Scheduler_0] Admitted 1 requests for model_1
[2026-08-21 22:43:10.069 GPU_Scheduler_0] Admitted 1 requests for model_4
[2026-08-21 22:43:10.081 GPU_Scheduler_0] Admitted 1 requests for model_5
[2026-08-21 22:43:10.248 GPU_Scheduler_0] Admitted 1 requests for model_1
[2026-08-21 22:43:10.260 GPU_Scheduler_0] Admitted 1 requests for model_2
[2026-08-21 22:43:10.294 GPU_Scheduler_0] Admitted 1 requests for model_5
[2026-08-21 22:43:10.306 GPU_Scheduler_0] Admitted 1 requests for model_1
[2026-08-21 22:43:10.339 GPU_Scheduler_0] Admitted 1 requests for model_4
[2026-08-21 22:43:10.418 GPU_Scheduler_0] Admitted 1 requests for model_1
[2026-08-21 22:43:10.429 GPU_Scheduler_0] Admitted 1 requests for model_5
[2026-08-21 22:43:10.441 GPU_Scheduler_0] Admitted 1 requests for model_5
[2026-08-21 22:43:10.463 GPU_Scheduler_0] Admitted 1 requests for model_5
[2026-08-21 22:43:10.509 GPU_Scheduler_0] Admitted 1 requests for model_5
[2026-08-21 22:43:10.565 GPU_Scheduler_0] Admitted 1 requests for model_1
[2026-08-21 22:43:10.599 GPU_Scheduler_0] Admitted 1 requests for model_5
[2026-08-21 22:43:10.666 GPU_Scheduler_0] Admitted 1 requests for model_5
[2026-08-21 22:43:10.688 GPU_Scheduler_0] Admitted 1 requests for model_5
[2026-08-21 22:43:10.832 GPU_Scheduler_0] Admitted 1 requests for model_1
[2026-08-21 22:43:10.855 GPU_Scheduler_0] Admitted 1 requests for model_5
[2026-08-21 22:43:10.877 GPU_Scheduler_0] Admitted 1 requests for model_4
[2026-08-21 22:43:10.900 GPU_Scheduler_0] Admitted 1 requests for model_4
[2026-08-21 22:43:10.900 GPU_Scheduler_0] Admitted 1 requests for model_5
[2026-08-21 22:43:10.990 GPU_Scheduler_0] Admitted 1 requests for model_5
[2026-08-21 22:43:11.002 GPU_Scheduler_0] Admitted 1 requests for model_5
[2026-08-21 22:43:11.024 GPU_Scheduler_0] Admitted 1 requests for model_2
[2026-08-21 22:43:11.047 GPU_Scheduler_0] Admitted 1 requests for model_1
[2026-08-21 22:43:11.071 GPU_Scheduler_0] Admitted 1 requests for model_5
[2026-08-21 22:43:11.160 GPU_Scheduler_0] Admitted 1 requests for model_1
[2026-08-21 22:43:11.183 GPU_Scheduler_0] Admitted 1 requests for model_4
[2026-08-21 22:43:11.194 GPU_Scheduler_0] Admitted 1 requests for model_2
[2026-08-21 22:43:11.261 GPU_Scheduler_0] Admitted 1 requests for model_1
[2026-08-21 22:43:11.261 GPU_Scheduler_0] Admitted 1 requests for model_4
[2026-08-21 22:43:11.262 GPU_Scheduler_0] Admitted 1 requests for model_5
[2026-08-21 22:43:11.363 GPU_Scheduler_0] Admitted 1 requests for model_4
[2026-08-21 22:43:11.363 GPU_Scheduler_0] Admitted 1 requests for model_5
[2026-08-21 22:43:11.475 GPU_Scheduler_0] Admitted 1 requests for model_5
[2026-08-21 22:43:11.530 GPU_Scheduler_1] Model model_3 (instance 1) deactivation succeeded on GPU 1
[2026-08-21 22:43:11.564 GPU_Scheduler_0] Admitted 1 requests for model_5
[2026-08-21 22:43:11.576 GPU_Scheduler_0] Admitted 1 requests for model_1
[2026-08-21 22:43:11.598 GPU_Scheduler_0] Admitted 1 requests for model_1
[2026-08-21 22:43:11.665 GPU_Scheduler_0] Admitted 1 requests for model_5
[2026-08-21 22:43:11.700 GPU_Scheduler_0] Admitted 1 requests for model_5
[2026-08-21 22:43:11.745 GPU_Scheduler_0] Admitted 1 requests for model_4
[2026-08-21 22:43:11.845 GPU_Scheduler_0] Admitted 1 requests for model_5
[2026-08-21 22:43:11.934 GPU_Scheduler_0] Admitted 1 requests for model_5
[2026-08-21 22:43:12.056 GPU_Scheduler_0] Admitted 1 requests for model_1
[2026-08-21 22:43:12.079 GPU_Scheduler_0] Admitted 1 requests for model_4
[2026-08-21 22:43:12.123 GPU_Scheduler_0] Admitted 1 requests for model_4
[2026-08-21 22:43:12.123 GPU_Scheduler_0] Admitted 1 requests for model_5
[2026-08-21 22:43:12.192 GPU_Scheduler_0] Admitted 1 requests for model_4
[2026-08-21 22:43:12.237 GPU_Scheduler_0] Admitted 1 requests for model_4
[2026-08-21 22:43:12.273 GPU_Scheduler_1] Model model_6 (instance 1) deactivation succeeded on GPU 1
[2026-08-21 22:43:12.370 GPU_Scheduler_0] Admitted 1 requests for model_5
[2026-08-21 22:43:12.415 GPU_Scheduler_0] Admitted 1 requests for model_4
[2026-08-21 22:43:12.426 GPU_Scheduler_0] Admitted 1 requests for model_5
[2026-08-21 22:43:12.483 GPU_Scheduler_0] Admitted 1 requests for model_4
[2026-08-21 22:43:12.494 GPU_Scheduler_0] Admitted 1 requests for model_1
[2026-08-21 22:43:12.528 GPU_Scheduler_0] [V5-LOOP] {"iters": 445, "t_mem": 0.007100657327100635, "t_redis": 0.4571674403268844, "t_admit": 0.008329418487846851, "t_send": 0.04866978898644447, "t_iter": 0.5212673051282763, "admitted": 120, "iter_max": 0.006929786875844002, "gpu_id": 0, "window_s": 5.010111093521118}
[2026-08-21 22:43:12.573 GPU_Scheduler_0] Admitted 1 requests for model_5
[2026-08-21 22:43:12.607 GPU_Scheduler_0] Admitted 1 requests for model_5
[2026-08-21 22:43:12.719 GPU_Scheduler_0] Admitted 1 requests for model_5
[2026-08-21 22:43:12.808 GPU_Scheduler_0] Admitted 1 requests for model_4
[2026-08-21 22:43:12.842 GPU_Scheduler_0] Admitted 1 requests for model_5
[2026-08-21 22:43:12.876 GPU_Scheduler_0] Admitted 1 requests for model_1
[2026-08-21 22:43:12.910 GPU_Scheduler_0] Admitted 1 requests for model_5
[2026-08-21 22:43:12.921 GPU_Scheduler_0] Admitted 1 requests for model_4
[2026-08-21 22:43:12.933 GPU_Scheduler_0] Admitted 1 requests for model_5
[2026-08-21 22:43:12.945 GPU_Scheduler_0] Admitted 1 requests for model_5
[2026-08-21 22:43:13.034 GPU_Scheduler_0] Admitted 1 requests for model_5
[2026-08-21 22:43:13.068 GPU_Scheduler_0] Admitted 1 requests for model_5
[2026-08-21 22:43:13.091 GPU_Scheduler_0] Admitted 1 requests for model_5
[2026-08-21 22:43:13.315 GPU_Scheduler_1] [V5-LOOP] {"iters": 473, "t_mem": 0.008989107329398394, "t_redis": 0.21456883545033634, "t_admit": 0.004578334977850318, "t_send": 0.0006279558874666691, "t_iter": 0.22876423364505172, "admitted": 0, "iter_max": 0.0012404778972268105, "gpu_id": 1, "window_s": 5.007240533828735}
[2026-08-21 22:43:13.369 GPU_Scheduler_0] Admitted 1 requests for model_5
[2026-08-21 22:43:13.448 GPU_Scheduler_0] Admitted 1 requests for model_4
[2026-08-21 22:43:13.482 GPU_Scheduler_0] Admitted 1 requests for model_5
[2026-08-21 22:43:13.549 GPU_Scheduler_0] Admitted 1 requests for model_4
[2026-08-21 22:43:13.594 GPU_Scheduler_0] Admitted 1 requests for model_5
[2026-08-21 22:43:13.616 GPU_Scheduler_0] Admitted 1 requests for model_5
[2026-08-21 22:43:13.717 GPU_Scheduler_0] Admitted 1 requests for model_5
[2026-08-21 22:43:13.751 GPU_Scheduler_0] Admitted 1 requests for model_4
[2026-08-21 22:43:13.918 GPU_Scheduler_0] Admitted 1 requests for model_5
[2026-08-21 22:43:13.930 GPU_Scheduler_0] Admitted 1 requests for model_4
[2026-08-21 22:43:14.066 GPU_Scheduler_0] Admitted 1 requests for model_1
[2026-08-21 22:43:14.066 GPU_Scheduler_0] Admitted 1 requests for model_5
[2026-08-21 22:43:14.157 GPU_Scheduler_0] Admitted 1 requests for model_5
[2026-08-21 22:43:14.169 GPU_Scheduler_0] Admitted 1 requests for model_2
[2026-08-21 22:43:14.181 GPU_Scheduler_0] Admitted 1 requests for model_1
[2026-08-21 22:43:14.214 GPU_Scheduler_0] Admitted 1 requests for model_5
[2026-08-21 22:43:14.226 GPU_Scheduler_0] Admitted 1 requests for model_5
[2026-08-21 22:43:14.238 GPU_Scheduler_0] Admitted 1 requests for model_5
[2026-08-21 22:43:14.362 GPU_Scheduler_0] Admitted 1 requests for model_5
[2026-08-21 22:43:14.396 GPU_Scheduler_0] Admitted 1 requests for model_5
[2026-08-21 22:43:14.407 GPU_Scheduler_0] Admitted 1 requests for model_1
[2026-08-21 22:43:14.497 GPU_Scheduler_0] Admitted 1 requests for model_5
[2026-08-21 22:43:14.631 GPU_Scheduler_0] Admitted 1 requests for model_1
[2026-08-21 22:43:14.642 GPU_Scheduler_0] Admitted 2 requests for model_5
[2026-08-21 22:43:14.720 GPU_Scheduler_0] Admitted 1 requests for model_2
[2026-08-21 22:43:14.765 GPU_Scheduler_0] Admitted 1 requests for model_2
[2026-08-21 22:43:14.765 GPU_Scheduler_0] Admitted 1 requests for model_5
[2026-08-21 22:43:14.810 GPU_Scheduler_0] Admitted 1 requests for model_4
[2026-08-21 22:43:14.877 GPU_Scheduler_0] Admitted 1 requests for model_1
[2026-08-21 22:43:14.978 GPU_Scheduler_0] Admitted 1 requests for model_5
[2026-08-21 22:43:15.167 GPU_Scheduler_0] Admitted 1 requests for model_5
[2026-08-21 22:43:15.189 GPU_Scheduler_0] Admitted 1 requests for model_5
[2026-08-21 22:43:15.212 GPU_Scheduler_0] Admitted 1 requests for model_1
[2026-08-21 22:43:15.268 GPU_Scheduler_0] Admitted 1 requests for model_4
[2026-08-21 22:43:15.302 GPU_Scheduler_0] Admitted 1 requests for model_2
[2026-08-21 22:43:15.324 GPU_Scheduler_0] Admitted 1 requests for model_4
[2026-08-21 22:43:15.403 GPU_Scheduler_0] Admitted 1 requests for model_4
[2026-08-21 22:43:15.426 GPU_Scheduler_0] Admitted 1 requests for model_5
[2026-08-21 22:43:15.437 GPU_Scheduler_0] Admitted 1 requests for model_5
[2026-08-21 22:43:15.460 GPU_Scheduler_0] Admitted 1 requests for model_5
[2026-08-21 22:43:15.482 GPU_Scheduler_0] Admitted 1 requests for model_4
[2026-08-21 22:43:15.505 GPU_Scheduler_0] Admitted 1 requests for model_5
[2026-08-21 22:43:15.528 GPU_Scheduler_0] Admitted 1 requests for model_4
[2026-08-21 22:43:15.528 GPU_Scheduler_0] Admitted 1 requests for model_5
[2026-08-21 22:43:15.640 GPU_Scheduler_0] Admitted 1 requests for model_1
[2026-08-21 22:43:15.641 GPU_Scheduler_0] Admitted 1 requests for model_4
[2026-08-21 22:43:15.663 GPU_Scheduler_0] Admitted 1 requests for model_5
[2026-08-21 22:43:15.875 GPU_Scheduler_0] Admitted 1 requests for model_5
[2026-08-21 22:43:15.887 GPU_Scheduler_0] Admitted 1 requests for model_2
[2026-08-21 22:43:16.031 GPU_Scheduler_0] Admitted 1 requests for model_5
[2026-08-21 22:43:16.076 GPU_Scheduler_0] Admitted 1 requests for model_1
[2026-08-21 22:43:16.076 GPU_Scheduler_0] Admitted 1 requests for model_5
[2026-08-21 22:43:16.377 GPU_Scheduler_0] Admitted 1 requests for model_5
[2026-08-21 22:43:16.389 GPU_Scheduler_0] Admitted 1 requests for model_4
[2026-08-21 22:43:16.422 GPU_Scheduler_0] Admitted 1 requests for model_5
[2026-08-21 22:43:16.456 GPU_Scheduler_0] Admitted 1 requests for model_5
[2026-08-21 22:43:16.490 GPU_Scheduler_0] Admitted 1 requests for model_5
[2026-08-21 22:43:16.502 GPU_Scheduler_0] Admitted 1 requests for model_5
[2026-08-21 22:43:16.602 GPU_Scheduler_0] Admitted 1 requests for model_5
[2026-08-21 22:43:16.635 GPU_Scheduler_0] Admitted 1 requests for model_4
[2026-08-21 22:43:16.635 GPU_Scheduler_0] Admitted 1 requests for model_5
[2026-08-21 22:43:16.703 GPU_Scheduler_0] Admitted 1 requests for model_5
[2026-08-21 22:43:16.715 GPU_Scheduler_0] Admitted 1 requests for model_1
[2026-08-21 22:43:16.715 GPU_Scheduler_0] Admitted 1 requests for model_2
[2026-08-21 22:43:16.782 GPU_Scheduler_0] Admitted 1 requests for model_5
[2026-08-21 22:43:16.883 GPU_Scheduler_0] Admitted 1 requests for model_1
[2026-08-21 22:43:16.917 GPU_Scheduler_0] Admitted 1 requests for model_4
[2026-08-21 22:43:16.973 GPU_Scheduler_0] Admitted 1 requests for model_4
[2026-08-21 22:43:16.974 GPU_Scheduler_0] Admitted 2 requests for model_5
[2026-08-21 22:43:16.997 GPU_Scheduler_0] Admitted 1 requests for model_1
[2026-08-21 22:43:16.997 GPU_Scheduler_0] Admitted 1 requests for model_4
[2026-08-21 22:43:17.087 GPU_Scheduler_0] Admitted 1 requests for model_5
[2026-08-21 22:43:17.143 GPU_Scheduler_0] Admitted 2 requests for model_5
[2026-08-21 22:43:17.155 GPU_Scheduler_0] Admitted 1 requests for model_4
[2026-08-21 22:43:17.278 GPU_Scheduler_0] Admitted 1 requests for model_5
[2026-08-21 22:43:17.289 GPU_Scheduler_0] Admitted 1 requests for model_5
[2026-08-21 22:43:17.312 GPU_Scheduler_0] Admitted 1 requests for model_5
[2026-08-21 22:43:17.368 GPU_Scheduler_0] Admitted 1 requests for model_1
[2026-08-21 22:43:17.447 GPU_Scheduler_0] Admitted 1 requests for model_5
[2026-08-21 22:43:17.541 GPU_Scheduler_0] [V5-LOOP] {"iters": 446, "t_mem": 0.006936648162081838, "t_redis": 0.4602607174310833, "t_admit": 0.0068175578489899635, "t_send": 0.040217992616817355, "t_iter": 0.5142329160589725, "admitted": 95, "iter_max": 0.0027158590964972973, "gpu_id": 0, "window_s": 5.012093544006348}
[2026-08-21 22:43:17.650 GPU_Scheduler_0] Admitted 1 requests for model_5
[2026-08-21 22:43:17.674 GPU_Scheduler_0] Admitted 1 requests for model_5
[2026-08-21 22:43:17.699 GPU_Scheduler_0] Admitted 1 requests for model_5
[2026-08-21 22:43:17.736 GPU_Scheduler_0] Admitted 1 requests for model_1
[2026-08-21 22:43:17.834 GPU_Scheduler_0] Admitted 1 requests for model_4
[2026-08-21 22:43:17.847 GPU_Scheduler_0] Admitted 1 requests for model_2
[2026-08-21 22:43:17.847 GPU_Scheduler_0] Admitted 1 requests for model_4
[2026-08-21 22:43:17.969 GPU_Scheduler_0] Admitted 2 requests for model_4
[2026-08-21 22:43:17.982 GPU_Scheduler_0] Admitted 1 requests for model_5
[2026-08-21 22:43:18.080 GPU_Scheduler_0] Admitted 1 requests for model_5
[2026-08-21 22:43:18.117 GPU_Scheduler_0] Admitted 1 requests for model_1
[2026-08-21 22:43:18.129 GPU_Scheduler_0] Admitted 1 requests for model_5
[2026-08-21 22:43:18.142 GPU_Scheduler_0] Admitted 1 requests for model_5
[2026-08-21 22:43:18.167 GPU_Scheduler_0] Admitted 1 requests for model_5
[2026-08-21 22:43:18.229 GPU_Scheduler_0] Admitted 1 requests for model_5
[2026-08-21 22:43:18.242 GPU_Scheduler_0] Admitted 1 requests for model_5
[2026-08-21 22:43:18.291 GPU_Scheduler_0] Admitted 1 requests for model_5
[2026-08-21 22:43:18.304 GPU_Scheduler_0] Admitted 1 requests for model_5
[2026-08-21 22:43:18.321 GPU_Scheduler_1] [V5-LOOP] {"iters": 492, "t_mem": 0.011459602741524577, "t_redis": 0.0032142307609319687, "t_admit": 0.006716096308082342, "t_send": 0.0007921026553958654, "t_iter": 0.022182032465934753, "admitted": 0, "iter_max": 0.00014718109741806984, "gpu_id": 1, "window_s": 5.005899667739868}
[2026-08-21 22:43:18.366 GPU_Scheduler_0] Admitted 1 requests for model_5
[2026-08-21 22:43:18.391 GPU_Scheduler_0] Admitted 1 requests for model_1
[2026-08-21 22:43:18.416 GPU_Scheduler_0] Admitted 1 requests for model_4
[2026-08-21 22:43:18.466 GPU_Scheduler_0] Admitted 1 requests for model_4
[2026-08-21 22:43:18.527 GPU_Scheduler_0] Admitted 1 requests for model_1
[2026-08-21 22:43:18.528 GPU_Scheduler_0] Admitted 1 requests for model_2
[2026-08-21 22:43:18.541 GPU_Scheduler_0] Admitted 1 requests for model_4
[2026-08-21 22:43:18.579 GPU_Scheduler_0] Admitted 1 requests for model_5
[2026-08-21 22:43:18.640 GPU_Scheduler_0] Admitted 1 requests for model_5
[2026-08-21 22:43:18.665 GPU_Scheduler_0] Admitted 1 requests for model_5
[2026-08-21 22:43:19.136 GPU_Scheduler_0] Admitted 1 requests for model_5
[2026-08-21 22:43:19.201 GPU_Scheduler_0] Admitted 1 requests for model_5
[2026-08-21 22:43:19.299 GPU_Scheduler_0] Admitted 1 requests for model_1
[2026-08-21 22:43:19.321 GPU_Scheduler_0] Admitted 1 requests for model_5
[2026-08-21 22:43:19.796 GPU_Scheduler_0] Admitted 1 requests for model_1
[2026-08-21 22:43:19.796 GPU_Scheduler_0] Admitted 3 requests for model_2
[2026-08-21 22:43:19.797 GPU_Scheduler_0] Admitted 1 requests for model_4
[2026-08-21 22:43:19.797 GPU_Scheduler_0] Admitted 3 requests for model_5
[2026-08-21 22:43:19.810 GPU_Scheduler_0] Admitted 1 requests for model_4
[2026-08-21 22:43:19.810 GPU_Scheduler_0] Admitted 1 requests for model_5
[2026-08-21 22:43:19.832 GPU_Scheduler_0] Admitted 1 requests for model_5
[2026-08-21 22:43:19.897 GPU_Scheduler_0] Admitted 1 requests for model_4
[2026-08-21 22:43:19.983 GPU_Scheduler_0] Admitted 1 requests for model_1
[2026-08-21 22:43:19.983 GPU_Scheduler_0] Admitted 1 requests for model_5
[2026-08-21 22:43:20.081 GPU_Scheduler_0] Admitted 1 requests for model_5
[2026-08-21 22:43:20.114 GPU_Scheduler_0] Admitted 2 requests for model_5
[2026-08-21 22:43:20.211 GPU_Scheduler_0] Admitted 1 requests for model_4
[2026-08-21 22:43:20.331 GPU_Scheduler_0] Admitted 1 requests for model_5
[2026-08-21 22:43:20.364 GPU_Scheduler_0] Admitted 1 requests for model_5
[2026-08-21 22:43:20.429 GPU_Scheduler_0] Admitted 2 requests for model_5
[2026-08-21 22:43:20.591 GPU_Scheduler_0] Admitted 1 requests for model_2
[2026-08-21 22:43:20.699 GPU_Scheduler_0] Admitted 1 requests for model_4
[2026-08-21 22:43:20.721 GPU_Scheduler_0] Admitted 1 requests for model_1
[2026-08-21 22:43:20.851 GPU_Scheduler_0] Admitted 1 requests for model_5
[2026-08-21 22:43:20.959 GPU_Scheduler_0] Admitted 1 requests for model_4
[2026-08-21 22:43:20.981 GPU_Scheduler_0] Admitted 1 requests for model_5
[2026-08-21 22:43:20.992 GPU_Scheduler_0] Admitted 1 requests for model_5
[2026-08-21 22:43:21.014 GPU_Scheduler_0] Admitted 2 requests for model_5
[2026-08-21 22:43:21.089 GPU_Scheduler_0] Admitted 1 requests for model_4
[2026-08-21 22:43:21.542 GPU_Scheduler_0] Admitted 1 requests for model_1
[2026-08-21 22:43:21.564 GPU_Scheduler_0] Admitted 1 requests for model_5
[2026-08-21 22:43:21.575 GPU_Scheduler_0] Admitted 1 requests for model_1
[2026-08-21 22:43:21.576 GPU_Scheduler_0] Admitted 1 requests for model_4
[2026-08-21 22:43:21.587 GPU_Scheduler_0] Admitted 1 requests for model_4
[2026-08-21 22:43:21.652 GPU_Scheduler_0] Admitted 1 requests for model_5
[2026-08-21 22:43:21.728 GPU_Scheduler_0] Admitted 3 requests for model_5
[2026-08-21 22:43:21.739 GPU_Scheduler_0] Admitted 1 requests for model_5
[2026-08-21 22:43:21.761 GPU_Scheduler_0] Admitted 1 requests for model_2
[2026-08-21 22:43:21.827 GPU_Scheduler_0] Admitted 1 requests for model_5
[2026-08-21 22:43:21.892 GPU_Scheduler_0] Admitted 1 requests for model_5
[2026-08-21 22:43:21.935 GPU_Scheduler_0] Admitted 1 requests for model_4
[2026-08-21 22:43:21.957 GPU_Scheduler_0] Admitted 1 requests for model_4
[2026-08-21 22:43:22.077 GPU_Scheduler_0] Admitted 1 requests for model_1
[2026-08-21 22:43:22.132 GPU_Scheduler_0] Admitted 1 requests for model_5
[2026-08-21 22:43:22.143 GPU_Scheduler_0] Admitted 1 requests for model_5
[2026-08-21 22:43:22.230 GPU_Scheduler_0] Admitted 1 requests for model_5
[2026-08-21 22:43:22.263 GPU_Scheduler_0] Admitted 2 requests for model_5
[2026-08-21 22:43:22.285 GPU_Scheduler_0] Admitted 1 requests for model_5
[2026-08-21 22:43:22.480 GPU_Scheduler_0] Admitted 1 requests for model_5
[2026-08-21 22:43:22.502 GPU_Scheduler_0] Admitted 1 requests for model_4
[2026-08-21 22:43:22.535 GPU_Scheduler_0] Admitted 1 requests for model_5
[2026-08-21 22:43:22.546 GPU_Scheduler_0] [V5-LOOP] {"iters": 446, "t_mem": 0.007241020677611232, "t_redis": 0.45674552163109183, "t_admit": 0.005985456984490156, "t_send": 0.037816624622792006, "t_iter": 0.5077886239159852, "admitted": 90, "iter_max": 0.0038444760721176863, "gpu_id": 0, "window_s": 5.005466938018799}
[2026-08-21 22:43:22.579 GPU_Scheduler_0] Admitted 1 requests for model_5
[2026-08-21 22:43:22.590 GPU_Scheduler_0] Admitted 1 requests for model_5
[2026-08-21 22:43:22.655 GPU_Scheduler_0] Admitted 1 requests for model_1
[2026-08-21 22:43:22.655 GPU_Scheduler_0] Admitted 1 requests for model_4
[2026-08-21 22:43:22.700 GPU_Scheduler_0] Admitted 1 requests for model_5
[2026-08-21 22:43:22.743 GPU_Scheduler_0] Admitted 1 requests for model_4
[2026-08-21 22:43:22.787 GPU_Scheduler_0] Admitted 1 requests for model_5
[2026-08-21 22:43:22.863 GPU_Scheduler_0] Admitted 1 requests for model_5
[2026-08-21 22:43:23.005 GPU_Scheduler_0] Admitted 1 requests for model_5
[2026-08-21 22:43:23.037 GPU_Scheduler_0] Admitted 1 requests for model_1
[2026-08-21 22:43:23.048 GPU_Scheduler_0] Admitted 1 requests for model_5
[2026-08-21 22:43:23.145 GPU_Scheduler_0] Admitted 1 requests for model_1
[2026-08-21 22:43:23.221 GPU_Scheduler_0] Admitted 1 requests for model_1
[2026-08-21 22:43:23.275 GPU_Scheduler_0] Admitted 1 requests for model_5
[2026-08-21 22:43:23.308 GPU_Scheduler_0] Admitted 1 requests for model_5
[2026-08-21 22:43:23.323 GPU_Scheduler_1] [V5-LOOP] {"iters": 492, "t_mem": 0.011150751961395144, "t_redis": 0.0031293609645217657, "t_admit": 0.006664277287200093, "t_send": 0.0008021662943065166, "t_iter": 0.02174655650742352, "admitted": 0, "iter_max": 8.361996151506901e-05, "gpu_id": 1, "window_s": 5.001466512680054}
[2026-08-21 22:43:23.351 GPU_Scheduler_0] Admitted 2 requests for model_5
[2026-08-21 22:43:23.427 GPU_Scheduler_0] Admitted 1 requests for model_4
[2026-08-21 22:43:23.449 GPU_Scheduler_0] Admitted 1 requests for model_5
[2026-08-21 22:43:23.504 GPU_Scheduler_0] Admitted 1 requests for model_4
[2026-08-21 22:43:23.504 GPU_Scheduler_0] Admitted 1 requests for model_5
[2026-08-21 22:43:23.548 GPU_Scheduler_0] Admitted 1 requests for model_5
[2026-08-21 22:43:23.570 GPU_Scheduler_0] Admitted 1 requests for model_1
[2026-08-21 22:43:23.570 GPU_Scheduler_0] Admitted 1 requests for model_5
[2026-08-21 22:43:23.603 GPU_Scheduler_0] Admitted 1 requests for model_4
[2026-08-21 22:43:23.625 GPU_Scheduler_0] Admitted 1 requests for model_4
[2026-08-21 22:43:23.787 GPU_Scheduler_0] Admitted 1 requests for model_5
[2026-08-21 22:43:23.852 GPU_Scheduler_0] Admitted 1 requests for model_4
[2026-08-21 22:43:23.874 GPU_Scheduler_0] Admitted 1 requests for model_5
[2026-08-21 22:43:23.907 GPU_Scheduler_0] Admitted 1 requests for model_5
[2026-08-21 22:43:23.940 GPU_Scheduler_0] Admitted 1 requests for model_2
[2026-08-21 22:43:23.962 GPU_Scheduler_0] Admitted 1 requests for model_1
[2026-08-21 22:43:23.984 GPU_Scheduler_0] Admitted 1 requests for model_5
[2026-08-21 22:43:24.016 GPU_Scheduler_0] Admitted 1 requests for model_4
[2026-08-21 22:43:24.038 GPU_Scheduler_0] Admitted 1 requests for model_5
[2026-08-21 22:43:24.114 GPU_Scheduler_0] Admitted 1 requests for model_4
[2026-08-21 22:43:24.125 GPU_Scheduler_0] Admitted 1 requests for model_4
[2026-08-21 22:43:24.169 GPU_Scheduler_0] Admitted 1 requests for model_5
[2026-08-21 22:43:24.223 GPU_Scheduler_0] Admitted 1 requests for model_5
[2026-08-21 22:43:24.332 GPU_Scheduler_0] Admitted 1 requests for model_5
[2026-08-21 22:43:24.386 GPU_Scheduler_0] Admitted 1 requests for model_5
[2026-08-21 22:43:24.419 GPU_Scheduler_0] Admitted 1 requests for model_5
[2026-08-21 22:43:24.462 GPU_Scheduler_0] Admitted 1 requests for model_4
[2026-08-21 22:43:24.473 GPU_Scheduler_0] Admitted 1 requests for model_5
[2026-08-21 22:43:24.484 GPU_Scheduler_0] Admitted 1 requests for model_1
[2026-08-21 22:43:24.528 GPU_Scheduler_0] Admitted 1 requests for model_5
[2026-08-21 22:43:24.571 GPU_Scheduler_0] Admitted 1 requests for model_1
[2026-08-21 22:43:24.690 GPU_Scheduler_0] Admitted 1 requests for model_4
[2026-08-21 22:43:24.756 GPU_Scheduler_0] Admitted 1 requests for model_5
[2026-08-21 22:43:24.799 GPU_Scheduler_0] Admitted 1 requests for model_4
[2026-08-21 22:43:24.810 GPU_Scheduler_0] Admitted 1 requests for model_1
[2026-08-21 22:43:24.843 GPU_Scheduler_0] Admitted 1 requests for model_5
[2026-08-21 22:43:24.864 GPU_Scheduler_0] Admitted 1 requests for model_5
[2026-08-21 22:43:24.886 GPU_Scheduler_0] Admitted 1 requests for model_5
[2026-08-21 22:43:25.091 GPU_Scheduler_0] Admitted 2 requests for model_5
[2026-08-21 22:43:25.167 GPU_Scheduler_0] Admitted 1 requests for model_5
[2026-08-21 22:43:25.211 GPU_Scheduler_0] Admitted 1 requests for model_5
[2026-08-21 22:43:25.222 GPU_Scheduler_0] Admitted 1 requests for model_5
[2026-08-21 22:43:25.287 GPU_Scheduler_0] Admitted 1 requests for model_4
[2026-08-21 22:43:25.319 GPU_Scheduler_0] Admitted 1 requests for model_5
[2026-08-21 22:43:25.492 GPU_Scheduler_0] Admitted 1 requests for model_4
[2026-08-21 22:43:25.524 GPU_Scheduler_0] Admitted 1 requests for model_5
[2026-08-21 22:43:25.653 GPU_Scheduler_0] Admitted 1 requests for model_5
[2026-08-21 22:43:25.664 GPU_Scheduler_0] Admitted 1 requests for model_5
[2026-08-21 22:43:25.676 GPU_Scheduler_0] Admitted 1 requests for model_4
[2026-08-21 22:43:25.698 GPU_Scheduler_0] Admitted 1 requests for model_5
[2026-08-21 22:43:25.837 GPU_Scheduler_0] Admitted 1 requests for model_2
[2026-08-21 22:43:25.837 GPU_Scheduler_0] Admitted 1 requests for model_5
[2026-08-21 22:43:25.859 GPU_Scheduler_0] Admitted 1 requests for model_1
[2026-08-21 22:43:25.881 GPU_Scheduler_0] Admitted 1 requests for model_5
[2026-08-21 22:43:25.892 GPU_Scheduler_0] Admitted 1 requests for model_5
[2026-08-21 22:43:25.925 GPU_Scheduler_0] Admitted 1 requests for model_5
[2026-08-21 22:43:25.936 GPU_Scheduler_0] Admitted 1 requests for model_4
[2026-08-21 22:43:25.936 GPU_Scheduler_0] Admitted 1 requests for model_5
[2026-08-21 22:43:25.947 GPU_Scheduler_0] Admitted 1 requests for model_1
[2026-08-21 22:43:25.990 GPU_Scheduler_0] Admitted 1 requests for model_5
[2026-08-21 22:43:26.034 GPU_Scheduler_0] Admitted 1 requests for model_2
[2026-08-21 22:43:26.034 GPU_Scheduler_0] Admitted 1 requests for model_5
[2026-08-21 22:43:26.045 GPU_Scheduler_0] Admitted 1 requests for model_5
[2026-08-21 22:43:26.143 GPU_Scheduler_0] Admitted 1 requests for model_5
[2026-08-21 22:43:26.251 GPU_Scheduler_0] Admitted 1 requests for model_1
[2026-08-21 22:43:26.305 GPU_Scheduler_0] Admitted 1 requests for model_5
[2026-08-21 22:43:26.348 GPU_Scheduler_0] Admitted 1 requests for model_4
[2026-08-21 22:43:26.445 GPU_Scheduler_0] Admitted 1 requests for model_5
[2026-08-21 22:43:26.456 GPU_Scheduler_0] Admitted 1 requests for model_5
[2026-08-21 22:43:26.575 GPU_Scheduler_0] Admitted 1 requests for model_5
[2026-08-21 22:43:26.759 GPU_Scheduler_0] Admitted 1 requests for model_4
[2026-08-21 22:43:26.782 GPU_Scheduler_0] Admitted 1 requests for model_4
[2026-08-21 22:43:26.795 GPU_Scheduler_0] Admitted 1 requests for model_5
[2026-08-21 22:43:26.890 GPU_Scheduler_0] Admitted 1 requests for model_5
[2026-08-21 22:43:26.975 GPU_Scheduler_0] Admitted 1 requests for model_5
[2026-08-21 22:43:26.999 GPU_Scheduler_0] Admitted 1 requests for model_4
[2026-08-21 22:43:27.046 GPU_Scheduler_0] Admitted 1 requests for model_5
[2026-08-21 22:43:27.067 GPU_Scheduler_0] Admitted 1 requests for model_5
[2026-08-21 22:43:27.122 GPU_Scheduler_0] Admitted 1 requests for model_5
[2026-08-21 22:43:27.176 GPU_Scheduler_0] Admitted 1 requests for model_5
[2026-08-21 22:43:27.241 GPU_Scheduler_0] Admitted 1 requests for model_4
[2026-08-21 22:43:27.446 GPU_Scheduler_0] Admitted 1 requests for model_5
[2026-08-21 22:43:27.489 GPU_Scheduler_0] Admitted 1 requests for model_4
[2026-08-21 22:43:27.522 GPU_Scheduler_0] Admitted 1 requests for model_5
[2026-08-21 22:43:27.555 GPU_Scheduler_0] [V5-LOOP] {"iters": 459, "t_mem": 0.005972699262201786, "t_redis": 0.33903292869217694, "t_admit": 0.005105817690491676, "t_send": 0.030920704128220677, "t_iter": 0.3810321497730911, "admitted": 101, "iter_max": 0.0026099879760295153, "gpu_id": 0, "window_s": 5.008434772491455}
[2026-08-21 22:43:27.565 GPU_Scheduler_0] Admitted 1 requests for model_4
[2026-08-21 22:43:27.577 GPU_Scheduler_0] Admitted 1 requests for model_4
[2026-08-21 22:43:27.598 GPU_Scheduler_0] Admitted 1 requests for model_4
[2026-08-21 22:43:27.609 GPU_Scheduler_0] Admitted 1 requests for model_4
[2026-08-21 22:43:27.804 GPU_Scheduler_0] Admitted 1 requests for model_4
[2026-08-21 22:43:27.880 GPU_Scheduler_0] Admitted 1 requests for model_2
[2026-08-21 22:43:27.891 GPU_Scheduler_0] Admitted 1 requests for model_5
[2026-08-21 22:43:27.913 GPU_Scheduler_0] Admitted 1 requests for model_4
[2026-08-21 22:43:27.989 GPU_Scheduler_0] Admitted 1 requests for model_4
[2026-08-21 22:43:28.011 GPU_Scheduler_0] Admitted 1 requests for model_5
[2026-08-21 22:43:28.129 GPU_Scheduler_0] Admitted 1 requests for model_5
[2026-08-21 22:43:28.237 GPU_Scheduler_0] Admitted 1 requests for model_5
[2026-08-21 22:43:28.328 GPU_Scheduler_1] [V5-LOOP] {"iters": 492, "t_mem": 0.012003962183371186, "t_redis": 0.0032408330589532852, "t_admit": 0.007056141505017877, "t_send": 0.0008235853165388107, "t_iter": 0.02312452206388116, "admitted": 0, "iter_max": 0.0002394109033048153, "gpu_id": 1, "window_s": 5.005168199539185}
[2026-08-21 22:43:28.345 GPU_Scheduler_0] Admitted 1 requests for model_4
[2026-08-21 22:43:28.367 GPU_Scheduler_0] Admitted 1 requests for model_1
[2026-08-21 22:43:28.367 GPU_Scheduler_0] Admitted 1 requests for model_5
[2026-08-21 22:43:28.400 GPU_Scheduler_0] Admitted 1 requests for model_1
[2026-08-21 22:43:28.400 GPU_Scheduler_0] Admitted 1 requests for model_2
[2026-08-21 22:43:28.433 GPU_Scheduler_0] Admitted 1 requests for model_5
[2026-08-21 22:43:28.584 GPU_Scheduler_0] Admitted 1 requests for model_2
[2026-08-21 22:43:28.595 GPU_Scheduler_0] Admitted 1 requests for model_2
[2026-08-21 22:43:28.800 GPU_Scheduler_0] Admitted 1 requests for model_1
[2026-08-21 22:43:28.961 GPU_Scheduler_0] Admitted 1 requests for model_2
[2026-08-21 22:43:29.026 GPU_Scheduler_0] Admitted 1 requests for model_5
[2026-08-21 22:43:29.080 GPU_Scheduler_0] Admitted 1 requests for model_2
[2026-08-21 22:43:29.123 GPU_Scheduler_0] Admitted 1 requests for model_1
[2026-08-21 22:43:29.145 GPU_Scheduler_0] Admitted 1 requests for model_1
[2026-08-21 22:43:29.168 GPU_Scheduler_0] Admitted 1 requests for model_4
[2026-08-21 22:43:29.352 GPU_Scheduler_0] Admitted 1 requests for model_1
[2026-08-21 22:43:29.352 GPU_Scheduler_0] Admitted 1 requests for model_5
[2026-08-21 22:43:29.451 GPU_Scheduler_0] Admitted 1 requests for model_2
[2026-08-21 22:43:29.473 GPU_Scheduler_0] Admitted 1 requests for model_4
[2026-08-21 22:43:29.473 GPU_Scheduler_0] Admitted 1 requests for model_5
[2026-08-21 22:43:29.517 GPU_Scheduler_0] Admitted 1 requests for model_4
[2026-08-21 22:43:29.561 GPU_Scheduler_0] Admitted 1 requests for model_5
[2026-08-21 22:43:29.605 GPU_Scheduler_0] Admitted 1 requests for model_4
[2026-08-21 22:43:29.736 GPU_Scheduler_0] Admitted 2 requests for model_4
[2026-08-21 22:43:29.747 GPU_Scheduler_0] Admitted 1 requests for model_2
[2026-08-21 22:43:29.824 GPU_Scheduler_0] Admitted 1 requests for model_4
[2026-08-21 22:43:29.846 GPU_Scheduler_0] Admitted 1 requests for model_5
[2026-08-21 22:43:29.857 GPU_Scheduler_0] Admitted 1 requests for model_5
[2026-08-21 22:43:29.912 GPU_Scheduler_0] Admitted 1 requests for model_5
[2026-08-21 22:43:29.989 GPU_Scheduler_0] Admitted 1 requests for model_1
[2026-08-21 22:43:30.032 GPU_Scheduler_0] Admitted 1 requests for model_1
[2026-08-21 22:43:30.032 GPU_Scheduler_0] Admitted 1 requests for model_4
[2026-08-21 22:43:30.101 GPU_Scheduler_0] Admitted 1 requests for model_5
[2026-08-21 22:43:30.221 GPU_Scheduler_0] Admitted 1 requests for model_4
[2026-08-21 22:43:30.357 GPU_Scheduler_0] Admitted 1 requests for model_2
[2026-08-21 22:43:30.421 GPU_Scheduler_0] Admitted 1 requests for model_5
[2026-08-21 22:43:30.506 GPU_Scheduler_1] Received activate request for model model_6
[2026-08-21 22:43:30.506 GPU_Scheduler_1] Received activate request for model_6, model_states: {'model_1': 'deactivated', 'model_2': 'deactivated', 'model_3': 'deactivated', 'model_4': 'deactivated', 'model_5': 'deactivated', 'model_6': 'activating'}
[2026-08-21 22:43:30.507 GPU_Scheduler_1] Assign worker 2 to model_6. Current model_to_worker: {'model_6': 2}
[2026-08-21 22:43:30.514 GPU_Scheduler_1] Admitted 23 requests for model_6
[2026-08-21 22:43:30.690 GPU_Scheduler_0] Admitted 1 requests for model_5
[2026-08-21 22:43:30.712 GPU_Scheduler_0] Admitted 1 requests for model_5
[2026-08-21 22:43:30.734 GPU_Scheduler_0] Admitted 1 requests for model_2
[2026-08-21 22:43:30.777 GPU_Scheduler_0] Admitted 1 requests for model_2
[2026-08-21 22:43:30.777 GPU_Scheduler_0] Admitted 1 requests for model_4
[2026-08-21 22:43:30.853 GPU_Scheduler_0] Admitted 1 requests for model_2
[2026-08-21 22:43:31.095 GPU_Scheduler_0] Admitted 1 requests for model_4
[2026-08-21 22:43:31.145 GPU_Scheduler_0] Admitted 1 requests for model_1
[2026-08-21 22:43:31.220 GPU_Scheduler_0] Admitted 1 requests for model_1
[2026-08-21 22:43:31.220 GPU_Scheduler_0] Admitted 1 requests for model_4
[2026-08-21 22:43:31.258 GPU_Scheduler_0] Admitted 1 requests for model_5
[2026-08-21 22:43:31.683 GPU_Scheduler_0] Admitted 1 requests for model_2
[2026-08-21 22:43:31.748 GPU_Scheduler_0] Admitted 1 requests for model_4
[2026-08-21 22:43:31.813 GPU_Scheduler_0] Admitted 1 requests for model_4
[2026-08-21 22:43:31.867 GPU_Scheduler_0] Admitted 1 requests for model_2
[2026-08-21 22:43:31.878 GPU_Scheduler_0] Admitted 1 requests for model_4
[2026-08-21 22:43:32.018 GPU_Scheduler_0] Admitted 1 requests for model_4
[2026-08-21 22:43:32.155 GPU_Scheduler_1] Model model_6 (instance 1) activation succeeded on GPU 1
[2026-08-21 22:43:32.157 GPU_Scheduler_1] Admitted 10 requests for model_6
[2026-08-21 22:43:32.159 GPU_Scheduler_0] Admitted 1 requests for model_4
[2026-08-21 22:43:32.170 GPU_Scheduler_1] Admitted 1 requests for model_6
[2026-08-21 22:43:32.355 GPU_Scheduler_0] Admitted 1 requests for model_2
[2026-08-21 22:43:32.441 GPU_Scheduler_0] Admitted 1 requests for model_4
[2026-08-21 22:43:32.565 GPU_Scheduler_0] [V5-LOOP] {"iters": 451, "t_mem": 0.006818778347223997, "t_redis": 0.42457897029817104, "t_admit": 0.005298053612932563, "t_send": 0.024843752617016435, "t_iter": 0.46153955487534404, "admitted": 69, "iter_max": 0.0038524859119206667, "gpu_id": 0, "window_s": 5.009807109832764}
[2026-08-21 22:43:32.714 GPU_Scheduler_0] Admitted 1 requests for model_4
[2026-08-21 22:43:32.714 GPU_Scheduler_0] Admitted 1 requests for model_5
[2026-08-21 22:43:32.758 GPU_Scheduler_0] Admitted 1 requests for model_4
[2026-08-21 22:43:32.780 GPU_Scheduler_0] Admitted 1 requests for model_4
[2026-08-21 22:43:32.801 GPU_Scheduler_0] Admitted 1 requests for model_2
[2026-08-21 22:43:32.845 GPU_Scheduler_0] Admitted 1 requests for model_4
[2026-08-21 22:43:32.920 GPU_Scheduler_0] Admitted 1 requests for model_1
[2026-08-21 22:43:33.196 GPU_Scheduler_0] Admitted 1 requests for model_4
[2026-08-21 22:43:33.221 GPU_Scheduler_0] Admitted 1 requests for model_2
[2026-08-21 22:43:33.234 GPU_Scheduler_0] Admitted 1 requests for model_4
[2026-08-21 22:43:33.260 GPU_Scheduler_0] Admitted 1 requests for model_4
[2026-08-21 22:43:33.273 GPU_Scheduler_0] Admitted 1 requests for model_2
[2026-08-21 22:43:33.332 GPU_Scheduler_1] [V5-LOOP] {"iters": 484, "t_mem": 0.009346167091280222, "t_redis": 0.08714922703802586, "t_admit": 0.007039303192868829, "t_send": 0.010085833258926868, "t_iter": 0.11362053058110178, "admitted": 34, "iter_max": 0.007019768003374338, "gpu_id": 1, "window_s": 5.0028300285339355}
[2026-08-21 22:43:33.404 GPU_Scheduler_1] Admitted 10 requests for model_6
[2026-08-21 22:43:33.433 GPU_Scheduler_0] Admitted 1 requests for model_4
[2026-08-21 22:43:33.470 GPU_Scheduler_1] Admitted 1 requests for model_6
[2026-08-21 22:43:33.544 GPU_Scheduler_0] Admitted 1 requests for model_4
[2026-08-21 22:43:33.556 GPU_Scheduler_0] Admitted 1 requests for model_5
[2026-08-21 22:43:33.646 GPU_Scheduler_0] Admitted 1 requests for model_4
[2026-08-21 22:43:33.658 GPU_Scheduler_1] Admitted 2 requests for model_6
[2026-08-21 22:43:33.702 GPU_Scheduler_0] Admitted 1 requests for model_4
[2026-08-21 22:43:33.724 GPU_Scheduler_0] Admitted 1 requests for model_4
[2026-08-21 22:43:33.773 GPU_Scheduler_1] Admitted 1 requests for model_6
[2026-08-21 22:43:33.836 GPU_Scheduler_1] Admitted 1 requests for model_6
[2026-08-21 22:43:33.847 GPU_Scheduler_0] Admitted 1 requests for model_2
[2026-08-21 22:43:33.847 GPU_Scheduler_1] Admitted 1 requests for model_6
[2026-08-21 22:43:33.903 GPU_Scheduler_0] Admitted 1 requests for model_1
[2026-08-21 22:43:34.004 GPU_Scheduler_0] Admitted 1 requests for model_5
[2026-08-21 22:43:34.035 GPU_Scheduler_1] Admitted 1 requests for model_6
[2026-08-21 22:43:34.082 GPU_Scheduler_0] Admitted 1 requests for model_4
[2026-08-21 22:43:34.087 GPU_Scheduler_1] Admitted 2 requests for model_6
[2026-08-21 22:43:34.149 GPU_Scheduler_0] Admitted 1 requests for model_2
[2026-08-21 22:43:34.171 GPU_Scheduler_1] Admitted 2 requests for model_6
[2026-08-21 22:43:34.217 GPU_Scheduler_0] Admitted 1 requests for model_4
[2026-08-21 22:43:34.317 GPU_Scheduler_0] Admitted 1 requests for model_2
[2026-08-21 22:43:34.318 GPU_Scheduler_1] Admitted 1 requests for model_6
[2026-08-21 22:43:34.451 GPU_Scheduler_0] Admitted 1 requests for model_4
[2026-08-21 22:43:34.496 GPU_Scheduler_0] Admitted 1 requests for model_4
[2026-08-21 22:43:34.519 GPU_Scheduler_0] Admitted 1 requests for model_2
[2026-08-21 22:43:34.531 GPU_Scheduler_0] Admitted 1 requests for model_2
[2026-08-21 22:43:34.577 GPU_Scheduler_0] Admitted 1 requests for model_4
[2026-08-21 22:43:34.614 GPU_Scheduler_0] Admitted 1 requests for model_2
[2026-08-21 22:43:34.636 GPU_Scheduler_0] Admitted 1 requests for model_2
[2026-08-21 22:43:34.659 GPU_Scheduler_0] Admitted 1 requests for model_2
[2026-08-21 22:43:34.805 GPU_Scheduler_0] Admitted 1 requests for model_5
[2026-08-21 22:43:34.828 GPU_Scheduler_0] Admitted 1 requests for model_2
[2026-08-21 22:43:34.873 GPU_Scheduler_0] Admitted 1 requests for model_2
[2026-08-21 22:43:34.885 GPU_Scheduler_0] Admitted 1 requests for model_1
[2026-08-21 22:43:34.885 GPU_Scheduler_0] Admitted 1 requests for model_4
[2026-08-21 22:43:34.967 GPU_Scheduler_0] Admitted 1 requests for model_5
[2026-08-21 22:43:34.974 GPU_Scheduler_1] Admitted 4 requests for model_6
[2026-08-21 22:43:35.007 GPU_Scheduler_1] Admitted 1 requests for model_6
[2026-08-21 22:43:35.038 GPU_Scheduler_0] Admitted 1 requests for model_4
[2026-08-21 22:43:35.084 GPU_Scheduler_0] Admitted 1 requests for model_1
[2026-08-21 22:43:35.096 GPU_Scheduler_0] Admitted 1 requests for model_4
[2026-08-21 22:43:35.152 GPU_Scheduler_0] Admitted 1 requests for model_4
[2026-08-21 22:43:35.197 GPU_Scheduler_0] Admitted 1 requests for model_4
[2026-08-21 22:43:35.264 GPU_Scheduler_0] Admitted 1 requests for model_1
[2026-08-21 22:43:35.298 GPU_Scheduler_0] Admitted 1 requests for model_5
[2026-08-21 22:43:35.382 GPU_Scheduler_1] Admitted 1 requests for model_6
[2026-08-21 22:43:35.508 GPU_Scheduler_1] Admitted 1 requests for model_6
[2026-08-21 22:43:35.509 GPU_Scheduler_0] Admitted 1 requests for model_2
[2026-08-21 22:43:35.540 GPU_Scheduler_1] Admitted 1 requests for model_6
[2026-08-21 22:43:35.543 GPU_Scheduler_0] Admitted 1 requests for model_2
[2026-08-21 22:43:35.611 GPU_Scheduler_0] Admitted 1 requests for model_4
[2026-08-21 22:43:35.689 GPU_Scheduler_0] Admitted 1 requests for model_4
[2026-08-21 22:43:35.723 GPU_Scheduler_0] Admitted 2 requests for model_4
[2026-08-21 22:43:35.875 GPU_Scheduler_1] Admitted 1 requests for model_6
[2026-08-21 22:43:35.900 GPU_Scheduler_0] Admitted 1 requests for model_1
[2026-08-21 22:43:35.948 GPU_Scheduler_1] Admitted 1 requests for model_6
[2026-08-21 22:43:36.068 GPU_Scheduler_0] Admitted 1 requests for model_4
[2026-08-21 22:43:36.073 GPU_Scheduler_1] Admitted 1 requests for model_6
[2026-08-21 22:43:36.190 GPU_Scheduler_0] Admitted 1 requests for model_4
[2026-08-21 22:43:36.281 GPU_Scheduler_0] Admitted 1 requests for model_4
[2026-08-21 22:43:36.282 GPU_Scheduler_1] Admitted 1 requests for model_6
[2026-08-21 22:43:36.293 GPU_Scheduler_0] Admitted 1 requests for model_2
[2026-08-21 22:43:36.361 GPU_Scheduler_0] Admitted 1 requests for model_4
[2026-08-21 22:43:36.501 GPU_Scheduler_1] Admitted 1 requests for model_6
[2026-08-21 22:43:36.561 GPU_Scheduler_0] Admitted 1 requests for model_4
[2026-08-21 22:43:36.561 GPU_Scheduler_0] Admitted 1 requests for model_5
[2026-08-21 22:43:36.575 GPU_Scheduler_1] Admitted 1 requests for model_6
[2026-08-21 22:43:36.618 GPU_Scheduler_0] Admitted 1 requests for model_4
[2026-08-21 22:43:36.641 GPU_Scheduler_0] Admitted 1 requests for model_4
[2026-08-21 22:43:36.940 GPU_Scheduler_0] Admitted 1 requests for model_5
[2026-08-21 22:43:37.574 GPU_Scheduler_0] [V5-LOOP] {"iters": 443, "t_mem": 0.007859444478526711, "t_redis": 0.4958730631042272, "t_admit": 0.006807516561821103, "t_send": 0.03037548018619418, "t_iter": 0.5409155043307692, "admitted": 63, "iter_max": 0.003229732159525156, "gpu_id": 0, "window_s": 5.00935959815979}
[2026-08-21 22:43:38.338 GPU_Scheduler_1] [V5-LOOP] {"iters": 479, "t_mem": 0.00733924238011241, "t_redis": 0.1431103905197233, "t_admit": 0.005113886669278145, "t_send": 0.014744233340024948, "t_iter": 0.1703077529091388, "admitted": 36, "iter_max": 0.0031288720201700926, "gpu_id": 1, "window_s": 5.00576376914978}
[2026-08-21 22:43:42.584 GPU_Scheduler_0] [V5-LOOP] {"iters": 456, "t_mem": 0.006467463914304972, "t_redis": 0.4011935596354306, "t_admit": 0.002849322510883212, "t_send": 0.00034681428223848343, "t_iter": 0.41085716034285724, "admitted": 0, "iter_max": 0.0022455749567598104, "gpu_id": 0, "window_s": 5.009420394897461}
[2026-08-21 22:43:43.339 GPU_Scheduler_1] [V5-LOOP] {"iters": 484, "t_mem": 0.006375668337568641, "t_redis": 0.10869511193595827, "t_admit": 0.002875796053558588, "t_send": 0.00041993497870862484, "t_iter": 0.11836651130579412, "admitted": 0, "iter_max": 0.0005556431133300066, "gpu_id": 1, "window_s": 5.000884771347046}
[2026-08-21 22:43:47.596 GPU_Scheduler_0] [V5-LOOP] {"iters": 446, "t_mem": 0.007490110117942095, "t_redis": 0.5009446362964809, "t_admit": 0.0035087333526462317, "t_send": 0.00039239274337887764, "t_iter": 0.5123358725104481, "admitted": 0, "iter_max": 0.005357605870813131, "gpu_id": 0, "window_s": 5.0114076137542725}
[2026-08-21 22:43:48.343 GPU_Scheduler_1] [V5-LOOP] {"iters": 480, "t_mem": 0.0076932276133447886, "t_redis": 0.1485265837982297, "t_admit": 0.0036363210529088974, "t_send": 0.0005347216501832008, "t_iter": 0.16039085411466658, "admitted": 0, "iter_max": 0.0026908779982477427, "gpu_id": 1, "window_s": 5.0034966468811035}
[2026-08-21 22:43:52.599 GPU_Scheduler_0] [V5-LOOP] {"iters": 441, "t_mem": 0.008233460830524564, "t_redis": 0.5399580490775406, "t_admit": 0.0037357178516685963, "t_send": 0.0004063509404659271, "t_iter": 0.5523335787001997, "admitted": 0, "iter_max": 0.0026931078173220158, "gpu_id": 0, "window_s": 5.002507448196411}
[2026-08-21 22:43:53.346 GPU_Scheduler_1] [V5-LOOP] {"iters": 480, "t_mem": 0.008061474654823542, "t_redis": 0.14886563178151846, "t_admit": 0.0036263412330299616, "t_send": 0.0005282138008624315, "t_iter": 0.1610816614702344, "admitted": 0, "iter_max": 0.0007388258818536997, "gpu_id": 1, "window_s": 5.003319025039673}
[2026-08-21 22:43:57.603 GPU_Scheduler_0] [V5-LOOP] {"iters": 450, "t_mem": 0.006736221490427852, "t_redis": 0.4548605049494654, "t_admit": 0.0032434044405817986, "t_send": 0.00034293229691684246, "t_iter": 0.4651830631773919, "admitted": 0, "iter_max": 0.0014253589324653149, "gpu_id": 0, "window_s": 5.00341796875}
[2026-08-21 22:43:58.352 GPU_Scheduler_1] [V5-LOOP] {"iters": 486, "t_mem": 0.0058914595283567905, "t_redis": 0.09517972311004996, "t_admit": 0.0025701799895614386, "t_send": 0.00036595878191292286, "t_iter": 0.10400732140988111, "admitted": 0, "iter_max": 0.00036223279312253, "gpu_id": 1, "window_s": 5.005121231079102}
[2026-08-21 22:44:02.605 GPU_Scheduler_0] [V5-LOOP] {"iters": 452, "t_mem": 0.006647651549428701, "t_redis": 0.4320530043914914, "t_admit": 0.0031656487844884396, "t_send": 0.0003540965262800455, "t_iter": 0.4422204012516886, "admitted": 0, "iter_max": 0.0026840679347515106, "gpu_id": 0, "window_s": 5.001000165939331}
[2026-08-21 22:44:03.358 GPU_Scheduler_1] [V5-LOOP] {"iters": 486, "t_mem": 0.00622421083971858, "t_redis": 0.09402837255038321, "t_admit": 0.0027268179692327976, "t_send": 0.00038558756932616234, "t_iter": 0.10336498892866075, "admitted": 0, "iter_max": 0.000358011806383729, "gpu_id": 1, "window_s": 5.006255388259888}
[2026-08-21 22:44:07.617 GPU_Scheduler_0] [V5-LOOP] {"iters": 440, "t_mem": 0.008438198594376445, "t_redis": 0.5573701304383576, "t_admit": 0.00360044464468956, "t_send": 0.00044336868450045586, "t_iter": 0.569852142361924, "admitted": 0, "iter_max": 0.034224105067551136, "gpu_id": 0, "window_s": 5.01091742515564}
[2026-08-21 22:44:08.365 GPU_Scheduler_1] [V5-LOOP] {"iters": 482, "t_mem": 0.006242841482162476, "t_redis": 0.13525472581386566, "t_admit": 0.00273810513317585, "t_send": 0.000394272617995739, "t_iter": 0.14462994504719973, "admitted": 0, "iter_max": 0.03347512008622289, "gpu_id": 1, "window_s": 5.006656885147095}
[2026-08-21 22:44:12.622 GPU_Scheduler_0] [V5-LOOP] {"iters": 456, "t_mem": 0.006953307194635272, "t_redis": 0.3952244743704796, "t_admit": 0.0029621822759509087, "t_send": 0.0003669911529868841, "t_iter": 0.40550695499405265, "admitted": 0, "iter_max": 0.0028873400297015905, "gpu_id": 0, "window_s": 5.004745244979858}
[2026-08-21 22:44:13.374 GPU_Scheduler_1] [V5-LOOP] {"iters": 487, "t_mem": 0.005965834250673652, "t_redis": 0.09003092464990914, "t_admit": 0.002594179939478636, "t_send": 0.0003745297435671091, "t_iter": 0.09896546858362854, "admitted": 0, "iter_max": 0.0003131518606096506, "gpu_id": 1, "window_s": 5.008903503417969}
[2026-08-21 22:44:17.631 GPU_Scheduler_0] [V5-LOOP] {"iters": 449, "t_mem": 0.007390440674498677, "t_redis": 0.468573191203177, "t_admit": 0.003356998786330223, "t_send": 0.00039713107980787754, "t_iter": 0.47971776174381375, "admitted": 0, "iter_max": 0.021604439010843635, "gpu_id": 0, "window_s": 5.008105278015137}
[2026-08-21 22:44:18.385 GPU_Scheduler_1] [V5-LOOP] {"iters": 487, "t_mem": 0.006165001541376114, "t_redis": 0.0881114024668932, "t_admit": 0.002720991615206003, "t_send": 0.00038109393790364265, "t_iter": 0.09737848956137896, "admitted": 0, "iter_max": 0.00039996206760406494, "gpu_id": 1, "window_s": 5.010152101516724}
[2026-08-21 22:44:22.637 GPU_Scheduler_0] [V5-LOOP] {"iters": 441, "t_mem": 0.008252716856077313, "t_redis": 0.5443282891064882, "t_admit": 0.0038814900908619165, "t_send": 0.00042246771045029163, "t_iter": 0.5568849637638777, "admitted": 0, "iter_max": 0.005432737059891224, "gpu_id": 0, "window_s": 5.005640506744385}
[2026-08-21 22:44:23.390 GPU_Scheduler_1] [V5-LOOP] {"iters": 476, "t_mem": 0.009053203277289867, "t_redis": 0.1858334040734917, "t_admit": 0.004224494099617004, "t_send": 0.0006216848269104958, "t_iter": 0.19973278627730906, "admitted": 0, "iter_max": 0.0007684559095650911, "gpu_id": 1, "window_s": 5.004834413528442}
